Timestamp,Theta_rad,Gamma_rad,Phi_rad,Dgamma_radps,Dphi_radps,Gamma_deg,Phi_deg
1777330421.621326,0.1018158346414566,6.277383327484131,-1.1923723220825195,-0.002182954689487815,-0.002182954689487815,359.66769965486526,-68.31792609157563
1777330421.622677,0.1018158346414566,6.277383327484131,-1.1923723220825195,-0.00011209397780476138,-0.00011209397780476138,359.66769965486526,-68.31792609157563
1777330421.622803,0.1018158346414566,6.277383327484131,-1.1923723220825195,0.0010901842033490539,0.0010901842033490539,359.66769965486526,-68.31792609157563
1777330421.622848,0.1018158346414566,6.277383327484131,-1.1923723220825195,-0.00131437205709517,-0.00131437205709517,359.66769965486526,-68.31792609157563
1777330421.62289,0.1018158346414566,6.277383327484131,-1.1923723220825195,0.002403909806162119,0.002403909806162119,359.66769965486526,-68.31792609157563
1777330421.634837,0.1018158346414566,6.277383327484131,-1.1923723220825195,0.0012035714462399483,0.0012035714462399483,359.66769965486526,-68.31792609157563
1777330421.717031,0.1018158346414566,6.277383327484131,-1.1923723220825195,-0.0021816615480929613,-0.0021816615480929613,359.66769965486526,-68.31792609157563
1777330421.7171042,0.1018158346414566,6.277383327484131,-1.1923723220825195,-0.0008672894909977913,-0.0008672894909977913,359.66769965486526,-68.31792609157563
1777330421.71715,0.1018158346414566,6.277383327484131,-1.1923723220825195,-0.0005329474806785583,-0.0005329474806785583,359.66769965486526,-68.31792609157563
1777330421.717193,0.1018158346414566,6.277383327484131,-1.1923723220825195,-0.002070860704407096,-0.002070860704407096,359.66769965486526,-68.31792609157563
1777330421.7178938,0.1018158346414566,6.277383327484131,-1.1923723220825195,0.0008692293195053935,0.0008692293195053935,359.66769965486526,-68.31792609157563
1777330421.717946,0.1018158346414566,6.277383327484131,-1.1923723220825195,0.001202278072014451,0.001202278072014451,359.66769965486526,-68.31792609157563
1777330421.717988,0.1018158346414566,6.277383327484131,-1.1923723220825195,0.0025160035584121943,0.0025160035584121943,359.66769965486526,-68.31792609157563
1777330421.718029,0.1018158346414566,6.277383327484131,-1.1923723220825195,0.0010914773447439075,0.0010914773447439075,359.66769965486526,-68.31792609157563
1777330421.718069,0.1018158346414566,6.277383327484131,-1.1923723220825195,0.0015372667694464326,0.0015372667694464326,359.66769965486526,-68.31792609157563
1777330421.774276,0.1018158346414566,6.277383327484131,-1.1923723220825195,0.0010914773447439075,0.0010914773447439075,359.66769965486526,-68.31792609157563
1777330421.774373,0.1018158346414566,6.277383327484131,-1.1923723220825195,0.00022354134125635028,0.00022354134125635028,359.66769965486526,-68.31792609157563
1777330421.77442,0.1018158346414566,6.277383327484131,-1.1923723220825195,-0.0,-0.0,359.66769965486526,-68.31792609157563
1777330421.774461,0.1018158346414566,6.277383327484131,-1.1923723220825195,0.00033434206852689385,0.00033434206852689385,359.66769965486526,-68.31792609157563
1777330421.7745018,0.1018158346414566,6.277383327484131,-1.1923723220825195,-0.0019594132900238037,-0.0019594132900238037,359.66769965486526,-68.31792609157563
1777330421.775182,0.1018158346414566,6.277383327484131,-1.1923723220825195,-0.0016250713961198926,-0.0016250713961198926,359.66769965486526,-68.31792609157563
1777330421.8301451,0.1018158346414566,6.277383327484131,-1.1923723220825195,-0.0006463346071541309,-0.0006463346071541309,359.66769965486526,-68.31792609157563
1777330421.830229,0.1018158346414566,6.277383327484131,-1.1923723220825195,-0.000978090101853013,-0.000978090101853013,359.66769965486526,-68.31792609157563
1777330421.830275,0.1018158346414566,6.277383327484131,-1.1923723220825195,-0.0010901842033490539,-0.0010901842033490539,359.66769965486526,-68.31792609157563
1777330421.830318,0.1018158346414566,6.277383327484131,-1.1923723220825195,-0.0009806766174733639,-0.0009806766174733639,359.66769965486526,-68.31792609157563
1777330421.830991,0.1018158346414566,6.277383327484131,-1.1923723220825195,0.00131437205709517,0.00131437205709517,359.66769965486526,-68.31792609157563
1777330421.887897,0.1018158346414566,6.277383327484131,-1.1923723220825195,0.0005565900937654078,0.0005565900937654078,359.66769965486526,-68.31792609157563
1777330421.8879821,0.1018158346414566,6.277383327484131,-1.1923723220825195,-0.0009813231881707907,-0.0009813231881707907,359.66769965486526,-68.31792609157563
1777330421.88803,0.1018158346414566,6.277383327484131,-1.1923723220825195,-0.0,-0.0,359.66769965486526,-68.31792609157563
1777330421.8880708,0.1018158346414566,6.277383327484131,-1.1923723220825195,-0.0014245263300836086,-0.0014245263300836086,359.66769965486526,-68.31792609157563
1777330421.888735,0.1018158346414566,6.277383327484131,-1.1923723220825195,0.0018479661084711552,0.0018479661084711552,359.66769965486526,-68.31792609157563
1777330421.8887858,0.1018158346414566,6.277383327484131,-1.1923723220825195,-0.00011209397780476138,-0.00011209397780476138,359.66769965486526,-68.31792609157563
1777330421.942519,0.1018158346414566,6.277383327484131,-1.1923723220825195,0.0007571352762170136,0.0007571352762170136,359.66769965486526,-68.31792609157563
1777330421.9426079,0.1018158346414566,6.277383327484131,-1.1923723220825195,-0.0024058492854237556,-0.0024058492854237556,359.66769965486526,-68.31792609157563
1777330421.942655,0.1018158346414566,6.277383327484131,-1.1923723220825195,0.0010901842033490539,0.0010901842033490539,359.66769965486526,-68.31792609157563
1777330421.943344,0.1018158346414566,6.277383327484131,-1.1923723220825195,-0.00011274059943389148,-0.00011274059943389148,359.66769965486526,-68.31792609157563
1777330421.943396,0.1018158346414566,6.277383327484131,-1.1923723220825195,0.0014251729007810354,0.0014251729007810354,359.66769965486526,-68.31792609157563
1777330421.943437,0.1018158346414566,6.277383327484131,-1.1923723220825195,0.00022224808344617486,0.00022224808344617486,359.66769965486526,-68.31792609157563
1777330421.997081,0.1018158346414566,6.277383327484131,-1.1923723220825195,0.00011080073454650119,0.00011080073454650119,359.66769965486526,-68.31792609157563
1777330421.997186,0.1018158346414566,6.277383327484131,-1.1923723220825195,-0.0009793834760785103,-0.0009793834760785103,359.66769965486526,-68.31792609157563
1777330421.997841,0.1018158346414566,6.277383327484131,-1.1923723220825195,-0.0022924623917788267,-0.0022924623917788267,359.66769965486526,-68.31792609157563
1777330422.057547,0.1018158346414566,6.277383327484131,-1.1923723220825195,-0.0008672894909977913,-0.0008672894909977913,359.66769965486526,-68.31792609157563
1777330422.057646,0.1018158346414566,6.277383327484131,-1.1923723220825195,-0.00022289471235126257,-0.00022289471235126257,359.66769965486526,-68.31792609157563
1777330422.0576918,0.1018158346414566,6.277383327484131,-1.1923723220825195,0.000978090101853013,0.000978090101853013,359.66769965486526,-68.31792609157563
1777330422.057735,0.1018158346414566,6.277383327484131,-1.1923723220825195,0.00011144735617563128,0.00011144735617563128,359.66769965486526,-68.31792609157563
1777330422.058431,0.1018158346414566,6.277383327484131,-1.1923723220825195,-0.0008698758902028203,-0.0008698758902028203,359.66769965486526,-68.31792609157563
1777330422.058549,0.1018158346414566,6.277383327484131,-1.1923723220825195,-0.0008672894909977913,-0.0008672894909977913,359.66769965486526,-68.31792609157563
1777330422.1141,0.1018158346414566,6.277383327484131,-1.1923723220825195,0.0033852329943329096,0.0033852329943329096,359.66769965486526,-68.31792609157563
1777330422.114183,0.1018158346414566,6.277383327484131,-1.1923723220825195,0.002182954689487815,0.002182954689487815,359.66769965486526,-68.31792609157563
1777330422.114227,0.1018158346414566,6.277383327484131,-1.1923723220825195,0.0009793834760785103,0.0009793834760785103,359.66769965486526,-68.31792609157563
1777330422.1148832,0.1018158346414566,6.277383327484131,-1.1923723220825195,-0.00075584213482216,-0.00075584213482216,359.66769965486526,-68.31792609157563
1777330422.114935,0.1018158346414566,6.277383327484131,-1.1923723220825195,-0.0012035714462399483,-0.0012035714462399483,359.66769965486526,-68.31792609157563
1777330422.115881,0.1018158346414566,6.277383327484131,-1.1923723220825195,-0.0020715072751045227,-0.0020715072751045227,359.66769965486526,-68.31792609157563
1777330422.169091,0.1018158346414566,6.277383327484131,-1.1923723220825195,-0.00011144735617563128,-0.00011144735617563128,359.66769965486526,-68.31792609157563
1777330422.16918,0.1018158346414566,6.277383327484131,-1.1923723220825195,0.0019587669521570206,0.0019587669521570206,359.66769965486526,-68.31792609157563
1777330422.169853,0.1018158346414566,6.277383327484131,-1.1923723220825195,0.0005329474806785583,0.0005329474806785583,359.66769965486526,-68.31792609157563
1777330422.169906,0.1018158346414566,6.277383327484131,-1.1923723220825195,-0.00033434206852689385,-0.00033434206852689385,359.66769965486526,-68.31792609157563
1777330422.1699488,0.1018158346414566,6.277383327484131,-1.1923723220825195,-0.0008672894909977913,-0.0008672894909977913,359.66769965486526,-68.31792609157563
1777330422.223616,0.1018158346414566,6.277383327484131,-1.1923723220825195,0.0001101541129173711,0.0001101541129173711,359.66769965486526,-68.31792609157563
1777330422.223695,0.1018158346414566,6.277383327484131,-1.1923723220825195,0.00044578942470252514,0.00044578942470252514,359.66769965486526,-68.31792609157563
1777330422.224303,0.1018158346414566,6.277383327484131,-1.1923723220825195,-0.0007571352762170136,-0.0007571352762170136,359.66769965486526,-68.31792609157563
1777330422.224353,0.1018158346414566,6.277383327484131,-1.1923723220825195,0.000758428534027189,0.000758428534027189,359.66769965486526,-68.31792609157563
1777330422.224395,0.1018158346414566,6.277383327484131,-1.1923723220825195,0.00022354134125635028,0.00022354134125635028,359.66769965486526,-68.31792609157563
1777330422.224436,0.1018158346414566,6.277383327484131,-1.1923723220825195,-0.00022224808344617486,-0.00022224808344617486,359.66769965486526,-68.31792609157563
1777330422.2780201,0.1018158346414566,6.277383327484131,-1.1923723220825195,0.0008672894909977913,0.0008672894909977913,359.66769965486526,-68.31792609157563
1777330422.278742,0.1018158346414566,6.277383327484131,-1.1923723220825195,-0.0005565900937654078,-0.0005565900937654078,359.66769965486526,-68.31792609157563
1777330422.278871,0.1018158346414566,6.277383327484131,-1.1923723220825195,-0.0005578833515755832,-0.0005578833515755832,359.66769965486526,-68.31792609157563
1777330422.278921,0.1018158346414566,6.277383327484131,-1.1923723220825195,-0.0006680375081487,-0.0006680375081487,359.66769965486526,-68.31792609157563
1777330422.278964,0.1018158346414566,6.277383327484131,-1.1923723220825195,0.002070860704407096,0.002070860704407096,359.66769965486526,-68.31792609157563
1777330422.2790048,0.1018158346414566,6.277383327484131,-1.1923723220825195,0.0020689209923148155,0.0020689209923148155,359.66769965486526,-68.31792609157563
1777330422.3339362,0.1018158346414566,6.277383327484131,-1.1923723220825195,-6.46622538624797e-07,-6.46622538624797e-07,359.66769965486526,-68.31792609157563
1777330422.334021,0.1018158346414566,6.277383327484131,-1.1923723220825195,-0.0003356353263370693,-0.0003356353263370693,359.66769965486526,-68.31792609157563
1777330422.334066,0.1018158346414566,6.277383327484131,-1.1923723220825195,-0.00011209397780476138,-0.00011209397780476138,359.66769965486526,-68.31792609157563
1777330422.3341079,0.1018158346414566,6.277383327484131,-1.1923723220825195,0.001535973628051579,0.001535973628051579,359.66769965486526,-68.31792609157563
1777330422.3341491,0.1018158346414566,6.277383327484131,-1.1923723220825195,0.000109507491288241,0.000109507491288241,359.66769965486526,-68.31792609157563
1777330422.334816,0.1018158346414566,6.277383327484131,-1.1923723220825195,-0.0024032630026340485,-0.0024032630026340485,359.66769965486526,-68.31792609157563
1777330422.3895192,0.1018158346414566,6.277383327484131,-1.1923723220825195,0.00033369543962180614,0.00033369543962180614,359.66769965486526,-68.31792609157563
1777330422.389641,0.1018158346414566,6.277383327484131,-1.1923723220825195,0.0014258194714784622,0.0014258194714784622,359.66769965486526,-68.31792609157563
1777330422.389688,0.1018158346414566,6.277383327484131,-1.1923723220825195,0.0027376050129532814,0.0027376050129532814,359.66769965486526,-68.31792609157563
1777330422.424934,0.1018158346414566,6.277383327484131,-1.1923723220825195,0.001204218016937375,0.001204218016937375,359.66769965486526,-68.31792609157563
1777330422.425931,0.1018158346414566,6.277383327484131,-1.1923723220825195,-0.0008659962331876159,-0.0008659962331876159,359.66769965486526,-68.31792609157563
1777330422.425986,0.1018158346414566,6.277383327484131,-1.1923723220825195,0.0012016315013170242,0.0012016315013170242,359.66769965486526,-68.31792609157563
1777330422.426029,0.1018158346414566,6.277383327484131,-1.1923723220825195,-0.00011209397780476138,-0.00011209397780476138,359.66769965486526,-68.31792609157563
1777330422.426071,0.1018158346414566,6.277383327484131,-1.1923723220825195,-0.0010934172896668315,-0.0010934172896668315,359.66769965486526,-68.31792609157563
1777330422.426111,0.1018158346414566,6.277383327484131,-1.1923723220825195,0.00033434206852689385,0.00033434206852689385,359.66769965486526,-68.31792609157563
1777330422.481663,0.1018158346414566,6.277383327484131,-1.1923723220825195,0.0004477292823139578,0.0004477292823139578,359.66769965486526,-68.31792609157563
1777330422.481762,0.1018158346414566,6.277383327484131,-1.1923723220825195,-0.0029387969989329576,-0.0029387969989329576,359.66769965486526,-68.31792609157563
1777330422.481808,0.1018158346414566,6.277383327484131,-1.1923723220825195,0.0010914773447439075,0.0010914773447439075,359.66769965486526,-68.31792609157563
1777330422.4818509,0.1018158346414566,6.277383327484131,-1.1923723220825195,0.00022354134125635028,0.00022354134125635028,359.66769965486526,-68.31792609157563
1777330422.481893,0.1018158346414566,6.277383327484131,-1.1923723220825195,-0.0017352255526930094,-0.0017352255526930094,359.66769965486526,-68.31792609157563
1777330422.482578,0.1018158346414566,6.277383327484131,-1.1923723220825195,0.0013130789157003164,0.0013130789157003164,359.66769965486526,-68.31792609157563
1777330422.538312,0.1018158346414566,6.277383327484131,-1.1923723220825195,0.0005578833515755832,0.0005578833515755832,359.66769965486526,-68.31792609157563
1777330422.538388,0.1018158346414566,6.277383327484131,-1.1923723220825195,-0.000978090101853013,-0.000978090101853013,359.66769965486526,-68.31792609157563
1777330422.538431,0.1018158346414566,6.277383327484131,-1.1923723220825195,-0.001092124031856656,-0.001092124031856656,359.66769965486526,-68.31792609157563
1777330422.56971,0.1018158346414566,6.277383327484131,-1.1923723220825195,-0.0013150187442079186,-0.0013150187442079186,359.66769965486526,-68.31792609157563
1777330422.570428,0.1018158346414566,6.277383327484131,-1.1923723220825195,-0.0021816615480929613,-0.0021816615480929613,359.66769965486526,-68.31792609157563
1777330422.570681,0.1018158346414566,6.277383327484131,-1.1923723220825195,-0.0008692293195053935,-0.0008692293195053935,359.66769965486526,-68.31792609157563
1777330422.570734,0.1018158346414566,6.277383327484131,-1.1923723220825195,0.0014245263300836086,0.0014245263300836086,359.66769965486526,-68.31792609157563
1777330422.5707781,0.1018158346414566,6.277383327484131,-1.1923723220825195,0.004028334282338619,0.004028334282338619,359.66769965486526,-68.31792609157563
1777330422.624321,0.1018158346414566,6.277383327484131,-1.1923723220825195,-0.00131437205709517,-0.00131437205709517,359.66769965486526,-68.31792609157563
1777330422.624982,0.1018158346414566,6.277383327484131,-1.1923723220825195,-0.0009787369053810835,-0.0009787369053810835,359.66769965486526,-68.31792609157563
1777330422.625035,0.1018158346414566,6.277383327484131,-1.1923723220825195,-0.0031616915948688984,-0.0031616915948688984,359.66769965486526,-68.31792609157563
1777330422.625076,0.1018158346414566,6.277383327484131,-1.1923723220825195,-0.00022289471235126257,-0.00022289471235126257,359.66769965486526,-68.31792609157563
1777330422.679446,0.1018158346414566,6.277383327484131,-1.1923723220825195,-0.0010914773447439075,-0.0010914773447439075,359.66769965486526,-68.31792609157563
1777330422.679584,0.1018158346414566,6.277383327484131,-1.1923723220825195,-0.0010908307740464807,-0.0010908307740464807,359.66769965486526,-68.31792609157563
1777330422.6803389,0.1018158346414566,6.277383327484131,-1.1923723220825195,0.000980030046775937,0.000980030046775937,359.66769965486526,-68.31792609157563
1777330422.680392,0.1018158346414566,6.277383327484131,-1.1923723220825195,0.0022931089624762535,0.0022931089624762535,359.66769965486526,-68.31792609157563
1777330422.680434,0.1018158346414566,6.277383327484131,-1.1923723220825195,-0.00011080073454650119,-0.00011080073454650119,359.66769965486526,-68.31792609157563
1777330422.680475,0.1018158346414566,6.277383327484131,-1.1923723220825195,-6.46622538624797e-07,-6.46622538624797e-07,359.66769965486526,-68.31792609157563
1777330422.7340622,0.1018158346414566,6.277383327484131,-1.1923723220825195,1.293245077249594e-06,1.293245077249594e-06,359.66769965486526,-68.31792609157563
1777330422.734781,0.1018158346414566,6.277383327484131,-1.1923723220825195,-0.0017371652647852898,-0.0017371652647852898,359.66769965486526,-68.31792609157563
1777330422.7348359,0.1018158346414566,6.277383327484131,-1.1923723220825195,0.00022224808344617486,0.00022224808344617486,359.66769965486526,-68.31792609157563
1777330422.73488,0.1018158346414566,6.277383327484131,-1.1923723220825195,-0.0020695675630122423,-0.0020695675630122423,359.66769965486526,-68.31792609157563
1777330422.734922,0.1018158346414566,6.277383327484131,-1.1923723220825195,0.002403909806162119,0.002403909806162119,359.66769965486526,-68.31792609157563
1777330422.788963,0.1018158346414566,6.277383327484131,-1.1923723220825195,-0.00195812014862895,-0.00195812014862895,359.66769965486526,-68.31792609157563
1777330422.789692,0.1018158346414566,6.277383327484131,-1.1923723220825195,0.002070860704407096,0.002070860704407096,359.66769965486526,-68.31792609157563
1777330422.789752,0.1018158346414566,6.277383327484131,-1.1923723220825195,-0.0020695675630122423,-0.0020695675630122423,359.66769965486526,-68.31792609157563
1777330422.789796,0.1018158346414566,6.277383327484131,-1.1923723220825195,0.0008679360616952181,0.0008679360616952181,359.66769965486526,-68.31792609157563
1777330422.789838,0.1018158346414566,6.277383327484131,-1.1923723220825195,0.00011144735617563128,0.00011144735617563128,359.66769965486526,-68.31792609157563
1777330422.789879,0.1018158346414566,6.277383327484131,-1.1923723220825195,-1.293245077249594e-06,-1.293245077249594e-06,359.66769965486526,-68.31792609157563
1777330422.8446589,0.1018158346414566,6.277383327484131,-1.1923723220825195,0.001202278072014451,0.001202278072014451,359.66769965486526,-68.31792609157563
1777330422.8447318,0.1018158346414566,6.277383327484131,-1.1923723220825195,0.0021816615480929613,0.0021816615480929613,359.66769965486526,-68.31792609157563
1777330422.844778,0.1018158346414566,6.277383327484131,-1.1923723220825195,-6.46622538624797e-07,-6.46622538624797e-07,359.66769965486526,-68.31792609157563
1777330422.8448231,0.1018158346414566,6.277383327484131,-1.1923723220825195,0.00131437205709517,0.00131437205709517,359.66769965486526,-68.31792609157563
1777330422.844865,0.1018158346414566,6.277383327484131,-1.1923723220825195,-0.0019594132900238037,-0.0019594132900238037,359.66769965486526,-68.31792609157563
1777330422.84556,0.1018158346414566,6.277383327484131,-1.1923723220825195,-0.0,-0.0,359.66769965486526,-68.31792609157563
1777330422.904232,0.1018158346414566,6.277383327484131,-1.1923723220825195,0.0005329474806785583,0.0005329474806785583,359.66769965486526,-68.31792609157563
1777330422.904309,0.1018158346414566,6.277383327484131,-1.1923723220825195,0.0029387969989329576,0.0029387969989329576,359.66769965486526,-68.31792609157563
1777330422.904352,0.1018158346414566,6.277383327484131,-1.1923723220825195,-0.00131437205709517,-0.00131437205709517,359.66769965486526,-68.31792609157563
1777330422.904392,0.1018158346414566,6.277383327484131,-1.1923723220825195,0.001202278072014451,0.001202278072014451,359.66769965486526,-68.31792609157563
1777330422.905034,0.1018158346414566,6.277383327484131,-1.1923723220825195,0.0009806766174733639,0.0009806766174733639,359.66769965486526,-68.31792609157563
1777330422.90516,0.1018158346414566,6.277383327484131,-1.1923723220825195,-0.0010895375162363052,-0.0010895375162363052,359.66769965486526,-68.31792609157563

"--- SEND COMMAND: Mode=position, Value=1.0 ---"
1777330422.96617,0.1018158346414566,6.277383327484131,-1.1923723220825195,0.0018466729670763016,0.0018466729670763016,359.66769965486526,-68.31792609157563
1777330422.9662411,0.1018158346414566,6.277383327484131,-1.1923723220825195,0.00022289471235126257,0.00022289471235126257,359.66769965486526,-68.31792609157563
1777330422.9662871,0.1018158346414566,6.277383327484131,-1.1923723220825195,-0.000980030046775937,-0.000980030046775937,359.66769965486526,-68.31792609157563
1777330422.9670029,0.1018158346414566,6.277383327484131,-1.1923723220825195,-0.0003356353263370693,-0.0003356353263370693,359.66769965486526,-68.31792609157563
1777330422.9670558,0.1018158346414566,6.277383327484131,-1.1923723220825195,0.00195812014862895,0.00195812014862895,359.66769965486526,-68.31792609157563
1777330422.967099,0.1018158346414566,6.277383327484131,-1.1923723220825195,-0.0017352255526930094,-0.0017352255526930094,359.66769965486526,-68.31792609157563
1777330423.022191,0.1018158346414566,6.277383327484131,-1.1923723220825195,0.0002203082258347422,0.0002203082258347422,359.66769965486526,-68.31792609157563
1777330423.0222888,0.1018158346414566,6.277383327484131,-1.1923723220825195,-0.0010908307740464807,-0.0010908307740464807,359.66769965486526,-68.31792609157563
1777330423.022997,0.1018158346414566,6.277383327484131,-1.1923723220825195,0.0019594132900238037,0.0019594132900238037,359.66769965486526,-68.31792609157563
1777330423.023051,0.1018158346414566,6.277383327484131,-1.1923723220825195,-0.0003356353263370693,-0.0003356353263370693,359.66769965486526,-68.31792609157563
1777330423.023094,0.1018158346414566,6.277383327484131,-1.1923723220825195,-0.0021816615480929613,-0.0021816615480929613,359.66769965486526,-68.31792609157563
1777330423.077615,0.1018158346414566,6.277383327484131,-1.1923723220825195,-0.00022354134125635028,-0.00022354134125635028,359.66769965486526,-68.31792609157563
1777330423.077704,0.1018158346414566,6.277383327484131,-1.1923723220825195,-0.003384586423635483,-0.003384586423635483,359.66769965486526,-68.31792609157563
1777330423.078412,0.10178953409194946,6.277811527252197,-1.1919441223144531,-0.002182308118790388,-0.002182308118790388,359.6922337031364,-68.29339204330444
1777330423.078465,0.10184444487094879,6.279815673828125,-1.1899399757385254,0.04363143444061279,0.04363143444061279,359.8070628845215,-68.1785628619194
1777330423.140938,0.10182497650384903,6.284593105316162,-1.187079906463623,0.21186773478984833,0.01962687075138092,360.0807896435738,-68.01469290475845
1777330423.141012,0.10176265984773636,6.292840957641602,-1.1836256980895996,0.48647022247314453,0.007225662469863892,360.5533569408417,-67.81678127260209
1777330423.141057,0.10179753601551056,6.305262088775635,-1.1788749694824219,0.8529165983200073,0.08599138259887695,361.265035586071,-67.54458447647094
1777330423.141862,0.10176116228103638,6.321591854095459,-1.1750092506408691,1.2752246856689453,0.02916264533996582,362.2006625538826,-67.32309502286911
1777330423.142016,0.10173647850751877,6.341831207275391,-1.1710691452026367,1.6943503618240356,0.0647515058517456,363.36029248580934,-67.09734352970123
1777330423.1420622,0.10155589878559113,6.365805149078369,-1.1681876182556152,2.089986801147461,-0.01909637451171875,364.7338986605644,-66.93224413805008
1777330423.142105,0.10124657303094864,6.392830848693848,-1.1689667701721191,2.4756672382354736,-0.30419254302978516,366.28235774059294,-66.9768862704277
1777330423.1421492,0.10102220624685287,6.422234058380127,-1.170243740081787,2.7828471660614014,-0.28402066230773926,367.9670381621361,-67.05005128297806
1777330423.1426828,0.10067946463823318,6.453135013580322,-1.1709818840026855,3.0384411811828613,-0.12483596801757812,369.73753311109544,-67.09234382944108
1777330423.199113,0.10012677311897278,6.4854583740234375,-1.1722159385681152,3.2069554328918457,-0.1477797031402588,371.58952590637205,-67.16304997301101
1777330423.1992068,0.09960177540779114,6.51827335357666,-1.174875259399414,3.3265438079833984,-0.21982240676879883,373.4696864118576,-67.31541788749695
1777330423.199253,0.09899960458278656,6.551684856414795,-1.1788549423217773,3.4014437198638916,-0.33674025535583496,375.3840251961708,-67.5434370042801
1777330423.231313,0.09834949672222137,6.585337162017822,-1.1816363334655762,3.449615001678467,-0.1938457489013672,377.31216096754076,-67.70279903497696
1777330423.232233,0.09762058407068253,6.618614196777344,-1.1819167137145996,3.472163438796997,0.11684131622314453,379.2187952957153,-67.71886364564895
1777330423.232363,0.09673715382814407,6.651111125946045,-1.182976245880127,3.4419538974761963,0.08664321899414062,381.0807328499794,-67.77957038869857
1777330423.232407,0.09603191912174225,6.681929111480713,-1.1885910034179688,3.3494598865509033,-0.29354095458984375,382.8464739855766,-68.10127241363526
1777330423.232449,0.09520967304706573,6.7106218338012695,-1.1944146156311035,3.1905243396759033,-0.2604188919067383,384.4904464651108,-68.43494093427658
1777330423.23249,0.0944039523601532,6.736522674560547,-1.195359230041504,2.6667017936706543,-0.01784372329711914,385.9744558570862,-68.489063372612
1777330423.290834,0.09372548013925552,6.759159088134766,-1.1986083984375,2.346344470977783,-0.24189019203186035,387.2714272819519,-68.67522707519531
1777330423.290912,0.09324930608272552,6.778695583343506,-1.201124668121338,2.011915445327759,-0.1928098201751709,388.3907864041328,-68.81939875974655
1777330423.290957,0.09274923801422119,6.79517126083374,-1.2038240432739258,1.698117733001709,-0.2186208963394165,389.3347735264778,-68.9740616186142
1777330423.2910001,0.0924476608633995,6.808964729309082,-1.206329345703125,1.4286906719207764,-0.20114564895629883,390.12508133754733,-69.11760492553711
1777330423.2910411,0.09202957153320312,6.820540904998779,-1.2081761360168457,1.20295250415802,-0.138840913772583,390.78834758462904,-69.22341825399398
1777330423.349546,0.09169778972864151,6.8306121826171875,-1.2096099853515625,1.032216191291809,-0.11806643009185791,391.3653894927979,-69.30557179870605
1777330423.349656,0.09148464351892471,6.839635372161865,-1.209214687347412,0.9245112538337708,0.06176525354385376,391.8823803563118,-69.28292288331986
1777330423.3497028,0.09121768921613693,6.8480000495910645,-1.2085213661193848,0.8709815144538879,0.10405677556991577,392.36164124135973,-69.24319848890305
1777330423.382408,0.09100904315710068,6.856315612792969,-1.2069168090820312,0.8624225854873657,0.19143939018249512,392.8380880874634,-69.15126410980224
1777330423.382497,0.09062354266643524,6.864780902862549,-1.205162525177002,0.8710633516311646,0.19999629259109497,393.32311365423203,-69.05075101003646
1777330423.383202,0.09041119366884232,6.873391628265381,-1.2032628059387207,0.8889708518981934,0.2179540991783142,393.8164720547676,-68.94190507650376
1777330423.383255,0.0901000127196312,6.882184982299805,-1.201181411743164,0.9084068536758423,0.23737865686416626,394.32029430885314,-68.82264993095399
1777330423.383297,0.08977849036455154,6.891142845153809,-1.1989355087280273,0.9279477596282959,0.2569195628166199,394.8335422273636,-68.6939691209793
1777330423.383339,0.08943513035774231,6.900317192077637,-1.19647216796875,0.9410537481307983,0.27035558223724365,395.35919377384187,-68.55283004150391
1777330423.4423838,0.08916810899972916,6.909524917602539,-1.1949348449707031,0.9489107728004456,0.18164032697677612,395.88675777397157,-68.46474789047241
1777330423.443128,0.0888027474284172,6.9186177253723145,-1.1915936470031738,0.9476202130317688,0.3725023865699768,396.40773746938703,-68.27331127996445
1777330423.443244,0.08854474872350693,6.927661895751953,-1.190220832824707,0.9309787154197693,0.16407310962677002,396.92593044662476,-68.19465479335786
1777330423.443289,0.08815454691648483,6.936307430267334,-1.1892447471618652,0.8903094530105591,0.12357538938522339,397.4212832631111,-68.1387291844368
1777330423.443331,0.08788240700960159,6.944441795349121,-1.1868629455566406,0.8443769216537476,0.2692068815231323,397.8873482179642,-68.00226195602417
1777330423.443373,0.08758781105279922,6.952131271362305,-1.1849260330200195,0.7837992310523987,0.2096768021583557,398.3279228977203,-67.89128500270843
1777330423.500345,0.08732280880212784,6.95903205871582,-1.1837778091430664,0.721684992313385,0.14540570974349976,398.7233090297699,-67.8254965970993
1777330423.500488,0.0870559886097908,6.965632438659668,-1.1810131072998047,0.6755455136299133,0.2920544147491455,399.1014830789566,-67.66709079322816
1777330423.500533,0.08688849210739136,6.971683979034424,-1.179755687713623,0.6264209151268005,0.14844274520874023,399.44821092596055,-67.59504593210221
1777330423.5353541,0.08668360859155655,6.977413654327393,-1.1778607368469238,0.583834171295166,0.19937172532081604,399.77649725561145,-67.48647320623398
1777330423.535429,0.08646921068429947,6.982640266418457,-1.1755104064941406,0.5497826933860779,0.26219767332077026,400.0759601766586,-67.35180914840699
1777330423.536181,0.08624070137739182,6.987624645233154,-1.1724438667297363,0.5181944966316223,0.3268077075481415,400.36154414834976,-67.17610929937362
1777330423.5362382,0.08610890060663223,6.992424964904785,-1.1705198287963867,0.48648467659950256,0.1983306109905243,400.63658230419156,-67.06587000675201
1777330423.536281,0.08594668656587601,6.996943473815918,-1.1679182052612305,0.46314650774002075,0.2714771330356598,400.89547388706205,-66.91680790500641
1777330423.536322,0.08569470047950745,7.001182556152344,-1.1655969619750977,0.4405551850795746,0.2488383799791336,401.13835550079347,-66.7838104139328
1777330423.5949981,0.08553943037986755,7.005237102508545,-1.1634602546691895,0.41519811749458313,0.22338064014911652,401.3706639779091,-66.66138605947495
1777330423.595752,0.08540420234203339,7.008969306945801,-1.1606864929199219,0.3943135738372803,0.298481285572052,401.58450361690524,-66.50246116104125
1777330423.595806,0.08465144783258438,7.014653205871582,-1.155961036682129,0.37779563665390015,0.28197771310806274,401.910167152977,-66.23171236553192
1777330423.595851,0.08397302776575089,7.020375728607178,-1.1511969566345215,0.3616132438182831,0.2658001184463501,402.23804367113115,-65.95875058794022
1777330423.595893,0.08379430323839188,7.023684501647949,-1.1488475799560547,0.35312584042549133,0.2571862041950226,402.42762246952054,-65.82414117164612
1777330423.595934,0.08356763422489166,7.027137279510498,-1.1463532447814941,0.3476811349391937,0.25186800956726074,402.6254521393776,-65.68122624235153
1777330423.6548638,0.08342492580413818,7.030364513397217,-1.1440844535827637,0.33874210715293884,0.24292656779289246,402.81035908670424,-65.55123403558731
1777330423.654953,0.08271891623735428,7.036005973815918,-1.1384429931640625,0.3277496099472046,0.3277496099472046,403.13359107456205,-65.22800204772949
1777330423.654998,0.08202213048934937,7.041487216949463,-1.1339211463928223,0.32535019516944885,0.2294321358203888,403.44764328489305,-64.96891921949387
1777330423.655042,0.08127687871456146,7.047007083892822,-1.1293606758117676,0.3168708086013794,0.2209431529045105,403.76390847730636,-64.70762340917587
1777330423.655083,0.08061578869819641,7.0524067878723145,-1.1239609718322754,0.31640246510505676,0.31640246510505676,404.07328883657453,-64.39824304990769
1777330423.714825,0.07994893193244934,7.057501792907715,-1.1198244094848633,0.312208354473114,0.21637845039367676,404.36521122608184,-64.16123540096282
1777330423.7149,0.07934626191854477,7.062595367431641,-1.1147308349609375,0.3066781163215637,0.3066781163215637,404.6570516532898,-63.86939497375488
1777330423.714941,0.07880150526762009,7.067584037780762,-1.1097421646118164,0.30011940002441406,0.30011940002441406,404.94288151187897,-63.58356511516571
1777330423.714983,0.07828710973262787,7.072094440460205,-1.1061902046203613,0.2957434356212616,0.1999255120754242,405.20130864171983,-63.380052725887296
1777330423.715023,0.0777365043759346,7.076484203338623,-1.1018004417419434,0.2826419472694397,0.2826419472694397,405.4528236176491,-63.128537749958035
1777330423.715669,0.07727538794279099,7.080383777618408,-1.0979008674621582,0.27154216170310974,0.27154216170310974,405.6762528456688,-62.905108521938324
1777330423.774983,0.07677866518497467,7.084161758422852,-1.0931644439697266,0.2520194351673126,0.3478565216064453,405.892715278244,-62.63373134880066
1777330423.7750669,0.07627029716968536,7.088006973266602,-1.0893192291259766,0.24068734049797058,0.24068734049797058,406.11302993888853,-62.413416688156126
1777330423.7751129,0.07568418234586716,7.092010974884033,-1.085315227508545,0.23878809809684753,0.23878809809684753,406.34244241476057,-62.18400421228409
1777330423.7751548,0.07572832703590393,7.09426736831665,-1.0830588340759277,0.23407140374183655,0.23407140374183655,406.4717242815971,-62.05472234544754
1777330423.775846,0.07568764686584473,7.096550464630127,-1.079817295074463,0.23534466326236725,0.33118414878845215,406.6025361113548,-61.86899577512741
1777330423.7759,0.07569311559200287,7.098886489868164,-1.0774812698364258,0.23860985040664673,0.23860985040664673,406.73638054618834,-61.73515134029388
1777330423.8351061,0.07561364769935608,7.101248741149902,-1.0751190185546875,0.2493472546339035,0.2493472546339035,406.8717276231766,-61.599804263305664
1777330423.835189,0.07517819106578827,7.108399391174316,-1.0679683685302734,0.26048803329467773,0.26048803329467773,407.2814298368454,-61.19010204963684
1777330423.835235,0.0746905654668808,7.112987041473389,-1.0633807182312012,0.2712691128253937,0.2712691128253937,407.54428293085095,-60.927248955631256
1777330423.835922,0.07422337681055069,7.117259979248047,-1.059107780456543,0.268220990896225,0.268220990896225,407.7891043190002,-60.682427567481994
1777330423.835973,0.0739322379231453,7.121277332305908,-1.0550904273986816,0.2703295052051544,0.2703295052051544,408.01928177633283,-60.452250110149386
1777330423.836015,0.07349719852209091,7.125164985656738,-1.0512027740478516,0.27040204405784607,0.27040204405784607,408.2420279851913,-60.22950390129089
1777330423.895115,0.07308386266231537,7.128824234008789,-1.0475435256958008,0.2648754119873047,0.2648754119873047,408.45168754692077,-60.01984433956146
1777330423.895206,0.07268069684505463,7.132326126098633,-1.044041633605957,0.2542394995689392,0.2542394995689392,408.65233125572206,-59.81920063076019
1777330423.8958972,0.07225872576236725,7.135678291320801,-1.0397300720214844,0.2486584186553955,0.34459805488586426,408.84439624385834,-59.57216626052856
1777330423.895948,0.07202088087797165,7.13899564743042,-1.0364127159118652,0.2386549860239029,0.2386549860239029,409.03446681604385,-59.38209568834305
1777330423.8959901,0.07164962589740753,7.142111778259277,-1.0323371887207031,0.23108156025409698,0.3270115852355957,409.2130080247879,-59.14858509750366
1777330423.896032,0.07137276977300644,7.14504337310791,-1.0294055938720703,0.22117191553115845,0.22117191553115845,409.3809760969162,-58.980617025375366
1777330423.952705,0.07109568268060684,7.147974967956543,-1.0255155563354492,0.21273793280124664,0.30864453315734863,409.5489441690445,-58.75773421268463
1777330423.953463,0.07075618207454681,7.150705337524414,-1.0218267440795898,0.20046330988407135,0.29628121852874756,409.7053828777313,-58.546380763435366
1777330423.9535182,0.07033256441354752,7.1534647941589355,-1.0181078910827637,0.19278104603290558,0.2887086868286133,409.86348815317155,-58.33330610589981
1777330423.953562,0.07003431022167206,7.1561174392700195,-1.0144968032836914,0.18637895584106445,0.28221362829208374,410.0154735769272,-58.12640594158172
1777330423.953604,0.06975781917572021,7.1585845947265625,-1.0110712051391602,0.17989672720432281,0.27574339509010315,410.15683122253415,-57.93013355541229
1777330423.953645,0.06955377012491226,7.161052703857422,-1.0076446533203125,0.17431099712848663,0.26998305320739746,410.2982435096741,-57.73380652770996
1777330424.0111182,0.0692460685968399,7.163397312164307,-1.0033822059631348,0.16314609348773956,0.35523736476898193,410.43257971830366,-57.48958619642258
1777330424.011198,0.06894870847463608,7.165585994720459,-1.0002350807189941,0.15364454686641693,0.24948881566524506,410.55798203630445,-57.309269137859346
1777330424.011244,0.0686512291431427,7.1677751541137695,-0.9961280822753906,0.14392821490764618,0.3351813852787018,410.68341167507174,-57.07395537643433
1777330424.011286,0.06847931444644928,7.169857025146484,-0.9930877685546875,0.13586480915546417,0.23194928467273712,410.8026941413879,-56.89975816955566
1777330424.0456839,0.06831782311201096,7.171783447265625,-0.9892435073852539,0.12910699844360352,0.32083338499069214,410.9130700378418,-56.67949815044403
1777330424.046535,0.06805253028869629,7.173586845397949,-0.9855222702026367,0.11960288882255554,0.3109753429889679,411.01639717655183,-56.46628688907623
1777330424.046636,0.06788056343793869,7.175668716430664,-0.9815235137939453,0.11498022824525833,0.30701443552970886,411.135679642868,-56.23717494163513
1777330424.0466812,0.06761512905359268,7.177472114562988,-0.9787607192993164,0.10977939516305923,0.20568785071372986,411.23900678157804,-56.078878420829774
1777330424.046724,0.06739196926355362,7.179198265075684,-0.9741592407226562,0.10636471956968307,0.39378973841667175,411.33790795612333,-55.81523302459717
1777330424.100806,0.06723082065582275,7.180661678314209,-0.9707779884338379,0.09770486503839493,0.28951752185821533,411.4217553883553,-55.62150146970749
1777330424.101624,0.06699754297733307,7.182079315185547,-0.967442512512207,0.08554281294345856,0.27730274200439453,411.50298002700805,-55.43039270839691
1777330424.101823,0.06682860106229782,7.183189868927002,-0.9644150733947754,0.07118908315896988,0.26280099153518677,411.5666100920677,-55.25693316221237
1777330424.101869,0.06675353646278381,7.184115409851074,-0.9606122970581055,0.05938229337334633,0.3471633791923523,411.61963969974516,-55.0390500497818
1777330424.10191,0.06665676832199097,7.184808254241943,-0.9570431709289551,0.03421363979578018,0.32179149985313416,411.6593367733955,-54.83455411291123
1777330424.101951,0.06653065979480743,7.185378551483154,-0.9535965919494629,0.016588324680924416,0.3041589856147766,411.6920124100685,-54.63707961301804
1777330424.156513,0.06639425456523895,7.185640335083008,-0.9504585266113281,-0.000865559617523104,0.2866835594177246,411.707011510849,-54.45728164901733
1777330424.156598,0.06630043685436249,7.185824871063232,-0.9473977088928223,-0.01947912760078907,0.2680699825286865,411.7175846474648,-54.281909649181365
1777330424.1566432,0.06617451459169388,7.185932159423828,-0.943455696105957,-0.038179077208042145,0.3452550172805786,411.72373181991577,-54.05604887294769
1777330424.19117,0.06594453752040863,7.185915470123291,-0.9396367073059082,-0.049099355936050415,0.33440133929252625,411.72277559309003,-53.837236854457856
1777330424.1912389,0.06594453752040863,7.185915470123291,-0.9358019828796387,-0.0589614138007164,0.3243960440158844,411.72277559309003,-53.6175232506752
1777330424.191995,0.065714530646801,7.185898780822754,-0.9329423904418945,-0.06118770316243172,0.2264188975095749,411.72181936626436,-53.4536806142807
1777330424.192048,0.06551660597324371,7.185960292816162,-0.9290461540222168,-0.06003134325146675,0.32343149185180664,411.7253437451363,-53.230442631626126
1777330424.192275,0.06548449397087097,7.185882091522217,-0.9252886772155762,-0.0667092353105545,0.3168010711669922,411.7208631394386,-53.015154992008206
1777330424.192325,0.06529714912176132,7.185788631439209,-0.921546459197998,-0.07191804051399231,0.31151556968688965,411.71550826921464,-52.80074161691665
1777330424.2477582,0.06519309431314468,7.185665130615234,-0.9178352355957031,-0.07210681587457657,0.31134647130966187,411.70843219070434,-52.58810409164429
1777330424.248523,0.0650995522737503,7.185386657714844,-0.9142789840698242,-0.06781978905200958,0.3155280351638794,411.69247686309814,-52.38434581546783
1777330424.3060238,0.0650278776884079,7.184877872467041,-0.9109530448913574,-0.07870442420244217,0.3047296702861786,411.6633256052971,-52.193783469486235
1777330424.306109,0.06496680527925491,7.184214115142822,-0.9077820777893066,-0.0939902514219284,0.2894630432128906,411.6252950984001,-52.01210037260056
1777330424.306155,0.06484426558017731,7.183350086212158,-0.9038519859313965,-0.11351361870765686,0.36581459641456604,411.5757898695946,-51.786922615528105
1777330424.306199,0.06479498744010925,7.182147979736328,-0.9012184143066406,-0.139913409948349,0.24354895949363708,411.50691421737673,-51.63603002243042
1777330424.3068612,0.06467308104038239,7.180820465087891,-0.8977518081665039,-0.1639116257429123,0.31538063287734985,411.4308532035828,-51.43740805034638
1777330424.30691,0.06460490077733994,7.179340839385986,-0.8934788703918457,-0.17708931863307953,0.398109495639801,411.3460768652916,-51.192586662197115
1777330424.3623538,0.064483143389225,7.178013324737549,-0.8900132179260254,-0.18996985256671906,0.2892630100250244,411.27001585149765,-50.994019331645966
1777330424.362447,0.0644880086183548,7.176115989685059,-0.8861579895019531,-0.19457539916038513,0.380580335855484,411.1613065217972,-50.77313093490601
1777330424.362494,0.06452471017837524,7.1742963790893555,-0.8841428756713867,-0.18262119591236115,0.20081289112567902,411.0570504770279,-50.65767337589264
1777330424.36318,0.06458240747451782,7.172710418701172,-0.8790159225463867,-0.16193027794361115,0.5092604160308838,410.9661816078186,-50.36392049503326
1777330424.363231,0.06458671391010284,7.171276092529297,-0.8756570816040039,-0.14549072086811066,0.3338260054588318,410.8840007423401,-50.171473016166686
1777330424.363274,0.06456918269395828,7.170071601867676,-0.8720674514770508,-0.1301751583814621,0.3492369055747986,410.81498848628996,-49.96580228633881
1777330424.420973,0.06433985382318497,7.170054912567139,-0.8672909736633301,-0.11687694489955902,0.36227208375930786,410.8140322594643,-49.692130168819425
1777330424.42106,0.0642361044883728,7.169931888580322,-0.8626198768615723,-0.10051392018795013,0.3788262605667114,410.8069835017204,-49.42449594068527
1777330424.4217222,0.06404885649681091,7.169837951660156,-0.8579206466674805,-0.08865763992071152,0.3905632197856903,410.80160131073,-49.155249787330625
1777330424.4217758,0.0639137253165245,7.1696367263793945,-0.8542861938476562,-0.08850415796041489,0.29501572251319885,410.79007194728854,-48.947010905456544
1777330424.421819,0.06381001323461533,7.169513702392578,-0.8496150970458984,-0.07741910964250565,0.4018731415271759,410.7830231895447,-48.67937667732239
1777330424.421859,0.06362277269363403,7.169419765472412,-0.8449158668518066,-0.07201903313398361,0.40693846344947815,410.7776409985542,-48.410130523967744
1777330424.4796531,0.06351903080940247,7.1692962646484375,-0.8412036895751953,-0.06428539007902145,0.3194359242916107,410.77056492004397,-48.197438357162476
1777330424.4803991,0.0633934885263443,7.169403076171875,-0.8363037109375,-0.055387794971466064,0.4239289164543152,410.7766847717285,-47.91669016113281
1777330424.480455,0.06327902525663376,7.169435501098633,-0.8324365615844727,-0.04894067719578743,0.33443590998649597,410.77854258384707,-47.695118745231625
1777330424.4805,0.063206247985363,7.169309139251709,-0.8277688026428223,-0.04244948923587799,0.4368067979812622,410.77130258073805,-47.42767576246261
1777330424.480542,0.0631546825170517,7.169078350067139,-0.824164867401123,-0.04679333418607712,0.3366791009902954,410.75807932977676,-47.221185409641265
1777330424.480583,0.0631256252527237,7.168492794036865,-0.8199558258056641,-0.05876864492893219,0.42009252309799194,410.7245294285774,-46.980025004196165
1777330424.539198,0.06306524574756622,7.1678290367126465,-0.8158259391784668,-0.069817915558815,0.41000229120254517,410.6864989216804,-46.7433998459816
1777330424.539285,0.06314115226268768,7.166903018951416,-0.8119583129882812,-0.09371954202651978,0.38552501797676086,410.63344199323654,-46.52180110931396
1777330424.539331,0.0630083903670311,7.166194438934326,-0.8078732490539551,-0.09920815378427505,0.3791278004646301,410.5928433342934,-46.2877441031456
1777330424.539374,0.0630735456943512,7.165424346923828,-0.8038496971130371,-0.10353780537843704,0.3767872750759125,410.5487202964783,-46.05721147584915
1777330424.5394151,0.06292038410902023,7.1644816398620605,-0.7999987602233887,-0.11317099630832672,0.36609750986099243,410.49470714120866,-45.836568966007235
1777330424.540114,0.06295448541641235,7.163632869720459,-0.7960524559020996,-0.12109801918268204,0.35735681653022766,410.44607617692947,-45.61046230287552
1777330424.59654,0.0628284439444542,7.161026477813721,-0.7938647270202637,-0.13607953488826752,0.3441609740257263,410.29674086751936,-45.48511462640762
1777330424.5966249,0.06286627799272537,7.159206867218018,-0.7908906936645508,-0.15261872112751007,0.32675766944885254,410.1924848227501,-45.31471500606537
1777330424.59667,0.06284235417842865,7.157187461853027,-0.788116455078125,-0.18306617438793182,0.29611849784851074,410.0767813768387,-45.15576278686523
1777330424.59677,0.06288222223520279,7.154904365539551,-0.7846474647521973,-0.2138565629720688,0.3613952398300171,409.945969547081,-44.957004210948945
1777330424.597455,0.06290195882320404,7.15234375,-0.7804965972900391,-0.23788344860076904,0.4331977367401123,409.79925703125,-44.71917693901062
1777330424.5975082,0.06294224411249161,7.150060653686523,-0.7770266532897949,-0.25520560145378113,0.32008400559425354,409.6684452014923,-44.52036372156143
1777330424.659009,0.06292086094617844,7.147577285766602,-0.7737579345703125,-0.26734745502471924,0.30786120891571045,409.5261586498261,-44.333079867553714
1777330424.659109,0.06296168267726898,7.145294189453125,-0.7693295478820801,-0.25431132316589355,0.41671955585479736,409.39534682006837,-44.07935190954208
1777330424.659156,0.06289712339639664,7.143352508544922,-0.7655191421508789,-0.23136058449745178,0.3438049256801605,409.2840966590881,-43.861031664848326
1777330424.6598558,0.06294415146112442,7.14184045791626,-0.7612786293029785,-0.20147675275802612,0.373678982257843,409.1974625086784,-43.618068088817594
1777330424.659908,0.06285534799098969,7.140591144561768,-0.7567739486694336,-0.1612347811460495,0.41412144899368286,409.12588210058215,-43.35996880817413
1777330424.65995,0.0628906711935997,7.139742374420166,-0.7528290748596191,-0.12407117336988449,0.35522130131721497,409.07725113630295,-43.13394410734177
1777330424.7161741,0.0628613531589508,7.139157295227051,-0.7476615905761719,-0.0912109985947609,0.4839015305042267,409.0437285558701,-42.83786896133423
1777330424.716258,0.06278678774833679,7.1401262283325195,-0.7418990135192871,-0.05827869102358818,0.42098984122276306,409.09924435329435,-42.50769749879837
1777330424.716954,0.06255515664815903,7.141079902648926,-0.7371101379394531,-0.028744224458932877,0.3546704649925232,409.1538858861923,-42.23331504135132
1777330424.717005,0.062483906745910645,7.141078948974609,-0.7332763671875,-0.008844044059515,0.3746379613876343,409.15383124465944,-42.013656079101565
1777330424.7170482,0.06225583329796791,7.141062259674072,-0.7284994125366211,0.003095364896580577,0.48230400681495667,409.1528750178337,-41.739956640815734
1777330424.7170901,0.06222567334771156,7.140983581542969,-0.7247424125671387,-0.0013977477792650461,0.3821604549884796,409.1483670913696,-41.524696321964264
1777330424.775457,0.06209246814250946,7.140782356262207,-0.7211089134216309,-0.011229472234845161,0.37225252389907837,409.13683772792814,-41.316512081623074
1777330424.776171,0.06199217215180397,7.140195846557617,-0.7169017791748047,-0.025507450103759766,0.45379704236984253,409.1032331851959,-41.07546095924378
1777330424.776225,0.06182997301220894,7.139409065246582,-0.7128949165344238,-0.09204196184873581,0.38725051283836365,409.0581539205551,-40.845884558773044
1777330424.776269,0.0618477389216423,7.137818336486816,-0.7096915245056152,-0.15112517774105072,0.328203022480011,408.96701184368135,-40.66234364976883
1777330424.7763112,0.06189852952957153,7.135842800140381,-0.7049555778503418,-0.20893186330795288,0.4621996283531189,408.85382190828324,-40.39099379739761
1777330424.7763531,0.06181734427809715,7.133159637451172,-0.7018861770629883,-0.27585312724113464,0.299273818731308,408.7000879554748,-40.21513002376556
1777330424.83518,0.06189679726958275,7.130027770996094,-0.6973481178283691,-0.3204183876514435,0.44636330008506775,408.520645161438,-39.955118289470676
1777330424.835275,0.06183062866330147,7.126723766326904,-0.6929821968078613,-0.3467828929424286,0.41999879479408264,408.33133957071306,-39.70496935186386
1777330424.8353212,0.06185666844248772,7.12319278717041,-0.6898016929626465,-0.3621053695678711,0.30882489681243896,408.1290292951584,-39.5227398396492
1777330424.835364,0.06188640743494034,7.119703769683838,-0.6856207847595215,-0.3609643876552582,0.40583643317222595,407.9291232470512,-39.28319135942459
1777330424.835405,0.06184329092502594,7.116171836853027,-0.6814818382263184,-0.3632919490337372,0.4036809504032135,407.7267583299637,-39.04604710664749
1777330424.891834,0.061914265155792236,7.11260461807251,-0.6773791313171387,-0.36215582489967346,0.4045875370502472,407.5223716761589,-38.810979232120516
1777330424.8919191,0.06185009703040123,7.109300136566162,-0.6730132102966309,-0.3434205949306488,0.42363879084587097,407.3330387646675,-38.5608302945137
1777330424.891965,0.06180381774902344,7.106232643127441,-0.6684107780456543,-0.317240834236145,0.44961756467819214,407.15728427410124,-38.2971302567482
1777330424.8920069,0.06180955097079277,7.1034345626831055,-0.6644973754882812,-0.2812507152557373,0.38981372117996216,406.99696601657865,-38.07290872650147
1777330424.892048,0.0618443638086319,7.1013102531433105,-0.6599106788635254,-0.224332794547081,0.4467509984970093,406.8752520020485,-37.81011027402878
1777330424.8927429,0.061903636902570724,7.099640369415283,-0.6539101600646973,-0.17277376353740692,0.5942281484603882,406.7795746779442,-37.46630574903488
1777330424.947018,0.061748456209897995,7.098390579223633,-0.6494073867797852,-0.13336724042892456,0.44177407026290894,406.7079669490814,-37.208315751457214
1777330424.947105,0.06167371943593025,7.097489356994629,-0.6435976028442383,-0.09295909851789474,0.5779234766960144,406.65633070049284,-36.87543953304291
1777330424.947152,0.06158781424164772,7.096745491027832,-0.6395468711853027,-0.06451138854026794,0.4146130084991455,406.61371030483247,-36.64334962205887
1777330424.9471948,0.06151890009641647,7.0962395668029785,-0.6333413124084473,-0.05919142812490463,0.6123430132865906,406.5847229716301,-36.28779716749191
1777330424.947884,0.06142183020710945,7.095654010772705,-0.6281747817993164,-0.05587094649672508,0.5191795825958252,406.55117307043076,-35.99177666301727
1777330424.947937,0.06146638095378876,7.095110893249512,-0.6229653358459473,-0.06033038720488548,0.5147821307182312,406.52005471744536,-35.693297289562224
1777330425.001902,0.06156730279326439,7.0944623947143555,-0.617861270904541,-0.060322221368551254,0.5148766040802002,406.48289847507476,-35.4008558054924
1777330425.001984,0.06150982528924942,7.093798637390137,-0.6127719879150391,-0.06487207114696503,0.5104319453239441,406.4448679681778,-35.1092612651825
1777330425.0020301,0.061463721096515656,7.092976093292236,-0.6068835258483887,-0.08796779811382294,0.5826801061630249,406.3977396460533,-34.771877120304104
1777330425.0027058,0.06153547391295433,7.091742515563965,-0.6014060974121094,-0.12054748088121414,0.5506873726844788,406.32706082324984,-34.458043476104734
1777330425.002757,0.0615839920938015,7.090230941772461,-0.5962057113647461,-0.1601930856704712,0.5109357833862305,406.2404539936066,-34.16008319721222
1777330425.002799,0.06157076731324196,7.088253974914551,-0.590512752532959,-0.2038251906633377,0.5613500475883484,406.1271820959091,-33.83390056657791
1777330425.059646,0.06185603886842728,7.085830211639404,-0.5852665901184082,-0.24451382458209991,0.5240350961685181,405.988310640049,-33.53331749410629
1777330425.0597289,0.06189214065670967,7.08311128616333,-0.5793571472167969,-0.28511613607406616,0.5774403810501099,405.83252762975695,-33.19473123550415
1777330425.060436,0.062112804502248764,7.079982757568359,-0.5738563537597656,-0.3245294392108917,0.5363152027130127,405.6532760810852,-32.87955887374878
1777330425.060488,0.06226547807455063,7.076257228851318,-0.5689525604248047,-0.3694497048854828,0.4950818717479706,405.4398189328194,-32.59859211158752
1777330425.117845,0.06261039525270462,7.072162628173828,-0.5634598731994629,-0.4209153950214386,0.5376695394515991,405.205215511322,-32.283884202861785
1777330425.117923,0.06301567703485489,7.067762851715088,-0.5582714080810547,-0.45939719676971436,0.49794310331344604,404.9531267992973,-31.986606943130493
1777330425.1179662,0.06343194842338562,7.063204288482666,-0.552283763885498,-0.4727500081062317,0.5827150940895081,404.69194027204514,-31.643540078830718
1777330425.118606,0.0639110654592514,7.058845520019531,-0.5460963249206543,-0.454228013753891,0.6003400087356567,404.44220114593503,-31.289025813388825
1777330425.118657,0.06423482298851013,7.054775238037109,-0.5396199226379395,-0.4180057644844055,0.6363727450370789,404.2089910835266,-30.91795516347885
1777330425.173835,0.06470569223165512,7.051079750061035,-0.5337276458740234,-0.3761281967163086,0.5826242566108704,403.9972551435471,-30.580352452468873
1777330425.1739678,0.06507321447134018,7.048031806945801,-0.5262293815612793,-0.3215019404888153,0.7329342365264893,403.82262080440523,-30.150733400058748
1777330425.174013,0.06548141688108444,7.04550313949585,-0.5210881233215332,-0.26359617710113525,0.5033005475997925,403.6777387799263,-29.856160896205903
1777330425.1746502,0.0658457949757576,7.043423175811768,-0.5145397186279297,-0.20673105120658875,0.6559548377990723,403.55856559667586,-29.480964810562135
1777330425.174699,0.06625106185674667,7.041862487792969,-0.5084290504455566,-0.16358433663845062,0.6033787131309509,403.4691447280884,-29.130849188518525
1777330425.174741,0.06652233004570007,7.040566444396973,-0.503014087677002,-0.13517653942108154,0.5357730984687805,403.39488688488007,-28.82059456472397
1777330425.230129,0.06686850637197495,7.039309501647949,-0.4966006278991699,-0.12956687808036804,0.6373966932296753,403.32286934452054,-28.45313025598526
1777330425.230206,0.06721480935811996,7.038053035736084,-0.4911460876464844,-0.12277000397443771,0.5482634902000427,403.2508791249275,-28.14060800857544
1777330425.230829,0.06768452376127243,7.036891937255859,-0.4846372604370117,-0.13211628794670105,0.6347612142562866,403.18435305862425,-27.767679546546937
1777330425.2308779,0.0679418295621872,7.035355567932129,-0.4794621467590332,-0.14530351758003235,0.525676965713501,403.09632554912565,-27.471167268276215
1777330425.2309198,0.0682850256562233,7.03379487991333,-0.47431135177612305,-0.1693020910024643,0.5018293857574463,403.0069046805382,-27.17604834909439
1777330425.290443,0.0687737986445427,7.0318098068237305,-0.4686264991760254,-0.20235729217529297,0.5643669366836548,402.8931683298111,-26.850330171489716
1777330425.290528,0.06907324492931366,7.029425621032715,-0.46334028244018555,-0.25122615694999695,0.5157374143600464,402.7565644975662,-26.54745215463638
1777330425.291172,0.06942949444055557,7.026336669921875,-0.45780038833618164,-0.31341472268104553,0.5492110252380371,402.57958057250977,-26.230039490032198
1777330425.291224,0.06983085721731186,7.022801399230957,-0.4517478942871094,-0.36790525913238525,0.590559720993042,402.37702441005706,-25.883257001495362
1777330425.291266,0.07026716321706772,7.018784046173096,-0.44617795944213867,-0.40750378370285034,0.550961434841156,402.14684695272445,-25.564123128604887
1777330425.291307,0.07066553831100464,7.014647006988525,-0.43976879119873047,-0.4241999089717865,0.6302099227905273,401.9098119830131,-25.196904706764222
1777330425.349688,0.07094220072031021,7.010613441467285,-0.43421411514282227,-0.4176023602485657,0.5411258935928345,401.67870561962127,-24.878645098400117
1777330425.35037,0.07161383330821991,7.003106594085693,-0.43117475509643555,-0.3989523649215698,0.6554311513900757,401.24859479341507,-24.704502533054352
1777330425.350422,0.07193548232316971,6.999897480010986,-0.42383718490600586,-0.3803514540195465,0.6741061210632324,401.0647260352135,-24.28409057893753
1777330425.350465,0.0720885843038559,6.997034072875977,-0.4171133041381836,-0.3377479910850525,0.6207411289215088,400.90066483268737,-23.898840451240538
1777330425.350506,0.07217466831207275,6.994936943054199,-0.4096226692199707,-0.2841516435146332,0.6743851900100708,400.78050810184476,-23.469658531093597
1777330425.350546,0.07234913855791092,6.993120193481445,-0.40281057357788086,-0.22172987461090088,0.6409605741500854,400.6764159816742,-23.079354061603546
1777330425.409405,0.07247849553823471,6.991847991943359,-0.39545392990112305,-0.17991898953914642,0.68283611536026,400.6035241767883,-22.657849276828767
1777330425.409487,0.07269591093063354,6.9908552169799805,-0.3887758255004883,-0.14080289006233215,0.6261124610900879,400.54664234104155,-22.275221942710875
1777330425.4095309,0.072653628885746,6.990030765533447,-0.3828892707824707,-0.10690709948539734,0.5639587640762329,400.4994047358513,-21.937947080898287
1777330425.409573,0.0725998729467392,6.989367485046387,-0.37684106826782227,-0.07988639175891876,0.5910941362380981,400.4614015497208,-21.59141047925949
1777330425.409614,0.0725223571062088,6.988624095916748,-0.37087345123291016,-0.06994001567363739,0.6010263562202454,400.4188084748268,-21.249491087150574
1777330425.410275,0.07251548767089844,6.98771858215332,-0.3650674819946289,-0.0722164511680603,0.5987306237220764,400.3669263393402,-20.916833434867858
1777330425.4683268,0.07251895219087601,6.986349105834961,-0.3597254753112793,-0.09441927820444107,0.576544463634491,400.28846109809876,-20.610758888339998
1777330425.468405,0.07245736569166183,6.98447847366333,-0.3539257049560547,-0.1359635442495346,0.6308466792106628,400.1812817313194,-20.278456406021117
1777330425.4684532,0.07251718640327454,6.982100486755371,-0.3476753234863281,-0.18765516579151154,0.6742981672286987,400.04503306903837,-19.920335799407958
1777330425.4684951,0.07254736870527267,6.979140281677246,-0.3410472869873047,-0.24998483061790466,0.7092950344085693,399.87542575092317,-19.540577145767212
1777330425.469137,0.0723630040884018,6.975803375244141,-0.3357558250427246,-0.305646687746048,0.5570822954177856,399.6842350273132,-19.23739860048294
1777330425.469186,0.07227694988250732,6.972282409667969,-0.32873058319091797,-0.341157466173172,0.7131997346878052,399.482498487854,-18.8348817483902
1777330425.528387,0.07213845103979111,6.968400478363037,-0.3211069107055664,-0.36820188164711,0.7822434902191162,399.2600801281929,-18.398077334403993
1777330425.528466,0.07203441113233566,6.964437007904053,-0.3135647773742676,-0.3965977728366852,0.7536176443099976,399.032989917469,-17.96594477148056
1777330425.528509,0.07189588993787766,6.960555076599121,-0.3059415817260742,-0.40000247955322266,0.74907386302948,398.8105715578079,-17.5291676782608
1777330425.529175,0.07165900617837906,6.956856727600098,-0.29813528060913086,-0.38278883695602417,0.7685397267341614,398.5986716932297,-17.08189941072464
1777330425.529226,0.07142212986946106,6.953158378601074,-0.2903280258178711,-0.381847620010376,0.7685689926147461,398.38677182865143,-16.63457650165558
1777330425.529268,0.07118519395589828,6.949460029602051,-0.283480167388916,-0.3817764222621918,0.6702930927276611,398.1748719640732,-16.242222974681855
1777330425.585567,0.07102307677268982,6.946204662322998,-0.27618885040283203,-0.3743840456008911,0.682292103767395,397.98835309152605,-15.824461134910583
1777330425.585645,0.07078561186790466,6.942806720733643,-0.2690396308898926,-0.3701949119567871,0.6842049360275269,397.79366530981065,-15.414840883541107
1777330425.586306,0.07059165090322495,6.939270496368408,-0.2629885673522949,-0.3799738883972168,0.5768412947654724,397.591054505825,-15.06814035730362
1777330425.586356,0.07024568319320679,6.935512065887451,-0.25620079040527344,-0.3932691216468811,0.6631739735603333,397.3757122246742,-14.679229246902466
1777330425.586398,0.06999777257442474,6.931614398956299,-0.24955224990844727,-0.3967266082763672,0.6577095985412598,397.1523922797203,-14.298295800304412
1777330425.586439,0.06960805505514145,6.927738189697266,-0.24288177490234375,-0.4041036367416382,0.6498271226882935,396.9303017692566,-13.916105598449708
1777330425.6418781,0.06939014792442322,6.924421310424805,-0.23565244674682617,-0.39460283517837524,0.6605982184410095,396.7402585178375,-13.501895458316802
1777330425.642626,0.06910637766122818,6.921269416809082,-0.22729921340942383,-0.3794691264629364,0.7708423137664795,396.5596682516098,-13.023290271663665
1777330425.6426828,0.06865866482257843,6.917738914489746,-0.21932458877563477,-0.3600139617919922,0.790412425994873,396.3573852968216,-12.566377773571014
1777330425.6427279,0.0683198869228363,6.914524555206299,-0.21103382110595703,-0.3378561735153198,0.8123977184295654,396.17321601018904,-12.091351607322693
1777330425.6427698,0.06791243702173233,6.911520004272461,-0.2034916877746582,-0.2996866703033447,0.7547972202301025,396.0010678607941,-11.659219044399261
1777330425.64281,0.06765369325876236,6.909955024719238,-0.19355201721191406,-0.2638055384159088,0.886343240737915,395.9114011053085,-11.089717667770385
1777330425.7014668,0.06731747835874557,6.908355236053467,-0.1855635643005371,-0.23300465941429138,0.7254840135574341,395.8197399338722,-10.632012867450714
1777330425.701605,0.06680933386087418,6.906858444213867,-0.1765141487121582,-0.21645918488502502,0.8378716707229614,395.7339800479889,-10.113519361782075
1777330425.7016509,0.06634168326854706,6.904862403869629,-0.16892194747924805,-0.2012627273797989,0.7573457956314087,395.6196153196335,-9.6785181183815
1777330425.7016928,0.06595068424940109,6.9029011726379395,-0.16225481033325195,-0.19385308027267456,0.6688112020492554,395.50724500722885,-9.296519161891938
1777330425.701735,0.06536302715539932,6.901007652282715,-0.15360164642333984,-0.19588284194469452,0.8586010336875916,395.39875424366,-8.800729213142395
1777330425.702453,0.06475485116243362,6.8990325927734375,-0.14694786071777344,-0.21437110006809235,0.6485134363174438,395.2855916290283,-8.419495238113404
1777330425.761943,0.06422299146652222,6.896430492401123,-0.13900423049926758,-0.26084616780281067,0.793726921081543,395.13650220651624,-7.964358589839935
1777330425.762024,0.06374336034059525,6.893529415130615,-0.13231658935546875,-0.2988182306289673,0.6600536108016968,394.9702826634407,-7.581184840393067
1777330425.76207,0.0632665753364563,6.890218257904053,-0.12412261962890625,-0.3384045958518982,0.8119354844093323,394.780567261219,-7.111704789733887
1777330425.7621162,0.06272321194410324,6.886709690093994,-0.11516761779785156,-0.36579471826553345,0.8805933594703674,394.57954106168745,-6.598620795822144
1777330425.7628102,0.06227768957614899,6.883018970489502,-0.10639429092407227,-0.3832935690879822,0.8626750111579895,394.3680783293724,-6.09594601392746
1777330425.7629151,0.06173430383205414,6.879213333129883,-0.09677743911743164,-0.40617141127586365,0.9360438585281372,394.15003129234316,-5.54494079618454
1777330425.821721,0.06132977828383446,6.875275611877441,-0.08920955657958984,-0.41715553402900696,0.7334336042404175,393.9244164030075,-5.111332911872863
1777330425.821805,0.06080827862024307,6.87114143371582,-0.08088016510009766,-0.4256865084171295,0.820265531539917,393.6875453578949,-4.634093763542175
1777330425.82185,0.06040356308221817,6.866907596588135,-0.07169103622436523,-0.4441809356212616,0.8977131843566895,393.44496427259446,-4.1075952733039856
1777330425.822546,0.0599704384803772,6.862641334533691,-0.06253385543823242,-0.46247977018356323,0.879461944103241,393.20052537517546,-3.582927274417877
1777330425.822597,0.05954571068286896,6.858325481414795,-0.054386138916015625,-0.47107166051864624,0.7749115824699402,392.9532451180458,-3.116097338104248
1777330425.88197,0.05903316289186478,6.85402774810791,-0.04813718795776367,-0.4699210226535797,0.5845102071762085,392.7070030500412,-2.758058693790436
1777330425.8820548,0.058685485273599625,6.84974479675293,-0.03899812698364258,-0.4676041603088379,0.8744293451309204,392.4616079257965,-2.234428884029388
1777330425.882102,0.05833739414811134,6.845461845397949,-0.030817031860351562,-0.4742562174797058,0.771961510181427,392.2162128015518,-1.765686494064331
1777330425.882815,0.05805555358529091,6.841375827789307,-0.02243804931640625,-0.47529226541519165,0.7708650231361389,391.9821011538506,-1.2856059860229492
1777330425.882868,0.057552482932806015,6.836913108825684,-0.014437198638916016,-0.4568043649196625,0.789521336555481,391.72640610065463,-0.8271908457756042
1777330425.882911,0.05719110369682312,6.832796573638916,-0.0060901641845703125,-0.42079395055770874,0.8253760933876038,391.4905459239006,-0.3489408290863037
1777330425.943398,0.05693913251161575,6.8291707038879395,0.0027480125427246094,-0.3798454701900482,0.8665279150009155,391.2827988158226,0.1574495770454407
1777330425.943488,0.05647928640246391,6.825780391693115,0.010863304138183594,-0.3469316363334656,0.80336993932724,391.0885481663704,0.6224217012405395
1777330425.944212,0.05616965517401695,6.822865009307861,0.019452571868896484,-0.3034631907939911,0.8466567993164062,390.92150900030134,1.1145506672859191
1777330425.944266,0.055941369384527206,6.820757865905762,0.027892112731933594,-0.2684127986431122,0.785991907119751,390.8007785333633,1.5981009126663208
1777330425.944308,0.05579815432429314,6.8184003829956055,0.035121917724609375,-0.24225308001041412,0.7163079977035522,390.6657046640396,2.0123383735656737
1777330425.94435,0.05559709295630455,6.81620979309082,0.043477535247802734,-0.2239956110715866,0.8302034735679626,390.540193062973,2.491080164051056
1777330426.003338,0.055507756769657135,6.814214706420898,0.051070213317871094,-0.2117793709039688,0.7468532919883728,390.4258829761505,2.9261087282180784
1777330426.004101,0.05550474300980568,6.812203884124756,0.05768918991088867,-0.2010788917541504,0.6616206169128418,390.31067130403517,3.305348287296295
1777330426.0041568,0.05563124269247055,6.810336112976074,0.06445026397705078,-0.1972695291042328,0.6653131246566772,390.20365586185454,3.692729434776306
1777330426.0042,0.05577696114778519,6.808257102966309,0.07195854187011719,-0.20144623517990112,0.7572346329689026,390.08453732013703,4.1229222232818605
1777330426.004241,0.05597342923283577,6.806290626525879,0.07957935333251953,-0.21523958444595337,0.7432495355606079,389.97186647930147,4.559562712669373
1777330426.004281,0.056280188262462616,6.803976535797119,0.08685302734375,-0.22902439534664154,0.7293687462806702,389.8392787997246,4.976313684082031
1777330426.0637062,0.056471437215805054,6.801761627197266,0.09422636032104492,-0.23319827020168304,0.7257218360900879,389.71237383956907,5.398774695682525
1777330426.0637891,0.056806087493896484,6.799893379211426,0.10194540023803711,-0.21643681824207306,0.7420763373374939,389.605331076622,5.841043262958527
1777330426.0638342,0.05702569708228111,6.798124313354492,0.11072254180908203,-0.20650285482406616,0.8455403447151184,389.5039710330963,6.3439366109848025
1777330426.063877,0.05741209164261818,6.7963690757751465,0.11951446533203125,-0.20184281468391418,0.854722261428833,389.40340329179764,6.8476769027709965
1777330426.063918,0.05820102617144585,6.792941570281982,0.1266326904296875,-0.19524691998958588,0.8592469692230225,389.2070216225624,7.255521304321289
1777330426.0645802,0.058547232300043106,6.7909064292907715,0.13514423370361328,-0.1902252435684204,0.8639688491821289,389.0904165913582,7.743196985435485
1777330426.124019,0.05882149934768677,6.788426399230957,0.14321088790893555,-0.21185602247714996,0.8429179191589355,388.9483212850571,8.205382391452789
1777330426.124098,0.05916968733072281,6.785567760467529,0.1518573760986328,-0.25276535749435425,0.8976898789405823,388.78453329019544,8.700789849472045
1777330426.124141,0.05945742875337601,6.782097339630127,0.15893316268920898,-0.30120518803596497,0.7510480880737305,388.5856927519798,9.10620270280838
1777330426.124182,0.059726666659116745,6.778013229370117,0.16635417938232422,-0.35593557357788086,0.7965651750564575,388.3516903873444,9.531395791053772
1777330426.124845,0.0599733330309391,6.773439407348633,0.17328596115112305,-0.41741618514060974,0.7328565120697021,388.0896295955658,9.928557772922515
1777330426.1248949,0.06025317683815956,6.768364429473877,0.18067455291748047,-0.4778980016708374,0.7683343887329102,387.79885467824937,10.351893049049377
1777330426.1816,0.060443662106990814,6.763302803039551,0.18903493881225586,-0.5173932313919067,0.8246066570281982,387.5088447423935,10.83090804719925
1777330426.1816828,0.060629282146692276,6.75836706161499,0.19752264022827148,-0.5239884853363037,0.8180538415908813,387.22604748888017,11.317217689990997
1777330426.181729,0.06084798648953438,6.753751754760742,0.2063302993774414,-0.5107681155204773,0.8314277529716492,386.96160979042054,11.821859567070007
1777330426.182413,0.06101743131875992,6.749556064605713,0.21651554107666016,-0.47667187452316284,0.9609901309013367,386.721214366436,12.405431138420106
1777330426.1824691,0.06116931885480881,6.745819091796875,0.22620153427124023,-0.43317049741744995,0.9089247584342957,386.5071015197754,12.960397867298127
1777330426.182513,0.06126432865858078,6.742541790008545,0.23538875579833984,-0.38249334692955017,0.8635852336883545,386.3193258919716,13.48678707447052
1777330426.2374668,0.06140478327870369,6.7397942543029785,0.2460641860961914,-0.33529168367385864,1.006669282913208,386.16190363569257,14.098444393730164
1777330426.2375538,0.06135408207774162,6.737369060516357,0.25418519973754883,-0.2851177155971527,0.7693184614181519,386.0229502175331,14.56374436712265
1777330426.2383099,0.061258744448423386,6.735235691070557,0.26259803771972656,-0.25108712911605835,0.8032963871955872,385.9007171084404,15.045764649581908
1777330426.238362,0.061121366918087006,6.733074188232422,0.2709832191467285,-0.22250984609127045,0.831842303276062,385.7768720741272,15.526200327587128
1777330426.238406,0.061125099658966064,6.730760097503662,0.2782564163208008,-0.2205049842596054,0.7379122972488403,385.6442843945503,15.942923978233337
1777330426.2384472,0.06096049025654793,6.728432655334473,0.28551673889160156,-0.24331523478031158,0.7154372334480286,385.5109317335129,16.358909968185426
1777330426.2918222,0.06076444685459137,6.7259087562561035,0.29353904724121094,-0.2622980773448944,0.7921644449234009,385.36632291669844,16.818554542922975
1777330426.292557,0.0606219656765461,6.723245143890381,0.3014216423034668,-0.2742011547088623,0.7804195880889893,385.2137091153145,17.27019413309097
1777330426.2926111,0.060424793511629105,6.72072172164917,0.3094449043273926,-0.26325151324272156,0.7913905382156372,385.0691276192665,17.72989334936142
1777330426.292655,0.06007789075374603,6.718297958374023,0.317568302154541,-0.2466064840555191,0.8080569505691528,384.9302561634064,18.19532992658615
1777330426.2926981,0.059913262724876404,6.716221809387207,0.3269968032836914,-0.22204238176345825,0.928135097026825,384.81130154628755,18.735543441581726
1777330426.2927392,0.059672776609659195,6.714241027832031,0.33556270599365234,-0.20012256503105164,0.854387640953064,384.6978110824585,19.226333690071105
1777330426.349362,0.05939667299389839,6.7125139236450195,0.3453407287597656,-0.1784101277589798,0.9718437790870667,384.5988552663803,19.78657332687378
1777330426.349448,0.059008385986089706,6.710884094238281,0.35425758361816406,-0.16615937650203705,0.8884563446044922,384.50547288665774,20.297471659469604
1777330426.349495,0.05883585661649704,6.709097385406494,0.362058162689209,-0.17744404077529907,0.7811649441719055,384.4031019747734,20.74441207780838
1777330426.389153,0.0585823692381382,6.707285404205322,0.3717517852783203,-0.1962141990661621,0.9540873765945435,384.2992830622673,21.299815938949585
1777330426.389235,0.05837450176477432,6.705050945281982,0.380063533782959,-0.23221154510974884,0.8221719861030579,384.1712579506874,21.776044218921662
1777330426.390055,0.05818374082446098,6.702360153198242,0.38791894912719727,-0.26941829919815063,0.7850969433784485,384.01708686561585,22.22612652540207
1777330426.390163,0.058195531368255615,6.699429035186768,0.3955345153808594,-0.30899447202682495,0.745515763759613,383.849146114254,22.662466486358642
1777330426.390208,0.05827067047357559,6.695870399475098,0.40348148345947266,-0.363498330116272,0.7867743968963623,383.6452512342453,23.117794379997253
1777330426.446429,0.058408502489328384,6.691882610321045,0.4119572639465332,-0.41002923250198364,0.8361720442771912,383.41676766443254,23.603421003627776
1777330426.446523,0.058579832315444946,6.68764066696167,0.4201788902282715,-0.4370463192462921,0.8093106746673584,383.17372212610246,24.074485658740997
1777330426.447263,0.05881967768073082,6.6833391189575195,0.43025875091552734,-0.44445717334747314,0.9932163953781128,382.92726149196625,24.65201934070587
1777330426.447315,0.059158582240343094,6.679109573364258,0.4384932518005371,-0.43917080760002136,0.8069534301757812,382.6849262935638,25.123821656513215
1777330426.447359,0.059654802083969116,6.675062656402588,0.4507460594177246,-0.41345396637916565,1.216192603111267,382.4530549487114,25.825856071186067
1777330426.4473999,0.0601796992123127,6.671496391296387,0.4606022834777832,-0.3785042464733124,0.963241457939148,382.2487229364395,26.39057631368637
1777330426.50491,0.06069332733750343,6.668099403381348,0.4706277847290039,-0.34001433849334717,1.0023016929626465,382.054089796257,26.96499542827606
1777330426.505633,0.06134279444813728,6.665222644805908,0.48021554946899414,-0.29843199253082275,0.9478646516799927,381.8892636122703,27.514334079265595
1777330426.5056908,0.061984166502952576,6.662631034851074,0.48912858963012695,-0.26871129870414734,0.8815810680389404,381.74077524662016,28.025013845729827
1777330426.505735,0.06268194317817688,6.660032749176025,0.49707651138305664,-0.26004984974861145,0.7943863868713379,381.59190439023973,28.480396380901336
1777330426.5057778,0.06339026242494583,6.657517433166504,0.5060667991638184,-0.26342761516571045,0.8869889974594116,381.4477873472214,28.995502111530303
1777330426.5058181,0.06410207599401474,6.65486478805542,0.5139608383178711,-0.27882012724876404,0.7752685546875,381.2958019234657,29.44779740009308
1777330426.563124,0.06485388427972794,6.651924133300781,0.5215663909912109,-0.29641252756118774,0.7584455609321594,381.1273147567749,29.883563624954224
1777330426.563217,0.06552448868751526,6.648960590362549,0.529149055480957,-0.30939429998397827,0.7448838353157043,380.9575161932945,30.318018453025818
1777330426.563264,0.06625623255968094,6.645853042602539,0.5394644737243652,-0.32669445872306824,1.0123883485794067,380.77946675834653,30.909048593616486
1777330426.563307,0.06691841781139374,6.642553329467773,0.5486288070678711,-0.3355449140071869,0.9133262634277344,380.59040705451963,31.43412640399933
1777330426.563348,0.06766026467084885,6.639528751373291,0.5590271949768066,-0.33312007784843445,1.009008765220642,380.4171114329338,32.02991035795212
1777330426.564128,0.06840221583843231,6.63650369644165,0.5684657096862793,-0.3241937458515167,0.9192100763320923,380.2437884905815,32.57069760904312
1777330426.6211991,0.06899411231279373,6.633747577667236,0.577214241027832,-0.3117254674434662,0.8412761688232422,380.08587446050643,33.071951711082455
1777330426.6212711,0.06971437484025955,6.631062030792236,0.5869936943054199,-0.30109572410583496,0.9454042911529541,379.9320039038658,33.63227331018448
1777330426.621313,0.070406474173069,6.628493309020996,0.5968890190124512,-0.29131948947906494,0.949408769607544,379.7848269350052,34.1992338555336
1777330426.621354,0.07099780440330505,6.6259894371032715,0.6058897972106934,-0.28925031423568726,0.862366259098053,379.6413655903816,34.71494064302444
1777330426.67715,0.07158950716257095,6.623486042022705,0.614891529083252,-0.2847907245159149,0.8657219409942627,379.4979315665245,35.23070207204819
1777330426.677238,0.07211233675479889,6.620903491973877,0.6228556632995605,-0.2906111776828766,0.7638463973999023,379.34996229543685,35.68701351327896
1777330426.677284,0.07246468961238861,6.618195533752441,0.6316533088684082,-0.30143705010414124,0.8489221334457397,379.19480766277314,36.19108165426254
1777330426.677354,0.07282024621963501,6.615346431732178,0.6403093338012695,-0.3127320408821106,0.8375218510627747,379.03156608324053,36.68703552761078
1777330426.6773949,0.0730418786406517,6.61245059967041,0.6489181518554688,-0.318570613861084,0.831635594367981,378.8656470685959,37.18028464508057
1777330426.735466,0.07331673800945282,6.609580039978027,0.6585116386413574,-0.3228657841682434,0.9235699772834778,378.70117605457307,37.729951145267485
1777330426.735554,0.07335677742958069,6.606842041015625,0.669196605682373,-0.313632071018219,1.0284967422485352,378.54430021362305,38.34215487985611
1777330426.7356002,0.0732991024851799,6.604028224945068,0.6778883934020996,-0.31030598282814026,0.8401393890380859,378.38308037080765,38.84015781068802
1777330426.735643,0.07324925810098648,6.601297378540039,0.6876211166381836,-0.3038298487663269,0.9424025416374207,378.2266143413544,39.39780197467804
1777330426.7356842,0.0730363205075264,6.598636150360107,0.6983819007873535,-0.3034142255783081,1.0384180545806885,378.07413714380266,40.01434971113205
1777330426.736404,0.07281513512134552,6.595892429351807,0.7071437835693359,-0.3002568185329437,0.850159764289856,377.91693345365525,40.51636879463196
1777330426.794013,0.07261968404054642,6.593144416809082,0.716860294342041,-0.2949652075767517,0.9511134028434753,377.7594838766098,41.07308405256271
1777330426.794101,0.0723973959684372,6.590400695800781,0.7246627807617188,-0.2872709631919861,0.7672706246376038,377.6022801864624,41.520133753967286
1777330426.794147,0.07220045477151871,6.587653160095215,0.7324614524841309,-0.280621200799942,0.7739204168319702,377.4448579301834,41.966964889240266
1777330426.794246,0.07207737863063812,6.5847320556640625,0.7410454750061035,-0.29548710584640503,0.8546517491340637,377.277490914917,42.4587933268547
1777330426.794988,0.07204242050647736,6.58191442489624,0.748774528503418,-0.29554256796836853,0.7590466737747192,377.11605250597,42.90163563022614
1777330426.852279,0.07164610177278519,6.576705455780029,0.7541117668151855,-0.29518136382102966,0.759149432182312,376.8176004532814,43.20743696908951
1777330426.85236,0.07159186899662018,6.573975086212158,0.7628874778747559,-0.2929074764251709,0.8576717376708984,376.66116174459455,43.710248354816436
1777330426.8524039,0.07167176902294159,6.5715413093566895,0.7719583511352539,-0.28956136107444763,0.8606448173522949,376.521716552639,44.22997129497528
1777330426.8524458,0.07183003425598145,6.569271564483643,0.7811942100524902,-0.2780076265335083,0.872552752494812,376.3916697043419,44.75914722032547
1777330426.8531148,0.07214168459177017,6.567102432250977,0.7914886474609375,-0.26122668385505676,0.9847877025604248,376.2673875377655,45.348975247192385
1777330426.8531651,0.07255887240171432,6.564947605133057,0.8008389472961426,-0.24043013155460358,0.9100537300109863,376.1439249941826,45.884708156490326
1777330426.9107258,0.07314066588878632,6.562722206115723,0.8091597557067871,-0.23610851168632507,0.8184330463409424,376.01641897716524,46.36145553102493
1777330426.9108212,0.07364096492528915,6.5604777336120605,0.8184208869934082,-0.23153704404830933,0.9189370274543762,375.8878201294899,46.89207945699692
1777330426.910868,0.07406292110681534,6.55806827545166,0.8275160789489746,-0.2359325885772705,0.9144173860549927,375.74976829662324,47.41319575624466
1777330426.911554,0.07450396567583084,6.555463790893555,0.8354582786560059,-0.2491549253463745,0.8055135011672974,375.60054227027894,47.86825044221878
1777330426.911605,0.07486653327941895,6.552694320678711,0.8432350158691406,-0.26676416397094727,0.7875403165817261,375.4418632587433,48.313824822235105
1777330426.911648,0.07540611177682877,6.550020217895508,0.851107120513916,-0.28313347697257996,0.7713817358016968,375.28864840049744,48.76486335554123
1777330426.969551,0.07584456354379654,6.547184944152832,0.8588190078735352,-0.29417645931243896,0.7604341506958008,375.12619912319184,49.206722111320495
1777330426.969642,0.07640055567026138,6.544422149658203,0.866602897644043,-0.3062587082386017,0.7481725215911865,374.96790260238646,49.65270630283356
1777330426.970326,0.07643985748291016,6.5414323806762695,0.8741598129272461,-0.30760887265205383,0.7467169761657715,374.7966013967514,50.0856858095169
1777330426.970379,0.07654163241386414,6.538654327392578,0.8828864097595215,-0.2996649146080017,0.8504838347434998,374.6374306114197,50.58568315629959
1777330426.970421,0.07653984427452087,6.536201000213623,0.8919377326965332,-0.28349289298057556,0.8667420148849487,374.4968652680397,51.10428594503403
1777330426.9704618,0.07652193307876587,6.5338358879089355,0.9010787010192871,-0.2640268802642822,0.885202169418335,374.3613542664528,51.62802503786087
1777330427.0250711,0.07640856504440308,6.531729698181152,0.9095187187194824,-0.2408779263496399,0.8144287467002869,374.2406784410477,52.11160260400772
1777330427.0258281,0.07642064243555069,6.530088424682617,0.9193825721740723,-0.18863900005817413,0.9617010951042175,374.14664036293027,52.67675997877121
1777330427.025881,0.07627920061349869,6.528578758239746,0.9274606704711914,-0.17148853838443756,0.7871681451797485,374.0601428163528,53.13960108318329
1777330427.0259242,0.07621924579143524,6.52708625793457,0.9365148544311523,-0.1616668999195099,0.8926326036453247,373.97462881736755,53.658367796516416
1777330427.0259662,0.07615917176008224,6.525594234466553,0.9446101188659668,-0.15071561932563782,0.8077496290206909,373.8891421391487,54.12219244852066
1777330427.026007,0.07601717114448547,6.52408504486084,0.9526886940002441,-0.15950064361095428,0.7988206744194031,373.8026719133377,54.58506087369919
1777330427.080586,0.07596766948699951,6.522421360015869,0.9596538543701172,-0.17226547002792358,0.690791666507721,373.70734975919726,54.98413530921936
1777330427.080671,0.0760185718536377,6.52058219909668,0.967402458190918,-0.19109319150447845,0.7676832675933838,373.6019735630035,55.4280977640152
1777330427.114937,0.07599059492349625,6.518575668334961,0.9749832153320312,-0.20879216492176056,0.747355043888092,373.48700777778623,55.862443309020996
1777330427.115005,0.07606301456689835,6.516393661499023,0.9823884963989258,-0.22172406315803528,0.7394556999206543,373.36198795051575,56.286734811973574
1777330427.115049,0.07605336606502533,6.514195442199707,0.9888200759887695,-0.23021487891674042,0.6325061917304993,373.236039217186,56.65523730983734
1777330427.1158059,0.07619204372167587,6.512118339538574,0.9972891807556152,-0.23083174228668213,0.8208967447280884,373.11702995853426,57.14048144273758
1777330427.1158578,0.07643134146928787,6.509865760803223,1.0046238899230957,-0.2243155688047409,0.7367437481880188,372.9879666578293,57.56072947225571
1777330427.115901,0.07665982097387314,6.507784366607666,1.013089656829834,-0.21222247183322906,0.8422564268112183,372.8687115122795,58.0457823597908
1777330427.115941,0.07694443315267563,6.505979061126709,1.020871639251709,-0.1920657753944397,0.7665910720825195,372.7652750905037,58.491657268238065
1777330427.173755,0.07711374014616013,6.504437446594238,1.0298762321472168,-0.16146282851696014,0.8928152918815613,372.6769470525742,59.00758262186051
1777330427.1745129,0.07737690210342407,6.502974987030029,1.0370430946350098,-0.14753156900405884,0.7152928113937378,372.59315426187516,59.418213741588595
1777330427.17457,0.07770021259784698,6.501871585845947,1.0455269813537598,-0.1330796182155609,0.8236162662506104,372.52993400831224,59.90430481824875
1777330427.174614,0.07802730053663254,6.500851154327393,1.0540943145751953,-0.12870879471302032,0.8317003846168518,372.4714675681114,60.39517702903748
1777330427.174655,0.07835081219673157,6.4997477531433105,1.0606608390808105,-0.12322783470153809,0.6435922384262085,372.4082473145485,60.7714113038063
1777330427.174695,0.07843547314405441,6.498527526855469,1.0680699348449707,-0.1192735955119133,0.7433998584747314,372.3383334732056,61.195921372890474
1777330427.230303,0.07833395153284073,6.4973835945129395,1.0755553245544434,-0.12936976552009583,0.7334545850753784,372.2727909544945,61.62480276460648
1777330427.230461,0.07835416495800018,6.495906829833984,1.0827069282531738,-0.15385858714580536,0.7089350819587708,372.188178540802,62.0345596198082
1777330427.2305129,0.0783863291144371,6.494073390960693,1.0895028114318848,-0.17979435622692108,0.6829437017440796,372.0831301938057,62.42393518323898
1777330427.230557,0.07834304124116898,6.492154121398926,1.096212387084961,-0.203977569937706,0.6588637828826904,371.97316410884855,62.808365687942505
1777330427.230599,0.0782429575920105,6.489959716796875,1.1036052703857422,-0.22715747356414795,0.7314274907112122,371.84743394165037,63.231946850967404
1777330427.23129,0.07823551446199417,6.487608909606934,1.108924388885498,-0.2436172068119049,0.5232219696044922,371.71274256305696,63.53671000070572
1777330427.288276,0.07814287394285202,6.485159873962402,1.1170220375061035,-0.2652493417263031,0.7893663644790649,371.572423106575,64.0006712565422
1777330427.288356,0.07788644731044769,6.482443332672119,1.122934341430664,-0.26828280091285706,0.5944507122039795,371.4167767001152,64.33942143974305
1777330427.2883992,0.07769519090652466,6.479984760284424,1.1300630569458008,-0.26156309247016907,0.6968542337417603,371.2759108283043,64.74786689815521
1777330427.2884412,0.07749909907579422,6.477626800537109,1.1392107009887695,-0.2453278750181198,0.9052324891090393,371.14080963821414,65.27198848171234
1777330427.289134,0.07729481905698776,6.475523948669434,1.146695613861084,-0.21264740824699402,0.7459133863449097,371.02032505817414,65.7008425526619
1777330427.344169,0.07716085016727448,6.473845481872559,1.1536459922790527,-0.179091215133667,0.6837501525878906,370.92415596027377,66.09907004442215
1777330427.344256,0.07699453085660934,6.4724440574646,1.1608738899230957,-0.14046171307563782,0.722319483757019,370.8438602276802,66.51319822225571
1777330427.344341,0.07679297775030136,6.471475124359131,1.1675748825073242,-0.10105815529823303,0.6658385992050171,370.7883444302559,66.89713695316314
1777330427.344384,0.07675474882125854,6.470773696899414,1.174543857574463,-0.06714145839214325,0.6998795866966248,370.74815558280943,67.29642995481491
1777330427.345106,0.07669457793235779,6.4704155921936035,1.1799378395080566,-0.039873942732810974,0.5353059768676758,370.72763768720625,67.60548246488571
1777330427.3451571,0.07669225335121155,6.470332622528076,1.1875252723693848,-0.013513029552996159,0.7532972097396851,370.7228838738441,68.0402105006218
1777330427.4029188,0.07669225335121155,6.470332622528076,1.1942367553710938,0.008020985871553421,0.6791692972183228,370.7228838738441,68.42475028839111
1777330427.403014,0.07676336169242859,6.470518589019775,1.2001748085021973,0.021384844556450844,0.5965503454208374,370.7335389727592,68.7649757929802
1777330427.40306,0.07674141973257065,6.47086238861084,1.2062716484069824,0.03247331827878952,0.6076910495758057,370.75323724536895,69.11429911279679
1777330427.403767,0.07680398225784302,6.471303462982178,1.2124652862548828,0.045476965606212616,0.6206039190292358,370.77850895433426,69.46916854820252
1777330427.403819,0.07694055140018463,6.471747875213623,1.2186622619628906,0.04590511694550514,0.6210033297538757,370.8039719086647,69.8242292289734
1777330427.403862,0.07700063288211823,6.472105979919434,1.2238140106201172,0.03843507915735245,0.5177275538444519,370.8244898042679,70.11940278968811
1777330427.4622972,0.07716407626867294,6.4723734855651855,1.2298340797424316,0.02623588778078556,0.601405918598175,370.83981675424576,70.46432746610641
1777330427.4623842,0.07733595371246338,6.472385406494141,1.2365574836730957,0.008964563719928265,0.6799618601799011,370.840499773407,70.84955027303695
1777330427.463134,0.07751882821321487,6.472226142883301,1.2431092262268066,-0.016191119328141212,0.6547250151634216,370.83137463741303,71.22493760404586
1777330427.463188,0.07762817293405533,6.471796989440918,1.249392032623291,-0.049903929233551025,0.6212752461433411,370.80678594760894,71.58491602277756
1777330427.463232,0.07777291536331177,6.470935821533203,1.255241870880127,-0.08412053436040878,0.5867956280708313,370.7574446434021,71.92008718557358
1777330427.463273,0.07792399078607559,6.469736099243164,1.2617120742797852,-0.1182197853922844,0.6481596827507019,370.6887055950165,72.29080266551972
1777330427.5216498,0.07825981825590134,6.467409133911133,1.2680144309997559,-0.15193338692188263,0.7111282348632812,370.5553802547455,72.65190123567581
1777330427.522527,0.07852444052696228,6.464896202087402,1.2741303443908691,-0.18304677307605743,0.6796867847442627,370.4113998155594,73.00231738615037
1777330427.5225952,0.0788668543100357,6.462230682373047,1.281052589416504,-0.2047296166419983,0.753735363483429,370.25867673110963,73.39893295269012
1777330427.52264,0.07884742319583893,6.460050582885742,1.287501335144043,-0.21160243451595306,0.651109516620636,370.1337661869049,73.76841899814606
1777330427.5226822,0.07881498336791992,6.4579596519470215,1.2949981689453125,-0.21604213118553162,0.7424707412719727,370.01396462602617,74.19795608825683
1777330427.522725,0.07892365753650665,6.4538726806640625,1.2995400428771973,-0.21398964524269104,0.6487870216369629,369.779798336792,74.45818638868332
1777330427.58136,0.0789949893951416,6.4517741203308105,1.3060708045959473,-0.2130136638879776,0.6498969793319702,369.65955964365,74.83237160596848
1777330427.581442,0.0789841040968895,6.449339389801025,1.3122644424438477,-0.21190863847732544,0.6507987976074219,369.52005981016157,75.18724104137421
1777330427.5814881,0.07897447794675827,6.446987152099609,1.3185410499572754,-0.20513565838336945,0.6551036238670349,369.3852864692688,75.54686429014205
1777330427.58153,0.07905208319425583,6.444467544555664,1.3236913681030273,-0.1964215338230133,0.5728403329849243,369.2409235393524,75.84195588855744
1777330427.581571,0.0790422186255455,6.442115783691406,1.3290104866027832,-0.19503264129161835,0.5719211101531982,369.1061775192261,76.14671903829574
1777330427.582299,0.07903211563825607,6.43976354598999,1.3343281745910645,-0.1934332698583603,0.5714939832687378,368.9714041783333,76.45140022573472
1777330427.6400268,0.07899797707796097,6.437589168548584,1.340782642364502,-0.19290691614151,0.671836793422699,368.846821483326,76.82121412038803
1777330427.6401222,0.07913791388273239,6.435593128204346,1.3454976081848145,-0.18069623410701752,0.49016958475112915,368.73245675497054,77.09136185903549
1777330427.640169,0.07908204197883606,6.43376350402832,1.3513383865356445,-0.16562972962856293,0.5988304615020752,368.62762697410585,77.42601392726898
1777330427.6402109,0.07910924404859543,6.4320292472839355,1.357274055480957,-0.15108104050159454,0.6180458664894104,368.52826134653094,77.76610282802582
1777330427.6409888,0.07913710922002792,6.430378437042236,1.362335205078125,-0.1390572041273117,0.5320549011230469,368.4336768530846,78.05608544311524
1777330427.641122,0.079232357442379,6.428987979888916,1.3686141967773438,-0.12518179416656494,0.6415905952453613,368.35400949811935,78.41584529571533
1777330427.698841,0.0793084129691124,6.427699565887451,1.3749966621398926,-0.1108696386218071,0.6562182903289795,368.2801887871742,78.78153375463485
1777330427.698931,0.07946405559778214,6.426666259765625,1.3816332817077637,-0.08878463506698608,0.6779587268829346,368.2209846862793,79.16178418207168
1777330427.698977,0.07960875332355499,6.425804615020752,1.3874831199645996,-0.07369891554117203,0.5973822474479675,368.171616061306,79.4969553448677
1777330427.755352,0.07975387573242188,6.4250264167785645,1.393415927886963,-0.0517730712890625,0.6191263198852539,368.1270285704613,79.83688032102584
1777330427.755441,0.07995855808258057,6.424438953399658,1.3995399475097656,-0.03428429737687111,0.636763334274292,368.0933693861961,80.18776092453002
1777330427.755487,0.07998050004243851,6.424094200134277,1.4059062004089355,-0.017601754516363144,0.6534653306007385,368.0736164720535,80.55252047739029
1777330427.7555299,0.080175019800663,6.423844814300537,1.412367820739746,0.001649991376325488,0.6726499199867249,368.0593277112007,80.92274418354035
1777330427.755572,0.08034729212522507,6.423856735229492,1.41813325881958,0.03811763972043991,0.6134693622589111,368.0600107303619,81.2530795706749
1777330427.756295,0.08051992952823639,6.423951625823975,1.4230217933654785,0.05684787407517433,0.5360445976257324,368.0654475628853,81.53317206830978
1777330427.813951,0.08067035675048828,6.4243083000183105,1.429131031036377,0.07119086384773254,0.6464471817016602,368.0858834961891,81.88320572805405
1777330427.814039,0.08073113858699799,6.424747943878174,1.4353232383728027,0.07990546524524689,0.6549748778343201,368.11107324285507,82.23799320116044
1777330427.814085,0.0808819830417633,6.425187110900879,1.4405560493469238,0.08525975793600082,0.5645762085914612,368.1362356687546,82.53781129217148
1777330427.8141272,0.08102153241634369,6.425715923309326,1.445878505706787,0.08971065282821655,0.56891930103302,368.1665343987465,82.84276568727493
1777330427.814858,0.08108241111040115,6.4261555671691895,1.4511122703552246,0.08633799850940704,0.5657021403312683,368.1917241454124,83.14263841981888
1777330427.814911,0.08114328235387802,6.426595211029053,1.456345558166504,0.08064569532871246,0.5599022507667542,368.2169138920784,83.44248383159638
1777330427.872732,0.08121199905872345,6.427022457122803,1.46156644821167,0.07065233588218689,0.5498849153518677,368.24139329881666,83.7416189034462
1777330427.8728151,0.08127246052026749,6.427379131317139,1.4657588005065918,0.059492725878953934,0.4429742693901062,368.26182923212053,83.98182308206559
1777330427.87286,0.08126157522201538,6.42755126953125,1.4707245826721191,0.052094653248786926,0.5313871502876282,368.2716920288086,84.26634154386521
1777330427.873578,0.08126211166381836,6.427634239196777,1.4756011962890625,0.033676717430353165,0.5130411386489868,368.2764458421707,84.54575102233886
1777330427.8736289,0.08126157522201538,6.42755126953125,1.4812712669372559,0.01814131624996662,0.5932584404945374,368.2716920288086,84.87062225618362
1777330427.8736708,0.08128388226032257,6.427289962768555,1.4858036041259766,0.00204262463375926,0.4812752306461334,368.2567202487946,85.13030614128112
1777330427.92964,0.08130564540624619,6.426945686340332,1.49025297164917,-0.016551107168197632,0.4628252685070038,368.2369946554184,85.38523621301651
1777330427.929746,0.0814284235239029,6.426428318023682,1.4954886436462402,-0.03771676495671272,0.5374434590339661,368.20735162382124,85.68521822862625
1777330427.930495,0.08140061050653458,6.425555229187012,1.4994091987609863,-0.05947164446115494,0.41983285546302795,368.1573273004532,85.90984957036972
1777330427.930548,0.08145509660243988,6.424694061279297,1.5052590370178223,-0.07885459810495377,0.5920447707176208,368.1079859962463,86.24502073316575
1777330427.93059,0.08152787387371063,6.423564910888672,1.509882926940918,-0.09077807515859604,0.48445406556129456,368.0432904212952,86.50995020542145
1777330427.987848,0.08159329742193222,6.422531604766846,1.5146021842956543,-0.10069601982831955,0.4745315909385681,367.98408632040025,86.78034383096696
1777330427.987927,0.08158707618713379,6.421230792999268,1.520012378692627,-0.10969983786344528,0.5611827373504639,367.90955526952746,87.09032524709701
1777330427.988656,0.08175327628850937,6.4199419021606445,1.525434970855713,-0.1219264417886734,0.5491212010383606,367.8357072378159,87.40101700315475
1777330427.988708,0.08176951110363007,6.418545246124268,1.5317082405090332,-0.13080395758152008,0.63616943359375,367.7556847128868,87.76044900655747
1777330427.98875,0.08177438378334045,6.417072296142578,1.536947250366211,-0.13681674003601074,0.5342785716056824,367.67129086532594,88.06062226753235
1777330427.98879,0.08188039064407349,6.415592670440674,1.5421791076660156,-0.14177531003952026,0.5292891263961792,367.58651452703475,88.3603857170105
1777330428.047508,0.08189620822668076,6.4140305519104,1.547327995300293,-0.14942359924316406,0.5215092301368713,367.4970116961479,88.65539535312652
1777330428.0482938,0.08192282170057297,6.412378787994385,1.5523872375488281,-0.16172340512275696,0.5092933177947998,367.40237256116865,88.94526868515014
1777330428.048348,0.08177689462900162,6.410715103149414,1.558393955230713,-0.16583091020584106,0.6009793281555176,367.3070504070282,89.28942838010788
1777330428.0483918,0.08162041753530502,6.4090576171875,1.5634479522705078,-0.16444775462150574,0.5066502094268799,367.21208342285155,89.57900118370056
1777330428.048434,0.08156438171863556,6.4073944091796875,1.5684962272644043,-0.1658012717962265,0.5053470134735107,367.11678858947755,89.86824613809586
1777330428.048474,0.0815800204873085,6.405832290649414,1.5726866722106934,-0.153966024518013,0.4212040305137634,367.0272857585907,90.10834103364944
1777330428.105815,0.08159521222114563,6.40435266494751,1.5779180526733398,-0.14058789610862732,0.5303114652633667,366.94250942029953,90.40807716236114
1777330428.1059148,0.081671342253685,6.403146266937256,1.5824646949768066,-0.12824475765228271,0.44703054428100586,366.87338788118365,90.66858067045212
1777330428.1059608,0.08165477961301804,6.402017593383789,1.5861296653747559,-0.10886485874652863,0.36967408657073975,366.8087196269989,90.87856808137893
1777330428.106003,0.08162684738636017,6.401144504547119,1.590050220489502,-0.08468853682279587,0.39538392424583435,366.7586953036308,91.1031994231224
1777330428.106045,0.08166009932756424,6.4005446434021,1.5942444801330566,-0.05947858467698097,0.41983762383461,366.724325779438,91.34351288480758
1777330428.1067772,0.08168186992406845,6.400199890136719,1.5986933708190918,-0.03454595431685448,0.4434799551963806,366.7045728652954,91.59841563577652
1777330428.161699,0.0816921517252922,6.400110244750977,1.6024389266967773,0.00515680992975831,0.38962849974632263,366.699436561203,91.81302025623322
1777330428.161786,0.0817604511976242,6.400455951690674,1.6056609153747559,0.04218759760260582,0.32975825667381287,366.7192441168785,91.99762667512894
1777330428.161831,0.08178838342428207,6.4013285636901855,1.609410285949707,0.08967260271310806,0.37598133087158203,366.7692411194801,92.21244986171722
1777330428.1618729,0.08179453760385513,6.402546405792236,1.6125454902648926,0.13585294783115387,0.32842686772346497,366.83901835699083,92.39208390111924
1777330428.162616,0.08177845180034637,6.404191970825195,1.6161084175109863,0.17749238014221191,0.36920464038848877,366.9333023220062,92.59622466802597
1777330428.162666,0.08181259781122208,6.406282901763916,1.6191582679748535,0.2236184924840927,0.3194792866706848,367.05310388288495,92.77096829023361
1777330428.220311,0.08181433379650116,6.408807754516602,1.6226415634155273,0.2664262354373932,0.36225613951683044,367.1977673412323,92.97054648914337
1777330428.220407,0.08189471065998077,6.4116716384887695,1.6255054473876953,0.3056831955909729,0.3056831955909729,367.36185586452484,93.13463501243591
1777330428.220452,0.0819348692893982,6.414897441864014,1.6287312507629395,0.3418572247028351,0.3418572247028351,367.54668084955216,93.31945999746323
1777330428.2211719,0.0817805752158165,6.418456077575684,1.631331443786621,0.35822951793670654,0.2621955871582031,367.75057572956086,93.46844013690948
1777330428.2763379,0.08180949091911316,6.421937465667725,1.634812831878662,0.3624342381954193,0.3624342381954193,367.95004464540483,93.66790905275344
1777330428.2764301,0.08176744729280472,6.425317287445068,1.6372337341308594,0.34576743841171265,0.24988986551761627,368.14369423799513,93.80661658401489
1777330428.276476,0.08180604875087738,6.428460597991943,1.6403770446777344,0.3234636187553406,0.3234636187553406,368.32379273042676,93.98671507644653
1777330428.2765188,0.08179675042629242,6.431323528289795,1.643239974975586,0.2933139204978943,0.2933139204978943,368.48782661218644,94.15074895820618
1777330428.277236,0.08170680701732635,6.433849334716797,1.645765781402588,0.26304692029953003,0.26304692029953003,368.63254471206665,94.2954670580864
1777330428.277289,0.08172944188117981,6.436112880706787,1.6489882469177246,0.23360463976860046,0.32946544885635376,368.76223639039995,94.48010079774856
1777330428.2773309,0.08166889101266861,6.4382805824279785,1.651155948638916,0.21825720369815826,0.21825720369815826,368.886436594677,94.60430100202561
1777330428.277371,0.08171320706605911,6.440199851989746,1.6540336608886719,0.2091066837310791,0.30493420362472534,368.9964026796341,94.76918182754517
1777330428.335076,0.08162953704595566,6.444026470184326,1.657860279083252,0.2036467343568802,0.2036467343568802,369.2156518303871,94.98843097829818
1777330428.335791,0.08157942444086075,6.446021556854248,1.6608142852783203,0.20106241106987,0.2969399690628052,369.32996191720963,95.15768312644958
1777330428.3358421,0.08164814114570618,6.447762489318848,1.66255521774292,0.19737671315670013,0.19737671315670013,369.42971003551486,95.25743124475478
1777330428.335883,0.08162125945091248,6.449496746063232,1.6652483940124512,0.19261755049228668,0.2885071039199829,369.52907566308977,95.4117389336586
1777330428.335924,0.08169042319059372,6.451237678527832,1.6669893264770508,0.19274868071079254,0.19274868071079254,369.62882378139494,95.51148705196381
1777330428.398797,0.08164305239915848,6.453075885772705,1.669785976409912,0.19055220484733582,0.2863916754722595,369.73414533605575,95.67172334718704
1777330428.399581,0.08161620050668716,6.454809665679932,1.6715197563171387,0.1928357630968094,0.1928357630968094,369.8334836428642,95.77106165399552
1777330428.399636,0.081671342253685,6.456556797027588,1.6742258071899414,0.18963509798049927,0.28551745414733887,369.9335869311333,95.92610700359344
1777330428.399679,0.08163166046142578,6.458379745483398,1.676048755645752,0.19081373512744904,0.19081373512744904,370.0380342212677,96.03055429372787
1777330428.399721,0.08168671280145645,6.460126876831055,1.6777958869934082,0.19386249780654907,0.19386249780654907,370.13813750953676,96.13065758199691
1777330428.399761,0.08164077997207642,6.462048530578613,1.6797175407409668,0.1962350308895111,0.1962350308895111,370.24824019832613,96.24076027078628
1777330428.45747,0.08161374926567078,6.463781833648682,1.6814508438110352,0.19508637487888336,0.19508637487888336,370.3475511843681,96.34007125682831
1777330428.457556,0.08168396353721619,6.4655232429504395,1.683192253112793,0.19154947996139526,0.19154947996139526,370.4473266234398,96.43984669589996
1777330428.457601,0.08166796714067459,6.467084884643555,1.6837949752807617,0.18725769221782684,0.0913657397031784,370.5368021335602,96.47438014469147
1777330428.457689,0.08156190067529678,6.468648433685303,1.6853585243225098,0.17668326199054718,0.17668326199054718,370.62638692674636,96.56396493787766
1777330428.45773,0.0816519632935524,6.469963073730469,1.6866731643676758,0.1671983301639557,0.1671983301639557,370.70171027984617,96.63928829097748
1777330428.458461,0.0816468819975853,6.471352577209473,1.6880626678466797,0.15644876658916473,0.15644876658916473,370.7813229932785,96.71890100440979
1777330428.516276,0.08165513724088669,6.472652912139893,1.6893630027770996,0.14592395722866058,0.14592395722866058,370.85582672338484,96.79340473451614
1777330428.5163698,0.08157096058130264,6.473873138427734,1.6905832290649414,0.14335761964321136,0.14335761964321136,370.9257405647278,96.86331857585907
1777330428.516416,0.08157936483621597,6.475173473358154,1.6918835639953613,0.1366702914237976,0.1366702914237976,371.00024429483415,96.93782230596543
1777330428.516459,0.08158525824546814,6.476390838623047,1.693100929260254,0.13556215167045593,0.13556215167045593,371.0699942115784,97.00757222270965
1777330428.517222,0.08160465955734253,6.477519512176514,1.6942296028137207,0.1271510273218155,0.1271510273218155,371.1346624657631,97.07224047689438
1777330428.5172749,0.08162421733140945,6.4786481857299805,1.6953582763671875,0.12275134027004242,0.12275134027004242,371.1993307199478,97.1369087310791
1777330428.572665,0.08155089616775513,6.479696273803711,1.696406364440918,0.118317611515522,0.118317611515522,371.25938176460267,97.19695977573394
1777330428.572756,0.08158139884471893,6.480652809143066,1.6973628997802734,0.11170193552970886,0.11170193552970886,371.3141872220993,97.25176523323059
1777330428.5728,0.08161196112632751,6.48160982131958,1.698319911956787,0.10301033407449722,0.10301033407449722,371.3690200003624,97.30659801149368
1777330428.5735161,0.08165343105792999,6.482394695281982,1.6991047859191895,0.09655311703681946,0.09655311703681946,371.4139899819374,97.3515679930687
1777330428.573566,0.08168115466833115,6.4832682609558105,1.6999783515930176,0.09104631096124649,0.09104631096124649,371.46404162607195,97.40161963720321
1777330428.573608,0.08165166527032852,6.4838666915893555,1.7005767822265625,0.08068598061800003,0.08068598061800003,371.4983291879654,97.43590719909668
1777330428.6312509,0.08169027417898178,6.4845685958862305,1.7003202438354492,0.07579217106103897,-0.02023214101791382,371.5385453561783,97.42120862674713
1777330428.631328,0.08156779408454895,6.485086917877197,1.700838565826416,0.07019709795713425,0.07019709795713425,371.5682430293083,97.45090629987716
1777330428.6320052,0.08162026852369308,6.4857001304626465,1.7014517784118652,0.06798096001148224,0.06798096001148224,371.6033775349617,97.48604080553055
1777330428.68842,0.08158785849809647,6.486215114593506,1.7019667625427246,0.060222022235393524,0.060222022235393524,371.63288396272657,97.51554723329544
1777330428.68851,0.0816371962428093,6.486745834350586,1.7024974822998047,0.06477785110473633,0.06477785110473633,371.6632919757843,97.54595524635315
1777330428.688554,0.08160795271396637,6.487343788146973,1.7030954360961914,0.06581752747297287,0.06581752747297287,371.69755221691133,97.58021548748016
1777330428.688596,0.08165735006332397,6.4878740310668945,1.7026667594909668,0.06349410116672516,-0.032865189015865326,371.7279329092026,97.55565411844253
1777330428.6893382,0.08162493258714676,6.488389492034912,1.7031822204589844,0.05805811285972595,0.05805811285972595,371.7574666577339,97.58518786697388
1777330428.6893902,0.08168838918209076,6.488831043243408,1.7036237716674805,0.056897930800914764,0.056897930800914764,371.78276568746566,97.61048689670562
1777330428.746001,0.08156602829694748,6.489348888397217,1.7031826972961426,0.05360732227563858,-0.04225827008485794,371.81243603982927,97.58521518774033
1777330428.746103,0.08162619173526764,6.4897074699401855,1.7035412788391113,0.051668960601091385,0.051668960601091385,371.8329812561989,97.60576040410996
1777330428.7461498,0.0816078931093216,6.490134239196777,1.7039680480957031,0.04962974041700363,0.04962974041700363,371.85743334217074,97.63021249008179
1777330428.74694,0.08158636093139648,6.490477561950684,1.703352928161621,0.047080352902412415,-0.04891751706600189,371.877104294014,97.5949687013626
1777330428.746994,0.0815647765994072,6.49082088470459,1.7036962509155273,0.04146992787718773,0.04146992787718773,371.8967752458572,97.61463965320587
1777330428.747036,0.08163908123970032,6.491090774536133,1.7030072212219238,0.04361484944820404,-0.05224355310201645,371.91223879966736,97.5751611456871
1777330428.806026,0.08161754906177521,6.491434097290039,1.7023921012878418,0.03963765501976013,-0.056209005415439606,371.9319097515106,97.53991735696792
1777330428.8061209,0.08159595727920532,6.491777420043945,1.702735424041748,0.037262849509716034,0.037262849509716034,371.9515807033539,97.55958830881119
1777330428.806868,0.0816669762134552,6.491964817047119,1.7019639015197754,0.03655799478292465,-0.05932916700839996,371.96231776456835,97.51538330869674
1777330428.806922,0.08165956288576126,6.4922194480896,1.7012596130371094,0.03712525591254234,-0.05874033644795418,371.9769070538521,97.47503053665162
1777330428.8069649,0.08163803070783615,6.492562770843506,1.7016029357910156,0.0368633009493351,0.0368633009493351,371.99657800569537,97.49470148849487
1777330428.865643,0.0816272646188736,6.492734432220459,1.7008161544799805,0.03920115903019905,-0.05663113668560982,372.00641348161696,97.44962222385406
1777330428.865736,0.08168751746416092,6.493093013763428,1.7002158164978027,0.04271697625517845,-0.05314622446894646,372.02695869798663,97.4152253788948
1777330428.866495,0.08157939463853836,6.493522644042969,1.699686050415039,0.04488014429807663,-0.05104030668735504,372.05157470855715,97.38487200736999
1777330428.866549,0.08155786246061325,6.493865966796875,1.699070930480957,0.0481523759663105,-0.047689493745565414,372.0712456604004,97.34962821865082
1777330428.866592,0.08161811530590057,6.494224548339844,1.697512149810791,0.047304388135671616,-0.144422248005867,372.09179087677,97.26031663312912
1777330428.866634,0.08159659057855606,6.49456787109375,1.6968965530395508,0.05369376763701439,-0.04219818487763405,372.1114618286133,97.22504552364349
1777330428.9273112,0.08157858997583389,6.494994163513184,1.696363925933838,0.05800718814134598,-0.03788716346025467,372.13588659381867,97.19452822752
1777330428.928113,0.08162804692983627,6.495524883270264,1.6959362030029297,0.05994599685072899,-0.035893481224775314,372.16629460687636,97.17002150001525
1777330428.928169,0.08159574866294861,6.496039867401123,1.694533348083496,0.0623210109770298,-0.12943413853645325,372.19580103464125,97.08964380512238
1777330428.928213,0.08155885338783264,6.49665641784668,1.693232536315918,0.06986970454454422,-0.1218138113617897,372.2311267856598,97.01511275424957
1777330428.928255,0.08152655512094498,6.497171401977539,1.692789077758789,0.07440744340419769,-0.021410472691059113,372.2606332134247,96.98970444145202
1777330428.928295,0.08157972246408463,6.497784614562988,1.6914844512939453,0.07443778216838837,-0.11731256544589996,372.29576771907807,96.91495482444763
1777330428.988582,0.08154749125242233,6.498299598693848,1.6910409927368164,0.07319179177284241,-0.02263810485601425,372.32527414684296,96.88954651165008
1777330428.988683,0.08160071820020676,6.498913288116455,1.6897363662719727,0.07013155519962311,-0.12167607247829437,372.3604359732628,96.8147968946457
1777330428.9887302,0.08156853914260864,6.499427795410156,1.688333511352539,0.07011278718709946,-0.12158509343862534,372.38991508026123,96.73441919975281
1777330428.988773,0.08163250237703323,6.4998698234558105,1.687817096710205,0.0678439661860466,-0.027993112802505493,372.4152414307594,96.70483080968857
1777330428.988815,0.08151037991046906,6.500388145446777,1.686417579650879,0.06688931584358215,-0.12487541139125824,372.44493910388945,96.62464436016083
1777330428.989655,0.08148891478776932,6.500731468200684,1.6848435401916504,0.054609354585409164,-0.13707415759563446,372.46461005573275,96.53445851011276
1777330428.9898582,0.08156369626522064,6.501001834869385,1.684154987335205,0.04827674850821495,-0.047610413283109665,372.4801009303093,96.49500732336044
1777330429.049711,0.08154228329658508,6.501344680786133,1.6825804710388184,0.04611461982131004,-0.1455976366996765,372.4997445613861,96.40479415254593
1777330429.0498052,0.08153152465820312,6.501516342163086,1.6817936897277832,0.03608445078134537,-0.059755027294158936,372.5095800373077,96.35971488790513
1777330429.049852,0.08153534680604935,6.501599311828613,1.680917739868164,0.028593556955456734,-0.067286416888237,372.51433385066986,96.30952663993835
1777330429.050621,0.08152081817388535,6.501688003540039,1.679089069366455,0.027570461854338646,-0.16416096687316895,372.5194155132294,96.20475150060653
1777330429.050674,0.08152464777231216,6.501770973205566,1.678213119506836,0.02089979313313961,-0.07496818900108337,372.5241693265915,96.15456325263978
1777330429.111261,0.08152464777231216,6.501770973205566,1.676295280456543,0.017627304419875145,-0.17414221167564392,372.5241693265915,96.044679129982
1777330429.111358,0.08153534680604935,6.501599311828613,1.6751646995544434,0.013157648965716362,-0.08270314335823059,372.51433385066986,95.97990159273148
1777330429.111404,0.08154605329036713,6.50142765045166,1.6740341186523438,0.010030148550868034,-0.08582346141338348,372.5044983747482,95.91512405548096
1777330429.112163,0.0815567597746849,6.501255989074707,1.6729040145874023,0.009546542540192604,-0.08627855777740479,372.4946628988266,95.85037383899689
1777330429.1123998,0.08156746625900269,6.501084327697754,1.6708149909973145,0.005357212387025356,-0.18637901544570923,372.48482742290497,95.73068156118393
1777330429.112451,0.08157823234796524,6.500913143157959,1.669684886932373,0.006651327945291996,-0.08901103585958481,372.47501926774976,95.66593134469986
1777330429.1124952,0.0815109834074974,6.5008087158203125,1.6676630973815918,0.00867809634655714,-0.18342792987823486,372.4690360198975,95.5500912949562
1777330429.1125371,0.08152168244123459,6.500637054443359,1.6665325164794922,0.007162283640354872,-0.08869851380586624,372.45920054397584,95.48531375770568
1777330429.113112,0.08162233233451843,6.500462055206299,1.6653990745544434,0.006109859794378281,-0.08953355252742767,372.44917382268903,95.42037229585648
1777330429.171272,0.08162233233451843,6.500462055206299,1.6634812355041504,0.009923850186169147,-0.18218183517456055,372.44917382268903,95.3104881731987
1777330429.171367,0.08162233233451843,6.500462055206299,1.662522792816162,0.01605238951742649,-0.07978229969739914,372.44917382268903,95.25557343263625
1777330429.171412,0.08153615891933441,6.500548362731934,1.6606907844543457,0.018544122576713562,-0.1724851429462433,372.4541188814163,95.1506070479393
1777330429.2072582,0.08152168244123459,6.500637054443359,1.6598210334777832,0.019702771678566933,-0.07649985700845718,372.45920054397584,95.10077396993637
1777330429.208056,0.08152168244123459,6.500637054443359,1.6579031944274902,0.021835843101143837,-0.16989055275917053,372.45920054397584,94.9908898472786
1777330429.208113,0.08152545243501663,6.500720024108887,1.6560688018798828,0.02168102189898491,-0.17001207172870636,372.46395435733797,94.88578685874938
1777330429.2081568,0.08152545243501663,6.500720024108887,1.654151439666748,0.02400742843747139,-0.167709618806839,372.46395435733797,94.77593005685806
1777330429.208199,0.08159647136926651,6.5009074211120605,1.6533799171447754,0.02039691060781479,-0.07549025118350983,372.4746914185524,94.73172505674363
1777330429.208241,0.08159647136926651,6.5009074211120605,1.6514625549316406,0.020725784823298454,-0.17093855142593384,372.4746914185524,94.62186825485229
1777330429.265135,0.08168641477823257,6.500903606414795,1.6505002975463867,0.017608223482966423,-0.07821687310934067,372.47447285242083,94.56673494815827
1777330429.2652302,0.08168641477823257,6.500903606414795,1.6485824584960938,0.01770484633743763,-0.17406466603279114,372.47447285242083,94.45685082550048
1777330429.265277,0.08170094341039658,6.500814914703369,1.6465764045715332,0.017123796045780182,-0.1742488145828247,372.4693911898613,94.34191236104965
1777330429.2653198,0.08169712126255035,6.500731945037842,1.6455340385437012,0.008590790443122387,-0.08744487911462784,372.4646373764992,94.2821891655922
1777330429.2653608,0.08162610232830048,6.500544548034668,1.6434292793273926,0.005211797077208757,-0.18647171556949615,372.4539003152847,94.16159530248642
1777330429.26611,0.0816405713558197,6.500455856323242,1.6423816680908203,0.0011100752744823694,-0.09477467834949493,372.4488186527252,94.10157157859803
1777330429.324527,0.08165127784013748,6.500284671783447,1.6402931213378906,-4.867572715738788e-05,-0.1917705088853836,372.43901049757005,93.98190662155152
1777330429.324627,0.08166198432445526,6.500113010406494,1.6391630172729492,-0.0020752628333866596,-0.09789079427719116,372.4291750216484,93.91715640506744
1777330429.324673,0.08167263120412827,6.499941349029541,1.6370735168457031,-0.0054541537538170815,-0.19722366333007812,372.41933954572676,93.79743680648804
1777330429.324715,0.08168333023786545,6.499769687652588,1.6359434127807617,-0.005066946614533663,-0.10090402513742447,372.40950406980517,93.73268659000396
1777330429.32546,0.08169780671596527,6.499680995941162,1.6348958015441895,-0.004624968394637108,-0.10050733387470245,372.40442240724565,93.67266286611557
1777330429.325512,0.08169403672218323,6.499598026275635,1.6328954696655273,-0.007723047863692045,-0.19944968819618225,372.3996685938835,93.55805225086212
1777330429.3827178,0.08162302523851395,6.499410629272461,1.631749153137207,-0.003253314411267638,-0.09912848472595215,372.38893153266906,93.49237312831879
1777330429.3828108,0.08163372427225113,6.499238967895508,1.6306190490722656,-0.004469625186175108,-0.1002875417470932,372.3790960567474,93.42762291183472
1777330429.3828568,0.08164437115192413,6.499067306518555,1.6285295486450195,-0.005435021128505468,-0.19717098772525787,372.3692605808258,93.30790331325531
1777330429.3836439,0.08165878802537918,6.498978614807129,1.6274824142456055,-0.005541340447962284,-0.10135446488857269,372.3641789182663,93.24790691013337
1777330429.383698,0.08166948705911636,6.498806953430176,1.6263518333435059,-0.009692042134702206,-0.10556002706289291,372.35434344234466,93.18312937288285
1777330429.38374,0.08166578412055969,6.498723983764648,1.6243515014648438,-0.006700318772345781,-0.19839820265769958,372.3495896289825,93.06851875762939
1777330429.441314,0.0816764235496521,6.498552322387695,1.6232209205627441,-0.006487699691206217,-0.1023532897233963,372.33975415306094,93.00374122037887
1777330429.441407,0.0816090852022171,6.498448371887207,1.6221585273742676,-0.006525902077555656,-0.10234382003545761,372.33379822597504,92.94287055273055
1777330429.4421382,0.08161979168653488,6.498276710510254,1.6200690269470215,-0.006419708952307701,-0.19820360839366913,372.3239627500534,92.82315095415116
1777330429.49854,0.08170609176158905,6.498190402984619,1.6190242767333984,-0.0011399155482649803,-0.09697460383176804,372.31901769132617,92.76329115486145
1777330429.498632,0.08172044157981873,6.498101711273193,1.617018222808838,0.001565295155160129,-0.1901182234287262,372.31393602876665,92.64835269041062
1777330429.498677,0.0817311480641365,6.49793004989624,1.6158876419067383,0.0033296532928943634,-0.09255270659923553,372.304100552845,92.5835751531601
1777330429.49872,0.08172743767499924,6.497847080230713,1.6148457527160645,0.008494919165968895,-0.08738265186548233,372.29934673948287,92.52387927846908
1777330429.4994402,0.08174185454845428,6.497758388519287,1.612839698791504,0.010714676231145859,-0.18100714683532715,372.29426507692335,92.40894081401825
1777330429.555615,0.08174549788236618,6.4978413581848145,1.61100435256958,0.017472321167588234,-0.174287348985672,372.2990188902855,92.30378318395614
1777330429.555707,0.0817311480641365,6.49793004989624,1.6101341247558594,0.022067399695515633,-0.07381735742092133,372.304100552845,92.25392278518677
1777330429.555753,0.08173485845327377,6.498013019561768,1.608299732208252,0.023101091384887695,-0.16859200596809387,372.30885436620713,92.14881979665756
1777330429.555796,0.081724151968956,6.498184680938721,1.6065540313720703,0.030911527574062347,-0.1608007252216339,372.3186898421288,92.04879847068787
1777330429.556509,0.08178455382585526,6.4985432624816895,1.6059536933898926,0.03516845405101776,-0.060718707740306854,372.3392350584984,92.01440162572861
1777330429.556608,0.08177390694618225,6.498714923858643,1.604207992553711,0.04264885559678078,-0.14906340837478638,372.34907053442004,91.91438029975892
1777330429.612521,0.08175626397132874,6.499141216278076,1.6027164459228516,0.05015909671783447,-0.14159125089645386,372.3734952996254,91.82892094230652
1777330429.6126132,0.08181663602590561,6.499500274658203,1.6011581420898438,0.05364447087049484,-0.13802465796470642,372.39406783676145,91.73963667755127
1777330429.612661,0.08169464021921158,6.50001859664917,1.5997591018676758,0.057042885571718216,-0.13463585078716278,372.4237655098915,91.65947754878998
1777330429.613386,0.08175883442163467,6.500460147857666,1.598283290863037,0.059011299163103104,-0.13270096480846405,372.44906453962324,91.5749197766304
1777330429.613438,0.08172684162855148,6.500975131988525,1.5968804359436035,0.06224536895751953,-0.1295049786567688,372.4785709673882,91.49454208173752
1777330429.6134799,0.08177656680345535,6.5015058517456055,1.5954937934875488,0.06647274643182755,-0.12483303993940353,372.5089789804459,91.4150932929039
1777330429.672308,0.08174846321344376,6.502103328704834,1.593214988708496,0.0734928771853447,-0.21464675664901733,372.5432119008064,91.28452735004426
1777330429.672389,0.081802137196064,6.502717018127441,1.5919113159179688,0.07781735807657242,-0.11389490216970444,372.5783737272263,91.20983237457276
1777330429.6731079,0.08184124529361725,6.503418922424316,1.590695858001709,0.08638915419578552,-0.10497391223907471,372.61858989543913,91.14019174089432
1777330429.673161,0.0818697139620781,6.504292964935303,1.5896525382995605,0.09497004747390747,-0.09708787500858307,372.6686688603401,91.08041390390396
1777330429.673227,0.08181224018335342,6.505253314971924,1.5886945724487305,0.10611182451248169,-0.08566702902317047,372.72369288396834,91.02552648410797
1777330429.673314,0.08183418959379196,6.506381511688232,1.5869464874267578,0.11937618255615234,-0.1671631634235382,372.7883338173866,90.92536855430603
1777330429.733393,0.08185616880655289,6.507509708404541,1.5861573219299316,0.1300904005765915,-0.06230476498603821,372.8529747508049,90.88015268583298
1777330429.734155,0.0817776769399643,6.508813381195068,1.5845847129821777,0.14243865013122559,-0.1451176106929779,372.9276697262764,90.79004879808426
1777330429.734211,0.08178924769163132,6.510112762451172,1.5839667320251465,0.14655987918376923,-0.04516676068305969,373.00211881484984,90.75464108476639
1777330429.734256,0.08186767995357513,6.51151704788208,1.5824947357177734,0.1520611047744751,-0.13555270433425903,373.0825784720421,90.6703018787384
1777330429.7342982,0.08178945630788803,6.512820720672607,1.5809216499328613,0.1535414457321167,-0.1340624988079071,373.1572734475136,90.58017067022324
1777330429.734338,0.08188293129205704,6.514136791229248,1.5803203582763672,0.1511644870042801,-0.04051424562931061,373.23267876291277,90.54571918373108
1777330429.795443,0.08187979459762573,6.515524864196777,1.5788321495056152,0.1489168256521225,-0.13863228261470795,373.3122095140457,90.46045107164383
1777330429.795595,0.0818169042468071,6.516739845275879,1.578129768371582,0.14322666823863983,-0.04847121238708496,373.3818228269577,90.42020758266449
1777330429.7956438,0.08182447403669357,6.517956733703613,1.5764703750610352,0.14257048070430756,-0.1449786275625229,373.4515454229355,90.32513131542206
1777330429.795688,0.0819288045167923,6.519101142883301,1.575697422027588,0.1355864405632019,-0.05608747899532318,373.51711526241303,90.28084435300828
1777330429.7957299,0.0818616971373558,6.520233154296875,1.5739531517028809,0.13100773096084595,-0.15654852986335754,373.5819747619629,90.18090498933792
1777330429.796492,0.08188466727733612,6.521361351013184,1.5731635093688965,0.12478967756032944,-0.0669846460223198,373.6466156953812,90.13566180009842
1777330429.853473,0.08190284669399261,6.522406101226807,1.5722904205322266,0.11717499792575836,-0.07455140352249146,373.7064754946709,90.08563747673034
1777330429.853569,0.08187533915042877,6.524240970611572,1.5722079277038574,0.1119394600391388,-0.0797392725944519,373.81160580396653,90.08091098413468
1777330429.8536162,0.08190903812646866,6.525197505950928,1.5712471008300781,0.10855653136968613,-0.08317489176988602,373.86641126146316,90.02585963973999
1777330429.853659,0.08186343312263489,6.525987148284912,1.5701193809509277,0.10622382164001465,-0.08544531464576721,373.91165445070266,89.96124602708817
1777330429.854375,0.08189225941896439,6.52686071395874,1.569075107574463,0.102011539041996,-0.08974840492010117,373.9617060948372,89.90141354856492
1777330429.8544261,0.08183963596820831,6.527717590332031,1.5680146217346191,0.09974323213100433,-0.09197381138801575,374.010801512146,89.8406521639824
1777330429.913971,0.08179920166730881,6.528590202331543,1.566969871520996,0.09610158205032349,-0.09559151530265808,374.0607985147476,89.78079236469269
1777330429.9140701,0.08182808756828308,6.529463768005371,1.5659255981445312,0.09634026139974594,-0.09541488438844681,374.11085015888216,89.72095988616944
1777330429.9141161,0.08187270164489746,6.530248641967773,1.5647926330566406,0.09533655643463135,-0.0964185893535614,374.15582014045714,89.65604574508667
1777330429.914815,0.08190161734819412,6.531122207641602,1.563748836517334,0.09535812586545944,-0.09634455293416977,374.2058717845917,89.59624058732986
1777330429.914866,0.08185643702745438,6.531912326812744,1.5626215934753418,0.10061684250831604,-0.09110498428344727,374.2511422945976,89.53165429544448
1777330429.972785,0.08189061284065247,6.532868385314941,1.5626187324523926,0.09845701605081558,0.0025770440697669983,374.3059204313278,89.53149037084579
1777330429.9728699,0.08191965520381927,6.5337419509887695,1.5606160163879395,0.10282047092914581,-0.18482209742069244,374.3559720754623,89.4167431517601
1777330429.972916,0.08186403661966324,6.534703254699707,1.5596599578857422,0.10373789072036743,-0.08794562518596649,374.41105074062347,89.36196501502991
1777330429.973643,0.08189304172992706,6.535576820373535,1.5586161613464355,0.1069682389497757,-0.08476318418979645,374.461102384758,89.3021598572731
1777330429.973695,0.08184602856636047,6.536516189575195,1.5576376914978027,0.1071614995598793,-0.08458884805440903,374.5149242946625,89.2460976445198
1777330429.973738,0.08178520947694778,6.5373945236206055,1.55659818649292,0.1026022881269455,-0.08917681872844696,374.5652491464615,89.18653837366104
1777330430.0308821,0.08181978017091751,6.538351058959961,1.5556373596191406,0.10170688480138779,-0.09000057727098465,374.6200546039581,89.13148702926635
1777330430.03097,0.08184881508350372,6.539224147796631,1.5545930862426758,0.10641646385192871,-0.08527663350105286,374.6700789273262,89.0716545507431
1777330430.0316858,0.08179352432489395,6.540185451507568,1.5536370277404785,0.1039978563785553,-0.08773356676101685,374.72515759248734,89.01687641401291
1777330430.031739,0.08182823657989502,6.541141986846924,1.552675724029541,0.109538234770298,-0.08219773322343826,374.77996304998396,88.96179774885178
1777330430.0317812,0.08185739815235138,6.542015552520752,1.5516319274902344,0.10521593689918518,-0.0865250676870346,374.8300146941185,88.90199259109497
1777330430.0318232,0.08180231600999832,6.5429768562316895,1.550675868988037,0.10942912846803665,-0.08224000781774521,374.8850933592796,88.84721445436477
1777330430.08917,0.0819186344742775,6.54395055770874,1.5497322082519531,0.10942880064249039,-0.08225471526384354,374.94088236436846,88.79314665756226
1777330430.08994,0.08184746652841568,6.5450005531311035,1.5488643646240234,0.1108892560005188,-0.08088025450706482,375.0010426920891,88.74342286262512
1777330430.089997,0.08188248425722122,6.545956611633301,1.547903060913086,0.10960166901350021,-0.082101009786129,375.05582082881926,88.68834419746399
1777330430.09004,0.08191756159067154,6.546913146972656,1.5459833145141602,0.10975796729326248,-0.17784863710403442,375.1106262863159,88.57835079174042
1777330430.090082,0.08186286687850952,6.547874450683594,1.545027256011963,0.11082583665847778,-0.08088162541389465,375.16570495147704,88.52357265501023
1777330430.0901241,0.08188167214393616,6.548919200897217,1.5451130867004395,0.10752950608730316,0.011639952659606934,375.22556475076675,88.52849039297104
1777330430.148015,0.0818374827504158,6.549709796905518,1.5430278778076172,0.10209891945123672,-0.18539533019065857,375.2708625815392,88.40901668128967
1777330430.148113,0.08186672627925873,6.5505828857421875,1.5419821739196777,0.10282059758901596,-0.08903469890356064,375.32088690490724,88.34910224046708
1777330430.14816,0.08190213143825531,6.551539421081543,1.5410213470458984,0.09995617717504501,-0.09136869758367538,375.37569236240387,88.29405089607239
1777330430.148203,0.08177683502435684,6.552311897277832,1.540834903717041,0.09229673445224762,-0.003784976899623871,375.4199520040512,88.28336847639083
1777330430.148245,0.08181654661893845,6.553014278411865,1.5396199226379395,0.08786976337432861,-0.10382333397865295,375.46019549303054,88.21375516347885
1777330430.148981,0.08185628801584244,6.55371618270874,1.5384044647216797,0.07909560203552246,-0.11226746439933777,375.50041166124345,88.14411452980042
1777330430.20623,0.08174146711826324,6.554317951202393,1.5370888710021973,0.07214339077472687,-0.11992895603179932,375.53489046850206,88.06873653516769
1777330430.206327,0.08179154992103577,6.554849147796631,1.536661148071289,0.06004355847835541,-0.03582921624183655,375.5653258023262,88.04422980766296
1777330430.206374,0.08178742229938507,6.555102825164795,1.5359559059143066,0.04605915769934654,-0.04955074563622475,375.57986045007704,88.00382239408493
1777330430.2064168,0.08184169232845306,6.555380344390869,1.5352749824523926,0.03521300479769707,-0.06088351830840111,375.5957611361504,87.96480833959579
1777330430.2071779,0.08184797316789627,6.5554633140563965,1.5343990325927734,0.023017682135105133,-0.0728718712925911,375.6005149495125,87.91462009162903
1777330430.207232,0.08184797316789627,6.5554633140563965,1.533440113067627,0.011840760707855225,-0.08403921127319336,375.6005149495125,87.85967803030015
1777330430.264477,0.08177707344293594,6.55527400970459,1.532292366027832,-0.0013113304739817977,-0.09712686389684677,375.58966860523225,87.79391694545745
1777330430.264569,0.08178742229938507,6.555102825164795,1.532121181488037,-0.012965792790055275,-0.012965792790055275,375.57986045007704,87.78410879030227
1777330430.2646132,0.08180823177099228,6.554760932922363,1.530820369720459,-0.028385614976286888,-0.12425599992275238,375.56027146053316,87.70957773942948
1777330430.265357,0.08175808936357498,6.554229736328125,1.5302891731262207,-0.03511708229780197,-0.03511708229780197,375.529836126709,87.67914240560532
1777330430.2654111,0.08177261799573898,6.553804874420166,1.5298643112182617,-0.04093964770436287,-0.04093964770436287,375.50549332380297,87.65479960269928
1777330430.265454,0.08181235939264297,6.553267955780029,1.529327392578125,-0.04728865250945091,-0.04728865250945091,375.4747301407814,87.62403641967774
1777330430.3222961,0.08176218718290329,6.552736759185791,1.5287961959838867,-0.04737519845366478,-0.04737519845366478,375.44429480695726,87.59360108585358
1777330430.3223839,0.0817934051156044,6.5522236824035645,1.5282831192016602,-0.047446489334106445,-0.047446489334106445,375.41489766225817,87.56420394115447
1777330430.3231192,0.08172666281461716,6.551780700683594,1.5278401374816895,-0.04604974389076233,-0.04604974389076233,375.38951667022707,87.53882294912339
1777330430.3231711,0.08175788074731827,6.551267623901367,1.527327060699463,-0.0403994582593441,-0.0403994582593441,375.360119525528,87.50942580442428
1777330430.323214,0.08178718388080597,6.550901889801025,1.526961326599121,-0.03618495911359787,-0.03618495911359787,375.3391644976616,87.48847077655792
1777330430.323254,0.08180799335241318,6.5505595207214355,1.5266189575195312,-0.03380737081170082,-0.03380737081170082,375.31954818735124,87.46885446624756
1777330430.383115,0.08182875066995621,6.550217628479004,1.5262770652770996,-0.026218941435217857,-0.026218941435217857,375.2999591978073,87.44926547670364
1777330430.383892,0.08175177872180939,6.549945831298828,1.5250468254089355,-0.019932903349399567,-0.11577717214822769,375.2843863609314,87.37877789926529
1777330430.384009,0.08176218718290329,6.549774646759033,1.5248756408691406,-0.01533428579568863,-0.01533428579568863,375.2745782057762,87.3689697441101
1777330430.384054,0.0817786306142807,6.549686431884766,1.524787425994873,-0.007463354617357254,-0.007463354617357254,375.2695238639832,87.36391540231705
1777330430.384096,0.0817786306142807,6.549686431884766,1.5238285064697266,-0.0020091617479920387,-0.09787475317716599,375.2695238639832,87.30897334098816
1777330430.445962,0.0817786306142807,6.549686431884766,1.5238285064697266,0.0033195840660482645,0.0033195840660482645,375.2695238639832,87.30897334098816
1777330430.446798,0.0817786306142807,6.549686431884766,1.52286958694458,0.013027265667915344,-0.08284790813922882,375.2695238639832,87.25403127965927
1777330430.4468591,0.0817682296037674,6.5498576164245605,1.523040771484375,0.020851192995905876,0.020851192995905876,375.27933201913834,87.26383943481446
1777330430.446903,0.08175782114267349,6.550028324127197,1.5222530364990234,0.019658511504530907,-0.07618096470832825,375.28911285352706,87.21870552864074
1777330430.4469461,0.08182875066995621,6.550217628479004,1.5214834213256836,0.027255257591605186,-0.0686366930603981,375.2999591978073,87.1746098115921
1777330430.446987,0.08180799335241318,6.5505595207214355,1.5218253135681152,0.031485117971897125,0.031485117971897125,375.31954818735124,87.19419880113601
1777330430.5081542,0.08180368691682816,6.550813674926758,1.5211210250854492,0.03398827463388443,-0.061848804354667664,375.33411015586853,87.15384602909089
1777330430.508244,0.08168695122003555,6.5510783195495605,1.5204267501831055,0.03292107582092285,-0.06297087669372559,375.3492731812477,87.11406699314118
1777330430.508291,0.08176398277282715,6.5513505935668945,1.519740104675293,0.03172021359205246,-0.06417173892259598,375.36487333889005,87.07472508945465
1777330430.5083342,0.08175357431173325,6.551521301269531,1.5199108123779297,0.03287363052368164,0.03287363052368164,375.3746541732788,87.08450592384338
1777330430.508375,0.081749327480793,6.5517754554748535,1.520164966583252,0.029366249218583107,0.029366249218583107,375.3892161417961,87.0990678923607
1777330430.5091221,0.08182031661272049,6.551964282989502,1.519395351409912,0.026141203939914703,-0.06969587504863739,375.40003516530993,87.05497217531205
1777330430.569626,0.08180990815162659,6.552135467529297,1.5186076164245605,0.018654117360711098,-0.07721386849880219,375.4098433204651,87.00983826913834
1777330430.569723,0.08180990815162659,6.552135467529297,1.5186076164245605,0.014353250153362751,0.014353250153362751,375.4098433204651,87.00983826913834
1777330430.569769,0.08180990815162659,6.552135467529297,1.5186076164245605,0.009888775646686554,0.009888775646686554,375.4098433204651,87.00983826913834
1777330430.5698109,0.08173897862434387,6.55194616317749,1.518418312072754,-6.245898839551955e-05,-6.245898839551955e-05,375.39899697618483,86.99899192485809
1777330430.570624,0.08173897862434387,6.55194616317749,1.518418312072754,-0.007870549336075783,-0.007870549336075783,375.39899697618483,86.99899192485809
1777330430.570678,0.08175357431173325,6.551521301269531,1.517993450164795,-0.012932627461850643,-0.012932627461850643,375.3746541732788,86.97464912195205
1777330430.6291049,0.08178048580884933,6.551261901855469,1.5177340507507324,-0.02046724408864975,-0.02046724408864975,375.3597916763306,86.95978662500382
1777330430.629198,0.08170345425605774,6.550990104675293,1.5174622535705566,-0.02421807125210762,-0.02421807125210762,375.34421883945464,86.9442137881279
1777330430.629243,0.08180368691682816,6.550813674926758,1.5172858238220215,-0.0219263918697834,-0.0219263918697834,375.33411015586853,86.93410510454177
1777330430.629952,0.08181403577327728,6.550642490386963,1.5171146392822266,-0.015483079478144646,-0.015483079478144646,375.3243020007134,86.9242969493866
1777330430.630003,0.08181403577327728,6.550642490386963,1.5171146392822266,-0.01108083687722683,-0.01108083687722683,375.3243020007134,86.9242969493866
1777330430.630044,0.08183053880929947,6.550554275512695,1.517026424407959,-0.002573997713625431,-0.002573997713625431,375.3192476589203,86.91924260759353
1777330430.687451,0.08182444423437119,6.550471305847168,1.5169434547424316,0.004214389715343714,0.004214389715343714,375.31449384555816,86.91448879423142
1777330430.687582,0.08182444423437119,6.550471305847168,1.5169434547424316,0.007525908760726452,0.007525908760726452,375.31449384555816,86.91448879423142
1777330430.688315,0.0818408876657486,6.5503830909729,1.516855239868164,0.001985474955290556,0.001985474955290556,375.3094395037651,86.90943445243835
1777330430.688368,0.0818408876657486,6.5503830909729,1.516855239868164,-6.267547723837197e-05,-6.267547723837197e-05,375.3094395037651,86.90943445243835
1777330430.688412,0.08175351470708847,6.5502824783325195,1.5167546272277832,-0.005611324682831764,-0.005611324682831764,375.3036748220444,86.90366977071763
1777330430.6884532,0.08175351470708847,6.5502824783325195,1.5167546272277832,-0.008985273540019989,-0.008985273540019989,375.3036748220444,86.90366977071763
1777330430.746484,0.08176995813846588,6.550194263458252,1.5166664123535156,-0.008985273540019989,-0.008985273540019989,375.2986204802513,86.89861542892456
1777330430.747253,0.08176995813846588,6.550194263458252,1.5166664123535156,-0.0020092041231691837,-0.0020092041231691837,375.2986204802513,86.89861542892456
1777330430.747308,0.08176995813846588,6.550194263458252,1.5166664123535156,0.0010046020615845919,0.0010046020615845919,375.2986204802513,86.89861542892456
1777330430.747353,0.08176995813846588,6.550194263458252,1.5166664123535156,0.007635815534740686,0.007635815534740686,375.2986204802513,86.89861542892456
1777330430.747394,0.08176995813846588,6.550194263458252,1.5166664123535156,0.01082207914441824,0.01082207914441824,375.2986204802513,86.89861542892456
1777330430.747434,0.0817638635635376,6.550111293792725,1.5165834426879883,0.00986465159803629,0.00986465159803629,375.2938666668892,86.89386161556244
1777330430.802979,0.0817638635635376,6.550111293792725,1.5165834426879883,0.008750224485993385,0.008750224485993385,375.2938666668892,86.89386161556244
1777330430.803064,0.08178036659955978,6.550023078918457,1.5164952278137207,-0.0010046066017821431,-0.0010046066017821431,375.2888123250961,86.88880727376937
1777330430.80311,0.08178036659955978,6.550023078918457,1.5164952278137207,-0.001907412544824183,-0.001907412544824183,375.2888123250961,86.88880727376937
1777330430.8031528,0.08178036659955978,6.550023078918457,1.5164952278137207,0.0034214046318084,0.0034214046318084,375.2888123250961,86.88880727376937
1777330430.803194,0.0817742645740509,6.54994010925293,1.5164122581481934,0.0064978343434631824,0.0064978343434631824,375.28405851173403,86.88405346040726
1777330430.803911,0.0817742645740509,6.54994010925293,1.5164122581481934,0.009942823089659214,0.009942823089659214,375.28405851173403,86.88405346040726
1777330430.8586738,0.08178036659955978,6.550023078918457,1.5164952278137207,0.015295197255909443,0.015295197255909443,375.2888123250961,86.88880727376937
1777330430.858764,0.08176995813846588,6.550194263458252,1.5166664123535156,0.016229066997766495,0.016229066997766495,375.2986204802513,86.89861542892456
1777330430.858808,0.08176995813846588,6.550194263458252,1.5166664123535156,0.014329670928418636,0.014329670928418636,375.2986204802513,86.89861542892456
1777330430.85885,0.08176995813846588,6.550194263458252,1.5166664123535156,0.005563969723880291,0.005563969723880291,375.2986204802513,86.89861542892456
1777330430.859572,0.08176995813846588,6.550194263458252,1.5166664123535156,0.0013104623649269342,0.0013104623649269342,375.2986204802513,86.89861542892456
1777330430.859624,0.08176995813846588,6.550194263458252,1.5166664123535156,0.00359382014721632,0.00359382014721632,375.2986204802513,86.89861542892456
1777330430.914237,0.08176995813846588,6.550194263458252,1.5166664123535156,0.007722044363617897,0.007722044363617897,375.2986204802513,86.89861542892456
1777330430.9143329,0.08168013393878937,6.550199508666992,1.5166716575622559,0.012296878732740879,0.012296878732740879,375.29892100868227,86.8989159573555
1777330430.91438,0.08166972547769547,6.550370693206787,1.5168428421020508,0.015396774746477604,0.015396774746477604,375.3087291638374,86.90872411251068
1777330430.9151309,0.08165938407182693,6.550541877746582,1.5170140266418457,0.015381323173642159,0.015381323173642159,375.31853731899264,86.91853226766587
1777330430.915186,0.08166541904211044,6.550624847412109,1.517096996307373,0.016033397987484932,0.016033397987484932,375.3232911323547,86.92328608102798
1777330430.915227,0.08173031359910965,6.5507307052612305,1.5172028541564941,0.012210275046527386,0.012210275046527386,375.3293563425064,86.92935129117966
1777330430.972419,0.08173031359910965,6.5507307052612305,1.5172028541564941,0.006670089438557625,0.006670089438557625,375.3293563425064,86.92935129117966
1777330430.9725099,0.08173031359910965,6.5507307052612305,1.5172028541564941,0.004449496977031231,0.004449496977031231,375.3293563425064,86.92935129117966
1777330430.973223,0.08173031359910965,6.5507307052612305,1.5172028541564941,0.008577920496463776,0.008577920496463776,375.3293563425064,86.92935129117966
1777330430.973275,0.08166541904211044,6.550624847412109,1.517096996307373,0.00827215425670147,0.00827215425670147,375.3232911323547,86.92328608102798
1777330430.9733171,0.08173031359910965,6.5507307052612305,1.5172028541564941,0.01193662453442812,0.01193662453442812,375.3293563425064,86.92935129117966
1777330431.0486872,0.08171990513801575,6.550901889801025,1.517374038696289,0.015553775243461132,0.015553775243461132,375.3391644976616,86.93915944633484
1777330431.048785,0.0817260667681694,6.550984859466553,1.5174570083618164,0.013285920955240726,0.013285920955240726,375.3439183110237,86.94391325969696
1777330431.04956,0.0817156583070755,6.551156044006348,1.5176281929016113,0.013176132924854755,0.013176132924854755,375.3537264661789,86.95372141485214
1777330431.049613,0.0817156583070755,6.551156044006348,1.5176281929016113,0.008789140731096268,0.008789140731096268,375.3537264661789,86.95372141485214
1777330431.0496562,0.0817156583070755,6.551156044006348,1.5176281929016113,0.006458836607635021,0.006458836607635021,375.3537264661789,86.95372141485214
1777330431.049697,0.08170955628156662,6.55107307434082,1.517545223236084,0.005210894159972668,0.005210894159972668,375.34897265281677,86.94896760149003
1777330431.105102,0.08170955628156662,6.55107307434082,1.517545223236084,0.006669982336461544,0.006669982336461544,375.34897265281677,86.94896760149003
1777330431.105919,0.08170955628156662,6.55107307434082,1.517545223236084,0.007823311723768711,0.007823311723768711,375.34897265281677,86.94896760149003
1777330431.1059752,0.0817260667681694,6.550984859466553,1.5174570083618164,0.007674668915569782,0.007674668915569782,375.3439183110237,86.94391325969696
1777330431.106018,0.0817156583070755,6.551156044006348,1.5176281929016113,0.010845786891877651,0.010845786891877651,375.3537264661789,86.95372141485214
1777330431.10606,0.0817156583070755,6.551156044006348,1.5176281929016113,0.008664151653647423,0.008664151653647423,375.3537264661789,86.95372141485214
1777330431.1061,0.0817156583070755,6.551156044006348,1.5176281929016113,0.008702992461621761,0.008702992461621761,375.3537264661789,86.95372141485214
1777330431.161375,0.08170955628156662,6.55107307434082,1.517545223236084,0.005563956219702959,0.005563956219702959,375.34897265281677,86.94896760149003
1777330431.161464,0.08170955628156662,6.55107307434082,1.517545223236084,0.0019705200102180243,0.0019705200102180243,375.34897265281677,86.94896760149003
1777330431.161509,0.08170955628156662,6.55107307434082,1.517545223236084,0.0020955174695700407,0.0020955174695700407,375.34897265281677,86.94896760149003
1777330431.161551,0.0817260667681694,6.550984859466553,1.5174570083618164,0.0034447803627699614,0.0034447803627699614,375.3439183110237,86.94391325969696
1777330431.161592,0.0817260667681694,6.550984859466553,1.5174570083618164,0.001970455748960376,0.001970455748960376,375.3439183110237,86.94391325969696
1777330431.162338,0.0817260667681694,6.550984859466553,1.5174570083618164,0.004277159459888935,0.004277159459888935,375.3439183110237,86.94391325969696
1777330431.217901,0.0817260667681694,6.550984859466553,1.5174570083618164,0.003578267991542816,0.003578267991542816,375.3439183110237,86.94391325969696
1777330431.217993,0.0817260667681694,6.550984859466553,1.5174570083618164,0.004574528429657221,0.004574528429657221,375.3439183110237,86.94391325969696
1777330431.218095,0.0817260667681694,6.550984859466553,1.5174570083618164,0.0012395153753459454,0.0012395153753459454,375.3439183110237,86.94391325969696
1777330431.218139,0.0817260667681694,6.550984859466553,1.5174570083618164,0.0,0.0,375.3439183110237,86.94391325969696
1777330431.218839,0.0817260667681694,6.550984859466553,1.5174570083618164,8.616354170953855e-05,8.616354170953855e-05,375.3439183110237,86.94391325969696
1777330431.218889,0.0817260667681694,6.550984859466553,1.5174570083618164,-0.0009185036760754883,-0.0009185036760754883,375.3439183110237,86.94391325969696
1777330431.273748,0.0817260667681694,6.550984859466553,1.5174570083618164,-0.0022289464250206947,-0.0022289464250206947,375.3439183110237,86.94391325969696
1777330431.273843,0.0817260667681694,6.550984859466553,1.5174570083618164,-0.0020954979117959738,-0.0020954979117959738,375.3439183110237,86.94391325969696
1777330431.273889,0.0817260667681694,6.550984859466553,1.5174570083618164,6.2521081417799e-05,6.2521081417799e-05,375.3439183110237,86.94391325969696
1777330431.329858,0.0817260667681694,6.550984859466553,1.5174570083618164,-0.0010283096926286817,-0.0010283096926286817,375.3439183110237,86.94391325969696
1777330431.329952,0.0817260667681694,6.550984859466553,1.5174570083618164,-0.00019596955098677427,-0.00019596955098677427,375.3439183110237,86.94391325969696
1777330431.329998,0.0817260667681694,6.550984859466553,1.5174570083618164,-0.0014980060514062643,-0.0014980060514062643,375.3439183110237,86.94391325969696
1777330431.33004,0.0817260667681694,6.550984859466553,1.5174570083618164,-0.00220530410297215,-0.00220530410297215,375.3439183110237,86.94391325969696
1777330431.330082,0.0817260667681694,6.550984859466553,1.5174570083618164,-0.0024401522241532803,-0.0024401522241532803,375.3439183110237,86.94391325969696
1777330431.33082,0.0817260667681694,6.550984859466553,1.5174570083618164,-0.0048177833668887615,-0.0048177833668887615,375.3439183110237,86.94391325969696
1777330431.3863528,0.0817260667681694,6.550984859466553,1.5174570083618164,-0.005947492551058531,-0.005947492551058531,375.3439183110237,86.94391325969696
1777330431.38644,0.0817260667681694,6.550984859466553,1.5174570083618164,-0.0033586560748517513,-0.0033586560748517513,375.3439183110237,86.94391325969696
1777330431.386485,0.0817260667681694,6.550984859466553,1.5174570083618164,-0.0012242791708558798,-0.0012242791708558798,375.3439183110237,86.94391325969696
1777330431.386528,0.0817260667681694,6.550984859466553,1.5174570083618164,-0.0021191404666751623,-0.0021191404666751623,375.3439183110237,86.94391325969696
1777330431.387244,0.0817260667681694,6.550984859466553,1.5174570083618164,-0.0037421889137476683,-0.0037421889137476683,375.3439183110237,86.94391325969696
1777330431.387294,0.0817260667681694,6.550984859466553,1.5174570083618164,-0.00688963895663619,-0.00688963895663619,375.3439183110237,86.94391325969696
1777330431.44325,0.0817260667681694,6.550984859466553,1.5174570083618164,-0.005751522723585367,-0.005751522723585367,375.3439183110237,86.94391325969696
1777330431.4433558,0.0817260667681694,6.550984859466553,1.5174570083618164,-0.004425844177603722,-0.004425844177603722,375.3439183110237,86.94391325969696
1777330431.443403,0.0817260667681694,6.550984859466553,1.5174570083618164,-0.0034684620331972837,-0.0034684620331972837,375.3439183110237,86.94391325969696
1777330431.4442308,0.0817260667681694,6.550984859466553,1.5174570083618164,-0.006842353846877813,-0.006842353846877813,375.3439183110237,86.94391325969696
1777330431.444284,0.0817260667681694,6.550984859466553,1.5174570083618164,-0.00798046961426735,-0.00798046961426735,375.3439183110237,86.94391325969696
1777330431.5004601,0.0817260667681694,6.550984859466553,1.5174570083618164,-0.006631148513406515,-0.006631148513406515,375.3439183110237,86.94391325969696
1777330431.5005481,0.0817260667681694,6.550984859466553,1.5174570083618164,-0.003052880521863699,-0.003052880521863699,375.3439183110237,86.94391325969696
1777330431.500607,0.0817260667681694,6.550984859466553,1.5174570083618164,0.001200636732392013,0.001200636732392013,375.3439183110237,86.94391325969696
1777330431.5013871,0.0817260667681694,6.550984859466553,1.5174570083618164,-0.0008712187991477549,-0.0008712187991477549,375.3439183110237,86.94391325969696
1777330431.50144,0.0817260667681694,6.550984859466553,1.5174570083618164,-0.004167353268712759,-0.004167353268712759,375.3439183110237,86.94391325969696
1777330431.501481,0.0817260667681694,6.550984859466553,1.5174570083618164,-0.0032252075616270304,-0.0032252075616270304,375.3439183110237,86.94391325969696
1777330431.5567,0.0817260667681694,6.550984859466553,1.5174570083618164,-0.0021816615480929613,-0.0021816615480929613,375.3439183110237,86.94391325969696
1777330431.556789,0.0817260667681694,6.550984859466553,1.5174570083618164,0.000125042162835598,0.000125042162835598,375.3439183110237,86.94391325969696
1777330431.5575318,0.0817260667681694,6.550984859466553,1.5174570083618164,-0.0010908307740464807,-0.0010908307740464807,375.3439183110237,86.94391325969696
1777330431.557589,0.0817260667681694,6.550984859466553,1.5174570083618164,-0.001200636732392013,-0.001200636732392013,375.3439183110237,86.94391325969696
1777330431.557631,0.0817260667681694,6.550984859466553,1.5174570083618164,-0.0008796249749138951,-0.0008796249749138951,375.3439183110237,86.94391325969696
1777330431.557672,0.0817260667681694,6.550984859466553,1.5174570083618164,8.616354170953855e-05,8.616354170953855e-05,375.3439183110237,86.94391325969696
1777330431.612523,0.0817260667681694,6.550984859466553,1.5174570083618164,0.0011922303820028901,0.0011922303820028901,375.3439183110237,86.94391325969696
1777330431.613339,0.0817260667681694,6.550984859466553,1.5174570083618164,-0.0020329770632088184,-0.0020329770632088184,375.3439183110237,86.94391325969696
1777330431.613394,0.0817260667681694,6.550984859466553,1.5174570083618164,3.887861385010183e-05,3.887861385010183e-05,375.3439183110237,86.94391325969696
1777330431.613438,0.0817260667681694,6.550984859466553,1.5174570083618164,0.0032877286430448294,0.0032877286430448294,375.3439183110237,86.94391325969696
1777330431.6134799,0.0817260667681694,6.550984859466553,1.5174570083618164,0.004746855702251196,0.004746855702251196,375.3439183110237,86.94391325969696
1777330431.61352,0.0817260667681694,6.550984859466553,1.5174570083618164,0.0012783940182998776,0.0012783940182998776,375.3439183110237,86.94391325969696
1777330431.669034,0.0817260667681694,6.550984859466553,1.5174570083618164,0.0008948612376116216,0.0008948612376116216,375.3439183110237,86.94391325969696
1777330431.669133,0.0817260667681694,6.550984859466553,1.5174570083618164,0.002000928157940507,0.002000928157940507,375.3439183110237,86.94391325969696
1777330431.6691809,0.0817260667681694,6.550984859466553,1.5174570083618164,0.001200636732392013,0.001200636732392013,375.3439183110237,86.94391325969696
1777330431.669224,0.0817260667681694,6.550984859466553,1.5174570083618164,-0.000942146114539355,-0.000942146114539355,375.3439183110237,86.94391325969696
1777330431.6692648,0.0817260667681694,6.550984859466553,1.5174570083618164,6.2521081417799e-05,6.2521081417799e-05,375.3439183110237,86.94391325969696
1777330431.6699898,0.0817260667681694,6.550984859466553,1.5174570083618164,0.004535650368779898,0.004535650368779898,375.3439183110237,86.94391325969696
1777330431.724732,0.0817260667681694,6.550984859466553,1.5174570083618164,-0.00013344846956897527,-0.00013344846956897527,375.3439183110237,86.94391325969696
1777330431.724833,0.0817260667681694,6.550984859466553,1.5174570083618164,0.003507340559735894,0.003507340559735894,375.3439183110237,86.94391325969696
1777330431.724879,0.0817260667681694,6.550984859466553,1.5174570083618164,0.006717312149703503,0.006717312149703503,375.3439183110237,86.94391325969696
1777330431.7249222,0.0817260667681694,6.550984859466553,1.5174570083618164,0.0012868002522736788,0.0012868002522736788,375.3439183110237,86.94391325969696
1777330431.725632,0.0817260667681694,6.550984859466553,1.5174570083618164,0.0036796675994992256,0.0036796675994992256,375.3439183110237,86.94391325969696
1777330431.7257228,0.0817260667681694,6.550984859466553,1.5174570083618164,0.004363323096185923,0.004363323096185923,375.3439183110237,86.94391325969696
1777330431.7797928,0.0817260667681694,6.550984859466553,1.5174570083618164,0.00444948673248291,0.00444948673248291,375.3439183110237,86.94391325969696
1777330431.780013,0.0817260667681694,6.550984859466553,1.5174570083618164,0.004363323096185923,0.004363323096185923,375.3439183110237,86.94391325969696
1777330431.7801101,0.0817260667681694,6.550984859466553,1.5174570083618164,0.005736286751925945,0.005736286751925945,375.3439183110237,86.94391325969696
1777330431.780839,0.0817260667681694,6.550984859466553,1.5174570083618164,0.0048177833668887615,0.0048177833668887615,375.3439183110237,86.94391325969696
1777330431.780905,0.0817260667681694,6.550984859466553,1.5174570083618164,0.006913281511515379,0.006913281511515379,375.3439183110237,86.94391325969696
1777330431.835962,0.0817260667681694,6.550984859466553,1.5174570083618164,0.005540317390114069,0.005540317390114069,375.3439183110237,86.94391325969696
1777330431.83604,0.0817260667681694,6.550984859466553,1.5174570083618164,0.004496771842241287,0.004496771842241287,375.3439183110237,86.94391325969696
1777330431.836082,0.0817260667681694,6.550984859466553,1.5174570083618164,0.004348086658865213,0.004348086658865213,375.3439183110237,86.94391325969696
1777330431.891646,0.0817260667681694,6.550984859466553,1.5174570083618164,0.005673766136169434,0.005673766136169434,375.3439183110237,86.94391325969696
1777330431.8917341,0.0817260667681694,6.550984859466553,1.5174570083618164,0.007831784896552563,0.007831784896552563,375.3439183110237,86.94391325969696
1777330431.891778,0.0817260667681694,6.550984859466553,1.5174570083618164,0.006779832765460014,0.006779832765460014,375.3439183110237,86.94391325969696
1777330431.89182,0.0817260667681694,6.550984859466553,1.5174570083618164,0.005406868644058704,0.005406868644058704,375.3439183110237,86.94391325969696
1777330431.89186,0.0817260667681694,6.550984859466553,1.5174570083618164,0.006536578759551048,0.006536578759551048,375.3439183110237,86.94391325969696
1777330431.89257,0.0817260667681694,6.550984859466553,1.5174570083618164,0.006740954704582691,0.006740954704582691,375.3439183110237,86.94391325969696
1777330431.9470851,0.0817260667681694,6.550984859466553,1.5174570083618164,0.0055791959166526794,0.0055791959166526794,375.3439183110237,86.94391325969696
1777330431.947165,0.0817260667681694,6.550984859466553,1.5174570083618164,0.008789166808128357,0.008789166808128357,375.3439183110237,86.94391325969696
1777330431.947211,0.0817260667681694,6.550984859466553,1.5174570083618164,0.006874402519315481,0.006874402519315481,375.3439183110237,86.94391325969696
1777330431.9472551,0.0817260667681694,6.550984859466553,1.5174570083618164,0.006740954704582691,0.006740954704582691,375.3439183110237,86.94391325969696
1777330431.947971,0.0817260667681694,6.550984859466553,1.5174570083618164,0.006952160038053989,0.006952160038053989,375.3439183110237,86.94391325969696
1777330431.94802,0.0817260667681694,6.550984859466553,1.5174570083618164,0.00798046961426735,0.00798046961426735,375.3439183110237,86.94391325969696
1777330432.002843,0.0817260667681694,6.550984859466553,1.5174570083618164,0.001946813426911831,0.001946813426911831,375.3439183110237,86.94391325969696
1777330432.002924,0.0817260667681694,6.550984859466553,1.5174570083618164,0.0009185036760754883,0.0009185036760754883,375.3439183110237,86.94391325969696
1777330432.002969,0.0817260667681694,6.550984859466553,1.5174570083618164,0.0022289464250206947,0.0022289464250206947,375.3439183110237,86.94391325969696
1777330432.003669,0.0817260667681694,6.550984859466553,1.5174570083618164,-0.0025651943869888783,-0.0025651943869888783,375.3439183110237,86.94391325969696
1777330432.003724,0.0817260667681694,6.550984859466553,1.5174570083618164,-0.0001723270834190771,-0.0001723270834190771,375.3439183110237,86.94391325969696
1777330432.003766,0.0817260667681694,6.550984859466553,1.5174570083618164,0.002338752616196871,0.002338752616196871,375.3439183110237,86.94391325969696
1777330432.058548,0.0817260667681694,6.550984859466553,1.5174570083618164,0.0009657885530032218,0.0009657885530032218,375.3439183110237,86.94391325969696
1777330432.058631,0.0817260667681694,6.550984859466553,1.5174570083618164,0.003209971357136965,0.003209971357136965,375.3439183110237,86.94391325969696
1777330432.0593112,0.0817260667681694,6.550984859466553,1.5174570083618164,-0.0007698190165683627,-0.0007698190165683627,375.3439183110237,86.94391325969696
1777330432.059362,0.0817260667681694,6.550984859466553,1.5174570083618164,0.000808697659522295,0.000808697659522295,375.3439183110237,86.94391325969696
1777330432.059407,0.0817260667681694,6.550984859466553,1.5174570083618164,0.0008712187991477549,0.0008712187991477549,375.3439183110237,86.94391325969696
1777330432.059448,0.0817260667681694,6.550984859466553,1.5174570083618164,-0.00014868461585137993,-0.00014868461585137993,375.3439183110237,86.94391325969696
1777330432.1135979,0.0817260667681694,6.550984859466553,1.5174570083618164,-0.0024401522241532803,-0.0024401522241532803,375.3439183110237,86.94391325969696
1777330432.114424,0.0817260667681694,6.550984859466553,1.5174570083618164,-0.0013104426907375455,-0.0013104426907375455,375.3439183110237,86.94391325969696
1777330432.114485,0.0817260667681694,6.550984859466553,1.5174570083618164,-0.0011769942939281464,-0.0011769942939281464,375.3439183110237,86.94391325969696
1777330432.1145291,0.0817260667681694,6.550984859466553,1.5174570083618164,-0.0031626862473785877,-0.0031626862473785877,375.3439183110237,86.94391325969696
1777330432.11457,0.0817260667681694,6.550984859466553,1.5174570083618164,-0.001129709417000413,-0.001129709417000413,375.3439183110237,86.94391325969696
1777330432.11461,0.0817260667681694,6.550984859466553,1.5174570083618164,-0.0032877286430448294,-0.0032877286430448294,375.3439183110237,86.94391325969696
1777330432.1701288,0.0817260667681694,6.550984859466553,1.5174570083618164,-0.0012395153753459454,-0.0012395153753459454,375.3439183110237,86.94391325969696
1777330432.170222,0.0817260667681694,6.550984859466553,1.5174570083618164,8.616354170953855e-05,8.616354170953855e-05,375.3439183110237,86.94391325969696
1777330432.17027,0.0817260667681694,6.550984859466553,1.5174570083618164,-0.0011769942939281464,-0.0011769942939281464,375.3439183110237,86.94391325969696
1777330432.170312,0.0817260667681694,6.550984859466553,1.5174570083618164,-0.004324444569647312,-0.004324444569647312,375.3439183110237,86.94391325969696
1777330432.205683,0.0817260667681694,6.550984859466553,1.5174570083618164,-0.0022914677392691374,-0.0022914677392691374,375.3439183110237,86.94391325969696
1777330432.206509,0.0817260667681694,6.550984859466553,1.5174570083618164,-8.616354170953855e-05,-8.616354170953855e-05,375.3439183110237,86.94391325969696
1777330432.206569,0.0817260667681694,6.550984859466553,1.5174570083618164,-0.003123807953670621,-0.003123807953670621,375.3439183110237,86.94391325969696
1777330432.206611,0.0817260667681694,6.550984859466553,1.5174570083618164,-0.0021191404666751623,-0.0021191404666751623,375.3439183110237,86.94391325969696
1777330432.206651,0.0817260667681694,6.550984859466553,1.5174570083618164,-0.001067188335582614,-0.001067188335582614,375.3439183110237,86.94391325969696
1777330432.261207,0.0817260667681694,6.550984859466553,1.5174570083618164,-0.0021191404666751623,-0.0021191404666751623,375.3439183110237,86.94391325969696
1777330432.261991,0.0817260667681694,6.550984859466553,1.5174570083618164,-0.0021191404666751623,-0.0021191404666751623,375.3439183110237,86.94391325969696
1777330432.262264,0.0817260667681694,6.550984859466553,1.5174570083618164,-0.0024249160196632147,-0.0024249160196632147,375.3439183110237,86.94391325969696
1777330432.262344,0.0817260667681694,6.550984859466553,1.5174570083618164,-0.0011922303820028901,-0.0011922303820028901,375.3439183110237,86.94391325969696
1777330432.262388,0.0817260667681694,6.550984859466553,1.5174570083618164,-0.0011144732125103474,-0.0011144732125103474,375.3439183110237,86.94391325969696
1777330432.262468,0.0817260667681694,6.550984859466553,1.5174570083618164,-0.004300802014768124,-0.004300802014768124,375.3439183110237,86.94391325969696
1777330432.317249,0.0817260667681694,6.550984859466553,1.5174570083618164,0.00024325447157025337,0.00024325447157025337,375.3439183110237,86.94391325969696
1777330432.317333,0.0817260667681694,6.550984859466553,1.5174570083618164,-0.003123807953670621,-0.003123807953670621,375.3439183110237,86.94391325969696
1777330432.317377,0.0817260667681694,6.550984859466553,1.5174570083618164,-0.0011144732125103474,-0.0011144732125103474,375.3439183110237,86.94391325969696
1777330432.3702059,0.0817260667681694,6.550984859466553,1.5174570083618164,-0.002196897752583027,-0.002196897752583027,375.3439183110237,86.94391325969696
1777330432.370311,0.0817260667681694,6.550984859466553,1.5174570083618164,-0.0034684620331972837,-0.0034684620331972837,375.3439183110237,86.94391325969696
1777330432.371095,0.0817260667681694,6.550984859466553,1.5174570083618164,-0.0025499581824988127,-0.0025499581824988127,375.3439183110237,86.94391325969696
1777330432.371148,0.0817260667681694,6.550984859466553,1.5174570083618164,-0.004238280933350325,-0.004238280933350325,375.3439183110237,86.94391325969696
1777330432.371197,0.0817260667681694,6.550984859466553,1.5174570083618164,-0.0017272012773901224,-0.0017272012773901224,375.3439183110237,86.94391325969696
1777330432.371239,0.0817260667681694,6.550984859466553,1.5174570083618164,-0.0022914677392691374,-0.0022914677392691374,375.3439183110237,86.94391325969696
1777330432.426086,0.0817260667681694,6.550984859466553,1.5174570083618164,-0.0010283096926286817,-0.0010283096926286817,375.3439183110237,86.94391325969696
1777330432.426801,0.0817260667681694,6.550984859466553,1.5174570083618164,-0.0013020365731790662,-0.0013020365731790662,375.3439183110237,86.94391325969696
1777330432.426851,0.0817260667681694,6.550984859466553,1.5174570083618164,-0.0036171465180814266,-0.0036171465180814266,375.3439183110237,86.94391325969696
1777330432.426892,0.0817260667681694,6.550984859466553,1.5174570083618164,-0.0032336136791855097,-0.0032336136791855097,375.3439183110237,86.94391325969696
1777330432.4269319,0.0817260667681694,6.550984859466553,1.5174570083618164,0.0001723270834190771,0.0001723270834190771,375.3439183110237,86.94391325969696
1777330432.426972,0.0817260667681694,6.550984859466553,1.5174570083618164,0.00026689693913795054,0.00026689693913795054,375.3439183110237,86.94391325969696
1777330432.482377,0.0817260667681694,6.550984859466553,1.5174570083618164,-0.00028213311452418566,-0.00028213311452418566,375.3439183110237,86.94391325969696
1777330432.482475,0.0817260667681694,6.550984859466553,1.5174570083618164,6.2521081417799e-05,6.2521081417799e-05,375.3439183110237,86.94391325969696
1777330432.4825249,0.0817260667681694,6.550984859466553,1.5174570083618164,0.002526315627619624,0.002526315627619624,375.3439183110237,86.94391325969696
1777330432.4825668,0.0817260667681694,6.550984859466553,1.5174570083618164,-0.001263157813809812,-0.001263157813809812,375.3439183110237,86.94391325969696
1777330432.482608,0.0817260667681694,6.550984859466553,1.5174570083618164,-0.001004667254164815,-0.001004667254164815,375.3439183110237,86.94391325969696
1777330432.5388641,0.0817260667681694,6.550984859466553,1.5174570083618164,0.004363323096185923,0.004363323096185923,375.3439183110237,86.94391325969696
1777330432.538955,0.0817260667681694,6.550984859466553,1.5174570083618164,0.0002196120040025562,0.0002196120040025562,375.3439183110237,86.94391325969696
1777330432.539,0.0817260667681694,6.550984859466553,1.5174570083618164,-3.887861385010183e-05,-3.887861385010183e-05,375.3439183110237,86.94391325969696
1777330432.5390432,0.0817260667681694,6.550984859466553,1.5174570083618164,0.0010283096926286817,0.0010283096926286817,375.3439183110237,86.94391325969696
1777330432.5390851,0.0817260667681694,6.550984859466553,1.5174570083618164,0.0021191404666751623,0.0021191404666751623,375.3439183110237,86.94391325969696
1777330432.5398002,0.0817260667681694,6.550984859466553,1.5174570083618164,-0.00014868461585137993,-0.00014868461585137993,375.3439183110237,86.94391325969696
1777330432.593834,0.0817260667681694,6.550984859466553,1.5174570083618164,0.0018995283171534538,0.0018995283171534538,375.3439183110237,86.94391325969696
1777330432.59392,0.0817260667681694,6.550984859466553,1.5174570083618164,0.0008559825364500284,0.0008559825364500284,375.3439183110237,86.94391325969696
1777330432.593966,0.0817260667681694,6.550984859466553,1.5174570083618164,0.0010908307740464807,0.0010908307740464807,375.3439183110237,86.94391325969696
1777330432.594008,0.0817260667681694,6.550984859466553,1.5174570083618164,0.0010283096926286817,0.0010283096926286817,375.3439183110237,86.94391325969696
1777330432.594749,0.0817260667681694,6.550984859466553,1.5174570083618164,0.0024401522241532803,0.0024401522241532803,375.3439183110237,86.94391325969696
1777330432.594799,0.0817260667681694,6.550984859466553,1.5174570083618164,0.0022441826295107603,0.0022441826295107603,375.3439183110237,86.94391325969696
1777330432.6493802,0.0817260667681694,6.550984859466553,1.5174570083618164,0.0022830611560493708,0.0022830611560493708,375.3439183110237,86.94391325969696
1777330432.649479,0.0817260667681694,6.550984859466553,1.5174570083618164,2.364246392971836e-05,2.364246392971836e-05,375.3439183110237,86.94391325969696
1777330432.6495261,0.0817260667681694,6.550984859466553,1.5174570083618164,-0.0020954979117959738,-0.0020954979117959738,375.3439183110237,86.94391325969696
1777330432.7070389,0.0817260667681694,6.550984859466553,1.5174570083618164,0.003014001762494445,0.003014001762494445,375.3439183110237,86.94391325969696
1777330432.707131,0.0817260667681694,6.550984859466553,1.5174570083618164,0.0019856919534504414,0.0019856919534504414,375.3439183110237,86.94391325969696
1777330432.707175,0.0817260667681694,6.550984859466553,1.5174570083618164,0.0031863288022577763,0.0031863288022577763,375.3439183110237,86.94391325969696
1777330432.7072158,0.0817260667681694,6.550984859466553,1.5174570083618164,0.0034684620331972837,0.0034684620331972837,375.3439183110237,86.94391325969696
1777330432.707256,0.0817260667681694,6.550984859466553,1.5174570083618164,0.0010283096926286817,0.0010283096926286817,375.3439183110237,86.94391325969696
1777330432.707968,0.0817260667681694,6.550984859466553,1.5174570083618164,0.0010908307740464807,0.0010908307740464807,375.3439183110237,86.94391325969696
1777330432.7632031,0.0817260667681694,6.550984859466553,1.5174570083618164,0.0032252075616270304,0.0032252075616270304,375.3439183110237,86.94391325969696
1777330432.7633212,0.0817260667681694,6.550984859466553,1.5174570083618164,0.0018995283171534538,0.0018995283171534538,375.3439183110237,86.94391325969696
1777330432.7633972,0.0817260667681694,6.550984859466553,1.5174570083618164,0.0010283096926286817,0.0010283096926286817,375.3439183110237,86.94391325969696
1777330432.7634401,0.0817260667681694,6.550984859466553,1.5174570083618164,0.0033586560748517513,0.0033586560748517513,375.3439183110237,86.94391325969696
1777330432.764226,0.0817260667681694,6.550984859466553,1.5174570083618164,0.0001098060020012781,0.0001098060020012781,375.3439183110237,86.94391325969696
1777330432.764281,0.0817260667681694,6.550984859466553,1.5174570083618164,0.0011533518554642797,0.0011533518554642797,375.3439183110237,86.94391325969696
1777330432.822635,0.0817260667681694,6.550984859466553,1.5174570083618164,0.0032488498836755753,0.0032488498836755753,375.3439183110237,86.94391325969696
1777330432.822792,0.0817260667681694,6.550984859466553,1.5174570083618164,0.0010435458971187472,0.0010435458971187472,375.3439183110237,86.94391325969696
1777330432.82284,0.0817260667681694,6.550984859466553,1.5174570083618164,0.0041437107138335705,0.0041437107138335705,375.3439183110237,86.94391325969696
1777330432.82367,0.0817260667681694,6.550984859466553,1.5174570083618164,0.003272492438554764,0.003272492438554764,375.3439183110237,86.94391325969696
1777330432.8237262,0.0817260667681694,6.550984859466553,1.5174570083618164,0.0020870917942374945,0.0020870917942374945,375.3439183110237,86.94391325969696
1777330432.823807,0.0817260667681694,6.550984859466553,1.5174570083618164,0.002267825184389949,0.002267825184389949,375.3439183110237,86.94391325969696
1777330432.880095,0.0817260667681694,6.550984859466553,1.5174570083618164,-0.0009657885530032218,-0.0009657885530032218,375.3439183110237,86.94391325969696
1777330432.8801851,0.0817260667681694,6.550984859466553,1.5174570083618164,0.0010908307740464807,0.0010908307740464807,375.3439183110237,86.94391325969696
1777330432.880943,0.0817260667681694,6.550984859466553,1.5174570083618164,0.003014001762494445,0.003014001762494445,375.3439183110237,86.94391325969696
1777330432.880995,0.0817260667681694,6.550984859466553,1.5174570083618164,0.001200636732392013,0.001200636732392013,375.3439183110237,86.94391325969696
1777330432.8810382,0.0817260667681694,6.550984859466553,1.5174570083618164,0.0013729638885706663,0.0013729638885706663,375.3439183110237,86.94391325969696
1777330432.881079,0.0817260667681694,6.550984859466553,1.5174570083618164,0.003272492438554764,0.003272492438554764,375.3439183110237,86.94391325969696
1777330432.936026,0.0817260667681694,6.550984859466553,1.5174570083618164,0.000942146114539355,0.000942146114539355,375.3439183110237,86.94391325969696
1777330432.936764,0.0817260667681694,6.550984859466553,1.5174570083618164,0.002080261940136552,0.002080261940136552,375.3439183110237,86.94391325969696
1777330432.936821,0.0817260667681694,6.550984859466553,1.5174570083618164,0.000808697659522295,0.000808697659522295,375.3439183110237,86.94391325969696
1777330432.936865,0.0817260667681694,6.550984859466553,1.5174570083618164,0.0021900676656514406,0.0021900676656514406,375.3439183110237,86.94391325969696
1777330432.936907,0.0817260667681694,6.550984859466553,1.5174570083618164,0.0022525889798998833,0.0022525889798998833,375.3439183110237,86.94391325969696
1777330432.9369469,0.0817260667681694,6.550984859466553,1.5174570083618164,0.0022289464250206947,0.0022289464250206947,375.3439183110237,86.94391325969696
1777330432.992426,0.0817260667681694,6.550984859466553,1.5174570083618164,-0.00028213311452418566,-0.00028213311452418566,375.3439183110237,86.94391325969696
1777330432.992516,0.0817260667681694,6.550984859466553,1.5174570083618164,-0.0034684620331972837,-0.0034684620331972837,375.3439183110237,86.94391325969696
1777330432.9925618,0.0817260667681694,6.550984859466553,1.5174570083618164,-0.004277159459888935,-0.004277159459888935,375.3439183110237,86.94391325969696
1777330432.992604,0.0817260667681694,6.550984859466553,1.5174570083618164,-0.0022914677392691374,-0.0022914677392691374,375.3439183110237,86.94391325969696
1777330432.992645,0.0817260667681694,6.550984859466553,1.5174570083618164,-0.0011533518554642797,-0.0011533518554642797,375.3439183110237,86.94391325969696
1777330432.993363,0.0817260667681694,6.550984859466553,1.5174570083618164,-0.0001723270834190771,-0.0001723270834190771,375.3439183110237,86.94391325969696
1777330433.047786,0.0817260667681694,6.550984859466553,1.5174570083618164,8.616354170953855e-05,8.616354170953855e-05,375.3439183110237,86.94391325969696
1777330433.047877,0.0817260667681694,6.550984859466553,1.5174570083618164,0.0003446541668381542,0.0003446541668381542,375.3439183110237,86.94391325969696
1777330433.0479228,0.0817260667681694,6.550984859466553,1.5174570083618164,-0.002267825184389949,-0.002267825184389949,375.3439183110237,86.94391325969696
1777330433.0479648,0.0817260667681694,6.550984859466553,1.5174570083618164,-0.0013493214501067996,-0.0013493214501067996,375.3439183110237,86.94391325969696
1777330433.0487008,0.0817260667681694,6.550984859466553,1.5174570083618164,-0.004488365259021521,-0.004488365259021521,375.3439183110237,86.94391325969696
1777330433.102782,0.0817260667681694,6.550984859466553,1.5174570083618164,-0.0008712187991477549,-0.0008712187991477549,375.3439183110237,86.94391325969696
1777330433.102871,0.0817260667681694,6.550984859466553,1.5174570083618164,-2.364246392971836e-05,-2.364246392971836e-05,375.3439183110237,86.94391325969696
1777330433.1029172,0.0817260667681694,6.550984859466553,1.5174570083618164,0.00021120571182109416,0.00021120571182109416,375.3439183110237,86.94391325969696
1777330433.10296,0.0817260667681694,6.550984859466553,1.5174570083618164,-0.0012158729368820786,-0.0012158729368820786,375.3439183110237,86.94391325969696
1777330433.103656,0.0817260667681694,6.550984859466553,1.5174570083618164,0.0011769942939281464,0.0011769942939281464,375.3439183110237,86.94391325969696
1777330433.1037061,0.0817260667681694,6.550984859466553,1.5174570083618164,-0.0021191404666751623,-0.0021191404666751623,375.3439183110237,86.94391325969696
1777330433.158557,0.0817260667681694,6.550984859466553,1.5174570083618164,-0.004324444569647312,-0.004324444569647312,375.3439183110237,86.94391325969696
1777330433.1586418,0.0817260667681694,6.550984859466553,1.5174570083618164,-0.006396300159394741,-0.006396300159394741,375.3439183110237,86.94391325969696
1777330433.158686,0.0817260667681694,6.550984859466553,1.5174570083618164,-0.0020954979117959738,-0.0020954979117959738,375.3439183110237,86.94391325969696
1777330433.214609,0.0817260667681694,6.550984859466553,1.5174570083618164,-0.0008559825364500284,-0.0008559825364500284,375.3439183110237,86.94391325969696
1777330433.214696,0.0817260667681694,6.550984859466553,1.5174570083618164,0.001067188335582614,0.001067188335582614,375.3439183110237,86.94391325969696
1777330433.214742,0.0817260667681694,6.550984859466553,1.5174570083618164,-0.0013493214501067996,-0.0013493214501067996,375.3439183110237,86.94391325969696
1777330433.214784,0.0817260667681694,6.550984859466553,1.5174570083618164,0.001138115650974214,0.001138115650974214,375.3439183110237,86.94391325969696
1777330433.214825,0.0817260667681694,6.550984859466553,1.5174570083618164,-0.000125042162835598,-0.000125042162835598,375.3439183110237,86.94391325969696
1777330433.215575,0.0817260667681694,6.550984859466553,1.5174570083618164,-0.0032961349934339523,-0.0032961349934339523,375.3439183110237,86.94391325969696
1777330433.270599,0.0817260667681694,6.550984859466553,1.5174570083618164,-0.003319777315482497,-0.003319777315482497,375.3439183110237,86.94391325969696
1777330433.270682,0.0817260667681694,6.550984859466553,1.5174570083618164,-0.004621813539415598,-0.004621813539415598,375.3439183110237,86.94391325969696
1777330433.270726,0.0817260667681694,6.550984859466553,1.5174570083618164,-0.0023539885878562927,-0.0023539885878562927,375.3439183110237,86.94391325969696
1777330433.2707682,0.0817260667681694,6.550984859466553,1.5174570083618164,-0.0012868002522736788,-0.0012868002522736788,375.3439183110237,86.94391325969696
1777330433.2714581,0.0817260667681694,6.550984859466553,1.5174570083618164,-0.0003446541668381542,-0.0003446541668381542,375.3439183110237,86.94391325969696
1777330433.271508,0.0817260667681694,6.550984859466553,1.5174570083618164,-2.364246392971836e-05,-2.364246392971836e-05,375.3439183110237,86.94391325969696
1777330433.326719,0.0817260667681694,6.550984859466553,1.5174570083618164,-0.0017744863871484995,-0.0017744863871484995,375.3439183110237,86.94391325969696
1777330433.326806,0.0817260667681694,6.550984859466553,1.5174570083618164,0.0012158729368820786,0.0012158729368820786,375.3439183110237,86.94391325969696
1777330433.3268511,0.0817260667681694,6.550984859466553,1.5174570083618164,-0.001263157813809812,-0.001263157813809812,375.3439183110237,86.94391325969696
1777330433.327557,0.0817260667681694,6.550984859466553,1.5174570083618164,-0.0010519521310925484,-0.0010519521310925484,375.3439183110237,86.94391325969696
1777330433.327606,0.0817260667681694,6.550984859466553,1.5174570083618164,-0.001129709417000413,-0.001129709417000413,375.3439183110237,86.94391325969696
1777330433.327647,0.0817260667681694,6.550984859466553,1.5174570083618164,-2.364246392971836e-05,-2.364246392971836e-05,375.3439183110237,86.94391325969696
1777330433.3827431,0.0817260667681694,6.550984859466553,1.5174570083618164,-0.001271564164198935,-0.001271564164198935,375.3439183110237,86.94391325969696
1777330433.382814,0.0817260667681694,6.550984859466553,1.5174570083618164,-0.000808697659522295,-0.000808697659522295,375.3439183110237,86.94391325969696
1777330433.383517,0.0817260667681694,6.550984859466553,1.5174570083618164,-0.001200636732392013,-0.001200636732392013,375.3439183110237,86.94391325969696
1777330433.438635,0.0817260667681694,6.550984859466553,1.5174570083618164,-0.0012868002522736788,-0.0012868002522736788,375.3439183110237,86.94391325969696
1777330433.438713,0.0817260667681694,6.550984859466553,1.5174570083618164,-0.001263157813809812,-0.001263157813809812,375.3439183110237,86.94391325969696
1777330433.438755,0.0817260667681694,6.550984859466553,1.5174570083618164,0.00032101169927045703,0.00032101169927045703,375.3439183110237,86.94391325969696
1777330433.438797,0.0817260667681694,6.550984859466553,1.5174570083618164,0.0009810248157009482,0.0009810248157009482,375.3439183110237,86.94391325969696
1777330433.4395132,0.0817260667681694,6.550984859466553,1.5174570083618164,0.00200933450832963,0.00200933450832963,375.3439183110237,86.94391325969696
1777330433.439565,0.0817260667681694,6.550984859466553,1.5174570083618164,-2.364246392971836e-05,-2.364246392971836e-05,375.3439183110237,86.94391325969696
1777330433.439608,0.0817260667681694,6.550984859466553,1.5174570083618164,0.0006600130582228303,0.0006600130582228303,375.3439183110237,86.94391325969696
1777330433.439648,0.0817260667681694,6.550984859466553,1.5174570083618164,-0.00043081771582365036,-0.00043081771582365036,375.3439183110237,86.94391325969696
1777330433.494792,0.0817260667681694,6.550984859466553,1.5174570083618164,-0.002338752616196871,-0.002338752616196871,375.3439183110237,86.94391325969696
1777330433.4956841,0.0817260667681694,6.550984859466553,1.5174570083618164,-0.001263157813809812,-0.001263157813809812,375.3439183110237,86.94391325969696
1777330433.495744,0.0817260667681694,6.550984859466553,1.5174570083618164,-0.0024401522241532803,-0.0024401522241532803,375.3439183110237,86.94391325969696
1777330433.495787,0.0817260667681694,6.550984859466553,1.5174570083618164,-0.0009573823772370815,-0.0009573823772370815,375.3439183110237,86.94391325969696
1777330433.495838,0.0817260667681694,6.550984859466553,1.5174570083618164,0.001325679011642933,0.001325679011642933,375.3439183110237,86.94391325969696
1777330433.4958878,0.0817260667681694,6.550984859466553,1.5174570083618164,0.0009894311660900712,0.0009894311660900712,375.3439183110237,86.94391325969696
1777330433.551882,0.0817260667681694,6.550984859466553,1.5174570083618164,0.003209971357136965,0.003209971357136965,375.3439183110237,86.94391325969696
1777330433.551989,0.0817260667681694,6.550984859466553,1.5174570083618164,0.0021816615480929613,0.0021816615480929613,375.3439183110237,86.94391325969696
1777330433.5520482,0.0817260667681694,6.550984859466553,1.5174570083618164,-0.0008239338058046997,-0.0008239338058046997,375.3439183110237,86.94391325969696
1777330433.552091,0.0817260667681694,6.550984859466553,1.5174570083618164,0.0001098060020012781,0.0001098060020012781,375.3439183110237,86.94391325969696
1777330433.552133,0.0817260667681694,6.550984859466553,1.5174570083618164,-0.0020329770632088184,-0.0020329770632088184,375.3439183110237,86.94391325969696
1777330433.5529358,0.0817260667681694,6.550984859466553,1.5174570083618164,-0.0021191404666751623,-0.0021191404666751623,375.3439183110237,86.94391325969696
1777330433.609231,0.0817260667681694,6.550984859466553,1.5174570083618164,0.0022289464250206947,0.0022289464250206947,375.3439183110237,86.94391325969696
1777330433.609319,0.0817260667681694,6.550984859466553,1.5174570083618164,-0.0021580189932137728,-0.0021580189932137728,375.3439183110237,86.94391325969696
1777330433.609362,0.0817260667681694,6.550984859466553,1.5174570083618164,0.0020329770632088184,0.0020329770632088184,375.3439183110237,86.94391325969696
1777330433.645466,0.0817260667681694,6.550984859466553,1.5174570083618164,0.0022914677392691374,0.0022914677392691374,375.3439183110237,86.94391325969696
1777330433.646355,0.0817260667681694,6.550984859466553,1.5174570083618164,0.003515746910125017,0.003515746910125017,375.3439183110237,86.94391325969696
1777330433.646413,0.0817260667681694,6.550984859466553,1.5174570083618164,-8.616354170953855e-05,-8.616354170953855e-05,375.3439183110237,86.94391325969696
1777330433.6464598,0.0817260667681694,6.550984859466553,1.5174570083618164,-0.0007225341396406293,-0.0007225341396406293,375.3439183110237,86.94391325969696
1777330433.6465018,0.0817260667681694,6.550984859466553,1.5174570083618164,-0.0031863288022577763,-0.0031863288022577763,375.3439183110237,86.94391325969696
1777330433.646543,0.0817260667681694,6.550984859466553,1.5174570083618164,-0.00036829663440585136,-0.00036829663440585136,375.3439183110237,86.94391325969696
1777330433.7027268,0.0817260667681694,6.550984859466553,1.5174570083618164,-0.0011060668621212244,-0.0011060668621212244,375.3439183110237,86.94391325969696
1777330433.7028139,0.0817260667681694,6.550984859466553,1.5174570083618164,2.364246392971836e-05,2.364246392971836e-05,375.3439183110237,86.94391325969696
1777330433.702865,0.0817260667681694,6.550984859466553,1.5174570083618164,-0.0008712187991477549,-0.0008712187991477549,375.3439183110237,86.94391325969696
1777330433.7029078,0.0817260667681694,6.550984859466553,1.5174570083618164,-3.887861385010183e-05,-3.887861385010183e-05,375.3439183110237,86.94391325969696
1777330433.70295,0.0817260667681694,6.550984859466553,1.5174570083618164,0.001200636732392013,0.001200636732392013,375.3439183110237,86.94391325969696
1777330433.703698,0.0817260667681694,6.550984859466553,1.5174570083618164,0.00032941804965958,0.00032941804965958,375.3439183110237,86.94391325969696
1777330433.759994,0.0817260667681694,6.550984859466553,1.5174570083618164,-0.001129709417000413,-0.001129709417000413,375.3439183110237,86.94391325969696
1777330433.760111,0.0817260667681694,6.550984859466553,1.5174570083618164,-0.0010908307740464807,-0.0010908307740464807,375.3439183110237,86.94391325969696
1777330433.760158,0.0817260667681694,6.550984859466553,1.5174570083618164,-0.0001098060020012781,-0.0001098060020012781,375.3439183110237,86.94391325969696
1777330433.791776,0.0817260667681694,6.550984859466553,1.5174570083618164,-0.001938407076522708,-0.001938407076522708,375.3439183110237,86.94391325969696
1777330433.7926369,0.0817260667681694,6.550984859466553,1.5174570083618164,0.001200636732392013,0.001200636732392013,375.3439183110237,86.94391325969696
1777330433.792696,0.0817260667681694,6.550984859466553,1.5174570083618164,-0.000746176578104496,-0.000746176578104496,375.3439183110237,86.94391325969696
1777330433.79274,0.0817260667681694,6.550984859466553,1.5174570083618164,0.0013729638885706663,0.0013729638885706663,375.3439183110237,86.94391325969696
1777330433.792782,0.0817260667681694,6.550984859466553,1.5174570083618164,0.00028213311452418566,0.00028213311452418566,375.3439183110237,86.94391325969696
1777330433.7928221,0.0817260667681694,6.550984859466553,1.5174570083618164,-0.0021816615480929613,-0.0021816615480929613,375.3439183110237,86.94391325969696
1777330433.8485398,0.0817260667681694,6.550984859466553,1.5174570083618164,0.0011769942939281464,0.0011769942939281464,375.3439183110237,86.94391325969696
1777330433.848641,0.0817260667681694,6.550984859466553,1.5174570083618164,-0.00013344846956897527,-0.00013344846956897527,375.3439183110237,86.94391325969696
1777330433.8486881,0.0817260667681694,6.550984859466553,1.5174570083618164,-0.0011769942939281464,-0.0011769942939281464,375.3439183110237,86.94391325969696
1777330433.88016,0.0817260667681694,6.550984859466553,1.5174570083618164,0.0011769942939281464,0.0011769942939281464,375.3439183110237,86.94391325969696
1777330433.880259,0.0817260667681694,6.550984859466553,1.5174570083618164,0.0032572562340646982,0.0032572562340646982,375.3439183110237,86.94391325969696
1777330433.8810391,0.0817260667681694,6.550984859466553,1.5174570083618164,-0.0010283096926286817,-0.0010283096926286817,375.3439183110237,86.94391325969696
1777330433.881092,0.0817260667681694,6.550984859466553,1.5174570083618164,-6.2521081417799e-05,-6.2521081417799e-05,375.3439183110237,86.94391325969696
1777330433.881137,0.0817260667681694,6.550984859466553,1.5174570083618164,8.616354170953855e-05,8.616354170953855e-05,375.3439183110237,86.94391325969696
1777330433.881301,0.0817260667681694,6.550984859466553,1.5174570083618164,-0.002267825184389949,-0.002267825184389949,375.3439183110237,86.94391325969696
1777330433.9364722,0.0817260667681694,6.550984859466553,1.5174570083618164,-0.0002584906469564885,-0.0002584906469564885,375.3439183110237,86.94391325969696
1777330433.937284,0.0817260667681694,6.550984859466553,1.5174570083618164,0.003272492438554764,0.003272492438554764,375.3439183110237,86.94391325969696
1777330433.9373388,0.0817260667681694,6.550984859466553,1.5174570083618164,0.0001098060020012781,0.0001098060020012781,375.3439183110237,86.94391325969696
1777330433.9924102,0.0817260667681694,6.550984859466553,1.5174570083618164,0.0024874371010810137,0.0024874371010810137,375.3439183110237,86.94391325969696
1777330433.992506,0.0817260667681694,6.550984859466553,1.5174570083618164,-8.616354170953855e-05,-8.616354170953855e-05,375.3439183110237,86.94391325969696
1777330433.992554,0.0817260667681694,6.550984859466553,1.5174570083618164,6.2521081417799e-05,6.2521081417799e-05,375.3439183110237,86.94391325969696
1777330433.9933078,0.0817260667681694,6.550984859466553,1.5174570083618164,-0.0009810248157009482,-0.0009810248157009482,375.3439183110237,86.94391325969696
1777330433.9933598,0.0817260667681694,6.550984859466553,1.5174570083618164,-0.0033586560748517513,-0.0033586560748517513,375.3439183110237,86.94391325969696
1777330434.048089,0.0817260667681694,6.550984859466553,1.5174570083618164,-0.00015709093713667244,-0.00015709093713667244,375.3439183110237,86.94391325969696
1777330434.048176,0.0817260667681694,6.550984859466553,1.5174570083618164,-0.001200636732392013,-0.001200636732392013,375.3439183110237,86.94391325969696
1777330434.0482209,0.0817260667681694,6.550984859466553,1.5174570083618164,-7.092739542713389e-05,-7.092739542713389e-05,375.3439183110237,86.94391325969696
1777330434.048984,0.0817260667681694,6.550984859466553,1.5174570083618164,0.0008712187991477549,0.0008712187991477549,375.3439183110237,86.94391325969696
1777330434.0490398,0.0817260667681694,6.550984859466553,1.5174570083618164,-0.00043081771582365036,-0.00043081771582365036,375.3439183110237,86.94391325969696
1777330434.049083,0.0817260667681694,6.550984859466553,1.5174570083618164,-0.00200933450832963,-0.00200933450832963,375.3439183110237,86.94391325969696
1777330434.1038568,0.0817260667681694,6.550984859466553,1.5174570083618164,0.001067188335582614,0.001067188335582614,375.3439183110237,86.94391325969696
1777330434.103948,0.0817260667681694,6.550984859466553,1.5174570083618164,-0.00338229862973094,-0.00338229862973094,375.3439183110237,86.94391325969696
1777330434.1047392,0.0817260667681694,6.550984859466553,1.5174570083618164,2.364246392971836e-05,2.364246392971836e-05,375.3439183110237,86.94391325969696
1777330434.104806,0.0817260667681694,6.550984859466553,1.5174570083618164,-0.001004667254164815,-0.001004667254164815,375.3439183110237,86.94391325969696
1777330434.104862,0.0817260667681694,6.550984859466553,1.5174570083618164,0.002330346032977104,0.002330346032977104,375.3439183110237,86.94391325969696
1777330434.104903,0.0817260667681694,6.550984859466553,1.5174570083618164,0.002463794779032469,0.002463794779032469,375.3439183110237,86.94391325969696
1777330434.1602628,0.0817260667681694,6.550984859466553,1.5174570083618164,1.5236146282404661e-05,1.5236146282404661e-05,375.3439183110237,86.94391325969696
1777330434.161078,0.0817260667681694,6.550984859466553,1.5174570083618164,-0.00023484817938879132,-0.00023484817938879132,375.3439183110237,86.94391325969696
1777330434.1611352,0.0817260667681694,6.550984859466553,1.5174570083618164,6.2521081417799e-05,6.2521081417799e-05,375.3439183110237,86.94391325969696
1777330434.161181,0.0817260667681694,6.550984859466553,1.5174570083618164,-0.001946813426911831,-0.001946813426911831,375.3439183110237,86.94391325969696
1777330434.161224,0.0817260667681694,6.550984859466553,1.5174570083618164,-0.00014868461585137993,-0.00014868461585137993,375.3439183110237,86.94391325969696
1777330434.1612659,0.0817260667681694,6.550984859466553,1.5174570083618164,-0.001067188335582614,-0.001067188335582614,375.3439183110237,86.94391325969696
1777330434.216971,0.0817260667681694,6.550984859466553,1.5174570083618164,-0.0001723270834190771,-0.0001723270834190771,375.3439183110237,86.94391325969696
1777330434.217062,0.0817260667681694,6.550984859466553,1.5174570083618164,8.616354170953855e-05,8.616354170953855e-05,375.3439183110237,86.94391325969696
1777330434.217112,0.0817260667681694,6.550984859466553,1.5174570083618164,0.00029736923170275986,0.00029736923170275986,375.3439183110237,86.94391325969696
1777330434.2171562,0.0817260667681694,6.550984859466553,1.5174570083618164,0.003593503963202238,0.003593503963202238,375.3439183110237,86.94391325969696
1777330434.217197,0.0817260667681694,6.550984859466553,1.5174570083618164,0.0009810248157009482,0.0009810248157009482,375.3439183110237,86.94391325969696
1777330434.2179651,0.0817260667681694,6.550984859466553,1.5174570083618164,-0.0013729638885706663,-0.0013729638885706663,375.3439183110237,86.94391325969696
1777330434.272786,0.0817260667681694,6.550984859466553,1.5174570083618164,-0.0001098060020012781,-0.0001098060020012781,375.3439183110237,86.94391325969696
1777330434.2728791,0.0817260667681694,6.550984859466553,1.5174570083618164,0.000125042162835598,0.000125042162835598,375.3439183110237,86.94391325969696
1777330434.2729259,0.0817260667681694,6.550984859466553,1.5174570083618164,-0.0017897224752232432,-0.0017897224752232432,375.3439183110237,86.94391325969696
1777330434.272971,0.0817260667681694,6.550984859466553,1.5174570083618164,-0.0011144732125103474,-0.0011144732125103474,375.3439183110237,86.94391325969696
1777330434.273726,0.0817260667681694,6.550984859466553,1.5174570083618164,0.0021580189932137728,0.0021580189932137728,375.3439183110237,86.94391325969696
1777330434.273796,0.0817260667681694,6.550984859466553,1.5174570083618164,-0.0001098060020012781,-0.0001098060020012781,375.3439183110237,86.94391325969696
1777330434.3284202,0.0817260667681694,6.550984859466553,1.5174570083618164,-0.0011769942939281464,-0.0011769942939281464,375.3439183110237,86.94391325969696
1777330434.328507,0.0817260667681694,6.550984859466553,1.5174570083618164,0.0007850552210584283,0.0007850552210584283,375.3439183110237,86.94391325969696
1777330434.328552,0.0817260667681694,6.550984859466553,1.5174570083618164,0.004229874350130558,0.004229874350130558,375.3439183110237,86.94391325969696
1777330434.3845272,0.0817260667681694,6.550984859466553,1.5174570083618164,0.000942146114539355,0.000942146114539355,375.3439183110237,86.94391325969696
1777330434.384618,0.0817260667681694,6.550984859466553,1.5174570083618164,0.00010139968799194321,0.00010139968799194321,375.3439183110237,86.94391325969696
1777330434.384663,0.0817260667681694,6.550984859466553,1.5174570083618164,0.002526315627619624,0.002526315627619624,375.3439183110237,86.94391325969696
1777330434.384705,0.0817260667681694,6.550984859466553,1.5174570083618164,0.0018133647972717881,0.0018133647972717881,375.3439183110237,86.94391325969696
1777330434.384747,0.0817260667681694,6.550984859466553,1.5174570083618164,-0.0009185036760754883,-0.0009185036760754883,375.3439183110237,86.94391325969696
1777330434.3855019,0.0817260667681694,6.550984859466553,1.5174570083618164,9.456985571887344e-05,9.456985571887344e-05,375.3439183110237,86.94391325969696
1777330434.440309,0.0817260667681694,6.550984859466553,1.5174570083618164,1.5236146282404661e-05,1.5236146282404661e-05,375.3439183110237,86.94391325969696
1777330434.4404,0.0817260667681694,6.550984859466553,1.5174570083618164,0.0033738920465111732,0.0033738920465111732,375.3439183110237,86.94391325969696
1777330434.440445,0.0817260667681694,6.550984859466553,1.5174570083618164,-0.001263157813809812,-0.001263157813809812,375.3439183110237,86.94391325969696
1777330434.471939,0.0817260667681694,6.550984859466553,1.5174570083618164,0.0008323400979861617,0.0008323400979861617,375.3439183110237,86.94391325969696
1777330434.4727712,0.0817260667681694,6.550984859466553,1.5174570083618164,0.0009573823772370815,0.0009573823772370815,375.3439183110237,86.94391325969696
1777330434.472864,0.0817260667681694,6.550984859466553,1.5174570083618164,0.0011144732125103474,0.0011144732125103474,375.3439183110237,86.94391325969696
1777330434.472908,0.0817260667681694,6.550984859466553,1.5174570083618164,-6.2521081417799e-05,-6.2521081417799e-05,375.3439183110237,86.94391325969696
1777330434.472951,0.0817260667681694,6.550984859466553,1.5174570083618164,0.0013493214501067996,0.0013493214501067996,375.3439183110237,86.94391325969696
1777330434.472992,0.0817260667681694,6.550984859466553,1.5174570083618164,-0.0023776311427354813,-0.0023776311427354813,375.3439183110237,86.94391325969696
1777330434.528707,0.0817260667681694,6.550984859466553,1.5174570083618164,-0.001875885995104909,-0.001875885995104909,375.3439183110237,86.94391325969696
1777330434.528799,0.0817260667681694,6.550984859466553,1.5174570083618164,-0.0022441826295107603,-0.0022441826295107603,375.3439183110237,86.94391325969696
1777330434.528844,0.0817260667681694,6.550984859466553,1.5174570083618164,-0.0018133647972717881,-0.0018133647972717881,375.3439183110237,86.94391325969696
1777330434.528886,0.0817260667681694,6.550984859466553,1.5174570083618164,0.0011769942939281464,0.0011769942939281464,375.3439183110237,86.94391325969696
1777330434.528928,0.0817260667681694,6.550984859466553,1.5174570083618164,-0.0010283096926286817,-0.0010283096926286817,375.3439183110237,86.94391325969696
1777330434.52969,0.0817260667681694,6.550984859466553,1.5174570083618164,0.0010519521310925484,0.0010519521310925484,375.3439183110237,86.94391325969696
1777330434.584586,0.0817260667681694,6.550984859466553,1.5174570083618164,0.001467533758841455,0.001467533758841455,375.3439183110237,86.94391325969696
1777330434.584681,0.0817260667681694,6.550984859466553,1.5174570083618164,-0.0031001653987914324,-0.0031001653987914324,375.3439183110237,86.94391325969696
1777330434.584727,0.0817260667681694,6.550984859466553,1.5174570083618164,-0.0024401522241532803,-0.0024401522241532803,375.3439183110237,86.94391325969696
1777330434.584769,0.0817260667681694,6.550984859466553,1.5174570083618164,-0.0010908307740464807,-0.0010908307740464807,375.3439183110237,86.94391325969696
1777330434.585567,0.0817260667681694,6.550984859466553,1.5174570083618164,-0.002401273464784026,-0.002401273464784026,375.3439183110237,86.94391325969696
1777330434.6401112,0.0817260667681694,6.550984859466553,1.5174570083618164,-0.00036829663440585136,-0.00036829663440585136,375.3439183110237,86.94391325969696
1777330434.640193,0.0817260667681694,6.550984859466553,1.5174570083618164,0.0012395153753459454,0.0012395153753459454,375.3439183110237,86.94391325969696
1777330434.640238,0.0817260667681694,6.550984859466553,1.5174570083618164,-0.000125042162835598,-0.000125042162835598,375.3439183110237,86.94391325969696
1777330434.6402812,0.0817260667681694,6.550984859466553,1.5174570083618164,-0.0001098060020012781,-0.0001098060020012781,375.3439183110237,86.94391325969696
1777330434.6410198,0.0817260667681694,6.550984859466553,1.5174570083618164,4.728492785943672e-05,4.728492785943672e-05,375.3439183110237,86.94391325969696
1777330434.641072,0.0817260667681694,6.550984859466553,1.5174570083618164,-0.003139043925330043,-0.003139043925330043,375.3439183110237,86.94391325969696
1777330434.695512,0.0817260667681694,6.550984859466553,1.5174570083618164,-0.003311371197924018,-0.003311371197924018,375.3439183110237,86.94391325969696
1777330434.695602,0.0817260667681694,6.550984859466553,1.5174570083618164,-0.0020718553569167852,-0.0020718553569167852,375.3439183110237,86.94391325969696
1777330434.695647,0.0817260667681694,6.550984859466553,1.5174570083618164,-0.0012395153753459454,-0.0012395153753459454,375.3439183110237,86.94391325969696
1777330434.696418,0.0817260667681694,6.550984859466553,1.5174570083618164,0.001004667254164815,0.001004667254164815,375.3439183110237,86.94391325969696
1777330434.69647,0.0817260667681694,6.550984859466553,1.5174570083618164,0.0011144732125103474,0.0011144732125103474,375.3439183110237,86.94391325969696
1777330434.696512,0.0817260667681694,6.550984859466553,1.5174570083618164,-0.000737770227715373,-0.000737770227715373,375.3439183110237,86.94391325969696
1777330434.750825,0.0817260667681694,6.550984859466553,1.5174570083618164,0.0003446541668381542,0.0003446541668381542,375.3439183110237,86.94391325969696
1777330434.7509131,0.0817260667681694,6.550984859466553,1.5174570083618164,-0.0011769942939281464,-0.0011769942939281464,375.3439183110237,86.94391325969696
1777330434.7518919,0.0817260667681694,6.550984859466553,1.5174570083618164,-0.004128475207835436,-0.004128475207835436,375.3439183110237,86.94391325969696
1777330434.75194,0.0817260667681694,6.550984859466553,1.5174570083618164,-0.0032336136791855097,-0.0032336136791855097,375.3439183110237,86.94391325969696
1777330434.7519848,0.0817260667681694,6.550984859466553,1.5174570083618164,-0.001459127408452332,-0.001459127408452332,375.3439183110237,86.94391325969696
1777330434.752026,0.0817260667681694,6.550984859466553,1.5174570083618164,-0.0011533518554642797,-0.0011533518554642797,375.3439183110237,86.94391325969696
1777330434.806565,0.0817260667681694,6.550984859466553,1.5174570083618164,-0.003052880521863699,-0.003052880521863699,375.3439183110237,86.94391325969696
1777330434.80737,0.0817260667681694,6.550984859466553,1.5174570083618164,-0.000125042162835598,-0.000125042162835598,375.3439183110237,86.94391325969696
1777330434.807429,0.0817260667681694,6.550984859466553,1.5174570083618164,0.00019596955098677427,0.00019596955098677427,375.3439183110237,86.94391325969696
1777330434.862226,0.0817260667681694,6.550984859466553,1.5174570083618164,-0.002134376671165228,-0.002134376671165228,375.3439183110237,86.94391325969696
1777330434.8623,0.0817260667681694,6.550984859466553,1.5174570083618164,-0.0010908307740464807,-0.0010908307740464807,375.3439183110237,86.94391325969696
1777330434.862342,0.0817260667681694,6.550984859466553,1.5174570083618164,-0.004300802014768124,-0.004300802014768124,375.3439183110237,86.94391325969696
1777330434.863041,0.0817260667681694,6.550984859466553,1.5174570083618164,-0.0020954979117959738,-0.0020954979117959738,375.3439183110237,86.94391325969696
1777330434.86309,0.0817260667681694,6.550984859466553,1.5174570083618164,-0.003139043925330043,-0.003139043925330043,375.3439183110237,86.94391325969696
1777330434.8631308,0.0817260667681694,6.550984859466553,1.5174570083618164,-0.0029903592076152563,-0.0029903592076152563,375.3439183110237,86.94391325969696
1777330434.918321,0.0817260667681694,6.550984859466553,1.5174570083618164,0.00013344846956897527,0.00013344846956897527,375.3439183110237,86.94391325969696
1777330434.918388,0.0817260667681694,6.550984859466553,1.5174570083618164,0.001075594685971737,0.001075594685971737,375.3439183110237,86.94391325969696
1777330434.919061,0.0817260667681694,6.550984859466553,1.5174570083618164,-0.0021191404666751623,-0.0021191404666751623,375.3439183110237,86.94391325969696
1777330434.9191082,0.0817260667681694,6.550984859466553,1.5174570083618164,-0.0029903592076152563,-0.0029903592076152563,375.3439183110237,86.94391325969696
1777330434.919148,0.0817260667681694,6.550984859466553,1.5174570083618164,-0.003123807953670621,-0.003123807953670621,375.3439183110237,86.94391325969696
1777330434.9191868,0.0817260667681694,6.550984859466553,1.5174570083618164,-0.0027318685315549374,-0.0027318685315549374,375.3439183110237,86.94391325969696
1777330434.974389,0.0817260667681694,6.550984859466553,1.5174570083618164,-0.004081190098077059,-0.004081190098077059,375.3439183110237,86.94391325969696
1777330434.975161,0.0817260667681694,6.550984859466553,1.5174570083618164,-0.0029667168855667114,-0.0029667168855667114,375.3439183110237,86.94391325969696
1777330434.9752162,0.0817260667681694,6.550984859466553,1.5174570083618164,0.0008323400979861617,0.0008323400979861617,375.3439183110237,86.94391325969696
1777330434.97526,0.0817260667681694,6.550984859466553,1.5174570083618164,0.0007698190165683627,0.0007698190165683627,375.3439183110237,86.94391325969696
1777330434.975301,0.0817260667681694,6.550984859466553,1.5174570083618164,0.0031863288022577763,0.0031863288022577763,375.3439183110237,86.94391325969696
1777330435.0303109,0.0817260667681694,6.550984859466553,1.5174570083618164,0.004363323096185923,0.004363323096185923,375.3439183110237,86.94391325969696
1777330435.0310369,0.0817260667681694,6.550984859466553,1.5174570083618164,0.004081190098077059,0.004081190098077059,375.3439183110237,86.94391325969696
1777330435.031088,0.0817260667681694,6.550984859466553,1.5174570083618164,0.0009810248157009482,0.0009810248157009482,375.3439183110237,86.94391325969696
1777330435.03113,0.0817260667681694,6.550984859466553,1.5174570083618164,-0.0023776311427354813,-0.0023776311427354813,375.3439183110237,86.94391325969696
1777330435.031171,0.0817260667681694,6.550984859466553,1.5174570083618164,-0.002267825184389949,-0.002267825184389949,375.3439183110237,86.94391325969696
1777330435.03121,0.0817260667681694,6.550984859466553,1.5174570083618164,-0.0023151100613176823,-0.0023151100613176823,375.3439183110237,86.94391325969696
1777330435.087223,0.0817260667681694,6.550984859466553,1.5174570083618164,-2.364246392971836e-05,-2.364246392971836e-05,375.3439183110237,86.94391325969696
1777330435.087308,0.0817260667681694,6.550984859466553,1.5174570083618164,-2.364246392971836e-05,-2.364246392971836e-05,375.3439183110237,86.94391325969696
1777330435.087357,0.0817260667681694,6.550984859466553,1.5174570083618164,0.001875885995104909,0.001875885995104909,375.3439183110237,86.94391325969696
1777330435.0874,0.0817260667681694,6.550984859466553,1.5174570083618164,-6.2521081417799e-05,-6.2521081417799e-05,375.3439183110237,86.94391325969696
1777330435.087442,0.0817260667681694,6.550984859466553,1.5174570083618164,-0.0014118425315245986,-0.0014118425315245986,375.3439183110237,86.94391325969696
1777330435.088161,0.0817260667681694,6.550984859466553,1.5174570083618164,-0.001200636732392013,-0.001200636732392013,375.3439183110237,86.94391325969696
1777330435.143206,0.0817260667681694,6.550984859466553,1.5174570083618164,0.003014001762494445,0.003014001762494445,375.3439183110237,86.94391325969696
1777330435.1433,0.0817260667681694,6.550984859466553,1.5174570083618164,-0.001325679011642933,-0.001325679011642933,375.3439183110237,86.94391325969696
1777330435.1433458,0.0817260667681694,6.550984859466553,1.5174570083618164,-0.0003057755820918828,-0.0003057755820918828,375.3439183110237,86.94391325969696
1777330435.1433878,0.0817260667681694,6.550984859466553,1.5174570083618164,-0.0014354849699884653,-0.0014354849699884653,375.3439183110237,86.94391325969696
1777330435.144166,0.0817260667681694,6.550984859466553,1.5174570083618164,0.0007698190165683627,0.0007698190165683627,375.3439183110237,86.94391325969696
1777330435.1442199,0.0817260667681694,6.550984859466553,1.5174570083618164,0.0007225341396406293,0.0007225341396406293,375.3439183110237,86.94391325969696
1777330435.202966,0.0817260667681694,6.550984859466553,1.5174570083618164,0.00401866901665926,0.00401866901665926,375.3439183110237,86.94391325969696
1777330435.203072,0.0817260667681694,6.550984859466553,1.5174570083618164,0.001004667254164815,0.001004667254164815,375.3439183110237,86.94391325969696
1777330435.203124,0.0817260667681694,6.550984859466553,1.5174570083618164,0.0021191404666751623,0.0021191404666751623,375.3439183110237,86.94391325969696
1777330435.2040162,0.0817260667681694,6.550984859466553,1.5174570083618164,-0.001200636732392013,-0.001200636732392013,375.3439183110237,86.94391325969696
1777330435.204075,0.0817260667681694,6.550984859466553,1.5174570083618164,0.00023484817938879132,0.00023484817938879132,375.3439183110237,86.94391325969696
1777330435.2041228,0.0817260667681694,6.550984859466553,1.5174570083618164,0.0010435458971187472,0.0010435458971187472,375.3439183110237,86.94391325969696
1777330435.261811,0.0817260667681694,6.550984859466553,1.5174570083618164,0.0001098060020012781,0.0001098060020012781,375.3439183110237,86.94391325969696
1777330435.2619069,0.0817260667681694,6.550984859466553,1.5174570083618164,-0.0002196120040025562,-0.0002196120040025562,375.3439183110237,86.94391325969696
1777330435.262654,0.0817260667681694,6.550984859466553,1.5174570083618164,0.0009185036760754883,0.0009185036760754883,375.3439183110237,86.94391325969696
1777330435.2627058,0.0817260667681694,6.550984859466553,1.5174570083618164,0.0007850552210584283,0.0007850552210584283,375.3439183110237,86.94391325969696
1777330435.262748,0.0817260667681694,6.550984859466553,1.5174570083618164,0.0011533518554642797,0.0011533518554642797,375.3439183110237,86.94391325969696
1777330435.262788,0.0817260667681694,6.550984859466553,1.5174570083618164,0.0008559825364500284,0.0008559825364500284,375.3439183110237,86.94391325969696
1777330435.317749,0.0817260667681694,6.550984859466553,1.5174570083618164,0.0008948612376116216,0.0008948612376116216,375.3439183110237,86.94391325969696
1777330435.318524,0.0817260667681694,6.550984859466553,1.5174570083618164,0.000808697659522295,0.000808697659522295,375.3439183110237,86.94391325969696
1777330435.31858,0.0817260667681694,6.550984859466553,1.5174570083618164,0.0009185036760754883,0.0009185036760754883,375.3439183110237,86.94391325969696
1777330435.377911,0.0817260667681694,6.550984859466553,1.5174570083618164,0.00401866901665926,0.00401866901665926,375.3439183110237,86.94391325969696
1777330435.3779972,0.0817260667681694,6.550984859466553,1.5174570083618164,0.0008796249749138951,0.0008796249749138951,375.3439183110237,86.94391325969696
1777330435.3780422,0.0817260667681694,6.550984859466553,1.5174570083618164,0.0009185036760754883,0.0009185036760754883,375.3439183110237,86.94391325969696
1777330435.378777,0.0817260667681694,6.550984859466553,1.5174570083618164,-8.616354170953855e-05,-8.616354170953855e-05,375.3439183110237,86.94391325969696
1777330435.378829,0.0817260667681694,6.550984859466553,1.5174570083618164,0.0008712187991477549,0.0008712187991477549,375.3439183110237,86.94391325969696
1777330435.37887,0.0817260667681694,6.550984859466553,1.5174570083618164,0.002142782788723707,0.002142782788723707,375.3439183110237,86.94391325969696
1777330435.4347992,0.0817260667681694,6.550984859466553,1.5174570083618164,0.0,0.0,375.3439183110237,86.94391325969696
1777330435.434892,0.0817260667681694,6.550984859466553,1.5174570083618164,-0.00036829663440585136,-0.00036829663440585136,375.3439183110237,86.94391325969696
1777330435.435638,0.0817260667681694,6.550984859466553,1.5174570083618164,-0.00015709093713667244,-0.00015709093713667244,375.3439183110237,86.94391325969696
1777330435.435691,0.0817260667681694,6.550984859466553,1.5174570083618164,0.0010908307740464807,0.0010908307740464807,375.3439183110237,86.94391325969696
1777330435.435734,0.0817260667681694,6.550984859466553,1.5174570083618164,0.0033586560748517513,0.0033586560748517513,375.3439183110237,86.94391325969696
1777330435.435775,0.0817260667681694,6.550984859466553,1.5174570083618164,-8.616354170953855e-05,-8.616354170953855e-05,375.3439183110237,86.94391325969696
1777330435.491508,0.0817260667681694,6.550984859466553,1.5174570083618164,0.0010908307740464807,0.0010908307740464807,375.3439183110237,86.94391325969696
1777330435.492286,0.0817260667681694,6.550984859466553,1.5174570083618164,-6.2521081417799e-05,-6.2521081417799e-05,375.3439183110237,86.94391325969696
1777330435.492345,0.0817260667681694,6.550984859466553,1.5174570083618164,-0.0011533518554642797,-0.0011533518554642797,375.3439183110237,86.94391325969696
1777330435.548144,0.0817260667681694,6.550984859466553,1.5174570083618164,-8.616354170953855e-05,-8.616354170953855e-05,375.3439183110237,86.94391325969696
1777330435.548243,0.0817260667681694,6.550984859466553,1.5174570083618164,0.0022914677392691374,0.0022914677392691374,375.3439183110237,86.94391325969696
1777330435.548287,0.0817260667681694,6.550984859466553,1.5174570083618164,-4.728492785943672e-05,-4.728492785943672e-05,375.3439183110237,86.94391325969696
1777330435.5490172,0.0817260667681694,6.550984859466553,1.5174570083618164,0.00028213311452418566,0.00028213311452418566,375.3439183110237,86.94391325969696
1777330435.549068,0.0817260667681694,6.550984859466553,1.5174570083618164,-0.0009810248157009482,-0.0009810248157009482,375.3439183110237,86.94391325969696
1777330435.549485,0.0817260667681694,6.550984859466553,1.5174570083618164,-0.001004667254164815,-0.001004667254164815,375.3439183110237,86.94391325969696
1777330435.549532,0.0817260667681694,6.550984859466553,1.5174570083618164,-0.0009810248157009482,-0.0009810248157009482,375.3439183110237,86.94391325969696
1777330435.549574,0.0817260667681694,6.550984859466553,1.5174570083618164,-0.0009810248157009482,-0.0009810248157009482,375.3439183110237,86.94391325969696
1777330435.60567,0.0817260667681694,6.550984859466553,1.5174570083618164,-0.0009185036760754883,-0.0009185036760754883,375.3439183110237,86.94391325969696
1777330435.6057558,0.0817260667681694,6.550984859466553,1.5174570083618164,-0.0020482130348682404,-0.0020482130348682404,375.3439183110237,86.94391325969696
1777330435.605803,0.0817260667681694,6.550984859466553,1.5174570083618164,0.005344347562640905,0.005344347562640905,375.3439183110237,86.94391325969696
1777330435.605844,0.0817260667681694,6.550984859466553,1.5174570083618164,0.0022914677392691374,0.0022914677392691374,375.3439183110237,86.94391325969696
1777330435.605885,0.0817260667681694,6.550984859466553,1.5174570083618164,0.003139043925330043,0.003139043925330043,375.3439183110237,86.94391325969696
1777330435.606634,0.0817260667681694,6.550984859466553,1.5174570083618164,0.0013882000930607319,0.0013882000930607319,375.3439183110237,86.94391325969696
1777330435.662573,0.0817260667681694,6.550984859466553,1.5174570083618164,-0.0011533518554642797,-0.0011533518554642797,375.3439183110237,86.94391325969696
1777330435.662666,0.0817260667681694,6.550984859466553,1.5174570083618164,-0.001325679011642933,-0.001325679011642933,375.3439183110237,86.94391325969696
1777330435.6627111,0.0817260667681694,6.550984859466553,1.5174570083618164,-0.0022914677392691374,-0.0022914677392691374,375.3439183110237,86.94391325969696
1777330435.662753,0.0817260667681694,6.550984859466553,1.5174570083618164,-0.000683655496686697,-0.000683655496686697,375.3439183110237,86.94391325969696
1777330435.663563,0.0817260667681694,6.550984859466553,1.5174570083618164,-0.001067188335582614,-0.001067188335582614,375.3439183110237,86.94391325969696
1777330435.663616,0.0817260667681694,6.550984859466553,1.5174570083618164,0.001067188335582614,0.001067188335582614,375.3439183110237,86.94391325969696
1777330435.720232,0.0817260667681694,6.550984859466553,1.5174570083618164,0.0019856919534504414,0.0019856919534504414,375.3439183110237,86.94391325969696
1777330435.720303,0.0817260667681694,6.550984859466553,1.5174570083618164,0.0008323400979861617,0.0008323400979861617,375.3439183110237,86.94391325969696
1777330435.7203488,0.0817260667681694,6.550984859466553,1.5174570083618164,-0.0002584906469564885,-0.0002584906469564885,375.3439183110237,86.94391325969696
1777330435.7210948,0.0817260667681694,6.550984859466553,1.5174570083618164,-0.00013344846956897527,-0.00013344846956897527,375.3439183110237,86.94391325969696
1777330435.7211468,0.0817260667681694,6.550984859466553,1.5174570083618164,-8.616354170953855e-05,-8.616354170953855e-05,375.3439183110237,86.94391325969696

"--- SEND COMMAND: Mode=balance, Value=0.0 ---"
1777330435.7800598,0.0817260667681694,6.550984859466553,1.5174570083618164,-0.000187563244253397,-0.000187563244253397,375.3439183110237,86.94391325969696
1777330435.780127,0.0817260667681694,6.550984859466553,1.5174570083618164,0.000746176578104496,0.000746176578104496,375.3439183110237,86.94391325969696
1777330435.780172,0.0817260667681694,6.550984859466553,1.5174570083618164,0.0008712187991477549,0.0008712187991477549,375.3439183110237,86.94391325969696
1777330435.780899,0.0817260667681694,6.550984859466553,1.5174570083618164,0.001004667254164815,0.001004667254164815,375.3439183110237,86.94391325969696
1777330435.78095,0.0817260667681694,6.550984859466553,1.5174570083618164,0.0009185036760754883,0.0009185036760754883,375.3439183110237,86.94391325969696
1777330435.780992,0.0817260667681694,6.550984859466553,1.5174570083618164,-0.00046969635877758265,-0.00046969635877758265,375.3439183110237,86.94391325969696
1777330435.7810318,0.0817260667681694,6.550984859466553,1.5174570083618164,0.0031626862473785877,0.0031626862473785877,375.3439183110237,86.94391325969696
1777330435.836738,0.0817260667681694,6.550984859466553,1.5174570083618164,-0.0001723270834190771,-0.0001723270834190771,375.3439183110237,86.94391325969696
1777330435.8375192,0.0817260667681694,6.550984859466553,1.5174570083618164,-0.00019596955098677427,-0.00019596955098677427,375.3439183110237,86.94391325969696
1777330435.837574,0.0817260667681694,6.550984859466553,1.5174570083618164,0.003272492438554764,0.003272492438554764,375.3439183110237,86.94391325969696
1777330435.837617,0.0817260667681694,6.550984859466553,1.5174570083618164,0.000942146114539355,0.000942146114539355,375.3439183110237,86.94391325969696
1777330435.837657,0.0817260667681694,6.550984859466553,1.5174570083618164,0.0010283096926286817,0.0010283096926286817,375.3439183110237,86.94391325969696
1777330435.837697,0.0817260667681694,6.550984859466553,1.5174570083618164,0.0023151100613176823,0.0023151100613176823,375.3439183110237,86.94391325969696
1777330435.893049,0.0817260667681694,6.550984859466553,1.5174570083618164,-0.0008323400979861617,-0.0008323400979861617,375.3439183110237,86.94391325969696
1777330435.893142,0.0817260667681694,6.550984859466553,1.5174570083618164,0.0021580189932137728,0.0021580189932137728,375.3439183110237,86.94391325969696
1777330435.893187,0.0817156583070755,6.551156044006348,1.5176281929016113,0.008851688355207443,0.008851688355207443,375.3537264661789,86.95372141485214
1777330435.89323,0.08169490844011307,6.551497936248779,1.5170111656188965,0.018630271777510643,-0.07724729925394058,375.37331545572283,86.91836834306717
1777330435.8932722,0.08176165074110031,6.55194091796875,1.5174541473388672,0.0329122468829155,0.0329122468829155,375.3986964477539,86.94374933509826
1777330435.8940082,0.08171159029006958,6.552648544311523,1.5181617736816406,0.04932218790054321,0.04932218790054321,375.4392404651642,86.98429335250854
1777330435.951689,0.08174107223749161,6.553522109985352,1.5180768966674805,0.07113854587078094,-0.024684160947799683,375.48929210929873,86.97943025608063
1777330435.951781,0.08167663216590881,6.554655075073242,1.5172924995422363,0.09209877252578735,-0.09963744878768921,375.55420625038147,86.93448759527206
1777330435.951828,0.08168139308691025,6.556124210357666,1.5178027153015137,0.118986576795578,0.02311859279870987,375.63838153181075,86.96372081537247
1777330435.95187,0.08165059238672256,6.557876110076904,1.517636775970459,0.14772997796535492,-0.04402996599674225,375.73875802774427,86.95421318864823
1777330435.9526021,0.0816803127527237,6.559988975524902,1.517831802368164,0.1829177886247635,-0.008856534957885742,375.8598163438797,86.96538738212585
1777330435.9526532,0.08160804212093353,6.562425136566162,1.5173921585083008,0.21583855152130127,-0.0716700553894043,375.9993981396675,86.9401976354599
1777330436.008554,0.08150646835565567,6.565227508544922,1.5173182487487793,0.28708410263061523,-0.0004937648773193359,376.1599622840881,86.93596291666032
1777330436.0086432,0.08155520260334015,6.568384170532227,1.5175986289978027,0.32858261466026306,0.04096880555152893,376.3408257579803,86.9520275273323
1777330436.008689,0.08150030672550201,6.571971416473389,1.517350196838379,0.3691500425338745,-0.014350652694702148,376.546359883976,86.9377934080124
1777330436.067468,0.08148131519556046,6.575924873352051,1.5174689292907715,0.4129006564617157,0.029504895210266113,376.77287635860444,86.94459627885819
1777330436.067568,0.08134099096059799,6.580397129058838,1.5171475410461426,0.45580682158470154,-0.02350965142250061,377.02911782712937,86.92618208227158
1777330436.067613,0.0812767893075943,6.5852861404418945,1.5172429084777832,0.5041958689689636,0.02486744523048401,377.3092376455307,86.93164623556137
1777330436.067656,0.0811743214726448,6.590569972991943,1.5177321434020996,0.551147997379303,0.07182005047798157,377.6119790585518,86.95967734193802
1777330436.067698,0.08111180365085602,6.5964460372924805,1.516897201538086,0.6035624146461487,-0.06745433807373047,377.9486528635025,86.91183867988586
1777330436.068457,0.08093595504760742,6.602923393249512,1.5176215171813965,0.6593819856643677,0.084178626537323,378.31977815494537,86.95333892412185
1777330436.1274712,0.08079216629266739,6.609877109527588,1.5178642272949219,0.7233081459999084,0.05227464437484741,378.71819689207075,86.96724519424438
1777330436.127554,0.08060592412948608,6.617512226104736,1.517829418182373,0.7878745794296265,0.021092891693115234,379.15565700445177,86.96525077829361
1777330436.127598,0.08055808395147324,6.625782012939453,1.5184292793273926,0.8513721227645874,0.08447539806365967,379.6294810569763,86.99962030248642
1777330436.12764,0.08027936518192291,6.634666442871094,1.518683910369873,0.9135626554489136,0.050841569900512695,380.1385215774536,87.01420959177017
1777330436.128381,0.08004860579967499,6.644082069396973,1.51851224899292,0.9785007238388062,0.01998758316040039,380.67799743175505,87.00437411584853
1777330436.1869462,0.07992518693208694,6.654390335083008,1.5182743072509766,1.0561038255691528,0.0018256902694702148,381.268617760849,86.99074105339051
1777330436.1870348,0.07968113571405411,6.6653313636779785,1.5177102088928223,1.1316182613372803,-0.018549442291259766,381.89549274702074,86.95842058668137
1777330436.18708,0.07936345040798187,6.677069664001465,1.5160260200500488,1.2081156969070435,-0.1340324878692627,382.5680480546951,86.8619236395836
1777330436.187124,0.07906096428632736,6.689460277557373,1.5140347480773926,1.2851793766021729,-0.15286540985107422,383.27797817087173,86.74783211889267
1777330436.18788,0.07882840931415558,6.702545642852783,1.5127387046813965,1.352721095085144,-0.0853118896484375,384.0277146437645,86.67357427568436
1777330436.1879308,0.07852081954479218,6.7162957191467285,1.511148452758789,1.4237719774246216,-0.10999250411987305,384.81553626508713,86.58245951957703
1777330436.247127,0.07807014137506485,6.730769157409668,1.5093226432800293,1.491877555847168,-0.13747704029083252,385.64480348911286,86.4778483048439
1777330436.247209,0.07775802910327911,6.745881080627441,1.5100531578063965,1.560631275177002,0.12256228923797607,386.51065321941377,86.51970371904373
1777330436.2472541,0.07738272845745087,6.761744022369385,1.5086584091186523,1.6372952461242676,-0.08756828308105469,387.4195331568718,86.43979047718048
1777330436.247991,0.07683873921632767,6.778416633605957,1.5090317726135254,1.723680019378662,0.09351074695587158,388.3748037557602,86.46118263731003
1777330436.2480419,0.07631438225507736,6.796119689941406,1.5075597763061523,1.822116494178772,-0.09500527381896973,389.3891145309448,86.37684343128204
1777330436.248084,0.07579366117715836,6.8147735595703125,1.5051207542419434,1.9348514080047607,-0.1738579273223877,390.4579029144287,86.23709771089554
1777330436.304557,0.07525449246168137,6.83471155166626,1.5030064582824707,2.059312582015991,-0.14597129821777344,391.6002661219597,86.11595743246079
1777330436.304658,0.07452022284269333,6.855967998504639,1.5002942085266113,2.1896259784698486,-0.20688414573669434,392.8181712487221,85.96055691289902
1777330436.305495,0.07376620918512344,6.87839412689209,1.4987506866455078,2.316307306289673,-0.07521700859069824,394.1030942155838,85.87211959190368
1777330436.305592,0.0730779767036438,6.901974678039551,1.4983630180358887,2.442204713821411,0.040940284729003906,395.4541607580185,85.84990780878067
1777330436.3056371,0.0722140222787857,6.92685079574585,1.497352123260498,2.5663630962371826,-0.022143840789794922,396.87945782289506,85.79198778390884
1777330436.3056781,0.0713171660900116,6.953068733215332,1.497683048248291,2.703015089035034,0.12038302421569824,398.38163552455904,85.81094839582443
1777330436.36531,0.0701267197728157,6.980693340301514,1.4917511940002441,2.8539934158325195,-0.5088827610015869,399.96440948724745,85.4710780611992
1777330436.3662028,0.06893111020326614,7.00984001159668,1.4902172088623047,3.010347843170166,-0.05771780014038086,401.634391336441,85.38318715553284
1777330436.366307,0.06773751229047775,7.040454864501953,1.4901514053344727,3.1705710887908936,0.10855293273925781,403.388493825531,85.37941688976288
1777330436.366355,0.06637027114629745,7.072755813598633,1.4888954162597656,3.3315227031707764,-0.029717206954956055,405.2392025447845,85.30745399093628
1777330436.3663979,0.0648345872759819,7.106486797332764,1.4852352142333984,3.485459089279175,-0.253098726272583,407.1718462426186,85.09773978767394
1777330436.3664389,0.06313467025756836,7.141960144042969,1.4804396629333496,3.6653225421905518,-0.36035990715026855,409.20432002105713,84.82297483949661
1777330436.4258518,0.0614156499505043,7.179226875305176,1.4793548583984375,3.8603713512420654,0.025793075561523438,411.3395472021103,84.7608200958252
1777330436.425947,0.059490956366062164,7.218634605407715,1.480412483215332,4.064257621765137,0.22934317588806152,413.59744462451937,84.82141755580902
1777330436.425992,0.05747128650546074,7.259889602661133,1.4766058921813965,4.2590155601501465,-0.24669265747070312,415.96118269615175,84.60331587724686
1777330436.426036,0.05530189722776413,7.302982330322266,1.473677635192871,4.453894138336182,-0.1476292610168457,418.43021500167845,84.4355390504837
1777330436.426077,0.05279101803898811,7.348136901855469,1.4728116989135742,4.669520378112793,0.06758499145507812,421.01738230133054,84.38592453861237
1777330436.42685,0.05030539259314537,7.395541191101074,1.4713187217712402,4.896682262420654,0.006833553314208984,423.7334489770889,84.30038321886063
1777330436.4853408,0.0476187989115715,7.445054531097412,1.4671411514282227,5.11651086807251,-0.25244569778442383,426.5703554028511,84.06102598400116
1777330436.4854422,0.04467387497425079,7.4967851638793945,1.4670982360839844,5.342466831207275,0.16550064086914062,429.53430339260103,84.05856711502075
1777330436.4854882,0.041688356548547745,7.5507917404174805,1.463578224182129,5.581676483154297,-0.16940069198608398,432.6286534006119,83.85688521709442
1777330436.4855309,0.03841409087181091,7.6071977615356445,1.464376449584961,5.82960844039917,0.26966285705566406,435.860481505394,83.90262018013
1777330436.4863172,0.03490000218153,7.665963172912598,1.4617805480957031,6.07197904586792,-0.0632319450378418,439.2274927625656,83.75388592758179
1777330436.48637,0.03147674724459648,7.727085590362549,1.458664894104004,6.3186354637146,-0.1046895980834961,442.72955056829454,83.57537203960419
1777330436.5448189,0.027539724484086037,7.790671348571777,1.4570555686950684,6.567633152008057,0.04893922805786133,446.37274745349885,83.48316445283889
1777330436.544935,0.023663315922021866,7.8566389083862305,1.4511146545410156,6.819887638092041,-0.370419979095459,450.1524115671158,83.14277502365113
1777330436.5449789,0.019663318991661072,7.925227642059326,1.4554662704467773,7.087649822235107,0.663938045501709,454.0822579339027,83.39210433826446
1777330436.6020281,0.015536158345639706,7.996210098266602,1.4497475624084473,7.341259002685547,-0.3271322250366211,458.14925454826357,83.06444638624191
1777330436.60212,0.011166774667799473,8.069686889648438,1.450357437133789,7.597296237945557,0.3126077651977539,462.35916609191895,83.09938964653016
1777330436.602165,0.006970640737563372,8.1456937789917,1.4458284378051758,7.844911098480225,-0.20646333694458008,466.7140416223526,82.83989700679778
1777330436.602208,-0.0017225154442712665,8.304535865783691,1.5308446884155273,8.091702461242676,0.7113327980041504,475.8150260587692,87.71097109851837
1777330436.60225,-0.005862627178430557,8.387384414672852,1.5274052619934082,8.339818954467773,-0.2861747741699219,480.56189994621275,87.51390641012192
1777330436.6030312,-0.009965837933123112,8.472406387329102,1.5357251167297363,8.561422348022461,0.8912105560302734,485.4333018871307,87.99059914312363
1777330436.603082,-0.013903872109949589,8.55944538116455,1.5335993766784668,8.786609649658203,-0.12674427032470703,490.4202706701279,87.8688031662941
1777330436.603125,-0.017565617337822914,8.64828109741211,1.5371041297912598,8.99794864654541,0.46655845642089844,495.51018410110476,88.06961079969406
1777330436.6610298,-0.020998187363147736,8.738770484924316,1.5393877029418945,9.189797401428223,0.3720817565917969,500.69484595012665,88.2004499502182
1777330436.6611269,-0.02405419386923313,8.83076286315918,1.5422139167785645,9.35891056060791,0.44385433197021484,505.96562285499573,88.36238013296128
1777330436.661925,-0.026691148057579994,8.92386245727539,1.5471076965332031,9.509496688842773,0.6904582977294922,511.2998385795593,88.6427731590271
1777330436.661979,-0.02890646643936634,9.017961502075195,1.5443711280822754,9.62944507598877,-0.05363178253173828,516.6913186306,88.48597928037644
1777330436.6620219,-0.0305479783564806,9.112505912780762,1.5526256561279297,9.726276397705078,1.097935676574707,522.108316277504,88.95892906837463
1777330436.662064,-0.03178762272000313,9.207409858703613,1.550694465637207,9.776834487915039,0.0964670181274414,527.5459137823104,88.84827996425629
1777330436.7208052,-0.032498549669981,9.30217170715332,1.551497459411621,9.810763359069824,0.4162874221801758,532.9753696987152,88.89428813495635
1777330436.721654,-0.03267207369208336,9.396589279174805,1.5567498207092285,9.800272941589355,0.8844213485717773,538.3851000217438,89.19522637739182
1777330436.72171,-0.03217923268675804,9.490347862243652,1.559424877166748,9.760032653808594,0.6516799926757812,543.7570730455399,89.34849587717056
1777330436.721754,-0.031252048909664154,9.582769393920898,1.5626811981201172,9.686473846435547,0.7712898254394531,549.052438640213,89.53506939125062
1777330436.721796,-0.030004041269421577,9.67377758026123,1.5664424896240234,9.563255310058594,0.839874267578125,554.2668254831314,89.75057559700012
1777330436.721836,-0.028189893811941147,9.76309585571289,1.5656366348266602,9.406871795654297,0.39896297454833984,559.3843875297547,89.70440350170135
1777330436.780851,-0.02596801333129406,9.85026741027832,1.5713119506835938,9.234946250915527,1.0840997695922852,564.3789514858246,90.02957526397705
1777330436.780942,-0.023481495678424835,9.935197830200195,1.5680360794067383,9.011606216430664,0.19119834899902344,569.2451078395843,89.8418815984726
1777330436.780988,-0.020643869414925575,10.017570495605469,1.5717897415161133,8.512970924377441,0.6512675285339355,573.9647156021118,90.05695067195893
1777330436.78103,-0.017698422074317932,10.097213745117188,1.5708961486816406,8.232949256896973,0.1798696517944336,578.5279392974853,90.00575155563355
1777330436.781072,-0.01448182761669159,10.173848152160645,1.5689125061035156,7.916844844818115,0.057201385498046875,582.9187689565658,89.8920971672058
1777330436.781823,-0.011212076991796494,10.247283935546875,1.5694808959960938,7.599942684173584,0.31502485275268555,587.1263309143067,89.92466352081298
1777330436.840946,-0.007886327803134918,10.317635536193848,1.5727195739746094,7.267997741699219,0.5568733215332031,591.1571821546554,90.11022616653442
1777330436.84104,-0.004493117332458496,10.384608268737793,1.5697021484375,6.926487445831299,-0.07042980194091797,594.9944384439468,89.93734035644532
1777330436.841086,-0.00125704740639776,10.448348045349121,1.5759162902832031,6.581910133361816,0.8485536575317383,598.6464599367142,90.29338458480835
1777330436.84113,0.001957149477675557,10.508548736572266,1.5699615478515625,6.224499702453613,-0.41028451919555664,602.0957067008973,89.95220285339356
1777330436.841963,0.004929353948682547,10.565286636352539,1.5710906982421875,5.864029407501221,0.30315446853637695,605.3465500591278,90.01689842834473
1777330436.842057,0.007948050275444984,10.618659973144531,1.5688562393188477,5.511387348175049,-0.03594017028808594,608.4046180892944,89.88887331676483
1777330436.900309,0.010763569734990597,10.668418884277344,1.5677995681762695,5.139247417449951,0.04610252380371094,611.2555947097778,89.8283304983139
1777330436.9003992,0.013410970568656921,10.714568138122559,1.568887710571289,4.772668838500977,0.2674589157104492,613.8997531282425,89.89067648735046
1777330436.9004438,0.01582512818276882,10.757241249084473,1.5674562454223633,4.413819313049316,0.017649173736572266,616.3447431592941,89.80865954647064
1777330436.901236,0.018184173852205276,10.796426773071289,1.562540054321289,4.0474114418029785,-0.3750324249267578,618.5899091045379,89.52698244438172
1777330436.901293,0.020231643691658974,10.831927299499512,1.5616064071655273,3.6700782775878906,0.0272982120513916,620.6239401666642,89.47348838367462
1777330436.901336,0.022143565118312836,10.863935470581055,1.5629348754882812,3.299311876296997,0.23195505142211914,622.457873935318,89.54960403900147
1777330436.960479,0.02380467765033245,10.892363548278809,1.559722900390625,2.941699743270874,-0.22159385681152344,624.0866833894729,89.36557135620117
1777330436.960578,0.025315843522548676,10.917463302612305,1.5560598373413086,2.5927860736846924,-0.2829923629760742,625.524793893814,89.15569322834016
1777330436.961378,0.026676347479224205,10.939126014709473,1.5547122955322266,2.235044002532959,-0.06592369079589844,626.765976313591,89.07848474235534
1777330436.961432,0.02771216630935669,10.957294464111328,1.5537042617797852,1.8772685527801514,-0.040044307708740234,627.8069521568299,89.02072864208222
1777330436.9614751,0.028598273172974586,10.971912384033203,1.5539417266845703,1.50979745388031,0.07175195217132568,628.6444975730896,89.03433438377381
1777330436.961517,0.029219135642051697,10.982983589172363,1.5544662475585938,1.1487245559692383,0.09402978420257568,629.2788311285019,89.06438722686768
1777330437.017455,0.029806407168507576,10.990631103515625,1.554443359375,0.78977370262146,0.02275264263153076,629.7170015808106,89.06307583007812
1777330437.018283,0.030058320611715317,10.994913101196289,1.5548906326293945,0.43745115399360657,0.05405539274215698,629.9623420635223,89.08870270900726
1777330437.0183392,0.0300990492105484,10.995707511901855,1.5547256469726562,0.08396102488040924,-0.01194743812084198,630.0078584604263,89.07924972381592
1777330437.018383,0.029920095577836037,10.99325942993164,1.5541954040527344,-0.2564438283443451,-0.06469827890396118,629.8675936454773,89.04886903152466
1777330437.018425,0.029579125344753265,10.987754821777344,1.5544443130493164,-0.5694764256477356,0.0057027339935302734,629.5522027175904,89.06313047161102
1777330437.076867,0.028902769088745117,10.976500511169434,1.5508594512939453,-1.1520631313323975,-0.3851565718650818,628.9073779878617,88.85773294944764
1777330437.0777369,0.028054818511009216,10.962677955627441,1.5475835800170898,-1.4378553628921509,-0.38339781761169434,628.1154036100388,88.67003928394318
1777330437.077792,0.02704252488911152,10.945916175842285,1.5442447662353516,-1.7246923446655273,-0.3827981948852539,627.1550240278244,88.47873927726745
1777330437.077836,0.025861002504825592,10.926457405090332,1.542043685913086,-2.0093894004821777,-0.2838791608810425,626.0401181905746,88.35262661933899
1777330437.077878,0.024639654904603958,10.904305458068848,1.540985107421875,-2.2852859497070312,-0.17631816864013672,624.7709046644211,88.29197451782227
1777330437.077919,0.02324078045785427,10.879692077636719,1.5393810272216797,-2.5535693168640137,-0.2530994415283203,623.360661341858,88.20006745948791
1777330437.134633,0.021621450781822205,10.852298736572266,1.5378732681274414,-2.818490743637085,-0.23070883750915527,621.7911379508972,88.11367919597626
1777330437.134729,0.019956348463892937,10.822423934936523,1.5338869094848633,-3.0878331661224365,-0.49976515769958496,620.079437291336,87.88527758846283
1777330437.134774,0.01806226186454296,10.789989471435547,1.5311737060546875,-3.3593132495880127,-0.38726162910461426,618.2210787574768,87.72982242736816
1777330437.134816,0.016080118715763092,10.754861831665039,1.530562400817871,-3.6297214031219482,-0.17851924896240234,616.2084125347137,87.69479720478058
1777330437.134858,0.013960829935967922,10.717174530029297,1.5293092727661133,-3.8924968242645264,-0.24944376945495605,614.0490884376526,87.62299823055267
1777330437.135621,0.011730060912668705,10.676977157592773,1.527461051940918,-4.146597862243652,-0.3118743896484375,611.745947826004,87.51710293979644
1777330437.1938848,0.009301707148551941,10.634480476379395,1.5204391479492188,-4.3898138999938965,-0.8434886932373047,609.3110664785385,87.11477733306884
1777330437.19398,0.006856271531432867,10.589674949645996,1.5178194046020508,-4.634189128875732,-0.4160327911376953,606.743897979927,86.96467704219818
1777330437.194026,0.004380836151540279,10.542415618896484,1.5175399780273438,-4.886260032653809,-0.18944406509399414,604.0361368171692,86.94866707305908
1777330437.194069,0.001772613264620304,10.492815017700195,1.511082649230957,-5.119867324829102,-0.8060789108276367,601.1942306911468,86.57868925380707
1777330437.19486,-0.0008863211842253804,10.441095352172852,1.5073022842407227,-5.3404717445373535,-0.5469012260437012,598.2309110790253,86.3620902173996
1777330437.194914,-0.0036133010871708393,10.387455940246582,1.5092716217041016,-5.550282955169678,0.010452747344970703,595.1575980611801,86.47492498283387
1777330437.256248,-0.006337327416986227,10.331670761108398,1.501424789428711,-5.7591352462768555,-0.966738224029541,591.9613415943146,86.02533445014953
1777330437.2563221,-0.008939623832702637,10.27408504486084,1.4965715408325195,-5.950652122497559,-0.6775374412536621,588.6619219133377,85.74726368923187
1777330437.2563689,-0.011497721076011658,10.21487808227539,1.4948902130126953,-6.122588634490967,-0.3703126907348633,585.2696116264343,85.65093066673279
1777330437.2571578,-0.014018294401466846,10.153955459594727,1.486699104309082,-6.288110733032227,-1.015355110168457,581.7790012218476,85.1816145406723
1777330437.2572129,-0.016430964693427086,10.09177017211914,1.4849157333374023,-6.427610397338867,-0.3884754180908203,578.2160454277039,85.07943487415314
1777330437.257277,-0.018838122487068176,10.028470039367676,1.4820184707641602,-6.546416759490967,-0.5068845748901367,574.5892136816025,84.91343389720917
1777330437.31735,-0.02100083790719509,9.963943481445312,1.4769353866577148,-6.663170337677002,-0.7207541465759277,570.8921129241943,84.6221945268631
1777330437.317439,-0.023097215220332146,9.898612976074219,1.4758415222167969,-6.755856037139893,-0.33315563201904297,567.1489493545532,84.55952068862915
1777330437.3182259,-0.024910850450396538,9.832649230957031,1.4674043655395508,-6.819146633148193,-1.0664877891540527,563.3695038070679,84.076107047081
1777330437.318279,-0.026562480255961418,9.766146659851074,1.4660987854003906,-6.868181228637695,-0.3496227264404297,559.5591857934952,84.0013027885437
1777330437.318323,-0.029061563313007355,9.632906913757324,1.3942203521728516,-6.8821539878845215,-0.7461762428283691,551.9251079492569,79.88297045402527
1777330437.318364,-0.029932677745819092,9.566533088684082,1.389206886291504,-6.8825602531433105,-0.7586193084716797,548.1221665426255,79.59571991558074
1777330437.378849,-0.030523987486958504,9.500656127929688,1.387568473815918,-6.865463733673096,-0.4297027587890625,544.3476933746338,79.50184576206208
1777330437.37968,-0.030921651050448418,9.435466766357422,1.3779869079589844,-6.8102617263793945,-1.2501769065856934,540.6126167518615,78.95286228103637
1777330437.379735,-0.031073709949851036,9.37123966217041,1.3770380020141602,-6.738336086273193,-0.4255094528198242,536.9326734357834,78.89849395580292
1777330437.379779,-0.03091340698301792,9.308176040649414,1.3724594116210938,-6.644273281097412,-0.7833156585693359,533.3193927898407,78.63615995635986
1777330437.37982,-0.030550001189112663,9.246478080749512,1.3673291206359863,-6.513211250305176,-0.8565859794616699,529.7843588190078,78.34221583013534
1777330437.3798609,-0.030034098774194717,9.1863431930542,1.3675956726074219,-6.37318229675293,-0.3641347885131836,526.3388823205947,78.35748813858032
1777330437.4378,-0.029278676956892014,9.127939224243164,1.3609657287597656,-6.217658519744873,-1.0154151916503906,522.9925802043915,77.97762020187378
1777330437.437887,-0.028418462723493576,9.071290969848633,1.360884666442871,-6.03803014755249,-0.3820176124572754,519.7468731502534,77.97297567157746
1777330437.437932,-0.02729024551808834,9.016839981079102,1.3591656684875488,-5.842094898223877,-0.5700817108154297,516.627060187912,77.8744843085289
1777330437.437974,-0.026151180267333984,8.964568138122559,1.354832649230957,-5.6317853927612305,-0.8379030227661133,513.6321031282425,77.62622050380706
1777330437.438015,-0.024906553328037262,8.914753913879395,1.355832576751709,-5.401813507080078,-0.32077980041503906,510.777957298851,77.68351215105056
1777330437.438775,-0.023666728287935257,8.86717700958252,1.3552350997924805,-5.151195049285889,-0.45325231552124023,508.05200050563815,77.64927923069
1777330437.495269,-0.022354502230882645,8.822043418884277,1.3494114875793457,-4.910421371459961,-0.9802095890045166,505.46603531970976,77.31561071004867
1777330437.4953501,-0.02095864713191986,8.779699325561523,1.3473353385925293,-4.658822059631348,-0.6327319145202637,503.0398966175079,77.19665609292984
1777330437.495394,-0.01963251642882824,8.740084648132324,1.348947525024414,-4.380999565124512,-0.2594466209411621,500.77014198246,77.28902760429382
1777330437.4954371,-0.018392959609627724,8.703241348266602,1.3466200828552246,-4.092243194580078,-0.6413476467132568,498.65917564201357,77.15567494325637
1777330437.496177,-0.017085086554288864,8.669068336486816,1.3440866470336914,-3.808148145675659,-0.6452975273132324,496.7012055936813,77.01051971111298
1777330437.4962308,-0.015919795259833336,8.63762092590332,1.3404431343078613,-3.2510077953338623,-0.47089600563049316,494.89940104637145,76.80176173467636
1777330437.555407,-0.014811968430876732,8.6090726852417,1.3416171073913574,-2.9538726806640625,0.0180513858795166,493.26370675907134,76.86902546167374
1777330437.555487,-0.01362089067697525,8.583498001098633,1.3419289588928223,-2.6458628177642822,-0.05792093276977539,491.79838477134706,76.88689324293136
1777330437.555535,-0.012707564048469067,8.560856819152832,1.3403806686401367,-2.3356845378875732,-0.22644805908203125,490.5011401388168,76.79818271427155
1777330437.5562801,-0.011813259683549404,8.541171073913574,1.3379530906677246,-2.0321624279022217,-0.3065183162689209,489.3732296167374,76.65909269227981
1777330437.556329,-0.011017023585736752,8.524422645568848,1.335585594177246,-1.7330657243728638,-0.29533207416534424,488.41361501598357,76.52344508686066
1777330437.556373,-0.010354927740991116,8.510492324829102,1.3341197967529297,-1.4361871480941772,-0.1897348165512085,487.61546614494324,76.43946105079651
1777330437.6157708,-0.009832972660660744,8.499418258666992,1.331674575805664,-1.1425678730010986,-0.2797696590423584,486.9809686649323,76.29936016044617
1777330437.6158972,-0.00933416374027729,8.491130828857422,1.331057071685791,-0.850114107131958,-0.08315986394882202,486.50613374404907,76.26397976789474
1777330437.616684,-0.009057913906872272,8.48569107055664,1.3294525146484375,-0.5598042607307434,-0.17635121941566467,486.19445844039916,76.17204538879395
1777330437.616738,-0.008936837315559387,8.483183860778809,1.3279037475585938,-0.26515939831733704,-0.16932949423789978,486.0508058504105,76.08330753936768
1777330437.61678,-0.008936837315559387,8.483183860778809,1.3269453048706055,0.006558604072779417,-0.08927847445011139,486.0508058504105,76.02839279880524
1777330437.616823,-0.009057913906872272,8.48569107055664,1.3265762329101562,0.2586129605770111,-0.028964906930923462,486.19445844039916,76.00724652557373
1777330437.681997,-0.009240579791367054,8.49044132232666,1.324615478515625,0.49539899826049805,-0.1754835844039917,486.46662791576387,75.89490353393555
1777330437.682909,-0.00960445310920477,8.497499465942383,1.3230443000793457,0.7267794609069824,-0.13602328300476074,486.8710299007416,75.80488160848617
1777330437.6829681,-0.010068303905427456,8.5068359375,1.3227934837341309,0.9657456278800964,0.00718456506729126,487.4059705078125,75.79051088533402
1777330437.683014,-0.01063211914151907,8.518487930297852,1.3219809532165527,1.2004019021987915,-0.04595685005187988,488.07358075675967,75.74395629930495
1777330437.683061,-0.011216131038963795,8.53242301940918,1.3215351104736328,1.435031771659851,-0.0029535293579101562,488.87200283546446,75.71841138267517
1777330437.744308,-0.012126310728490353,8.549202919006348,1.321056842803955,1.6653578281402588,-0.06037259101867676,489.8334206068039,75.69100865392684
1777330437.745172,-0.013035133481025696,8.567573547363281,1.3183341026306152,1.893536925315857,-0.21569454669952393,490.8859804550171,75.53500707750321
1777330437.745229,-0.013890150934457779,8.588013648986816,1.3195996284484863,2.116238594055176,0.1990206241607666,492.0571124296188,75.60751639165878
1777330437.745273,-0.014848271384835243,8.61058235168457,1.3143630027770996,2.327064037322998,-0.45332980155944824,493.3502043056488,75.30747973451615
1777330437.745316,-0.015802672132849693,8.635025024414062,1.3100433349609375,2.522618532180786,-0.35339975357055664,494.75066679382326,75.05998091125488
1777330437.7453592,-0.01681620068848133,8.661242485046387,1.309415340423584,2.711566686630249,0.027021169662475586,496.25281717472075,75.02399946184158
1777330437.8071418,-0.0179873276501894,8.689294815063477,1.3096637725830078,2.8994150161743164,0.11999797821044922,497.86009786491394,75.03823358116149
1777330437.8072362,-0.01896490529179573,8.719121932983398,1.3049745559692383,3.088563919067383,-0.36220669746398926,499.5690664478302,74.76956116390228
1777330437.807282,-0.0200800858438015,8.75092601776123,1.3003449440002441,3.2787132263183594,-0.36356401443481445,501.3913069284439,74.50430384244919
1777330437.807325,-0.021240299567580223,8.784333229064941,1.301154613494873,3.4547879695892334,0.19617414474487305,503.30539982585907,74.55069450387954
1777330437.8073668,-0.022303318604826927,8.819391250610352,1.3016972541809082,3.615506649017334,0.16396856307983398,505.3140772167206,74.58178553609848
1777330437.808136,-0.023431478068232536,8.85579776763916,1.2987937927246094,3.7621936798095703,-0.1684110164642334,507.40001773509977,74.41542938919068
1777330437.868313,-0.024480437859892845,8.893655776977539,1.296384334564209,3.9088141918182373,-0.11783194541931152,509.5691226665497,74.277377556324
1777330437.868402,-0.025524955242872238,8.932793617248535,1.294294834136963,4.045610427856445,-0.07681417465209961,511.8115565351486,74.1576579577446
1777330437.868448,-0.02634722739458084,8.973100662231445,1.293375015258789,4.167252540588379,0.053513526916503906,514.1209809230804,74.10495619926452
1777330437.868491,-0.027294864878058434,9.014360427856445,1.288614273071289,4.258220195770264,-0.3527064323425293,516.4849922023773,73.83218566703796
1777330437.869261,-0.028110073879361153,9.05643367767334,1.2875428199768066,4.352453708648682,0.0391697883605957,518.8956127092362,73.77079590482711
1777330437.869314,-0.02867000736296177,9.099398612976074,1.2911977767944336,4.436861991882324,0.5148844718933105,521.3573230493546,73.9802095796585
1777330437.932253,-0.029351549223065376,9.14306640625,1.2888450622558594,4.5113139152526855,-0.09845829010009766,523.8593041992187,73.84540891799926
1777330437.932339,-0.0299026221036911,9.18714427947998,1.2878618240356445,4.55093240737915,0.045835018157958984,526.384781208229,73.78907349758148
1777330437.932384,-0.03036651574075222,9.231441497802734,1.2899723052978516,4.5873823165893555,0.3924102783203125,528.9228257698059,73.90999520988464
1777330437.933131,-0.03060019761323929,9.27618408203125,1.2915701866149902,4.613868713378906,0.2767367362976074,531.4863879272461,74.00154709825516
1777330437.933186,-0.030808482319116592,9.32083797454834,1.2892446517944336,4.619385719299316,-0.07691335678100586,534.0448684221268,73.8683037202835
1777330437.933228,-0.030824314802885056,9.365365028381348,1.2906274795532227,4.598727226257324,0.28516721725463867,536.596081593132,73.94753394298553
1777330437.933269,-0.030727926641702652,9.409690856933594,1.2927665710449219,4.577913761138916,0.3595566749572754,539.1357654006958,74.07009490127564
1777330437.933344,-0.030599571764469147,9.453743934631348,1.293675422668457,4.550540924072266,0.23654985427856445,541.6598217298508,74.12216828212738
1777330437.933913,-0.03025677427649498,9.497210502624512,1.293039321899414,4.493589878082275,0.08442544937133789,544.1502735162735,74.08572237968446
1777330437.99333,-0.029865901917219162,9.539922714233398,1.2935657501220703,4.411552906036377,0.19423961639404297,546.5975038501739,74.11588450584412
1777330437.993419,-0.02942700684070587,9.58182144165039,1.2961549758911133,4.326053619384766,0.39529991149902344,548.9981249565125,74.26423626766204
1777330437.9934652,-0.02876722812652588,9.622751235961914,1.2948999404907227,4.232964992523193,0.01469278335571289,551.3432302654267,74.19232801036834
1777330437.993509,-0.028156673535704613,9.662620544433594,1.294499397277832,4.1214518547058105,0.0949697494506836,553.6275741897583,74.1693785665512
1777330437.994282,-0.027402015402913094,9.701287269592285,1.2986516952514648,3.991145610809326,0.5403931140899658,555.8430151411056,74.40728780078888
1777330437.994334,-0.026610281318426132,9.738553047180176,1.301401138305664,3.8467040061950684,0.39601945877075195,557.9781876806259,74.56481934013367
1777330438.0510159,-0.025772176682949066,9.774344444274902,1.298842430114746,3.7077596187591553,-0.12667560577392578,560.028884410286,74.41821610736847
1777330438.0512,-0.02493353746831417,9.808841705322266,1.298823356628418,3.5587875843048096,0.10784435272216797,562.0054325798035,74.41712327671051
1777330438.051281,-0.024203723296523094,9.84160041809082,1.3009023666381836,3.3914525508880615,0.3240189552307129,563.882369234848,74.53624181842804
1777330438.052099,-0.022543733939528465,9.901928901672363,1.332468032836914,3.207829713821411,0.3321232795715332,567.3389379644394,76.34482191581726
1777330438.052156,-0.021625207737088203,9.929305076599121,1.3301219940185547,3.014141082763672,0.042662620544433594,568.9074778078079,76.21040374488831
1777330438.0521998,-0.020850853994488716,9.954809188842773,1.3278217315673828,2.8282358646392822,0.048632144927978516,570.3687563220977,76.07860836753845
1777330438.108315,-0.02008313499391079,9.97849178314209,1.3256168365478516,2.633775472640991,0.04573822021484375,571.7256695085525,75.9522771434784
1777330438.1084,-0.01943136379122734,10.000288963317871,1.325362205505371,2.452422618865967,0.24729681015014648,572.9745563844681,75.93768785419464
1777330438.168576,-0.018769163638353348,10.020191192626953,1.326089859008789,2.251370429992676,0.33420050144195557,574.1148705345154,75.97937934379577
1777330438.168662,-0.01824808120727539,10.037816047668457,1.3264570236206055,2.050290584564209,0.3248666524887085,575.1247007040024,76.00041633396148
1777330438.168708,-0.017659032717347145,10.053277969360352,1.3256206512451172,1.8231310844421387,0.1937497854232788,576.0106038768769,75.95249570960999
1777330438.1687522,-0.01722686178982258,10.06657600402832,1.323577880859375,1.5982556343078613,0.06436681747436523,576.7725254116058,75.83545354614257
1777330438.20375,-0.016792893409729004,10.077768325805664,1.3223066329956055,1.3755156993865967,0.12940800189971924,577.4137984416961,75.76261638278962
1777330438.204588,-0.01643880270421505,10.08682632446289,1.3208179473876953,1.1527570486068726,0.09843122959136963,577.9327837211608,75.67732094993592
1777330438.2046452,-0.016252782195806503,10.09377384185791,1.319136619567871,0.9387351870536804,0.0759584903717041,578.3308472883225,75.58098792743682
1777330438.2046888,-0.0160993542522192,10.098644256591797,1.3182544708251953,0.7182344198226929,0.14309310913085938,578.6099015968323,75.53044450950622
1777330438.204731,-0.01605330780148506,10.101186752319336,1.3169622421264648,0.49555838108062744,0.11218178272247314,578.7555759235382,75.4564052324295
1777330438.204772,-0.016073156148195267,10.10173225402832,1.3155899047851562,0.27177247405052185,0.07998856902122498,578.7868308803559,75.37777606658936
1777330438.205312,-0.016070859506726265,10.100091934204102,1.3149080276489258,0.0480402410030365,0.1438773274421692,578.6928474437714,75.33870737056732
1777330438.2053602,-0.016246046870946884,10.0966157913208,1.3143081665039062,-0.1659540832042694,0.12165972590446472,578.4936790563584,75.30433784637451
1777330438.262811,-0.01641768589615822,10.091499328613281,1.3130273818969727,-0.358058899641037,0.02537471055984497,578.2005272323609,75.23095426769257
1777330438.2628999,-0.01672239974141121,10.084819793701172,1.313058853149414,-0.5283480882644653,0.14266866445541382,577.8178179359436,75.2327574382782
1777330438.262947,-0.016995860263705254,10.076584815979004,1.3124933242797852,-0.8504233360290527,-0.08368927240371704,577.3459882993698,75.20035500926971
1777330438.263733,-0.017263900488615036,10.06682014465332,1.3113584518432617,-1.004297137260437,-0.14153295755386353,576.7865136440278,75.13533158512115
1777330438.263786,-0.01774703711271286,10.055624961853027,1.310708999633789,-1.1583216190338135,-0.10377490520477295,576.1450766893387,75.09812070121765
1777330438.263829,-0.01814037188887596,10.042928695678711,1.310476303100586,-1.3133296966552734,-0.06728434562683105,575.4176339618683,75.08478816719055
1777330438.322453,-0.01865999959409237,10.028670310974121,1.309640884399414,-1.4748692512512207,-0.13290822505950928,574.6006884035111,75.03692218437195
1777330438.322541,-0.019078651443123817,10.01285171508789,1.3072452545166016,-1.6300219297409058,-0.28806090354919434,573.6943492973328,74.8996626537323
1777330438.3233569,-0.01970701850950718,9.995706558227539,1.3054399490356445,-1.7775580883026123,-0.24387967586517334,572.7120038188934,74.79622623195648
1777330438.3234649,-0.02028721757233143,9.977056503295898,1.3030891418457031,-1.9118860960006714,-0.28232789039611816,571.6434340015411,74.66153485336304
1777330438.3235111,-0.02090051956474781,9.957594871520996,1.301844596862793,-2.0233123302459717,-0.20219552516937256,570.5283642396927,74.59022765293122
1777330438.323554,-0.021557137370109558,9.936978340148926,1.3023204803466797,-2.1238667964935303,-0.0196230411529541,569.3471235815048,74.61749377784729
1777330438.382866,-0.022075986489653587,9.91555118560791,1.301985740661621,-2.2112503051757812,-0.09799361228942871,568.1194376203537,74.5983145998001
1777330438.3836741,-0.02277383767068386,9.893383026123047,1.3028287887573242,-2.2954256534576416,0.005177497863769531,566.8492951881409,74.6466177148819
1777330438.383729,-0.023455506190657616,9.870370864868164,1.3028268814086914,-2.376417398452759,-0.07964086532592773,565.5307949993133,74.6465084318161
1777330438.383775,-0.0239926315844059,9.846539497375488,1.3020057678222656,-2.45621395111084,-0.15184712409973145,564.1653577337265,74.59946207199097
1777330438.383817,-0.024572212249040604,9.821995735168457,1.3014307022094727,-2.5393998622894287,-0.14282965660095215,562.7591032430648,74.5665132276535
1777330438.383857,-0.02509387582540512,9.796773910522461,1.3001775741577148,-2.6082963943481445,-0.22501134872436523,561.3139986225128,74.4947142534256
1777330438.444584,-0.02571350522339344,9.771017074584961,1.3003082275390625,-2.6618924140930176,-0.05902290344238281,559.838240102005,74.50220014343262
1777330438.4446511,-0.02629993110895157,9.744860649108887,1.3029146194458008,-2.702456474304199,0.1735377311706543,558.3395867792129,74.65153545284271
1777330438.444696,-0.026668252423405647,9.718425750732422,1.3033266067504883,-2.7342541217803955,-0.04983401298522949,556.8249781288147,74.67514059505463
1777330438.4447381,-0.02716521918773651,9.691603660583496,1.3023910522460938,-2.7628300189971924,-0.1750175952911377,555.2881850160599,74.62153725128174
1777330438.44478,-0.02750357612967491,9.664480209350586,1.3001947402954102,-2.793501138687134,-0.301410436630249,553.7341251789093,74.49569780101776
1777330438.4455402,-0.0279720276594162,9.637216567993164,1.2997760772705078,-2.8230230808258057,-0.13939738273620605,552.1720330364227,74.47171016807556
1777330438.505795,-0.028410855680704117,9.609902381896973,1.3012256622314453,-2.8265159130096436,0.04907035827636719,550.6070448926926,74.55476529808044
1777330438.50587,-0.02872619591653347,9.58263111114502,1.3027172088623047,-2.815706253051758,0.0602879524230957,549.0445156179428,74.64022465553283
1777330438.505952,-0.029096446931362152,9.555646896362305,1.3025789260864258,-2.7828779220581055,-0.09902286529541016,547.4984334445953,74.63230163326263
1777330438.505996,-0.029276559129357338,9.52912425994873,1.3009843826293945,-2.7502503395080566,-0.2576901912689209,545.9787977731704,74.54094099025727
1777330438.506819,-0.029346594586968422,9.502790451049805,1.2967023849487305,-2.7121458053588867,-0.5070748329162598,544.4699811252594,74.29560050754547
1777330438.5666711,-0.02949470281600952,9.476987838745117,1.299661636352539,-2.6705968379974365,0.20487046241760254,542.9915998111725,74.46515318412781
1777330438.566764,-0.02962668053805828,9.4515380859375,1.3000984191894531,-2.6324260234832764,-0.04474282264709473,541.5334358642579,74.49017900619506
1777330438.5668108,-0.029574498534202576,9.426532745361328,1.300980567932129,-2.5822150707244873,0.0062749385833740234,540.1007348716736,74.54072242412568
1777330438.566854,-0.02961091138422489,9.402128219604492,1.2986278533935547,-2.5144543647766113,-0.30943870544433594,538.7024580448151,74.40592176246643
1777330438.56766,-0.029572833329439163,9.378500938415527,1.2960939407348633,-2.436788320541382,-0.3277149200439453,537.3487140672684,74.26073920955658
1777330438.567753,-0.029471583664417267,9.35573673248291,1.2944221496582031,-2.3538167476654053,-0.24515509605407715,536.0444206769944,74.16495260238648
1777330438.631236,-0.029306255280971527,9.333829879760742,1.292649269104004,-2.265125274658203,-0.2516777515411377,534.7892500247955,74.06337399272918
1777330438.631341,-0.02917484939098358,9.31277847290039,1.2926902770996094,-2.170072317123413,-0.061041831970214844,533.5830928276062,74.0657235786438
1777330438.6313899,-0.02908221073448658,9.292750358581543,1.2927961349487305,-2.072782516479492,-0.059938907623291016,532.4355659952164,74.07178878879547
1777330438.63225,-0.028946343809366226,9.27366828918457,1.29288911819458,-1.9711278676986694,-0.053766489028930664,531.3422435634614,74.07711633825302
1777330438.6323059,-0.028754619881510735,9.256832122802734,1.2933106422424316,-1.739477276802063,-0.013837695121765137,530.377601941681,74.10126789579391
1777330438.632351,-0.028633592650294304,9.241284370422363,1.2921452522277832,-1.6061307191848755,-0.1679304838180542,529.4867810308457,74.03449594259263
1777330438.693429,-0.028414970263838768,9.227035522460938,1.2913188934326172,-1.4696840047836304,-0.1275022029876709,528.6703818878174,73.98714905433654
1777330438.6935282,-0.028265560045838356,9.214244842529297,1.290992259979248,-1.3253726959228516,-0.07934176921844482,527.93752964859,73.968434329319
1777330438.69434,-0.028216306120157242,9.2027587890625,1.2910113334655762,-1.1855440139770508,-0.035347580909729004,527.2794270263672,73.96952715997696
1777330438.752357,-0.028057929128408432,9.1925687789917,1.2904086112976074,-1.0478456020355225,-0.08923661708831787,526.6955822473526,73.93499371118546
1777330438.752448,-0.027898313477635384,9.18367862701416,1.291107177734375,-0.9146028161048889,0.04412519931793213,526.1862138776779,73.9750186340332
1777330438.7524931,-0.02773762308061123,9.176193237304688,1.292250633239746,-0.7790629863739014,0.0836058259010315,525.7573324859619,74.04053383197784
1777330438.752536,-0.027755578979849815,9.169912338256836,1.2926807403564453,-0.6445656418800354,0.026316940784454346,525.397463350296,74.06517716331481
1777330438.753291,-0.027600375935435295,9.16502571105957,1.2945055961608887,-0.5145368576049805,0.15656107664108276,525.117480135727,74.16973373651504
1777330438.753342,-0.02761378139257431,9.16127872467041,1.2945938110351562,-0.38347145915031433,-8.851289749145508e-06,524.9027935529709,74.17478807830811
1777330438.753385,-0.027731020003557205,9.157856941223145,1.2950072288513184,-0.2611393332481384,0.12237119674682617,524.706739732933,74.19847518281937
1777330438.7534258,-0.028021784499287605,9.155830383300781,1.2948980331420898,-0.1366828829050064,0.05502457916736603,524.5906264755249,74.19221872730255
1777330438.7534668,-0.02821393683552742,9.154777526855469,1.2948036193847656,-0.01316214818507433,0.08264859020709991,524.5303022232056,74.18680921554565
1777330438.810869,-0.028478523716330528,9.154919624328613,1.2949457168579102,0.10917209088802338,0.10917209088802338,524.5384438116074,74.19495080394745
1777330438.810957,-0.02843979373574257,9.157026290893555,1.2951350212097168,0.21408066153526306,0.022392362356185913,524.659146957779,74.20579714822769
1777330438.811001,-0.02852296084165573,9.163484573364258,1.2996759414672852,0.2982703149318695,0.10655805468559265,525.0291794185638,74.46597280712128
1777330438.811044,-0.02861764095723629,9.167579650878906,1.3008947372436523,0.369236022233963,0.08166536688804626,525.2638101608277,74.53580468616485
1777330438.811085,-0.028680799528956413,9.17220401763916,1.3016839027404785,0.42601367831230164,0.04255107045173645,525.5287669538498,74.5810205546379
1777330438.811826,-0.028783828020095825,9.177513122558594,1.3031578063964844,0.4819282591342926,0.09843692183494568,525.8329563674927,74.66546904373169
1777330438.871095,-0.028904473409056664,9.183271408081055,1.3050813674926758,0.5431862473487854,0.15983840823173523,526.1628819431305,74.77568101558685
1777330438.8711948,-0.028893783688545227,9.18972396850586,1.305781364440918,0.5998687148094177,0.024712979793548584,526.532586554718,74.81578790073395
1777330438.871246,-0.02936737611889839,9.194140434265137,1.3054041862487793,0.6588047742843628,0.18056422472000122,526.7856314935684,74.79417717447281
1777330438.871288,-0.02962579019367695,9.199268341064453,1.3047795295715332,0.7123593091964722,0.13606566190719604,527.0794390159607,74.75838697042465
1777330438.8720782,-0.030015427619218826,9.204999923706055,1.3037981986999512,0.7692025899887085,0.09809577465057373,527.4078346286774,74.70216083307267
1777330438.8721752,-0.03042955882847309,9.211331367492676,1.3034186363220215,0.8238822221755981,0.15408766269683838,527.7705997655869,74.68041350297928
1777330438.932276,-0.030690880492329597,9.218016624450684,1.302433967590332,0.8730297684669495,0.1048080325126648,528.1536369112015,74.62399612026215
1777330438.932363,-0.030863875523209572,9.22740364074707,1.305109977722168,0.9243849515914917,0.2534688115119934,528.691473519516,74.77732026157379
1777330438.932408,-0.030904920771718025,9.237401962280273,1.3074383735656738,0.9693436026573181,0.20561599731445312,529.264335350418,74.91072756414414
1777330438.9331388,-0.031048797070980072,9.247746467590332,1.310112476348877,1.021807312965393,0.25187981128692627,529.8570320577621,75.06394242238999
1777330438.9331882,-0.031120048835873604,9.258431434631348,1.3121685981750488,1.0688419342041016,0.20608681440353394,530.4692357923508,75.18174956731796
1777330438.9332302,-0.031290315091609955,9.269448280334473,1.3145570755004883,1.1081007719039917,0.2452855110168457,531.1004547803878,75.31859928646088
1777330438.993114,-0.03130324184894562,9.280818939208984,1.3163385391235352,1.1420644521713257,0.1834324598312378,531.7519457771301,75.42066966991425
1777330438.9931982,-0.03150252252817154,9.292524337768555,1.3184566497802734,1.17493736743927,0.2162564992904663,532.4226159519195,75.54202851448059
1777330438.9939651,-0.031530942767858505,9.304314613342285,1.3197007179260254,1.2010560035705566,0.1464616060256958,533.0981492231369,75.61330839414596
1777330438.9940171,-0.03165033087134361,9.316278457641602,1.321117877960205,1.2382245063781738,0.1839514970779419,533.7836272533417,75.69450571203232
1777330438.99406,-0.03167615085840225,9.328326225280762,1.3216609954833984,1.2447789907455444,0.09442901611328125,534.4739137384414,75.7256240650177
1777330438.9941518,-0.03170156851410866,9.340453147888184,1.3232412338256836,1.2470252513885498,0.19254136085510254,535.1687354707718,75.8161650850296
1777330439.054089,-0.03189271315932274,9.352570533752441,1.3238534927368164,1.251388430595398,0.10127818584442139,535.8630107877731,75.85124494915009
1777330439.054869,-0.03181726112961769,9.364699363708496,1.324477195739746,1.2558414936065674,0.10544383525848389,536.5579418031692,75.88698051166534
1777330439.054923,-0.031914401799440384,9.37690544128418,1.3261375427246094,1.2624151706695557,0.20794761180877686,537.2572987827301,75.98211142044067
1777330439.0550091,-0.03191989287734032,9.389280319213867,1.3279657363891602,1.2753053903579712,0.22063696384429932,537.9663273136139,76.08685923900605
1777330439.055051,-0.03200376778841019,9.401567459106445,1.3297061920166016,1.274316668510437,0.21977996826171875,538.6703288234711,76.1865800365448
1777330439.0550919,-0.03199869021773338,9.413944244384766,1.3315372467041016,1.2765374183654785,0.22225427627563477,539.3794666374207,76.29149177970886
1777330439.115644,-0.03198319673538208,9.426321983337402,1.3343257904052734,1.2712211608886719,0.31251734495162964,540.0886590929032,76.45126362190247
1777330439.115725,-0.031956300139427185,9.438611030578613,1.336069107055664,1.2709742784500122,0.216638445854187,540.7927698858261,76.55114834403992
1777330439.11577,-0.03199858218431473,9.450723648071289,1.3385944366455078,1.255627155303955,0.29720985889434814,541.4867719951629,76.69583912315369
1777330439.115813,-0.031937915831804276,9.462669372558594,1.3399925231933594,1.2371885776519775,0.18242478370666504,542.1712118362427,76.77594361038209
1777330439.151108,-0.031946998089551926,9.474440574645996,1.3412179946899414,1.2077295780181885,0.15334105491638184,542.8456522768021,76.84615798015595
1777330439.151963,-0.03192983195185661,9.48577880859375,1.3410511016845703,1.173738956451416,0.023456335067749023,543.4952854614257,76.83659571189881
1777330439.15202,-0.03179597109556198,9.496782302856445,1.341507911682129,1.1301363706588745,0.07581055164337158,544.1257394680023,76.86276900615692
1777330439.152064,-0.03179993852972984,9.507171630859375,1.3423099517822266,1.0776996612548828,0.11897087097167969,544.7210043273926,76.9087225353241
1777330439.1521049,-0.03168424591422081,9.517051696777344,1.3426027297973633,1.017552137374878,0.05887126922607422,545.2870906082153,76.92549748592377
1777330439.211607,-0.03170890361070633,9.52623176574707,1.3431529998779297,0.947493314743042,0.08475065231323242,545.813070003891,76.95702565040588
1777330439.212408,-0.031600471585989,9.534636497497559,1.343888282775879,0.8731467723846436,0.10627859830856323,546.2946258333207,76.9991542722702
1777330439.2124622,-0.03154740482568741,9.542437553405762,1.3440189361572266,0.7966362237930298,0.029730141162872314,546.7415935724258,77.00664016227722
1777330439.212506,-0.03144735097885132,9.549378395080566,1.3442487716674805,0.7201322913169861,0.04924970865249634,547.1392746488572,77.01980877170563
1777330439.212548,-0.031493037939071655,9.555618286132812,1.345693588256836,0.646806001663208,0.1672985553741455,547.4967941986084,77.10259069404601
1777330439.273334,-0.031406961381435394,9.561084747314453,1.347325325012207,0.5693700909614563,0.1859455704689026,547.8099994651794,77.19608235683441
1777330439.27408,-0.03137120604515076,9.565851211547852,1.3472986221313477,0.49065646529197693,0.011363714933395386,548.0830978466034,77.19455239391327
1777330439.274204,-0.03138592094182968,9.569845199584961,1.3484163284301758,0.41307002305984497,0.12545621395111084,548.31193658638,77.25859227046966
1777330439.274255,-0.03136676549911499,9.573137283325195,1.3497905731201172,0.3377006947994232,0.14594554901123047,548.5005591579437,77.33733071937561
1777330439.2742982,-0.031311824917793274,9.575742721557617,1.3504791259765625,0.26341161131858826,0.07173265516757965,548.6498398258209,77.37678190612793
1777330439.274341,-0.0312236025929451,9.577570915222168,1.3523073196411133,0.19126693904399872,0.19126693904399872,548.7545876443863,77.4815297246933
1777330439.335723,-0.031260035932064056,9.576440811157227,1.3511772155761719,0.11685358732938766,0.11685358732938766,548.6898374279023,77.41677950820923
1777330439.3358111,-0.03127874806523323,9.574966430664062,1.3497028350830078,0.051481667906045914,0.051481667906045914,548.605361618042,77.332303698349
1777330439.335857,-0.03127874806523323,9.574966430664062,1.350661277770996,-0.006443744525313377,0.08939094096422195,548.605361618042,77.38721843891143
1777330439.3358998,-0.031165223568677902,9.574535369873047,1.3511886596679688,-0.041480209678411484,0.054366450756788254,548.5806636451721,77.417435206604
1777330439.3359418,-0.03113001026213169,9.573847770690918,1.3524188995361328,-0.07007710635662079,0.12164448201656342,548.5412670999527,77.48792278404235
1777330439.336693,-0.031172998249530792,9.572977066040039,1.3525066375732422,-0.09509878605604172,0.0007311105728149414,548.4913793804169,77.49294980506897
1777330439.397027,-0.031198440119624138,9.571762084960938,1.3532094955444336,-0.11582490056753159,0.07593982666730881,548.4217660675049,77.53322061481475
1777330439.397115,-0.031223822385072708,9.570548057556152,1.353912353515625,-0.13555613160133362,0.05608928203582764,548.3522073961258,77.57349142456054
1777330439.39716,-0.03124234266579151,9.569073677062988,1.354355812072754,-0.15523506700992584,0.03615172207355499,548.2677315862655,77.5988997373581
1777330439.397202,-0.031164027750492096,9.56578254699707,1.3539409637451172,-0.17261134088039398,0.11560045182704926,548.0791636562348,77.57513067054748
1777330439.397961,-0.03117075189948082,9.562492370605469,1.3525676727294922,-0.19009801745414734,0.0015330463647842407,547.8906503677368,77.49644686317444
1777330439.398012,-0.031257230788469315,9.55893325805664,1.350926399230957,-0.20765748620033264,-0.016232505440711975,547.6867281669616,77.40240878505706
1777330439.459126,-0.03117264062166214,9.555294036865234,1.3501644134521484,-0.2240259200334549,0.06418757140636444,547.4782160774231,77.3587502002716
1777330439.4592059,-0.03125958889722824,9.551647186279297,1.3493938446044922,-0.24048864841461182,0.047089219093322754,547.2692668556214,77.31459984169007
1777330439.45925,-0.031240180134773254,9.54775333404541,1.3483762741088867,-0.25902578234672546,0.02754923701286316,547.046165476799,77.25629732608795
1777330439.4600031,-0.03130832687020302,9.543761253356934,1.3472604751586914,-0.2754899263381958,0.013083338737487793,546.8174360200882,77.19236673259735
1777330439.460198,-0.031289298087358475,9.539691925048828,1.3470258712768555,-0.28966858983039856,0.09378468990325928,546.5842805992127,77.17892491550445
1777330439.460337,-0.03133787587285042,9.535444259643555,1.3456544876098633,-0.3103007972240448,-0.022737324237823486,546.3409072116851,77.10035039119721
1777330439.460386,-0.03138628229498863,9.531107902526855,1.3451528549194336,-0.32455071806907654,0.05879712104797363,546.0924521615982,77.07160894489289
1777330439.4604301,-0.03142513334751129,9.526599884033203,1.3444805145263672,-0.3442964255809784,0.03915637731552124,545.8341616355896,77.03308666419983
1777330439.5207329,-0.03145432472229004,9.521920204162598,1.3436355590820312,-0.3617096543312073,0.021724432706832886,545.5660356336593,76.98467426605225
1777330439.52082,-0.031480446457862854,9.517248153686523,1.342799186706543,-0.3736415207386017,0.009878367185592651,545.2983467639923,76.93675364170075
1777330439.5208662,-0.03150750696659088,9.512480735778809,1.3418664932250977,-0.3836030662059784,-0.00016897916793823242,545.0251937410354,76.88331422252655
1777330439.52091,-0.031611088663339615,9.507716178894043,1.3409366607666016,-0.39330652356147766,-0.0098724365234375,544.7522046426773,76.83003872795105
1777330439.55616,-0.03162827715277672,9.502863883972168,1.339919090270996,-0.3977814018726349,-0.01440480351448059,544.4741885232926,76.77173621234894
1777330439.557027,-0.03174896538257599,9.493163108825684,1.335012435913086,-0.40442243218421936,0.07496568560600281,543.9183748506546,76.49060552558899
1777330439.557081,-0.03184835985302925,9.488309860229492,1.333993911743164,-0.4000664949417114,-0.0165940523147583,543.6403040897369,76.43224836845398
1777330439.5571241,-0.031875789165496826,9.483720779418945,1.3332395553588867,-0.3966261148452759,-0.013239920139312744,543.377369033432,76.3890269159317
1777330439.5571651,-0.03199165314435959,9.47921371459961,1.3325681686401367,-0.3891976773738861,-0.0057545006275177,543.1191331489563,76.35055927677155
1777330439.557206,-0.032030753791332245,9.474971771240234,1.3312034606933594,-0.3748812675476074,-0.0871577262878418,542.8760876106262,76.27236724319458
1777330439.6178088,-0.03207613527774811,9.470815658569336,1.3308820724487305,-0.3616531491279602,0.021752208471298218,542.6379598102569,76.25395304660798
1777330439.6179452,-0.0319666750729084,9.467013359069824,1.3299560546875,-0.34536683559417725,-0.05780336260795593,542.4201040185928,76.20089611816407
1777330439.617991,-0.03203817829489708,9.463374137878418,1.329193115234375,-0.3256978392601013,-0.03809124231338501,542.2115919290543,76.15718289184571
1777330439.618034,-0.032196976244449615,9.459819793701172,1.3285150527954102,-0.30612996220588684,-0.018566489219665527,542.0079429359436,76.11833276195526
1777330439.618131,-0.03219816833734512,9.456531524658203,1.327143669128418,-0.2895604968070984,-0.09791988134384155,541.8195389305115,76.03975823764802
1777330439.618912,-0.032298874109983444,9.453496932983398,1.3269853591918945,-0.26556017994880676,0.02200329303741455,541.6456695728302,76.03068774318695
1777330439.679321,-0.03232096508145332,9.450641632080078,1.325089454650879,-0.2426566481590271,-0.1467505693435669,541.4820728233337,75.92206037578583
1777330439.679405,-0.03244881331920624,9.448123931884766,1.324488639831543,-0.21742698550224304,-0.025800734758377075,541.3378191764832,75.88763621006012
1777330439.714141,-0.03250163793563843,9.445873260498047,1.3231964111328125,-0.19131851196289062,-0.09548143297433853,541.208865158844,75.8135969329834
1777330439.7142038,-0.03248435631394386,9.443883895874023,1.323124885559082,-0.16390754282474518,0.027833223342895508,541.0948829212189,75.80949881801605
1777330439.714977,-0.03256847336888313,9.442237854003906,1.3224372863769531,-0.1399105340242386,-0.0440950021147728,541.000571635437,75.77010227279663
1777330439.7760398,-0.03257974609732628,9.4408540725708,1.3210535049438477,-0.11137009412050247,-0.11137009412050247,540.9212867712021,75.69081740856171
1777330439.7761269,-0.032602958381175995,9.439641952514648,1.3198413848876953,-0.0797017365694046,-0.0797017365694046,540.8518373828888,75.62136802024841
1777330439.776175,-0.032641828060150146,9.438775062561035,1.318974494934082,-0.050249360501766205,-0.050249360501766205,540.8021682294846,75.57169886684417
1777330439.7762182,-0.03269263729453087,9.438079833984375,1.3182792663574219,-0.002217775909230113,-0.002217775909230113,540.7623345520019,75.53186518936157
1777330439.776999,-0.03269263729453087,9.438079833984375,1.3173208236694336,0.00552454823628068,-0.09030774980783463,540.7623345520019,75.47695044879913
1777330439.777051,-0.03269263729453087,9.438079833984375,1.3173208236694336,0.005453204736113548,0.005453204736113548,540.7623345520019,75.47695044879913
1777330439.777092,-0.03269263729453087,9.438079833984375,1.3163623809814453,-0.002360494574531913,-0.09818080067634583,540.7623345520019,75.42203570823669
1777330439.777133,-0.0326886847615242,9.437993049621582,1.3162755966186523,-0.012035285122692585,-0.012035285122692585,540.7573621725082,75.41706332874298
1777330439.777173,-0.032674241811037064,9.437735557556152,1.3160181045532227,-0.022907918319106102,-0.022907918319106102,540.7426089586257,75.40231011486054
1777330439.837424,-0.03265584260225296,9.437390327453613,1.314713478088379,-0.0359974168241024,-0.13192026317119598,540.7228287237167,75.32756049785614
1777330439.8374982,-0.03275985270738602,9.436086654663086,1.3143692016601562,-0.04472406208515167,0.051186807453632355,540.6481337482452,75.30783490447998
1777330439.8375418,-0.032690297812223434,9.434794425964355,1.3130769729614258,-0.053523413836956024,-0.053523413836956024,540.5740944711686,75.23379562740325
1777330439.837583,-0.03278914466500282,9.433405876159668,1.3116884231567383,-0.054684221744537354,-0.054684221744537354,540.4945363992691,75.15423755550384
1777330439.837624,-0.032812416553497314,9.432193756103516,1.310476303100586,-0.05144825205206871,-0.05144825205206871,540.4250870109558,75.08478816719055
1777330439.838347,-0.03283780440688133,9.431066513061523,1.3093490600585938,-0.04377591609954834,-0.04377591609954834,540.3605007190704,75.02020187530518
1777330439.898943,-0.03287017345428467,9.43002700805664,1.308309555053711,-0.03283197060227394,-0.03283197060227394,540.3009414482117,74.9606426044464
1777330439.899088,-0.03290897235274315,9.429161071777344,1.307443618774414,-0.027306638658046722,-0.027306638658046722,540.2513269363403,74.91102809257508
1777330439.8991401,-0.03294140100479126,9.428121566772461,1.3064041137695312,-0.02719910629093647,-0.02719910629093647,540.1917676654816,74.85146882171631
1777330439.899183,-0.032975390553474426,9.427169799804688,1.3054523468017578,-0.02730671688914299,-0.02730671688914299,540.1372354156495,74.79693657188416
1777330439.900012,-0.03292493522167206,9.426219940185547,1.3045024871826172,-0.03170597553253174,-0.03170597553253174,540.082812448883,74.7425136051178
1777330439.900064,-0.032957300543785095,9.425180435180664,1.3034629821777344,-0.036248862743377686,-0.036248862743377686,540.0232531780243,74.68295433425904
1777330439.960208,-0.03298686817288399,9.424140930175781,1.3024234771728516,-0.03621317073702812,-0.03621317073702812,539.9636939071655,74.62339506340027
1777330439.960296,-0.0330285020172596,9.423274040222168,1.3015565872192383,-0.037232208997011185,-0.037232208997011185,539.9140247537613,74.57372590999603
1777330439.9603431,-0.03306727483868599,9.422407150268555,1.300689697265625,-0.034978725016117096,-0.034978725016117096,539.864355600357,74.52405675659179
1777330439.961149,-0.033021241426467896,9.421545028686523,1.2998275756835938,-0.03054317645728588,-0.03054317645728588,539.8149596546173,74.47466081085206
1777330439.961204,-0.033062875270843506,9.42067813873291,1.2989606857299805,-0.025125140324234962,-0.025125140324234962,539.765290501213,74.42499165744782
1777330439.961246,-0.03302605077624321,9.419988632202148,1.2982711791992188,-0.021924704313278198,-0.021924704313278198,539.7257846729278,74.3854858291626
1777330440.02134,-0.0330648198723793,9.419120788574219,1.297403335571289,-0.02399793267250061,-0.02399793267250061,539.6760608779907,74.33576203422547
1777330440.0214279,-0.033195629715919495,9.418334007263184,1.296616554260254,-0.021851880475878716,-0.021851880475878716,539.63098161335,74.29068276958465
1777330440.022238,-0.03315440192818642,9.417559623718262,1.295842170715332,-0.022943202406167984,-0.022943202406167984,539.5866126886368,74.24631384487152
1777330440.022292,-0.033196039497852325,9.416692733764648,1.2949752807617188,-0.024033671244978905,-0.024033671244978905,539.5369435352326,74.19664469146728
1777330440.022335,-0.033239077776670456,9.415910720825195,1.2941932678222656,-0.01861627772450447,-0.01861627772450447,539.4921374782563,74.15183863449097
1777330440.0223758,-0.033370453864336014,9.41512680053711,1.2934093475341797,-0.0162876695394516,-0.0162876695394516,539.4472221382141,74.10692329444885
1777330440.082498,-0.03332865238189697,9.414348602294922,1.2926311492919922,-0.012980026192963123,-0.012980026192963123,539.4026346473694,74.06233580360413
1777330440.0833359,-0.033301010727882385,9.41383171081543,1.2921142578125,-0.006580972578376532,-0.006580972578376532,539.3730189365386,74.03272009277343
1777330440.083392,-0.033091653138399124,9.413150787353516,1.291433334350586,-0.001126372255384922,-0.001126372255384922,539.3340048820496,73.9937060382843
1777330440.083436,-0.033058952540159225,9.412546157836914,1.2908287048339844,0.006471509113907814,0.006471509113907814,539.2993621501922,73.959063306427
1777330440.083477,-0.03285471722483635,9.41195297241211,1.2902355194091797,0.007381986360996962,0.007381986360996962,539.2653751167297,73.92507627296447
1777330440.140419,-0.032831184566020966,9.411520957946777,1.2898035049438477,0.013893548399209976,0.013893548399209976,539.2406225023269,73.9003236585617
1777330440.1413279,-0.03280864655971527,9.411090850830078,1.2893733978271484,0.01825183816254139,0.01825183816254139,539.21597917099,73.87568032722473
1777330440.141386,-0.032794300466775894,9.410831451416016,1.289113998413086,0.02511853538453579,0.02511853538453579,539.2011166740417,73.86081783027649
1777330440.200597,-0.03294829651713371,9.410476684570312,1.2887592315673828,0.030500492081046104,0.030500492081046104,539.1807900238038,73.84049118003846
1777330440.2006881,-0.03313923999667168,9.410812377929688,1.2890949249267578,0.033772606402635574,0.033772606402635574,539.2000238433837,73.85972499961854
1777330440.200781,-0.03324245661497116,9.411151885986328,1.2894344329833984,0.03839047625660896,0.03839047625660896,539.2194762290954,73.8791773853302
1777330440.201591,-0.03318122774362564,9.411589622497559,1.289872169494629,0.044031232595443726,0.044031232595443726,539.2445566926956,73.90425784893036
1777330440.201642,-0.03320981189608574,9.412110328674316,1.2903928756713867,0.047377344220876694,0.047377344220876694,539.2743909696579,73.93409212589263
1777330440.201684,-0.03323325887322426,9.412542343139648,1.2908248901367188,0.045307062566280365,0.045307062566280365,539.2991435840606,73.9588447402954
1777330440.201725,-0.03308001160621643,9.412899017333984,1.2911815643310547,0.046328336000442505,0.046328336000442505,539.3195795173644,73.97928067359925
1777330440.2017658,-0.03293510153889656,9.413426399230957,1.2917089462280273,0.046145323663949966,0.046145323663949966,539.3497962850571,74.00949744129181
1777330440.2023392,-0.03278181329369545,9.413783073425293,1.2920656204223633,0.03854415938258171,0.03854415938258171,539.3702322183609,74.02993337459564
1777330440.202448,-0.0327153317630291,9.414133071899414,1.2924156188964844,0.03494628891348839,0.03494628891348839,539.3902856609344,74.04998681716918
1777330440.261954,-0.03272870182991028,9.414390563964844,1.292673110961914,0.02720203436911106,0.02720203436911106,539.4050388748169,74.06474003105164
1777330440.262048,-0.03282340615987778,9.414560317993164,1.2928428649902344,0.017984524369239807,0.017984524369239807,539.4147650676728,74.07446622390746
1777330440.262094,-0.033005718141794205,9.414726257324219,1.2920494079589844,0.014891260303556919,-0.0810483768582344,539.424272694397,74.02900446853637
1777330440.262914,-0.03327151760458946,9.414803504943848,1.2921266555786133,0.017146464437246323,0.017146464437246323,539.4286986585618,74.03343043270111
1777330440.262966,-0.03346775844693184,9.415229797363281,1.2925529479980469,0.028135575354099274,0.028135575354099274,539.4531234237671,74.05785519790649
1777330440.322515,-0.033683907240629196,9.416009902954102,1.292374610900879,0.04265148565173149,-0.053190384060144424,539.4978201976776,74.04763723125458
1777330440.3226051,-0.03361833468079567,9.416365623474121,1.2917718887329102,0.048262789845466614,-0.04757189750671387,539.5182014894485,74.01310378246308
1777330440.3226502,-0.03360094130039215,9.416023254394531,1.290471076965332,0.030626023188233376,-0.06518951058387756,539.4985851791382,73.93857273159027
1777330440.323437,-0.03361798822879791,9.41472339630127,1.2891712188720703,-0.031009817495942116,-0.031009817495942116,539.4241087697983,73.86409632225036
1777330440.323494,-0.033654604107141495,9.412124633789062,1.2875308990478516,-0.13770036399364471,-0.04188723862171173,539.2752105926513,73.7701128856659
1777330440.3235369,-0.03363031521439552,9.408400535583496,1.2857236862182617,-0.2606092095375061,-0.0690164715051651,539.0618354066848,73.66656718082427
1777330440.382915,-0.033630985766649246,9.40355110168457,1.2837505340576172,-0.3844955563545227,-0.0967738926410675,538.7839832118988,73.55351384925842
1777330440.3830101,-0.03355366736650467,9.397237777709961,1.2812728881835938,-0.5109987854957581,-0.1275651752948761,538.4222562641144,73.41155514678955
1777330440.383817,-0.0337524376809597,9.389532089233398,1.2783613204956055,-0.6468788981437683,-0.16751477122306824,537.9807526782989,73.24473454685211
1777330440.383871,-0.03396112844347954,9.380355834960938,1.2758960723876953,-0.7946569919586182,-0.12365704774856567,537.4549918487548,73.10348618431091
1777330440.383914,-0.0341743640601635,9.369621276855469,1.272831916809082,-0.9490153789520264,-0.1821092963218689,536.8399467544556,72.9279229391098
1777330440.383955,-0.03449001535773277,9.35741138458252,1.2692508697509766,-1.110101342201233,-0.24979770183563232,536.1403712087631,72.722743983078
1777330440.443691,-0.034745410084724426,9.34382438659668,1.2662105560302734,-1.2603152990341187,-0.20303010940551758,535.3618932895661,72.54854677619934
1777330440.444569,-0.035182055085897446,9.328746795654297,1.2626380920410156,-1.4052218198776245,-0.25485289096832275,534.4980106544494,72.34385959396363
1777330440.4446661,-0.035551685839891434,9.312111854553223,1.2584667205810547,-1.5556743144989014,-0.31211531162261963,533.5448983961105,72.104857529068
1777330440.444712,-0.036029692739248276,9.29408073425293,1.256734848022461,-1.714834451675415,-0.08192956447601318,532.5117909336091,72.00562850532532
1777330440.444754,-0.03627115115523338,9.27457332611084,1.2535266876220703,-1.8697692155838013,-0.23988521099090576,531.3940983781814,71.82181438865662
1777330440.444795,-0.036548253148794174,9.254179000854492,1.2523069381713867,-2.0093417167663574,-0.096427321434021,530.2255891971588,71.75192786808014
1777330440.505101,-0.03678831085562706,9.23291015625,1.2511725425720215,-2.1154959201812744,-0.09872317314147949,529.0069737304688,71.68693176469803
1777330440.5051908,-0.036913253366947174,9.210833549499512,1.2482705116271973,-2.2761588096618652,-0.3591325283050537,527.7420768854141,71.52065758008956
1777330440.505236,-0.03690165653824806,9.187789916992188,1.24440336227417,-2.3820972442626953,-0.4650239944458008,526.421773526001,71.29908616418838
1777330440.5052779,-0.036940351128578186,9.163749694824219,1.2395386695861816,-2.4909582138061523,-0.5735011100769043,525.0443697647095,71.02035970487594
1777330440.5053189,-0.03675756976008415,9.138625144958496,1.2364649772644043,-2.5904009342193604,-0.3854806423187256,523.604838580513,70.84425004434586
1777330440.5060961,-0.03660310059785843,9.112492561340332,1.2352609634399414,-2.6956238746643066,-0.20351433753967285,522.1075512960434,70.77526510906219
1777330440.565676,-0.03627419099211693,9.085358619689941,1.234013557434082,-2.8065497875213623,-0.21860790252685547,520.5528904020309,70.70379398403168
1777330440.5657558,-0.035841912031173706,9.056917190551758,1.2333760261535645,-2.937300682067871,-0.15753626823425293,518.9233159664154,70.6672661192894
1777330440.565801,-0.03531932830810547,9.027246475219727,1.2295928001403809,-3.059168815612793,-0.47074341773986816,517.2233085948944,70.45050315828324
1777330440.565842,-0.03478178754448891,8.996891975402832,1.226083755493164,-3.137129783630371,-0.452852725982666,515.4841232442856,70.24944963798522
1777330440.566632,-0.034012362360954285,8.966150283813477,1.2260222434997559,-3.1801369190216064,-0.11234927177429199,513.7227534313201,70.2459252591133
1777330440.5666869,-0.03329978510737419,8.935304641723633,1.2277750968933105,-3.1912882328033447,0.06815409660339355,511.95542769126894,70.34635639657974
1777330440.62649,-0.032441772520542145,8.904251098632812,1.2293190956115723,-3.2010538578033447,0.05829310417175293,510.1761900970459,70.43482103834152
1777330440.626583,-0.031611621379852295,8.873055458068848,1.228804111480713,-3.22847056388855,-0.16124844551086426,508.3888109144211,70.40531461057662
1777330440.6266282,-0.03055344894528389,8.84134292602539,1.2287311553955078,-3.278817892074585,-0.11541390419006348,506.57181602096557,70.40113453330994
1777330440.627437,-0.02937721461057663,8.808662414550781,1.23152494430542,-3.3725903034210205,0.17439651489257812,504.69935997161866,70.56120690393448
1777330440.6274931,-0.027949485927820206,8.77490520477295,1.2342009544372559,-3.4918036460876465,0.15051674842834473,502.76521363162993,70.71453104524612
1777330440.6275358,-0.026388999074697495,8.73997974395752,1.2318735122680664,-3.6068029403686523,-0.34781599044799805,500.76413141384126,70.58117838420868
1777330440.686913,-0.02488742209970951,8.704246520996094,1.2354497909545898,-3.6941750049591064,0.23589086532592773,498.716767817688,70.786084132576
1777330440.687006,-0.02328530326485634,8.66800308227539,1.2375574111938477,-3.743212938308716,0.09074282646179199,496.64017100143434,70.90684192028046
1777330440.687815,-0.02162046730518341,8.631624221801758,1.2424049377441406,-3.7529306411743164,0.36826562881469727,494.55581508750913,71.18458483200074
1777330440.687871,-0.02007737010717392,8.595440864562988,1.2455310821533203,-3.741818428039551,0.18854212760925293,492.48266068782806,71.3636997768402
1777330440.687914,-0.01847969926893711,8.559372901916504,1.2478137016296387,-3.725501298904419,0.10850262641906738,490.4161179136276,71.49448428583145
1777330440.7449899,-0.01691514439880848,8.52383041381836,1.2544574737548828,-3.681007146835327,0.5366699695587158,488.37968262405394,71.87514452476502
1777330440.7450829,-0.015316772274672985,8.488723754882812,1.2586603164672852,-3.6163454055786133,0.31381869316101074,486.36821851501463,72.11594976024628
1777330440.745857,-0.013764980249106884,8.454151153564453,1.2595620155334473,-3.577564239501953,-0.0310208797454834,484.3873536643982,72.16761332960128
1777330440.745912,-0.01220693252980709,8.420180320739746,1.26202392578125,-3.505685806274414,0.13676905632019043,482.44096762104033,72.30867044677734
1777330440.745955,-0.010758145712316036,8.387495040893555,1.2648134231567383,-3.3792781829833984,0.1668696403503418,480.56823836402896,72.46849693050385
1777330440.745996,-0.009277685545384884,8.35633659362793,1.2739229202270508,-3.216710329055786,0.8090775012969971,478.78299020118715,72.99043285274506
1777330440.802572,-0.007861546240746975,8.326837539672852,1.2760634422302246,-3.0504915714263916,0.11243796348571777,477.09281830558774,73.1130757733345
1777330440.803405,-0.006533818319439888,8.29861831665039,1.2785248756408691,-2.9127988815307617,0.15495991706848145,475.4759753471375,73.25410556974411
1777330440.8034601,-0.005118153989315033,8.271158218383789,1.2817449569702148,-2.8316829204559326,0.23610472679138184,473.9026270488739,73.43860270557404
1777330440.8035042,-0.003640868468210101,8.244043350219727,1.2872281074523926,-2.805149793624878,0.4536745548248291,472.34905898551943,73.7527641989708
1777330440.8035462,-0.0021381096448749304,8.21695327758789,1.2917780876159668,-2.8026785850524902,0.3606150150299072,470.79691160202026,74.01345895242692
1777330440.8035882,-0.0005901754484511912,8.189719200134277,1.2942652702331543,-2.814443826675415,0.15731072425842285,469.2365133470535,74.15596407022475
1777330440.863096,0.0010743590537458658,8.162262916564941,1.293653964996338,-2.8274528980255127,-0.14329051971435547,467.66338361492154,74.12093884763718
1777330440.863199,0.0026779654435813427,8.134787559509277,1.2968592643737793,-2.8415825366973877,0.22617626190185547,466.08916105213166,74.30458903970718
1777330440.863244,0.0043703606352210045,8.106939315795898,1.3006505966186523,-2.8753254413604736,0.2879204750061035,464.49357364997866,74.52181645374299
1777330440.8632882,0.0062033929862082005,8.07878303527832,1.3031744956970215,-2.9166462421417236,0.15152525901794434,462.8803370326996,74.6664252705574
1777330440.863338,0.00794842280447483,8.050188064575195,1.3033432960510254,-2.9503166675567627,-0.07401156425476074,461.24196531028747,74.67609682188034
1777330440.8641448,0.009838247671723366,8.021384239196777,1.3023433685302734,-2.97304368019104,-0.1930708885192871,459.5916270921707,74.61880517463685
1777330440.9229681,0.011615194380283356,7.992613792419434,1.304253101348877,-2.9740138053894043,0.09331393241882324,457.94320132770537,74.72822484426499
1777330440.9230561,0.013470311649143696,7.9640607833862305,1.307340145111084,-2.9586853981018066,0.20421290397644043,456.3072338327408,74.90509948625565
1777330440.923101,0.015269306488335133,7.935708045959473,1.3096675872802734,-2.922689437866211,0.1385936737060547,454.68274105968476,75.03845214729309
1777330440.9231439,0.01710367202758789,7.907924652099609,1.3096885681152344,-2.8770291805267334,-0.09115910530090332,453.0908692817688,75.03965426101685
1777330440.9239318,0.018795493990182877,7.8806257247924805,1.3101940155029297,-2.8107588291168213,-0.030946731567382812,451.526755402565,75.06861427345275
1777330440.923983,0.020419616252183914,7.85430383682251,1.311676025390625,-2.71816349029541,0.0549468994140625,450.01862177381514,75.15352721557618
1777330440.982827,0.021850895136594772,7.828945159912109,1.3141212463378906,-2.623246431350708,0.16404199600219727,448.5656760932922,75.29362810592652
1777330440.982914,0.023179758340120316,7.804251670837402,1.3162741661071777,-2.550034284591675,0.1343381404876709,447.1508428819656,75.41698136644364
1777330440.982959,0.024600543081760406,7.780045509338379,1.316995620727539,-2.499809503555298,-0.012457847595214844,445.7639314939499,75.45831768608093
1777330440.983753,0.02589886263012886,7.755943298339844,1.315903663635254,-2.494302749633789,-0.18837714195251465,444.38297603302004,75.39575313091278
1777330440.983809,0.027154892683029175,7.7316389083862305,1.315568447113037,-2.507420539855957,-0.11080265045166016,442.9904365671158,75.37654663209915
1777330440.983851,0.02848690003156662,7.707252502441406,1.3161101341247559,-2.5097148418426514,-0.0177154541015625,441.5931979293823,75.40758302278519
1777330441.043417,0.029860761016607285,7.683158874511719,1.3179030418395996,-2.5032958984375,0.085357666015625,440.21273424224853,75.51030910463334
1777330441.0435011,0.031301215291023254,7.658980846405029,1.3196125030517578,-2.4925894737243652,0.09583592414855957,438.82743477945326,75.6082540523529
1777330441.0442839,0.034408681094646454,7.610793590545654,1.2963523864746094,-2.4927778244018555,-0.0070858001708984375,436.0665074051857,74.27554706497192
1777330441.0443861,0.036065321415662766,7.586651802062988,1.296180248260498,-2.485494375228882,-0.08300352096557617,434.68328432064055,74.26568426828385
1777330441.04443,0.03767520189285278,7.562405586242676,1.2959022521972656,-2.4913535118103027,-0.09495091438293457,433.2940779882431,74.24975626144409
1777330441.044472,0.03930549696087837,7.538107872009277,1.2974915504455566,-2.5067970752716064,0.08164525032043457,431.90192101306917,74.34081637601852
1777330441.103873,0.040884289890527725,7.513572692871094,1.299802303314209,-2.519883394241333,0.16424012184143066,430.4961582962036,74.47321281023025
1777330441.104666,0.0423506423830986,7.489230155944824,1.3023052215576172,-2.52079176902771,0.16321682929992676,429.1014331689835,74.61661951332093
1777330441.104718,0.04375336691737175,7.465151786804199,1.3021955490112305,-2.514993190765381,-0.11824345588684082,427.721843746376,74.61033573703766
1777330441.1047602,0.04501074180006981,7.441108703613281,1.301163673400879,-2.494072198867798,-0.19404387474060059,426.3442760604858,74.55121359844208
1777330441.1048021,0.046339791268110275,7.417400360107422,1.3004651069641113,-2.4748003482818604,-0.17416787147521973,424.9858875526428,74.51118867559433
1777330441.104844,0.04744768887758255,7.393665313720703,1.3006997108459473,-2.457064151763916,-0.06021904945373535,423.6259690818787,74.52463049268722
1777330441.164748,0.04861738160252571,7.370261192321777,1.3031816482543945,-2.447080373764038,0.14081382751464844,422.2850112230301,74.66683508205413
1777330441.1648362,0.04974658414721489,7.347270965576172,1.3051199913024902,-2.420435667037964,0.07192277908325195,420.96776778945923,74.77789399766922
1777330441.164882,0.050873853266239166,7.324764728546143,1.3065824508666992,-2.373706817626953,0.022803306579589844,419.67825493383407,74.86168678836823
1777330441.164924,0.0519607812166214,7.302726745605469,1.306596279144287,-2.321300745010376,-0.11622977256774902,418.4155710708618,74.86247909059524
1777330441.1649659,0.05317827686667442,7.280905723571777,1.3049097061157227,-2.278848648071289,-0.2659573554992676,417.1653181566238,74.76584553966522
1777330441.165775,0.05448010936379433,7.25940465927124,1.3045015335083008,-2.2519993782043457,-0.14271020889282227,415.9333974766731,74.7424589635849
1777330441.225717,0.05561661347746849,7.237898826599121,1.3079233169555664,-2.2302913665771484,0.26190948486328125,414.7012035890579,74.93851278362274
1777330441.225806,0.05684644356369972,7.216604709625244,1.310598373413086,-2.2177817821502686,0.1790754795074463,413.4811401217461,75.09178228340149
1777330441.2258508,0.058003250509500504,7.195727825164795,1.3117728233337402,-2.159757375717163,0.044714927673339844,412.28498232507707,75.15907333116532
1777330441.225893,0.05901820585131645,7.17523193359375,1.313328742980957,-2.1139307022094727,0.09064412117004395,411.1106538208008,75.24822099208832
1777330441.226736,0.06011577695608139,7.155117988586426,1.3133492469787598,-2.0844907760620117,-0.07124710083007812,409.9582092504501,75.24939578504562
1777330441.226788,0.06109810620546341,7.135249137878418,1.3126554489135742,-2.0565855503082275,-0.13903236389160156,408.81980755405425,75.20964406986236
1777330441.2865129,0.06203465908765793,7.115371227264404,1.3129119873046875,-2.046687602996826,-0.03329300880432129,407.6808867630958,75.22434264221191
1777330441.2865999,0.06297031044960022,7.095668315887451,1.315260887145996,-2.0376081466674805,0.16724228858947754,406.5519926934242,75.35892473773956
1777330441.286649,0.06385818123817444,7.075952529907227,1.3166375160217285,-2.0374915599823,0.0714864730834961,405.42236096305845,75.43779979047775
1777330441.287414,0.06467293202877045,7.056143283843994,1.3188800811767578,-2.0379464626312256,0.1670691967010498,404.2873743624687,75.56628935508728
1777330441.287464,0.06543754786252975,7.036478042602539,1.3193488121032715,-2.0374834537506104,-0.024790525436401367,403.16063863334654,75.59314566850662
1777330441.348027,0.0663861557841301,7.016808032989502,1.3188543319702148,-2.022091865539551,-0.10497021675109863,402.0336296965599,75.56481403369904
1777330441.348104,0.06727819889783859,6.997341632843018,1.318563461303711,-2.0119972229003906,-0.09458816051483154,400.91828672704696,75.54814836616517
1777330441.3481479,0.06801510602235794,6.9779582023620605,1.3193140029907227,-2.0058841705322266,0.007462739944458008,399.80769757089615,75.59115125255585
1777330441.348897,0.06884860247373581,6.958387851715088,1.320836067199707,-2.0192041397094727,0.08945751190185547,398.6863986742973,75.67835913906097
1777330441.348951,0.06951896846294403,6.938656330108643,1.3221983909606934,-2.039409875869751,0.06955289840698242,397.55586535863875,75.7564145688057
1777330441.348993,0.07027281075716019,6.918848991394043,1.3254008293151855,-2.046797752380371,0.2519388198852539,396.4209880411148,75.939900836277
1777330441.406641,0.0710173100233078,6.898841381072998,1.3255276679992676,-2.0656423568725586,-0.05124068260192871,395.27463600168227,75.94716816015243
1777330441.4067352,0.07161317020654678,6.87872314453125,1.3265023231506348,-2.0722897052764893,0.03641963005065918,394.1219455444336,76.00301180677414
1777330441.407521,0.0723235011100769,6.859095573425293,1.3260493278503418,-2.0407960414886475,-0.12362611293792725,392.9973681558609,75.97705707864762
1777330441.407576,0.07301656901836395,6.839811325073242,1.3259410858154297,-1.9856325387954712,-0.06807994842529297,391.89246171913146,75.9708552646637
1777330441.407619,0.07372380048036575,6.821019172668457,1.3272833824157715,-1.9378678798675537,0.07552671432495117,390.8157503133774,76.04776322221755
1777330441.407661,0.0742558017373085,6.802377223968506,1.3287749290466309,-1.9300004243850708,0.08018290996551514,389.74764494905475,76.13322257966995
1777330441.465311,0.07488183677196503,6.78342866897583,1.3309197425842285,-1.9488590955734253,0.16322338581085205,388.66197233190536,76.25611138715745
1777330441.4661329,0.07549604028463364,6.764521598815918,1.3321466445922852,-1.9633921384811401,0.049652934074401855,387.57867662143707,76.32640771923066
1777330441.4661918,0.07619333267211914,6.745763301849365,1.3296871185302734,-1.9379149675369263,-0.3120213747024536,386.50390499010086,76.18548720588684
1777330441.4662359,0.07669655233621597,6.727617263793945,1.330716609954834,-1.8697993755340576,0.0517888069152832,385.4642132228851,76.24447274065018
1777330441.4662778,0.07715851813554764,6.710423469543457,1.3298211097717285,-1.777440071105957,-0.14769208431243896,384.479081026268,76.193164341259
1777330441.4663181,0.07777673751115799,6.694399833679199,1.3281793594360352,-1.6560735702514648,-0.22104215621948242,383.56099399051664,76.09909894237518
1777330441.526146,0.07820785790681839,6.679558753967285,1.3286786079406738,-1.5352051258087158,0.0016709566116333008,382.7106624555588,76.12770378484726
1777330441.526227,0.07875104248523712,6.665609359741211,1.3291106224060059,-1.4334748983383179,0.004162788391113281,381.91142075386045,76.15245639925003
1777330441.526272,0.07907908409833908,6.652474880218506,1.3284401893615723,-1.3600294589996338,-0.11452782154083252,381.15887024202345,76.11404340162277
1777330441.526314,0.07928697764873505,6.639977931976318,1.3284077644348145,-1.2888422012329102,-0.04185986518859863,380.44284759492876,76.11218558950424
1777330441.526356,0.0793854296207428,6.62848424911499,1.3284187316894531,-1.1908494234085083,-0.040528178215026855,379.78430784044264,76.11281396713257
1777330441.527127,0.07937914878129959,6.617228031158447,1.3277091979980469,-1.1532107591629028,-0.09870052337646484,379.13937382764817,76.0721606666565
1777330441.586862,0.07950474321842194,6.606010437011719,1.327038288116455,-1.1645538806915283,-0.10991179943084717,378.496652796936,76.03372034826279
1777330441.586951,0.07961207628250122,6.594592094421387,1.3261666297912598,-1.1819885969161987,-0.1273728609085083,377.8424297235489,75.98377798719406
1777330441.586995,0.07978515326976776,6.582822322845459,1.323984146118164,-1.2041014432907104,-0.24556440114974976,377.16807124528884,75.8587308391571
1777330441.5870368,0.08013112843036652,6.570892333984375,1.3226003646850586,-1.2342345714569092,-0.17966651916503906,376.48453298950193,75.77944597492218
1777330441.587808,0.0804145336151123,6.558538913726807,1.3217520713806152,-1.2794115543365479,-0.12910008430480957,375.77673389310837,75.73084233140945
1777330441.587859,0.08078885078430176,6.545859336853027,1.3196187019348145,-1.3065223693847656,-0.2520071268081665,375.0502473924637,75.60860922231674
1777330441.647712,0.08113733679056168,6.53352165222168,1.3178277015686035,-1.2797998189926147,-0.22513139247894287,374.34334988136294,75.5059924235344
1777330441.647787,0.08159171789884567,6.5219902992248535,1.316843032836914,-1.1883729696273804,-0.13396823406219482,373.68265178632737,75.44957504081727
1777330441.647831,0.08192913234233856,6.5117950439453125,1.3143177032470703,-1.0593342781066895,-0.2923992872238159,373.09850647888186,75.30488426170349
1777330441.6485682,0.08226197957992554,6.503076553344727,1.3123106956481934,-0.8965376615524292,-0.22550678253173828,372.59897358512876,75.18989115571976
1777330441.648618,0.08246269822120667,6.4959540367126465,1.3109407424926758,-0.7319366931915283,-0.15675222873687744,372.19088329668045,75.11139859371185
1777330441.64866,0.0826631411910057,6.490309238433838,1.309131145477295,-0.5816512107849121,-0.19823652505874634,371.8674600634575,75.007716285038
1777330441.705827,0.08263219147920609,6.485703468322754,1.3074016571044922,-0.47068512439727783,-0.1831575632095337,371.60356878032684,74.90862386512757
1777330441.705914,0.08276861906051636,6.481700420379639,1.3072338104248047,-0.41714730858802795,-0.03366553783416748,371.3742109459877,74.89900695533753
1777330441.706704,0.08266311138868332,6.477766990661621,1.3061766624450684,-0.4062972068786621,-0.11871933937072754,371.1488419435501,74.83843681612015
1777330441.7067552,0.08265886455774307,6.47374153137207,1.305985927581787,-0.41602757573127747,-0.03264138102531433,370.9182000331879,74.82750850954056
1777330441.7067971,0.08248978853225708,6.469533920288086,1.3056135177612305,-0.4378250241279602,-0.05436241626739502,370.67712159004213,74.80617099094391
1777330441.763646,0.08249986916780472,6.465164661407471,1.3050799369812012,-0.4495469033718109,-0.06603661179542542,370.42678140707017,74.77559905328751
1777330441.763734,0.08248787373304367,6.461056232452393,1.3048062324523926,-0.41514852643013,-0.03175276517868042,370.1913856833458,74.75991693334579
1777330441.76453,0.08259890973567963,6.457917213439941,1.3035845756530762,-0.3278164267539978,-0.13609938323497772,370.0115330778122,74.68992112970352
1777330441.7645829,0.0825556069612503,6.455903053283691,1.3015704154968262,-0.2037365436553955,-0.2037365436553955,369.8961301603317,74.57451821222305
1777330441.7646248,0.08268599212169647,6.455377578735352,1.3010449409484863,-0.08112255483865738,-0.08112255483865738,369.866022675705,74.54441072759629
1777330441.764666,0.08263511955738068,6.456253528594971,1.3009624481201172,0.019267074763774872,-0.07655802369117737,369.9162109236717,74.5396842350006
1777330441.764707,0.08264549821615219,6.4575605392456055,1.3013105392456055,0.09454333037137985,-0.0013270527124404907,369.9910971445084,74.55962839450837
1777330441.825045,0.0826650857925415,6.459115982055664,1.3009486198425293,0.1351718008518219,-0.05654524266719818,370.0802174846649,74.5388919327736
1777330441.825147,0.08257991820573807,6.4606804847717285,1.3015542030334473,0.1608603149652481,0.06498514115810394,370.169856919384,74.57358930616378
1777330441.825189,0.08260838687419891,6.462064266204834,1.3019795417785645,0.16300253570079803,0.0671774372458458,370.24914178361894,74.59795942983628
1777330441.825231,0.08266281336545944,6.462931156158447,1.3018875122070312,0.1365237683057785,0.04065338522195816,370.2988109370232,74.59268652191162
1777330441.82527,0.0826457068324089,6.46327543258667,1.3031907081604004,0.09179908782243729,0.1876862496137619,370.31853653039934,74.66735417661667
1777330441.88599,0.08267991989850998,6.462586879730225,1.3034605979919434,0.03375101462006569,0.1295713186264038,370.279085343647,74.68281773042679
1777330441.88606,0.0826287791132927,6.461802959442139,1.3045940399169922,-0.07508943229913712,0.11664678901433945,370.2341700036049,74.747759192276
1777330441.886102,0.08273721486330032,6.460059642791748,1.3047685623168945,-0.07508951425552368,0.11657460033893585,370.13428528146744,74.75775859279632
1777330441.886143,0.08267546445131302,6.457968711853027,1.3055534362792969,-0.17888343334197998,0.10878336429595947,370.01448372058866,74.80272857437134
1777330441.886183,0.08263377845287323,6.455616474151611,1.3070363998413086,-0.23179368674755096,0.15171684324741364,369.8797103796959,74.88769615802765
1777330441.886889,0.0825125128030777,6.452913284301758,1.3091273307800293,-0.27931490540504456,0.20008516311645508,369.72482895469665,75.00749771890641
1777330441.944465,0.08258076012134552,6.449875831604004,1.3099250793457031,-0.3196607232093811,0.06374439597129822,369.5507956724167,75.05320536117554
1777330441.94456,0.0826038122177124,6.446220397949219,1.311063289642334,-0.3532278537750244,0.12601670622825623,369.34135467681887,75.11842003068924
1777330441.944607,0.08272615075111389,6.442232608795166,1.3118691444396973,-0.38072359561920166,0.09822174906730652,369.1128711070061,75.16459212598801
1777330441.944649,0.08277926594018936,6.438226699829102,1.3136157989501953,-0.4041096866130829,0.17152079939842224,368.88334934806824,75.2646680934906
1777330441.945438,0.08283808827400208,6.43396520614624,1.31414794921875,-0.42167899012565613,0.057553619146347046,368.63918365831375,75.29515806884766
1777330441.945489,0.08280821144580841,6.429788112640381,1.3157243728637695,-0.4324248433113098,0.14156365394592285,368.3998537442207,75.38548052272796
1777330442.005374,0.08285746723413467,6.425699234008789,1.3164291381835938,-0.4288302958011627,0.051458656787872314,368.1655781719208,75.42586061553955
1777330442.005464,0.08290629833936691,6.421610355377197,1.317133903503418,-0.41532084345817566,0.06391176581382751,367.93130259962084,75.46624070835114
1777330442.0055091,0.0829286053776741,6.417795658111572,1.318112850189209,-0.3931867182254791,0.08514922857284546,367.712736468029,75.52233024187088
1777330442.0062652,0.08302400261163712,6.4143242835998535,1.3194351196289062,-0.366122305393219,0.11421477794647217,367.5138412882805,75.59809072723388
1777330442.006379,0.08302077651023865,6.411026477813721,1.319972038269043,-0.3298037052154541,0.053572893142700195,367.3248908675194,75.62885391025543
1777330442.0064352,0.08300145715475082,6.408156394958496,1.320937156677246,-0.29606637358665466,0.086965411901474,367.160447174263,75.68415114154816
1777330442.0669599,0.08295468240976334,6.405638217926025,1.3222546577453613,-0.26671430468559265,0.11719900369644165,367.01616620664595,75.75963841924667
1777330442.067041,0.08302029967308044,6.404253959655762,1.3237462043762207,-0.23474188148975372,0.052788302302360535,366.9368540216446,75.84509777669906
1777330442.0678458,0.08315236121416092,6.40306282043457,1.3254313468933105,-0.206739142537117,0.08081711828708649,366.868606747055,75.94164936532974
1777330442.067899,0.08329369127750397,6.402027130126953,1.3263130187988281,-0.18139219284057617,0.010300904512405396,366.80926604232786,75.9921654624939
1777330442.0679429,0.08350034803152084,6.401346683502197,1.3275504112243652,-0.1549462527036667,0.036799296736717224,366.7702793086052,76.06306285142898
1777330442.0679848,0.08362529426813126,6.400738716125488,1.328859806060791,-0.13115344941616058,0.0605204701423645,366.7354453313828,76.13808567609787
1777330442.129148,0.08366058766841888,6.400214195251465,1.3302526473999023,-0.1074986606836319,0.08420401811599731,366.70539248828885,76.21788963489533
1777330442.130046,0.08359520882368088,6.399859428405762,1.330857276916504,-0.08309485763311386,0.01283998042345047,366.68506583805083,76.25253236675262
1777330442.130214,0.0834316834807396,6.3997602462768555,1.3317170143127441,-0.06636828929185867,0.0295092836022377,366.67938311862946,76.30179170866012
1777330442.130261,0.0834316834807396,6.3997602462768555,1.3326754570007324,-0.05161023885011673,0.04421006888151169,366.67938311862946,76.35670644922257
1777330442.130303,0.0834316834807396,6.3997602462768555,1.333634376525879,-0.04031829908490181,0.05557125434279442,366.67938311862946,76.41164851055146
1777330442.1303449,0.08342259377241135,6.399849891662598,1.3346824645996094,-0.03169286623597145,0.06411787867546082,366.68451942272185,76.4716995552063
1777330442.13094,0.08341343700885773,6.39993953704834,1.3347721099853516,-0.03019716776907444,-0.03019716776907444,366.6896557268143,76.4768358592987
1777330442.191112,0.08340494334697723,6.400112152099609,1.3359036445617676,-0.025695163756608963,0.07018241286277771,366.6995458442688,76.54166803808212
1777330442.1912162,0.08339579403400421,6.400201797485352,1.3359932899475098,-0.027413349598646164,-0.027413349598646164,366.7046821483612,76.54680434217453
1777330442.1912608,0.0835593193769455,6.4003005027771,1.3370509147644043,-0.03443250060081482,0.0614330917596817,366.71033754701614,76.60740180215835
1777330442.191304,0.08373188227415085,6.400310039520264,1.3370604515075684,-0.04047282412648201,-0.04047282412648201,366.7108839623451,76.60794821748733
1777330442.192183,0.08382346481084824,6.400230407714844,1.3379392623901367,-0.04900741949677467,0.046808112412691116,366.70632139434815,76.6583003900528
1777330442.192236,0.08394040167331696,6.399878025054932,1.3375868797302246,-0.058201003819704056,-0.058201003819704056,366.68613134794236,76.638110343647
1777330442.192278,0.0839579850435257,6.39961576461792,1.3382835388183594,-0.06677946448326111,0.02911248803138733,366.6711049263954,76.67802598342895
1777330442.2496169,0.0839829295873642,6.399015426635742,1.33864164352417,-0.08259505778551102,0.013225249946117401,366.63670808143615,76.69854387903213
1777330442.249711,0.08392604440450668,6.3984880447387695,1.3390731811523438,-0.09419751912355423,0.0016776546835899353,366.6064913137436,76.72326917266845
1777330442.250533,0.08378691226243973,6.397705554962158,1.339249610900879,-0.10282211750745773,-0.006937362253665924,366.5616579360008,76.73337785625458
1777330442.3078,0.08374665677547455,6.396749973297119,1.3392524719238281,-0.117911197245121,-0.022083692252635956,366.50690712003706,76.73354178085327
1777330442.307894,0.08379773795604706,6.395714282989502,1.340134620666504,-0.13296963274478912,0.058766335248947144,366.4475664153099,76.78408519878387
1777330442.30794,0.08376610279083252,6.394586563110352,1.3399653434753418,-0.14610958099365234,-0.05026771128177643,366.38295280265805,76.77438632669448
1777330442.3079832,0.08373454958200455,6.393458366394043,1.3407554626464844,-0.1532217115163803,0.038590699434280396,366.3183118692398,76.81965683670045
1777330442.308797,0.0838930532336235,6.392077445983887,1.341291904449463,-0.16342362761497498,0.028312593698501587,366.2391909296036,76.85039269895553
1777330442.3088481,0.08387017995119095,6.390777111053467,1.3419089317321777,-0.1696871519088745,0.02198198437690735,366.1646871994972,76.88574577074051
1777330442.3688781,0.08393842726945877,6.389313697814941,1.3414044380187988,-0.17642462253570557,-0.08055903017520905,366.08083976726533,76.8568403998375
1777330442.3689559,0.08409705758094788,6.388015270233154,1.3420233726501465,-0.17471005022525787,0.017006993293762207,366.00644532022477,76.89230275468826
1777330442.369001,0.08426418155431747,6.386544704437256,1.3424701690673828,-0.17298831045627594,0.01872873306274414,365.9221880764961,76.91790231285096
1777330442.369788,0.08424998074769974,6.385237693786621,1.3430805206298828,-0.17029866576194763,0.02137047052383423,365.8473018556595,76.95287289390564
1777330442.369925,0.0842357724905014,6.383847236633301,1.342648983001709,-0.1666310429573059,-0.0707462877035141,365.76763450069427,76.92814760026931
1777330442.369977,0.08428727090358734,6.382646083831787,1.34336519241333,-0.1596556007862091,0.03198002278804779,365.6988134900093,76.96918339147568
1777330442.430846,0.0842648446559906,6.381345272064209,1.3430237770080566,-0.14956296980381012,-0.053601741790771484,365.6242824391365,76.94962172269821
1777330442.430915,0.08423397690057755,6.380217552185059,1.343813419342041,-0.14207404851913452,0.049599871039390564,365.55966882648465,76.99486491193771
1777330442.431649,0.08428529649972916,6.379181861877441,1.3437366485595703,-0.13371412456035614,-0.037826962769031525,365.5003281217575,76.99046626853942
1777330442.431808,0.08425383269786835,6.378220081329346,1.343733310699463,-0.11998371034860611,-0.02415861189365387,365.4452221358299,76.99027502317429
1777330442.4318578,0.08429660648107529,6.37735652923584,1.3438286781311035,-0.11016610264778137,-0.014298118650913239,365.39574422779083,76.99573917646408
1777330442.431903,0.08425647020339966,6.376567363739014,1.3439984321594238,-0.10235623270273209,-0.006495438516139984,365.35052835931776,77.00546536931992
1777330442.4319448,0.08429062366485596,6.3758769035339355,1.344266414642334,-0.09343723952770233,0.0024022385478019714,365.31096788949964,77.02081964006423
1777330442.4326038,0.08431676030158997,6.3752760887146,1.343665599822998,-0.08426927775144577,-0.08426927775144577,365.27654372377395,76.98639547433854
1777330442.432655,0.08434296399354935,6.3746747970581055,1.343064308166504,-0.0778995230793953,-0.0778995230793953,365.2420922372818,76.95194398784638
1777330442.4904242,0.08436862379312515,6.374156951904297,1.3435053825378418,-0.07235375791788101,0.023785755038261414,365.21242188491823,76.97721569681167
1777330442.49052,0.08439428359270096,6.373639106750488,1.3429875373840332,-0.0678819790482521,-0.0678819790482521,365.1827515325546,76.94754534444809
1777330442.4905658,0.0845021978020668,6.37321138381958,1.3435187339782715,-0.06555008888244629,0.03004790097475052,365.1582448050499,76.97798067827225
1777330442.491343,0.0845450907945633,6.372347831726074,1.3426551818847656,-0.0623026043176651,-0.0623026043176651,365.1087668970108,76.92850277023315
1777330442.550922,0.08448033779859543,6.37191104888916,1.3422183990478516,-0.0592057891190052,-0.0592057891190052,365.08374107494353,76.90347694816589
1777330442.551003,0.0844980999827385,6.371482849121094,1.3417901992797852,-0.06020427122712135,-0.06020427122712135,365.05920702667237,76.87894289989471
1777330442.551048,0.08453112095594406,6.370957851409912,1.3422236442565918,-0.0561169758439064,0.03979922831058502,365.02912686281206,76.90377747659683
1777330442.551091,0.0845489427447319,6.370529651641846,1.3417954444885254,-0.061999157071113586,-0.061999157071113586,365.00459281454084,76.87924342832565
1777330442.551971,0.08449214696884155,6.370002746582031,1.341268539428711,-0.05746803805232048,-0.05746803805232048,364.97440336761474,76.84905398139954
1777330442.552165,0.08451786637306213,6.369484901428223,1.3417096138000488,-0.060255784541368484,0.03561219945549965,364.94473301525113,76.87432569036484
1777330442.5522099,0.08453581482172012,6.369056701660156,1.3412814140319824,-0.06081031262874603,-0.06081031262874603,364.92019896697997,76.84979164209366
1777330442.5522509,0.0845615342259407,6.3685383796691895,1.3407630920410156,-0.059711482375860214,-0.059711482375860214,364.8905012938499,76.82009396896362
1777330442.6120389,0.08458726108074188,6.368020534515381,1.340245246887207,-0.06379837542772293,-0.06379837542772293,364.86083094148637,76.79042361660004
1777330442.6127841,0.08461388200521469,6.367419242858887,1.3406023979187012,-0.06306818872690201,0.03275451809167862,364.8263794549942,76.81088687067032
1777330442.612834,0.08463966101408005,6.366901397705078,1.3400845527648926,-0.06680947542190552,-0.06680947542190552,364.7967091026306,76.78121651830673
1777330442.612875,0.08467312902212143,6.36637544631958,1.340517520904541,-0.06572652608156204,0.030136674642562866,364.7665742972374,76.8060237742424
1777330442.612919,0.08470746874809265,6.365684509277344,1.3398265838623047,-0.06944507360458374,-0.06944507360458374,364.72698650665285,76.76643598365784
1777330442.612959,0.08474090695381165,6.365076541900635,1.3401775360107422,-0.07400874048471451,0.021878421306610107,364.6921525294304,76.78654406776428
1777330442.6739159,0.08476662635803223,6.364558696746826,1.3396596908569336,-0.07291074842214584,-0.07291074842214584,364.6624821770668,76.7568737154007
1777330442.673989,0.08480096608400345,6.36386775970459,1.3399271965026855,-0.0724567398428917,0.023368358612060547,364.62289438648224,76.77220066537858
1777330442.674033,0.08474524319171906,6.363258361816406,1.339317798614502,-0.07591429352760315,-0.07591429352760315,364.58797844696045,76.73728472585678
1777330442.6740742,0.08477963507175446,6.36256742477417,1.339585781097412,-0.07428368180990219,0.021603479981422424,364.5483906563759,76.7526389966011
1777330442.6741152,0.08480649441480637,6.361966609954834,1.3399434089660645,-0.07244953513145447,0.023375563323497772,364.51396649065015,76.77312957143783
1777330442.67484,0.08475828170776367,6.361267566680908,1.3392443656921387,-0.07035323977470398,-0.07035323977470398,364.47391424703596,76.73307732782364
1777330442.734619,0.0847841203212738,6.360749244689941,1.3396849632263184,-0.06872956454753876,0.027138419449329376,364.4442165739059,76.7583217160225
1777330442.734702,0.08481103926897049,6.3601484298706055,1.3390841484069824,-0.06373751163482666,-0.06373751163482666,364.40979240818024,76.72389755029678
1777330442.734747,0.08483688533306122,6.359630107879639,1.339524745941162,-0.06181909516453743,0.03406566008925438,364.3800947350502,76.74914193849564
1777330442.7347891,0.08485531061887741,6.359201908111572,1.3390965461730957,-0.059367332607507706,-0.059367332607507706,364.35556068677903,76.72460789022446
1777330442.735596,0.08487989753484726,6.358766555786133,1.3396196365356445,-0.05182415246963501,0.04398658871650696,364.3306168270111,76.75457877101898
1777330442.735649,0.08489838242530823,6.358337879180908,1.33919095993042,-0.04982076212763786,-0.04982076212763786,364.30605545797346,76.73001740198136
1777330442.795723,0.08491560816764832,6.357992649078369,1.3398046493530273,-0.04455893859267235,0.05132342502474785,364.2862752230644,76.76517922840118
1777330442.795808,0.08485028147697449,6.357639312744141,1.3394513130187988,-0.04046026989817619,-0.04046026989817619,364.2660305351257,76.7449345404625
1777330442.795866,0.08486619591712952,6.357376575469971,1.339188575744629,-0.03637441247701645,-0.03637441247701645,364.25097679281237,76.72988079814911
1777330442.7966778,0.08496633172035217,6.35712194442749,1.3389339447021484,-0.03283122554421425,-0.03283122554421425,364.2363875035286,76.71529150886536
1777330442.79673,0.08505750447511673,6.35695743560791,1.3397283554077148,-0.02945929393172264,0.06642787158489227,364.2269618391037,76.76080790576935
1777330442.856436,0.08506611734628677,6.356784343719482,1.339555263519287,-0.025195572525262833,-0.025195572525262833,364.21704440088274,76.75089046754837
1777330442.8565161,0.08507473021745682,6.356611728668213,1.3393826484680176,-0.023092977702617645,-0.023092977702617645,364.20715428342817,76.74100035009384
1777330442.856561,0.08507604897022247,6.3565287590026855,1.3392996788024902,-0.018729673698544502,-0.018729673698544502,364.2024004700661,76.73624653673171
1777330442.8573608,0.08508334308862686,6.356439113616943,1.339210033416748,-0.016647612676024437,-0.016647612676024437,364.19726416597365,76.73111023263931
1777330442.857412,0.08508466184139252,6.356356143951416,1.340085506439209,-0.01673360913991928,0.07909148931503296,364.1925103526115,76.78127115983963
1777330442.857455,0.08508466184139252,6.356356143951416,1.340085506439209,-0.011351846158504486,-0.011351846158504486,364.1925103526115,76.78127115983963
1777330442.917264,0.08508466184139252,6.356356143951416,1.340085506439209,-0.009104602038860321,-0.009104602038860321,364.1925103526115,76.78127115983963
1777330442.917381,0.08508334308862686,6.356439113616943,1.3401684761047363,-0.007742207031697035,-0.007742207031697035,364.19726416597365,76.78602497320175
1777330442.91815,0.08507604897022247,6.3565287590026855,1.3402581214904785,-0.006630962248891592,-0.006630962248891592,364.2024004700661,76.79116127729417
1777330442.918275,0.08507604897022247,6.3565287590026855,1.3402581214904785,-0.005639709997922182,-0.005639709997922182,364.2024004700661,76.79116127729417
1777330442.918324,0.08515769988298416,6.35670280456543,1.3404321670532227,-0.0066650304943323135,-0.0066650304943323135,364.2123725498199,76.80113335704803
1777330442.918368,0.08524025976657867,6.356710910797119,1.3413991928100586,-0.005189233925193548,0.09070032089948654,364.2128370028496,76.85653987140655
1777330442.9782882,0.08523894101381302,6.3567938804626465,1.341482162475586,-0.007542858831584454,-0.007542858831584454,364.2175908162117,76.86129368476868
1777330442.979104,0.08523163944482803,6.356883525848389,1.3415718078613281,-0.005461008287966251,-0.005461008287966251,364.2227271203041,76.86642998886109
1777330442.97916,0.08523163944482803,6.356883525848389,1.3415718078613281,-0.005640045739710331,-0.005640045739710331,364.2227271203041,76.86642998886109
1777330442.979203,0.08523032814264297,6.356966495513916,1.3416547775268555,-0.00555396219715476,-0.00555396219715476,364.22748093366624,76.8711838022232
1777330442.979244,0.08522302657365799,6.357056140899658,1.3417444229125977,-0.003458380699157715,-0.003458380699157715,364.23261723775863,76.87632010631562
1777330442.979285,0.08522302657365799,6.357056140899658,1.342702865600586,-0.003451485652476549,0.0921943187713623,364.23261723775863,76.93123484687806
1777330443.037306,0.08522302657365799,6.357056140899658,1.342702865600586,-0.002453590277582407,-0.002453590277582407,364.23261723775863,76.93123484687806
1777330443.037376,0.08521441370248795,6.357229232788086,1.3428759574890137,-0.006180120632052422,-0.006180120632052422,364.24253467597964,76.94115228509902
1777330443.037419,0.08521441370248795,6.357229232788086,1.3428759574890137,-0.0018099620938301086,-0.0018099620938301086,364.24253467597964,76.94115228509902
1777330443.0374599,0.0852058008313179,6.3574018478393555,1.3430485725402832,-0.0040054102428257465,-0.0040054102428257465,364.25242479343416,76.95104240255355
1777330443.0375009,0.08528832346200943,6.357409954071045,1.3430566787719727,-0.003258675569668412,-0.003258675569668412,364.2528892464638,76.95150685558319
1777330443.038208,0.08537853509187698,6.357410907745361,1.343057632446289,0.0012045830953866243,0.0012045830953866243,364.25294388799665,76.95156149711609
1777330443.095419,0.08536986261606216,6.357583999633789,1.3432307243347168,0.0023609448689967394,0.0023609448689967394,364.26286132621766,76.96147893533707
1777330443.095499,0.08536986261606216,6.357583999633789,1.3441896438598633,0.0018023517914116383,0.09768232703208923,364.26286132621766,77.01642099666596
1777330443.095544,0.08536256104707718,6.357673645019531,1.3442792892456055,-8.615394472144544e-05,-8.615394472144544e-05,364.26799763031005,77.02155730075836
1777330443.0955899,0.08536124974489212,6.357756614685059,1.3443622589111328,0.0010116398334503174,0.0010116398334503174,364.2727514436722,77.02631111412049
1777330443.096357,0.08535394817590714,6.357846260070801,1.344451904296875,-0.0018954609986394644,-0.0018954609986394644,364.27788774776457,77.03144741821289
1777330443.0964081,0.08535262942314148,6.357929229736328,1.3445348739624023,0.0025609172880649567,0.0025609172880649567,364.2826415611267,77.036201231575
1777330443.155565,0.0854351595044136,6.357937335968018,1.3445429801940918,-0.0009046879131346941,-0.0009046879131346941,364.2831060141563,77.03666568460464
1777330443.1556501,0.08542779833078384,6.35802698135376,1.3455915451049805,-0.0021816615480929613,0.09369111061096191,364.28824231824876,77.09674405002593
1777330443.1556969,0.08542654663324356,6.358109951019287,1.3456745147705078,-0.0009906928753480315,-0.0009906928753480315,364.2929961316109,77.10149786338806
1777330443.1564538,0.08542654663324356,6.358109951019287,1.3456745147705078,-0.0054541537538170815,-0.0054541537538170815,364.2929961316109,77.10149786338806
1777330443.1565828,0.0854191854596138,6.3582000732421875,1.3457646369934082,-0.0037312558852136135,-0.0037312558852136135,364.2981597564697,77.10666148824691
1777330443.1566348,0.08541792631149292,6.358282566070557,1.3458471298217773,-0.0014774010051041842,-0.0014774010051041842,364.3028862490654,77.1113879808426
1777330443.213936,0.08541057258844376,6.358372688293457,1.3459372520446777,-0.004463471472263336,-0.004463471472263336,364.30804987392423,77.11655160570145
1777330443.214019,0.08540931344032288,6.358455657958984,1.346020221710205,-8.611626253696159e-05,-8.611626253696159e-05,364.31280368728636,77.12130541906357
1777330443.2148092,0.08540189266204834,6.358545303344727,1.3461098670959473,-0.0002793896128423512,-0.0002793896128423512,364.3179399913788,77.12644172315598
1777330443.2148638,0.08549097180366516,6.35862922668457,1.3471522331237793,-0.0029336614534258842,0.09289863705635071,364.3227484462738,77.18616491861343
1777330443.214907,0.08556608110666275,6.35872745513916,1.3472504615783691,-0.0030139763839542866,-0.0030139763839542866,364.3283765241623,77.19179299650192
1777330443.2721012,0.0855574682354927,6.35890007019043,1.3474230766296387,-0.000976346607785672,-0.000976346607785672,364.3382666416168,77.20168311395645
1777330443.2721841,0.0855574682354927,6.35890007019043,1.3474230766296387,-0.004255880136042833,-0.004255880136042833,364.3382666416168,77.20168311395645
1777330443.2729821,0.08555620908737183,6.358983039855957,1.347506046295166,-0.004463689401745796,-0.004463689401745796,364.34302045497896,77.20643692731858
1777330443.273032,0.08554884791374207,6.359072685241699,1.3475956916809082,-0.004456610418856144,-0.004456610418856144,364.34815675907134,77.21157323141098
1777330443.273073,0.08554759621620178,6.359155654907227,1.3476786613464355,-0.0033657709136605263,-0.0033657709136605263,364.3529105724335,77.2163270447731
1777330443.273113,0.08562270551919937,6.359253406524658,1.3477764129638672,-0.004442399833351374,-0.004442399833351374,364.3585113295555,77.22192780189515
1777330443.3310971,0.08562270551919937,6.359253406524658,1.3477764129638672,-0.0012846621684730053,-0.0012846621684730053,364.3585113295555,77.22192780189515
1777330443.3319921,0.08571172505617142,6.359337329864502,1.347860336303711,-0.005360795650631189,-0.005360795650631189,364.36331978445054,77.22673625679016
1777330443.332046,0.08570430427789688,6.359427452087402,1.3479504585266113,-0.0021959226578474045,-0.0021959226578474045,364.36848340930936,77.23189988164901
1777330443.3320901,0.08570430427789688,6.359427452087402,1.3479504585266113,-0.00345224654302001,-0.00345224654302001,364.36848340930936,77.23189988164901
1777330443.332135,0.08569569140672684,6.359600067138672,1.3481230735778809,-0.0053535690531134605,-0.0053535690531134605,364.37837352676394,77.24178999910355
1777330443.332176,0.08569569140672684,6.359600067138672,1.3481230735778809,-0.005087565630674362,-0.005087565630674362,364.37837352676394,77.24178999910355
1777330443.3895628,0.08569569140672684,6.359600067138672,1.3481230735778809,-0.0054541537538170815,-0.0054541537538170815,364.37837352676394,77.24178999910355
1777330443.389648,0.08576957136392593,6.359781265258789,1.348304271697998,-0.004363323096185923,-0.004363323096185923,364.3887554180145,77.25217189035416
1777330443.389699,0.08576957136392593,6.359781265258789,1.348304271697998,-0.006638499908149242,-0.006638499908149242,364.3887554180145,77.25217189035416
1777330443.4237592,0.08576957136392593,6.359781265258789,1.348304271697998,-0.0033588306978344917,-0.0033588306978344917,364.3887554180145,77.25217189035416
1777330443.423851,0.08576957136392593,6.359781265258789,1.348304271697998,-0.0022679998073726892,-0.0022679998073726892,364.3887554180145,77.25217189035416
1777330443.424698,0.08576095849275589,6.359953880310059,1.3484768867492676,-0.009014368988573551,-0.009014368988573551,364.39864553546903,77.26206200780868
1777330443.42475,0.08576095849275589,6.359953880310059,1.3484768867492676,-0.007019699551165104,-0.007019699551165104,364.39864553546903,77.26206200780868
1777330443.424834,0.08576095849275589,6.359953880310059,1.3484768867492676,-0.008906462229788303,-0.008906462229788303,364.39864553546903,77.26206200780868
1777330443.424876,0.08576095849275589,6.359953880310059,1.3484768867492676,-0.011718625202775002,-0.011718625202775002,364.39864553546903,77.26206200780868
1777330443.481497,0.08576095849275589,6.359953880310059,1.3484768867492676,-0.00871945358812809,-0.00871945358812809,364.39864553546903,77.26206200780868
1777330443.48234,0.08576095849275589,6.359953880310059,1.3484768867492676,-0.010922691784799099,-0.010922691784799099,364.39864553546903,77.26206200780868
1777330443.482395,0.08576957136392593,6.359781265258789,1.348304271697998,-0.010915500111877918,-0.010915500111877918,364.3887554180145,77.25217189035416
1777330443.4824371,0.08576209098100662,6.359870910644531,1.3493528366088867,-0.01009802334010601,0.08602943271398544,364.39389172210696,77.31225025577545
1777330443.48248,0.08585985004901886,6.3597822189331055,1.349264144897461,-0.012200520373880863,-0.012200520373880863,364.38881005954744,77.30716859321595
1777330443.482521,0.08586104214191437,6.359699249267578,1.3491811752319336,-0.011181965470314026,-0.011181965470314026,364.3840562461853,77.30241477985382
1777330443.540103,0.08585985004901886,6.3597822189331055,1.349264144897461,-0.00890670157968998,-0.00890670157968998,364.38881005954744,77.30716859321595
1777330443.540252,0.08586104214191437,6.359699249267578,1.3491811752319336,-0.012989171780645847,-0.012989171780645847,364.3840562461853,77.30241477985382
1777330443.540301,0.08586966246366501,6.359526634216309,1.349008560180664,-0.011905523017048836,-0.011905523017048836,364.3741661287308,77.29252466239929
1777330443.540344,0.08587707579135895,6.359436511993408,1.3489184379577637,-0.012085603550076485,-0.012085603550076485,364.3690025038719,77.28736103754044
1777330443.540385,0.08587833493947983,6.359354019165039,1.3488359451293945,-0.013378029689192772,-0.013378029689192772,364.3642760112762,77.28263454494477
1777330443.598464,0.08588694781064987,6.359180927276611,1.3486628532409668,-0.01088686939328909,-0.01088686939328909,364.35435857305526,77.27271710672379
1777330443.5985558,0.08589556068181992,6.359008312225342,1.3484902381896973,-0.011999138630926609,-0.011999138630926609,364.34446845560075,77.26282698926926
1777330443.598602,0.08589556068181992,6.359008312225342,1.3484902381896973,-0.01117505319416523,-0.01117505319416523,364.34446845560075,77.26282698926926
1777330443.5986428,0.08589556068181992,6.359008312225342,1.3484902381896973,-0.006544984877109528,-0.006544984877109528,364.34446845560075,77.26282698926926
1777330443.630774,0.08589556068181992,6.359008312225342,1.3484902381896973,-0.008344896137714386,-0.008344896137714386,364.34446845560075,77.26282698926926
1777330443.631735,0.08589556068181992,6.359008312225342,1.3494491577148438,-0.0032796075101941824,0.09261234849691391,364.34446845560075,77.31776905059814
1777330443.6318588,0.08589556068181992,6.359008312225342,1.3494491577148438,-0.004550640471279621,-0.004550640471279621,364.34446845560075,77.31776905059814
1777330443.6319091,0.08589556068181992,6.359008312225342,1.3494491577148438,-0.0011916046496480703,-0.0011916046496480703,364.34446845560075,77.31776905059814
1777330443.631954,0.08589556068181992,6.359008312225342,1.3494491577148438,-0.0012994935968890786,-0.0012994935968890786,364.34446845560075,77.31776905059814
1777330443.631995,0.08589556068181992,6.359008312225342,1.3494491577148438,-0.0024626378435641527,-0.0024626378435641527,364.34446845560075,77.31776905059814
1777330443.691017,0.08589556068181992,6.359008312225342,1.3494491577148438,-0.0021958916913717985,-0.0021958916913717985,364.34446845560075,77.31776905059814
1777330443.691107,0.08589556068181992,6.359008312225342,1.3494491577148438,-0.0008892829646356404,-0.0008892829646356404,364.34446845560075,77.31776905059814
1777330443.6911528,0.08589556068181992,6.359008312225342,1.3494491577148438,0.00010077389742946252,0.00010077389742946252,364.34446845560075,77.31776905059814
1777330443.723031,0.08589556068181992,6.359008312225342,1.3494491577148438,0.000910628295969218,0.000910628295969218,364.34446845560075,77.31776905059814
1777330443.7231202,0.08589556068181992,6.359008312225342,1.3494491577148438,-0.0022610900923609734,-0.0022610900923609734,364.34446845560075,77.31776905059814
1777330443.72398,0.08589556068181992,6.359008312225342,1.3494491577148438,-0.0009035132243297994,-0.0009035132243297994,364.34446845560075,77.31776905059814
1777330443.724034,0.08589556068181992,6.359008312225342,1.3494491577148438,0.0002738611656241119,0.0002738611656241119,364.34446845560075,77.31776905059814
1777330443.724077,0.08589556068181992,6.359008312225342,1.3494491577148438,-0.0009971719700843096,-0.0009971719700843096,364.34446845560075,77.31776905059814
1777330443.782462,0.08589556068181992,6.359008312225342,1.3494491577148438,-0.0008098544785752892,-0.0008098544785752892,364.34446845560075,77.31776905059814
1777330443.782557,0.08589556068181992,6.359008312225342,1.3494491577148438,-0.0022753202356398106,-0.0022753202356398106,364.34446845560075,77.31776905059814
1777330443.783365,0.08589556068181992,6.359008312225342,1.3494491577148438,-0.0020014590118080378,-0.0020014590118080378,364.34446845560075,77.31776905059814
1777330443.783416,0.08589556068181992,6.359008312225342,1.3494491577148438,0.0015591245610266924,0.0015591245610266924,364.34446845560075,77.31776905059814
1777330443.7834592,0.08589556068181992,6.359008312225342,1.3494491577148438,0.001278148265555501,0.001278148265555501,364.34446845560075,77.31776905059814
1777330443.7835,0.08589556068181992,6.359008312225342,1.350407600402832,-0.0007161956746131182,0.0951232835650444,364.34446845560075,77.37268379116058
1777330443.84145,0.08589556068181992,6.359008312225342,1.350407600402832,0.0014654658734798431,0.0014654658734798431,364.34446845560075,77.37268379116058
1777330443.8422751,0.08589556068181992,6.359008312225342,1.350407600402832,-0.001083715702407062,-0.001083715702407062,364.34446845560075,77.37268379116058
1777330443.842336,0.08589556068181992,6.359008312225342,1.350407600402832,0.001083715702407062,0.001083715702407062,364.34446845560075,77.37268379116058
1777330443.842378,0.08589556068181992,6.359008312225342,1.350407600402832,0.0011844895780086517,0.0011844895780086517,364.34446845560075,77.37268379116058
1777330443.842419,0.08589556068181992,6.359008312225342,1.350407600402832,0.003185948822647333,0.003185948822647333,364.34446845560075,77.37268379116058
1777330443.842458,0.08589556068181992,6.359008312225342,1.350407600402832,0.004449866712093353,0.004449866712093353,364.34446845560075,77.37268379116058
1777330443.901463,0.08589556068181992,6.359008312225342,1.350407600402832,0.003099404973909259,0.003099404973909259,364.34446845560075,77.37268379116058
1777330443.901545,0.08589556068181992,6.359008312225342,1.350407600402832,0.00190068525262177,0.00190068525262177,364.34446845560075,77.37268379116058
1777330443.901589,0.08589556068181992,6.359008312225342,1.350407600402832,0.0031788337510079145,0.0031788337510079145,364.34446845560075,77.37268379116058
1777330443.90163,0.08589556068181992,6.359008312225342,1.350407600402832,0.0023832092992961407,0.0023832092992961407,364.34446845560075,77.37268379116058
1777330443.90167,0.08589556068181992,6.359008312225342,1.350407600402832,0.003366151126101613,0.003366151126101613,364.34446845560075,77.37268379116058
1777330443.902486,0.08589556068181992,6.359008312225342,1.350407600402832,0.005461269058287144,0.005461269058287144,364.34446845560075,77.37268379116058
1777330443.960843,0.08589556068181992,6.359008312225342,1.350407600402832,0.0037265559658408165,0.0037265559658408165,364.34446845560075,77.37268379116058
1777330443.960926,0.08589556068181992,6.359008312225342,1.350407600402832,0.004557755775749683,0.004557755775749683,364.34446845560075,77.37268379116058
1777330443.960969,0.08589556068181992,6.359008312225342,1.350407600402832,0.004637184087187052,0.004637184087187052,364.34446845560075,77.37268379116058
1777330443.96101,0.08589556068181992,6.359008312225342,1.350407600402832,0.008726646192371845,0.008726646192371845,364.34446845560075,77.37268379116058
1777330444.020206,0.08589556068181992,6.359008312225342,1.350407600402832,0.006350552197545767,0.006350552197545767,364.34446845560075,77.37268379116058
1777330444.020302,0.08589556068181992,6.359008312225342,1.350407600402832,0.00801045075058937,0.00801045075058937,364.34446845560075,77.37268379116058
1777330444.0203469,0.08589556068181992,6.359008312225342,1.351367473602295,0.007715244311839342,0.10386361926794052,364.34446845560075,77.42768049402237
1777330444.020389,0.08589556068181992,6.359008312225342,1.351367473602295,0.007736589759588242,0.007736589759588242,364.34446845560075,77.42768049402237
1777330444.0204291,0.08589556068181992,6.359008312225342,1.351367473602295,0.008089879527688026,0.008089879527688026,364.34446845560075,77.42768049402237
1777330444.0792582,0.08589556068181992,6.359008312225342,1.351367473602295,0.008611642755568027,0.008611642755568027,364.34446845560075,77.42768049402237
1777330444.079345,0.08589556068181992,6.359008312225342,1.351367473602295,0.006825961172580719,0.006825961172580719,364.34446845560075,77.42768049402237
1777330444.0793889,0.08589556068181992,6.359008312225342,1.350407600402832,0.0054541537538170815,-0.0901031568646431,364.34446845560075,77.37268379116058
1777330444.079432,0.08589556068181992,6.359008312225342,1.351367473602295,0.0033732661977410316,0.09975574910640717,364.34446845560075,77.42768049402237
1777330444.079474,0.08589556068181992,6.359008312225342,1.351367473602295,0.005547812674194574,0.005547812674194574,364.34446845560075,77.42768049402237
1777330444.0802932,0.08589556068181992,6.359008312225342,1.350407600402832,0.005533582530915737,-0.09044414013624191,364.34446845560075,77.37268379116058
1777330444.138575,0.08589556068181992,6.359008312225342,1.350407600402832,0.006458441261202097,0.006458441261202097,364.34446845560075,77.37268379116058
1777330444.138659,0.08589556068181992,6.359008312225342,1.351367473602295,0.008726646192371845,0.10469237715005875,364.34446845560075,77.42768049402237
1777330444.1387038,0.08589556068181992,6.359008312225342,1.350407600402832,0.0010908307740464807,-0.09487729519605637,364.34446845560075,77.37268379116058
1777330444.138747,0.08589556068181992,6.359008312225342,1.350407600402832,0.0011192912934347987,0.0011192912934347987,364.34446845560075,77.37268379116058
1777330444.139555,0.08589556068181992,6.359008312225342,1.351367473602295,-0.0032582622952759266,0.09271705895662308,364.34446845560075,77.42768049402237
1777330444.139605,0.08589556068181992,6.359008312225342,1.351367473602295,0.001083715702407062,0.001083715702407062,364.34446845560075,77.42768049402237
1777330444.1961322,0.08589556068181992,6.359008312225342,1.351367473602295,-0.0021816615480929613,-0.0021816615480929613,364.34446845560075,77.42768049402237
1777330444.196204,0.08589556068181992,6.359008312225342,1.351367473602295,-0.0036328972782939672,-0.0036328972782939672,364.34446845560075,77.42768049402237
1777330444.196248,0.08589556068181992,6.359008312225342,1.351367473602295,-0.0002809762954711914,-0.0002809762954711914,364.34446845560075,77.42768049402237
1777330444.19704,0.08589556068181992,6.359008312225342,1.351367473602295,-0.0011121761053800583,-0.0011121761053800583,364.34446845560075,77.42768049402237
1777330444.197091,0.08589556068181992,6.359008312225342,1.351367473602295,9.365876758238301e-05,9.365876758238301e-05,364.34446845560075,77.42768049402237
1777330444.197134,0.08589556068181992,6.359008312225342,1.351367473602295,-0.004471212159842253,-0.004471212159842253,364.34446845560075,77.42768049402237
1777330444.253091,0.08589556068181992,6.359008312225342,1.351367473602295,-0.003654242493212223,-0.003654242493212223,364.34446845560075,77.42768049402237
1777330444.2531872,0.08589556068181992,6.359008312225342,1.351367473602295,-0.00218877661973238,-0.00218877661973238,364.34446845560075,77.42768049402237
1777330444.254005,0.08589556068181992,6.359008312225342,1.351367473602295,-0.003171718679368496,-0.003171718679368496,364.34446845560075,77.42768049402237
1777330444.254057,0.08589556068181992,6.359008312225342,1.351367473602295,-0.000990056898444891,-0.000990056898444891,364.34446845560075,77.42768049402237
1777330444.254101,0.08589556068181992,6.359008312225342,1.351367473602295,-0.00564147112891078,-0.00564147112891078,364.34446845560075,77.42768049402237
1777330444.2541409,0.08589556068181992,6.359008312225342,1.351367473602295,-0.0022753202356398106,-0.0022753202356398106,364.34446845560075,77.42768049402237

"--- SEND COMMAND: Mode=position, Value=1.0 ---"
1777330444.314476,0.08589556068181992,6.359008312225342,1.351367473602295,-0.003185948822647333,-0.003185948822647333,364.34446845560075,77.42768049402237
1777330444.3153322,0.08589556068181992,6.359008312225342,1.351367473602295,-0.002984401071444154,-0.002984401071444154,364.34446845560075,77.42768049402237
1777330444.315386,0.08589556068181992,6.359008312225342,1.351367473602295,-0.003553468734025955,-0.003553468734025955,364.34446845560075,77.42768049402237
1777330444.315428,0.08589556068181992,6.359008312225342,1.351367473602295,-0.0035676988773047924,-0.0035676988773047924,364.34446845560075,77.42768049402237
1777330444.315469,0.08589556068181992,6.359008312225342,1.351367473602295,-0.002361864084377885,-0.002361864084377885,364.34446845560075,77.42768049402237
1777330444.3707461,0.08589556068181992,6.359008312225342,1.351367473602295,-0.0022753202356398106,-0.0022753202356398106,364.34446845560075,77.42768049402237
1777330444.371613,0.08589556068181992,6.359008312225342,1.351367473602295,-0.002167431404814124,-0.002167431404814124,364.34446845560075,77.42768049402237
1777330444.371669,0.08589556068181992,6.359008312225342,1.351367473602295,-0.003099404973909259,-0.003099404973909259,364.34446845560075,77.42768049402237
1777330444.371712,0.08589556068181992,6.359008312225342,1.351367473602295,-0.0044569820165634155,-0.0044569820165634155,364.34446845560075,77.42768049402237
1777330444.371754,0.08589556068181992,6.359008312225342,1.351367473602295,1.4230258784664329e-05,1.4230258784664329e-05,364.34446845560075,77.42768049402237
1777330444.371797,0.08589556068181992,6.359008312225342,1.351367473602295,-0.0034455799032002687,-0.0034455799032002687,364.34446845560075,77.42768049402237
1777330444.428312,0.08589556068181992,6.359008312225342,1.351367473602295,-0.002376094227656722,-0.002376094227656722,364.34446845560075,77.42768049402237
1777330444.428406,0.08589556068181992,6.359008312225342,1.351367473602295,-0.003272492438554764,-0.003272492438554764,364.34446845560075,77.42768049402237
1777330444.428451,0.08589556068181992,6.359008312225342,1.351367473602295,-0.004168890416622162,-0.004168890416622162,364.34446845560075,77.42768049402237
1777330444.428492,0.08589556068181992,6.359008312225342,1.351367473602295,-0.00435620779171586,-0.00435620779171586,364.34446845560075,77.42768049402237
1777330444.428532,0.08589556068181992,6.359008312225342,1.351367473602295,-0.0020085740834474564,-0.0020085740834474564,364.34446845560075,77.42768049402237
1777330444.429334,0.08589556068181992,6.359008312225342,1.351367473602295,0.0003675199404824525,0.0003675199404824525,364.34446845560075,77.42768049402237
1777330444.4847639,0.08587833493947983,6.359354019165039,1.3507533073425293,0.04046151041984558,-0.055506616830825806,364.3642760112762,77.3924913468361
1777330444.484833,0.08587557822465897,6.361006259918213,1.3504881858825684,0.16591845452785492,-0.025774642825126648,364.4589424670219,77.37730100069047
1777330444.484877,0.08586768805980682,6.364477634429932,1.349165916442871,0.3629228472709656,-0.11632171273231506,364.6578376467705,77.30154051532746
1777330444.484919,0.08580537885427475,6.3705549240112305,1.3466143608093262,0.6296855211257935,-0.23306959867477417,365.00604081516263,77.155347094059
1777330444.485816,0.08575031161308289,6.379840850830078,1.344395637512207,0.9527433514595032,-0.19766420125961304,365.53808542099,77.02822356777192
1777330444.485867,0.08567648380994797,6.392604351043701,1.3408598899841309,1.3200347423553467,-0.3061903715133667,366.2693803765297,76.82564008455276
1777330444.541365,0.08548328280448914,6.409104347229004,1.3372254371643066,1.7021838426589966,-0.3154982328414917,367.21476085796354,76.61740120267868
1777330444.541457,0.08544102311134338,6.4290971755981445,1.336125373840332,2.062957763671875,-0.04638409614562988,368.36026595363614,76.55437219448089
1777330444.541503,0.08518324792385101,6.45266580581665,1.334765911102295,2.4379947185516357,-0.04990100860595703,369.7106494769096,76.47648068933486
1777330444.542377,0.0848037451505661,6.4796366691589355,1.3300976753234863,2.7819437980651855,-0.3875126838684082,371.25596666879653,76.2090103857994
1777330444.542428,0.08424390852451324,6.5093536376953125,1.3243403434753418,3.077732563018799,-0.46907687187194824,372.9586241546631,75.87913945169448
1777330444.54247,0.0836959034204483,6.5413923263549805,1.3209047317504883,3.3054070472717285,-0.22701025009155273,374.7943064523697,75.68229332942963
1777330444.6000378,0.08311156928539276,6.57480001449585,1.318838119506836,3.4508488178253174,-0.11055970191955566,376.7084266705513,75.56388512763976
1777330444.6001332,0.08237750083208084,6.6089911460876465,1.3165960311889648,3.5382890701293945,-0.10503292083740234,378.6674349080086,75.43542288379669
1777330444.600968,0.08154037594795227,6.6440629959106445,1.3123579025268555,3.6144025325775146,-0.3151216506958008,380.6769046010971,75.1925959115982
1777330444.601025,0.08065450936555862,6.679508209228516,1.307535171508789,3.670408010482788,-0.3551790714263916,382.70776645431516,74.91627367973328
1777330444.601069,0.07961533218622208,6.715150356292725,1.3086624145507812,3.6755964756011963,0.22453737258911133,384.7499117840767,74.98085997161866
1777330444.60111,0.07862434536218643,6.749884128570557,1.3088798522949219,3.590639114379883,0.14004063606262207,386.7400110537529,74.99331824111938
1777330444.6595142,0.07762204855680466,6.782948970794678,1.3064703941345215,3.413663148880005,-0.13385558128356934,388.6344876408577,74.85526640825272
1777330444.660365,0.0767064169049263,6.813754558563232,1.304677963256836,3.1781821250915527,-0.08104944229125977,390.3995184365273,74.75256764717102
1777330444.660419,0.07572267949581146,6.841673851013184,1.3057513236999512,2.8948683738708496,0.21094632148742676,391.9991766328812,74.81406669244767
1777330444.6604621,0.07495786994695663,6.866210460662842,1.308237075805664,2.5366225242614746,0.33181238174438477,393.4050213120461,74.95648984794617
1777330444.660504,0.07433301955461502,6.886747360229492,1.311516284942627,2.1073760986328125,0.38190901279449463,394.58169940223695,75.14437475881577
1777330444.660545,0.07378461211919785,6.902971267700195,1.314317226409912,1.6852831840515137,0.343355655670166,395.51126115989683,75.30485694093704
1777330444.718951,0.0733589306473732,6.915231704711914,1.3169894218444824,1.2639883756637573,0.3052601218223572,396.2137327068329,75.45796251611709
1777330444.71904,0.07305311411619186,6.923465251922607,1.3204293251037598,0.8482096791267395,0.36891719698905945,396.6854803811073,75.65505452528
1777330444.719094,0.07291607558727264,6.928008079528809,1.3240137100219727,0.468428373336792,0.37259846925735474,396.9457653230667,75.86042472667694
1777330444.719137,0.07292019575834274,6.92830753326416,1.326230525970459,0.14438754320144653,0.3360758423805237,396.9629227643967,75.98743896989822
1777330444.719181,0.0729939192533493,6.925627708435059,1.3283443450927734,-0.10831059515476227,0.37091004848480225,396.80938005695344,76.10855192756652
1777330444.720031,0.07317601889371872,6.922072410583496,1.3305416107177734,-0.27785345911979675,0.2972734868526459,396.6056764223099,76.2344460193634
1777330444.782513,0.07326716184616089,6.918238639831543,1.3343782424926758,-0.37223049998283386,0.39475217461586,396.38601746006015,76.45426890621185
1777330444.782642,0.07340790331363678,6.914820671081543,1.3367128372192383,-0.3939576745033264,0.18126994371414185,396.19018220615385,76.58803137874604
1777330444.7826931,0.07341696321964264,6.912242889404297,1.3398876190185547,-0.35244762897491455,0.2227942943572998,396.0424861427307,76.76993304176331
1777330444.7827399,0.07362551242113113,6.910719394683838,1.3421993255615234,-0.2670885920524597,0.1163356602191925,395.95519629392624,76.90238411750794
1777330444.783623,0.07352618128061295,6.910605430603027,1.3459200859069824,-0.15656349062919617,0.226870596408844,395.9486666307449,77.11556805810929
1777330444.783684,0.07354375720024109,6.911974906921387,1.3482484817504883,-0.015307384543120861,0.08056779205799103,396.0271318719864,77.24897536067962
1777330444.843724,0.07344325631856918,6.9151458740234375,1.351419448852539,0.14663812518119812,0.14663812518119812,396.20881496887205,77.4306584575653
1777330444.843942,0.07328867167234421,6.919907569885254,1.3542637825012207,0.32610371708869934,0.13441061973571777,396.48164014263153,77.59362682943345
1777330444.8440452,0.07311132550239563,6.926285743713379,1.356806755065918,0.49561068415641785,0.11221516132354736,396.847082714653,77.73932847690583
1777330444.844822,0.07288341224193573,6.933835506439209,1.359562873840332,0.6477058529853821,0.1684972047805786,397.2796524098396,77.8972425069809
1777330444.844876,0.07257653027772903,6.942895412445068,1.3619112968444824,0.7911573052406311,0.12017679214477539,397.79874697237017,78.0317972817421
1777330444.9037068,0.07215581834316254,6.953228950500488,1.3636159896850586,0.9310965538024902,0.0684061050415039,398.39081530208585,78.12946902179718
1777330444.903789,0.07180075347423553,6.96458625793457,1.3653855323791504,1.062363624572754,0.1037788987159729,399.04154131736755,78.23085638608933
1777330444.9038348,0.07126019150018692,6.976975917816162,1.3662700653076172,1.177337408065796,0.027112364768981934,399.75141679201124,78.28153640785217
1777330444.964406,0.07079732418060303,6.990166187286377,1.3669962882995605,1.2812546491622925,0.03497457504272461,400.5071638335228,78.32314593515396
1777330444.9644978,0.0702364519238472,7.003902912139893,1.3692283630371094,1.3643585443496704,0.21423852443695068,401.2942204733849,78.45103444290162
1777330444.964544,0.0697241798043251,7.017698287963867,1.3696002960205078,1.4309356212615967,0.08859133720397949,402.08463756752013,78.4723446407318
1777330444.964587,0.06909866631031036,7.031437873840332,1.3708763122558594,1.4145368337631226,0.1686159372329712,402.8718581319809,78.54545501174927
1777330444.964629,0.06863817572593689,7.044830322265625,1.3727631568908691,1.3792011737823486,0.2286696434020996,403.6391891784668,78.65356328458786
1777330444.965461,0.06817745417356491,7.05729341506958,1.3756389617919922,1.2897332906723022,0.33124417066574097,404.3532720511436,78.81833482704162
1777330444.965573,0.06764649599790573,7.068334579467773,1.3780508041381836,1.145140528678894,0.2822730541229248,404.98588439826966,78.95652326374054
1777330444.9656162,0.06730044633150101,7.077876091003418,1.3808813095092773,0.9734007120132446,0.30246788263320923,405.5325729349136,79.11869933338166
1777330444.9656582,0.06696148961782455,7.085465431213379,1.3836760520935059,0.7871464490890503,0.3077465891838074,405.9674102537155,79.27882634553909
1777330445.024391,0.06675183773040771,7.091197967529297,1.3865323066711426,0.5838239192962646,0.29620295763015747,406.2958605079651,79.44247773656845
1777330445.025227,0.06666097790002823,7.0947675704956055,1.3901019096374512,0.37942054867744446,0.37942054867744446,406.5003837656021,79.64700099420547
1777330445.02528,0.066531702876091,7.096624374389648,1.3929176330566406,0.1892150193452835,0.2849036455154419,406.6067708301544,79.80833012008667
1777330445.025322,0.06654225289821625,7.096930027008057,1.3960990905761719,0.03256935998797417,0.3206539750099182,406.6242834414482,79.99061427383423
1777330445.025363,0.06656847149133682,7.096080780029297,1.4000449180603027,-0.0853344276547432,0.3941011130809784,406.57562515640257,80.21669361619949
1777330445.025404,0.06656617671251297,7.094489097595215,1.4032468795776367,-0.1771644800901413,0.30121922492980957,406.4844284379959,80.40015256290435
1777330445.081846,0.06659042835235596,7.092048168182373,1.4065585136413574,-0.2393479198217392,0.3368735909461975,406.34457343454363,80.58989528589248
1777330445.081931,0.06671148538589478,7.089685440063477,1.41090726852417,-0.24089153110980988,0.43025678396224976,406.20919903678896,80.83906067590713
1777330445.0819762,0.06661476939916611,7.087815284729004,1.4147896766662598,-0.19566218554973602,0.3778592348098755,406.10204699077605,81.06150635633469
1777330445.0820181,0.0666794627904892,7.086886882781982,1.419614315032959,-0.10512343049049377,0.47163692116737366,406.04885345849993,81.33793787126541
1777330445.082059,0.0666794627904892,7.086886882781982,1.424407958984375,-0.0076377009972929955,0.4716068506240845,406.04885345849993,81.61259353637695
1777330445.082881,0.06673729419708252,7.087708473205566,1.4290642738342285,0.09380390495061874,0.4771517515182495,406.0959271390915,81.8793808207512
1777330445.1408188,0.06671148538589478,7.089685440063477,1.43391752243042,0.19773779809474945,0.4853516221046448,406.20919903678896,82.15745158166885
1777330445.140922,0.06659182906150818,7.092512130737305,1.4377031326293945,0.286345899105072,0.38223063945770264,406.37115654029844,82.37435114650727
1777330445.1409678,0.0664353221654892,7.095882415771484,1.4420318603515625,0.3618130087852478,0.4576333165168762,406.5642597175598,82.62236906433105
1777330445.141014,0.06626136600971222,7.099943161010742,1.4460926055908203,0.41535279154777527,0.41535279154777527,406.79692336463927,82.85503271141052
1777330445.141869,0.06611417979001999,7.104282379150391,1.4494733810424805,0.4385037124156952,0.3426905870437622,407.0455423393249,83.04873694553375
1777330445.141919,0.06586270034313202,7.108501434326172,1.4536924362182617,0.44066566228866577,0.44066566228866577,407.2872764808655,83.29047108707428
1777330445.2012181,0.06568878144025803,7.11256217956543,1.4577531814575195,0.41978195309638977,0.41978195309638977,407.51994012794495,83.52313473415374
1777330445.201303,0.0654735341668129,7.116238117218018,1.4614291191101074,0.3816513121128082,0.3816513121128082,407.73055591650007,83.73375052270889
1777330445.201347,0.06530610471963882,7.119677543640137,1.4648685455322266,0.34886977076530457,0.34886977076530457,407.92762060489656,83.93081521110534
1777330445.202168,0.06505326181650162,7.122768402099609,1.4689178466796875,0.32159703969955444,0.41743412613868713,408.1047138130188,84.16282315979004
1777330445.202223,0.06493251770734787,7.125594139099121,1.4727025032043457,0.2917831540107727,0.38765832781791687,408.2666166749954,84.37966808309555
1777330445.202265,0.06486023962497711,7.1281843185424805,1.4772100448608398,0.2644718587398529,0.4561313986778259,408.4150230783462,84.63793128833771
1777330445.26081,0.06456741690635681,7.130226135253906,1.4811692237854004,0.242592915892601,0.43432915210723877,408.5320106002808,84.86477561216354
1777330445.260905,0.06428923457860947,7.131911277770996,1.4847722053527832,0.21954090893268585,0.41128647327423096,408.6285621889114,85.07121132345199
1777330445.2617118,0.063949353992939,7.133439064025879,1.4882173538208008,0.19557975232601166,0.38725367188453674,408.71609792461396,85.26860386104583
1777330445.261765,0.06373293697834015,7.134859561920166,1.4925141334533691,0.17257656157016754,0.4601903557777405,408.79748648786546,85.51479128751755
1777330445.2618082,0.06337831914424896,7.136037826538086,1.4975271224975586,0.1527886837720871,0.5361844301223755,408.8649961017609,85.80201450519561
1777330445.3176792,0.06322088092565536,7.137151718139648,1.5015182495117188,0.1340540647506714,0.4217488467693329,408.92881741218565,86.03068932037354
1777330445.317774,0.06287526339292526,7.1381731033325195,1.5063748359680176,0.12209944427013397,0.5054949522018433,408.98733849391937,86.30895132665634
1777330445.318571,0.06268677860498428,7.1392083168029785,1.5102863311767578,0.11248181015253067,0.4001099765300751,409.0466518778801,86.53306357383728
1777330445.318623,0.06253834068775177,7.140165328979492,1.515078067779541,0.10707797855138779,0.49054083228111267,409.1014846561432,86.80760995588302
1777330445.318666,0.06243329495191574,7.141170501708984,1.5199189186096191,0.10593420267105103,0.4894157350063324,409.15907683181763,87.08497037687302
1777330445.318708,0.0621924102306366,7.142313480377197,1.5248966217041016,0.1145118921995163,0.4979747533798218,409.22456470899584,87.37017185783387
1777330445.375935,0.06226547807455063,7.1434831619262695,1.528942584991455,0.12429101765155792,0.4118616580963135,409.29158254909515,87.6019885611534
1777330445.3767838,0.06220393627882004,7.144874572753906,1.5341687202453613,0.14095450937747955,0.5244269371032715,409.37130454559326,87.90142416143418
1777330445.376838,0.06198730319738388,7.146294593811035,1.5384650230407715,0.1409093737602234,0.42850160598754883,409.4526657880783,88.14758426713944
1777330445.3768818,0.061811041086912155,7.147636890411377,1.543642520904541,0.1416822224855423,0.525164008140564,409.52957374563215,88.44423314924241
1777330445.376975,0.061685334891080856,7.148828506469727,1.5486688613891602,0.133929044008255,0.5173344016075134,409.59784834098815,88.73222134838105
1777330445.377015,0.061758220195770264,7.149998188018799,1.5527148246765137,0.11975561082363129,0.40732628107070923,409.6648661810875,88.9640380517006
1777330445.4330409,0.06160886585712433,7.150912284851074,1.558422565460205,0.09337683022022247,0.5725735425949097,409.7172400903702,89.29106762609482
1777330445.4331279,0.06167694553732872,7.151575565338135,1.5629215240478516,0.07061603665351868,0.4541550576686859,409.7552432765007,89.54883905754089
1777330445.433173,0.061649058014154434,7.151960849761963,1.5681004524230957,0.03913548216223717,0.5184040069580078,409.7773184557915,89.84556990194321
1777330445.433215,0.061681751161813736,7.1520819664001465,1.5730152130126953,0.011836972087621689,0.49106958508491516,409.7842579304695,90.1271650417328
1777330445.433256,0.061649058014154434,7.151960849761963,1.577688217163086,-0.01548535656183958,0.4638068974018097,409.7773184557915,90.39490855293273
1777330445.434077,0.061288245022296906,7.14995813369751,1.5814380645751953,-0.043874431401491165,0.5309076905250549,409.6625712367058,90.60975906028747
1777330445.4889128,0.06113826483488083,7.148281574249268,1.5855140686035156,-0.08098144829273224,0.494418740272522,409.5665114218712,90.84329697189331
1777330445.4889998,0.06113507226109505,7.14669132232666,1.5896763801574707,-0.11834445595741272,0.4568112790584564,409.47539666576387,91.0817799422264
1777330445.489046,0.06121909245848656,7.144408226013184,1.5931458473205566,-0.16952736675739288,0.4055708646774292,409.34458483600616,91.28056583890915
1777330445.530099,0.06143565475940704,7.1418609619140625,1.5982685089111328,-0.22116775810718536,0.5458056330680847,409.19863730163576,91.57407283287048
1777330445.530942,0.06153511628508568,7.138885498046875,1.6029629707336426,-0.27138686180114746,0.4953565001487732,409.0281557189941,91.84304577856064
1777330445.530995,0.06165577471256256,7.1360602378845215,1.6078085899353027,-0.30078503489494324,0.4645426571369171,408.86628017778395,92.12067940721512
1777330445.5310369,0.06173645332455635,7.133313179016113,1.6127314567565918,-0.3042640686035156,0.46413087844848633,408.70888524227144,92.40273900003433
1777330445.5310779,0.06178933382034302,7.130951881408691,1.6180400848388672,-0.27572110295295715,0.4912905991077423,408.5735928068161,92.70690109291077
1777330445.5311182,0.06180546060204506,7.129132270812988,1.6238903999328613,-0.2383161038160324,0.5270500779151917,408.4693367620468,93.04209957647323
1777330445.5869,0.061793725937604904,7.1276984214782715,1.6301274299621582,-0.1978273242712021,0.5703936815261841,408.3871832173347,93.39945520162583
1777330445.586991,0.06173526123166084,7.126877784729004,1.6360182762145996,-0.14329123497009277,0.5277228355407715,408.34016417827604,93.73697595033646
1777330445.587036,0.06175415962934494,7.126649856567383,1.6425013542175293,-0.08085556328296661,0.5889390110969543,408.3271048519135,94.10842909097671
1777330445.5870779,0.06173526123166084,7.126877784729004,1.648481845855713,-0.025262393057346344,0.5508725047111511,408.34016417827604,94.45108614377975
1777330445.587119,0.06176308915019035,7.127619743347168,1.654017448425293,0.026236247271299362,0.5054569244384766,408.3826752908707,94.7682529214859
1777330445.587947,0.06169823557138443,7.128547668457031,1.6597390174865723,0.07090940326452255,0.5501899123191833,408.43584150238036,95.09607479810715
1777330445.643316,0.061645206063985825,7.129782199859619,1.664808750152588,0.10048957914113998,0.48406723141670227,408.50657496671676,95.38654918699264
1777330445.6433961,0.06152164936065674,7.131016731262207,1.6698784828186035,0.12003983557224274,0.5035408139228821,408.57730843105315,95.67702357587814
1777330445.6434402,0.06153048574924469,7.131986618041992,1.6756420135498047,0.12349504232406616,0.6027755737304688,408.63287887001036,96.0072496799469
1777330445.6434822,0.06136106699705124,7.132793426513672,1.6802845001220703,0.07530798017978668,0.45883744955062866,408.67910560684203,96.27324466209411
1777330445.644386,0.061302248388528824,7.1331000328063965,1.685384750366211,0.03073410876095295,0.5100864768028259,408.69667285966875,96.56546758003235
1777330445.644436,0.061237603425979614,7.132900714874268,1.6909375190734863,-0.016493579372763634,0.5585282444953918,408.6852527792931,96.88361790533065
1777330445.702302,0.06120992451906204,7.1321587562561035,1.695948600769043,-0.07663972675800323,0.4985061287879944,408.64274166669844,97.17073183994293
1777330445.702389,0.061262983828783035,7.130924224853516,1.701425552368164,-0.12667275965213776,0.5442407727241516,408.57200820236204,97.48453816337586
1777330445.702435,0.06118669733405113,7.12929105758667,1.7055444717407227,-0.17053258419036865,0.4045179486274719,408.4784345772743,97.7205349439621
1777330445.703252,0.06130487471818924,7.127128601074219,1.711052417755127,-0.21756993234157562,0.5492785573005676,408.3545349014282,98.0361171172142
1777330445.7033029,0.06105973944067955,7.124048233032227,1.7146835327148438,-0.26488739252090454,0.4061434864997864,408.17804275016783,98.24416475372314
1777330445.703346,0.06075871363282204,7.120611667633057,1.7198758125305176,-0.3128303289413452,0.549881637096405,407.98114198637006,98.54166057958602
1777330445.761678,0.06070822477340698,7.117002010345459,1.7239360809326172,-0.34890732169151306,0.4179318845272064,407.77432378435134,98.77429690589905
1777330445.761753,0.06076623871922493,7.113314151763916,1.7298359870910645,-0.37759873270988464,0.5810339450836182,407.563024976635,99.11233674917221
1777330445.7625751,0.06083861365914345,7.109597682952881,1.734748363494873,-0.3775065541267395,0.48529165983200073,407.35008692293167,99.39379528512954
1777330445.762626,0.06083798408508301,7.106215953826904,1.7409539222717285,-0.35147884488105774,0.60710608959198,407.15632804727557,99.7493477396965
1777330445.7626681,0.06069610267877579,7.103256702423096,1.7466239929199219,-0.30424579977989197,0.5584059953689575,406.9867753706932,100.07421897354126
1777330445.762708,0.06056186556816101,7.100802898406982,1.7527990341186523,-0.257295161485672,0.6055030822753906,406.84618270654676,100.42802289905548
1777330445.8210812,0.06045882776379585,7.0988922119140625,1.7604761123657227,-0.19961389899253845,0.7590667009353638,406.73670839538573,100.86788723888397
1777330445.822019,0.06036364659667015,7.09748649597168,1.766740322113037,-0.1470792591571808,0.6199133396148682,406.6561667758942,101.22680014772415
1777330445.8222358,0.060299333184957504,7.096624374389648,1.7725896835327148,-0.08798563480377197,0.583045244216919,406.6067708301544,101.56194398975373
1777330445.822287,0.06019803136587143,7.0963053703308105,1.778982162475586,-0.02885059081017971,0.6422976851463318,406.58849323740003,101.92820618476868
1777330445.82233,0.060030389577150345,7.096450328826904,1.7858386039733887,0.01069407444447279,0.6817417144775391,406.5967987504005,102.32105148553848
1777330445.881226,0.06004110723733902,7.0967559814453125,1.7918968200683594,0.03474560007452965,0.6099874973297119,406.6143113616943,102.66816182327271
1777330445.882093,0.060042720288038254,7.097220420837402,1.7971549034118652,0.04788295924663544,0.5271635055541992,406.6409217882156,102.96942791490555
1777330445.8823302,0.060014981776475906,7.097605228424072,1.8042511940002441,0.04261651262640953,0.7136138081550598,406.66296964673995,103.37601556119918
1777330445.8825018,0.059957779943943024,7.0979108810424805,1.8103094100952148,0.024850744754076004,0.5999776721000671,406.68048225803375,103.7231258989334
1777330445.882547,0.059957779943943024,7.0979108810424805,1.8160624504089355,-0.0023749403189867735,0.5728284120559692,406.68048225803375,104.05275094614029
1777330445.8825889,0.060014981776475906,7.097605228424072,1.8215093612670898,-0.026510709896683693,0.5485875010490417,406.66296964673995,104.36483606128692
1777330445.941393,0.0600133091211319,7.097141265869141,1.827756404876709,-0.05269089713692665,0.6183090209960938,406.6363865409851,104.72276542253495
1777330445.9414752,0.06000348925590515,7.096171855926514,1.8334989547729492,-0.09631607681512833,0.5745947360992432,406.5808434227943,105.05178941287994
1777330445.94157,0.060066573321819305,7.0947794914245605,1.8397760391235352,-0.14558108150959015,0.6212679743766785,406.50106678476334,105.41143998241425
1777330445.941612,0.06013049557805061,7.092723846435547,1.8453903198242188,-0.20604391396045685,0.5607761740684509,406.3832869606018,105.73311468658447
1777330445.941653,0.06024078652262688,7.090056419372559,1.852311134338379,-0.2802627682685852,0.6784894466400146,406.2304545930862,106.12964829082489
1777330445.942477,0.060367945581674576,7.086608409881592,1.8574914932250977,-0.354531466960907,0.5074864625930786,406.0328981308937,106.42646109752656
1777330445.998739,0.060524243861436844,7.082575798034668,1.8640055656433105,-0.4116779863834381,0.6435707807540894,405.80184640903474,106.799690087986
1777330445.99884,0.0607733428478241,7.078357219696045,1.8712925910949707,-0.4400438368320465,0.7102577686309814,405.56013958826065,107.21720604085922
1777330445.9988842,0.060890115797519684,7.073940277099609,1.878380298614502,-0.4575565457344055,0.6927646994590759,405.3070673286438,107.62330191335678
1777330446.030561,0.060950636863708496,7.069429874420166,1.8853754997253418,-0.46766215562820435,0.6828407645225525,405.04864019880296,108.02409755716324
1777330446.031442,0.06101047247648239,7.065118789672852,1.8935284614562988,-0.44570931792259216,0.8004772663116455,404.80163314933776,108.4912280219078
1777330446.0314949,0.061042241752147675,7.061192035675049,1.9001483917236328,-0.40402495861053467,0.6494320631027222,404.57664663763046,108.87052222251891
1777330446.031538,0.06107389181852341,7.057729721069336,1.9072322845458984,-0.3583051860332489,0.6971863508224487,404.37827055244446,109.27639952888488
1777330446.031754,0.06105905398726463,7.054506301879883,1.9135966300964355,-0.3266255259513855,0.6322228312492371,404.1935821712494,109.64104979867935
1777330446.031806,0.061128322035074234,7.051627159118652,1.920304775238037,-0.2925720512866974,0.6638851165771484,404.02861938343045,110.02539834108353
1777330446.08764,0.06087017059326172,7.049544811248779,1.9268512725830078,-0.2631194591522217,0.6014726161956787,403.9093095963478,110.4004851436615
1777330446.087732,0.060771822929382324,7.047475814819336,1.9334120750427246,-0.23128972947597504,0.631409764289856,403.7907647907257,110.77639156923294
1777330446.087778,0.06067326292395592,7.045406341552734,1.9390125274658203,-0.21145889163017273,0.5536973476409912,403.67219266433716,111.09727397117615
1777330446.1196952,0.06053812801837921,7.043417453765869,1.9456520080566406,-0.20140574872493744,0.663268506526947,403.5582377474785,111.47768832321167
1777330446.119777,0.060478534549474716,7.041467189788818,1.9523305892944336,-0.1993607133626938,0.6633080840110779,403.44649581270215,111.86034297809601
1777330446.1207008,0.06028566136956215,7.039584159851074,1.958117961883545,-0.2015380710363388,0.5627317428588867,403.33860610599515,112.19193512048722
1777330446.120888,0.060150351375341415,7.037595272064209,1.9647574424743652,-0.20267035067081451,0.6608573198318481,403.2246511891365,112.57234947252273
1777330446.120964,0.06009066849946976,7.035645008087158,1.9714365005493164,-0.20375797152519226,0.6588507890701294,403.1129092543602,112.95503144817353
1777330446.179411,0.05982157588005066,7.033723831176758,1.9781441688537598,-0.19842712581157684,0.6642848253250122,403.00283388633727,113.33935266981125
1777330446.1795042,0.05963706970214844,7.031680107116699,1.984729290008545,-0.20154660940170288,0.6612516045570374,402.88573708133697,113.71665245447159
1777330446.1803808,0.059416498988866806,7.029716968536377,1.992354393005371,-0.20705008506774902,0.7514625191688538,402.77325748586657,114.15353883075714
1777330446.18051,0.059316486120224,7.027647972106934,1.9998726844787598,-0.21144860982894897,0.7471363544464111,402.6547126802445,114.58430535535813
1777330446.180557,0.05904633179306984,7.025727272033691,2.0075392723083496,-0.2028132528066635,0.7555801272392273,402.544664632988,115.02356863832473
1777330446.239466,0.05860341712832451,7.022265434265137,2.0127062797546387,-0.1929415613412857,0.6698351502418518,402.3463158685684,115.31961646356582
1777330446.2395442,0.05831443518400192,7.020567893981934,2.020596981048584,-0.17238131165504456,0.7861312627792358,402.24905394001007,115.77172050676346
1777330446.240316,0.058025192469358444,7.018870830535889,2.027528762817383,-0.16910120844841003,0.6937832832336426,402.15181933221817,116.1688824886322
1777330446.2403681,0.057726550847291946,7.017334461212158,2.034620761871338,-0.16805417835712433,0.6946101188659668,402.06379182271957,116.5752242480278
1777330446.24041,0.05751296132802963,7.015675067901611,2.041590690612793,-0.1660144329071045,0.6967883110046387,401.96871555547716,116.97457189121246
1777330446.2996638,0.05737507715821266,7.014151573181152,2.0486955642700195,-0.1606055498123169,0.702058732509613,401.88142570667264,117.38165131130218
1777330446.299756,0.05738355219364166,7.0125041007995605,2.054718494415283,-0.1605643332004547,0.6063417196273804,401.78703245859145,117.72673991231919
1777330446.3006039,0.05746857076883316,7.010528564453125,2.0613718032836914,-0.17027078568935394,0.6924196481704712,401.67384252319334,118.10794656658173
1777330446.300658,0.0575302429497242,7.008113861083984,2.068544864654541,-0.2031533569097519,0.7556949853897095,401.5354901618957,118.51893285627365
1777330446.300701,0.05769464001059532,7.005351543426514,2.0753707885742188,-0.24692976474761963,0.7118943929672241,401.37722096185684,118.91002962799072
1777330446.3007429,0.057815928012132645,7.002367973327637,2.081974506378174,-0.28714054822921753,0.6713725924491882,401.2062749261856,119.28839492254257
1777330446.3601458,0.057860974222421646,6.999246597290039,2.090358257293701,-0.3034190237522125,0.8469210863113403,401.0274331890106,119.76874863824844
1777330446.361129,0.05798351764678955,6.995903015136719,2.0975608825683594,-0.3033579885959625,0.7511836290359497,400.8358599746704,120.18142881546021
1777330446.361278,0.05811433121562004,6.992397308349609,2.105560302734375,-0.3275737464427948,0.8226512670516968,400.63499769973754,120.6397619934082
1777330446.361324,0.05830458551645279,6.988787651062012,2.114415168762207,-0.3557513654232025,0.8903893232345581,400.4281794977188,121.14710862636566
1777330446.361367,0.05840907245874405,6.985201835632324,2.1242518424987793,-0.36122894287109375,0.9807180166244507,400.2227273340225,121.71070871744156
1777330446.361409,0.058641329407691956,6.981348514556885,2.131903648376465,-0.3722425401210785,0.7780975103378296,400.00194822034837,122.14912505664826
1777330446.3620281,0.058856844902038574,6.97735595703125,2.141334056854248,-0.39073365926742554,0.9513280987739563,399.7731914428711,122.68944785470963
1777330446.362077,0.05902889370918274,6.973142623901367,2.1495847702026367,-0.41159358620643616,0.8345307111740112,399.531785150528,123.16217907657624
1777330446.420592,0.05922793596982956,6.968907356262207,2.1568546295166016,-0.4377245008945465,0.7123857736587524,399.28912210292816,123.5787114818573
1777330446.420672,0.05944482982158661,6.9643473625183105,2.1647586822509766,-0.4599056541919708,0.7861874103546143,399.02785361337664,124.0315805065155
1777330446.420715,0.05961745232343674,6.959670066833496,2.1725454330444336,-0.4794699549674988,0.7667166590690613,398.75986421527864,124.47772862262725
1777330446.480313,0.0598222017288208,6.9549102783203125,2.1802496910095215,-0.49711644649505615,0.749132513999939,398.48714832458495,124.91915024614335
1777330446.48041,0.05999333783984184,6.950232982635498,2.188995361328125,-0.4786246120929718,0.8636049032211304,398.21915892648695,125.42024042358399
1777330446.480455,0.06019982323050499,6.945835113525391,2.1989784240722656,-0.45332905650138855,0.9843686819076538,397.9671794975281,125.99222798995972
1777330446.4804978,0.06041189283132553,6.941737174987793,2.2083029747009277,-0.42158928513526917,0.9205254316329956,397.7323848306656,126.52648557786941
1777330446.4805388,0.060588110238313675,6.93818473815918,2.2181735038757324,-0.3736530542373657,0.9684422016143799,397.5288451206207,127.09202544336318
1777330446.481398,0.06066003441810608,6.934980392456055,2.227433204650879,-0.32565146684646606,0.9199435114860535,397.34524957008364,127.62256740703583
1777330446.4815218,0.060900505632162094,6.9320878982543945,2.2370047569274902,-0.2993948757648468,0.9472590684890747,397.17952180080414,128.1709771519661
1777330446.481565,0.06099957600235939,6.929326057434082,2.2457480430603027,-0.28719010949134827,0.8631500005722046,397.0212799215317,128.6719307255745
1777330446.481605,0.061230409890413284,6.9265971183776855,2.2545242309570312,-0.2751292288303375,0.8750958442687988,396.8649231751442,129.17476943206788
1777330446.540025,0.06136569753289223,6.924052715301514,2.262526035308838,-0.2706524133682251,0.7834939956665039,396.7191395653725,129.6332392138481
1777330446.540921,0.06148659437894821,6.921372413635254,2.270392894744873,-0.27633991837501526,0.7783235311508179,396.5655695371628,130.0839772187233
1777330446.540977,0.06170271337032318,6.918398380279541,2.278923511505127,-0.30253955721855164,0.8478391170501709,396.3951699168205,130.57274573049546
1777330446.5410209,0.061871837824583054,6.915307998657227,2.286379337310791,-0.32662931084632874,0.7279387712478638,396.2181040294647,130.9999332346916
1777330446.599985,0.062135618180036545,6.9120330810546875,2.2955689430236816,-0.32968154549598694,0.9163970947265625,396.03046500549317,131.52645904569627
1777330446.600256,0.062186408787965775,6.909046173095703,2.3040871620178223,-0.3165323734283447,0.830482006072998,395.85932772445676,132.01451721754074
1777330446.601096,0.06232325732707977,6.906038284301758,2.314502716064453,-0.30683934688568115,1.0391391515731812,395.68698832969665,132.6112847190857
1777330446.60115,0.062481459230184555,6.903111934661865,2.3230810165405273,-0.3022218346595764,0.8482431769371033,395.5193207859993,133.10278530750276
1777330446.601272,0.06265626102685928,6.900383949279785,2.3347339630126953,-0.28380274772644043,1.1505253314971924,395.3630186811447,133.7704501979828
1777330446.601315,0.06279639899730682,6.897674560546875,2.3435301780700684,-0.2739427387714386,0.8791255950927734,395.2077820861816,134.274436376667
1777330446.601356,0.06290578097105026,6.895048141479492,2.3543267250061035,-0.28180718421936035,1.0602545738220215,395.0572993045807,134.8930331706047
1777330446.601948,0.06304977834224701,6.891875743865967,2.361701011657715,-0.3167243003845215,0.7343965768814087,394.87553424539567,135.31554882373808
1777330446.6606321,0.06309402734041214,6.888590335845947,2.3727970123291016,-0.34419697523117065,1.0983436107635498,394.6872941645622,135.95130305900574
1777330446.6607099,0.06313709169626236,6.884777069091797,2.3814473152160645,-0.3989671766757965,0.8473585844039917,394.4688099952698,136.4469290831566
1777330446.660753,0.06321392953395844,6.88041877746582,2.3905115127563477,-0.44843757152557373,0.8935428857803345,394.21909818992617,136.96626953258513
1777330446.660794,0.06330369412899017,6.875432968139648,2.3989481925964355,-0.5086873769760132,0.8333266973495483,393.93343225593566,137.44965585336686
1777330446.6616058,0.06335218995809555,6.8701677322387695,2.409982681274414,-0.5379939675331116,1.0915710926055908,393.63175635280606,138.08188570976256
1777330446.661728,0.06344879418611526,6.865016937255859,2.4201717376708984,-0.5390114188194275,0.994782030582428,393.3366374336243,138.66567584724427
1777330446.717422,0.06347770243883133,6.859966278076172,2.43142032623291,-0.516225278377533,1.1131699085235596,393.04725587539673,139.31017272777558
1777330446.7174988,0.0634593665599823,6.855329990386963,2.4411654472351074,-0.47458237409591675,0.9630553126335144,392.78161606321333,139.86852723169326
1777330446.748988,0.06358024477958679,6.851085662841797,2.4513025283813477,-0.44040051102638245,0.9976685047149658,392.538433921051,140.44933940563203
1777330446.7499928,0.06367500126361847,6.847221374511719,2.461820125579834,-0.4131016433238983,1.0250508785247803,392.3170264297485,141.05195355119704
1777330446.750201,0.06366228312253952,6.843410491943359,2.4714317321777344,-0.38555702567100525,0.9564234018325806,392.09867886428833,141.60265824050904
1777330446.7502568,0.06366030871868134,6.8397297859191895,2.4792566299438477,-0.37688934803009033,0.7735559940338135,391.8877898680687,142.0509920179367
1777330446.7503,0.0637449100613594,6.836030960083008,2.4880213737487793,-0.38363415002822876,0.862504780292511,391.675862682724,142.55317502603532
1777330446.7503412,0.06378620862960815,6.832052230834961,2.4965062141418457,-0.4057053327560425,0.8405892848968506,391.44789820747377,143.03932074422838
1777330446.810216,0.06390572339296341,6.828103065490723,2.505021572113037,-0.41572681069374084,0.8306008577346802,391.22162761974334,143.52721499147415
1777330446.8103092,0.06394520401954651,6.824124336242676,2.51446533203125,-0.40254727005958557,0.9392321109771729,390.9936631444931,144.0683027709961
1777330446.810355,0.06403759866952896,6.820553779602051,2.524317741394043,-0.37176796793937683,0.9703608751296997,390.7890852453232,144.6328044473648
1777330446.8103979,0.06403279304504395,6.817286491394043,2.5354323387145996,-0.3349716067314148,1.1030011177062988,390.6018833536148,145.26962419252396
1777330446.842409,0.06407266110181808,6.814593315124512,2.5442442893981934,-0.28765881061553955,0.8628538846969604,390.447575664711,145.77451195650102
1777330446.843314,0.06417404860258102,6.812261581420898,2.5543761253356934,-0.2374931126832962,1.0088014602661133,390.3139771167755,146.35502360200883
1777330446.84337,0.06423989683389664,6.8101806640625,2.564758777618408,-0.2142658680677414,1.0316239595413208,390.1947492919922,146.9499059706688
1777330446.843414,0.06440280377864838,6.808210372924805,2.573335647583008,-0.2054608315229416,0.8492552638053894,390.08185988502504,147.4413245967865
1777330446.843456,0.06446005403995514,6.806174278259277,2.5828046798706055,-0.21191449463367462,0.9382819533348083,389.9652002122879,147.98386037693024
1777330446.9022222,0.06455153226852417,6.804008960723877,2.5911855697631836,-0.216315358877182,0.8382526636123657,389.8411366118431,148.4640501680374
1777330446.9030972,0.06472086161375046,6.801578521728516,2.6002607345581055,-0.25010716915130615,0.9003094434738159,389.7018826652527,148.9840189950943
1777330446.903153,0.06493311375379562,6.798729419708252,2.608916759490967,-0.29705438017845154,0.8533145189285278,389.5386410857201,149.47997286844253
1777330446.9031968,0.0650114193558693,6.795324325561523,2.6170167922973633,-0.3454568684101105,0.8048546314239502,389.34354349250793,149.94407072811126
1777330446.903239,0.06537793576717377,6.791662216186523,2.626777172088623,-0.3782442808151245,0.963937520980835,389.13372000617983,150.50329949655531
1777330446.90328,0.06570930033922195,6.787835597991943,2.637331962585449,-0.3988766074180603,1.0391924381256104,388.91447085542677,151.1080446619034
1777330446.96297,0.06609136611223221,6.783838748931885,2.647716522216797,-0.40882474184036255,1.0287768840789795,388.6854681910515,151.70303631362916
1777330446.963058,0.06663146615028381,6.780020236968994,2.6582798957824707,-0.39163511991500854,1.0465173721313477,388.4666834933281,152.3082732527733
1777330446.963103,0.06745048612356186,6.773253917694092,2.6658949851989746,-0.3605755567550659,1.077565312385559,388.0790018174171,152.7445858929634
1777330446.963145,0.06785935908555984,6.7701616287231445,2.6762256622314453,-0.33764004707336426,1.0043209791183472,387.9018266469955,153.33649029808043
1777330446.963186,0.0684022456407547,6.767333507537842,2.6868200302124023,-0.3170998692512512,1.0250818729400635,387.73978718118667,153.94350308704375
1777330446.964015,0.06889767944812775,6.764517307281494,2.696467876434326,-0.29543939232826233,0.9504979848861694,387.57843073453904,154.49628415460586
1777330447.022922,0.06925586611032486,6.761595249176025,2.7050514221191406,-0.29109686613082886,0.8596935868263245,387.4110090777397,154.98808527145385
1777330447.023009,0.06975064426660538,6.758487224578857,2.714406967163086,-0.3038392961025238,0.9421126842498779,387.2329323220253,155.52411870918274
1777330447.0230541,0.0700850710272789,6.755199909210205,2.723583698272705,-0.3227481544017792,0.9232515096664429,387.04458295812606,156.04990685949326
1777330447.023096,0.07059508562088013,6.751756191253662,2.7326040267944336,-0.3413454592227936,0.9048722982406616,386.8472723828316,156.5667337984085
1777330447.023969,0.07091250270605087,6.748386383056641,2.7436156272888184,-0.3446449935436249,1.0931363105773926,386.65419652633665,157.19765225801467
1777330447.02402,0.07122938334941864,6.745016574859619,2.754626989364624,-0.3511061370372772,1.0869029760360718,386.46112066984176,157.82855705723762
1777330447.0803251,0.0715457946062088,6.741646766662598,2.765639066696167,-0.35425683856010437,1.0837879180908203,386.2680448133469,158.45950283761024
1777330447.080426,0.07174186408519745,6.738544940948486,2.7759599685668945,-0.34325727820396423,0.9989818334579468,386.0903232275963,159.05084716701506
1777330447.08047,0.0718657448887825,6.7352495193481445,2.787046432495117,-0.3323250412940979,1.1032078266143799,385.9015094106674,159.68605498695374
1777330447.137602,0.07190094143152237,6.731968402862549,2.797187566757202,-0.33401939272880554,1.010390281677246,385.71351521673205,160.2670993874073
1777330447.137693,0.07200931012630463,6.728591442108154,2.806274652481079,-0.3407060205936432,0.9052937030792236,385.5200295487404,160.78775123362541
1777330447.137737,0.0720292404294014,6.7252278327941895,2.8153748512268066,-0.3391580879688263,0.9033709764480591,385.3273088622093,161.30915440092087
1777330447.137789,0.07213116437196732,6.721599578857422,2.825169563293457,-0.3510853052139282,0.9948115348815918,385.1194251502991,161.87035026454924
1777330447.1378329,0.07214687764644623,6.717696666717529,2.833730697631836,-0.37830841541290283,0.8677536249160767,384.8958046769142,162.36086730537414
1777330447.138672,0.07206644117832184,6.713975429534912,2.8434319496154785,-0.3956851363182068,0.9407170414924622,384.6825934155464,162.91670829877853
1777330447.197432,0.0719863697886467,6.710254192352295,2.8540923595428467,-0.38789865374565125,1.05629563331604,384.4693821541786,163.52750501389502
1777330447.197515,0.0719953328371048,6.706520080566406,2.8647398948669434,-0.38103216886520386,1.0567011833190918,384.2554332321167,164.1375640683174
1777330447.19756,0.07189977169036865,6.703004360198975,2.8765642642974854,-0.3629416823387146,1.170607328414917,384.0539972210884,164.81505077433587
1777330447.197602,0.07185336947441101,6.6996989250183105,2.8876404762268066,-0.3438223898410797,1.0939828157424927,383.86460966806413,165.44967119779588
1777330447.198441,0.07167457789182663,6.696579933166504,2.8989028930664062,-0.3273211419582367,1.110424280166626,383.6859045347214,166.0949603805542
1777330447.198493,0.07167018204927444,6.693589687347412,2.9093353748321533,-0.30906763672828674,1.0329031944274902,383.51457600831986,166.6926977693081
1777330447.2575161,0.0716114416718483,6.690741062164307,2.9199094772338867,-0.29841408133506775,1.0435230731964111,383.3513617495537,167.29854942569733
1777330447.2576041,0.07153907418251038,6.687809944152832,2.928483486175537,-0.30331912636756897,0.84679114818573,383.1834209981918,167.78980412721634
1777330447.2576482,0.07167792320251465,6.68471622467041,2.9378535747528076,-0.31446170806884766,0.9315764904022217,383.0061638654709,168.32667084832192
1777330447.258479,0.07190455496311188,6.681610584259033,2.9472122192382812,-0.32245567440986633,0.923785924911499,382.8282237135887,168.86288187103273
1777330447.258531,0.07204167544841766,6.678516864776611,2.9575412273406982,-0.3205571174621582,1.021246075630188,382.65096658086776,169.45469065346717
1777330447.258582,0.07219068706035614,6.675505638122559,2.9679527282714844,-0.3113262355327606,1.030510425567627,382.4784359407425,170.0512259284973
1777330447.3175309,0.07239052653312683,6.6727728843688965,2.978642463684082,-0.29835739731788635,1.0437573194503784,382.3218606282234,170.66370287075043
1777330447.317614,0.07256927341222763,6.670126438140869,2.99037766456604,-0.27832329273223877,1.1596256494522095,382.1702303744316,171.33608059344292
1777330447.318439,0.07274748384952545,6.667479991912842,3.0011541843414307,-0.27374914288520813,1.068245530128479,382.0186001206398,171.95352991518973
1777330447.31849,0.07311520725488663,6.664757251739502,3.0118539333343506,-0.2856573164463043,1.0565245151519775,381.86259854421616,172.56658059353828
1777330447.318531,0.07347840070724487,6.6617817878723145,3.022300958633423,-0.30692800879478455,1.0352537631988525,381.6921169615745,173.16515126566887
1777330447.318572,0.0739261731505394,6.658543109893799,3.0334439277648926,-0.33236226439476013,1.1057305335998535,381.5065543158531,173.80359659643173
1777330447.3779168,0.074510358273983,6.65494966506958,3.043273448944092,-0.37042930722236633,0.971699595451355,381.30066501989364,174.3667868760109
1777330447.378787,0.07488922029733658,6.651097297668457,3.0528438091278076,-0.39872485399246216,0.9431454539299011,381.07994054775236,174.91512831902503
1777330447.378842,0.07532660663127899,6.6469831466674805,3.062152624130249,-0.4262167811393738,0.9158784747123718,380.8442169748306,175.44848432164193
1777330447.378886,0.07582952827215195,6.642693042755127,3.0722436904907227,-0.4384247660636902,0.9992609620094299,380.5984120390892,176.02666004161836
1777330447.3789282,0.076173335313797,6.63847541809082,3.0824074745178223,-0.4394771158695221,0.9984121322631836,380.356759859848,176.60900217847825
1777330447.437938,0.07659758627414703,6.63427734375,3.0954675674438477,-0.42980989813804626,1.2955753803253174,380.11622783203126,177.3572906507492
1777330447.438848,0.07716473191976547,6.63034725189209,3.106877565383911,-0.40975090861320496,1.1242196559906006,379.8910500749588,178.0110356107235
1777330447.4389062,0.07744577527046204,6.626674175262451,3.117586135864258,-0.38004347681999207,1.0579774379730225,379.68059821100235,178.62459172325134
1777330447.438951,0.07772932946681976,6.62325382232666,3.1295058727264404,-0.35470908880233765,1.1787631511688232,379.4846263532639,179.3075425825596
1777330447.438994,0.07809378951787949,6.619853496551514,3.139528274536133,-0.3439047038555145,0.9980660676956177,379.28980196771624,179.88178411216737
1777330447.439035,0.07834859937429428,6.616437911987305,3.1495354175567627,-0.35213378071784973,0.990038275718689,379.09410331764224,180.45515137724877
1777330447.498713,0.07855039089918137,6.612856388092041,3.159376859664917,-0.36321723461151123,0.9786769151687622,378.888897040844,181.01902467598916
1777330447.498797,0.07883136719465256,6.609182834625244,3.16912579536438,-0.38747093081474304,0.954710841178894,378.6784178561211,181.57759774603844
1777330447.498843,0.07902948558330536,6.605237007141113,3.1795618534088135,-0.39994537830352783,1.0378836393356323,378.4523385137558,182.17554004054068
1777330447.4988852,0.07921173423528671,6.601489543914795,3.189236879348755,-0.395590603351593,0.9461551308631897,378.2376246102333,182.72987839179038
1777330447.4989262,0.07932240515947342,6.597805500030518,3.2018518447875977,-0.38245242834091187,1.2469596862792969,378.0265443686485,183.45266292858125
1777330447.499765,0.07930919528007507,6.594306468963623,3.2127342224121094,-0.3523978888988495,1.0856350660324097,377.82606458444593,184.07617746047973
1777330447.499914,0.07936181128025055,6.591166973114014,3.2239763736724854,-0.32300078868865967,1.1151279211044312,377.6461846581459,184.720305510664
1777330447.556145,0.0793175920844078,6.588350296020508,3.2345826625823975,-0.2964579463005066,1.0458385944366455,377.48480089073183,185.32800131878852
1777330447.556231,0.07927439361810684,6.585643291473389,3.245297908782959,-0.27747878432273865,1.0645785331726074,377.329700899601,185.94193992204666
1777330447.556276,0.07932091504335403,6.58292818069458,3.2560060024261475,-0.2763265073299408,1.0659267902374268,377.17413645544053,186.55546871380807
1777330447.557183,0.07936766743659973,6.580212593078613,3.265754222869873,-0.28287044167518616,0.9632923603057861,377.01854469051364,187.11400080270766
1777330447.5572338,0.07929956912994385,6.57725715637207,3.2752625942230225,-0.3067203164100647,0.939473569393158,376.84921058006285,187.65879054608345
1777330447.6157281,0.07928147912025452,6.5739288330078125,3.284398078918457,-0.3413318991661072,0.9047996401786804,376.658511630249,188.18221545009612
1777330447.615813,0.07928001135587692,6.570258617401123,3.295109748840332,-0.3733210563659668,1.0644001960754395,376.44822369089127,188.79594914760588
1777330447.6159081,0.07928727567195892,6.566417694091797,3.305650234222412,-0.3970338702201843,1.0381290912628174,376.22815491714476,189.39987468996048
1777330447.616738,0.07912389934062958,6.56256628036499,3.3171393871307373,-0.3993440568447113,1.1375174522399902,376.0074850865364,190.0581548971653
1777330447.616787,0.07904242724180222,6.5588788986206055,3.327833414077759,-0.3856227397918701,1.0523024797439575,375.7962135995865,190.67087772631646
1777330447.616829,0.07896096259355545,6.555298805236816,3.3395934104919434,-0.3613472282886505,1.1697527170181274,375.5910892850876,191.34467612886428
1777330447.676285,0.07884787023067474,6.552149295806885,3.350825786590576,-0.3360048532485962,1.1042721271514893,375.4106356226921,191.98824410333634
1777330447.676373,0.0786527469754219,6.549089431762695,3.3611884117126465,-0.3065948188304901,1.0356875658035278,375.23531826438904,192.58197899980544
1777330447.677224,0.07853104919195175,6.546364784240723,3.370927572250366,-0.2862194776535034,0.9553811550140381,375.0792074048996,193.13999199414252
1777330447.677276,0.0783047154545784,6.543735980987549,3.3798041343688965,-0.2722228169441223,0.8826444745063782,374.9285880194664,193.64858172197341
1777330447.6773179,0.07818233221769333,6.5411176681518555,3.3896498680114746,-0.2748350203037262,0.9715696573257446,374.7785696908951,194.21270090761183
1777330447.677359,0.07807596772909164,6.538305282592773,3.3983426094055176,-0.2894241213798523,0.8610311150550842,374.617431810379,194.71075847997665
1777330447.733713,0.07790277153253555,6.5352396965026855,3.407740831375122,-0.30738571286201477,0.938652515411377,374.44178660287855,195.24923712630272
1777330447.734588,0.07783348113298416,6.532079219818115,3.4180033206939697,-0.3284135162830353,1.013815999031067,374.26070456285476,195.83723466181755
1777330447.734647,0.07786642014980316,6.525514602661133,3.424861431121826,-0.3405933380126953,1.001276969909668,373.88457957115173,196.23017558526993
1777330447.7346911,0.07787126302719116,6.522287368774414,3.436974287033081,-0.3439895212650299,1.1900577545166016,373.69967262382505,196.92419135499
1777330447.734733,0.0780591070652008,6.519235134124756,3.4473447799682617,-0.33287543058395386,1.0091960430145264,373.5247923977852,197.51837704410553
1777330447.734775,0.07804685086011887,6.516350746154785,3.45788311958313,-0.3166479766368866,1.0251551866531372,373.35952908153536,198.1221796430111
1777330447.793152,0.07820349931716919,6.513730049133301,3.469644069671631,-0.2955562472343445,1.1421411037445068,373.20937414913175,198.79603268709184
1777330447.793227,0.07835400849580765,6.511026859283447,3.480363368988037,-0.27563953399658203,1.0661733150482178,373.05449272413256,199.41020351686478
1777330447.79327,0.07859188318252563,6.508421421051025,3.4892632961273193,-0.2699283957481384,0.8805506825447083,372.9052120562553,199.92013196225167
1777330447.79331,0.07881857454776764,6.505650043487549,3.498955726623535,-0.2719845175743103,0.9741782546043396,372.7464237616539,200.47546752147676
1777330447.793351,0.07913501560688019,6.502872943878174,3.5096018314361572,-0.2817930281162262,1.060158371925354,372.58730761785506,201.08544461359978
1777330447.7941031,0.0794728472828865,6.499835968017578,3.519028425216675,-0.29208457469940186,0.9539297819137573,372.41330165634156,201.62554884552955
1777330447.853387,0.07989553362131119,6.49655818939209,3.5291736125946045,-0.3131329119205475,1.0291637182235718,372.2254987077713,202.20682547249794
1777330447.853478,0.08022823929786682,6.493437767028809,3.5404345989227295,-0.32815682888031006,1.1098402738571167,372.04671161212923,202.85203269295693
1777330447.853523,0.08074913918972015,6.489983081817627,3.551361560821533,-0.3367384672164917,1.1012104749679565,371.8487726592064,203.4781017165184
1777330447.8887858,0.08116750419139862,6.486621379852295,3.563339948654175,-0.3455507457256317,1.1883430480957031,371.6561612557411,204.16441303009987
1777330447.889656,0.08168067038059235,6.483337879180908,3.575397253036499,-0.35306277871131897,1.1805577278137207,371.4680304579735,204.85524593052864
1777330447.889708,0.08219828456640244,6.480137825012207,3.5856196880340576,-0.34232938289642334,0.999785304069519,371.2846807943344,205.44094852166177
1777330447.889751,0.08261346817016602,6.477030277252197,3.596893548965454,-0.3269004225730896,1.111168622970581,371.1066313593864,206.08689340281487
1777330447.889809,0.08310678601264954,6.474008083343506,3.6072938442230225,-0.31849098205566406,1.0237243175506592,370.93347234163286,206.68278663983344
1777330447.8898492,0.0836043655872345,6.470913410186768,3.615704298019409,-0.31457799673080444,0.835819661617279,370.75616056737897,207.16467031846045
1777330447.949585,0.08401624858379364,6.467722415924072,3.625936269760132,-0.32668209075927734,1.0154802799224854,370.5733299983025,207.75091932492256
1777330447.949671,0.08454197645187378,6.464349269866943,3.635985851287842,-0.3422572612762451,0.9997135400772095,370.38006289644244,208.32671813821793
1777330447.9497159,0.0849623903632164,6.460986137390137,3.646045684814453,-0.3541935086250305,0.987834632396698,370.1873695306778,208.90310434799196
1777330447.949758,0.08530928939580917,6.457437992095947,3.65687894821167,-0.3618029057979584,1.0760862827301025,369.98407570753096,209.52380484094618
1777330447.949813,0.08563706278800964,6.4539947509765625,3.668776035308838,-0.3614066541194916,1.1725494861602783,369.78679245300293,210.20545796384812
1777330448.0098119,0.0859818309545517,6.450363636016846,3.6795260906219482,-0.37000781297683716,1.0680372714996338,369.578744816494,210.82139098305703
1777330448.0099058,0.08622610569000244,6.44682502746582,3.692286729812622,-0.37121737003326416,1.2584222555160522,369.37599740867614,211.55252201399804
1777330448.010069,0.08648470789194107,6.443279266357422,3.70312237739563,-0.36881181597709656,1.0689336061477661,369.1728401893616,212.17335911078453
1777330448.0101209,0.08673302829265594,6.439823150634766,3.7130889892578125,-0.3625049591064453,0.9792982339859009,368.9748192741394,212.74440411071777
1777330448.010165,0.08680960536003113,6.436357498168945,3.723046064376831,-0.3635523319244385,0.9786868095397949,368.77625194358825,213.31490269532205
1777330448.010997,0.08688666671514511,6.432891845703125,3.7330033779144287,-0.3602335751056671,0.9816606044769287,368.5776846130371,213.88541494030952
1777330448.011225,0.08703833818435669,6.429610252380371,3.7431445121765137,-0.36064600944519043,0.9814925193786621,368.3896630983353,214.4664593407631
1777330448.011272,0.08712033927440643,6.426310062408447,3.7532668113708496,-0.3546147048473358,0.9872317314147949,368.2005760737419,215.04642457094192
1777330448.011314,0.08737477660179138,6.4230194091796875,3.7653164863586426,-0.35018467903137207,1.183809757232666,368.01203546447755,215.7368203391075
1777330448.098906,0.08727604895830154,6.419882297515869,3.7765610218048096,-0.33628830313682556,1.1015528440475464,367.83229214200975,216.381084993124
1777330448.099798,0.08724978566169739,6.41684627532959,3.7879066467285156,-0.32181891798973083,1.1158784627914429,367.6583408220291,217.0311416496277
1777330448.099853,0.08704163134098053,6.413890361785889,3.7993319034576416,-0.3140156865119934,1.1237778663635254,367.4889793908119,217.68576087412833
1777330448.099895,0.08701710402965546,6.4109368324279785,3.810760021209717,-0.30987218022346497,1.1280767917633057,367.31975456342695,218.3405440232277
1777330448.099937,0.08681996166706085,6.407973766326904,3.822178602218628,-0.3199920654296875,1.1181366443634033,367.14998332071303,218.99478075699807
1777330448.099977,0.08654872328042984,6.4048285484313965,3.8314971923828125,-0.32429999113082886,0.9218315482139587,366.9697755452156,219.52869683532714
1777330448.15945,0.08635963499546051,6.401693344116211,3.841784715652466,-0.3373788893222809,1.0045583248138428,366.7901415058136,220.11812871108054
1777330448.159541,0.08609645813703537,6.398375988006592,3.8518900871276855,-0.33962225914001465,1.0026168823242188,366.6000709336281,220.69712405405045
1777330448.159588,0.08592428267002106,6.3949785232543945,3.860956907272339,-0.3496159613132477,0.893890380859375,366.40541047267914,221.21661476769447
1777330448.159783,0.08574283123016357,6.39158821105957,3.8709890842437744,-0.3563065230846405,0.9883965253829956,366.2111598232269,221.79141637301444
1777330448.159831,0.08548780530691147,6.388181686401367,3.8819639682769775,-0.3567633628845215,1.0809462070465088,366.01598026771546,222.42023113360406
1777330448.16067,0.08532322943210602,6.384694576263428,3.8928585052490234,-0.3578128218650818,1.0766937732696533,365.8161835026741,223.044442345047
1777330448.1607559,0.08514974266290665,6.381297588348389,3.9038429260253906,-0.35675886273384094,1.0840835571289062,365.62155036249163,223.67380352096558
1777330448.216762,0.0851406529545784,6.377999305725098,3.9139676094055176,-0.34918102622032166,0.9929813146591187,365.43257262096404,224.25390535497667
1777330448.216845,0.08513909578323364,6.374693870544434,3.9269609451293945,-0.3445862829685211,1.2848427295684814,365.24318506793975,224.99836891994477
1777330448.216888,0.08503943681716919,6.371395111083984,3.9370851516723633,-0.3507601022720337,0.9916036128997803,365.0541800056458,225.5784434331894
1777330448.217692,0.0850457176566124,6.367834568023682,3.9469470977783203,-0.36319541931152344,0.978919267654419,364.8501758425713,226.14349152488708
1777330448.2177432,0.08505989611148834,6.364100933074951,3.956636428833008,-0.38734835386276245,0.9547805190086365,364.63625424127576,226.69864949913025
1777330448.276285,0.08508089184761047,6.3602776527404785,3.966235876083374,-0.40267759561538696,0.9394274353981018,364.4171963358879,227.2486575088978
1777330448.276383,0.08518599718809128,6.356296062469482,3.9766359329223633,-0.4188518822193146,1.019025206565857,364.18906793603895,227.84453708553315
1777330448.276428,0.08538945019245148,6.352142810821533,3.9859049320220947,-0.42502549290657043,0.9170653820037842,363.9511040602684,228.37561180415153
1777330448.2772322,0.08532024174928665,6.348235607147217,3.9982972145080566,-0.4042413830757141,1.2255849838256836,363.7272376999855,229.0856375430107
1777330448.277299,0.0853409394621849,6.344329357147217,4.008771896362305,-0.40424299240112305,1.0333709716796875,363.5034259812355,229.68579281959535
1777330448.2773418,0.08542115986347198,6.3408660888671875,4.01969051361084,-0.35091161727905273,1.0870014429092407,363.3049952545166,230.31138372974397
1777330448.33372,0.08531228452920914,6.33773946762085,4.030945777893066,-0.32801803946495056,1.1096793413162231,363.12585298891065,230.95626310100556
1777330448.333806,0.08537419885396957,6.334704875946045,4.042292594909668,-0.3091977834701538,1.1287152767181396,362.9519836312294,231.60638805942534
1777330448.334626,0.08542555570602417,6.331925392150879,4.051977157592773,-0.2973913550376892,0.9485844969749451,362.7927308835983,232.16127282600402
1777330448.33468,0.08547284454107285,6.329153537750244,4.061668872833252,-0.2926604151725769,0.9534400105476379,362.63391526823045,232.71656740407943
1777330448.334722,0.08543805778026581,6.326206207275391,4.070226669311523,-0.2939470112323761,0.8564745187759399,362.46504561080934,233.2068931995392
1777330448.393458,0.08549097180366516,6.3233442306518555,4.07982873916626,-0.30612727999687195,0.9400978088378906,362.3010663705826,233.75705147352218
1777330448.3935418,0.0855543240904808,6.320226192474365,4.089174747467041,-0.3202151954174042,0.9258468151092529,362.12241587877276,234.2925384959221
1777330448.394339,0.0854501724243164,6.317010402679443,4.098423004150391,-0.3230208456516266,0.9231657981872559,361.93816462984086,234.82242476119995
1777330448.394389,0.08541278541088104,6.314070224761963,4.108905792236328,-0.3150092363357544,1.026894450187683,361.7697047839165,235.42304449081422
1777330448.394432,0.08546605706214905,6.311132907867432,4.119390964508057,-0.3029945194721222,1.039110541343689,361.6014088625908,236.02380082426072
1777330448.394473,0.0854233130812645,6.308358192443848,4.130039215087891,-0.2876227796077728,1.054549217224121,361.4424293226242,236.63390085983275
1777330448.450811,0.08554373681545258,6.305772304534912,4.140875816345215,-0.2657114267349243,1.0761252641677856,361.29426880617143,237.25479259815216
1777330448.451679,0.085480235517025,6.303433418273926,4.1510009765625,-0.24788857996463776,0.9981111288070679,361.1602604467392,237.8349217529297
1777330448.4517329,0.08550706505775452,6.301097393035889,4.160170555114746,-0.24143417179584503,0.9086998105049133,361.02641601190567,238.36030009174348
1777330448.451777,0.08544383198022842,6.2987589836120605,4.170295715332031,-0.24062545597553253,1.005731463432312,360.8924349732399,238.940429246521
1777330448.451818,0.08546733856201172,6.296341896057129,4.178424835205078,-0.24798062443733215,0.8063188791275024,360.75394600811006,239.40619367294312
1777330448.451859,0.08550305664539337,6.2938337326049805,4.187421798706055,-0.25979477167129517,0.8906028866767883,360.61023877658846,239.92168189430237
1777330448.510688,0.08541523665189743,6.288381576538086,4.193475246429443,-0.27672016620635986,0.8737589120864868,360.29785313301085,240.2685190243721
1777330448.510774,0.08548041433095932,6.28526496887207,4.201863765716553,-0.2930869162082672,0.8571381568908691,360.1192846035004,240.74914594774245
1777330448.510819,0.08552994579076767,6.282321453094482,4.21042537689209,-0.3096390664577484,0.8405286073684692,359.95063351221086,241.2396903093338
1777330448.5108612,0.08550048619508743,6.27928352355957,4.219851493835449,-0.31855422258377075,0.9276635050773621,359.77657290916443,241.77976722049712
1777330448.5109031,0.08545989543199539,6.276515960693359,4.230506896972656,-0.3099220097064972,1.032350778579712,359.6180031806946,242.3902770675659
1777330448.5117261,0.08557858318090439,6.274004936218262,4.240459442138672,-0.288728803396225,0.9573020935058594,359.47413202457426,242.9605161048889
1777330448.5684679,0.08550568670034409,6.2719292640686035,4.250847816467285,-0.2587478756904602,0.9873836636543274,359.3552047282219,243.55572632274627
1777330448.5685608,0.08550269901752472,6.270112991333008,4.261495590209961,-0.21900655329227448,1.0273981094360352,359.25113992881774,244.1657990375519
1777330448.568606,0.08549079298973083,6.268643379211426,4.270572185516357,-0.1849101185798645,0.8687742352485657,359.166937326622,244.6858498269081
1777330448.5686479,0.0854584276676178,6.267428398132324,4.279903888702393,-0.15299129486083984,0.9022574424743652,359.09732401371,245.22051722631454
1777330448.5694442,0.08550789952278137,6.266391277313232,4.289412975311279,-0.12662096321582794,0.9278416037559509,359.0379013466835,245.76534795084
1777330448.569498,0.08555420488119125,6.265443801879883,4.29805326461792,-0.10671129077672958,0.8520411849021912,358.98361498374936,246.26040023889541
1777330448.625547,0.08559548109769821,6.2645792961120605,4.305817604064941,-0.09707896411418915,0.7656233906745911,358.9340824341774,246.70526427898406
1777330448.625639,0.08563365042209625,6.263804912567139,4.314631462097168,-0.08835206925868988,0.8703285455703735,358.8897135094643,247.2102613260269
1777330448.625685,0.08558483421802521,6.262935638427734,4.322390556335449,-0.08261863887310028,0.7794134616851807,358.83990775222776,247.65482483768463
1777330448.626507,0.0855485200881958,6.261984825134277,4.331027507781982,-0.08698386698961258,0.8721283078193665,358.7854301439285,248.1496858803749
1777330448.62656,0.0855981782078743,6.2609477043151855,4.339578151702881,-0.09380748122930527,0.8647414445877075,358.726007476902,248.63960186433792
1777330448.626602,0.08557131141424179,6.259649753570557,4.347867965698242,-0.10899366438388824,0.8474157452583313,358.6516403506279,249.11457338905333
1777330448.6848068,0.08563753962516785,6.258266448974609,4.357030868530273,-0.12772515416145325,0.9290714263916016,358.57238280715944,249.63956923713684
1777330448.684893,0.08554457128047943,6.256619453430176,4.365930557250977,-0.17321012914180756,0.8810535669326782,358.4780168798447,250.1494840221405
1777330448.6856792,0.08554565161466599,6.2547125816345215,4.375528812408447,-0.19103507697582245,0.9567634463310242,358.3687611348152,250.6994237299919
1777330448.6857312,0.08563113957643509,6.252892971038818,4.384255409240723,-0.199679896235466,0.8571695685386658,358.26450509004593,251.1994210767746
1777330448.685772,0.08573050796985626,6.250818252563477,4.392727375030518,-0.21395426988601685,0.8404147028923035,358.14563243522645,251.68482913427354
1777330448.685905,0.08574223518371582,6.248648166656494,4.40206241607666,-0.22249966859817505,0.9245432019233704,358.0212956271172,252.2196877790451
1777330448.744918,0.08584973961114883,6.246400356292725,4.410361289978027,-0.23341330885887146,0.8223516941070557,357.8925055340767,252.69517839832307
1777330448.74578,0.08604004234075546,6.244155406951904,4.4186625480651855,-0.23659557104110718,0.8177327513694763,357.7638793656349,253.17080562143326
1777330448.745833,0.08623645454645157,6.241827487945557,4.425922393798828,-0.2407936304807663,0.7178630232810974,357.630499383831,253.5867642906189
1777330448.745875,0.08635030686855316,6.239497184753418,4.434138298034668,-0.24168573319911957,0.8126306533813477,357.4969827981949,254.05750109653474
1777330448.745916,0.08637429773807526,6.237161159515381,4.441390037536621,-0.24512965977191925,0.7133832573890686,357.3631383633614,254.47299531269073
1777330448.7459571,0.08639655262231827,6.234915256500244,4.449690818786621,-0.23758988082408905,0.816990077495575,357.2344575533867,254.9485952150345
1777330448.8028731,0.08640618622303009,6.232834815979004,4.458156585693359,-0.21758362650871277,0.8366800546646118,357.1152570493698,255.43364810256958
1777330448.802958,0.08650244772434235,6.230940818786621,4.466809272766113,-0.19922031462192535,0.8552372455596924,357.00673896503446,255.92941073055266
1777330448.8030038,0.08649556338787079,6.229206085205078,4.475620746612549,-0.1818583458662033,0.8725225329399109,356.9073460166931,256.43427117376325
1777330448.803047,0.0865689143538475,6.227740287780762,4.484701156616211,-0.1654123216867447,0.8891940116882324,356.823361980629,256.9545405292511
1777330448.803089,0.08664238452911377,6.226274490356445,4.493782043457031,-0.153115376830101,0.9014381170272827,356.7393779445648,257.47483720550537
1777330448.8038988,0.08661755919456482,6.2249755859375,4.502070903778076,-0.14265397191047668,0.8158349990844727,356.6649561767578,257.9497540886879
1777330448.862272,0.08676569163799286,6.223684787750244,4.511326789855957,-0.13393241167068481,0.9205132126808167,356.59099886198044,258.48007748622894
1777330448.8623512,0.0868242084980011,6.222474575042725,4.5197038650512695,-0.1250898689031601,0.8336027264595032,356.52165875673296,258.96004871120454
1777330448.862396,0.08687428385019302,6.221437454223633,4.528254508972168,-0.11706343293190002,0.8413777351379395,356.46223608970644,259.4499646951675
1777330448.862441,0.08700588345527649,6.220492362976074,4.535938262939453,-0.10405027866363525,0.7586423754692078,356.40808633060453,259.89021152572633
1777330448.863245,0.08704770356416702,6.219627857208252,4.543702602386475,-0.09286284446716309,0.7698706984519958,356.3585537810326,260.335075565815
1777330448.863294,0.08699828386306763,6.218847274780273,4.55155086517334,-0.08659017831087112,0.7760475277900696,356.3138296863556,260.7847480607986
1777330448.922484,0.08685890585184097,6.218148231506348,4.559480667114258,-0.07736946642398834,0.7852778434753418,356.2737774427414,261.2390924068451
1777330448.922596,0.08680841326713562,6.217545509338379,4.5665483474731445,-0.0665552169084549,0.7002959251403809,356.2392439939499,261.6440408071518
1777330448.922645,0.08674349635839462,6.217020511627197,4.57369327545166,-0.05552028492093086,0.7112158536911011,356.20916383008955,262.0534151716232
1777330448.9234948,0.08650466054677963,6.216577529907227,4.580920696258545,-0.04908796027302742,0.7177295088768005,356.18378283805845,262.46751602869034
1777330448.923546,0.08627420663833618,6.216050148010254,4.589022159576416,-0.0501655638217926,0.8125917911529541,356.1535660703659,262.9316958506584
1777330448.9800692,0.08612652122974396,6.215523719787598,4.596165657043457,-0.050992175936698914,0.7157822847366333,356.12340394420625,263.3409882528305
1777330448.980159,0.08597884327173233,6.214997291564941,4.6042680740356445,-0.05816924571990967,0.804672122001648,356.0932418180466,263.80522271633146
1777330448.980204,0.08574854582548141,6.214381694793701,4.612281799316406,-0.06272505968809128,0.8001163005828857,356.05797070856096,264.2643755172729
1777330448.981018,0.0856093019247055,6.213682651519775,4.620211601257324,-0.07245941460132599,0.7902213335037231,356.0179184649467,264.7187198633194
1777330448.981069,0.08547846972942352,6.212810516357422,4.627009391784668,-0.09110815823078156,0.6758387684822083,355.9679487831116,265.108204709816
1777330448.98111,0.08543886989355087,6.211766719818115,4.636512279510498,-0.11322223395109177,0.9411443471908569,355.90814362535474,265.6526802643776
1777330449.0393422,0.08534076064825058,6.210293769836426,4.643668174743652,-0.14568613469600677,0.7171217203140259,355.82374977779386,266.06268300647736
1777330449.03943,0.08532717823982239,6.208641529083252,4.651603698730469,-0.17465202510356903,0.7840165495872498,355.7290833220482,266.5173552017212
1777330449.040273,0.08533094823360443,6.206552982330322,4.659102439880371,-0.21110738813877106,0.747597336769104,355.60941836500166,266.94700157489774
1777330449.0403252,0.08535828441381454,6.204126834869385,4.666264057159424,-0.2482166737318039,0.7103920578956604,355.4704103053093,267.3573321661949
1777330449.040368,0.0853944793343544,6.201437473297119,4.673162460327148,-0.28167563676834106,0.6767416000366211,355.3163211825371,267.75258169441224
1777330449.0404081,0.08544718474149704,6.198402404785156,4.679715156555176,-0.3075563311576843,0.6511601209640503,355.1424245040894,268.12802366695405
1777330449.099175,0.08558250218629837,6.195367813110352,4.686268329620361,-0.3179413080215454,0.6407034397125244,354.9685551464081,268.5034929602623
1777330449.100068,0.08572577685117722,6.192250728607178,4.691780090332031,-0.3189450204372406,0.5438317060470581,354.78995929613114,268.819293699646
1777330449.100126,0.08586077392101288,6.189306259155273,4.698423385620117,-0.3066890835762024,0.6518598198890686,354.6212535633087,269.1999266178131
1777330449.1616378,0.0860772505402565,6.18654203414917,4.704288005828857,-0.2814455032348633,0.5814077854156494,354.462875080204,269.5359447243691
1777330449.161737,0.08627728372812271,6.184213638305664,4.710588455200195,-0.23961757123470306,0.6232022047042847,354.3294677776337,269.89693401145934
1777330449.161786,0.0863538309931755,6.182477951049805,4.71748161315918,-0.18747174739837646,0.6753168702125549,354.2300201877594,270.2918830112457
1777330449.1626089,0.08659380674362183,6.181194305419922,4.723868370056152,-0.130769744515419,0.6361891031265259,354.1564726844788,270.65781735706327
1777330449.162741,0.08671011030673981,6.180502891540527,4.730846881866455,-0.07136654108762741,0.6955731511116028,354.11685757312773,271.05765677404406
1777330449.162789,0.0867193266749382,6.180510520935059,4.737565994262695,-0.005451970733702183,0.6656172871589661,354.1172947053909,271.44263369407656
1777330449.162841,0.08670293539762497,6.180946350097656,4.742795467376709,0.05346273258328438,0.5326833128929138,354.14226588592527,271.74226053972245
1777330449.162886,0.08691592514514923,6.182178974151611,4.749780654907227,0.1129721850156784,0.6881422400474548,354.2128900671959,272.14248244743345
1777330449.1635818,0.08710307627916336,6.183839797973633,4.755276679992676,0.1699463427066803,0.5525458455085754,354.3080482967377,272.45738160152433
1777330449.2233222,0.08726495504379272,6.186018466949463,4.761290073394775,0.22211065888404846,0.6064621210098267,354.432876878643,272.8019237872124
1777330449.223407,0.08723707497119904,6.188625812530518,4.7667741775512695,0.26787927746772766,0.5554977655410767,354.58226682958605,273.11613992214205
1777330449.223451,0.0871008038520813,6.1916608810424805,4.772685527801514,0.3054845929145813,0.5915939807891846,354.75616350803375,273.45483546380996
1777330449.223493,0.08695565164089203,6.194868564605713,4.777810573577881,0.33040255308151245,0.5231287479400635,354.93995030393603,273.7484790616035
1777330449.224349,0.0863766297698021,6.201786518096924,4.786645889282227,0.3511615991592407,0.542868971824646,355.3363199835777,274.2547055431366
1777330449.2243998,0.08612377196550369,6.205332279205322,4.792109489440918,0.36550983786582947,0.557224452495575,355.53947720289233,274.56774688510893
1777330449.2803452,0.08588632196187973,6.20871114730835,4.79740571975708,0.3632492125034332,0.5550021529197693,355.73307215394976,274.8711986380577
1777330449.280483,0.08564986288547516,6.211911201477051,4.802523136138916,0.35092639923095703,0.5426697731018066,355.9164218175888,275.1644051035881
1777330449.2805288,0.08542271703481674,6.214847564697266,4.807377338409424,0.3299081027507782,0.5216465592384338,356.08466309738156,275.4425305060387
1777330449.281339,0.08512844890356064,6.217527866363525,4.812933921813965,0.30728864669799805,0.594916820526123,356.23823312559125,275.76089939746856
1777330449.2813902,0.08484520018100739,6.219766616821289,4.81804895401001,0.26860150694847107,0.5561865568161011,356.3665041240692,276.0539692591667
1777330449.2814322,0.0846787542104721,6.221403121948242,4.822561740875244,0.22794215381145477,0.5155296325683594,356.4602689945221,276.3125329928398
1777330449.336847,0.08452797681093216,6.222784042358398,4.827777862548828,0.17873433232307434,0.5621466636657715,356.53938993415835,276.6113948570251
1777330449.33693,0.0843212828040123,6.2234673500061035,4.832295894622803,0.13236773014068604,0.5157513618469238,356.5785405924797,276.8702591191292
1777330449.337735,0.08422431349754333,6.223543643951416,4.8371663093566895,0.07255405187606812,0.55193030834198,356.58291191511154,277.149313427639
1777330449.337784,0.08416542410850525,6.223113536834717,4.841529846191406,0.011158036068081856,0.4904743731021881,356.5582685837746,277.3993257614136
1777330449.337826,0.08421633392572403,6.222076892852783,4.847204685211182,-0.04932982102036476,0.6216604113578796,356.4988732375145,277.7244702029228
1777330449.337866,0.08420992642641068,6.220432281494141,4.851312637329102,-0.1096983402967453,0.4654693007469177,356.40464391403196,277.95983860588075
1777330449.393168,0.0842147171497345,6.2184343338012695,4.8560261726379395,-0.16870000958442688,0.5024363994598389,356.2901699026108,278.2299043822288
1777330449.394044,0.0840708538889885,6.216000556945801,4.861262321472168,-0.21499142050743103,0.5517685413360596,356.1507247106552,278.52991371860503
1777330449.3940969,0.08412522822618484,6.213055610656738,4.8650288581848145,-0.25990262627601624,0.4111211597919464,355.9819916570663,278.74572045278546
1777330449.39414,0.0841805636882782,6.210021018981934,4.869664192199707,-0.29464566707611084,0.4723396301269531,355.80812229938505,279.011305623436
1777330449.394182,0.08415418118238449,6.206806659698486,4.875079154968262,-0.31694284081459045,0.5459439754486084,355.6239530127525,279.32156024723054
1777330449.394222,0.08420897275209427,6.203772068023682,4.879714488983154,-0.3247629702091217,0.44221511483192444,355.45008365507124,279.587145417881
1777330449.452618,0.08426352590322495,6.200737476348877,4.884350299835205,-0.30698153376579285,0.45980486273765564,355.27621429738997,279.85275790929796
1777330449.452699,0.08438381552696228,6.198049068450928,4.890290260314941,-0.28162068128585815,0.5809931755065918,355.12217981615066,280.1930926969528
1777330449.4527428,0.08458495885133743,6.1956305503845215,4.894583702087402,-0.2488316297531128,0.42224955558776855,354.98360888872145,280.4390888780594
1777330449.452785,0.08476904779672623,6.193647861480713,4.900270938873291,-0.2068411260843277,0.559945285320282,354.87000914182664,280.7649436594963
1777330449.452825,0.08484654873609543,6.19200325012207,4.905337333679199,-0.16592231392860413,0.5051182508468628,354.7757798183441,281.05522680301664
1777330449.453642,0.08507844060659409,6.190892219543457,4.909978866577148,-0.1168709546327591,0.45832788944244385,354.712122432518,281.321167143631
1777330449.512379,0.08519521355628967,6.190201282501221,4.915040969848633,-0.0742124691605568,0.5010270476341248,354.67253464193345,281.6112044002533
1777330449.512463,0.08538484573364258,6.189863681793213,4.919497013092041,-0.027850700542330742,0.4514177143573761,354.65319153928755,281.86651696271895
1777330449.5125089,0.08555755764245987,6.189871311187744,4.92333984375,0.009060943499207497,0.3924732804298401,354.65362867155073,282.08669501953125
1777330449.5125508,0.08570490032434464,6.190307140350342,4.927610874176025,0.04316555708646774,0.4266258478164673,354.6785998520851,282.3314071246147
1777330449.513381,0.08593358099460602,6.191103935241699,4.931283950805664,0.07537860423326492,0.36295169591903687,354.72425285282134,282.54185898857116
1777330449.572063,0.08605547994375229,6.192148208618164,4.93520450592041,0.1011035367846489,0.3887220621109009,354.7840853313446,282.76649033031464
1777330449.572145,0.08626687526702881,6.193380832672119,4.939312934875488,0.12348466366529465,0.41109371185302734,354.8547095126152,283.001886054039
1777330449.5721889,0.08637148141860962,6.194860935211182,4.94366979598999,0.14352549612522125,0.43107688426971436,354.93951317167284,283.25151589708327
1777330449.5722299,0.08639278262853622,6.1964311599731445,4.947157382965088,0.16238029301166534,0.3540613651275635,355.0294804555893,283.45133998289106
1777330449.573046,0.08648815006017685,6.198174953460693,4.95081901550293,0.1808645874261856,0.372607946395874,355.1293924984932,283.6611361484528
1777330449.573096,0.08658178150653839,6.200098037719727,4.953700542449951,0.19276408851146698,0.2885746955871582,355.2395771495819,283.82623554010394
1777330449.631594,0.08666003495454788,6.202096939086914,4.957616806030273,0.1972873955965042,0.3891218900680542,355.354105802536,284.0506209949493
1777330449.6316822,0.08675312995910645,6.2040205001831055,4.960499286651611,0.20033356547355652,0.29620155692100525,355.4643177743912,284.2157750281334
1777330449.6317272,0.08682391047477722,6.206011772155762,4.964407920837402,0.19938986003398895,0.39112359285354614,355.5784092950821,284.4397233507156
1777330449.632552,0.08681978285312653,6.207919597625732,4.9672746658325195,0.1941983848810196,0.29006171226501465,355.68771968164447,284.6039757986069
1777330449.632604,0.08682330697774887,6.209745407104492,4.970059394836426,0.19187068939208984,0.28776025772094727,355.79233089637756,284.7635290746689
1777330449.6326458,0.08690294623374939,6.211564064025879,4.973795413970947,0.17728273570537567,0.3685956597328186,355.89653229961397,284.9775872797966
1777330449.6912131,0.08691592514514923,6.213126182556152,4.976316452026367,0.1630009561777115,0.2590515613555908,355.9860351305008,285.1220321720123
1777330449.691301,0.08693010360002518,6.214598178863525,4.979705810546875,0.14884702861309052,0.3405687212944031,356.0703743365288,285.3162281799316
1777330449.692241,0.08703567832708359,6.2158989906311035,4.9819655418396,0.1336764693260193,0.22928640246391296,356.1449053874016,285.4457012921333
1777330449.692409,0.08697585016489029,6.217108726501465,4.986051559448242,0.11513902992010117,0.4034374952316284,356.21421817188264,285.6798129398346
1777330449.6924539,0.08701593428850174,6.218061923980713,4.988922119140625,0.09265711158514023,0.2843477427959442,356.2688323840141,285.8442839538574
1777330449.6924958,0.08698183298110962,6.218753337860107,4.9915313720703125,0.07438498735427856,0.2657814025878906,356.30844749536516,285.9937831878662
1777330449.751078,0.0870390310883522,6.219361305236816,4.994056701660156,0.05466096103191376,0.2467067837715149,356.3432814725876,286.13847396698
1777330449.7519429,0.08702065795660019,6.219797134399414,4.997368812561035,0.0410681776702404,0.3286316394805908,356.36825265312194,286.3282440107346
1777330449.752105,0.08700492233037949,6.220052719116211,4.999542236328125,0.02423042431473732,0.21590177714824677,356.3828965839386,286.452772064209
1777330449.7521532,0.08700492233037949,6.220052719116211,5.002418518066406,0.009029529988765717,0.29660263657569885,356.3828965839386,286.6175709274292
1777330449.752196,0.08700492233037949,6.220052719116211,5.0052947998046875,-0.0019677330274134874,0.2855885326862335,356.3828965839386,286.7823697906494
1777330449.752237,0.08700492233037949,6.220052719116211,5.007212162017822,-0.008524724282324314,0.1832161545753479,356.3828965839386,286.89222659254074
1777330449.812107,0.08701348304748535,6.219879627227783,5.009915351867676,-0.015964621677994728,0.2716228663921356,356.37297914571764,287.04710801754
1777330449.812193,0.08702203631401062,6.219707012176514,5.0126190185546875,-0.01962893456220627,0.26797521114349365,356.3630890282631,287.20201676330566
1777330449.8122392,0.08702921867370605,6.2196245193481445,5.0154128074646,-0.016350388526916504,0.2711843252182007,356.3583625356674,287.3620891339302
1777330449.81233,0.08703771233558655,6.219451427459717,5.017157077789307,-0.011797083541750908,0.1799558401107788,356.3484450974464,287.46202849760056
1777330449.812372,0.08703771233558655,6.219451427459717,5.0190749168396,-0.004363323096185923,0.18734879791736603,356.3484450974464,287.57191262025833
1777330449.813248,0.08712048828601837,6.219452857971191,5.020993709564209,0.00892875250428915,0.20060980319976807,356.3485270597458,287.68185138444903
1777330449.8715851,0.08710343390703201,6.219798564910889,5.023257255554199,0.025380419567227364,0.21711651980876923,356.3683346154213,287.8115430627823
1777330449.87166,0.08716069906949997,6.220406532287598,5.025782585144043,0.06801780313253403,0.25976595282554626,356.40316859264374,287.95623384189605
1777330449.871704,0.08710960298776627,6.2214436531066895,5.027778625488281,0.0999315157532692,0.19580429792404175,356.46259125967026,288.0705985702515
1777330449.871745,0.08713993430137634,6.222660064697266,5.029953956604004,0.1303969770669937,0.22625303268432617,356.53228653488156,288.1952359067917
1777330449.872519,0.08714783191680908,6.224214553833008,5.031508445739746,0.16231058537960052,0.16231058537960052,356.62135223350526,288.28430160541535
1777330449.931303,0.08714956790208817,6.22613000869751,5.034382343292236,0.19433632493019104,0.2902020215988159,356.7310997523308,288.4489638648033
1777330449.931391,0.08713003247976303,6.228206157684326,5.035499572753906,0.21642695367336273,0.12057561427354813,356.8500543694496,288.51297642059325
1777330449.931436,0.08711603283882141,6.230377197265625,5.037671089172363,0.22822478413581848,0.22822478413581848,356.9744458190918,288.6373951910019
1777330449.931478,0.08717792481184006,6.232633113861084,5.039926528930664,0.223966583609581,0.223966583609581,357.1037003651619,288.76662241630555
1777330449.932439,0.08717218041419983,6.234631061553955,5.040966033935547,0.21049652993679047,0.1146380677819252,357.2181743765831,288.8261816871643
1777330449.932545,0.08717481791973114,6.236455917358398,5.04279088973999,0.18549767136573792,0.18549767136573792,357.3227309497833,288.93073826036454
1777330449.9912739,0.0871879830956459,6.238018035888672,5.044353008270264,0.16249048709869385,0.16249048709869385,357.4122337806702,289.02024109125136
1777330449.991353,0.08720234036445618,6.23940372467041,5.046697616577148,0.1443706750869751,0.24024830758571625,357.4916279279709,289.154577299881
1777330449.9913979,0.0872262716293335,6.240702152252197,5.047995567321777,0.13346663117408752,0.13346663117408752,357.56602237501147,289.22894442615507
1777330449.9922361,0.0871821790933609,6.243383884429932,5.050677299499512,0.1345655620098114,0.1345655620098114,357.71967436552046,289.3825964166641
1777330449.992487,0.0871979147195816,6.2448554039001465,5.052148818969727,0.14048753678798676,0.14048753678798676,357.80398625078203,289.4669083019257
1777330449.992533,0.0872064083814621,6.246323585510254,5.053617477416992,0.1458428055047989,0.1458428055047989,357.8881068906784,289.5510562625885
1777330450.0481658,0.08722585439682007,6.247802734375,5.055096626281738,0.15030859410762787,0.15030859410762787,357.97285590820314,289.63580528011323
1777330450.048262,0.08715178072452545,6.249268531799316,5.056562423706055,0.1526774913072586,0.1526774913072586,358.05683994426727,289.71978931617735
1777330450.0491068,0.08725912123918533,6.250569820404053,5.057863235473633,0.15021231770515442,0.15021231770515442,358.13139831590655,289.79432036705015
1777330450.105313,0.08719377964735031,6.2518630027771,5.05915641784668,0.1413847953081131,0.1413847953081131,358.20549223451616,289.8684142856598
1777330450.105393,0.08722441643476486,6.253078460693359,5.060372352600098,0.13146856427192688,0.13146856427192688,358.2751328681946,289.9380822401047
1777330450.105437,0.08716769516468048,6.2541985511779785,5.061491966247559,0.12047098577022552,0.12047098577022552,358.33930934858324,290.0022313997269
1777330450.105479,0.08728963136672974,6.255244255065918,5.062538146972656,0.11510895192623138,0.11510895192623138,358.3992237894058,290.0621731613159
1777330450.106294,0.08723309636116028,6.256364345550537,5.063657760620117,0.11182927340269089,0.11182927340269089,358.4634002697945,290.12632232093813
1777330450.106345,0.0872722864151001,6.257407188415527,5.064701080322266,0.10965526849031448,0.10965526849031448,358.5231507860184,290.1861001579285
1777330450.164737,0.08722136914730072,6.258444309234619,5.065737724304199,0.10756928473711014,0.10756928473711014,358.5825734530449,290.2454955041885
1777330450.164823,0.08717343956232071,6.259391784667969,5.066685676574707,0.10509882122278214,0.10509882122278214,358.636859815979,290.2998091878891
1777330450.1648672,0.08729851990938187,6.260347366333008,5.067641258239746,0.10012789070606232,0.10012789070606232,358.69161063194275,290.35456000385284
1777330450.224829,0.08725615590810776,6.26121187210083,5.06850528717041,0.0913936123251915,0.0913936123251915,358.74114318151476,290.4040652326584
1777330450.224917,0.08721379935741425,6.262076377868652,5.069370269775391,0.08754847198724747,0.08754847198724747,358.7906757310867,290.45362510299685
1777330450.224962,0.08727015554904938,6.262773036956787,5.070066452026367,0.08129160106182098,0.08129160106182098,358.83059137086866,290.4935134220123
1777330450.225004,0.08723096549510956,6.263547420501709,5.070840835571289,0.0764496773481369,0.0764496773481369,358.87496029558184,290.53788234672544
1777330450.225045,0.08727981895208359,6.264242649078369,5.071536064147949,0.07445887476205826,0.07445887476205826,358.91479397306443,290.5777160242081
1777330450.2258592,0.08733612298965454,6.264938831329346,5.072232246398926,0.06672612577676773,0.06672612577676773,358.95468229207995,290.61760434322355
1777330450.22591,0.08730555325746536,6.26554012298584,5.072834014892578,0.06483300775289536,0.06483300775289536,358.98913377857207,290.65208315048216
1777330450.225951,0.08727168291807175,6.266232013702393,5.073525428771973,0.05899526923894882,0.05899526923894882,359.02877621068956,290.6916982618332
1777330450.2259898,0.08724631369113922,6.266750812530518,5.074044227600098,0.055114105343818665,0.055114105343818665,359.05850120458604,290.7214232557297
1777330450.285311,0.08739724010229111,6.267187595367432,5.074481010437012,0.05184144899249077,0.05184144899249077,359.0835270266533,290.7464490777969
1777330450.28617,0.08737193793058395,6.267706394195557,5.074999809265137,0.0470968559384346,0.0470968559384346,359.1132520205498,290.77617407169345
1777330450.286224,0.08735500276088715,6.268052101135254,5.075345993041992,0.041642650961875916,0.041642650961875916,359.13305957622526,290.79600894813535
1777330450.2862668,0.08733806759119034,6.268398284912109,5.074733257293701,0.033104121685028076,-0.06320690363645554,359.1528944526672,290.76090176324846
1777330450.286308,0.0873211994767189,6.268743991851807,5.075078964233398,0.028264684602618217,0.028264684602618217,359.17270200834275,290.7807093189239
1777330450.286348,0.08730773627758026,6.2689995765686035,5.075334548950195,0.021815236657857895,0.021815236657857895,359.1873459391594,290.7953532497406
1777330450.346362,0.08738946169614792,6.269176959991455,5.075511932373047,0.020631667226552963,0.020631667226552963,359.19750926427844,290.8055165748596
1777330450.346459,0.08737755566835403,6.269440174102783,5.075775146484375,0.02508910745382309,0.02508910745382309,359.21259032735827,290.82059763793944
1777330450.346504,0.0873640924692154,6.26969575881958,5.076030731201172,0.02319146692752838,0.02319146692752838,359.2272342581749,290.8352415687561
1777330450.346546,0.08743491023778915,6.269962787628174,5.076297760009766,0.02309851534664631,0.02309851534664631,359.24253388738634,290.8505411979675
1777330450.3465862,0.08742150664329529,6.270218372344971,5.0765533447265625,0.01982744410634041,0.01982744410634041,359.257177818203,290.86518512878416
1777330450.3474188,0.08741307258605957,6.270391464233398,5.07672643661499,0.01664925552904606,0.01664925552904606,359.26709525642394,290.8751025670052
1777330450.403881,0.08740954101085663,6.270481586456299,5.076816558837891,0.012897569686174393,0.012897569686174393,359.2722588812828,290.880266191864
1777330450.403968,0.08740463107824326,6.270564079284668,5.075940132141113,0.007633386645466089,-0.08822981268167496,359.27698537387846,290.8300506231308
1777330450.404062,0.08740463107824326,6.270564079284668,5.075940132141113,0.0011888231383636594,0.0011888231383636594,359.27698537387846,290.8300506231308
1777330450.404105,0.08740463107824326,6.270564079284668,5.075940132141113,-0.00853548664599657,-0.00853548664599657,359.27698537387846,290.8300506231308
1777330450.404941,0.08740463107824326,6.270564079284668,5.075940132141113,-0.010100596584379673,-0.010100596584379673,359.27698537387846,290.8300506231308
1777330450.404989,0.08741307258605957,6.270391464233398,5.075767517089844,-0.014466332271695137,-0.014466332271695137,359.26709525642394,290.82016050567626
1777330450.460758,0.08742150664329529,6.270218372344971,5.0746355056762695,-0.016553640365600586,-0.1124073714017868,359.257177818203,290.7553010061264
1777330450.460841,0.087429940700531,6.270045280456543,5.074462413787842,-0.01953563652932644,-0.01953563652932644,359.247260379982,290.74538356790544
1777330450.460885,0.08743838220834732,6.269872665405273,5.074289798736572,-0.021719753742218018,-0.021719753742218018,359.23737026252746,290.7354934504509
1777330450.461697,0.08745183795690536,6.269617080688477,5.074034214019775,-0.025182176381349564,-0.025182176381349564,359.2227263317108,290.72084951963427
1777330450.461747,0.08746027946472168,6.269443988800049,5.073861122131348,-0.023097408935427666,-0.023097408935427666,359.21280889348986,290.71093208141326
1777330450.517432,0.0874687135219574,6.269270896911621,5.072729110717773,-0.019443675875663757,-0.11530693620443344,359.20289145526885,290.6460725818634
1777330450.517507,0.08748061954975128,6.269007682800293,5.072465896606445,-0.020918413996696472,-0.020918413996696472,359.187810392189,290.63099151878356
1777330450.51755,0.0874856486916542,6.268925189971924,5.071424961090088,-0.014470496214926243,-0.11031225323677063,359.1830838995933,290.57135028562544
1777330450.51834,0.08749408274888992,6.268752098083496,5.07125186920166,-0.01574859954416752,-0.01574859954416752,359.1731664613724,290.5614328474045
1777330450.5183911,0.08750251680612564,6.268579483032227,5.071079254150391,-0.011805024929344654,-0.011805024929344654,359.16327634391786,290.55154272995
1777330450.518432,0.08750251680612564,6.268579483032227,5.070120334625244,-0.005265580024570227,-0.10115033388137817,359.16327634391786,290.49660066862106
1777330450.574239,0.08750251680612564,6.268579483032227,5.069161415100098,-0.0021872520446777344,-0.0980505719780922,359.16327634391786,290.4416586072922
1777330450.574324,0.08750251680612564,6.268579483032227,5.069161415100098,0.0021830592304468155,0.0021830592304468155,359.16327634391786,290.4416586072922
1777330450.5751328,0.08750251680612564,6.268579483032227,5.068202972412109,0.0008023793343454599,-0.09505128860473633,359.16327634391786,290.3867438667297
1777330450.575188,0.08750251680612564,6.268579483032227,5.067244052886963,0.0018946077907457948,-0.09393996000289917,359.16327634391786,290.33180180540086
1777330450.57523,0.08750251680612564,6.268579483032227,5.066285133361816,0.00417335145175457,-0.09169463068246841,359.16327634391786,290.27685974407194
1777330450.575271,0.08750251680612564,6.268579483032227,5.066285133361816,0.0034666568972170353,0.0034666568972170353,359.16327634391786,290.27685974407194
1777330450.633482,0.08750251680612564,6.268579483032227,5.065326690673828,0.0021816615480929613,-0.09368644654750824,359.16327634391786,290.2219450035095
1777330450.6343338,0.08750251680612564,6.268579483032227,5.064367771148682,0.0020859770011156797,-0.09376290440559387,359.16327634391786,290.16700294218066
1777330450.634391,0.08750251680612564,6.268579483032227,5.063408851623535,-0.0021830592304468155,-0.09803439676761627,359.16327634391786,290.11206088085174
1777330450.634434,0.08750251680612564,6.268579483032227,5.063408851623535,-0.00525998929515481,-0.00525998929515481,359.16327634391786,290.11206088085174
1777330450.634475,0.08750251680612564,6.268579483032227,5.062450408935547,-0.00891382247209549,-0.10478899627923965,359.16327634391786,290.0571461402893
1777330450.634516,0.08750760555267334,6.268496513366699,5.061408519744873,-0.012190507724881172,-0.10803226381540298,359.15852253055573,289.9974502655983
1777330450.691388,0.08751101791858673,6.268406391143799,5.061318397521973,-0.012284803204238415,-0.012284803204238415,359.15335890569685,289.99228664073945
1777330450.691471,0.08751945197582245,6.268233299255371,5.060186386108398,-0.016650956124067307,-0.11249744892120361,359.1434414674759,289.9274271411896
1777330450.691519,0.08752788603305817,6.268060684204102,5.059055328369141,-0.02053437940776348,-0.11638092994689941,359.1335513500214,289.8626222831726
1777330450.691561,0.08754140883684158,6.267805099487305,5.058799743652344,-0.02300315909087658,-0.02300315909087658,359.11890741920473,289.84797835235594
1777330450.691602,0.08755326271057129,6.267541885375977,5.057577610015869,-0.023995332419872284,-0.11988008767366409,359.1038263561249,289.77795522794725
1777330450.692415,0.087561696767807,6.267368793487549,5.056445598602295,-0.02200809307396412,-0.11766814440488815,359.0939089179039,289.7130957283974
1777330450.750808,0.08740238845348358,6.2671051025390625,5.056181907653809,-0.024997903034090996,-0.024997903034090996,359.0788005340576,289.6979873445511
1777330450.750894,0.0874108225107193,6.266932010650635,5.055049896240234,-0.01873680390417576,-0.11459047347307205,359.0688830958366,289.63312784500124
1777330450.750939,0.08741926401853561,6.266758918762207,5.053918361663818,-0.021012529730796814,-0.11668451130390167,359.05896565761566,289.5682956662178
1777330450.750984,0.08742775768041611,6.2665863037109375,5.053745746612549,-0.016555212438106537,-0.016555212438106537,359.04907554016114,289.5584055487633
1777330450.751807,0.08742775768041611,6.2665863037109375,5.052786827087402,-0.00991466362029314,-0.1058066189289093,359.04907554016114,289.5034634874344
1777330450.751862,0.08742775768041611,6.2665863037109375,5.051828384399414,-0.006449385546147823,-0.10208319127559662,359.04907554016114,289.44854874687195
1777330450.811224,0.08742775768041611,6.2665863037109375,5.050869464874268,-0.0010908307740464807,-0.09717744588851929,359.04907554016114,289.39360668554303
1777330450.811307,0.08742775768041611,6.2665863037109375,5.049910545349121,0.007347430102527142,-0.08850391209125519,359.04907554016114,289.3386646242142
1777330450.811351,0.08741926401853561,6.266758918762207,5.049124717712402,0.010906720533967018,-0.08494456112384796,359.05896565761566,289.29364000110627
1777330450.812128,0.08740238845348358,6.2671051025390625,5.048511981964111,0.017263682559132576,-0.078592449426651,359.0788005340576,289.2585328162193
1777330450.812177,0.087561696767807,6.267368793487549,5.047816753387451,0.022811874747276306,-0.07305377721786499,359.0939089179039,289.2186991387367
1777330450.8122182,0.0875447615981102,6.267714500427246,5.04720401763916,0.0315353162586689,-0.06431841850280762,359.1137164735794,289.18359195384977
1777330450.871038,0.08752788603305817,6.268060684204102,5.046590805053711,0.03519229218363762,-0.06070918217301369,359.1335513500214,289.14845744819644
1777330450.871124,0.08750251680612564,6.268579483032227,5.045192241668701,0.03945988416671753,-0.15223553776741028,359.16327634391786,289.0683256402016
1777330450.871966,0.0874856486916542,6.268925189971924,5.04457950592041,0.042638085782527924,-0.05320367217063904,359.1830838995933,289.0332184553146
1777330450.872016,0.08746375143527985,6.269353866577148,5.044049263000488,0.0428280383348465,-0.053020842373371124,359.207645268631,289.00283776302336
1777330450.8720572,0.08744681626558304,6.269699573516846,5.042477607727051,0.04225414991378784,-0.14948441088199615,359.2274528243065,288.91278851680755
1777330450.872098,0.087429940700531,6.270045280456543,5.041864395141602,0.037088245153427124,-0.05877746641635895,359.247260379982,288.87765401115416
1777330450.931338,0.08750329911708832,6.270395755767822,5.041255950927734,0.0356149896979332,-0.06027936190366745,359.26734114332197,288.8427927131653
1777330450.9321668,0.0874948650598526,6.27056884765625,5.040470600128174,0.03144516423344612,-0.06439658999443054,359.277258581543,288.7977954108238
1777330450.9322188,0.08748642355203629,6.2707414627075195,5.039684295654297,0.023710034787654877,-0.07214842736721039,359.2871486989975,288.7527434669495
1777330450.932311,0.08747792989015579,6.270914554595947,5.038898468017578,0.01844845339655876,-0.07741965353488922,359.29706613721845,288.7077188438416
1777330450.932352,0.08747792989015579,6.270914554595947,5.03794002532959,0.011811338365077972,-0.08405664563179016,359.29706613721845,288.6528041032791
1777330450.932392,0.08747792989015579,6.270914554595947,5.036981105804443,0.002889850176870823,-0.0929710641503334,359.29706613721845,288.59786204195024
1777330450.992034,0.08748642355203629,6.2707414627075195,5.036808013916016,-0.013376951217651367,-0.013376951217651367,359.2871486989975,288.5879446037292
1777330450.992121,0.0874948650598526,6.27056884765625,5.0356764793396,-0.0221071969717741,-0.11795607954263687,359.277258581543,288.52311242494585
1777330450.9921658,0.08742150664329529,6.270218372344971,5.03532600402832,-0.028746729716658592,-0.028746729716658592,359.257177818203,288.50303166160586
1777330450.9922078,0.08743491023778915,6.269962787628174,5.035070419311523,-0.035483889281749725,-0.035483889281749725,359.24253388738634,288.48838773078916
1777330450.992249,0.08745525032281876,6.269526481628418,5.033675670623779,-0.03827595338225365,-0.13413208723068237,359.2175353860855,288.40847448892595
1777330450.993075,0.08747714757919312,6.269098281860352,5.033247470855713,-0.04738781228661537,-0.04738781228661537,359.19300133781434,288.3839404406547
1777330451.05224,0.08750251680612564,6.268579483032227,5.032728672027588,-0.04857184737920761,-0.04857184737920761,359.16327634391786,288.35421544675825
1777330451.052325,0.08752448111772537,6.268150806427002,5.032299995422363,-0.05293538421392441,-0.05293538421392441,359.1387149748802,288.32965407772065
1777330451.052368,0.0875498503446579,6.267632007598877,5.031781196594238,-0.05264844000339508,-0.05264844000339508,359.1089899809837,288.29992908382417
1777330451.0524092,0.08748511224985123,6.26710844039917,5.031257629394531,-0.049178656190633774,-0.049178656190633774,359.0789917794228,288.26993088226317
1777330451.053195,0.08742775768041611,6.2665863037109375,5.029776573181152,-0.04828508198261261,-0.1441458761692047,359.04907554016114,288.18507258167267
1777330451.1100469,0.08744463324546814,6.266240119934082,5.029430389404297,-0.04539167135953903,-0.04539167135953903,359.0292406637192,288.1652377052307
1777330451.1101282,0.08746670931577682,6.265811920166016,5.0290021896362305,-0.04401731863617897,-0.04401731863617897,359.004706615448,288.14070365695954
1777330451.1101718,0.08748693019151688,6.26537561416626,5.028565883636475,-0.041834134608507156,-0.041834134608507156,358.9797081141472,288.1157051556587
1777330451.110213,0.08750907331705093,6.264947414398193,5.028137683868408,-0.03856002539396286,-0.03856002539396286,358.955174065876,288.09117110738754
1777330451.111011,0.08751756697893143,6.264774322509766,5.027005672454834,-0.03092600591480732,-0.12676776945590973,358.94525662765506,288.02631160783767
1777330451.111061,0.08753444254398346,6.264428615570068,5.026659965515137,-0.026176415383815765,-0.026176415383815765,358.92544907197953,288.00650405216214
1777330451.166765,0.0874527096748352,6.264250755310059,5.026482105255127,-0.02091541513800621,-0.02091541513800621,358.91525842609406,287.9963134062767
1777330451.166859,0.0874612033367157,6.264077663421631,5.026309013366699,-0.0197287667542696,-0.0197287667542696,358.9053409878731,287.9863959680557
1777330451.166904,0.08746964484453201,6.263905048370361,5.025177955627441,-0.017835820093750954,-0.11362006515264511,358.89545087041853,287.9215911100388
1777330451.167691,0.08747807890176773,6.263731956481934,5.0250043869018555,-0.01299801655113697,-0.01299801655113697,358.8855334321976,287.91164635105133
1777330451.167742,0.08747807890176773,6.263731956481934,5.024045944213867,-0.008726646192371845,-0.10459236055612564,358.8855334321976,287.8567316104889
1777330451.167784,0.08747807890176773,6.263731956481934,5.024045944213867,-0.007347005419433117,-0.007347005419433117,358.8855334321976,287.8567316104889
1777330451.223309,0.08748334646224976,6.2636494636535645,5.023963451385498,-0.011712188832461834,-0.011712188832461834,358.8808069396019,287.8520051178932
1777330451.223391,0.08748334646224976,6.2636494636535645,5.023004531860352,-0.009817477315664291,-0.10568307340145111,358.8808069396019,287.79706305656435
1777330451.2242281,0.08748334646224976,6.2636494636535645,5.023004531860352,-0.010008788667619228,-0.010008788667619228,358.8808069396019,287.79706305656435
1777330451.224279,0.08748334646224976,6.2636494636535645,5.023004531860352,-0.007827126421034336,-0.007827126421034336,358.8808069396019,287.79706305656435
1777330451.2243211,0.08748334646224976,6.2636494636535645,5.022046089172363,-0.008024044334888458,-0.10388975590467453,358.8808069396019,287.7421483160019
1777330451.224362,0.08748657256364822,6.263558864593506,5.021955490112305,-0.011386584490537643,-0.011386584490537643,358.87561599397657,287.73695737037656
1777330451.28054,0.08749184012413025,6.263476371765137,5.021872520446777,-0.011097747832536697,-0.011097747832536697,358.87088950138093,287.7322035570145
1777330451.2815099,0.08750033378601074,6.263303279876709,5.021699905395508,-0.011005857959389687,-0.011005857959389687,358.8609720631599,287.7223134395599
1777330451.281566,0.08750877529382706,6.2631306648254395,5.020568370819092,-0.015462977811694145,-0.11107292026281357,358.8510819457054,287.65748126077654
1777330451.281609,0.08751194179058075,6.263040065765381,5.020477771759033,-0.01526971161365509,-0.01526971161365509,358.8458910000801,287.6522903151512
1777330451.2816498,0.08752044290304184,6.262867450714111,5.020305156707764,-0.01783410832285881,-0.01783410832285881,358.83600088262557,287.6424001976967
1777330451.2816908,0.08753420412540436,6.2626118659973145,5.020049571990967,-0.02100897952914238,-0.02100897952914238,358.8213569518089,287.62775626688006
1777330451.3382668,0.0874599814414978,6.262435436248779,5.019873142242432,-0.020626135170459747,-0.020626135170459747,358.8112482682228,287.6176475832939
1777330451.338347,0.08746841549873352,6.262262344360352,5.019700050354004,-0.0230967178940773,-0.0230967178940773,358.8013308300018,287.60773014507294
1777330451.338391,0.08748223632574081,6.262006759643555,5.019444465637207,-0.02546965330839157,-0.02546965330839157,358.78668689918516,287.5930862142563
1777330451.369774,0.08749384433031082,6.261743545532227,5.019181251525879,-0.025184758007526398,-0.025184758007526398,358.7716058361053,287.57800515117646
1777330451.369857,0.08741749823093414,6.261483192443848,5.0189208984375,-0.027177156880497932,-0.027177156880497932,358.7566886976242,287.5630880126953
1777330451.370729,0.08742599189281464,6.261310577392578,5.0187482833862305,-0.024191509932279587,-0.024191509932279587,358.7467985801697,287.55319789524077
1777330451.370909,0.08744298666715622,6.260964393615723,5.018402099609375,-0.023096531629562378,-0.023096531629562378,358.72696370372773,287.5333630187988
1777330451.3710122,0.08745148032903671,6.260791778564453,5.0182294845581055,-0.02200782671570778,-0.02200782671570778,358.7170735862732,287.5234729013443
1777330451.4302561,0.08745992183685303,6.260618686676025,5.018056392669678,-0.02290530502796173,-0.02290530502796173,358.7071561480522,287.51355546312334
1777330451.43034,0.08746841549873352,6.260445594787598,5.01788330078125,-0.020821409299969673,-0.020821409299969673,358.69723870983125,287.50363802490233
1777330451.431277,0.08748229593038559,6.260190010070801,5.017627716064453,-0.018157243728637695,-0.018157243728637695,358.6825947790146,287.4889940940857
1777330451.431361,0.08748535066843033,6.2600998878479,5.017537593841553,-0.015973273664712906,-0.015973273664712906,358.6774311541557,287.48383046922686
1777330451.431406,0.08749384433031082,6.259927272796631,5.017364978790283,-0.015365073457360268,-0.015365073457360268,358.6675410367012,287.4739403517723
1777330451.431447,0.08750233799219131,6.259754180908203,5.0171918869018555,-0.01445887703448534,-0.01445887703448534,358.6576235984802,287.46402291355133
1777330451.431489,0.08750778436660767,6.259671688079834,5.017109394073486,-0.012288385070860386,-0.012288385070860386,358.65289710588456,287.45929642095564
1777330451.491364,0.08751628547906876,6.259498596191406,5.016936302185059,-0.013285818509757519,-0.013285818509757519,358.64297966766355,287.4493789827347
1777330451.491463,0.0875193327665329,6.259408473968506,5.016846179962158,-0.011010791175067425,-0.011010791175067425,358.63781604280473,287.4442153578758
1777330451.491562,0.0875193327665329,6.259408473968506,5.016846179962158,-0.00991771463304758,-0.00991771463304758,358.63781604280473,287.4442153578758
1777330451.4916039,0.0875193327665329,6.259408473968506,5.016846179962158,-0.00862413365393877,-0.00862413365393877,358.63781604280473,287.4442153578758
1777330451.491644,0.0875193327665329,6.259408473968506,5.016846179962158,-0.007442167494446039,-0.007442167494446039,358.63781604280473,287.4442153578758
1777330451.551732,0.0875193327665329,6.259408473968506,5.016846179962158,-0.005260505713522434,-0.005260505713522434,358.63781604280473,287.4442153578758
1777330451.55182,0.0875193327665329,6.259408473968506,5.016846179962158,-0.006353612523525953,-0.006353612523525953,358.63781604280473,287.4442153578758
1777330451.5518641,0.0875193327665329,6.259408473968506,5.016846179962158,-0.003274767892435193,-0.003274767892435193,358.63781604280473,287.4442153578758
1777330451.551904,0.0875193327665329,6.259408473968506,5.016846179962158,-0.005640975199639797,-0.005640975199639797,358.63781604280473,287.4442153578758
1777330451.551945,0.0875193327665329,6.259408473968506,5.016846179962158,-0.00682976795360446,-0.00682976795360446,358.63781604280473,287.4442153578758
1777330451.6091468,0.0875193327665329,6.259408473968506,5.016846179962158,-0.0023730341345071793,-0.0023730341345071793,358.63781604280473,287.4442153578758
1777330451.640678,0.0875193327665329,6.259408473968506,5.016846179962158,-0.005363018251955509,-0.005363018251955509,358.63781604280473,287.4442153578758
1777330451.6407669,0.0875193327665329,6.259408473968506,5.016846179962158,-0.002275072271004319,-0.002275072271004319,358.63781604280473,287.4442153578758
1777330451.64081,0.0875193327665329,6.259408473968506,5.016846179962158,0.0007103614043444395,0.0007103614043444395,358.63781604280473,287.4442153578758
1777330451.640852,0.0875193327665329,6.259408473968506,5.016846179962158,0.0033772808965295553,0.0033772808965295553,358.63781604280473,287.4442153578758
1777330451.641742,0.0875193327665329,6.259408473968506,5.016846179962158,-0.0010931063443422318,-0.0010931063443422318,358.63781604280473,287.4442153578758
1777330451.642009,0.0875193327665329,6.259408473968506,5.016846179962158,-0.0009974201675504446,-0.0009974201675504446,358.63781604280473,287.4442153578758
1777330451.642111,0.0875193327665329,6.259408473968506,5.016846179962158,0.00545870466157794,0.00545870466157794,358.63781604280473,287.4442153578758
1777330451.642155,0.0875193327665329,6.259408473968506,5.016846179962158,-0.00018682138761505485,-0.00018682138761505485,358.63781604280473,287.4442153578758
1777330451.642196,0.0875193327665329,6.259408473968506,5.016846179962158,0.004554695449769497,0.004554695449769497,358.63781604280473,287.4442153578758
1777330451.698679,0.0875193327665329,6.259408473968506,5.016846179962158,0.005549840163439512,0.005549840163439512,358.63781604280473,287.4442153578758
1777330451.698758,0.0875193327665329,6.259408473968506,5.016846179962158,0.004459009505808353,0.004459009505808353,358.63781604280473,287.4442153578758
1777330451.6988,0.0875193327665329,6.259408473968506,5.016846179962158,0.005748039111495018,0.005748039111495018,358.63781604280473,287.4442153578758
1777330451.73006,0.0875193327665329,6.259408473968506,5.016846179962158,0.006456125061959028,0.006456125061959028,358.63781604280473,287.4442153578758
1777330451.730148,0.0875193327665329,6.259408473968506,5.016846179962158,0.007638091221451759,0.007638091221451759,358.63781604280473,287.4442153578758
1777330451.730997,0.0875193327665329,6.259408473968506,5.016846179962158,0.007444443181157112,0.007444443181157112,358.63781604280473,287.4442153578758
1777330451.7872589,0.0875193327665329,6.259408473968506,5.016846179962158,0.007448994088917971,0.007448994088917971,358.63781604280473,287.4442153578758
1777330451.7873468,0.0875193327665329,6.259408473968506,5.016846179962158,0.006832043640315533,0.006832043640315533,358.63781604280473,287.4442153578758
1777330451.78739,0.0875193327665329,6.259408473968506,5.016846179962158,0.007346481084823608,0.007346481084823608,358.63781604280473,287.4442153578758
1777330451.787431,0.0875193327665329,6.259408473968506,5.016846179962158,0.010013401508331299,0.010013401508331299,358.63781604280473,287.4442153578758
1777330451.788259,0.08751628547906876,6.259498596191406,5.016936302185059,0.011295603588223457,0.011295603588223457,358.64297966766355,287.4493789827347
1777330451.788308,0.08750778436660767,6.259671688079834,5.017109394073486,0.011006257496774197,0.011006257496774197,358.65289710588456,287.45929642095564
1777330451.846685,0.08750778436660767,6.259671688079834,5.017109394073486,0.009819727391004562,0.009819727391004562,358.65289710588456,287.45929642095564
1777330451.8467689,0.08750778436660767,6.259671688079834,5.017109394073486,0.007831663824617863,0.007831663824617863,358.65289710588456,287.45929642095564
1777330451.846813,0.08750233799219131,6.259754180908203,5.0171918869018555,0.011193079873919487,0.011193079873919487,358.6576235984802,287.46402291355133
1777330451.847636,0.08749929070472717,6.2598443031311035,5.017282009124756,0.010908307507634163,0.010908307507634163,358.6627872233391,287.4691865384102
1777330451.8476899,0.08749929070472717,6.2598443031311035,5.017282009124756,0.00990644283592701,0.00990644283592701,358.6627872233391,287.4691865384102
1777330451.8477309,0.08749929070472717,6.2598443031311035,5.017282009124756,0.008920209482312202,0.008920209482312202,358.6627872233391,287.4691865384102
1777330451.904032,0.08749929070472717,6.2598443031311035,5.017282009124756,0.009915376082062721,0.009915376082062721,358.6627872233391,287.4691865384102
1777330451.904114,0.08749384433031082,6.259927272796631,5.017364978790283,0.012989837676286697,0.012989837676286697,358.6675410367012,287.4739403517723
1777330451.904922,0.08749384433031082,6.259927272796631,5.017364978790283,0.009824153035879135,0.009824153035879135,358.6675410367012,287.4739403517723
1777330451.904972,0.08748535066843033,6.2600998878479,5.017537593841553,0.011994687840342522,0.011994687840342522,358.6774311541557,287.48383046922686
1777330451.905014,0.08748229593038559,6.260190010070801,5.017627716064453,0.010614730417728424,0.010614730417728424,358.6825947790146,287.4889940940857
1777330451.905063,0.08747690916061401,6.260272979736328,5.0177106857299805,0.011812243610620499,0.011812243610620499,358.68734859237674,287.4937479074478
1777330451.9604511,0.08747690916061401,6.260272979736328,5.0177106857299805,0.009913118556141853,0.009913118556141853,358.68734859237674,287.4937479074478
1777330451.961314,0.08746841549873352,6.260445594787598,5.01788330078125,0.011994754895567894,0.011994754895567894,358.69723870983125,287.50363802490233
1777330451.9613671,0.08746536076068878,6.260536193847656,5.017973899841309,0.010717042721807957,0.010717042721807957,358.70242965545657,287.50882897052765
1777330451.96141,0.08746536076068878,6.260536193847656,5.017973899841309,0.007535853423178196,0.007535853423178196,358.70242965545657,287.50882897052765
1777330451.96145,0.08745992183685303,6.260618686676025,5.018056392669678,0.012099100276827812,0.012099100276827812,358.7071561480522,287.51355546312334
1777330451.96149,0.08745148032903671,6.260791778564453,5.0182294845581055,0.011193020269274712,0.011193020269274712,358.7170735862732,287.5234729013443
1777330452.020514,0.08745148032903671,6.260791778564453,5.0182294845581055,0.009532773867249489,0.009532773867249489,358.7170735862732,287.5234729013443
1777330452.020597,0.08745148032903671,6.260791778564453,5.0182294845581055,0.00843766052275896,0.00843766052275896,358.7170735862732,287.5234729013443
1777330452.0206442,0.08745148032903671,6.260791778564453,5.0182294845581055,0.007731430232524872,0.007731430232524872,358.7170735862732,287.5234729013443
1777330452.0206861,0.08745148032903671,6.260791778564453,5.0182294845581055,0.010008706711232662,0.010008706711232662,358.7170735862732,287.5234729013443
1777330452.020777,0.08745148032903671,6.260791778564453,5.0182294845581055,0.007637957111001015,0.007637957111001015,358.7170735862732,287.5234729013443
1777330452.077184,0.08745148032903671,6.260791778564453,5.0182294845581055,0.00981533620506525,0.00981533620506525,358.7170735862732,287.5234729013443
1777330452.077266,0.08745148032903671,6.260791778564453,5.0182294845581055,0.007829186506569386,0.007829186506569386,358.7170735862732,287.5234729013443
1777330452.0773098,0.08745148032903671,6.260791778564453,5.0182294845581055,0.007829186506569386,0.007829186506569386,358.7170735862732,287.5234729013443
1777330452.07735,0.08745148032903671,6.260791778564453,5.0182294845581055,0.00584089569747448,0.00584089569747448,358.7170735862732,287.5234729013443
1777330452.077389,0.08745148032903671,6.260791778564453,5.0182294845581055,0.0045545524917542934,0.0045545524917542934,358.7170735862732,287.5234729013443
1777330452.078167,0.08745148032903671,6.260791778564453,5.0182294845581055,0.005845178384333849,0.005845178384333849,358.7170735862732,287.5234729013443
1777330452.1331022,0.08745148032903671,6.260791778564453,5.0182294845581055,0.0035679026041179895,0.0035679026041179895,358.7170735862732,287.5234729013443
1777330452.133185,0.08745148032903671,6.260791778564453,5.0182294845581055,0.004652308765798807,0.004652308765798807,358.7170735862732,287.5234729013443
1777330452.133229,0.08745148032903671,6.260791778564453,5.0182294845581055,0.0031811606604605913,0.0031811606604605913,358.7170735862732,287.5234729013443
1777330452.133271,0.08745148032903671,6.260791778564453,5.0182294845581055,0.004973938688635826,0.004973938688635826,358.7170735862732,287.5234729013443
1777330452.134063,0.08745148032903671,6.260791778564453,5.0182294845581055,0.005165168084204197,0.005165168084204197,358.7170735862732,287.5234729013443
1777330452.1341162,0.08745148032903671,6.260791778564453,5.0182294845581055,0.002081763930618763,0.002081763930618763,358.7170735862732,287.5234729013443
1777330452.188905,0.08745148032903671,6.260791778564453,5.0182294845581055,0.0019904321525245905,0.0019904321525245905,358.7170735862732,287.5234729013443
1777330452.188982,0.08745148032903671,6.260791778564453,5.0182294845581055,0.004267708398401737,0.004267708398401737,358.7170735862732,287.5234729013443
1777330452.189028,0.08745148032903671,6.260791778564453,5.0182294845581055,0.003274634014815092,0.003274634014815092,358.7170735862732,287.5234729013443
1777330452.189822,0.08745148032903671,6.260791778564453,5.0182294845581055,0.0011843040119856596,0.0011843040119856596,358.7170735862732,287.5234729013443
1777330452.189875,0.08745148032903671,6.260791778564453,5.0182294845581055,0.004363323096185923,0.004363323096185923,358.7170735862732,287.5234729013443
1777330452.189915,0.08745148032903671,6.260791778564453,5.0182294845581055,0.0011885869316756725,0.0011885869316756725,358.7170735862732,287.5234729013443
1777330452.2445161,0.08745148032903671,6.260791778564453,5.0182294845581055,-0.0012820602860301733,-0.0012820602860301733,358.7170735862732,287.5234729013443
1777330452.244596,0.08745148032903671,6.260791778564453,5.0182294845581055,-0.004359039943665266,-0.004359039943665266,358.7170735862732,287.5234729013443
1777330452.245389,0.08745148032903671,6.260791778564453,5.0182294845581055,-0.005836612544953823,-0.005836612544953823,358.7170735862732,287.5234729013443
1777330452.300034,0.08745148032903671,6.260791778564453,5.0182294845581055,-0.0050695533864200115,-0.0050695533864200115,358.7170735862732,287.5234729013443
1777330452.300116,0.08745148032903671,6.260791778564453,5.0182294845581055,-0.006353755481541157,-0.006353755481541157,358.7170735862732,287.5234729013443
1777330452.30016,0.08745148032903671,6.260791778564453,5.0182294845581055,-0.0034615802578628063,-0.0034615802578628063,358.7170735862732,287.5234729013443
1777330452.300201,0.08745148032903671,6.260791778564453,5.0182294845581055,-0.0045545524917542934,-0.0045545524917542934,358.7170735862732,287.5234729013443
1777330452.301004,0.08745148032903671,6.260791778564453,5.0182294845581055,-0.007538059260696173,-0.007538059260696173,358.7170735862732,287.5234729013443
1777330452.301055,0.08745148032903671,6.260791778564453,5.0182294845581055,-0.004458937793970108,-0.004458937793970108,358.7170735862732,287.5234729013443
1777330452.3560388,0.08745148032903671,6.260791778564453,5.0182294845581055,-0.0051694512367248535,-0.0051694512367248535,358.7170735862732,287.5234729013443
1777330452.356131,0.08745992183685303,6.260618686676025,5.018056392669678,-0.006347330752760172,-0.006347330752760172,358.7071561480522,287.51355546312334
1777330452.356174,0.08745992183685303,6.260618686676025,5.018056392669678,-0.010908307507634163,-0.010908307507634163,358.7071561480522,287.51355546312334
1777330452.356988,0.08745992183685303,6.260618686676025,5.018056392669678,-0.006640608422458172,-0.006640608422458172,358.7071561480522,287.51355546312334
1777330452.357038,0.08745992183685303,6.260618686676025,5.018056392669678,-0.009011358954012394,-0.009011358954012394,358.7071561480522,287.51355546312334
1777330452.357079,0.08746536076068878,6.260536193847656,5.017973899841309,-0.008248528465628624,-0.008248528465628624,358.70242965545657,287.50882897052765
1777330452.41363,0.08746536076068878,6.260536193847656,5.017973899841309,-0.010332364588975906,-0.010332364588975906,358.70242965545657,287.50882897052765
1777330452.413714,0.08746536076068878,6.260536193847656,5.017973899841309,-0.007733611389994621,-0.007733611389994621,358.70242965545657,287.50882897052765
1777330452.414488,0.08746841549873352,6.260445594787598,5.01788330078125,-0.008822275325655937,-0.008822275325655937,358.69723870983125,287.50363802490233
1777330452.414539,0.08746841549873352,6.260445594787598,5.01788330078125,-0.011384295299649239,-0.011384295299649239,358.69723870983125,287.50363802490233
1777330452.4145799,0.08746841549873352,6.260445594787598,5.01788330078125,-0.009910935536026955,-0.009910935536026955,358.69723870983125,287.50363802490233
1777330452.41462,0.08746841549873352,6.260445594787598,5.01788330078125,-0.008631013333797455,-0.008631013333797455,358.69723870983125,287.50363802490233
1777330452.473475,0.08747690916061401,6.260272979736328,5.0177106857299805,-0.009913110174238682,-0.009913110174238682,358.68734859237674,287.4937479074478
1777330452.474446,0.08747690916061401,6.260272979736328,5.0177106857299805,-0.011001757346093655,-0.011001757346093655,358.68734859237674,287.4937479074478
1777330452.4745102,0.08747690916061401,6.260272979736328,5.0177106857299805,-0.010808282531797886,-0.010808282531797886,358.68734859237674,287.4937479074478
1777330452.474553,0.08748535066843033,6.2600998878479,5.017537593841553,-0.007827098481357098,-0.007827098481357098,358.6774311541557,287.48383046922686
1777330452.474595,0.08749078959226608,6.260017395019531,5.017455101013184,-0.011807837523519993,-0.011807837523519993,358.67270466156003,287.47910397663117
1777330452.474636,0.08749929070472717,6.2598443031311035,5.017282009124756,-0.013176759704947472,-0.013176759704947472,358.6627872233391,287.4691865384102
1777330452.533655,0.08750233799219131,6.259754180908203,5.0171918869018555,-0.01279627438634634,-0.01279627438634634,358.6576235984802,287.46402291355133
1777330452.533741,0.08750233799219131,6.259754180908203,5.0171918869018555,-0.007537905126810074,-0.007537905126810074,358.6576235984802,287.46402291355133
1777330452.533786,0.08750778436660767,6.259671688079834,5.017109394073486,-0.012094806879758835,-0.012094806879758835,358.65289710588456,287.45929642095564
1777330452.533827,0.08751628547906876,6.259498596191406,5.016936302185059,-0.01071470882743597,-0.01071470882743597,358.64297966766355,287.4493789827347
1777330452.533868,0.08751628547906876,6.259498596191406,5.016936302185059,-0.009819744154810905,-0.009819744154810905,358.64297966766355,287.4493789827347
1777330452.5347068,0.0875193327665329,6.259408473968506,5.016846179962158,-0.010910574346780777,-0.010910574346780777,358.63781604280473,287.4442153578758
1777330452.595457,0.0875193327665329,6.259408473968506,5.016846179962158,-0.0076335398480296135,-0.0076335398480296135,358.63781604280473,287.4442153578758
1777330452.595629,0.08752477914094925,6.2593255043029785,5.016763210296631,-0.012094824574887753,-0.012094824574887753,358.6330622294426,287.4394615445137
1777330452.5956821,0.08753327280282974,6.259152889251709,5.016590595245361,-0.01109969150274992,-0.01109969150274992,358.6231721119881,287.42957142705916
1777330452.595724,0.08753327280282974,6.259152889251709,5.016590595245361,-0.00891574751585722,-0.00891574751585722,358.6231721119881,287.42957142705916
1777330452.5965781,0.08753327280282974,6.259152889251709,5.016590595245361,-0.008824647404253483,-0.008824647404253483,358.6231721119881,287.42957142705916
1777330452.596694,0.08753327280282974,6.259152889251709,5.016590595245361,-0.00892034824937582,-0.00892034824937582,358.6231721119881,287.42957142705916
1777330452.6524239,0.08753327280282974,6.259152889251709,5.016590595245361,-0.01039168331772089,-0.01039168331772089,358.6231721119881,287.42957142705916
1777330452.652506,0.08753327280282974,6.259152889251709,5.016590595245361,-0.00911175087094307,-0.00911175087094307,358.6231721119881,287.42957142705916
1777330452.652549,0.08753327280282974,6.259152889251709,5.016590595245361,-0.007831818424165249,-0.007831818424165249,358.6231721119881,287.42957142705916
1777330452.653302,0.08753327280282974,6.259152889251709,5.016590595245361,-0.007439812645316124,-0.007439812645316124,358.6231721119881,287.42957142705916
1777330452.6533551,0.08753327280282974,6.259152889251709,5.016590595245361,-0.0067386869341135025,-0.0067386869341135025,358.6231721119881,287.42957142705916
1777330452.7085052,0.08753327280282974,6.259152889251709,5.016590595245361,-0.007927519269287586,-0.007927519269287586,358.6231721119881,287.42957142705916
1777330452.708582,0.08753327280282974,6.259152889251709,5.016590595245361,-0.009819777682423592,-0.009819777682423592,358.6231721119881,287.42957142705916
1777330452.708628,0.08753327280282974,6.259152889251709,5.016590595245361,-0.007927519269287586,-0.007927519269287586,358.6231721119881,287.42957142705916
1777330452.7651782,0.08753327280282974,6.259152889251709,5.016590595245361,-0.008726646192371845,-0.008726646192371845,358.6231721119881,287.42957142705916
1777330452.765263,0.08753327280282974,6.259152889251709,5.016590595245361,-0.005645555444061756,-0.005645555444061756,358.6231721119881,287.42957142705916
1777330452.765307,0.08753327280282974,6.259152889251709,5.016590595245361,-0.007731516379863024,-0.007731516379863024,358.6231721119881,287.42957142705916
1777330452.7653491,0.08753327280282974,6.259152889251709,5.016590595245361,-0.0020859604701399803,-0.0020859604701399803,358.6231721119881,287.42957142705916
1777330452.765391,0.08753327280282974,6.259152889251709,5.016590595245361,-0.0007057265611365438,-0.0007057265611365438,358.6231721119881,287.42957142705916
1777330452.766186,0.08753327280282974,6.259152889251709,5.016590595245361,-0.0009951298125088215,-0.0009951298125088215,358.6231721119881,287.42957142705916
1777330452.766237,0.08753327280282974,6.259152889251709,5.016590595245361,-0.0008971284842118621,-0.0008971284842118621,358.6231721119881,287.42957142705916
1777330452.7662778,0.08753327280282974,6.259152889251709,5.016590595245361,-0.0020905612036585808,-0.0020905612036585808,358.6231721119881,287.42957142705916
1777330452.766318,0.08753327280282974,6.259152889251709,5.016590595245361,-0.0020882608368992805,-0.0020882608368992805,358.6231721119881,287.42957142705916
1777330452.821954,0.08753327280282974,6.259152889251709,5.016590595245361,-0.00208135973662138,-0.00208135973662138,358.6231721119881,287.42957142705916
1777330452.822814,0.08753327280282974,6.259152889251709,5.016590595245361,-0.00019140192307531834,-0.00019140192307531834,358.6231721119881,287.42957142705916
1777330452.822869,0.08753327280282974,6.259152889251709,5.016590595245361,-0.0012799323303624988,-0.0012799323303624988,358.6231721119881,287.42957142705916
1777330452.822912,0.08753327280282974,6.259152889251709,5.016590595245361,-0.003272492438554764,-0.003272492438554764,358.6231721119881,287.42957142705916
1777330452.822953,0.08753327280282974,6.259152889251709,5.016590595245361,-2.30036835091596e-06,-2.30036835091596e-06,358.6231721119881,287.42957142705916
1777330452.822994,0.08753327280282974,6.259152889251709,5.016590595245361,-0.0010908307740464807,-0.0010908307740464807,358.6231721119881,287.42957142705916
1777330452.878866,0.08753327280282974,6.259152889251709,5.016590595245361,2.30036835091596e-06,2.30036835091596e-06,358.6231721119881,287.42957142705916
1777330452.8789551,0.08753327280282974,6.259152889251709,5.016590595245361,-0.0010908307740464807,-0.0010908307740464807,358.6231721119881,287.42957142705916
1777330452.878999,0.08753327280282974,6.259152889251709,5.016590595245361,0.0022796629928052425,0.0022796629928052425,358.6231721119881,287.42957142705916
1777330452.87904,0.08753327280282974,6.259152889251709,5.016590595245361,-0.0012753315968438983,-0.0012753315968438983,358.6231721119881,287.42957142705916
1777330452.8790798,0.08753327280282974,6.259152889251709,5.016590595245361,0.0030833908822387457,0.0030833908822387457,358.6231721119881,287.42957142705916
1777330452.879881,0.08753327280282974,6.259152889251709,5.016590595245361,0.0011911324691027403,0.0011911324691027403,358.6231721119881,287.42957142705916
1777330452.935477,0.08753327280282974,6.259152889251709,5.016590595245361,0.0021816615480929613,0.0021816615480929613,358.6231721119881,287.42957142705916
1777330452.935562,0.08753327280282974,6.259152889251709,5.016590595245361,0.0004808051744475961,0.0004808051744475961,358.6231721119881,287.42957142705916
1777330452.935606,0.08753327280282974,6.259152889251709,5.016590595245361,0.0010908307740464807,0.0010908307740464807,358.6231721119881,287.42957142705916
1777330452.935647,0.08753327280282974,6.259152889251709,5.016590595245361,0.0011842313688248396,0.0011842313688248396,358.6231721119881,287.42957142705916
1777330452.936429,0.08753327280282974,6.259152889251709,5.016590595245361,0.0013779336586594582,0.0013779336586594582,358.6231721119881,287.42957142705916
1777330452.936478,0.08753327280282974,6.259152889251709,5.016590595245361,9.570096153765917e-05,9.570096153765917e-05,358.6231721119881,287.42957142705916
1777330452.992272,0.08753327280282974,6.259152889251709,5.016590595245361,4.60073670183192e-06,4.60073670183192e-06,358.6231721119881,287.42957142705916
1777330452.992352,0.08753327280282974,6.259152889251709,5.016590595245361,0.0022796629928052425,0.0022796629928052425,358.6231721119881,287.42957142705916
1777330452.992395,0.08753327280282974,6.259152889251709,5.016590595245361,0.0021839619148522615,0.0021839619148522615,358.6231721119881,287.42957142705916
1777330452.9931788,0.08753327280282974,6.259152889251709,5.016590595245361,0.001471334253437817,0.001471334253437817,358.6231721119881,287.42957142705916
1777330452.9932292,0.08753327280282974,6.259152889251709,5.016590595245361,0.005647855810821056,0.005647855810821056,358.6231721119881,287.42957142705916
1777330452.99327,0.08753327280282974,6.259152889251709,5.016590595245361,0.004557025618851185,0.004557025618851185,358.6231721119881,287.42957142705916
1777330453.048226,0.08753327280282974,6.259152889251709,5.016590595245361,0.0014759349869564176,0.0014759349869564176,358.6231721119881,287.42957142705916
1777330453.0483022,0.08753327280282974,6.259152889251709,5.016590595245361,0.0021862622816115618,0.0021862622816115618,358.6231721119881,287.42957142705916
1777330453.049067,0.08753327280282974,6.259152889251709,5.016590595245361,0.002177060814574361,0.002177060814574361,358.6231721119881,287.42957142705916
1777330453.104588,0.08753327280282974,6.259152889251709,5.016590595245361,0.0012845330638810992,0.0012845330638810992,358.6231721119881,287.42957142705916
1777330453.104678,0.08753327280282974,6.259152889251709,5.016590595245361,0.0013779336586594582,0.0013779336586594582,358.6231721119881,287.42957142705916
1777330453.104723,0.08753327280282974,6.259152889251709,5.016590595245361,0.00445902394130826,0.00445902394130826,358.6231721119881,287.42957142705916
1777330453.104765,0.08753327280282974,6.259152889251709,5.016590595245361,0.0018991593969985843,0.0018991593969985843,358.6231721119881,287.42957142705916
1777330453.105611,0.08753327280282974,6.259152889251709,5.016590595245361,0.0020882608368992805,0.0020882608368992805,358.6231721119881,287.42957142705916
1777330453.105661,0.08753327280282974,6.259152889251709,5.016590595245361,0.0031698904931545258,0.0031698904931545258,358.6231721119881,287.42957142705916
1777330453.162081,0.08753327280282974,6.259152889251709,5.016590595245361,0.002177060814574361,0.002177060814574361,358.6231721119881,287.42957142705916
1777330453.162175,0.08753327280282974,6.259152889251709,5.016590595245361,0.005549854598939419,0.005549854598939419,358.6231721119881,287.42957142705916
1777330453.16222,0.08753327280282974,6.259152889251709,5.016590595245361,0.002179361181333661,0.002179361181333661,358.6231721119881,287.42957142705916
1777330453.220254,0.08753327280282974,6.259152889251709,5.016590595245361,0.0022796629928052425,0.0022796629928052425,358.6231721119881,287.42957142705916
1777330453.22034,0.08753327280282974,6.259152889251709,5.016590595245361,0.0020905612036585808,0.0020905612036585808,358.6231721119881,287.42957142705916
1777330453.220385,0.08753327280282974,6.259152889251709,5.016590595245361,0.0023730634711682796,0.0023730634711682796,358.6231721119881,287.42957142705916
1777330453.220427,0.08753327280282974,6.259152889251709,5.016590595245361,0.0007103272946551442,0.0007103272946551442,358.6231721119881,287.42957142705916
1777330453.220469,0.08753327280282974,6.259152889251709,5.016590595245361,0.0030833908822387457,0.0030833908822387457,358.6231721119881,287.42957142705916
1777330453.221311,0.08753327280282974,6.259152889251709,5.016590595245361,0.0012799323303624988,0.0012799323303624988,358.6231721119881,287.42957142705916
1777330453.221361,0.08753327280282974,6.259152889251709,5.016590595245361,0.00010260206909151748,0.00010260206909151748,358.6231721119881,287.42957142705916
1777330453.2214022,0.08753327280282974,6.259152889251709,5.016590595245361,0.0026647672057151794,0.0026647672057151794,358.6231721119881,287.42957142705916
1777330453.279309,0.08753327280282974,6.259152889251709,5.016590595245361,-0.0018945586634799838,-0.0018945586634799838,358.6231721119881,287.42957142705916
1777330453.27941,0.08753327280282974,6.259152889251709,5.016590595245361,0.0009951298125088215,0.0009951298125088215,358.6231721119881,287.42957142705916
1777330453.280308,0.08753327280282974,6.259152889251709,5.016590595245361,-0.0011911324691027403,-0.0011911324691027403,358.6231721119881,287.42957142705916
1777330453.280363,0.08753327280282974,6.259152889251709,5.016590595245361,-0.0024733650498092175,-0.0024733650498092175,358.6231721119881,287.42957142705916
1777330453.280406,0.08753327280282974,6.259152889251709,5.016590595245361,-0.0010885304072871804,-0.0010885304072871804,358.6231721119881,287.42957142705916
1777330453.280446,0.08753327280282974,6.259152889251709,5.016590595245361,-0.00237766420468688,-0.00237766420468688,358.6231721119881,287.42957142705916
1777330453.336341,0.08753327280282974,6.259152889251709,5.016590595245361,-0.0010908307740464807,-0.0010908307740464807,358.6231721119881,287.42957142705916
1777330453.337211,0.08753327280282974,6.259152889251709,5.016590595245361,-0.00010030169505625963,-0.00010030169505625963,358.6231721119881,287.42957142705916
1777330453.337269,0.08753327280282974,6.259152889251709,5.016590595245361,-0.0018922582967206836,-0.0018922582967206836,358.6231721119881,287.42957142705916
1777330453.337313,0.08753327280282974,6.259152889251709,5.016590595245361,-0.0030833908822387457,-0.0030833908822387457,358.6231721119881,287.42957142705916
1777330453.337354,0.08753327280282974,6.259152889251709,5.016590595245361,-0.003557295072823763,-0.003557295072823763,358.6231721119881,287.42957142705916
1777330453.337394,0.08753327280282974,6.259152889251709,5.016590595245361,-0.0025621650274842978,-0.0025621650274842978,358.6231721119881,287.42957142705916
1777330453.393484,0.08753327280282974,6.259152889251709,5.016590595245361,-0.003172190859913826,-0.003172190859913826,358.6231721119881,287.42957142705916
1777330453.393578,0.08753327280282974,6.259152889251709,5.016590595245361,-0.0035641961731016636,-0.0035641961731016636,358.6231721119881,287.42957142705916
1777330453.393622,0.08753327280282974,6.259152889251709,5.016590595245361,-0.0030810905154794455,-0.0030810905154794455,358.6231721119881,287.42957142705916
1777330453.393664,0.08753327280282974,6.259152889251709,5.016590595245361,-0.0035618958063423634,-0.0035618958063423634,358.6231721119881,287.42957142705916
1777330453.393704,0.08753327280282974,6.259152889251709,5.016590595245361,-0.003559595439583063,-0.003559595439583063,358.6231721119881,287.42957142705916
1777330453.394507,0.08753327280282974,6.259152889251709,5.016590595245361,-0.001573936315253377,-0.001573936315253377,358.6231721119881,287.42957142705916
1777330453.450377,0.08753327280282974,6.259152889251709,5.016590595245361,-0.006834388244897127,-0.006834388244897127,358.6231721119881,287.42957142705916
1777330453.450464,0.08753327280282974,6.259152889251709,5.016590595245361,-0.0032701920717954636,-0.0032701920717954636,358.6231721119881,287.42957142705916
1777330453.450509,0.08753327280282974,6.259152889251709,5.016590595245361,-0.0018991593969985843,-0.0018991593969985843,358.6231721119881,287.42957142705916
1777330453.450551,0.08753327280282974,6.259152889251709,5.016590595245361,-0.004361022729426622,-0.004361022729426622,358.6231721119881,287.42957142705916
1777330453.4514072,0.08753327280282974,6.259152889251709,5.016590595245361,-0.00445902394130826,-0.00445902394130826,358.6231721119881,287.42957142705916
1777330453.451458,0.08753327280282974,6.259152889251709,5.016590595245361,-0.0032701920717954636,-0.0032701920717954636,358.6231721119881,287.42957142705916
1777330453.506916,0.08753327280282974,6.259152889251709,5.016590595245361,-0.004367923829704523,-0.004367923829704523,358.6231721119881,287.42957142705916
1777330453.506997,0.08753327280282974,6.259152889251709,5.016590595245361,-0.0057389563880860806,-0.0057389563880860806,358.6231721119881,287.42957142705916
1777330453.50704,0.08753327280282974,6.259152889251709,5.016590595245361,-0.0021839619148522615,-0.0021839619148522615,358.6231721119881,287.42957142705916
1777330453.507839,0.08753327280282974,6.259152889251709,5.016590595245361,-0.0042699226178228855,-0.0042699226178228855,358.6231721119881,287.42957142705916
1777330453.507888,0.08753327280282974,6.259152889251709,5.016590595245361,-0.004554725252091885,-0.004554725252091885,358.6231721119881,287.42957142705916
1777330453.5630422,0.08753327280282974,6.259152889251709,5.016590595245361,-0.006736386567354202,-0.006736386567354202,358.6231721119881,287.42957142705916
1777330453.563135,0.08753327280282974,6.259152889251709,5.016590595245361,-0.004552424885332584,-0.004552424885332584,358.6231721119881,287.42957142705916
1777330453.563179,0.08753327280282974,6.259152889251709,5.016590595245361,-0.005267352797091007,-0.005267352797091007,358.6231721119881,287.42957142705916
1777330453.5640562,0.08753327280282974,6.259152889251709,5.016590595245361,-0.003272492438554764,-0.003272492438554764,358.6231721119881,287.42957142705916
1777330453.564107,0.08753327280282974,6.259152889251709,5.016590595245361,-0.00208135973662138,-0.00208135973662138,358.6231721119881,287.42957142705916
1777330453.564148,0.08753327280282974,6.259152889251709,5.016590595245361,-0.0032701920717954636,-0.0032701920717954636,358.6231721119881,287.42957142705916
1777330453.619615,0.08753327280282974,6.259152889251709,5.016590595245361,-0.005262752063572407,-0.005262752063572407,358.6231721119881,287.42957142705916
1777330453.619699,0.08753327280282974,6.259152889251709,5.016590595245361,-0.0020882608368992805,-0.0020882608368992805,358.6231721119881,287.42957142705916
1777330453.6205719,0.08753327280282974,6.259152889251709,5.016590595245361,-0.005545253865420818,-0.005545253865420818,358.6231721119881,287.42957142705916
1777330453.620749,0.08753327280282974,6.259152889251709,5.016590595245361,-0.0009951298125088215,-0.0009951298125088215,358.6231721119881,287.42957142705916
1777330453.620801,0.08753327280282974,6.259152889251709,5.016590595245361,-0.004361022729426622,-0.004361022729426622,358.6231721119881,287.42957142705916
1777330453.6764631,0.08753327280282974,6.259152889251709,5.016590595245361,-0.0012868334306403995,-0.0012868334306403995,358.6231721119881,287.42957142705916
1777330453.67655,0.08753327280282974,6.259152889251709,5.016590595245361,-0.004358722362667322,-0.004358722362667322,358.6231721119881,287.42957142705916
1777330453.677373,0.08753327280282974,6.259152889251709,5.016590595245361,-0.005356152541935444,-0.005356152541935444,358.6231721119881,287.42957142705916
1777330453.6774242,0.08753327280282974,6.259152889251709,5.016590595245361,-0.0034569932613521814,-0.0034569932613521814,358.6231721119881,287.42957142705916
1777330453.73312,0.08753327280282974,6.259152889251709,5.016590595245361,-0.0021816615480929613,-0.0021816615480929613,358.6231721119881,287.42957142705916
1777330453.733212,0.08753327280282974,6.259152889251709,5.016590595245361,-0.005552154965698719,-0.005552154965698719,358.6231721119881,287.42957142705916
1777330453.733257,0.08753327280282974,6.259152889251709,5.016590595245361,-0.0022796629928052425,-0.0022796629928052425,358.6231721119881,287.42957142705916
1777330453.7340832,0.08753327280282974,6.259152889251709,5.016590595245361,-0.0010931311408057809,-0.0010931311408057809,358.6231721119881,287.42957142705916
1777330453.734136,0.08753327280282974,6.259152889251709,5.016590595245361,-0.002272761892527342,-0.002272761892527342,358.6231721119881,287.42957142705916
1777330453.734177,0.08753327280282974,6.259152889251709,5.016590595245361,-0.0019879592582583427,-0.0019879592582583427,358.6231721119881,287.42957142705916
1777330453.7896059,0.08753327280282974,6.259152889251709,5.016590595245361,0.0021839619148522615,0.0021839619148522615,358.6231721119881,287.42957142705916
1777330453.789696,0.08753327280282974,6.259152889251709,5.016590595245361,-0.00208135973662138,-0.00208135973662138,358.6231721119881,287.42957142705916
1777330453.790498,0.08753327280282974,6.259152889251709,5.016590595245361,0.003274792805314064,0.003274792805314064,358.6231721119881,287.42957142705916
1777330453.790551,0.08753327280282974,6.259152889251709,5.016590595245361,-9.80013282969594e-05,-9.80013282969594e-05,358.6231721119881,287.42957142705916
1777330453.790596,0.08753327280282974,6.259152889251709,5.016590595245361,0.00038050347939133644,0.00038050347939133644,358.6231721119881,287.42957142705916
1777330453.790637,0.08753327280282974,6.259152889251709,5.016590595245361,0.0010862300405278802,0.0010862300405278802,358.6231721119881,287.42957142705916
1777330453.846755,0.08753327280282974,6.259152889251709,5.016590595245361,-0.0011865317355841398,-0.0011865317355841398,358.6231721119881,287.42957142705916
1777330453.847639,0.08753327280282974,6.259152889251709,5.016590595245361,-0.00028250215109437704,-0.00028250215109437704,358.6231721119881,287.42957142705916
1777330453.847693,0.08753327280282974,6.259152889251709,5.016590595245361,-0.001282232697121799,-0.001282232697121799,358.6231721119881,287.42957142705916
1777330453.8477361,0.08753327280282974,6.259152889251709,5.016590595245361,0.003272492438554764,0.003272492438554764,358.6231721119881,287.42957142705916
1777330453.8477771,0.08753327280282974,6.259152889251709,5.016590595245361,0.00019140192307531834,0.00019140192307531834,358.6231721119881,287.42957142705916
1777330453.847818,0.08753327280282974,6.259152889251709,5.016590595245361,0.003085691248998046,0.003085691248998046,358.6231721119881,287.42957142705916
1777330453.904245,0.08753327280282974,6.259152889251709,5.016590595245361,0.00208366010338068,0.00208366010338068,358.6231721119881,287.42957142705916
1777330453.904335,0.08753327280282974,6.259152889251709,5.016590595245361,0.0008971284842118621,0.0008971284842118621,358.6231721119881,287.42957142705916
1777330453.904379,0.08753327280282974,6.259152889251709,5.016590595245361,0.0031767915934324265,0.0031767915934324265,358.6231721119881,287.42957142705916
1777330453.9044201,0.08753327280282974,6.259152889251709,5.016590595245361,0.00019830302335321903,0.00019830302335321903,358.6231721119881,287.42957142705916
1777330453.9044611,0.08753327280282974,6.259152889251709,5.016590595245361,0.0022819633595645428,0.0022819633595645428,358.6231721119881,287.42957142705916
1777330453.905282,0.08753327280282974,6.259152889251709,5.016590595245361,4.60073670183192e-06,4.60073670183192e-06,358.6231721119881,287.42957142705916
1777330453.9614332,0.08753327280282974,6.259152889251709,5.016590595245361,-0.0009974301792681217,-0.0009974301792681217,358.6231721119881,287.42957142705916
1777330453.961505,0.08753327280282974,6.259152889251709,5.016590595245361,0.002179361181333661,0.002179361181333661,358.6231721119881,287.42957142705916
1777330453.961549,0.08753327280282974,6.259152889251709,5.016590595245361,0.0033635925501585007,0.0033635925501585007,358.6231721119881,287.42957142705916
1777330453.961591,0.08753327280282974,6.259152889251709,5.016590595245361,-0.0001822004560381174,-0.0001822004560381174,358.6231721119881,287.42957142705916
1777330453.9624388,0.08753327280282974,6.259152889251709,5.016590595245361,-0.0010885304072871804,-0.0010885304072871804,358.6231721119881,287.42957142705916
1777330453.96249,0.08753327280282974,6.259152889251709,5.016590595245361,0.00208366010338068,0.00208366010338068,358.6231721119881,287.42957142705916
1777330454.018249,0.08753327280282974,6.259152889251709,5.016590595245361,-2.30036835091596e-06,-2.30036835091596e-06,358.6231721119881,287.42957142705916
1777330454.0183191,0.08753327280282974,6.259152889251709,5.016590595245361,0.00019830302335321903,0.00019830302335321903,358.6231721119881,287.42957142705916
1777330454.018362,0.08753327280282974,6.259152889251709,5.016590595245361,0.0022773626260459423,0.0022773626260459423,358.6231721119881,287.42957142705916
1777330454.0191748,0.08753327280282974,6.259152889251709,5.016590595245361,0.001698556006886065,0.001698556006886065,358.6231721119881,287.42957142705916
1777330454.019226,0.08753327280282974,6.259152889251709,5.016590595245361,0.0007126276614144444,0.0007126276614144444,358.6231721119881,287.42957142705916
1777330454.019268,0.08753327280282974,6.259152889251709,5.016590595245361,0.00416962057352066,0.00416962057352066,358.6231721119881,287.42957142705916
1777330454.078985,0.08753327280282974,6.259152889251709,5.016590595245361,-0.0011865317355841398,-0.0011865317355841398,358.6231721119881,287.42957142705916
1777330454.079087,0.08753327280282974,6.259152889251709,5.016590595245361,0.0010931311408057809,0.0010931311408057809,358.6231721119881,287.42957142705916
1777330454.079958,0.08753327280282974,6.259152889251709,5.016590595245361,0.0020859604701399803,0.0020859604701399803,358.6231721119881,287.42957142705916
1777330454.0800588,0.08753327280282974,6.259152889251709,5.016590595245361,0.0017054571071639657,0.0017054571071639657,358.6231721119881,287.42957142705916
1777330454.080103,0.08753327280282974,6.259152889251709,5.016590595245361,0.0032678917050361633,0.0032678917050361633,358.6231721119881,287.42957142705916
1777330454.080145,0.08753327280282974,6.259152889251709,5.016590595245361,0.002468764316290617,0.002468764316290617,358.6231721119881,287.42957142705916
1777330454.137603,0.08753327280282974,6.259152889251709,5.016590595245361,0.0020905612036585808,0.0020905612036585808,358.6231721119881,287.42957142705916
1777330454.138488,0.08753327280282974,6.259152889251709,5.016590595245361,0.0019948603585362434,0.0019948603585362434,358.6231721119881,287.42957142705916
1777330454.1385422,0.08753327280282974,6.259152889251709,5.016590595245361,0.000990529078990221,0.000990529078990221,358.6231721119881,287.42957142705916
1777330454.138586,0.08753327280282974,6.259152889251709,5.016590595245361,0.0009040295844897628,0.0009040295844897628,358.6231721119881,287.42957142705916
1777330454.138627,0.08753327280282974,6.259152889251709,5.016590595245361,0.0009017292177304626,0.0009017292177304626,358.6231721119881,287.42957142705916
1777330454.138667,0.08753327280282974,6.259152889251709,5.016590595245361,0.0011934328358620405,0.0011934328358620405,358.6231721119881,287.42957142705916
1777330454.194411,0.08753327280282974,6.259152889251709,5.016590595245361,0.0031767915934324265,0.0031767915934324265,358.6231721119881,287.42957142705916
1777330454.194544,0.08753327280282974,6.259152889251709,5.016590595245361,2.30036835091596e-06,2.30036835091596e-06,358.6231721119881,287.42957142705916
1777330454.1945899,0.08753327280282974,6.259152889251709,5.016590595245361,0.0008994288509711623,0.0008994288509711623,358.6231721119881,287.42957142705916
1777330454.194632,0.08753327280282974,6.259152889251709,5.016590595245361,0.0019879592582583427,0.0019879592582583427,358.6231721119881,287.42957142705916
1777330454.194672,0.08753327280282974,6.259152889251709,5.016590595245361,0.0030810905154794455,0.0030810905154794455,358.6231721119881,287.42957142705916
1777330454.2507899,0.08753327280282974,6.259152889251709,5.016590595245361,0.0032678917050361633,0.0032678917050361633,358.6231721119881,287.42957142705916
1777330454.251051,0.08753327280282974,6.259152889251709,5.016590595245361,-0.0008994288509711623,-0.0008994288509711623,358.6231721119881,287.42957142705916
1777330454.251169,0.08753327280282974,6.259152889251709,5.016590595245361,0.000708026927895844,0.000708026927895844,358.6231721119881,287.42957142705916
1777330454.2512152,0.08753327280282974,6.259152889251709,5.016590595245361,-0.0054541537538170815,-0.0054541537538170815,358.6231721119881,287.42957142705916
1777330454.2512572,0.08753327280282974,6.259152889251709,5.016590595245361,-0.0022796629928052425,-0.0022796629928052425,358.6231721119881,287.42957142705916
1777330454.252057,0.08753327280282974,6.259152889251709,5.016590595245361,-0.0028850878588855267,-0.0028850878588855267,358.6231721119881,287.42957142705916
1777330454.307699,0.08753327280282974,6.259152889251709,5.016590595245361,-0.001282232697121799,-0.001282232697121799,358.6231721119881,287.42957142705916
1777330454.307782,0.08753327280282974,6.259152889251709,5.016590595245361,-0.0010931311408057809,-0.0010931311408057809,358.6231721119881,287.42957142705916
1777330454.307827,0.08753327280282974,6.259152889251709,5.016590595245361,-0.001896859030239284,-0.001896859030239284,358.6231721119881,287.42957142705916
1777330454.3395462,0.08753327280282974,6.259152889251709,5.016590595245361,-0.0011842313688248396,-0.0011842313688248396,358.6231721119881,287.42957142705916
1777330454.340437,0.08753327280282974,6.259152889251709,5.016590595245361,0.00019140192307531834,0.00019140192307531834,358.6231721119881,287.42957142705916
1777330454.34049,0.08753327280282974,6.259152889251709,5.016590595245361,-0.0021839619148522615,-0.0021839619148522615,358.6231721119881,287.42957142705916
1777330454.395985,0.08753327280282974,6.259152889251709,5.016590595245361,-2.30036835091596e-06,-2.30036835091596e-06,358.6231721119881,287.42957142705916
1777330454.3960729,0.08753327280282974,6.259152889251709,5.016590595245361,-0.000999730546027422,-0.000999730546027422,358.6231721119881,287.42957142705916
1777330454.396117,0.08753327280282974,6.259152889251709,5.016590595245361,-0.0012799323303624988,-0.0012799323303624988,358.6231721119881,287.42957142705916
1777330454.39699,0.08753327280282974,6.259152889251709,5.016590595245361,2.30036835091596e-06,2.30036835091596e-06,358.6231721119881,287.42957142705916
1777330454.3970408,0.08753327280282974,6.259152889251709,5.016590595245361,-0.0009974301792681217,-0.0009974301792681217,358.6231721119881,287.42957142705916
1777330454.397082,0.08753327280282974,6.259152889251709,5.016590595245361,-0.0031790919601917267,-0.0031790919601917267,358.6231721119881,287.42957142705916
1777330454.4535658,0.08753327280282974,6.259152889251709,5.016590595245361,0.0001960026565939188,0.0001960026565939188,358.6231721119881,287.42957142705916
1777330454.4536629,0.08753327280282974,6.259152889251709,5.016590595245361,-0.0030810905154794455,-0.0030810905154794455,358.6231721119881,287.42957142705916
1777330454.4545121,0.08753327280282974,6.259152889251709,5.016590595245361,-0.003076489781960845,-0.003076489781960845,358.6231721119881,287.42957142705916
1777330454.454571,0.08753327280282974,6.259152889251709,5.016590595245361,0.00028940325137227774,0.00028940325137227774,358.6231721119881,287.42957142705916
1777330454.454613,0.08753327280282974,6.259152889251709,5.016590595245361,-0.0009928294457495213,-0.0009928294457495213,358.6231721119881,287.42957142705916
1777330454.454658,0.08753327280282974,6.259152889251709,5.016590595245361,0.00038050347939133644,0.00038050347939133644,358.6231721119881,287.42957142705916
1777330454.511714,0.08753327280282974,6.259152889251709,5.016590595245361,-0.004550124518573284,-0.004550124518573284,358.6231721119881,287.42957142705916
1777330454.512562,0.08753327280282974,6.259152889251709,5.016590595245361,-0.00118883210234344,-0.00118883210234344,358.6231721119881,287.42957142705916
1777330454.512616,0.08753327280282974,6.259152889251709,5.016590595245361,-0.0020905612036585808,-0.0020905612036585808,358.6231721119881,287.42957142705916
1777330454.5126588,0.08753327280282974,6.259152889251709,5.016590595245361,-0.0034684950951486826,-0.0034684950951486826,358.6231721119881,287.42957142705916
1777330454.5126998,0.08753327280282974,6.259152889251709,5.016590595245361,-0.0021839619148522615,-0.0021839619148522615,358.6231721119881,287.42957142705916
1777330454.5127401,0.08753327280282974,6.259152889251709,5.016590595245361,-0.0023730634711682796,-0.0023730634711682796,358.6231721119881,287.42957142705916
1777330454.569816,0.08753327280282974,6.259152889251709,5.016590595245361,0.0010862300405278802,0.0010862300405278802,358.6231721119881,287.42957142705916
1777330454.569914,0.08753327280282974,6.259152889251709,5.016590595245361,-0.003368193283677101,-0.003368193283677101,358.6231721119881,287.42957142705916
1777330454.569961,0.08753327280282974,6.259152889251709,5.016590595245361,-0.00445902394130826,-0.00445902394130826,358.6231721119881,287.42957142705916
1777330454.570003,0.08753327280282974,6.259152889251709,5.016590595245361,-0.0022773626260459423,-0.0022773626260459423,358.6231721119881,287.42957142705916
1777330454.570045,0.08753327280282974,6.259152889251709,5.016590595245361,-0.003753297496587038,-0.003753297496587038,358.6231721119881,287.42957142705916
1777330454.570842,0.08753327280282974,6.259152889251709,5.016590595245361,-0.0042699226178228855,-0.0042699226178228855,358.6231721119881,287.42957142705916
1777330454.6276019,0.08753327280282974,6.259152889251709,5.016590595245361,-0.0010908307740464807,-0.0010908307740464807,358.6231721119881,287.42957142705916
1777330454.62769,0.08753327280282974,6.259152889251709,5.016590595245361,-0.002092861570417881,-0.002092861570417881,358.6231721119881,287.42957142705916
1777330454.627736,0.08753327280282974,6.259152889251709,5.016590595245361,-0.0011842313688248396,-0.0011842313688248396,358.6231721119881,287.42957142705916
1777330454.627777,0.08753327280282974,6.259152889251709,5.016590595245361,0.001282232697121799,0.001282232697121799,358.6231721119881,287.42957142705916
1777330454.62859,0.08753327280282974,6.259152889251709,5.016590595245361,-0.002887388225644827,-0.002887388225644827,358.6231721119881,287.42957142705916
1777330454.62864,0.08753327280282974,6.259152889251709,5.016590595245361,-0.002887388225644827,-0.002887388225644827,358.6231721119881,287.42957142705916
1777330454.684939,0.08753327280282974,6.259152889251709,5.016590595245361,-0.0005189253715798259,-0.0005189253715798259,358.6231721119881,287.42957142705916
1777330454.685028,0.08753327280282974,6.259152889251709,5.016590595245361,-0.0031744912266731262,-0.0031744912266731262,358.6231721119881,287.42957142705916
1777330454.685073,0.08753327280282974,6.259152889251709,5.016590595245361,-0.000990529078990221,-0.000990529078990221,358.6231721119881,287.42957142705916
1777330454.685878,0.08753327280282974,6.259152889251709,5.016590595245361,0.0012799323303624988,0.0012799323303624988,358.6231721119881,287.42957142705916
1777330454.685929,0.08753327280282974,6.259152889251709,5.016590595245361,-0.0013733329251408577,-0.0013733329251408577,358.6231721119881,287.42957142705916
1777330454.6859698,0.08753327280282974,6.259152889251709,5.016590595245361,-0.0021816615480929613,-0.0021816615480929613,358.6231721119881,287.42957142705916
1777330454.742365,0.08753327280282974,6.259152889251709,5.016590595245361,-0.0020882608368992805,-0.0020882608368992805,358.6231721119881,287.42957142705916
1777330454.742495,0.08753327280282974,6.259152889251709,5.016590595245361,-0.00208366010338068,-0.00208366010338068,358.6231721119881,287.42957142705916
1777330454.7433002,0.08753327280282974,6.259152889251709,5.016590595245361,-0.001375633291900158,-0.001375633291900158,358.6231721119881,287.42957142705916
1777330454.7433531,0.08753327280282974,6.259152889251709,5.016590595245361,0.0009017292177304626,0.0009017292177304626,358.6231721119881,287.42957142705916
1777330454.743396,0.08753327280282974,6.259152889251709,5.016590595245361,-9.340059477835894e-05,-9.340059477835894e-05,358.6231721119881,287.42957142705916
1777330454.7989519,0.08753327280282974,6.259152889251709,5.016590595245361,0.00237536383792758,0.00237536383792758,358.6231721119881,287.42957142705916
1777330454.7990432,0.08753327280282974,6.259152889251709,5.016590595245361,-9.11002280190587e-05,-9.11002280190587e-05,358.6231721119881,287.42957142705916
1777330454.7998579,0.08753327280282974,6.259152889251709,5.016590595245361,0.002468764316290617,0.002468764316290617,358.6231721119881,287.42957142705916
1777330454.799911,0.08753327280282974,6.259152889251709,5.016590595245361,0.0009882287122309208,0.0009882287122309208,358.6231721119881,287.42957142705916
1777330454.799953,0.08753327280282974,6.259152889251709,5.016590595245361,-0.00118883210234344,-0.00118883210234344,358.6231721119881,287.42957142705916
1777330454.7999942,0.08753327280282974,6.259152889251709,5.016590595245361,0.0009974301792681217,0.0009974301792681217,358.6231721119881,287.42957142705916
1777330454.855124,0.08753327280282974,6.259152889251709,5.016590595245361,0.00118883210234344,0.00118883210234344,358.6231721119881,287.42957142705916
1777330454.855977,0.08753327280282974,6.259152889251709,5.016590595245361,0.00019370228983461857,0.00019370228983461857,358.6231721119881,287.42957142705916
1777330454.856032,0.08753327280282974,6.259152889251709,5.016590595245361,0.0011865317355841398,0.0011865317355841398,358.6231721119881,287.42957142705916
1777330454.856075,0.08753327280282974,6.259152889251709,5.016590595245361,0.0008014275226742029,0.0008014275226742029,358.6231721119881,287.42957142705916
1777330454.856116,0.08753327280282974,6.259152889251709,5.016590595245361,0.0010954315075650811,0.0010954315075650811,358.6231721119881,287.42957142705916
1777330454.8561568,0.08753327280282974,6.259152889251709,5.016590595245361,0.00047160370741039515,0.00047160370741039515,358.6231721119881,287.42957142705916
1777330454.911892,0.08753327280282974,6.259152889251709,5.016590595245361,-0.0008994288509711623,-0.0008994288509711623,358.6231721119881,287.42957142705916
1777330454.9119759,0.08753327280282974,6.259152889251709,5.016590595245361,-0.0010885304072871804,-0.0010885304072871804,358.6231721119881,287.42957142705916
1777330454.912021,0.08753327280282974,6.259152889251709,5.016590595245361,2.30036835091596e-06,2.30036835091596e-06,358.6231721119881,287.42957142705916
1777330454.9120681,0.08753327280282974,6.259152889251709,5.016590595245361,0.0015716359484940767,0.0015716359484940767,358.6231721119881,287.42957142705916
1777330454.9121091,0.08753327280282974,6.259152889251709,5.016590595245361,0.0012799323303624988,0.0012799323303624988,358.6231721119881,287.42957142705916
1777330454.912918,0.08753327280282974,6.259152889251709,5.016590595245361,0.001896859030239284,0.001896859030239284,358.6231721119881,287.42957142705916
1777330454.968307,0.08753327280282974,6.259152889251709,5.016590595245361,0.002275062259286642,0.002275062259286642,358.6231721119881,287.42957142705916
1777330454.968389,0.08753327280282974,6.259152889251709,5.016590595245361,8.879985398380086e-05,8.879985398380086e-05,358.6231721119881,287.42957142705916
1777330454.968438,0.08753327280282974,6.259152889251709,5.016590595245361,-0.0008060282561928034,-0.0008060282561928034,358.6231721119881,287.42957142705916
1777330455.000266,0.08753327280282974,6.259152889251709,5.016590595245361,0.0010885304072871804,0.0010885304072871804,358.6231721119881,287.42957142705916
1777330455.001195,0.08753327280282974,6.259152889251709,5.016590595245361,0.0014736346201971173,0.0014736346201971173,358.6231721119881,287.42957142705916
1777330455.0015109,0.08753327280282974,6.259152889251709,5.016590595245361,0.0001891015563160181,0.0001891015563160181,358.6231721119881,287.42957142705916
1777330455.001559,0.08753327280282974,6.259152889251709,5.016590595245361,0.0033635925501585007,0.0033635925501585007,358.6231721119881,287.42957142705916
1777330455.001601,0.08753327280282974,6.259152889251709,5.016590595245361,0.003559595439583063,0.003559595439583063,358.6231721119881,287.42957142705916
1777330455.001641,0.08753327280282974,6.259152889251709,5.016590595245361,-0.0011842313688248396,-0.0011842313688248396,358.6231721119881,287.42957142705916
1777330455.058225,0.08753327280282974,6.259152889251709,5.016590595245361,0.0022796629928052425,0.0022796629928052425,358.6231721119881,287.42957142705916
1777330455.058319,0.08753327280282974,6.259152889251709,5.016590595245361,0.0011865317355841398,0.0011865317355841398,358.6231721119881,287.42957142705916
1777330455.0583649,0.08753327280282974,6.259152889251709,5.016590595245361,-0.0010908307740464807,-0.0010908307740464807,358.6231721119881,287.42957142705916
1777330455.090296,0.08753327280282974,6.259152889251709,5.016590595245361,0.0015716359484940767,0.0015716359484940767,358.6231721119881,287.42957142705916
1777330455.090392,0.08753327280282974,6.259152889251709,5.016590595245361,0.0001960026565939188,0.0001960026565939188,358.6231721119881,287.42957142705916
1777330455.091281,0.08753327280282974,6.259152889251709,5.016590595245361,-0.003076489781960845,-0.003076489781960845,358.6231721119881,287.42957142705916
1777330455.0913339,0.08753327280282974,6.259152889251709,5.016590595245361,0.0003828038461506367,0.0003828038461506367,358.6231721119881,287.42957142705916
1777330455.1479082,0.08753327280282974,6.259152889251709,5.016590595245361,0.0013825343921780586,0.0013825343921780586,358.6231721119881,287.42957142705916
1777330455.148,0.08753327280282974,6.259152889251709,5.016590595245361,0.0034661947283893824,0.0034661947283893824,358.6231721119881,287.42957142705916
1777330455.148045,0.08753327280282974,6.259152889251709,5.016590595245361,0.0007991271559149027,0.0007991271559149027,358.6231721119881,287.42957142705916
1777330455.148968,0.08753327280282974,6.259152889251709,5.016590595245361,0.0009017292177304626,0.0009017292177304626,358.6231721119881,287.42957142705916
1777330455.206604,0.08753327280282974,6.259152889251709,5.016590595245361,0.0009017292177304626,0.0009017292177304626,358.6231721119881,287.42957142705916
1777330455.20668,0.08753327280282974,6.259152889251709,5.016590595245361,0.000990529078990221,0.000990529078990221,358.6231721119881,287.42957142705916
1777330455.2067258,0.08753327280282974,6.259152889251709,5.016590595245361,0.00019140192307531834,0.00019140192307531834,358.6231721119881,287.42957142705916
1777330455.206769,0.08753327280282974,6.259152889251709,5.016590595245361,0.0008948281174525619,0.0008948281174525619,358.6231721119881,287.42957142705916
1777330455.207617,0.08753327280282974,6.259152889251709,5.016590595245361,-9.570096153765917e-05,-9.570096153765917e-05,358.6231721119881,287.42957142705916
1777330455.207671,0.08753327280282974,6.259152889251709,5.016590595245361,-9.570096153765917e-05,-9.570096153765917e-05,358.6231721119881,287.42957142705916

"--- SEND COMMAND: Mode=balance, Value=0.0 ---"
1777330455.2646139,0.08753327280282974,6.259152889251709,5.016590595245361,0.001282232697121799,0.001282232697121799,358.6231721119881,287.42957142705916
1777330455.264683,0.08753327280282974,6.259152889251709,5.016590595245361,-0.0002871028846129775,-0.0002871028846129775,358.6231721119881,287.42957142705916
1777330455.264728,0.08753327280282974,6.259152889251709,5.016590595245361,-0.001282232697121799,-0.001282232697121799,358.6231721119881,287.42957142705916
1777330455.2655559,0.08753327280282974,6.259152889251709,5.016590595245361,-2.30036835091596e-06,-2.30036835091596e-06,358.6231721119881,287.42957142705916
1777330455.26561,0.08753327280282974,6.259152889251709,5.016590595245361,0.0012868334306403995,0.0012868334306403995,358.6231721119881,287.42957142705916
1777330455.265651,0.08753327280282974,6.259152889251709,5.016590595245361,-0.0,-0.0,358.6231721119881,287.42957142705916
1777330455.321538,0.08753327280282974,6.259152889251709,5.016590595245361,0.001282232697121799,0.001282232697121799,358.6231721119881,287.42957142705916
1777330455.321624,0.08753327280282974,6.259152889251709,5.016590595245361,2.30036835091596e-06,2.30036835091596e-06,358.6231721119881,287.42957142705916
1777330455.322421,0.08753327280282974,6.259152889251709,5.016590595245361,0.0010977318743243814,0.0010977318743243814,358.6231721119881,287.42957142705916
1777330455.322473,0.08753327280282974,6.259152889251709,5.016590595245361,9.80013282969594e-05,9.80013282969594e-05,358.6231721119881,287.42957142705916
1777330455.322516,0.08753327280282974,6.259152889251709,5.016590595245361,0.0021839619148522615,0.0021839619148522615,358.6231721119881,287.42957142705916
1777330455.322557,0.08753327280282974,6.259152889251709,5.016590595245361,0.001282232697121799,0.001282232697121799,358.6231721119881,287.42957142705916
1777330455.3786292,0.08753327280282974,6.259152889251709,5.016590595245361,-0.0011911324691027403,-0.0011911324691027403,358.6231721119881,287.42957142705916
1777330455.379464,0.08753327280282974,6.259152889251709,5.016590595245361,-0.001896859030239284,-0.001896859030239284,358.6231721119881,287.42957142705916
1777330455.379518,0.08753327280282974,6.259152889251709,5.016590595245361,9.570096153765917e-05,9.570096153765917e-05,358.6231721119881,287.42957142705916
1777330455.379562,0.08753327280282974,6.259152889251709,5.016590595245361,-0.0013802340254187584,-0.0013802340254187584,358.6231721119881,287.42957142705916
1777330455.3796039,0.08753327280282974,6.259152889251709,5.016590595245361,-9.340059477835894e-05,-9.340059477835894e-05,358.6231721119881,287.42957142705916
1777330455.3796449,0.08753327280282974,6.259152889251709,5.016590595245361,-0.0011842313688248396,-0.0011842313688248396,358.6231721119881,287.42957142705916
1777330455.435334,0.08754171431064606,6.258979797363281,5.016417503356934,-0.008635546080768108,-0.008635546080768108,358.6132546737671,287.4196539888382
1777330455.435404,0.0874599814414978,6.2588019371032715,5.016239643096924,-0.01972603052854538,-0.01972603052854538,358.6030640278816,287.40946334295273
1777330455.4354491,0.08747696876525879,6.258456230163574,5.016852378845215,-0.022716207429766655,0.07315662503242493,358.58325647220613,287.4445705278397
1777330455.435492,0.087490975856781,6.258200645446777,5.016596794128418,-0.028368696570396423,-0.028368696570396423,358.5686125413895,287.429926597023
1777330455.435532,0.08750245720148087,6.257937431335449,5.01633358001709,-0.029548082500696182,-0.029548082500696182,358.55353147830965,287.41484553394315
1777330455.4363232,0.08751646429300308,6.257681846618652,5.016077995300293,-0.02846209518611431,-0.02846209518611431,358.538887547493,287.4002016031265
1777330455.4931479,0.08744224160909653,6.257505416870117,5.016860485076904,-0.023483961820602417,0.07237935811281204,358.52877886390684,287.4450349808693
1777330455.493244,0.08745073527097702,6.257332801818848,5.016687870025635,-0.01973300613462925,-0.01973300613462925,358.5188887464523,287.4351448634148
1777330455.49329,0.08745073527097702,6.257332801818848,5.016687870025635,-0.016737468540668488,-0.016737468540668488,358.5188887464523,287.4351448634148
1777330455.493332,0.08745073527097702,6.257332801818848,5.016687870025635,-0.009910610504448414,-0.009910610504448414,358.5188887464523,287.4351448634148
1777330455.494137,0.08745073527097702,6.257332801818848,5.016687870025635,-0.0055448152124881744,-0.0055448152124881744,358.5188887464523,287.4351448634148
1777330455.49419,0.08745073527097702,6.257332801818848,5.016687870025635,-0.0033631538972258568,-0.0033631538972258568,358.5188887464523,287.4351448634148
1777330455.552753,0.08745073527097702,6.257332801818848,5.016687870025635,-0.004461401142179966,-0.004461401142179966,358.5188887464523,287.4351448634148
1777330455.5528371,0.08745073527097702,6.257332801818848,5.016687870025635,0.0010933029698207974,0.0010933029698207974,358.5188887464523,287.4351448634148
1777330455.552882,0.08745073527097702,6.257332801818848,5.016687870025635,-0.003370570484548807,-0.003370570484548807,358.5188887464523,287.4351448634148
1777330455.553704,0.08745073527097702,6.257332801818848,5.016687870025635,0.00028434558771550655,0.00028434558771550655,358.5188887464523,287.4351448634148
1777330455.553756,0.08745073527097702,6.257332801818848,5.016687870025635,-0.004782440140843391,-0.004782440140843391,358.5188887464523,287.4351448634148
1777330455.553798,0.08745073527097702,6.257332801818848,5.016687870025635,-0.004177055787295103,-0.004177055787295103,358.5188887464523,287.4351448634148
1777330455.609919,0.08745073527097702,6.257332801818848,5.016687870025635,-0.008814834989607334,-0.008814834989607334,358.5188887464523,287.4351448634148
1777330455.6100008,0.08745366334915161,6.257242202758789,5.016597270965576,-0.010621489956974983,-0.010621489956974983,358.513697800827,287.4299539177895
1777330455.6107829,0.08745922893285751,6.25715970993042,5.0174736976623535,-0.013283669017255306,0.08260108530521393,358.50897130823137,287.4801694865227
1777330455.6108532,0.08745922893285751,6.25715970993042,5.0174736976623535,-0.010391166433691978,-0.010391166433691978,358.50897130823137,287.4801694865227
1777330455.610894,0.0874677300453186,6.256986618041992,5.017300605773926,-0.012001628056168556,-0.012001628056168556,358.49905387001036,287.4702520483017
1777330455.610935,0.0874762237071991,6.256814002990723,5.017127990722656,-0.013087463565170765,-0.013087463565170765,358.48916375255584,287.46036193084717
1777330455.666497,0.0874762237071991,6.256814002990723,5.017127990722656,-0.013276190496981144,-0.013276190496981144,358.48916375255584,287.46036193084717
1777330455.6674309,0.08748471736907959,6.256640911102295,5.0169548988342285,-0.012286036275327206,-0.012286036275327206,358.4792463143349,287.45044449262616
1777330455.667489,0.08749321848154068,6.256468296051025,5.016782283782959,-0.011805315501987934,-0.011805315501987934,358.4693561968803,287.44055437517164
1777330455.667537,0.08749878406524658,6.256385326385498,5.016699314117432,-0.012994319200515747,-0.012994319200515747,358.46460238351824,287.4358005618095
1777330455.6675782,0.08749878406524658,6.256385326385498,5.016699314117432,-0.006542420480400324,-0.006542420480400324,358.46460238351824,287.4358005618095
1777330455.6676202,0.08749878406524658,6.256385326385498,5.017658233642578,-0.004071225877851248,0.09177052974700928,358.46460238351824,287.49074262313843
1777330455.7271008,0.08749878406524658,6.256385326385498,5.017658233642578,-0.007925349287688732,-0.007925349287688732,358.46460238351824,287.49074262313843
1777330455.727198,0.08749878406524658,6.256385326385498,5.017658233642578,-0.0054541537538170815,-0.0054541537538170815,358.46460238351824,287.49074262313843
1777330455.7272441,0.08749878406524658,6.256385326385498,5.017658233642578,-0.003365584649145603,-0.003365584649145603,358.46460238351824,287.49074262313843
1777330455.727286,0.08749878406524658,6.256385326385498,5.017658233642578,-0.0010857023298740387,-0.0010857023298740387,358.46460238351824,287.49074262313843
1777330455.7273269,0.08749878406524658,6.256385326385498,5.017658233642578,-0.0022747537586838007,-0.0022747537586838007,358.46460238351824,287.49074262313843
1777330455.78452,0.08749878406524658,6.256385326385498,5.017658233642578,-0.0023704101331532,-0.0023704101331532,358.46460238351824,287.49074262313843
1777330455.784611,0.08749878406524658,6.256385326385498,5.017658233642578,-0.0021816615480929613,-0.0021816615480929613,358.46460238351824,287.49074262313843
1777330455.784657,0.08749878406524658,6.256385326385498,5.017658233642578,-0.0025668509770184755,-0.0025668509770184755,358.46460238351824,287.49074262313843
1777330455.784699,0.08749878406524658,6.256385326385498,5.017658233642578,-0.0032673641107976437,-0.0032673641107976437,358.46460238351824,287.49074262313843
1777330455.7847402,0.08749878406524658,6.256385326385498,5.017658233642578,-0.00019131266162730753,-0.00019131266162730753,358.46460238351824,287.49074262313843
1777330455.841453,0.08749878406524658,6.256385326385498,5.017658233642578,-0.004172010347247124,-0.004172010347247124,358.46460238351824,287.49074262313843
1777330455.841616,0.08749878406524658,6.256385326385498,5.017658233642578,-0.0031794002279639244,-0.0031794002279639244,358.46460238351824,287.49074262313843
1777330455.841665,0.08749878406524658,6.256385326385498,5.017658233642578,-0.003365584649145603,-0.003365584649145603,358.46460238351824,287.49074262313843
1777330455.841708,0.08749878406524658,6.256385326385498,5.017658233642578,-0.0023781026247888803,-0.0023781026247888803,358.46460238351824,287.49074262313843
1777330455.877263,0.08749878406524658,6.256385326385498,5.017658233642578,-0.0021842257119715214,-0.0021842257119715214,358.46460238351824,287.49074262313843
1777330455.8782048,0.08749878406524658,6.256385326385498,5.017658233642578,-0.0018870000494644046,-0.0018870000494644046,358.46460238351824,287.49074262313843
1777330455.878263,0.08749878406524658,6.256385326385498,5.017658233642578,-0.0024686306715011597,-0.0024686306715011597,358.46460238351824,287.49074262313843
1777330455.8783062,0.08749878406524658,6.256385326385498,5.017658233642578,-0.0022773179225623608,-0.0022773179225623608,358.46460238351824,287.49074262313843
1777330455.878347,0.08749878406524658,6.256385326385498,5.017658233642578,-0.00236784596927464,-0.00236784596927464,358.46460238351824,287.49074262313843
1777330455.878387,0.08749878406524658,6.256385326385498,5.017658233642578,-0.0023755384609103203,-0.0023755384609103203,358.46460238351824,287.49074262313843
1777330455.936397,0.08749878406524658,6.256385326385498,5.017658233642578,0.00019387686916161329,0.00019387686916161329,358.46460238351824,287.49074262313843
1777330455.93649,0.08749878406524658,6.256385326385498,5.017658233642578,-0.003272492438554764,-0.003272492438554764,358.46460238351824,287.49074262313843
1777330455.9365351,0.08749878406524658,6.256385326385498,5.017658233642578,-0.0021714046597480774,-0.0021714046597480774,358.46460238351824,287.49074262313843
1777330455.936576,0.08749878406524658,6.256385326385498,5.017658233642578,-0.0022721895948052406,-0.0022721895948052406,358.46460238351824,287.49074262313843
1777330455.936616,0.08749878406524658,6.256385326385498,5.017658233642578,-0.0009951743995770812,-0.0009951743995770812,358.46460238351824,287.49074262313843
1777330455.937415,0.08749878406524658,6.256385326385498,5.017658233642578,-0.0021816615480929613,-0.0021816615480929613,358.46460238351824,287.49074262313843
1777330455.994316,0.08749878406524658,6.256385326385498,5.017658233642578,5.1284036999277305e-06,5.1284036999277305e-06,358.46460238351824,287.49074262313843
1777330455.994408,0.08749878406524658,6.256385326385498,5.017658233642578,-0.0018921283772215247,-0.0018921283772215247,358.46460238351824,287.49074262313843
1777330455.994453,0.08749878406524658,6.256385326385498,5.017658233642578,-0.0014708919916301966,-0.0014708919916301966,358.46460238351824,287.49074262313843
1777330455.994494,0.08749878406524658,6.256385326385498,5.017658233642578,-0.0012795792426913977,-0.0012795792426913977,358.46460238351824,287.49074262313843
1777330455.995305,0.08749878406524658,6.256385326385498,5.017658233642578,-0.0009951743995770812,-0.0009951743995770812,358.46460238351824,287.49074262313843
1777330455.995359,0.08749878406524658,6.256385326385498,5.017658233642578,-0.003086308017373085,-0.003086308017373085,358.46460238351824,287.49074262313843
1777330456.052074,0.08749878406524658,6.256385326385498,5.017658233642578,-0.0025591584853827953,-0.0025591584853827953,358.46460238351824,287.49074262313843
1777330456.05216,0.08749878406524658,6.256385326385498,5.017658233642578,-0.0013752356171607971,-0.0013752356171607971,358.46460238351824,287.49074262313843
1777330456.052205,0.08749878406524658,6.256385326385498,5.017658233642578,-0.002659943187609315,-0.002659943187609315,358.46460238351824,287.49074262313843
1777330456.0530088,0.08749878406524658,6.256385326385498,5.017658233642578,-0.00018874845409300178,-0.00018874845409300178,358.46460238351824,287.49074262313843
1777330456.05306,0.08749878406524658,6.256385326385498,5.017658233642578,-0.002176533220335841,-0.002176533220335841,358.46460238351824,287.49074262313843
1777330456.053102,0.08749878406524658,6.256385326385498,5.017658233642578,-0.0012821434065699577,-0.0012821434065699577,358.46460238351824,287.49074262313843
1777330456.109251,0.08749878406524658,6.256385326385498,5.017658233642578,-0.0022773179225623608,-0.0022773179225623608,358.46460238351824,287.49074262313843
1777330456.109339,0.08749878406524658,6.256385326385498,5.017658233642578,-0.0022773179225623608,-0.0022773179225623608,358.46460238351824,287.49074262313843
1777330456.110189,0.08749878406524658,6.256385326385498,5.017658233642578,-0.001191615592688322,-0.001191615592688322,358.46460238351824,287.49074262313843
1777330456.110367,0.08749878406524658,6.256385326385498,5.017658233642578,-9.82205310720019e-05,-9.82205310720019e-05,358.46460238351824,287.49074262313843
1777330456.166761,0.08749878406524658,6.256385326385498,5.017658233642578,-9.309213055530563e-05,-9.309213055530563e-05,358.46460238351824,287.49074262313843
1777330456.166851,0.08749878406524658,6.256385326385498,5.017658233642578,0.00010078473133035004,0.00010078473133035004,358.46460238351824,287.49074262313843
1777330456.166896,0.08749878406524658,6.256385326385498,5.017658233642578,0.00019131266162730753,0.00019131266162730753,358.46460238351824,287.49074262313843
1777330456.167688,0.08749878406524658,6.256385326385498,5.017658233642578,-0.0,-0.0,358.46460238351824,287.49074262313843
1777330456.1677618,0.08749878406524658,6.256385326385498,5.017658233642578,-0.0010882666101679206,-0.0010882666101679206,358.46460238351824,287.49074262313843
1777330456.225121,0.08749878406524658,6.256385326385498,5.017658233642578,-0.00019131266162730753,-0.00019131266162730753,358.46460238351824,287.49074262313843
1777330456.2252219,0.08749878406524658,6.256385326385498,5.017658233642578,0.0010003028437495232,0.0010003028437495232,358.46460238351824,287.49074262313843
1777330456.225268,0.08749878406524658,6.256385326385498,5.017658233642578,-0.0017990362830460072,-0.0017990362830460072,358.46460238351824,287.49074262313843
1777330456.2261481,0.08749878406524658,6.256385326385498,5.017658233642578,-0.0009977385634556413,-0.0009977385634556413,358.46460238351824,287.49074262313843
1777330456.226201,0.08749878406524658,6.256385326385498,5.017658233642578,0.0027632920537143946,0.0027632920537143946,358.46460238351824,287.49074262313843
1777330456.226243,0.08749878406524658,6.256385326385498,5.017658233642578,0.00118648714851588,0.00118648714851588,358.46460238351824,287.49074262313843
1777330456.283404,0.08749878406524658,6.256385326385498,5.017658233642578,0.003660246031358838,0.003660246031358838,358.46460238351824,287.49074262313843
1777330456.283499,0.08749878406524658,6.256385326385498,5.017658233642578,0.0009977385634556413,0.0009977385634556413,358.46460238351824,287.49074262313843
1777330456.284336,0.08749878406524658,6.256385326385498,5.017658233642578,-0.0010882666101679206,-0.0010882666101679206,358.46460238351824,287.49074262313843
1777330456.28439,0.08749878406524658,6.256385326385498,5.017658233642578,0.00018618426111061126,0.00018618426111061126,358.46460238351824,287.49074262313843
1777330456.2844748,0.08749878406524658,6.256385326385498,5.017658233642578,0.0012847075704485178,0.0012847075704485178,358.46460238351824,287.49074262313843
1777330456.34158,0.08749878406524658,6.256385326385498,5.017658233642578,0.00118648714851588,0.00118648714851588,358.46460238351824,287.49074262313843
1777330456.341673,0.08749878406524658,6.256385326385498,5.017658233642578,-0.0008918255334720016,-0.0008918255334720016,358.46460238351824,287.49074262313843
1777330456.342481,0.08749878406524658,6.256385326385498,5.017658233642578,0.0002920974511653185,0.0002920974511653185,358.46460238351824,287.49074262313843
1777330456.3425338,0.08749878406524658,6.256385326385498,5.017658233642578,-9.565633081365377e-05,-9.565633081365377e-05,358.46460238351824,287.49074262313843
1777330456.342578,0.08749878406524658,6.256385326385498,5.017658233642578,0.0014785844832658768,0.0014785844832658768,358.46460238351824,287.49074262313843
1777330456.342619,0.08749878406524658,6.256385326385498,5.017658233642578,0.002279882086440921,0.002279882086440921,358.46460238351824,287.49074262313843
1777330456.400214,0.08749878406524658,6.256385326385498,5.017658233642578,0.0033758413046598434,0.0033758413046598434,358.46460238351824,287.49074262313843
1777330456.401078,0.08749878406524658,6.256385326385498,5.017658233642578,0.0010857023298740387,0.0010857023298740387,358.46460238351824,287.49074262313843
1777330456.401134,0.08749878406524658,6.256385326385498,5.017658233642578,-0.0007987333228811622,-0.0007987333228811622,358.46460238351824,287.49074262313843
1777330456.4011772,0.08749878406524658,6.256385326385498,5.017658233642578,0.003980697598308325,0.003980697598308325,358.46460238351824,287.49074262313843
1777330456.401218,0.08749878406524658,6.256385326385498,5.017658233642578,-5.1284036999277305e-06,-5.1284036999277305e-06,358.46460238351824,287.49074262313843
1777330456.401262,0.08749878406524658,6.256385326385498,5.017658233642578,-2.5642018499638652e-06,-2.5642018499638652e-06,358.46460238351824,287.49074262313843
1777330456.4631948,0.08749878406524658,6.256385326385498,5.017658233642578,0.0008969539776444435,0.0008969539776444435,358.46460238351824,287.49074262313843
1777330456.463265,0.08749878406524658,6.256385326385498,5.017658233642578,-5.1284036999277305e-06,-5.1284036999277305e-06,358.46460238351824,287.49074262313843
1777330456.463312,0.08749878406524658,6.256385326385498,5.017658233642578,0.0009900459554046392,0.0009900459554046392,358.46460238351824,287.49074262313843
1777330456.4949398,0.08749878406524658,6.256385326385498,5.017658233642578,-0.0011890513123944402,-0.0011890513123944402,358.46460238351824,287.49074262313843
1777330456.4950552,0.08749878406524658,6.256385326385498,5.017658233642578,0.0022747537586838007,0.0022747537586838007,358.46460238351824,287.49074262313843
1777330456.495935,0.08749878406524658,6.256385326385498,5.017658233642578,0.0004808458616025746,0.0004808458616025746,358.46460238351824,287.49074262313843
1777330456.495992,0.08749878406524658,6.256385326385498,5.017658233642578,0.00048341008368879557,0.00048341008368879557,358.46460238351824,287.49074262313843
1777330456.4960341,0.08749878406524658,6.256385326385498,5.017658233642578,0.0027581637259572744,0.0027581637259572744,358.46460238351824,287.49074262313843
1777330456.496075,0.08749878406524658,6.256385326385498,5.017658233642578,-0.0008012976031750441,-0.0008012976031750441,358.46460238351824,287.49074262313843
1777330456.5522199,0.08749878406524658,6.256385326385498,5.017658233642578,0.0013777997810393572,0.0013777997810393572,358.46460238351824,287.49074262313843
1777330456.5531158,0.08749878406524658,6.256385326385498,5.017658233642578,0.0003851895162370056,0.0003851895162370056,358.46460238351824,287.49074262313843
1777330456.553175,0.08749878406524658,6.256385326385498,5.017658233642578,-0.0,-0.0,358.46460238351824,287.49074262313843
1777330456.5532181,0.08749878406524658,6.256385326385498,5.017658233642578,0.0022721895948052406,0.0022721895948052406,358.46460238351824,287.49074262313843
1777330456.55326,0.08749878406524658,6.256385326385498,5.017658233642578,0.0013829282252117991,0.0013829282252117991,358.46460238351824,287.49074262313843
1777330456.553301,0.08749878406524658,6.256385326385498,5.017658233642578,0.0023781026247888803,0.0023781026247888803,358.46460238351824,287.49074262313843
1777330456.6114209,0.08749878406524658,6.256385326385498,5.017658233642578,0.0029880874790251255,0.0029880874790251255,358.46460238351824,287.49074262313843
1777330456.611512,0.08749878406524658,6.256385326385498,5.017658233642578,-0.0011813587043434381,-0.0011813587043434381,358.46460238351824,287.49074262313843
1777330456.611559,0.08749878406524658,6.256385326385498,5.017658233642578,0.0010933949379250407,0.0010933949379250407,358.46460238351824,287.49074262313843
1777330456.6116009,0.08749878406524658,6.256385326385498,5.017658233642578,0.0007987333228811622,0.0007987333228811622,358.46460238351824,287.49074262313843
1777330456.6116421,0.08749878406524658,6.256385326385498,5.017658233642578,-0.0009977385634556413,-0.0009977385634556413,358.46460238351824,287.49074262313843
1777330456.612467,0.08749878406524658,6.256385326385498,5.017658233642578,-0.0024711948353797197,-0.0024711948353797197,358.46460238351824,287.49074262313843
1777330456.669193,0.08749878406524658,6.256385326385498,5.017658233642578,-0.0009977385634556413,-0.0009977385634556413,358.46460238351824,287.49074262313843
1777330456.669285,0.08749878406524658,6.256385326385498,5.017658233642578,0.003275056602433324,0.003275056602433324,358.46460238351824,287.49074262313843
1777330456.6693308,0.08749878406524658,6.256385326385498,5.017658233642578,0.0010959592182189226,0.0010959592182189226,358.46460238351824,287.49074262313843
1777330456.669374,0.08749878406524658,6.256385326385498,5.017658233642578,-0.0008089902112260461,-0.0008089902112260461,358.46460238351824,287.49074262313843
1777330456.670198,0.08749878406524658,6.256385326385498,5.017658233642578,-0.0009020823054015636,-0.0009020823054015636,358.46460238351824,287.49074262313843
1777330456.67025,0.08749878406524658,6.256385326385498,5.017658233642578,-0.0008943896973505616,-0.0008943896973505616,358.46460238351824,287.49074262313843
1777330456.7265742,0.08749878406524658,6.256385326385498,5.017658233642578,-5.1284036999277305e-06,-5.1284036999277305e-06,358.46460238351824,287.49074262313843
1777330456.7266638,0.08749878406524658,6.256385326385498,5.017658233642578,0.00028440484311431646,0.00028440484311431646,358.46460238351824,287.49074262313843
1777330456.726711,0.08749878406524658,6.256385326385498,5.017658233642578,0.00038262532325461507,0.00038262532325461507,358.46460238351824,287.49074262313843
1777330456.727527,0.08749878406524658,6.256385326385498,5.017658233642578,-0.0009926102356985211,-0.0009926102356985211,358.46460238351824,287.49074262313843
1777330456.7275782,0.08749878406524658,6.256385326385498,5.017658233642578,-0.00018874845409300178,-0.00018874845409300178,358.46460238351824,287.49074262313843
1777330456.78432,0.08749878406524658,6.256385326385498,5.017658233642578,-0.001191615592688322,-0.001191615592688322,358.46460238351824,287.49074262313843
1777330456.784412,0.08749878406524658,6.256385326385498,5.017658233642578,-0.00118648714851588,-0.00118648714851588,358.46460238351824,287.49074262313843
1777330456.784456,0.08749878406524658,6.256385326385498,5.017658233642578,0.0018921283772215247,0.0018921283772215247,358.46460238351824,287.49074262313843
1777330456.7852778,0.08749878406524658,6.256385326385498,5.017658233642578,0.0018946925411000848,0.0018946925411000848,358.46460238351824,287.49074262313843
1777330456.7853289,0.08749878406524658,6.256385326385498,5.017658233642578,0.003272492438554764,0.003272492438554764,358.46460238351824,287.49074262313843
1777330456.78537,0.08749878406524658,6.256385326385498,5.017658233642578,0.001191615592688322,0.001191615592688322,358.46460238351824,287.49074262313843
1777330456.842168,0.08749878406524658,6.256385326385498,5.017658233642578,-0.00010078473133035004,-0.00010078473133035004,358.46460238351824,287.49074262313843
1777330456.8422499,0.08749878406524658,6.256385326385498,5.017658233642578,-0.00118648714851588,-0.00118648714851588,358.46460238351824,287.49074262313843
1777330456.843125,0.08749878406524658,6.256385326385498,5.017658233642578,0.0010882666101679206,0.0010882666101679206,358.46460238351824,287.49074262313843
1777330456.843175,0.08749878406524658,6.256385326385498,5.017658233642578,-9.052793029695749e-05,-9.052793029695749e-05,358.46460238351824,287.49074262313843
1777330456.843219,0.08749878406524658,6.256385326385498,5.017658233642578,-0.00038262532325461507,-0.00038262532325461507,358.46460238351824,287.49074262313843
1777330456.8432598,0.08749878406524658,6.256385326385498,5.017658233642578,-0.0024660665076225996,-0.0024660665076225996,358.46460238351824,287.49074262313843
1777330456.89968,0.08749878406524658,6.256385326385498,5.017658233642578,0.0021816615480929613,0.0021816615480929613,358.46460238351824,287.49074262313843
1777330456.900534,0.08749878406524658,6.256385326385498,5.017658233642578,0.0011890513123944402,0.0011890513123944402,358.46460238351824,287.49074262313843
1777330456.900589,0.08749878406524658,6.256385326385498,5.017658233642578,5.1284036999277305e-06,5.1284036999277305e-06,358.46460238351824,287.49074262313843
1777330456.900633,0.08749878406524658,6.256385326385498,5.017658233642578,-8.796372276265174e-05,-8.796372276265174e-05,358.46460238351824,287.49074262313843
1777330456.900675,0.08749878406524658,6.256385326385498,5.017658233642578,9.309213055530563e-05,9.309213055530563e-05,358.46460238351824,287.49074262313843
1777330456.900716,0.08749878406524658,6.256385326385498,5.017658233642578,0.002086005173623562,0.002086005173623562,358.46460238351824,287.49074262313843
1777330456.956545,0.08749878406524658,6.256385326385498,5.017658233642578,0.004081482533365488,0.004081482533365488,358.46460238351824,287.49074262313843
1777330456.956636,0.08749878406524658,6.256385326385498,5.017658233642578,0.0007107696146704257,0.0007107696146704257,358.46460238351824,287.49074262313843
1777330456.956682,0.08749878406524658,6.256385326385498,5.017658233642578,-0.0009977385634556413,-0.0009977385634556413,358.46460238351824,287.49074262313843
1777330456.956724,0.08749878406524658,6.256385326385498,5.017658233642578,0.0019929129630327225,0.0019929129630327225,358.46460238351824,287.49074262313843
1777330456.956766,0.08749878406524658,6.256385326385498,5.017658233642578,0.0008995181415230036,0.0008995181415230036,358.46460238351824,287.49074262313843
1777330456.957579,0.08749878406524658,6.256385326385498,5.017658233642578,-0.0021790973842144012,-0.0021790973842144012,358.46460238351824,287.49074262313843
1777330457.0129778,0.08749878406524658,6.256385326385498,5.017658233642578,0.0009977385634556413,0.0009977385634556413,358.46460238351824,287.49074262313843
1777330457.013067,0.08749878406524658,6.256385326385498,5.017658233642578,-0.00027927642804570496,-0.00027927642804570496,358.46460238351824,287.49074262313843
1777330457.013111,0.08749878406524658,6.256385326385498,5.017658233642578,0.0010003028437495232,0.0010003028437495232,358.46460238351824,287.49074262313843
1777330457.013153,0.08749878406524658,6.256385326385498,5.017658233642578,-0.0013752356171607971,-0.0013752356171607971,358.46460238351824,287.49074262313843
1777330457.013955,0.08749878406524658,6.256385326385498,5.017658233642578,0.0018921283772215247,0.0018921283772215247,358.46460238351824,287.49074262313843
1777330457.014006,0.08749878406524658,6.256385326385498,5.017658233642578,-0.00019387686916161329,-0.00019387686916161329,358.46460238351824,287.49074262313843
1777330457.069001,0.08749878406524658,6.256385326385498,5.017658233642578,-0.0013829282252117991,-0.0013829282252117991,358.46460238351824,287.49074262313843
1777330457.069101,0.08749878406524658,6.256385326385498,5.017658233642578,-0.000286969036096707,-0.000286969036096707,358.46460238351824,287.49074262313843
1777330457.0691462,0.08749878406524658,6.256385326385498,5.017658233642578,-0.0001964410621440038,-0.0001964410621440038,358.46460238351824,287.49074262313843
1777330457.1261282,0.08749878406524658,6.256385326385498,5.017658233642578,0.0008995181415230036,0.0008995181415230036,358.46460238351824,287.49074262313843
1777330457.126243,0.08749878406524658,6.256385326385498,5.017658233642578,0.001711072400212288,0.001711072400212288,358.46460238351824,287.49074262313843
1777330457.1262898,0.08749878406524658,6.256385326385498,5.017658233642578,-0.0013829282252117991,-0.0013829282252117991,358.46460238351824,287.49074262313843
1777330457.126336,0.08749878406524658,6.256385326385498,5.017658233642578,0.0008012976031750441,0.0008012976031750441,358.46460238351824,287.49074262313843
1777330457.126378,0.08749878406524658,6.256385326385498,5.017658233642578,0.0018946925411000848,0.0018946925411000848,358.46460238351824,287.49074262313843
1777330457.1271958,0.08749878406524658,6.256385326385498,5.017658233642578,0.0007107696146704257,0.0007107696146704257,358.46460238351824,287.49074262313843
1777330457.1830761,0.08749878406524658,6.256385326385498,5.017658233642578,0.0020808768458664417,0.0020808768458664417,358.46460238351824,287.49074262313843
1777330457.183176,0.08749878406524658,6.256385326385498,5.017658233642578,0.002083441009745002,0.002083441009745002,358.46460238351824,287.49074262313843
1777330457.183222,0.08749878406524658,6.256385326385498,5.017658233642578,0.0011890513123944402,0.0011890513123944402,358.46460238351824,287.49074262313843
1777330457.183265,0.08749878406524658,6.256385326385498,5.017658233642578,0.001191615592688322,0.001191615592688322,358.46460238351824,287.49074262313843
1777330457.184042,0.08749878406524658,6.256385326385498,5.017658233642578,0.0009977385634556413,0.0009977385634556413,358.46460238351824,287.49074262313843
1777330457.1840918,0.08749878406524658,6.256385326385498,5.017658233642578,0.0044641075655817986,0.0044641075655817986,358.46460238351824,287.49074262313843
1777330457.2393112,0.08749878406524658,6.256385326385498,5.017658233642578,0.0008995181415230036,0.0008995181415230036,358.46460238351824,287.49074262313843
1777330457.239398,0.08749878406524658,6.256385326385498,5.017658233642578,0.0032699282746762037,0.0032699282746762037,358.46460238351824,287.49074262313843
1777330457.239447,0.08749878406524658,6.256385326385498,5.017658233642578,0.002662507351487875,0.002662507351487875,358.46460238351824,287.49074262313843
1777330457.240247,0.08749878406524658,6.256385326385498,5.017658233642578,-0.0014657634310424328,-0.0014657634310424328,358.46460238351824,287.49074262313843
1777330457.240299,0.08749878406524658,6.256385326385498,5.017658233642578,-0.00018618426111061126,-0.00018618426111061126,358.46460238351824,287.49074262313843
1777330457.240341,0.08749878406524658,6.256385326385498,5.017658233642578,-0.003562025725841522,-0.003562025725841522,358.46460238351824,287.49074262313843
1777330457.295753,0.08749878406524658,6.256385326385498,5.017658233642578,-9.565633081365377e-05,-9.565633081365377e-05,358.46460238351824,287.49074262313843
1777330457.295848,0.08749878406524658,6.256385326385498,5.017658233642578,0.00010078473133035004,0.00010078473133035004,358.46460238351824,287.49074262313843
1777330457.296691,0.08749878406524658,6.256385326385498,5.017658233642578,-0.00118648714851588,-0.00118648714851588,358.46460238351824,287.49074262313843
1777330457.296747,0.08749878406524658,6.256385326385498,5.017658233642578,-0.0012847075704485178,-0.0012847075704485178,358.46460238351824,287.49074262313843
1777330457.296789,0.08749878406524658,6.256385326385498,5.017658233642578,-0.0021842257119715214,-0.0021842257119715214,358.46460238351824,287.49074262313843
1777330457.3524852,0.08749878406524658,6.256385326385498,5.017658233642578,5.1284036999277305e-06,5.1284036999277305e-06,358.46460238351824,287.49074262313843
1777330457.352576,0.08749878406524658,6.256385326385498,5.017658233642578,-0.0033732771407812834,-0.0033732771407812834,358.46460238351824,287.49074262313843
1777330457.353368,0.08749878406524658,6.256385326385498,5.017658233642578,9.82205310720019e-05,9.82205310720019e-05,358.46460238351824,287.49074262313843
1777330457.3534222,0.08749878406524658,6.256385326385498,5.017658233642578,9.82205310720019e-05,9.82205310720019e-05,358.46460238351824,287.49074262313843
1777330457.353508,0.08749878406524658,6.256385326385498,5.017658233642578,0.0014785844832658768,0.0014785844832658768,358.46460238351824,287.49074262313843
1777330457.353549,0.08749878406524658,6.256385326385498,5.017658233642578,-0.0009926102356985211,-0.0009926102356985211,358.46460238351824,287.49074262313843
1777330457.408876,0.08749878406524658,6.256385326385498,5.017658233642578,-0.00118648714851588,-0.00118648714851588,358.46460238351824,287.49074262313843
1777330457.409718,0.08749878406524658,6.256385326385498,5.017658233642578,0.0009926102356985211,0.0009926102356985211,358.46460238351824,287.49074262313843
1777330457.409772,0.08749878406524658,6.256385326385498,5.017658233642578,-0.0010882666101679206,-0.0010882666101679206,358.46460238351824,287.49074262313843
1777330457.409816,0.08749878406524658,6.256385326385498,5.017658233642578,-9.565633081365377e-05,-9.565633081365377e-05,358.46460238351824,287.49074262313843
1777330457.4098618,0.08749878406524658,6.256385326385498,5.017658233642578,-0.0011890513123944402,-0.0011890513123944402,358.46460238351824,287.49074262313843
1777330457.409903,0.08749878406524658,6.256385326385498,5.017658233642578,-0.0010908307740464807,-0.0010908307740464807,358.46460238351824,287.49074262313843
1777330457.46568,0.08749878406524658,6.256385326385498,5.017658233642578,-9.82205310720019e-05,-9.82205310720019e-05,358.46460238351824,287.49074262313843
1777330457.465773,0.08749878406524658,6.256385326385498,5.017658233642578,0.0008969539776444435,0.0008969539776444435,358.46460238351824,287.49074262313843
1777330457.465819,0.08749878406524658,6.256385326385498,5.017658233642578,5.1284036999277305e-06,5.1284036999277305e-06,358.46460238351824,287.49074262313843
1777330457.4658618,0.08749878406524658,6.256385326385498,5.017658233642578,0.00019900526967830956,0.00019900526967830956,358.46460238351824,287.49074262313843
1777330457.533196,0.08749878406524658,6.256385326385498,5.017658233642578,0.000286969036096707,0.000286969036096707,358.46460238351824,287.49074262313843
1777330457.5341299,0.08749878406524658,6.256385326385498,5.017658233642578,0.0010908307740464807,0.0010908307740464807,358.46460238351824,287.49074262313843
1777330457.5341902,0.08749878406524658,6.256385326385498,5.017658233642578,0.00028440484311431646,0.00028440484311431646,358.46460238351824,287.49074262313843
1777330457.534233,0.08749878406524658,6.256385326385498,5.017658233642578,-0.0009951743995770812,-0.0009951743995770812,358.46460238351824,287.49074262313843
1777330457.534275,0.08749878406524658,6.256385326385498,5.017658233642578,-0.004363323096185923,-0.004363323096185923,358.46460238351824,287.49074262313843
1777330457.534316,0.08749878406524658,6.256385326385498,5.017658233642578,0.0013726713368669152,0.0013726713368669152,358.46460238351824,287.49074262313843
1777330457.5349,0.08749878406524658,6.256385326385498,5.017658233642578,0.00047828166862018406,0.00047828166862018406,358.46460238351824,287.49074262313843
1777330457.5349472,0.08749878406524658,6.256385326385498,5.017658233642578,0.0007082054507918656,0.0007082054507918656,358.46460238351824,287.49074262313843
1777330457.5925062,0.08749878406524658,6.256385326385498,5.017658233642578,-0.000286969036096707,-0.000286969036096707,358.46460238351824,287.49074262313843
1777330457.592576,0.08749878406524658,6.256385326385498,5.017658233642578,-2.5642018499638652e-06,-2.5642018499638652e-06,358.46460238351824,287.49074262313843
1777330457.5926259,0.08749878406524658,6.256385326385498,5.017658233642578,0.00236784596927464,0.00236784596927464,358.46460238351824,287.49074262313843
1777330457.59344,0.08749878406524658,6.256385326385498,5.017658233642578,-0.00019131266162730753,-0.00019131266162730753,358.46460238351824,287.49074262313843
1777330457.593494,0.08749878406524658,6.256385326385498,5.017658233642578,0.0008969539776444435,0.0008969539776444435,358.46460238351824,287.49074262313843
1777330457.593536,0.08749878406524658,6.256385326385498,5.017658233642578,-0.0016982515808194876,-0.0016982515808194876,358.46460238351824,287.49074262313843
1777330457.649618,0.08749878406524658,6.256385326385498,5.017658233642578,-0.0008969539776444435,-0.0008969539776444435,358.46460238351824,287.49074262313843
1777330457.649701,0.08749878406524658,6.256385326385498,5.017658233642578,-0.002086005173623562,-0.002086005173623562,358.46460238351824,287.49074262313843
1777330457.650509,0.08749878406524658,6.256385326385498,5.017658233642578,-0.00019131266162730753,-0.00019131266162730753,358.46460238351824,287.49074262313843
1777330457.650561,0.08749878406524658,6.256385326385498,5.017658233642578,0.0011813587043434381,0.0011813587043434381,358.46460238351824,287.49074262313843
1777330457.650602,0.08749878406524658,6.256385326385498,5.017658233642578,0.003365584649145603,0.003365584649145603,358.46460238351824,287.49074262313843
1777330457.6506429,0.08749878406524658,6.256385326385498,5.017658233642578,0.0008115543751046062,0.0008115543751046062,358.46460238351824,287.49074262313843
1777330457.705835,0.08749878406524658,6.256385326385498,5.017658233642578,-9.309213055530563e-05,-9.309213055530563e-05,358.46460238351824,287.49074262313843
1777330457.7066722,0.08749878406524658,6.256385326385498,5.017658233642578,-0.0024660665076225996,-0.0024660665076225996,358.46460238351824,287.49074262313843
1777330457.706728,0.08749878406524658,6.256385326385498,5.017658233642578,-0.0001964410621440038,-0.0001964410621440038,358.46460238351824,287.49074262313843
1777330457.706771,0.08749878406524658,6.256385326385498,5.017658233642578,0.0010933949379250407,0.0010933949379250407,358.46460238351824,287.49074262313843
1777330457.7068129,0.08749878406524658,6.256385326385498,5.017658233642578,-0.0001836200535763055,-0.0001836200535763055,358.46460238351824,287.49074262313843
1777330457.7068532,0.08749878406524658,6.256385326385498,5.017658233642578,9.052793029695749e-05,9.052793029695749e-05,358.46460238351824,287.49074262313843
1777330457.7625742,0.08749878406524658,6.256385326385498,5.017658233642578,-0.0023755384609103203,-0.0023755384609103203,358.46460238351824,287.49074262313843
1777330457.7626612,0.08749878406524658,6.256385326385498,5.017658233642578,-0.00010334893886465579,-0.00010334893886465579,358.46460238351824,287.49074262313843
1777330457.7627048,0.08749878406524658,6.256385326385498,5.017658233642578,0.001191615592688322,0.001191615592688322,358.46460238351824,287.49074262313843
1777330457.7627468,0.08749878406524658,6.256385326385498,5.017658233642578,-0.00118392298463732,-0.00118392298463732,358.46460238351824,287.49074262313843
1777330457.762787,0.08749878406524658,6.256385326385498,5.017658233642578,7.692606232012622e-06,7.692606232012622e-06,358.46460238351824,287.49074262313843
1777330457.7635891,0.08749878406524658,6.256385326385498,5.017658233642578,0.002091133501380682,0.002091133501380682,358.46460238351824,287.49074262313843
1777330457.818961,0.08749878406524658,6.256385326385498,5.017658233642578,-0.0009900459554046392,-0.0009900459554046392,358.46460238351824,287.49074262313843
1777330457.81906,0.08749878406524658,6.256385326385498,5.017658233642578,0.0020808768458664417,0.0020808768458664417,358.46460238351824,287.49074262313843
1777330457.819108,0.08749878406524658,6.256385326385498,5.017658233642578,-0.0020783126819878817,-0.0020783126819878817,358.46460238351824,287.49074262313843
1777330457.851197,0.08749878406524658,6.256385326385498,5.017658233642578,-0.0009926102356985211,-0.0009926102356985211,358.46460238351824,287.49074262313843
1777330457.852194,0.08749878406524658,6.256385326385498,5.017658233642578,0.00038006113027222455,0.00038006113027222455,358.46460238351824,287.49074262313843
1777330457.8524008,0.08749878406524658,6.256385326385498,5.017658233642578,-0.00118648714851588,-0.00118648714851588,358.46460238351824,287.49074262313843
1777330457.852451,0.08749878406524658,6.256385326385498,5.017658233642578,-0.0008012976031750441,-0.0008012976031750441,358.46460238351824,287.49074262313843
1777330457.852494,0.08749878406524658,6.256385326385498,5.017658233642578,-0.0010882666101679206,-0.0010882666101679206,358.46460238351824,287.49074262313843
1777330457.908389,0.08749878406524658,6.256385326385498,5.017658233642578,0.0009977385634556413,0.0009977385634556413,358.46460238351824,287.49074262313843
1777330457.9092731,0.08749878406524658,6.256385326385498,5.017658233642578,0.0009926102356985211,0.0009926102356985211,358.46460238351824,287.49074262313843
1777330457.909327,0.08749878406524658,6.256385326385498,5.017658233642578,9.82205310720019e-05,9.82205310720019e-05,358.46460238351824,287.49074262313843
1777330457.965489,0.08749878406524658,6.256385326385498,5.017658233642578,0.0008064259309321642,0.0008064259309321642,358.46460238351824,287.49074262313843
1777330457.96559,0.08749878406524658,6.256385326385498,5.017658233642578,7.692606232012622e-06,7.692606232012622e-06,358.46460238351824,287.49074262313843
1777330457.965638,0.08749878406524658,6.256385326385498,5.017658233642578,-0.0,-0.0,358.46460238351824,287.49074262313843
1777330457.966485,0.08749878406524658,6.256385326385498,5.017658233642578,-0.004078918602317572,-0.004078918602317572,358.46460238351824,287.49074262313843
1777330457.966539,0.08749878406524658,6.256385326385498,5.017658233642578,0.0018946925411000848,0.0018946925411000848,358.46460238351824,287.49074262313843
1777330457.966582,0.08749878406524658,6.256385326385498,5.017658233642578,-0.0012795792426913977,-0.0012795792426913977,358.46460238351824,287.49074262313843
1777330458.023315,0.08749878406524658,6.256385326385498,5.017658233642578,0.00038262532325461507,0.00038262532325461507,358.46460238351824,287.49074262313843
1777330458.0234182,0.08749878406524658,6.256385326385498,5.017658233642578,-0.0005143285379745066,-0.0005143285379745066,358.46460238351824,287.49074262313843
1777330458.024257,0.08749878406524658,6.256385326385498,5.017658233642578,9.82205310720019e-05,9.82205310720019e-05,358.46460238351824,287.49074262313843
1777330458.024313,0.08749878406524658,6.256385326385498,5.017658233642578,-0.0012770149623975158,-0.0012770149623975158,358.46460238351824,287.49074262313843
1777330458.0243561,0.08749878406524658,6.256385326385498,5.017658233642578,-0.0010857023298740387,-0.0010857023298740387,358.46460238351824,287.49074262313843
1777330458.0243971,0.08749878406524658,6.256385326385498,5.017658233642578,-0.0022773179225623608,-0.0022773179225623608,358.46460238351824,287.49074262313843
1777330458.081474,0.08749878406524658,6.256385326385498,5.017658233642578,-0.0007107696146704257,-0.0007107696146704257,358.46460238351824,287.49074262313843
1777330458.0823429,0.08749878406524658,6.256385326385498,5.017658233642578,-0.0021842257119715214,-0.0021842257119715214,358.46460238351824,287.49074262313843
1777330458.0824,0.08749878406524658,6.256385326385498,5.017658233642578,-0.0010908307740464807,-0.0010908307740464807,358.46460238351824,287.49074262313843
1777330458.082443,0.08749878406524658,6.256385326385498,5.017658233642578,-0.002173969056457281,-0.002173969056457281,358.46460238351824,287.49074262313843
1777330458.082483,0.08749878406524658,6.256385326385498,5.017658233642578,-0.0022696254309266806,-0.0022696254309266806,358.46460238351824,287.49074262313843
1777330458.0825229,0.08749878406524658,6.256385326385498,5.017658233642578,-0.0008943896973505616,-0.0008943896973505616,358.46460238351824,287.49074262313843
1777330458.1402571,0.08749878406524658,6.256385326385498,5.017658233642578,0.00118648714851588,0.00118648714851588,358.46460238351824,287.49074262313843
1777330458.140359,0.08749878406524658,6.256385326385498,5.017658233642578,0.0034638051874935627,0.0034638051874935627,358.46460238351824,287.49074262313843
1777330458.140405,0.08749878406524658,6.256385326385498,5.017658233642578,-0.000286969036096707,-0.000286969036096707,358.46460238351824,287.49074262313843
1777330458.140449,0.08749878406524658,6.256385326385498,5.017658233642578,-9.565633081365377e-05,-9.565633081365377e-05,358.46460238351824,287.49074262313843
1777330458.140492,0.08749878406524658,6.256385326385498,5.017658233642578,-0.0012795792426913977,-0.0012795792426913977,358.46460238351824,287.49074262313843
1777330458.14129,0.08749878406524658,6.256385326385498,5.017658233642578,-0.0021790973842144012,-0.0021790973842144012,358.46460238351824,287.49074262313843
1777330458.197574,0.08749878406524658,6.256385326385498,5.017658233642578,-0.003081179689615965,-0.003081179689615965,358.46460238351824,287.49074262313843
1777330458.1976671,0.08749878406524658,6.256385326385498,5.017658233642578,-0.003078615525737405,-0.003078615525737405,358.46460238351824,287.49074262313843
1777330458.197712,0.08749878406524658,6.256385326385498,5.017658233642578,-0.0,-0.0,358.46460238351824,287.49074262313843
1777330458.197752,0.08749878406524658,6.256385326385498,5.017658233642578,-0.0008012976031750441,-0.0008012976031750441,358.46460238351824,287.49074262313843
1777330458.19858,0.08749878406524658,6.256385326385498,5.017658233642578,0.0009020823054015636,0.0009020823054015636,358.46460238351824,287.49074262313843
1777330458.198633,0.08749878406524658,6.256385326385498,5.017658233642578,-0.0023781026247888803,-0.0023781026247888803,358.46460238351824,287.49074262313843
1777330458.254587,0.08749878406524658,6.256385326385498,5.017658233642578,-0.0002895332290790975,-0.0002895332290790975,358.46460238351824,287.49074262313843
1777330458.254669,0.08749878406524658,6.256385326385498,5.017658233642578,0.0010882666101679206,0.0010882666101679206,358.46460238351824,287.49074262313843
1777330458.254715,0.08749878406524658,6.256385326385498,5.017658233642578,0.00236784596927464,0.00236784596927464,358.46460238351824,287.49074262313843
1777330458.255554,0.08749878406524658,6.256385326385498,5.017658233642578,0.0018921283772215247,0.0018921283772215247,358.46460238351824,287.49074262313843
1777330458.255608,0.08749878406524658,6.256385326385498,5.017658233642578,0.003078615525737405,0.003078615525737405,358.46460238351824,287.49074262313843
1777330458.3125582,0.08749878406524658,6.256385326385498,5.017658233642578,0.0012847075704485178,0.0012847075704485178,358.46460238351824,287.49074262313843
1777330458.312652,0.08749878406524658,6.256385326385498,5.017658233642578,-0.0012795792426913977,-0.0012795792426913977,358.46460238351824,287.49074262313843
1777330458.3126981,0.08749878406524658,6.256385326385498,5.017658233642578,0.00118648714851588,0.00118648714851588,358.46460238351824,287.49074262313843
1777330458.313586,0.08749878406524658,6.256385326385498,5.017658233642578,0.0008038617670536041,0.0008038617670536041,358.46460238351824,287.49074262313843
1777330458.313641,0.08749878406524658,6.256385326385498,5.017658233642578,0.002083441009745002,0.002083441009745002,358.46460238351824,287.49074262313843
1777330458.313684,0.08749878406524658,6.256385326385498,5.017658233642578,0.002088569337502122,0.002088569337502122,358.46460238351824,287.49074262313843
1777330458.370166,0.08749878406524658,6.256385326385498,5.017658233642578,0.0008995181415230036,0.0008995181415230036,358.46460238351824,287.49074262313843
1777330458.370264,0.08749878406524658,6.256385326385498,5.017658233642578,0.0022773179225623608,0.0022773179225623608,358.46460238351824,287.49074262313843
1777330458.371105,0.08749878406524658,6.256385326385498,5.017658233642578,0.0032699282746762037,0.0032699282746762037,358.46460238351824,287.49074262313843
1777330458.3711581,0.08749878406524658,6.256385326385498,5.017658233642578,0.0011890513123944402,0.0011890513123944402,358.46460238351824,287.49074262313843
1777330458.371201,0.08749878406524658,6.256385326385498,5.017658233642578,0.0033732771407812834,0.0033732771407812834,358.46460238351824,287.49074262313843
1777330458.371242,0.08749878406524658,6.256385326385498,5.017658233642578,0.0041643176227808,0.0041643176227808,358.46460238351824,287.49074262313843
1777330458.426641,0.08749878406524658,6.256385326385498,5.017658233642578,-0.0008089902112260461,-0.0008089902112260461,358.46460238351824,287.49074262313843
1777330458.4275541,0.08749878406524658,6.256385326385498,5.017658233642578,0.0012821434065699577,0.0012821434065699577,358.46460238351824,287.49074262313843
1777330458.4276102,0.08749878406524658,6.256385326385498,5.017658233642578,0.0008012976031750441,0.0008012976031750441,358.46460238351824,287.49074262313843
1777330458.427694,0.08749878406524658,6.256385326385498,5.017658233642578,-0.0010933949379250407,-0.0010933949379250407,358.46460238351824,287.49074262313843
1777330458.427736,0.08749878406524658,6.256385326385498,5.017658233642578,-0.00118392298463732,-0.00118392298463732,358.46460238351824,287.49074262313843
1777330458.427777,0.08749878406524658,6.256385326385498,5.017658233642578,0.00019131266162730753,0.00019131266162730753,358.46460238351824,287.49074262313843
1777330458.4842,0.08749878406524658,6.256385326385498,5.017658233642578,-0.0009951743995770812,-0.0009951743995770812,358.46460238351824,287.49074262313843
1777330458.4842932,0.08749878406524658,6.256385326385498,5.017658233642578,0.0011813587043434381,0.0011813587043434381,358.46460238351824,287.49074262313843
1777330458.4843378,0.08749878406524658,6.256385326385498,5.017658233642578,-0.0010908307740464807,-0.0010908307740464807,358.46460238351824,287.49074262313843
1777330458.484384,0.08749878406524658,6.256385326385498,5.017658233642578,0.002083441009745002,0.002083441009745002,358.46460238351824,287.49074262313843
1777330458.484425,0.08749878406524658,6.256385326385498,5.017658233642578,-0.00010078473133035004,-0.00010078473133035004,358.46460238351824,287.49074262313843
1777330458.485267,0.08749878406524658,6.256385326385498,5.017658233642578,0.0008012976031750441,0.0008012976031750441,358.46460238351824,287.49074262313843
1777330458.5411992,0.08749878406524658,6.256385326385498,5.017658233642578,0.0009926102356985211,0.0009926102356985211,358.46460238351824,287.49074262313843
1777330458.541294,0.08749878406524658,6.256385326385498,5.017658233642578,0.001191615592688322,0.001191615592688322,358.46460238351824,287.49074262313843
1777330458.541339,0.08749878406524658,6.256385326385498,5.017658233642578,-0.0008995181415230036,-0.0008995181415230036,358.46460238351824,287.49074262313843
1777330458.6158578,0.08749878406524658,6.256385326385498,5.017658233642578,0.0010882666101679206,0.0010882666101679206,358.46460238351824,287.49074262313843
1777330458.6168141,0.08749878406524658,6.256385326385498,5.017658233642578,0.0009900459554046392,0.0009900459554046392,358.46460238351824,287.49074262313843
1777330458.61687,0.08749878406524658,6.256385326385498,5.017658233642578,-0.000294661644147709,-0.000294661644147709,358.46460238351824,287.49074262313843
1777330458.6169128,0.08749878406524658,6.256385326385498,5.017658233642578,0.0012847075704485178,0.0012847075704485178,358.46460238351824,287.49074262313843
1777330458.6169548,0.08749878406524658,6.256385326385498,5.017658233642578,0.000286969036096707,0.000286969036096707,358.46460238351824,287.49074262313843
1777330458.616996,0.08749878406524658,6.256385326385498,5.017658233642578,0.004559764172881842,0.004559764172881842,358.46460238351824,287.49074262313843
1777330458.617634,0.08749878406524658,6.256385326385498,5.017658233642578,0.00028440484311431646,0.00028440484311431646,358.46460238351824,287.49074262313843
1777330458.617682,0.08749878406524658,6.256385326385498,5.017658233642578,0.00019387686916161329,0.00019387686916161329,358.46460238351824,287.49074262313843
1777330458.617722,0.08749878406524658,6.256385326385498,5.017658233642578,9.309213055530563e-05,9.309213055530563e-05,358.46460238351824,287.49074262313843
1777330458.6738079,0.08749878406524658,6.256385326385498,5.017658233642578,-0.0018972567049786448,-0.0018972567049786448,358.46460238351824,287.49074262313843
1777330458.673907,0.08749878406524658,6.256385326385498,5.017658233642578,0.0012847075704485178,0.0012847075704485178,358.46460238351824,287.49074262313843
1777330458.674728,0.08749878406524658,6.256385326385498,5.017658233642578,0.0023704101331532,0.0023704101331532,358.46460238351824,287.49074262313843
1777330458.6747808,0.08749878406524658,6.256385326385498,5.017658233642578,0.003365584649145603,0.003365584649145603,358.46460238351824,287.49074262313843
1777330458.674824,0.08749878406524658,6.256385326385498,5.017658233642578,-0.0,-0.0,358.46460238351824,287.49074262313843
1777330458.674863,0.08749878406524658,6.256385326385498,5.017658233642578,0.002176533220335841,0.002176533220335841,358.46460238351824,287.49074262313843
1777330458.7304509,0.08749878406524658,6.256385326385498,5.017658233642578,0.002176533220335841,0.002176533220335841,358.46460238351824,287.49074262313843
1777330458.7313018,0.08749878406524658,6.256385326385498,5.017658233642578,0.0029880874790251255,0.0029880874790251255,358.46460238351824,287.49074262313843
1777330458.7313569,0.08749878406524658,6.256385326385498,5.017658233642578,0.0010857023298740387,0.0010857023298740387,358.46460238351824,287.49074262313843
1777330458.731401,0.08749878406524658,6.256385326385498,5.017658233642578,-0.002176533220335841,-0.002176533220335841,358.46460238351824,287.49074262313843
1777330458.731442,0.08749878406524658,6.256385326385498,5.017658233642578,-0.0009900459554046392,-0.0009900459554046392,358.46460238351824,287.49074262313843
1777330458.731483,0.08749878406524658,6.256385326385498,5.017658233642578,0.002088569337502122,0.002088569337502122,358.46460238351824,287.49074262313843
1777330458.787369,0.08749878406524658,6.256385326385498,5.017658233642578,0.0009020823054015636,0.0009020823054015636,358.46460238351824,287.49074262313843
1777330458.787453,0.08749878406524658,6.256385326385498,5.017658233642578,-0.0010882666101679206,-0.0010882666101679206,358.46460238351824,287.49074262313843
1777330458.787498,0.08749878406524658,6.256385326385498,5.017658233642578,0.00236784596927464,0.00236784596927464,358.46460238351824,287.49074262313843
1777330458.787539,0.08749878406524658,6.256385326385498,5.017658233642578,0.0010908307740464807,0.0010908307740464807,358.46460238351824,287.49074262313843
1777330458.7875788,0.08749878406524658,6.256385326385498,5.017658233642578,7.692606232012622e-06,7.692606232012622e-06,358.46460238351824,287.49074262313843
1777330458.7883892,0.08749878406524658,6.256385326385498,5.017658233642578,-9.565633081365377e-05,-9.565633081365377e-05,358.46460238351824,287.49074262313843
1777330458.844239,0.08749878406524658,6.256385326385498,5.017658233642578,-0.0007030770066194236,-0.0007030770066194236,358.46460238351824,287.49074262313843
1777330458.8443258,0.08749878406524658,6.256385326385498,5.017658233642578,-0.0019852204713970423,-0.0019852204713970423,358.46460238351824,287.49074262313843
1777330458.844372,0.08749878406524658,6.256385326385498,5.017658233642578,-0.0012744507985189557,-0.0012744507985189557,358.46460238351824,287.49074262313843
1777330458.844413,0.08749878406524658,6.256385326385498,5.017658233642578,0.0008995181415230036,0.0008995181415230036,358.46460238351824,287.49074262313843
1777330458.845212,0.08749878406524658,6.256385326385498,5.017658233642578,0.0011813587043434381,0.0011813587043434381,358.46460238351824,287.49074262313843
1777330458.899904,0.08749878406524658,6.256385326385498,5.017658233642578,-0.0010882666101679206,-0.0010882666101679206,358.46460238351824,287.49074262313843
1777330458.899989,0.08749878406524658,6.256385326385498,5.017658233642578,0.0009977385634556413,0.0009977385634556413,358.46460238351824,287.49074262313843
1777330458.900034,0.08749878406524658,6.256385326385498,5.017658233642578,-0.00047828166862018406,-0.00047828166862018406,358.46460238351824,287.49074262313843
1777330458.93173,0.08749878406524658,6.256385326385498,5.017658233642578,0.0008969539776444435,0.0008969539776444435,358.46460238351824,287.49074262313843
1777330458.9326751,0.08749878406524658,6.256385326385498,5.017658233642578,0.0024711948353797197,0.0024711948353797197,358.46460238351824,287.49074262313843
1777330458.932787,0.08749878406524658,6.256385326385498,5.017658233642578,0.0022747537586838007,0.0022747537586838007,358.46460238351824,287.49074262313843
1777330458.932873,0.08749878406524658,6.256385326385498,5.017658233642578,0.0013803639449179173,0.0013803639449179173,358.46460238351824,287.49074262313843
1777330458.932914,0.08749878406524658,6.256385326385498,5.017658233642578,-9.565633081365377e-05,-9.565633081365377e-05,358.46460238351824,287.49074262313843
1777330458.932956,0.08749878406524658,6.256385326385498,5.017658233642578,-0.00237297429703176,-0.00237297429703176,358.46460238351824,287.49074262313843
1777330458.98927,0.08749878406524658,6.256385326385498,5.017658233642578,-0.0008064259309321642,-0.0008064259309321642,358.46460238351824,287.49074262313843
1777330458.9893508,0.08749878406524658,6.256385326385498,5.017658233642578,0.001178794540464878,0.001178794540464878,358.46460238351824,287.49074262313843
1777330458.989393,0.08749878406524658,6.256385326385498,5.017658233642578,-0.0009977385634556413,-0.0009977385634556413,358.46460238351824,287.49074262313843
1777330459.020971,0.08749878406524658,6.256385326385498,5.017658233642578,-0.00019131266162730753,-0.00019131266162730753,358.46460238351824,287.49074262313843
1777330459.021048,0.08749878406524658,6.256385326385498,5.017658233642578,0.0009046465856954455,0.0009046465856954455,358.46460238351824,287.49074262313843
1777330459.02192,0.08749878406524658,6.256385326385498,5.017658233642578,0.0012872718507423997,0.0012872718507423997,358.46460238351824,287.49074262313843
1777330459.022128,0.08749878406524658,6.256385326385498,5.017658233642578,0.00247375899925828,0.00247375899925828,358.46460238351824,287.49074262313843
1777330459.02232,0.08749878406524658,6.256385326385498,5.017658233642578,9.565633081365377e-05,9.565633081365377e-05,358.46460238351824,287.49074262313843
1777330459.022367,0.08749878406524658,6.256385326385498,5.017658233642578,-0.0009046465856954455,-0.0009046465856954455,358.46460238351824,287.49074262313843
1777330459.077933,0.08749878406524658,6.256385326385498,5.017658233642578,-0.0007107696146704257,-0.0007107696146704257,358.46460238351824,287.49074262313843
1777330459.0788212,0.08749878406524658,6.256385326385498,5.017658233642578,0.0003903179313056171,0.0003903179313056171,358.46460238351824,287.49074262313843
1777330459.078877,0.08749878406524658,6.256385326385498,5.017658233642578,-0.0009020823054015636,-0.0009020823054015636,358.46460238351824,287.49074262313843
1777330459.134689,0.08749878406524658,6.256385326385498,5.017658233642578,-0.0,-0.0,358.46460238351824,287.49074262313843
1777330459.134769,0.08749878406524658,6.256385326385498,5.017658233642578,-0.0010857023298740387,-0.0010857023298740387,358.46460238351824,287.49074262313843
1777330459.1348128,0.08749878406524658,6.256385326385498,5.017658233642578,0.0012872718507423997,0.0012872718507423997,358.46460238351824,287.49074262313843
1777330459.1355882,0.08749878406524658,6.256385326385498,5.017658233642578,-0.0022696254309266806,-0.0022696254309266806,358.46460238351824,287.49074262313843
1777330459.135639,0.08749878406524658,6.256385326385498,5.017658233642578,0.0011941797565668821,0.0011941797565668821,358.46460238351824,287.49074262313843
1777330459.13568,0.08749878406524658,6.256385326385498,5.017658233642578,0.0010933949379250407,0.0010933949379250407,358.46460238351824,287.49074262313843
1777330459.191203,0.08749878406524658,6.256385326385498,5.017658233642578,-0.00018874845409300178,-0.00018874845409300178,358.46460238351824,287.49074262313843
1777330459.191287,0.08749878406524658,6.256385326385498,5.017658233642578,0.00018874845409300178,0.00018874845409300178,358.46460238351824,287.49074262313843
1777330459.192048,0.08749878406524658,6.256385326385498,5.017658233642578,0.00019387686916161329,0.00019387686916161329,358.46460238351824,287.49074262313843
1777330459.1920981,0.08749878406524658,6.256385326385498,5.017658233642578,-0.0010831381659954786,-0.0010831381659954786,358.46460238351824,287.49074262313843
1777330459.192139,0.08749878406524658,6.256385326385498,5.017658233642578,0.001191615592688322,0.001191615592688322,358.46460238351824,287.49074262313843
1777330459.192179,0.08749878406524658,6.256385326385498,5.017658233642578,0.0013803639449179173,0.0013803639449179173,358.46460238351824,287.49074262313843
1777330459.247696,0.08749878406524658,6.256385326385498,5.017658233642578,-0.0009874817915260792,-0.0009874817915260792,358.46460238351824,287.49074262313843
1777330459.2485492,0.08749878406524658,6.256385326385498,5.017658233642578,-0.0007133338949643075,-0.0007133338949643075,358.46460238351824,287.49074262313843
1777330459.2486022,0.08749878406524658,6.256385326385498,5.017658233642578,0.00028440484311431646,0.00028440484311431646,358.46460238351824,287.49074262313843
1777330459.248645,0.08749878406524658,6.256385326385498,5.017658233642578,8.796372276265174e-05,8.796372276265174e-05,358.46460238351824,287.49074262313843
1777330459.24869,0.08749878406524658,6.256385326385498,5.017658233642578,-0.0012770149623975158,-0.0012770149623975158,358.46460238351824,287.49074262313843
1777330459.2487302,0.08749878406524658,6.256385326385498,5.017658233642578,0.0012847075704485178,0.0012847075704485178,358.46460238351824,287.49074262313843
1777330459.304969,0.08749878406524658,6.256385326385498,5.017658233642578,0.0010933949379250407,0.0010933949379250407,358.46460238351824,287.49074262313843
1777330459.305057,0.08749878406524658,6.256385326385498,5.017658233642578,-0.000286969036096707,-0.000286969036096707,358.46460238351824,287.49074262313843
1777330459.305103,0.08749878406524658,6.256385326385498,5.017658233642578,-0.0009977385634556413,-0.0009977385634556413,358.46460238351824,287.49074262313843
1777330459.3051462,0.08749878406524658,6.256385326385498,5.017658233642578,-9.82205310720019e-05,-9.82205310720019e-05,358.46460238351824,287.49074262313843
1777330459.3051882,0.08749878406524658,6.256385326385498,5.017658233642578,-0.0008141185389831662,-0.0008141185389831662,358.46460238351824,287.49074262313843
1777330459.305977,0.08749878406524658,6.256385326385498,5.017658233642578,-0.0012847075704485178,-0.0012847075704485178,358.46460238351824,287.49074262313843
1777330459.361342,0.08749878406524658,6.256385326385498,5.017658233642578,0.0031768360640853643,0.0031768360640853643,358.46460238351824,287.49074262313843
1777330459.361425,0.08749878406524658,6.256385326385498,5.017658233642578,-0.0012770149623975158,-0.0012770149623975158,358.46460238351824,287.49074262313843
1777330459.3614678,0.08749878406524658,6.256385326385498,5.017658233642578,0.0007987333228811622,0.0007987333228811622,358.46460238351824,287.49074262313843
1777330459.3615081,0.08749878406524658,6.256385326385498,5.017658233642578,-2.5642018499638652e-06,-2.5642018499638652e-06,358.46460238351824,287.49074262313843
1777330459.362317,0.08749878406524658,6.256385326385498,5.017658233642578,-0.0008995181415230036,-0.0008995181415230036,358.46460238351824,287.49074262313843
1777330459.362371,0.08749878406524658,6.256385326385498,5.017658233642578,-0.001191615592688322,-0.001191615592688322,358.46460238351824,287.49074262313843
1777330459.421968,0.08749878406524658,6.256385326385498,5.017658233642578,0.0009951743995770812,0.0009951743995770812,358.46460238351824,287.49074262313843
1777330459.422059,0.08749878406524658,6.256385326385498,5.017658233642578,-0.0,-0.0,358.46460238351824,287.49074262313843
1777330459.4221041,0.08749878406524658,6.256385326385498,5.017658233642578,-0.0014734561555087566,-0.0014734561555087566,358.46460238351824,287.49074262313843
1777330459.422946,0.08749878406524658,6.256385326385498,5.017658233642578,0.0018921283772215247,0.0018921283772215247,358.46460238351824,287.49074262313843
1777330459.4230459,0.08749878406524658,6.256385326385498,5.017658233642578,-9.565633081365377e-05,-9.565633081365377e-05,358.46460238351824,287.49074262313843
1777330459.479095,0.08749878406524658,6.256385326385498,5.017658233642578,-0.0010959592182189226,-0.0010959592182189226,358.46460238351824,287.49074262313843
1777330459.4791732,0.08749878406524658,6.256385326385498,5.017658233642578,0.0012744507985189557,0.0012744507985189557,358.46460238351824,287.49074262313843
1777330459.479219,0.08749878406524658,6.256385326385498,5.017658233642578,0.0022747537586838007,0.0022747537586838007,358.46460238351824,287.49074262313843
1777330459.480036,0.08749878406524658,6.256385326385498,5.017658233642578,0.001178794540464878,0.001178794540464878,358.46460238351824,287.49074262313843
1777330459.480087,0.08749878406524658,6.256385326385498,5.017658233642578,0.0019877846352756023,0.0019877846352756023,358.46460238351824,287.49074262313843
1777330459.480129,0.08749878406524658,6.256385326385498,5.017658233642578,9.052793029695749e-05,9.052793029695749e-05,358.46460238351824,287.49074262313843
1777330459.535708,0.08749878406524658,6.256385326385498,5.017658233642578,-0.0032699282746762037,-0.0032699282746762037,358.46460238351824,287.49074262313843
1777330459.535795,0.08749878406524658,6.256385326385498,5.017658233642578,-2.5642018499638652e-06,-2.5642018499638652e-06,358.46460238351824,287.49074262313843
1777330459.536598,0.08749878406524658,6.256385326385498,5.017658233642578,-0.0014657634310424328,-0.0014657634310424328,358.46460238351824,287.49074262313843
1777330459.536649,0.08749878406524658,6.256385326385498,5.017658233642578,-0.0012744507985189557,-0.0012744507985189557,358.46460238351824,287.49074262313843
1777330459.536691,0.08749878406524658,6.256385326385498,5.017658233642578,0.00038262532325461507,0.00038262532325461507,358.46460238351824,287.49074262313843
1777330459.5367308,0.08749878406524658,6.256385326385498,5.017658233642578,-0.0013701071729883552,-0.0013701071729883552,358.46460238351824,287.49074262313843

"--- SEND COMMAND: Mode=position, Value=1.0 ---"
1777330459.59265,0.08749878406524658,6.256385326385498,5.017658233642578,-0.0010882666101679206,-0.0010882666101679206,358.46460238351824,287.49074262313843
1777330459.593478,0.08749878406524658,6.256385326385498,5.017658233642578,0.0011890513123944402,0.0011890513123944402,358.46460238351824,287.49074262313843
1777330459.593533,0.08749878406524658,6.256385326385498,5.017658233642578,0.0014683275949209929,0.0014683275949209929,358.46460238351824,287.49074262313843
1777330459.593576,0.08749878406524658,6.256385326385498,5.017658233642578,0.0009926102356985211,0.0009926102356985211,358.46460238351824,287.49074262313843
1777330459.593617,0.08749878406524658,6.256385326385498,5.017658233642578,-0.0019954771269112825,-0.0019954771269112825,358.46460238351824,287.49074262313843
1777330459.593657,0.08749878406524658,6.256385326385498,5.017658233642578,-9.309213055530563e-05,-9.309213055530563e-05,358.46460238351824,287.49074262313843
1777330459.649175,0.08749878406524658,6.256385326385498,5.017658233642578,0.0002895332290790975,0.0002895332290790975,358.46460238351824,287.49074262313843
1777330459.6492631,0.08749878406524658,6.256385326385498,5.017658233642578,-0.0010959592182189226,-0.0010959592182189226,358.46460238351824,287.49074262313843
1777330459.649309,0.08749878406524658,6.256385326385498,5.017658233642578,-0.0010003028437495232,-0.0010003028437495232,358.46460238351824,287.49074262313843
1777330459.6847901,0.08749878406524658,6.256385326385498,5.017658233642578,0.0022747537586838007,0.0022747537586838007,358.46460238351824,287.49074262313843
1777330459.685168,0.08749878406524658,6.256385326385498,5.017658233642578,-0.00018874845409300178,-0.00018874845409300178,358.46460238351824,287.49074262313843
1777330459.686194,0.08749878406524658,6.256385326385498,5.017658233642578,-0.0019852204713970423,-0.0019852204713970423,358.46460238351824,287.49074262313843
1777330459.686291,0.08749878406524658,6.256385326385498,5.018616676330566,-0.0018041646108031273,0.09458431601524353,358.46460238351824,287.54565736370085
1777330459.6863391,0.08749878406524658,6.256385326385498,5.017658233642578,-0.0009072107495740056,-0.09678724408149719,358.46460238351824,287.49074262313843
1777330459.686383,0.0874762237071991,6.256814002990723,5.0180864334106445,0.04837661609053612,0.04837661609053612,358.48916375255584,287.5152766714096
1777330459.745156,0.08754422515630722,6.2589874267578125,5.0183424949646,0.21922063827514648,0.027484536170959473,358.61369180603026,287.52994792299273
1777330459.7459588,0.08748747408390045,6.263664722442627,5.018226146697998,0.487529993057251,0.008273512125015259,358.88168120412826,287.52328165597913
1777330459.7460108,0.08752519637346268,6.271821022033691,5.017753601074219,0.8377988338470459,-0.02335381507873535,359.349002914238,287.4962067764282
1777330459.746054,0.08745644986629486,6.283785820007324,5.01725435256958,1.239052653312683,-0.009294271469116211,360.0345355859756,287.46760193395613
1777330459.7460952,0.08745315670967102,6.299568176269531,5.014820098876953,1.621659517288208,-0.19954609870910645,360.9387983139038,287.3281294212341
1777330459.746135,0.08744394034147263,6.318736553192139,5.012895584106445,1.9874223470687866,-0.121193528175354,362.03706580438615,287.2178628078461
1777330459.805721,0.08732577413320541,6.341461658477783,5.009734153747559,2.346201181411743,-0.24187016487121582,363.3391188918114,287.03672612628935
1777330459.805799,0.08721714466810226,6.367053985595703,5.008481025695801,2.6489298343658447,-0.03494453430175781,364.80545174789427,286.9649271520615
1777330459.8058429,0.08684754371643066,6.395265579223633,5.00792932510376,2.908515214920044,0.03277301788330078,366.4218575740814,286.93331702528
1777330459.8058848,0.08661872148513794,6.425408363342285,5.002597808837891,3.111327886581421,-0.43601346015930176,368.1489125043869,286.62784353561403
1777330459.8059258,0.08618329465389252,6.457057952880859,4.997814178466797,3.271206855773926,-0.37093138694763184,369.96230105667115,286.3537616065979
1777330459.865094,0.08565614372491837,6.489783763885498,4.9960246086120605,3.381523609161377,-0.06916356086730957,371.83735257883075,286.2512267701149
1777330459.8651788,0.0851411297917366,6.523192882537842,4.995876789093018,3.4500417709350586,0.09543824195861816,373.75155475931166,286.24275733251574
1777330459.865223,0.08451224863529205,6.556730270385742,4.99298095703125,3.472169876098633,-0.1704235076904297,375.6731062259674,286.0768383178711
1777330459.8652658,0.0831204205751419,6.623454570770264,5.022313117980957,3.462006092071533,-0.27588772773742676,379.49612839593885,287.7574479452133
1777330459.8653069,0.08229101449251175,6.655645370483398,5.018071174621582,3.4233508110046387,-0.21903657913208008,381.3405260181427,287.5144024068832
1777330459.8661609,0.08158809691667557,6.686276912689209,5.016104221343994,3.3343076705932617,0.07521510124206543,383.0955847340584,287.4017042452812
1777330459.9264581,0.08093347400426865,6.714714050292969,5.013860702514648,3.164233684539795,0.0962686538696289,384.7249132827759,287.2731600391388
1777330459.9265559,0.08015851676464081,6.740425109863281,5.007932662963867,2.9335293769836426,-0.23033714294433594,386.19804900970456,286.9335082706451
1777330459.926603,0.07956875115633011,6.76298189163208,5.001726150512695,2.6540966033935547,-0.22198128700256348,387.4904578665733,286.5779011745453
1777330459.926646,0.07902078330516815,6.782132625579834,4.997866630554199,2.330963373184204,0.030213594436645508,388.58771448869703,286.3567668909073
1777330459.927455,0.07853356003761292,6.7977094650268555,4.995227336883545,1.977756381034851,0.15648353099822998,389.4802019662857,286.2055464486122
1777330459.927506,0.07822427153587341,6.81043815612793,4.994533061981201,1.610795021057129,0.2685103416442871,390.20950250587464,286.1657674126625
1777330459.985984,0.07789084315299988,6.820558547973633,4.993148326873779,1.3073475360870361,0.15685176849365234,390.78935845298764,286.0864279068947
1777330459.9860768,0.07765788584947586,6.828096389770508,4.992056846618652,1.0468722581863403,0.18416988849639893,391.2212451290131,286.023890672493
1777330459.986122,0.07749912887811661,6.833137035369873,4.991345405578613,0.7774659991264343,0.2023390531539917,391.51005295114516,285.9831280889511
1777330460.046755,0.07745767384767532,6.836374759674072,4.990747928619385,0.5300727486610413,0.1466243863105774,391.6955609553337,285.9488951685905
1777330460.046845,0.07736802846193314,6.838092803955078,4.990548133850098,0.32301968336105347,0.13128124177455902,391.79399767684936,285.9374477674484
1777330460.046891,0.07742030918598175,6.838915824890137,4.991371154785156,0.178585946559906,0.178585946559906,391.8411533197403,285.98460341033933
1777330460.046933,0.0774630531668663,6.839609622955322,4.993023872375488,0.08892254531383514,0.1847594976425171,391.88090503492356,286.0792971868515
1777330460.046975,0.07741869240999222,6.840616226196289,4.995948314666748,0.0678919106721878,0.25967103242874146,391.93857917289733,286.2468554474831
1777330460.0478258,0.07738912850618362,6.842400550842285,4.997732639312744,0.10851263254880905,0.10851263254880905,392.0408134809494,286.34908975553515
1777330460.04793,0.07726791501045227,6.845195293426514,5.000527381896973,0.1894756406545639,0.1894756406545639,392.2009404931068,286.5092167676926
1777330460.0479732,0.07721836119890213,6.848894119262695,5.003267288208008,0.28469589352607727,0.18882545828819275,392.41286767845156,286.6662018917084
1777330460.048013,0.07700765132904053,6.85340690612793,5.004903793334961,0.4665916860103607,0.17897561192512512,392.6714314121246,286.75996676216124
1777330460.106459,0.07690862566232681,6.858808994293213,5.007429122924805,0.5585000514984131,0.2709365785121918,392.98094837522507,286.904657541275
1777330460.107299,0.07662903517484665,6.86523962020874,5.0100250244140625,0.660076916217804,0.2766573131084442,393.34939623155594,287.05339179382327
1777330460.107353,0.07639272511005402,6.872659206390381,5.012650966644287,0.7632014155387878,0.2848774194717407,393.774507357502,287.2038472546577
1777330460.1073961,0.07608106732368469,6.88087272644043,5.014153003692627,0.8551539182662964,0.18287956714630127,394.24510755958556,287.28990766897203
1777330460.107481,0.07573436200618744,6.889928817749023,5.016497611999512,0.9276674389839172,0.2567203640937805,394.7639835559845,287.4242438776016
1777330460.107523,0.07552416622638702,6.899378776550293,5.018277168273926,0.9808938503265381,0.21616441011428833,395.3054265054703,287.5262049779892
1777330460.163705,0.0750989317893982,6.909116744995117,5.020345211029053,1.0038057565689087,0.23495137691497803,395.86337119789124,287.6446951420784
1777330460.163788,0.07481256127357483,6.918830871582031,5.021430492401123,1.009422779083252,0.1466149091720581,396.41994985198977,287.70687720651625
1777330460.1638331,0.07439374923706055,6.928403854370117,5.022374629974365,0.9838666319847107,0.12259697914123535,396.96844155921934,287.76097232408523
1777330460.163876,0.0740649551153183,6.9374284744262695,5.023728847503662,0.9389040470123291,0.17068493366241455,397.4855143850327,287.83856330080033
1777330460.163917,0.07378476113080978,6.946106433868408,5.02569580078125,0.8921698331832886,0.2210453748703003,397.98272501363755,287.95126146240233
1777330460.164714,0.07350941747426987,6.954257965087891,5.02809476852417,0.84157395362854,0.26638948917388916,398.44977351608276,288.08871223840714
1777330460.220289,0.07321354746818542,6.961865425109863,5.02994966506958,0.7902610301971436,0.21499031782150269,398.8856490240097,288.1949900198936
1777330460.220373,0.07289109379053116,6.969029903411865,5.032320022583008,0.7278674244880676,0.24850323796272278,399.29614353990553,288.3308015499115
1777330460.220418,0.07259897142648697,6.975347518920898,5.033843994140625,0.6576794385910034,0.17841094732284546,399.658116374588,288.41811871948244
1777330460.220459,0.07248638570308685,6.980991363525391,5.036611557006836,0.5885979533195496,0.3009769916534424,399.98148496627806,288.5766884479523
1777330460.284234,0.07198454439640045,6.984355926513672,5.037099838256836,0.5156217217445374,0.22800076007843018,400.17426029434205,288.604664912796
1777330460.284327,0.07151935249567032,6.987174987792969,5.038959980010986,0.4446803629398346,0.3488147258758545,400.3357806655884,288.71124322271345
1777330460.284373,0.07113278657197952,6.989567279815674,5.039434432983398,0.38550329208374023,0.19373610615730286,400.4728489508629,288.7384273853302
1777330460.284417,0.07102328538894653,6.992794036865234,5.042661190032959,0.33038559556007385,0.33038559556007385,400.6577285774231,288.9233070118904
1777330460.284458,0.07091617584228516,6.99555778503418,5.045424938201904,0.28674790263175964,0.28674790263175964,400.81607973976134,289.08165817422866
1777330460.2852569,0.07071641832590103,6.998042583465576,5.0488691329956055,0.2596331238746643,0.3555130362510681,400.95844825372694,289.2789960702896
1777330460.2853088,0.07067820429801941,7.000540733337402,5.05232572555542,0.2572788894176483,0.3531422019004822,401.1015817491531,289.47704430627823
1777330460.340776,0.07052941620349884,7.003185272216797,5.0549702644348145,0.27041709423065186,0.27041709423065186,401.25310271987917,289.6285652770042
1777330460.3408582,0.07037729024887085,7.006091117858887,5.058835029602051,0.2957409918308258,0.39159464836120605,401.4195954706192,289.8500000890732
1777330460.340904,0.0702517181634903,7.009176731109619,5.060961723327637,0.32513001561164856,0.22926436364650726,401.59638815031053,289.97185070743564
1777330460.3417149,0.07009734958410263,7.012546539306641,5.064331531524658,0.3511454164981842,0.3511454164981842,401.7894640068054,290.1649265639305
1777330460.341836,0.06989873945713043,7.0161590576171875,5.067944049835205,0.36895623803138733,0.36895623803138733,401.99644613342286,290.37190869054797
1777330460.341887,0.0697614923119545,7.019769668579102,5.070595741271973,0.3764888346195221,0.28063511848449707,402.20331897697446,290.5238394727707
1777330460.397345,0.06949575245380402,7.0231828689575195,5.074008941650391,0.3655691146850586,0.3655691146850586,402.39888102321623,290.7194015190125
1777330460.397434,0.06941733509302139,7.026689052581787,5.077515602111816,0.359995037317276,0.359995037317276,402.59977061891556,290.92031843547824
1777330460.398295,0.06929804384708405,7.0299787521362305,5.080804824829102,0.33789515495300293,0.33789515495300293,402.78825658664704,291.1087770824432
1777330460.455155,0.06928308308124542,7.033019542694092,5.083846092224121,0.3173842430114746,0.3173842430114746,402.96248111429213,291.2830289308548
1777330460.455255,0.06915584951639175,7.03600549697876,5.087790489196777,0.3043474555015564,0.4001987874507904,403.1335637537956,291.5090263109207
1777330460.455301,0.06885974109172821,7.038674831390381,5.090459823608398,0.2957199811935425,0.2957199811935425,403.286505404377,291.66196796150206
1777330460.455343,0.06859967112541199,7.041263103485107,5.0940070152282715,0.2900432050228119,0.38590407371520996,403.434802524662,291.865207143116
1777330460.456138,0.06848122179508209,7.044088840484619,5.096832752227783,0.2890562415122986,0.2890562415122986,403.59670538663863,292.0271100050926
1777330460.456189,0.0684000626206398,7.046930313110352,5.100632667541504,0.2953835129737854,0.3912324607372284,403.75950983390806,292.2448291929245
1777330460.511541,0.06824496388435364,7.0498366355896,5.104497909545898,0.29782795906066895,0.3937055468559265,403.92602990541457,292.46629132575987
1777330460.511633,0.06815391778945923,7.0527424812316895,5.108362674713135,0.3010425865650177,0.39689871668815613,404.09252265615464,292.6877261378288
1777330460.511678,0.0679233968257904,7.055609703063965,5.11122989654541,0.3074292540550232,0.3074292540550232,404.2568024248123,292.8520059064865
1777330460.5124931,0.06772060692310333,7.058556079864502,5.115135192871094,0.3141259551048279,0.4099772274494171,404.42561744070053,293.0757629837036
1777330460.5125492,0.06754487752914429,7.061488151550293,5.118066787719727,0.31723496317863464,0.31723496317863464,404.5936128335953,293.2437310558319
1777330460.5125902,0.06731400638818741,7.06435489654541,5.12189245223999,0.31421929597854614,0.4100634455680847,404.7578652814865,293.46292556505205
1777330460.5716312,0.06703541427850723,7.067168235778809,5.125664710998535,0.3086046874523163,0.4044703245162964,404.91905780353545,293.67906014842987
1777330460.571717,0.06684159487485886,7.069954872131348,5.1294097900390625,0.30740445852279663,0.4032486081123352,405.07872036266326,293.8936374481201
1777330460.572505,0.06661930680274963,7.072661876678467,5.133075714111328,0.30303698778152466,0.3988882601261139,405.2338203537941,294.10367950057986
1777330460.572632,0.06646294891834259,7.075368404388428,5.136740684509277,0.3019414246082306,0.39780953526496887,405.38889302415845,294.31366691150663
1777330460.572682,0.06613709032535553,7.077956199645996,5.140287399291992,0.2946600615978241,0.3905424177646637,405.5371628236771,294.5168787723541
1777330460.5727239,0.06584866344928741,7.0804643630981445,5.143754482269287,0.286760151386261,0.38261866569519043,405.6808700551987,294.71552806520464
1777330460.6315389,0.06559798866510391,7.082891941070557,5.148099422454834,0.2770882546901703,0.46881723403930664,405.8199600771904,294.9644748890877
1777330460.632436,0.06531841307878494,7.085240840911865,5.151407241821289,0.27043983340263367,0.3663293123245239,405.95454217271805,295.1539990459442
1777330460.6324952,0.06512314826250076,7.087562561035156,5.155646800994873,0.26398158073425293,0.45566263794898987,406.0875669845581,295.39690798044205
1777330460.6325388,0.06465668231248856,7.092074394226074,5.162075996398926,0.26055896282196045,0.45229750871658325,406.3460760766983,295.76527387447356
1777330460.63258,0.06441496312618256,7.094344139099121,5.166263103485107,0.25613197684288025,0.44787532091140747,406.4761229249954,296.00517752466203
1777330460.632621,0.06411533802747726,7.096545219421387,5.170382022857666,0.24854181706905365,0.43983322381973267,406.60223558292387,296.24117430524825
1777330460.690649,0.06381461024284363,7.09865665435791,5.174410820007324,0.24966900050640106,0.4418254792690277,406.7232119367599,296.47200746097565
1777330460.6907442,0.06356211751699448,7.100620269775391,5.178292274475098,0.24192781746387482,0.43366870284080505,406.8357188529968,296.6943984998703
1777330460.6907918,0.06335806846618652,7.102436065673828,5.182983875274658,0.23121649026870728,0.5179224014282227,406.9397563316345,296.96320752096176
1777330460.69088,0.0630105659365654,7.104121208190918,5.186586380004883,0.22238367795944214,0.41460758447647095,407.0363079202652,297.1696159114838
1777330460.690922,0.06279484927654266,7.105541706085205,5.190883636474609,0.20795106887817383,0.4955049157142639,407.1176964835167,297.4158306587219
1777330460.691735,0.06256817281246185,7.106655597686768,5.195832252502441,0.18946051597595215,0.5713932514190674,407.1815177939415,297.69936557292937
1777330460.7510011,0.062315165996551514,7.107491493225098,5.199544429779053,0.1686846911907196,0.4573400914669037,407.22941109752657,297.9120577397346
1777330460.7510881,0.06206028163433075,7.107863426208496,5.204710483551025,0.13500788807868958,0.6142882108688354,407.25072129535675,298.20805092344284
1777330460.751134,0.061770133674144745,7.108114719390869,5.208796977996826,0.10203787684440613,0.48545020818710327,407.2651193392754,298.4421898919106
1777330460.7511759,0.061666134744882584,7.107994556427002,5.213470458984375,0.07571761310100555,0.5550220012664795,407.25823450613024,298.709960723877
1777330460.752008,0.0614483468234539,7.107822895050049,5.219051361083984,0.042851123958826065,0.6180811524391174,407.2483990302086,299.0297229743957
1777330460.752059,0.06131451949477196,7.107624053955078,5.223646640777588,0.016613474115729332,0.495989590883255,407.23700627059935,299.2930132006645
1777330460.811556,0.061210524290800095,7.107503414154053,5.229278564453125,-0.0030144641641527414,0.5721436738967896,407.2300941166878,299.61569877319334
1777330460.811657,0.061076726764440536,7.107304096221924,5.234831809997559,-0.012786902487277985,0.5624813437461853,407.2186740363121,299.9338764192581
1777330460.811703,0.06108589470386505,7.107146263122559,5.240426540374756,-0.016157835721969604,0.5590265989303589,407.2096308626175,300.25443097200395
1777330460.8125398,0.061019133776426315,7.106482982635498,5.245515823364258,-0.028292780742049217,0.5468029975891113,407.171627676487,300.54602551231386
1777330460.812594,0.060917049646377563,7.10569953918457,5.250484943389893,-0.04019380360841751,0.5350338220596313,407.1267396572113,300.8307352194786
1777330460.812636,0.060859452933073044,7.104877948760986,5.256374359130859,-0.06773950159549713,0.6032842993736267,407.0796659766197,301.1681740058899
1777330460.8717818,0.06072766333818436,7.104015350341797,5.261264801025391,-0.07986719906330109,0.49529796838760376,407.0302427101135,301.4483757865906
1777330460.871872,0.06067989021539688,7.103125095367432,5.267086029052734,-0.08750911802053452,0.5835985541343689,406.97923483915326,301.78190770339967
1777330460.8727,0.060548070818185806,7.102262496948242,5.271975994110107,-0.08532706648111343,0.4899267852306366,406.9298115726471,302.0620821633339
1777330460.8727522,0.06049065664410591,7.101441383361816,5.276906967163086,-0.08518456667661667,0.48987293243408203,406.88276521282194,302.34460620918276
1777330460.8727942,0.060284554958343506,7.100537300109863,5.28271484375,-0.08280669152736664,0.5882863998413086,406.8309650396347,302.67737314453126
1777330460.872836,0.06024603918194771,7.099489212036133,5.287419319152832,-0.08290016651153564,0.49220043420791626,406.7709139949799,302.94691982631684
1777330460.932097,0.060123540461063385,7.098468780517578,5.29215145111084,-0.09508254379034042,0.4801712930202484,406.71244755477903,303.21805111255645
1777330460.932984,0.05998130515217781,7.097300052642822,5.297694206237793,-0.10488875210285187,0.56607985496521,406.6454843562126,303.5356277017593
1777330460.9330401,0.05995216593146324,7.096093654632568,5.30319881439209,-0.11348339170217514,0.5576026439666748,406.5763628170967,303.8510186296463
1777330460.9330828,0.05984862521290779,7.094846248626709,5.3086628913879395,-0.1277494728565216,0.5433245897293091,406.50489169206617,304.1640872923851
1777330460.933125,0.05984877422451973,7.093719005584717,5.314247131347656,-0.11560621857643127,0.555374264717102,406.4403054001808,304.48404078826906
1777330460.989197,0.05981050059199333,7.092670440673828,5.319910049438477,-0.10570423305034637,0.5653985738754272,406.3802270347595,304.80850221061706
1777330460.990082,0.0597534142434597,7.091848850250244,5.325799465179443,-0.08615560084581375,0.5849639773368835,406.33315335416796,305.14594099702833
1777330460.9901388,0.05988418310880661,7.091119766235352,5.33178186416626,-0.07951906323432922,0.5913873910903931,406.29137990226747,305.4887073328972
1777330460.990182,0.059817902743816376,7.090456485748291,5.338788986206055,-0.07179530709981918,0.695098876953125,406.2533767161369,305.89018599586484
1777330460.990224,0.05983581766486168,7.089766025543213,5.345768451690674,-0.06734228134155273,0.6996622085571289,406.2138162463188,306.2900800543785
1777330460.9902651,0.05976962670683861,7.089102745056152,5.351816177368164,-0.06279837340116501,0.6083211898803711,406.1758130601883,306.63658933525085
1777330461.046419,0.05980703607201576,7.088559150695801,5.35798454284668,-0.057433485984802246,0.6136980056762695,406.1446673864365,306.9900107700348
1777330461.046504,0.0598997101187706,7.08790922164917,5.3640456199646,-0.05193044990301132,0.6190885305404663,406.1074291817665,307.33728503236773
1777330461.046548,0.0598335787653923,7.087245941162109,5.3710527420043945,-0.05511736869812012,0.7116379141807556,406.069425995636,307.73876369533536
1777330461.046591,0.05976753681898117,7.086582660675049,5.378059387207031,-0.07052923738956451,0.6963721513748169,406.03142280950544,308.1402150375366
1777330461.046632,0.05982387438416481,7.085813045501709,5.3840012550354,-0.08789248764514923,0.5832439064979553,405.98732709245684,308.48065910825727
1777330461.047445,0.05986068770289421,7.084805488586426,5.391622543334961,-0.09798363596200943,0.7649224400520325,405.92959831295013,308.9173269184113
1777330461.1032262,0.05983223393559456,7.083598613739014,5.398085594177246,-0.10648167133331299,0.6604124903678894,405.86044945306776,309.28763258686064
1777330461.10331,0.05972908437252045,7.0823516845703125,5.4045090675354,-0.11621277034282684,0.6505616903305054,405.7890056488037,309.6556706316948
1777330461.103356,0.059738725423812866,7.0810651779174805,5.409933567047119,-0.12862706184387207,0.542363166809082,405.71529422092436,309.96647167081835
1777330461.1033988,0.059729233384132385,7.079632759094238,5.415212631225586,-0.14376075565814972,0.5271981954574585,405.63322263851165,310.2689398761749
1777330461.104218,0.059738487005233765,7.077881813049316,5.423049449920654,-0.18426121771335602,0.7743716239929199,405.532900784111,310.7179566727638
1777330461.104268,0.05978554114699364,7.075679779052734,5.429476261138916,-0.22784653306007385,0.6348989009857178,405.40673348464964,311.0861859629631
1777330461.162654,0.05974819138646126,7.073040008544922,5.436424255371094,-0.2737998366355896,0.6847130656242371,405.2554857215881,311.4842768508911
1777330461.162744,0.05969224125146866,7.070162296295166,5.443134307861328,-0.29593831300735474,0.6625266671180725,405.09060489606856,311.8687346763611
1777330461.1627898,0.05970236286520958,7.067284107208252,5.449843883514404,-0.29475516080856323,0.6620122194290161,404.92569674978256,312.2531651810646
1777330461.163624,0.05979703366756439,7.0643792152404785,5.457485198974609,-0.3045715391635895,0.7521481513977051,404.7592586405754,312.6909804634094
1777330461.1636758,0.059704363346099854,7.0613813400268555,5.465034008026123,-0.3078894019126892,0.7464364171028137,404.5874929819107,313.12349551706313
1777330461.163718,0.05961184203624725,7.058383941650391,5.472582817077637,-0.30593612790107727,0.7464746236801147,404.41575464401245,313.55601057071686
1777330461.223139,0.059537649154663086,7.0556254386901855,5.480370998382568,-0.28885161876678467,0.7677332162857056,404.25770401010516,314.00224064912794
1777330461.223225,0.05938819423317909,7.052733421325684,5.488025188446045,-0.28666698932647705,0.7675967216491699,404.0920035615921,314.4407935921669
1777330461.2240908,0.05922058969736099,7.049696922302246,5.495535373687744,-0.30193400382995605,0.7485207319259644,403.918024920845,314.87109566373823
1777330461.224174,0.05913795158267021,7.046539783477783,5.503883361816406,-0.32056930661201477,0.8341871500015259,403.7371341261864,315.34940032196045
1777330461.224271,0.059016596525907516,7.0432634353637695,5.510194778442383,-0.33674702048301697,0.6219815015792847,403.5494131399155,315.71101798667905
1777330461.224312,0.0590285062789917,7.039920330047607,5.517397880554199,-0.34329652786254883,0.7113097906112671,403.3578672463417,316.1237254846573
1777330461.280847,0.05902820825576782,7.036538600921631,5.524562835693359,-0.3567095994949341,0.6977096796035767,403.1641083706856,316.5342473213196
1777330461.281728,0.059078242629766464,7.032651424407959,5.531221866607666,-0.3773006796836853,0.6771883368492126,402.94138948259354,316.9157818247795
1777330461.281783,0.05899438261985779,7.028830528259277,5.537947654724121,-0.38826432824134827,0.6662867069244385,402.7224681810379,317.3011412355423
1777330461.281826,0.05919969081878662,7.025221347808838,5.54488468170166,-0.37508347630500793,0.6793621778488159,402.51567729978564,317.698603745842
1777330461.281867,0.0593593567609787,7.021853446960449,5.553022384643555,-0.34241098165512085,0.8079985976219177,402.3227107263565,318.1648599460602
1777330461.281908,0.059481553733348846,7.0189313888549805,5.561605453491211,-0.30752143263816833,0.8429049253463745,402.15528906955717,318.6566337421417
1777330461.340728,0.05958464369177818,7.016331195831299,5.570510387420654,-0.27238738536834717,0.8779646158218384,402.00630893011095,319.16684905557634
1777330461.340817,0.059659458696842194,7.014114856719971,5.578840255737305,-0.22765685617923737,0.8268966674804688,401.87932200765607,319.64411552467345
1777330461.340885,0.059791240841150284,7.0122575759887695,5.586570739746094,-0.1838366985321045,0.7746044397354126,401.77290762233736,320.08703979034425
1777330461.340927,0.05992057919502258,7.010864734649658,5.595724105834961,-0.14663560688495636,0.9079801440238953,401.6931036635399,320.6114892230988
1777330461.340978,0.059964586049318314,7.009495735168457,5.6049017906188965,-0.14554698765277863,0.9088603854179382,401.6146657430649,321.13733201494216
1777330461.341852,0.0601884163916111,7.007917404174805,5.612911224365234,-0.15534436702728271,0.8033842444419861,401.5242340061188,321.5962389289856
1777330461.4008052,0.06038660556077957,7.006258964538574,5.621798992156982,-0.1683564931154251,0.8862881064414978,401.42921238040924,322.10547069482806
1777330461.400905,0.06105221435427666,7.002248287200928,5.627376079559326,-0.189158633351326,0.7693184614181519,401.19941741380694,322.4250143792152
1777330461.40095,0.061420638114213943,6.999314308166504,5.634988307952881,-0.23395168781280518,0.8206402063369751,401.03131273784635,322.86116309480667
1777330461.400994,0.06188676506280899,6.995835304260254,5.642055988311768,-0.2973564863204956,0.7570101022720337,400.8319804258347,323.26611149511336
1777330461.401802,0.062431979924440384,6.9919281005859375,5.650612831115723,-0.35768672823905945,0.8883203268051147,400.6081140655518,323.75638264904023
1777330461.460738,0.06302081048488617,6.987879753112793,5.658069610595703,-0.4034554958343506,0.7467360496520996,400.3761607584,324.1836247947693
1777330461.460829,0.06368575245141983,6.983867645263672,5.668438911437988,-0.41342422366142273,1.0244768857955933,400.1462838294983,324.7777421819687
1777330461.460875,0.06445160508155823,6.9799723625183105,5.677966117858887,-0.4146285057067871,0.9274309873580933,399.92310048837663,325.3236110956192
1777330461.460918,0.06518329679965973,6.9761576652526855,5.68757438659668,-0.41030430793762207,0.9317790269851685,399.70453435678485,325.874124539566
1777330461.4617548,0.06597273051738739,6.972703456878662,5.6985015869140625,-0.3839758038520813,1.0541410446166992,399.50662272462847,326.50020722351076
1777330461.4618108,0.06670974940061569,6.9691901206970215,5.707452297210693,-0.35764119029045105,0.8887202739715576,399.3053233174324,327.01304533052445
1777330461.5179021,0.06757573038339615,6.965771198272705,5.717456340789795,-0.36072126030921936,0.9814172983169556,399.10943342199323,327.5862350106239
1777330461.5180008,0.068504199385643,6.962248802185059,5.72639799118042,-0.3593902289867401,0.886671781539917,398.90761492023466,328.0985540230751
1777330461.518046,0.06938940286636353,6.9585041999816895,5.734158515930176,-0.3581753075122833,0.7923085689544678,398.69306494131087,328.54319949703216
1777330461.51888,0.07035649567842484,6.954436302185059,5.742554664611816,-0.38528454303741455,0.8608278036117554,398.45999148273467,329.02426355266573
1777330461.5189362,0.07126610726118088,6.950007438659668,5.750589370727539,-0.41910669207572937,0.8272666931152344,398.2062362039566,329.4846184673309
1777330461.518978,0.07216250896453857,6.945335388183594,5.759340286254883,-0.46584001183509827,0.8761308193206787,397.9385473342895,329.9860091732025
1777330461.577302,0.07305045425891876,6.940825462341309,5.768253326416016,-0.4787634313106537,0.8633415699005127,397.68014752521515,330.49668893966674
1777330461.577384,0.07398414611816406,6.936432838439941,5.778242111206055,-0.4663461446762085,0.9716987609863281,397.4284686246872,331.0690043552399
1777330461.5782158,0.07485852390527725,6.9325056076049805,5.7886962890625,-0.44521012902259827,0.9926191568374634,397.20345479221345,331.6679848388672
1777330461.57827,0.07562895119190216,6.92892599105835,5.799498081207275,-0.35913246870040894,1.0788044929504395,396.998357798481,332.2868821612358
1777330461.578312,0.0763625055551529,6.925892353057861,5.809887409210205,-0.31305497884750366,1.0288152694702148,396.8245430823326,332.88214702062606
1777330461.578353,0.07701443880796432,6.923243522644043,5.8206610679626465,-0.28074920177459717,1.0601825714111328,396.67277622470857,333.4994324177742
1777330461.634242,0.07765837013721466,6.920758247375488,5.830639839172363,-0.2565883994102478,0.9902837872505188,396.53038038997653,334.0711740972519
1777330461.635097,0.07821647077798843,6.918293476104736,5.840639114379883,-0.25202322006225586,0.9940268993377686,396.38915934820176,334.6440905696869
1777330461.635154,0.07878530025482178,6.9156646728515625,5.849515438079834,-0.2744520306587219,0.8759456276893616,396.2385399627685,335.15266663713453
1777330461.6351979,0.07938279956579208,6.912355899810791,5.858670711517334,-0.3349640667438507,0.9112730026245117,396.04896116437914,335.67722535295485
1777330461.6352398,0.07975997775793076,6.9086713790893555,5.86745023727417,-0.3919447064399719,0.8540549874305725,395.8378536020279,336.1802553048134
1777330461.63528,0.08017812669277191,6.9044413566589355,5.87664270401001,-0.4321942627429962,0.9071319103240967,395.59549108285904,336.7069450404167
1777330461.6934159,0.0806388109922409,6.89996337890625,5.886546611785889,-0.45980915427207947,0.9806963205337524,395.3389217651367,337.27439735956193
1777330461.693502,0.0809156522154808,6.89539098739624,5.89827299118042,-0.473580926656723,1.1560635566711426,395.0769429356575,337.9462696480751
1777330461.693546,0.08108682930469513,6.890869140625,5.910050392150879,-0.45806005597114563,1.1685529947280884,394.8178601074219,338.6210652585983
1777330461.693588,0.08117301017045975,6.886663436889648,5.92118501663208,-0.4387594163417816,1.098193645477295,394.5768909473419,339.25903247594835
1777330461.693632,0.08129153400659561,6.882486820220947,5.932348251342773,-0.42803168296813965,1.1060274839401245,394.33758835401534,339.89863893928526
1777330461.694418,0.08127347379922867,6.878332138061523,5.942575454711914,-0.4259033501148224,1.0089493989944458,394.0995425159454,340.4846147380829
1777330461.7497668,0.08112169802188873,6.874079704284668,5.952704429626465,-0.4403602182865143,1.000247597694397,393.8558959207535,341.064962458992
1777330461.749996,0.0810987651348114,6.8695597648620605,5.962565898895264,-0.47231584787368774,0.9658309817314148,393.59692237558363,341.62998322992325
1777330461.750081,0.08099958300590515,6.864596366882324,5.971983909606934,-0.5120738744735718,0.925462007522583,393.3125405176163,342.169595688057
1777330461.750128,0.08081500977277756,6.8593549728393555,5.981124401092529,-0.5372298955917358,0.9007850885391235,393.01223065280914,342.69330746011735
1777330461.805823,0.08058364689350128,6.853997230529785,5.9930243492126465,-0.5543769001960754,1.1709237098693848,392.7052545209885,343.37512450761795
1777330461.8059032,0.08032478392124176,6.848608016967773,6.005851745605469,-0.5596749782562256,1.2613941431045532,392.39647521858217,344.1100804458618
1777330461.805992,0.07997981458902359,6.843352794647217,6.0178542137146,-0.5409407615661621,1.1844028234481812,392.095373051548,344.79777145814893
1777330461.806033,0.07977232336997986,6.838491439819336,6.030250549316406,-0.4959864914417267,1.2294925451278687,391.8168378376007,345.50802942352294
1777330461.8060732,0.07926371693611145,6.834049224853516,6.042107582092285,-0.4563548266887665,1.173395037651062,391.5623175773621,346.18738760204315
1777330461.862263,0.0790090337395668,6.829898834228516,6.053297519683838,-0.43437695503234863,1.0992988348007202,391.3245176261902,346.8285240283012
1777330461.8623471,0.07847332209348679,6.825835704803467,6.063615798950195,-0.421089768409729,1.0166616439819336,391.09171737527845,347.4197180934906
1777330461.8623931,0.07791406661272049,6.821563243865967,6.073724746704102,-0.4413584768772125,0.9962670803070068,390.8469233078957,347.99891834220887
1777330461.862435,0.07747369259595871,6.817070007324219,6.085530757904053,-0.46018168330192566,1.169590950012207,390.589479725647,348.67535319871905
1777330461.862476,0.0768965482711792,6.812478065490723,6.096279144287109,-0.4699511229991913,1.0635006427764893,390.32638074474335,349.2911905952454
1777330461.918237,0.0764976367354393,6.807854652404785,6.109871864318848,-0.4836636483669281,1.337997317314148,390.0614785932541,350.0699963636398
1777330461.918318,0.07602296769618988,6.8030805587768555,6.122355937957764,-0.49376294016838074,1.2315865755081177,389.78794307956696,350.7852813500404
1777330461.9183621,0.07560434937477112,6.7981367111206055,6.134669780731201,-0.4977085292339325,1.2280724048614502,389.50468137302397,351.4908128228188
1777330461.918404,0.07518697530031204,6.7931928634643555,6.147942543029785,-0.5092194676399231,1.3120713233947754,389.22141966648104,352.25128635692596
1777330461.918445,0.07471857219934464,6.788135528564453,6.157266616821289,-0.5133141279220581,0.9248026609420776,388.9316556175232,352.7855166240692
1777330461.9192362,0.07438278198242188,6.7829365730285645,6.1683669090271,-0.530093252658844,1.0993189811706543,388.63377730093003,353.4215167462349
1777330461.978265,0.07406695932149887,6.777527809143066,6.178297996520996,-0.5493302941322327,0.9845814108848572,388.3238778470993,353.9905263490677
1777330461.978358,0.0735943466424942,6.771938323974609,6.189966678619385,-0.5738495588302612,1.1514509916305542,388.00362382278445,354.65909282484057
1777330461.978404,0.07334063947200775,6.766192436218262,6.202437400817871,-0.5895890593528748,1.2320382595062256,387.67440858707425,355.3736128297806
1777330461.978446,0.07296134531497955,6.760713577270508,6.214216232299805,-0.5721801519393921,1.1534653902053833,387.36049298057554,356.04849040260314
1777330461.9792871,0.07277844101190567,6.755413055419922,6.227132320404053,-0.5482973456382751,1.2730844020843506,387.05679534072874,356.7885280034065
1777330461.9793391,0.07238162308931351,6.750392913818359,6.239369869232178,-0.5172745585441589,1.2085063457489014,386.76916231155394,357.489688153553
1777330462.036077,0.07210218161344528,6.7455573081970215,6.250833511352539,-0.498034805059433,1.1317497491836548,386.4921024189949,358.1465066997528
1777330462.036159,0.07172361016273499,6.740902900695801,6.262477874755859,-0.47711455821990967,1.1527485847473145,386.22542441768644,358.8136798164368
1777330462.0362291,0.0714917778968811,6.736598014831543,6.272554874420166,-0.4518333375453949,0.9859628677368164,385.9787725381851,359.39104957380295
1777330462.03714,0.07111626863479614,6.732194423675537,6.282532691955566,-0.4458388388156891,0.9920952320098877,385.7264652600288,359.96273661174774
1777330462.03719,0.0708516389131546,6.7280144691467285,6.292734146118164,-0.4405180513858795,0.997667670249939,385.4869714213371,360.5472370891571
1777330462.037257,0.07062487304210663,6.7238311767578125,6.303891181945801,-0.4264364242553711,1.1075137853622437,385.2472863372803,361.18648838253023
1777330462.10056,0.07033946365118027,6.719987869262695,6.316346645355225,-0.4045488238334656,1.2248663902282715,385.02708095970155,361.9001341229439
1777330462.100647,0.07016041874885559,6.716335296630859,6.328034400939941,-0.3783237636089325,1.1554347276687622,384.8178038887024,362.56979342937467
1777330462.1014578,0.07006323337554932,6.712958812713623,6.339998245239258,-0.3501851558685303,1.1838446855545044,384.6243455414772,363.2552714595795
1777330462.101511,0.07011285424232483,6.709933280944824,6.353271961212158,-0.32214245200157166,1.307554841041565,384.45099527835845,364.0157996352196
1777330462.101554,0.07018572092056274,6.706821441650391,6.364541530609131,-0.31595346331596375,1.1221632957458496,384.27269995651244,364.66149862947464
1777330462.101595,0.07036148011684418,6.703648567199707,6.3757500648498535,-0.3315596580505371,1.105440616607666,384.090907576561,365.30370056562424
1777330462.157609,0.07056679576635361,6.70010232925415,6.38754415512085,-0.35450491309165955,1.1800235509872437,383.88772303647994,365.97945240297315
1777330462.158462,0.07103777676820755,6.692129611968994,6.394911766052246,-0.39158183336257935,1.1423327922821045,383.4309198214531,366.4015855653763
1777330462.158516,0.07136105746030807,6.687813758850098,6.405936241149902,-0.43202123045921326,1.101928949356079,383.1836395643234,367.03324168567656
1777330462.158559,0.0716724544763565,6.683415412902832,6.418795585632324,-0.4494015872478485,1.2758156061172485,382.93163281459806,367.7700281152725
1777330462.158599,0.07200590521097183,6.678930282592773,6.431568145751953,-0.45533913373947144,1.2700104713439941,382.67465368537904,368.50184216537474
1777330462.1586401,0.07238678634166718,6.674724102020264,6.445578575134277,-0.4529814124107361,1.367995262145996,382.4336572045326,369.3045809251785
1777330462.217194,0.07276774197816849,6.670517921447754,6.458630561828613,-0.4449635148048401,1.2807726860046387,382.19266072368623,370.05240494441983
1777330462.217275,0.07323775440454483,6.666301250457764,6.470712661743164,-0.43513384461402893,1.194444179534912,381.95106318597794,370.744658524704
1777330462.2173219,0.07361891120672226,6.662094593048096,6.481846332550049,-0.428415447473526,1.101331114768982,381.7100393843651,371.3825711005211
1777330462.2173629,0.07402165234088898,6.657548904418945,6.493599891662598,-0.43948978185653687,1.1948254108428955,381.449590517807,372.05600067272184
1777330462.217404,0.0744442492723465,6.652548313140869,6.503939628601074,-0.4724595844745636,1.0614936351776123,381.1630776400566,372.6484241724014
1777330462.218179,0.07481979578733444,6.647383689880371,6.515073776245117,-0.5117813944816589,1.1135296821594238,380.86716641864774,373.286364068985
1777330462.275009,0.07509364187717438,6.6422834396362305,6.5281901359558105,-0.5340131521224976,1.2925307750701904,380.57494350070954,374.03787639169695
1777330462.275094,0.07544813305139542,6.637205123901367,6.541328430175781,-0.5293347239494324,1.2917778491973877,380.28397733802797,374.79064546966555
1777330462.2751381,0.0758417546749115,6.632575035095215,6.553956031799316,-0.5129245519638062,1.2088955640792847,380.0186926958084,375.5141540067673
1777330462.275179,0.07603497803211212,6.6281890869140625,6.566827774047852,-0.4848160743713379,1.2426059246063232,379.76739628601075,376.2516507762909
1777330462.2759838,0.07629892975091934,6.62399435043335,6.579891204833984,-0.45192408561706543,1.273598074913025,379.5270555035591,377.000130493927
1777330462.276034,0.07645462453365326,6.619894981384277,6.592090606689453,-0.4331310987472534,1.1965696811676025,379.2921788743973,377.69910498275755
1777330462.3337579,0.07661982625722885,6.615766525268555,6.603302478790283,-0.42410045862197876,1.1096203327178955,379.0556356784821,378.3414981642723
1777330462.3339012,0.0767882838845253,6.611496448516846,6.614372730255127,-0.42708906531333923,1.1069000959396362,378.8109782149315,378.9757770781517
1777330462.333952,0.07687694579362869,6.607205867767334,6.6263813972473145,-0.4442051351070404,1.18565833568573,378.5651459584236,379.6638232604027
1777330462.334763,0.07696649432182312,6.602915287017822,6.63934850692749,-0.4449525773525238,1.2803114652633667,378.31931370191575,380.4067841832161
1777330462.3348138,0.07694876939058304,6.598719596862793,6.653369426727295,-0.4318629801273346,1.3893389701843262,378.0789182779312,381.2101239998817
1777330462.336457,0.07692907005548477,6.5947771072387695,6.666684627532959,-0.40060341358184814,1.3250912427902222,377.8530301809311,381.9730290822029
1777330462.392575,0.0768958032131195,6.591258525848389,6.679465293884277,-0.37014177441596985,1.2596814632415771,377.6514302453041,382.70530758533477
1777330462.392641,0.07684358209371567,6.587937355041504,6.692442893981934,-0.3369101881980896,1.2927093505859375,377.461141106987,383.44886956501006
1777330462.393431,0.07687751203775406,6.584862232208252,6.704708099365234,-0.3208942115306854,1.2125582695007324,377.28494948415755,384.1516143196106
1777330462.3934798,0.07689619064331055,6.58173131942749,6.715958595275879,-0.32740968465805054,1.11045241355896,377.1055613316536,384.7962204832077
1777330462.393523,0.07695268839597702,6.578315258026123,6.726923942565918,-0.344513863325119,1.0936359167099,376.90983536081313,385.4244888284683
1777330462.393564,0.07694599032402039,6.574792385101318,6.737782955169678,-0.3735125660896301,1.064100980758667,376.70798953828813,386.0466646428108
1777330462.451734,0.07705345004796982,6.57077693939209,6.75006628036499,-0.4040067791938782,1.2258970737457275,376.4779213640213,386.7504475865364
1777330462.4525719,0.07709699869155884,6.566654205322266,6.763201713562012,-0.4307689666748047,1.2948393821716309,376.24170601730344,387.5030527399063
1777330462.452628,0.07713370770215988,6.562448978424072,6.776254177093506,-0.43802109360694885,1.2872854471206665,376.00076417798994,388.2509040799141
1777330462.452671,0.07725168764591217,6.558261871337891,6.790283679962158,-0.432672381401062,1.389029622077942,375.7608605278015,389.0547356703758
1777330462.452713,0.07729404419660568,6.554139614105225,6.80341911315918,-0.42172420024871826,1.3036283254623413,375.52467250185015,389.80734082374573
1777330462.452754,0.07740063965320587,6.55012321472168,6.815701961517334,-0.4138399064540863,1.2157788276672363,375.2945496860504,390.51109644670487
1777330462.512259,0.07750710844993591,6.546106815338135,6.828943252563477,-0.41369831562042236,1.3117777109146118,375.0644268702507,391.26976681022643
1777330462.512335,0.07762990891933441,6.542002201080322,6.841137409210205,-0.42267173528671265,1.206787109375,374.82924971265794,391.96844077062605
1777330462.51238,0.07783156633377075,6.537726879119873,6.850285053253174,-0.4397370219230652,0.9023680090904236,374.58429172067645,392.4925623541832
1777330462.5124218,0.07814714312553406,6.533292293548584,6.864067077636719,-0.45403146743774414,1.3671711683273315,374.33020859270096,393.2822144668579
1777330462.5124638,0.07853149622678757,6.528858661651611,6.87785005569458,-0.4617248773574829,1.359386920928955,374.0761801062584,394.0719212210655
1777330462.572217,0.07884210348129272,6.524340629577637,6.892507076263428,-0.47024184465408325,1.447197437286377,373.81731584415434,394.9117069401741
1777330462.572296,0.07933523505926132,6.519664287567139,6.90700626373291,-0.4769946336746216,1.4405404329299927,373.54938108758927,395.74244948558805
1777330462.572341,0.07972753793001175,6.515162467956543,6.919762134552002,-0.4571312963962555,1.2683045864105225,373.2914457315445,396.4733073088646
1777330462.572383,0.08001219481229782,6.510903835296631,6.932761192321777,-0.4473746716976166,1.2778425216674805,373.0474439663887,397.2180987230301
1777330462.572424,0.08048368990421295,6.5065693855285645,6.946643352508545,-0.44275379180908203,1.3787704706192017,372.7990981993675,398.01348819665907
1777330462.5732238,0.08086533099412918,6.5022382736206055,6.958611488342285,-0.4517301619052887,1.1777256727218628,372.5509436777115,398.6992121137619
1777330462.631566,0.0811728835105896,6.497636795043945,6.970309257507324,-0.4633934199810028,1.1659432649612427,372.28729828147885,399.3694451562881
1777330462.631649,0.08139403164386749,6.493121147155762,6.984968662261963,-0.47373512387275696,1.4438449144363403,372.0285706232071,400.20936747922894
1777330462.631695,0.08170211315155029,6.488519668579102,6.998583793640137,-0.4758497178554535,1.345671534538269,371.76492522697447,400.98945732364655
1777330462.631736,0.08193448185920715,6.483831882476807,7.012112617492676,-0.48468098044395447,1.3365246057510376,371.4963347720146,401.76460210933686
1777330462.632525,0.08200600743293762,6.478959560394287,7.0235395431518555,-0.49667438864707947,1.132900595664978,371.217171180439,402.4193169565201
1777330462.632575,0.0822492390871048,6.474099636077881,7.036895751953125,-0.5066201686859131,1.3147162199020386,370.93871792879105,403.18457162475585
1777330462.6957781,0.08240608870983124,6.469058990478516,7.0491132736206055,-0.5207333564758301,1.2049612998962402,370.6499101066589,403.88458430271146
1777330462.695866,0.08241783827543259,6.4638285636901855,7.059223175048828,-0.540719211101532,0.9930452704429626,370.3502286194801,404.46383919296267
1777330462.695913,0.08242131024599075,6.458613395690918,7.073183059692383,-0.5440213084220886,1.3730344772338867,370.0514213968277,405.2636819515228
1777330462.6967528,0.08226066827774048,6.453371047973633,7.086157321929932,-0.5330833196640015,1.2880254983901978,369.7510568904877,406.007052685833
1777330462.6968052,0.08215827494859695,6.4484028816223145,7.099405765533447,-0.5166683197021484,1.3049015998840332,369.4664018248558,406.7661328608513
1777330462.6968472,0.08196725696325302,6.443519592285156,7.112739086151123,-0.5016827583312988,1.315656065940857,369.18660985565185,407.5300761322975
1777330462.754876,0.08176594972610474,6.4388909339904785,7.126327037811279,-0.47348552942276,1.3520548343658447,368.92140717573164,408.3086086930275
1777330462.7549598,0.08162026852369308,6.434695243835449,7.138430595397949,-0.4482071101665497,1.1812397241592407,368.6810117517471,409.0020917078018
1777330462.755738,0.08146711438894272,6.430596351623535,7.150630474090576,-0.4233797490596771,1.2018545866012573,368.44616244335174,409.7010935173988
1777330462.755787,0.08123131096363068,6.42648458480835,7.161859035491943,-0.4201345145702362,1.1177815198898315,368.2105754742622,410.3444429257393
1777330462.755828,0.08123818784952164,6.422486782073975,7.173201560974121,-0.41499513387680054,1.118922472000122,367.98151816835406,410.99432199726107
1777330462.755872,0.08123409748077393,6.418744087219238,7.1847991943359375,-0.40026411414146423,1.1273027658462524,367.76707747249606,411.65881767883303
1777330462.814278,0.08121869713068008,6.415090560913086,7.197444915771484,-0.38090503215789795,1.2556297779083252,367.557745759964,412.3833644050598
1777330462.815148,0.0811813473701477,6.411698818206787,7.20939302444458,-0.3544916808605194,1.1792224645614624,367.36341314821243,413.06794084997176
1777330462.815202,0.08129715174436569,6.408668518066406,7.222661972045898,-0.3173600435256958,1.3122268915176392,367.1897896774292,413.8281958179474
1777330462.815244,0.08138877153396606,6.405894756317139,7.235228538513184,-0.2897413969039917,1.2438194751739502,367.0308647789955,414.54820729694364
1777330462.815286,0.08155149966478348,6.403388500213623,7.247103691101074,-0.25892606377601624,1.1788972616195679,366.8872668305397,415.22860366458895
1777330462.815326,0.08168533444404602,6.401154041290283,7.258291721343994,-0.23838090896606445,1.1034893989562988,366.7592417189598,415.8696308077812
1777330462.874521,0.08182647824287415,6.39899206161499,7.269552707672119,-0.2329512983560562,1.1092603206634521,366.63536936388016,416.5148380282402
1777330462.87459,0.0818990170955658,6.3965678215026855,7.279592514038086,-0.2463998645544052,0.9998431205749512,366.49647058725355,417.09007676582337
1777330462.874632,0.08207173645496368,6.394054889678955,7.290502071380615,-0.25730136036872864,1.0848037004470825,366.3524901480675,417.71514858140944
1777330462.8746722,0.0820738896727562,6.391364097595215,7.301234245300293,-0.27259764075279236,1.0695862770080566,366.1983190629959,418.3300570718765
1777330462.874712,0.08206988126039505,6.386075019836426,7.309368133544922,-0.27925369143486023,1.0626834630966187,365.89527712154387,418.7960947059631
1777330462.875455,0.0820615142583847,6.383556842803955,7.321231365203857,-0.2723556160926819,1.1654677391052246,365.75099615392685,419.47580805444716
1777330462.933973,0.08212161809206009,6.381387233734131,7.3334431648254395,-0.25164052844047546,1.1863625049591064,365.626686666584,420.17549288320544
1777330462.934101,0.08207066357135773,6.379476070404053,7.345913410186768,-0.23101477324962616,1.206952452659607,365.5171850346565,420.889985567379
1777330462.934145,0.0821007713675499,6.377657890319824,7.357518196105957,-0.20366381108760834,1.1385141611099243,365.4130109521866,421.5548910604477
1777330462.934186,0.08211994171142578,6.376012802124023,7.369295597076416,-0.18267948925495148,1.1595932245254517,365.31875430793764,422.2296866709709
1777330462.934975,0.08213740587234497,6.374450206756592,7.380197048187256,-0.16641539335250854,1.079566478729248,365.2292241562843,422.85429403352737
1777330462.935029,0.08205750584602356,6.3728928565979,7.3901448249816895,-0.16289149224758148,0.9874893426895142,365.139994533062,423.4242598631859
1777330462.994009,0.08208621293306351,6.371157646179199,7.40087366104126,-0.16306990385055542,1.0833346843719482,365.04057426395417,424.03897710828784
1777330462.994095,0.08212389051914215,6.369333267211914,7.4105544090271,-0.1762416511774063,0.9737942218780518,364.9360450115204,424.5936433087349
1777330462.9941409,0.08216793835163116,6.367259979248047,7.419986724853516,-0.19078852236270905,0.9597072601318359,364.81725431900026,425.13407538986206
1777330462.994953,0.08214224874973297,6.364922523498535,7.431071758270264,-0.21554291248321533,1.1267969608306885,364.6833279218674,425.76920124750137
1777330462.9950058,0.08214422315359116,6.3623151779174805,7.4409284591674805,-0.24473343789577484,1.0013788938522339,364.5339379709244,426.3339488107681
1777330463.053329,0.08222866803407669,6.35971736907959,7.452712059020996,-0.2659813165664673,1.171847939491272,364.38509443531035,427.00909959125516
1777330463.0534132,0.08214051276445389,6.357108116149902,7.464484214782715,-0.27051085233688354,1.1674261093139648,364.2355952013016,427.6835946733475
1777330463.053458,0.0822165310382843,6.354599952697754,7.475399017333984,-0.26850736141204834,1.073362946510315,364.09188796978,428.3089670173645
1777330463.05426,0.08212561905384064,6.352073669433594,7.486295223236084,-0.2615090608596802,1.0807636976242065,363.9471425491333,428.93327385149
1777330463.0543108,0.08219072222709656,6.349738121032715,7.4983415603637695,-0.25285911560058594,1.1848623752593994,363.81332543506625,429.62347837429047
1777330463.054353,0.08226407319307327,6.347312927246094,7.508379936218262,-0.2453024834394455,1.000996708869934,363.6743720169067,430.1986351495743
1777330463.11276,0.08234541118144989,6.344798564910889,7.518329620361328,-0.2531750798225403,0.993155300617218,363.5303096154213,430.76871026229855
1777330463.1128461,0.08242657035589218,6.342283725738525,7.528278827667236,-0.2608036696910858,0.9856009483337402,363.3862198931694,431.33875805425646
1777330463.113654,0.08259343355894089,6.339694023132324,7.538153171539307,-0.26924875378608704,0.9767509698867798,363.237840810585,431.9045164858818
1777330463.1137059,0.08286143839359283,6.336935043334961,7.546899318695068,-0.28451594710350037,0.8656347990036011,363.07976285591127,432.4056339840889
1777330463.113749,0.08296042680740356,6.334082126617432,7.557469367980957,-0.28881096839904785,1.0531262159347534,362.91630271024707,433.0112534139633
1777330463.11379,0.08322861790657043,6.331323146820068,7.569091796875,-0.2954423129558563,1.1423389911651611,362.7582247555733,433.6771697753906
1777330463.168917,0.0834178626537323,6.32838773727417,7.580537796020508,-0.2899046540260315,1.148224115371704,362.5900381173134,434.3329774532318
1777330463.169745,0.08350226283073425,6.325789928436279,7.591362953186035,-0.2726401686668396,1.0695536136627197,362.4411945816994,434.95321349315645
1777330463.169798,0.08374115824699402,6.323465824127197,7.602461338043213,-0.2492896020412445,1.0927937030792236,362.3080331660271,435.58910433225634
1777330463.169845,0.08370625227689743,6.3212995529174805,7.613718032836914,-0.22086724638938904,1.121359944343567,362.18391492404936,436.23406566581724
1777330463.1698859,0.08375054597854614,6.319309711456299,7.624191761016846,-0.2055055797100067,1.040388822555542,362.0699053656578,436.834166300869
1777330463.169927,0.0838664099574089,6.317500114440918,7.63388729095459,-0.18352749943733215,0.9668701887130737,361.96622305698395,437.389679445076
1777330463.22464,0.08397126197814941,6.315863132476807,7.643755912780762,-0.16417762637138367,0.9859156608581543,361.8724308657646,437.95511002750396
1777330463.2247198,0.0840718150138855,6.314309120178223,7.652748107910156,-0.1586412787437439,0.8959097266197205,361.7833924879074,438.47032504119875
1777330463.2247648,0.08417236804962158,6.3127546310424805,7.661740303039551,-0.15929019451141357,0.8930273056030273,361.69432678928376,438.9855400548935
1777330463.224808,0.0842728540301323,6.311200141906738,7.670732021331787,-0.15901745855808258,0.897540807723999,361.6052610906601,439.5007277478218
1777330463.224849,0.08428897708654404,6.309646129608154,7.680683135986328,-0.15774506330490112,0.9927676320075989,361.51622271280286,440.07088482284547
1777330463.225645,0.08429956436157227,6.308087348937988,7.691588401794434,-0.16519074141979218,1.078924298286438,361.4269111272812,440.6957107515335
1777330463.279778,0.08414975553750992,6.306431770324707,7.702396869659424,-0.17383362352848053,1.0747947692871094,361.3320534261704,441.3149905646324
1777330463.279862,0.08426657319068909,6.304622173309326,7.712092399597168,-0.18454934656620026,0.9658483266830444,361.22837111749647,441.8705037088394
1777330463.279906,0.08422201126813889,6.302628040313721,7.7235212326049805,-0.20000630617141724,1.1368308067321777,361.1141156722069,442.52532783908845
1777330463.31872,0.08418384939432144,6.300544261932373,7.734859943389893,-0.21527448296546936,1.131746530532837,360.99472392282485,443.1749883444786
1777330463.319607,0.08424606174230576,6.298299312591553,7.745079040527344,-0.23427090048789978,1.0119037628173828,360.8660977543831,443.7604996902466
1777330463.319662,0.08422509580850601,6.295952796936035,7.755196571350098,-0.24099314212799072,1.005162239074707,360.7316522626877,444.34019171276094
1777330463.3197062,0.0842093899846077,6.29352331161499,7.765231132507324,-0.2531813681125641,0.9932544231414795,360.59245295763014,444.91512992191315
1777330463.319747,0.08420487493276596,6.290921211242676,7.774134159088135,-0.2661738693714142,0.8839938640594482,360.4433635351181,445.4252359522819
1777330463.319787,0.084200419485569,6.288319110870361,7.783995628356934,-0.26944705843925476,0.9765287637710571,360.29427411260605,445.9902567232132
1777330463.379339,0.08419593423604965,6.285717010498047,7.792899131774902,-0.27253565192222595,0.8778738975524902,360.14518469009397,446.50039007434845
1777330463.379433,0.0841914489865303,6.283114433288574,7.802760601043701,-0.2725369930267334,0.9737119674682617,359.9960679468155,447.0654108452797
1777330463.379478,0.08428817242383957,6.2803449630737305,7.812455177307129,-0.27362826466560364,0.9723403453826904,359.8373889352798,447.62086934795377
1777330463.37952,0.08435612171888351,6.277928829193115,7.82442045211792,-0.2582644820213318,1.179696798324585,359.6989546116829,448.3064293404579
1777330463.379561,0.08433560281991959,6.275589466094971,7.835503578186035,-0.24707971513271332,1.094835877418518,359.5649189314842,448.9414459150314
1777330463.380356,0.08448167890310287,6.273343563079834,7.844762802124023,-0.23180589079856873,0.9185917377471924,359.4362381215096,449.4719605579376
1777330463.4366121,0.08453288674354553,6.271182537078857,7.856024742126465,-0.22108133137226105,1.1210787296295166,359.3124204079628,450.1172224199295
1777330463.436696,0.08466783165931702,6.269109725952148,7.866415977478027,-0.22035609185695648,1.0259981155395508,359.1936570362091,450.71259656238556
1777330463.436741,0.08463472872972488,6.266935348510742,7.874788284301758,-0.2272687703371048,0.8271121382713318,359.06907434120177,451.19229457969664
1777330463.4367821,0.08460813760757446,6.264678955078125,7.884037017822266,-0.22944608330726624,0.9210091829299927,358.9397924743652,451.72220816574094
1777330463.437563,0.08457472920417786,6.262505054473877,7.892409324645996,-0.22834709286689758,0.8260985612869263,358.81523710012436,452.2019061830521
1777330463.49226,0.0843685045838356,6.26032018661499,7.900771141052246,-0.22379709780216217,0.8304401636123657,358.69005334825516,452.6810031435013
1777330463.49239,0.08423355966806412,6.258312702178955,7.908350944519043,-0.22279250621795654,0.7358043193817139,358.575032921505,453.11529404697416
1777330463.492436,0.08411260694265366,6.256224155426025,7.91680908203125,-0.20605923235416412,0.8482164144515991,358.45536796445845,453.5999098022461
1777330463.5239701,0.08396925777196884,6.254396915435791,7.925528526306152,-0.19023944437503815,0.8644026517868042,358.350674787426,454.09949733753206
1777330463.5248132,0.08407028764486313,6.252842426300049,7.934520244598389,-0.16378702223300934,0.890792965888977,358.26160908880235,454.61468503046035
1777330463.524866,0.08406616002321243,6.251543998718262,7.943768501281738,-0.14079231023788452,0.9138522744178772,358.1872146417618,455.1445712957382
1777330463.524909,0.08396803587675095,6.25041389465332,7.952225685119629,-0.11371329426765442,0.8449074029922485,358.1224644252777,455.6291324094772
1777330463.52495,0.08401301503181458,6.249722957611084,7.961122512817383,-0.0922991931438446,0.8664413690567017,358.08287663469315,456.13888326988223
1777330463.524991,0.08423801511526108,6.248960494995117,7.96898889541626,-0.07291023433208466,0.7897274494171143,358.03919072914124,456.5895939539909
1777330463.5798988,0.08487654477357864,6.248389720916748,7.978005886077881,-0.054443079978227615,0.9040459990501404,358.0064877717018,457.10622964754106
1777330463.5799942,0.08559371531009674,6.247997760772705,7.986242771148682,-0.050419971346855164,0.8124668002128601,357.98403010168073,457.5781685671806
1777330463.5800378,0.0864875465631485,6.2475266456604,7.994400501251221,-0.045613281428813934,0.8171634078025818,357.95703718442917,458.0455722395897
1777330463.611614,0.08764791488647461,6.2468976974487305,8.001441955566406,-0.051858898252248764,0.7149922251701355,357.92100109348297,458.4490179977417
1777330463.611687,0.08879697322845459,6.24644136428833,8.008655548095703,-0.059640392661094666,0.7072226405143738,357.8948551199913,458.8623265525818
1777330463.6125,0.09006225317716599,6.2456536293029785,8.015538215637207,-0.07725369930267334,0.6895326972007751,357.8497212138176,459.2566744955063
1777330463.612551,0.09115475416183472,6.244770050048828,8.023283004760742,-0.08965414762496948,0.7731775641441345,357.79909583358767,459.7004183841705
1777330463.6125922,0.09226622432470322,6.243716239929199,8.02894115447998,-0.10510134696960449,0.5658338069915771,357.7387169397354,460.02460659885406
1777330463.612632,0.09311877191066742,6.242652893066406,8.036506652832031,-0.11306435614824295,0.7496691942214966,357.6777916305542,460.4580778793335
1777330463.6675358,0.09439317882061005,6.240591526031494,8.042115211486816,-0.10801170766353607,0.6589735746383667,357.55968395719526,460.77942473430636
1777330463.668908,0.09461530297994614,6.239833831787109,8.04806900024414,-0.0966644212603569,0.5744167566299438,357.51627125930787,461.1205518241882
1777330463.6689641,0.0946500226855278,6.239414691925049,8.055319786071777,-0.07791990041732788,0.6887012720108032,357.4922563055992,461.53599139881135
1777330463.727087,0.09448932856321335,6.239329814910889,8.061946868896484,-0.04791121557354927,0.6233881115913391,357.4873932091713,461.91569541091917
1777330463.727165,0.09421919286251068,6.2395782470703125,8.0689058303833,-0.011162939481437206,0.6598608493804932,357.5016273284912,462.3144146764755
1777330463.727208,0.09399743378162384,6.240349292755127,8.076388359069824,0.029490305110812187,0.7005547285079956,357.5458050078392,462.74313214359285
1777330463.728,0.0935686007142067,6.241627216339111,8.083418846130371,0.07761605083942413,0.6526711583137512,357.6190246619225,463.14594952411653
1777330463.7280488,0.09336844086647034,6.243343353271484,8.089929580688477,0.12997066974639893,0.6093708276748657,357.7173521003723,463.5189872692108
1777330463.7280908,0.09304801374673843,6.245578765869141,8.095999717712402,0.17982669174671173,0.5624452829360962,357.8454318534851,463.8667806261063
1777330463.7875772,0.09279162436723709,6.2481584548950195,8.10241413116455,0.22750091552734375,0.6118427515029907,357.99323719997403,464.23429957637785
1777330463.787667,0.09268500655889511,6.251193523406982,8.108325958251953,0.2726081311702728,0.5601956248283386,358.1671338784218,464.57302243881225
1777330463.7884989,0.09255965799093246,6.254483699798584,8.114492416381836,0.306896835565567,0.5937433242797852,358.3556471669197,464.9263345905304
1777330463.788552,0.09250111877918243,6.2580413818359375,8.120925903320312,0.3409980535507202,0.629327654838562,358.5594874053955,465.29494637145996
1777330463.788594,0.09235529601573944,6.261684894561768,8.126487731933594,0.3637205958366394,0.5554064512252808,358.7682453818321,465.6136157913208
1777330463.7886348,0.09210041910409927,6.26557731628418,8.13229751586914,0.3845461905002594,0.5758590698242188,358.9912647983551,465.9464920097351
1777330463.848746,0.09184524416923523,6.269469738006592,8.138107299804688,0.3987215757369995,0.5907962322235107,359.2142842148781,466.2793682281494
1777330463.849547,0.09150855243206024,6.273364543914795,8.143918991088867,0.40328270196914673,0.5949852466583252,359.4374402352333,466.6123537296295
1777330463.8496,0.09108472615480423,6.277154922485352,8.149627685546875,0.40238046646118164,0.5941046476364136,359.6546130077362,466.9394379455566
1777330463.849642,0.09049423784017563,6.280850887298584,8.154282569885254,0.3907521665096283,0.48664411902427673,359.8663762684822,467.20614326763155
1777330463.849683,0.08983785659074783,6.28427791595459,8.160585403442383,0.35254958271980286,0.6400939226150513,360.062730616951,467.5672691585541
1777330463.8497229,0.0891198143362999,6.287271022796631,8.165495872497559,0.3202836513519287,0.5120292901992798,360.2342230679512,467.8486184114456
1777330463.908224,0.08823461085557938,6.290162086486816,8.171263694763184,0.28783291578292847,0.5754610896110535,360.3998688749313,468.17909040241244
1777330463.908313,0.08737812936306,6.292617321014404,8.176594734191895,0.2538866698741913,0.5414813756942749,360.5405435013771,468.48453657131193
1777330463.9083579,0.08646819740533829,6.294630527496338,8.182443618774414,0.21183212101459503,0.595196545124054,360.65589177732465,468.8196530925751
1777330463.908399,0.08558058738708496,6.296305179595947,8.187952995300293,0.17225927114486694,0.5557889938354492,360.7518423090935,469.13531722812655
1777330463.908439,0.08463188260793686,6.297539710998535,8.193022727966309,0.13279354572296143,0.516184389591217,360.8225757734299,469.425791617012
1777330463.909227,0.0838727205991745,6.298530101776123,8.198806762695312,0.09324385970830917,0.5725122094154358,360.87932100534437,469.7571925140381
1777330463.967552,0.08307113498449326,6.298905372619629,8.203975677490234,0.04625141993165016,0.5255079865455627,360.9008224485397,470.05334962234497
1777330463.9676402,0.08229759335517883,6.298852920532227,8.209675788879395,-0.009279231540858746,0.5659171342849731,360.89781716423033,470.37994206447604
1777330463.967686,0.08155107498168945,6.29828405380249,8.214859962463379,-0.05825987830758095,0.5169939398765564,360.8652234898567,470.67697343730924
1777330463.9677289,0.08083973824977875,6.297285079956055,8.219613075256348,-0.10878349095582962,0.4663171172142029,360.8079864841461,470.9493068372726
1777330463.9685671,0.08024551719427109,6.295774936676025,8.224814414978027,-0.15221549570560455,0.5188321471214294,360.72146161680223,471.24732175769805
1777330463.96862,0.07985322922468185,6.293834209442139,8.230544090270996,-0.19644208252429962,0.5704593062400818,360.6102660973549,471.57560808734894
1777330464.0238562,0.07940025627613068,6.291549205780029,8.235929489135742,-0.23276881873607635,0.5339289903640747,360.4793449845314,471.88416882362367
1777330464.023944,0.0791427344083786,6.288923263549805,8.240973472595215,-0.26700013875961304,0.4998173117637634,360.3288895236969,472.1731678911209
1777330464.023988,0.07888921350240707,6.286125659942627,8.245845794677734,-0.29325199127197266,0.4737333059310913,360.1685985869408,472.45233148269654
1777330464.02479,0.07883193343877792,6.283083438873291,8.252391815185547,-0.3105188310146332,0.6482456922531128,359.99429209699633,472.8273909645081
1777330464.0248399,0.07885125279426575,6.280129909515381,8.25806713104248,-0.30959615111351013,0.5531924962997437,359.82506726961134,473.15256272678374
1777330464.079248,0.07878655940294266,6.277088165283203,8.264612197875977,-0.3074999153614044,0.6509652137756348,359.6507881004334,473.52756756706236
1777330464.07933,0.07878873497247696,6.274396896362305,8.270550727844238,-0.28752005100250244,0.5751510858535767,359.49658969459534,473.8678203924179
1777330464.079374,0.07878422737121582,6.271788597106934,8.2775297164917,-0.2635248303413391,0.6950479745864868,359.34714510211944,474.2676871301651
1777330464.080142,0.0787632092833519,6.269443035125732,8.282854080200195,-0.2373426854610443,0.5295970439910889,359.21275425195694,474.5727508083344
1777330464.080192,0.0788043737411499,6.267538547515869,8.288619995117188,-0.20384147763252258,0.5630215406417847,359.10363511075974,474.90311351623535
1777330464.0802329,0.07882093638181686,6.265888214111328,8.294639587402344,-0.16884654760360718,0.5980931520462036,359.0090779380798,475.24801087188723
1777330464.1345322,0.07891785353422165,6.2644243240356445,8.299886703491211,-0.14039568603038788,0.5306616425514221,358.9252031850815,475.5486485858917
1777330464.1346262,0.07899683713912964,6.2632155418396,8.305389404296875,-0.12006468325853348,0.5509158372879028,358.8559450421333,475.86393023071287
1777330464.135403,0.07897035032510757,6.26226282119751,8.310190200805664,-0.0950559750199318,0.4801572263240814,358.8013581507683,476.13899570732116
1777330464.135455,0.07894380390644073,6.26139497756958,8.316033363342285,-0.07659720629453659,0.594376266002655,358.75163435583113,476.4737843793869
1777330464.1354969,0.07889483869075775,6.260787487030029,8.321178436279297,-0.06184229999780655,0.5133421421051025,358.71682769937513,476.7685754493713
1777330464.135539,0.07884574681520462,6.260264873504639,8.325448989868164,-0.04429786652326584,0.43500661849975586,358.68688413934706,477.01326023368836
1777330464.193001,0.07886147499084473,6.260002136230469,8.330939292907715,-0.023582927882671356,0.5516492128372192,358.6718303970337,477.32783153858185
1777330464.1938188,0.07886835187673569,6.2599196434021,8.335650444030762,-0.009229738265275955,0.47005078196525574,358.667103904438,477.5977607110977
1777330464.193874,0.0787787213921547,6.259912967681885,8.340437889099121,0.005779325030744076,0.4850118160247803,358.6667214137077,477.8720612062454
1777330464.193917,0.0787787213921547,6.259912967681885,8.345232009887695,0.012321178801357746,0.4916374981403351,358.6667214137077,478.14674419212344
1777330464.193959,0.07868443429470062,6.260080814361572,8.35019302368164,0.020205240696668625,0.4995574951171875,358.67633832349776,478.43098944625854
1777330464.194069,0.07867313176393509,6.26025390625,8.355159759521484,0.027915773913264275,0.507112443447113,358.68625576171877,478.7155625495911
1777330464.249569,0.07865495979785919,6.260509014129639,8.359251022338867,0.029086843132972717,0.41257816553115845,358.7008723717689,478.9499747257233
1777330464.249655,0.07881633192300797,6.260693073272705,8.364228248596191,0.032781634479761124,0.5120382308959961,358.7114181876183,479.2351488859177
1777330464.2497,0.07897770404815674,6.260876655578613,8.369205474853516,0.033951204270124435,0.5133752822875977,358.7219366827011,479.5203230461121
1777330464.2497432,0.07913226634263992,6.261143684387207,8.374266624450684,0.031938888132572174,0.5112792253494263,358.7372363119125,479.8103056612015
1777330464.249783,0.07946626842021942,6.261338233947754,8.379255294799805,0.029495060443878174,0.5087395906448364,358.7483831846237,480.09613551979066
1777330464.250587,0.07971064746379852,6.261527061462402,8.384238243103027,0.026311885565519333,0.5041114091873169,358.75920220813754,480.38163752918246
1777330464.3070579,0.08004920929670334,6.261631965637207,8.390095710754395,0.028668545186519623,0.6055256724357605,358.7652127767563,480.7172458242416
1777330464.3071392,0.08038999140262604,6.261744499206543,8.395001411437988,0.021866383031010628,0.5011708736419678,358.77166047763825,480.99832186946867
1777330464.3071842,0.08073532581329346,6.26176643371582,8.400775909423828,0.020170357078313828,0.593777596950531,358.7729172328949,481.32917635116576
1777330464.307227,0.08107397705316544,6.261871814727783,8.406634330749512,0.01878616027534008,0.5954408645629883,358.77895512228014,481.6648392877579
1777330464.308033,0.08124662190675735,6.261882781982422,8.411438941955566,0.022894224151968956,0.5022704601287842,358.7795834999084,481.9401233304977
1777330464.308085,0.08141257613897324,6.261976718902588,8.417285919189453,0.026535145938396454,0.5999279618263245,358.7849656908989,482.2751305686951
1777330464.365398,0.081656813621521,6.262165546417236,8.42226791381836,0.03255072981119156,0.5132848620414734,358.79578471441266,482.56057793655395
1777330464.3654752,0.08181825280189514,6.2623491287231445,8.428204536437988,0.03392001613974571,0.6090949773788452,358.8063032094955,482.9007214788437
1777330464.365521,0.08188547194004059,6.262701034545898,8.433349609375,0.04037937521934509,0.5197556018829346,358.8264659351349,483.1955125488281
1777330464.366283,0.08187422901391983,6.262873649597168,8.439275741577148,0.036282435059547424,0.6115100383758545,358.8363560525894,483.535055034256
1777330464.366334,0.08185168355703354,6.263218879699707,8.44537353515625,0.03719591721892357,0.6124042272567749,358.8561362874985,483.8844329956055
1777330464.3663738,0.08163844794034958,6.263808727264404,8.450757026672363,0.03583813086152077,0.5151066780090332,358.8899320755959,484.19288444881437
1777330464.4210439,0.08162260055541992,6.264071464538574,8.456771850585938,0.03492387756705284,0.6101945638656616,358.9049858179092,484.53750859680173
1777330464.421361,0.08160465955734253,6.264326572418213,8.461821556091309,0.03365436941385269,0.5129106640815735,358.91960242795943,484.8268355134964
1777330464.4221592,0.0816001147031784,6.264416694641113,8.467663764953613,0.02718830108642578,0.6023344993591309,358.9247660528183,485.16156954402925
1777330464.4222112,0.08152177184820175,6.264321804046631,8.472362518310547,0.012182549573481083,0.491522878408432,358.91932922029497,485.43078837661744
1777330464.422254,0.08144325017929077,6.264142990112305,8.477936744689941,-0.005630688741803169,0.5695632100105286,358.90908393287657,485.75016813640593
1777330464.422296,0.08147703856229782,6.263624668121338,8.48221206665039,-0.027893921360373497,0.45132672786712646,358.8793862597465,485.9951261283874
1777330464.479075,0.08152206987142563,6.26293420791626,8.487274169921875,-0.04735275357961655,0.5277454853057861,358.83982578992845,486.28516338500975
1777330464.47991,0.08149546384811401,6.26198148727417,8.492074012756348,-0.07280580699443817,0.5023499131202698,358.78523889856336,486.5601742200851
1777330464.479964,0.08148463815450668,6.260850429534912,8.496695518493652,-0.09644603729248047,0.4786328673362732,358.7204340405464,486.82496708850863
1777330464.537812,0.0814780592918396,6.25954532623291,8.50210189819336,-0.11543978005647659,0.5554666519165039,358.64565710277554,487.13472993850706
1777330464.5379012,0.08157936483621597,6.257991313934326,8.507259368896484,-0.13761530816555023,0.5334658622741699,358.55661872491834,487.43023134841917
1777330464.537947,0.0817004069685936,6.256084442138672,8.512063980102539,-0.16053198277950287,0.5105253458023071,358.4473629798889,487.70551539115905
1777330464.538786,0.08166266977787018,6.254000663757324,8.516691207885742,-0.19025582075119019,0.48063385486602783,358.3279712305069,487.9706361087799
1777330464.53884,0.08181284368038177,6.251666069030762,8.522027015686035,-0.2162531316280365,0.5505907535552979,358.1942087579727,488.2763554853439
1777330464.538882,0.08189549297094345,6.248978614807129,8.527968406677246,-0.24244560301303864,0.6202470660209656,358.0402289182663,488.61677223529813
1777330464.594132,0.081906259059906,6.246114730834961,8.533733367919922,-0.2708975076675415,0.5917497873306274,357.87614039497373,488.94708030166623
1777330464.594221,0.082010917365551,6.243082046508789,8.539329528808594,-0.2949812710285187,0.5678147077560425,357.70238032035826,489.2677168167114
1777330464.595028,0.08212298899888992,6.239966869354248,8.544843673706055,-0.31362974643707275,0.5491707921028137,357.52389375314715,489.5836541599274
1777330464.5950809,0.08224182575941086,6.236671447753906,8.551136016845703,-0.33890339732170105,0.619825005531311,357.3350799362183,489.94417899398803
1777330464.5951731,0.08236490935087204,6.2333831787109375,8.557435035705566,-0.33663758635520935,0.6217796802520752,357.14667593078616,490.305086318779
1777330464.652216,0.08230716735124588,6.230166435241699,8.562847137451172,-0.3311800956726074,0.5315148830413818,356.96237004032133,490.6151770179749
1777330464.6523032,0.08232764899730682,6.22713041305542,8.568439483642578,-0.31809118390083313,0.544704794883728,356.7884187203407,490.9355949668884
1777330464.65308,0.08225824683904648,6.224086761474609,8.57402515411377,-0.31008338928222656,0.5525423884391785,356.61403026809694,491.25563042507173
1777330464.6531289,0.08225764334201813,6.221308708190918,8.578917503356934,-0.28726592659950256,0.47961631417274475,356.4548594827652,491.5359414888382
1777330464.653171,0.08224409818649292,6.218790531158447,8.58406925201416,-0.2566119134426117,0.5103662014007568,356.31057851514817,491.8311150495529
1777330464.6532109,0.08229092508554459,6.216620922088623,8.588611602783203,-0.2239825278520584,0.44708192348480225,356.18626902780534,492.09137267074584
1777330464.711458,0.08231526613235474,6.214796543121338,8.593498229980469,-0.1909535974264145,0.4800366163253784,356.08173977537155,492.3713558853149
1777330464.712321,0.08223423361778259,6.213314533233643,8.598727226257324,-0.1573171317577362,0.513840913772583,355.9968268332481,492.6709554101944
1777330464.712376,0.08222256600856781,6.212098121643066,8.603263854980469,-0.12396882474422455,0.45106691122055054,355.9271315580368,492.93088518218997
1777330464.712419,0.08226940035820007,6.21131706237793,8.608235359191895,-0.085031658411026,0.4903923571109772,355.8823801425934,493.2157314931869
1777330464.712461,0.08221317827701569,6.210791110992432,8.612503051757812,-0.04850899800658226,0.4307834804058075,355.85224533720015,493.4602523529053
1777330464.712502,0.08221317827701569,6.210791110992432,8.616338729858398,-0.00794889684766531,0.375446617603302,355.85224533720015,493.68002059822084
1777330464.767831,0.08228052407503128,6.21114444732666,8.621484756469727,0.033489666879177094,0.5127701759338379,355.87249002513886,493.97486630973816
1777330464.767918,0.08223602175712585,6.2118353843688965,8.62601089477539,0.07076340168714523,0.45418766140937805,355.9120778157234,494.23419502487184
1777330464.767964,0.08225881308317184,6.212879180908203,8.629931449890137,0.10838300734758377,0.3959968090057373,355.9718829734802,494.4588263666153
1777330464.7680051,0.08217209577560425,6.214169979095459,8.634099006652832,0.14246757328510284,0.43009084463119507,356.0458402882576,494.6976098653793
1777330464.7680461,0.08223584294319153,6.215817451477051,8.638622283935547,0.16662529110908508,0.45421525835990906,356.1402335363388,494.95677465591433
1777330464.7688498,0.0822056457400322,6.217634201049805,8.642356872558594,0.1827966719865799,0.37415966391563416,356.2443256565094,495.17075089874265
1777330464.8257291,0.08226527273654938,6.219459533691406,8.646099090576172,0.1958923637866974,0.3879503011703491,356.3489095504761,495.3851642738342
1777330464.825814,0.08222436159849167,6.22144889831543,8.650964736938477,0.20025034248828888,0.4878664016723633,356.4628917881012,495.66394537467954
1777330464.82586,0.08227486908435822,6.223358631134033,8.654792785644531,0.19671398401260376,0.3878147602081299,356.5723114577293,495.8832764877319
1777330464.825902,0.08224532753229141,6.225175857543945,8.658527374267578,0.1895272135734558,0.38183072209358215,356.67643089866635,496.0972527305603
1777330464.8267012,0.08221877366304398,6.226902484893799,8.662171363830566,0.17844420671463013,0.3701898753643036,356.77535939397814,496.30603802776335
1777330464.8267531,0.08229176700115204,6.2284674644470215,8.665653228759766,0.16170713305473328,0.3525986671447754,356.86502614946363,496.50553426437375
1777330464.884938,0.08220313489437103,6.229848861694336,8.66991138458252,0.1420775055885315,0.43094056844711304,356.9441744098663,496.74950870876313
1777330464.8850272,0.08221831917762756,6.230975151062012,8.672954559326172,0.12370780855417252,0.3154440224170685,357.0087060602188,496.92386984024046
1777330464.885073,0.08223479986190796,6.232014179229736,8.676870346069336,0.10525835305452347,0.39290544390678406,357.0682380103111,497.14822797431947
1777330464.885879,0.08226129412651062,6.232967853546143,8.680700302124023,0.08626541495323181,0.3738288879394531,357.1228795432091,497.3676683704376
1777330464.885931,0.08222810178995132,6.233485698699951,8.68409538269043,0.06554870307445526,0.3530690670013428,357.15254989557263,497.5621922275543
1777330464.885973,0.08219490945339203,6.234004020690918,8.688447952270508,0.04363769665360451,0.42705729603767395,357.1822475687027,497.81157618370054
1777330464.943702,0.08227355778217316,6.2341837882995605,8.692462921142578,0.02181219682097435,0.40527480840682983,357.19254749765395,498.0416170372009
1777330464.9437902,0.08227355778217316,6.2341837882995605,8.696298599243164,0.003999550826847553,0.38744792342185974,357.19254749765395,498.26138528251647
1777330464.944597,0.08227672427892685,6.23409366607666,8.699084281921387,-0.012084574438631535,0.27544787526130676,357.1873838727951,498.4209932001114
1777330464.944649,0.08220597356557846,6.233831405639648,8.70361614227295,-0.02653931826353073,0.45280084013938904,357.17235745124816,498.6806497644424
1777330464.944691,0.08223916590213776,6.233313083648682,8.70693302154541,-0.043906960636377335,0.3395843803882599,357.1426597781181,498.8706930158615
1777330465.00245,0.08227235823869705,6.232795238494873,8.710249900817871,-0.05817771330475807,0.3252323269844055,357.11298942575456,499.06073626728056
1777330465.0025449,0.08222684264183044,6.232097148895264,8.714345932006836,-0.07144753634929657,0.407856822013855,357.07299182367325,499.2954216510773
1777330465.003349,0.082188181579113,6.23140287399292,8.716527938842773,-0.07463916391134262,0.21299618482589722,357.0332127877235,499.42044147834775
1777330465.003402,0.08224045485258102,6.2306294441223145,8.72150707244873,-0.07818547636270523,0.4968983829021454,356.98889850454333,499.70572492160795
1777330465.003444,0.08220313489437103,6.229848861694336,8.72456169128418,-0.07784120738506317,0.30566465854644775,356.9441744098663,499.8807417514801
1777330465.003489,0.08224739134311676,6.2291579246521,8.727705001831055,-0.07219348847866058,0.3112644553184509,356.90458661928176,500.06084024391174
1777330465.058006,0.08228064328432083,6.228640079498291,8.731021881103516,-0.06345262378454208,0.31996697187423706,356.8749162669182,500.2508834953308
1777330465.058858,0.08222412317991257,6.228114604949951,8.734332084655762,-0.045003339648246765,0.3384830951690674,356.8448087822914,500.44054425601956
1777330465.058914,0.08224338293075562,6.227859020233154,8.736952781677246,-0.03300904482603073,0.2545616030693054,356.83016485147476,500.5906991884232
1777330465.058958,0.08225444704294205,6.227686405181885,8.739656448364258,-0.012830577790737152,0.27477601170539856,356.82027473402024,500.74560793418885
1777330465.058999,0.08225444704294205,6.227686405181885,8.742532730102539,0.005628746002912521,0.2931899428367615,356.82027473402024,500.91040679740905
1777330465.05904,0.082235187292099,6.227941989898682,8.745664596557617,0.02664385549724102,0.3142144978046417,356.8349186648369,501.0898495914459
1777330465.115863,0.08220193535089493,6.22845983505249,8.748100280761719,0.0494365394115448,0.2412012666463852,356.86458901720044,501.2294040664673
1777330465.1159492,0.08224739134311676,6.2291579246521,8.750715255737305,0.06917593628168106,0.26086902618408203,356.90458661928176,501.37923114967344
1777330465.1159942,0.08219201117753983,6.2300214767456055,8.752537727355957,0.0933491438627243,0.18918371200561523,356.95406452732084,501.48365111904144
1777330465.1160362,0.08220725506544113,6.231147766113281,8.755581855773926,0.11288441717624664,0.30462050437927246,357.0185961776733,501.6580668920517
1777330465.116077,0.08230244368314743,6.232367038726807,8.757760047912598,0.1333553045988083,0.22919705510139465,357.08845537748334,501.78286815319063
1777330465.116898,0.08218827098608017,6.235475540161133,8.76182746887207,0.15298132598400116,0.2488158941268921,357.26655945396425,502.01591429100034
1777330465.173675,0.08224709331989288,6.237303256988525,8.76461410522461,0.16635337471961975,0.2622571885585785,357.37127995176314,502.17557685012815
1777330465.1738088,0.08221856504678726,6.239119529724121,8.766429901123047,0.18642517924308777,0.18642517924308777,357.4753447511673,502.2796143287659
1777330465.1738539,0.08226203918457031,6.24111270904541,8.76938247680664,0.1936158537864685,0.28947436809539795,357.58954555492403,502.4487845146179
1777330465.1738958,0.08221922069787979,6.243192195892334,8.771461486816406,0.20570141077041626,0.20570141077041626,357.708691417408,502.56790305633547
1777330465.1746829,0.08225934952497482,6.245275497436523,8.773544311523438,0.211518332362175,0.211518332362175,357.8280558460236,502.6872401641846
1777330465.174731,0.0822165310382843,6.247354984283447,8.77562427520752,0.21369034051895142,0.21369034051895142,357.9472017085075,502.806413347435
1777330465.22988,0.08226048946380615,6.249348163604736,8.777617454528809,0.211248978972435,0.211248978972435,358.06140251226424,502.9206141511917
1777330465.229967,0.08222483843564987,6.251344680786133,8.779613494873047,0.21006262302398682,0.21006262302398682,358.1757945613861,503.0349788795471
1777330465.23003,0.08228003978729248,6.253165245056152,8.781435012817383,0.20306161046028137,0.20306161046028137,358.2801052476883,503.1393442073822
1777330465.28436,0.08224840462207794,6.255071640014648,8.783340454101562,0.19279277324676514,0.19279277324676514,358.3893336719513,503.2485179901123
1777330465.2844439,0.08222774416208267,6.256720542907715,8.784990310668945,0.18525685369968414,0.18525685369968414,358.48380888233186,503.3430478420258
1777330465.284488,0.08221811056137085,6.258281230926514,8.786550521850586,0.1755286008119583,0.1755286008119583,358.5732297509193,503.4324413898468
1777330465.284529,0.08229140937328339,6.2598466873168945,8.788116455078125,0.1646108478307724,0.1646108478307724,358.6629238271713,503.52216278686524
1777330465.284571,0.08220301568508148,6.261228084564209,8.789497375488281,0.15671256184577942,0.15671256184577942,358.742072087574,503.60128372650144
1777330465.285372,0.08229843527078629,6.262448310852051,8.79167652130127,0.14380128681659698,0.2394517958164215,358.81198592891695,503.7261396291733
1777330465.3450491,0.08230429142713547,6.26374626159668,8.792974472045898,0.1327139139175415,0.1327139139175415,358.886353055191,503.8005067554474
1777330465.345133,0.08223802596330643,6.264782428741455,8.79496955871582,0.12389889359474182,0.21979084610939026,358.9457210806847,503.9148168422699
1777330465.3451781,0.08233805745840073,6.2659125328063965,8.796099662780762,0.11726157367229462,0.11726157367229462,359.01047129716875,503.97956705875396
1777330465.345221,0.08227185159921646,6.266948699951172,8.797135353088379,0.10517290234565735,0.10517290234565735,359.06983932266235,504.0389077634811
1777330465.346071,0.0822102501988411,6.267895221710205,8.799040794372559,0.09835318475961685,0.1942117065191269,359.12407104406356,504.14808154621124
1777330465.3461702,0.08224499970674515,6.268764495849609,8.799909591674805,0.09526312351226807,0.09526312351226807,359.1738768013,504.1978599826813
1777330465.4007459,0.08226634562015533,6.269716262817383,8.801820755004883,0.09199071675539017,0.18813523650169373,359.2284090511322,504.30736161460874
1777330465.4008288,0.08230115473270416,6.270585536956787,8.802689552307129,0.0973537415266037,0.0973537415266037,359.27821480836866,504.3571400510788
1777330465.400872,0.0822397917509079,6.27153205871582,8.80363655090332,0.09735386073589325,0.09735386073589325,359.3324465297699,504.4113990932465
1777330465.401707,0.08225654065608978,6.272573471069336,8.804677963256836,0.10298971831798553,0.10298971831798553,359.3921150836945,504.471067647171
1777330465.401807,0.08228040486574173,6.27361536026001,8.805719375610352,0.10726016759872437,0.10726016759872437,359.45181095838547,504.5307362010956
1777330465.401851,0.08220821619033813,6.2747344970703125,8.806838989257812,0.1128053292632103,0.1128053292632103,359.5159327972412,504.5948853607178
1777330465.4560902,0.08230887353420258,6.275864601135254,8.807969093322754,0.11534762382507324,0.11534762382507324,359.58068301372526,504.65963557720187
1777330465.456168,0.08224290609359741,6.276900768280029,8.809004783630371,0.11407630145549774,0.11407630145549774,359.6400510392189,504.71897628192903
1777330465.457037,0.0822608470916748,6.2780256271362305,8.81013011932373,0.10525810718536377,0.10525810718536377,359.70450072727203,504.7834532907486
1777330465.457098,0.0822887122631073,6.278894901275635,8.810998916625977,0.09608258306980133,0.09608258306980133,359.7543064845085,504.8332317272186
1777330465.457141,0.08223889768123627,6.27966833114624,8.811772346496582,0.07990015298128128,0.07990015298128128,359.79862076768876,504.8775460103989
1777330465.457183,0.08219499886035919,6.280359268188477,8.812463760375977,0.06899238377809525,0.06899238377809525,359.8382085582733,504.91716112174987
1777330465.511275,0.08224613219499588,6.280965805053711,8.813070297241211,0.062357332557439804,0.062357332557439804,359.8729605731964,504.951913136673
1777330465.5121632,0.08229083567857742,6.281579494476318,8.81368350982666,0.06008601188659668,0.06008601188659668,359.9081223996162,504.98704764232633
1777330465.5122602,0.0822521448135376,6.282180309295654,8.814284324645996,0.06099655479192734,0.06099655479192734,359.94254656534196,505.02147180805207
1777330465.512306,0.08221350610256195,6.282781600952148,8.814886093139648,0.06471854448318481,0.06471854448318481,359.97699805183413,505.0559506153107
1777330465.512348,0.08226518332958221,6.283394813537598,8.815499305725098,0.06580938398838043,0.06580938398838043,360.01213255748746,505.09108512096407
1777330465.512388,0.08230408281087875,6.284091472625732,8.816195487976074,0.06681054085493088,0.06681054085493088,360.0520481972694,505.1309734399795
1777330465.5698729,0.08226557075977325,6.284692287445068,8.81679630279541,0.058353930711746216,0.058353930711746216,360.08647236299515,505.16539760570527
1777330465.569956,0.08223799616098404,6.285120487213135,8.817224502563477,0.050358232110738754,0.050358232110738754,360.1110064112663,505.18993165397643
1777330465.570001,0.0822107270359993,6.285555839538574,8.817660331726074,0.04163104295730591,0.04163104295730591,360.13595027103423,505.2149028345108
1777330465.5700428,0.0822841078042984,6.285816669464111,8.817920684814453,0.02881142869591713,0.02881142869591713,360.15089473028183,505.22981997299195
1777330465.570084,0.08227310329675674,6.285989284515381,8.818093299865723,0.02172689139842987,0.02172689139842987,360.16078484773635,505.23971009044647
1777330465.628018,0.08226215839385986,6.28616189956665,8.818265914916992,0.018184833228588104,0.018184833228588104,360.17067496519087,505.249600207901
1777330465.628099,0.08225121349096298,6.286334991455078,8.818439483642578,0.01627252623438835,0.01627252623438835,360.1805924034119,505.2595449668884
1777330465.628143,0.0822402685880661,6.286507606506348,8.818612098693848,0.015631895512342453,0.015631895512342453,360.1904825208664,505.26943508434294
1777330465.6281862,0.08231212943792343,6.286685943603516,8.818790435791016,0.014540748670697212,0.014540748670697212,360.2007004875183,505.27965305099485
1777330465.628227,0.08230112493038177,6.286859035491943,8.818963050842285,0.015271945856511593,0.015271945856511593,360.2106179257393,505.2895431684494
1777330465.6290188,0.08230112493038177,6.286859035491943,8.818004608154297,0.009638510644435883,-0.08620563894510269,360.2106179257393,505.23462842788695
1777330465.686219,0.08230112493038177,6.286859035491943,8.818004608154297,0.005635104142129421,0.005635104142129421,360.2106179257393,505.23462842788695
1777330465.686286,0.08230112493038177,6.286859035491943,8.818004608154297,0.003273153444752097,0.003273153444752097,360.2106179257393,505.23462842788695
1777330465.68633,0.08230112493038177,6.286859035491943,8.818004608154297,-0.0042740050703287125,-0.0042740050703287125,360.2106179257393,505.23462842788695
1777330465.6863701,0.08230112493038177,6.286859035491943,8.818004608154297,-0.004363653715699911,-0.004363653715699911,360.2106179257393,505.23462842788695
1777330465.687177,0.08230112493038177,6.286859035491943,8.818004608154297,-0.007275567855685949,-0.007275567855685949,360.2106179257393,505.23462842788695
1777330465.6872761,0.08230112493038177,6.286859035491943,8.818004608154297,-0.006634633522480726,-0.006634633522480726,360.2106179257393,505.23462842788695
1777330465.742052,0.08230112493038177,6.286859035491943,8.817046165466309,-0.006545315496623516,-0.10238467901945114,360.2106179257393,505.1797136873245
1777330465.7421298,0.08231212943792343,6.286685943603516,8.816872596740723,-0.012000130489468575,-0.012000130489468575,360.2007004875183,505.1697689283371
1777330465.7421749,0.0822402685880661,6.286507606506348,8.816694259643555,-0.015271631069481373,-0.015271631069481373,360.1904825208664,505.15955096168517
1777330465.742935,0.08225121349096298,6.286334991455078,8.816521644592285,-0.02036583609879017,-0.02036583609879017,360.1805924034119,505.14966084423065
1777330465.742988,0.08226215839385986,6.28616189956665,8.816349029541016,-0.022997088730335236,-0.022997088730335236,360.17067496519087,505.13977072677613
1777330465.7430289,0.08227872848510742,6.285906791687012,8.81513500213623,-0.02508910745382309,-0.1209762692451477,360.15605835514066,505.070212055397
1777330465.799484,0.0822107270359993,6.285555839538574,8.814784049987793,-0.027450434863567352,-0.027450434863567352,360.13595027103423,505.0501039712906
1777330465.799579,0.08222705125808716,6.285293102264404,8.814520835876465,-0.029361696913838387,-0.029361696913838387,360.12089652872083,505.03502290821075
1777330465.80048,0.08224362134933472,6.285037994384766,8.814266204833984,-0.029722124338150024,-0.029722124338150024,360.1062799186707,505.020433618927
1777330465.800598,0.08226557075977325,6.284692287445068,8.81296157836914,-0.0354459173977375,-0.13138598203659058,360.08647236299515,504.9456840019226
1777330465.8583412,0.08229846507310867,6.284173965454102,8.812442779541016,-0.03390542045235634,-0.03390542045235634,360.0567746898651,504.9159590080261
1777330465.8584168,0.08232035487890244,6.2838287353515625,8.812097549438477,-0.03408559411764145,-0.03408559411764145,360.0369944549561,504.8961787731171
1777330465.858461,0.08235330879688263,6.283310413360596,8.811579704284668,-0.03517652675509453,-0.03517652675509453,360.007296781826,504.86650842075346
1777330465.859225,0.08238093554973602,6.282882213592529,8.810193061828613,-0.03544681891798973,-0.13128618896007538,359.98276273355486,504.7870596319199
1777330465.859274,0.08240809291601181,6.28244686126709,8.809757232666016,-0.036177635192871094,-0.036177635192871094,359.95781887378695,504.7620884513855
1777330465.9169989,0.08243577927350998,6.282018661499023,8.80932903289795,-0.03390605002641678,-0.03390605002641678,359.9332848255157,504.7375544031143
1777330465.917087,0.08246293663978577,6.281583309173584,8.807934761047363,-0.03335602581501007,-0.12926462292671204,359.9083409657478,504.6576684820175
1777330465.9171321,0.08249068260192871,6.281155109405518,8.807506561279297,-0.036178309470415115,-0.036178309470415115,359.88380691747665,504.63313443374636
1777330465.917938,0.08254558593034744,6.280291557312012,8.805684089660645,-0.033815935254096985,-0.12977281212806702,359.83432900943757,504.52871446437837
1777330465.917989,0.08257848024368286,6.279773235321045,8.805166244506836,-0.03499657288193703,-0.03499657288193703,359.8046313363075,504.49904411201476
1777330465.91803,0.082600437104702,6.279427528381348,8.803861618041992,-0.029272478073835373,-0.12511903047561646,359.784823780632,504.4242944950104
1777330465.976084,0.08262238651514053,6.279082298278809,8.803516387939453,-0.027542032301425934,-0.027542032301425934,359.76504354572296,504.40451426010134
1777330465.9761589,0.08264433592557907,6.278736591339111,8.80221176147461,-0.024178940802812576,-0.1200326681137085,359.74523599004743,504.32976464309695
1777330465.976955,0.08266628533601761,6.278391361236572,8.800908088684082,-0.02390872687101364,-0.11978629976511002,359.7254557551384,504.25506966762543
1777330465.977004,0.08268320560455322,6.278135776519775,8.800652503967285,-0.020088154822587967,-0.020088154822587967,359.71081182432175,504.2404257368088
1777330465.977045,0.08269917964935303,6.2778730392456055,8.799430847167969,-0.016453316435217857,-0.11231423169374466,359.69575808200835,504.1704299331665
1777330465.977087,0.08271616697311401,6.277617454528809,8.798216819763184,-0.013272241689264774,-0.10911878943443298,359.6811141511917,504.1008712617874
1777330466.035058,0.0827271118760109,6.277444839477539,8.79708480834961,-0.011637905612587929,-0.10749881714582443,359.6712240337372,504.03601176223754
1777330466.036022,0.08273213356733322,6.277354717254639,8.796035766601562,-0.009818515740334988,-0.10571033507585526,359.6660604088783,503.9759060760498
1777330466.036082,0.0827430784702301,6.277182102203369,8.795863151550293,-0.005635584704577923,-0.005635584704577923,359.6561702914238,503.9660159585953
1777330466.036126,0.08275408297777176,6.2770094871521,8.794732093811035,-0.0012728441506624222,-0.09710980206727982,359.6462801739693,503.9012111005783
1777330466.036169,0.08275408297777176,6.2770094871521,8.793773651123047,0.0056345462799072266,-0.09022636711597443,359.6462801739693,503.84629636001586
1777330466.036211,0.08283688873052597,6.27701473236084,8.791860580444336,0.012999494560062885,-0.17869827151298523,359.64658070240023,503.7366854450226
1777330466.0926101,0.08292683959007263,6.277020454406738,8.791866302490234,0.013361669145524502,0.013361669145524502,359.6469085515976,503.73701329422
1777330466.092698,0.08291583508253098,6.277193069458008,8.790122032165527,0.016453687101602554,-0.17522023618221283,359.65679866905214,503.6370739305496
1777330466.092745,0.08290991932153702,6.277276039123535,8.789246559143066,0.020906005054712296,-0.07493574917316437,359.66155248241427,503.5869130033493
1777330466.092788,0.0829048901796341,6.277365684509277,8.78837776184082,0.023176709190011024,-0.07268420606851578,359.66668878650665,503.5371345668793
1777330466.09283,0.08289891481399536,6.277448654174805,8.786542892456055,0.028451187536120415,-0.16330407559871674,359.6714425998688,503.4320042575836
1777330466.0935922,0.08288796991109848,6.277621269226074,8.785757064819336,0.030722972005605698,-0.06513075530529022,359.6813327173233,503.3869796344757
1777330466.15023,0.0830497220158577,6.277804851531982,8.784981727600098,0.03381575271487236,-0.06203079596161842,359.69185121240616,503.34255606822967
1777330466.1503308,0.08303279429674149,6.278060436248779,8.783319473266602,0.03708678111433983,-0.1546301394701004,359.7064951432228,503.24731587638854
1777330466.150377,0.0830218493938446,6.278233051300049,8.782533645629883,0.03826985880732536,-0.05757668986916542,359.7163852606773,503.20229125328063
1777330466.15042,0.08301084488630295,6.278406143188477,8.78078842163086,0.03736145421862602,-0.15443670749664307,359.72630269889834,503.1022972480774
1777330466.151215,0.08299403637647629,6.278661251068115,8.780084609985352,0.03499777615070343,-0.06083918362855911,359.7409193089485,503.06197179679873
1777330466.208965,0.08315576612949371,6.278845310211182,8.77931022644043,0.030815482139587402,-0.06504064798355103,359.75146512479785,503.01760287208555
1777330466.209056,0.08315576612949371,6.278845310211182,8.777392387390137,0.027361292392015457,-0.16435563564300537,359.75146512479785,502.9077187494278
1777330466.209101,0.08314482122659683,6.279017925262451,8.776606559753418,0.02681596763432026,-0.06902818381786346,359.76135524225236,502.86269412631987
1777330466.209143,0.08314482122659683,6.279017925262451,8.774688720703125,0.018816839903593063,-0.17287133634090424,359.76135524225236,502.7528100036621
1777330466.209922,0.08314482122659683,6.279017925262451,8.773730278015137,0.012998685240745544,-0.08285025507211685,359.76135524225236,502.69789526309967
1777330466.209973,0.08315576612949371,6.278845310211182,8.772599220275879,0.00854407623410225,-0.08730007708072662,359.75146512479785,502.6330904050827
1777330466.267762,0.08316677063703537,6.278672218322754,8.771467208862305,0.0014541069976985455,-0.09439723193645477,359.74154768657684,502.56823090553286
1777330466.267838,0.0831717997789383,6.278582572937012,8.76945972442627,-0.0010912411380559206,-0.19281776249408722,359.73641138248445,502.45321047878264
1777330466.2678819,0.08318274468183517,6.278409481048584,8.769287109375,-0.0054541537538170815,-0.0054541537538170815,359.72649394426344,502.4433203613281
1777330466.2686641,0.08319368958473206,6.2782368659973145,8.768156051635742,-0.008999921381473541,-0.1048416793346405,359.7166038268089,502.3785155033112
1777330466.268713,0.08320463448762894,6.278064250946045,8.767024040222168,-0.01109157595783472,-0.10694051533937454,359.7067137093544,502.3136560037613
1777330466.268754,0.0832265242934227,6.277718544006348,8.765719413757324,-0.01445324718952179,-0.11035465449094772,359.6869061536789,502.2389063867569
1777330466.324219,0.08324339240789413,6.277463436126709,8.764505386352539,-0.018453624099493027,-0.1142977774143219,359.67228954362866,502.1693477153778
1777330466.324308,0.08326534181833267,6.277117729187012,8.763200759887695,-0.020907290279865265,-0.11674425005912781,359.6524819879532,502.0945980983734
1777330466.32512,0.08328723162412643,6.276772499084473,8.761897087097168,-0.02272537350654602,-0.11858389526605606,359.6327017530441,502.0199031229019
1777330466.325171,0.08331409096717834,6.276336669921875,8.760502815246582,-0.02281813882291317,-0.11869091540575027,359.60773057250975,501.9400172018051
1777330466.325213,0.0833359807729721,6.275991439819336,8.760157585144043,-0.022632304579019547,-0.022632304579019547,359.5879503376007,501.9202369668961
1777330466.325254,0.08335787057876587,6.275645732879639,8.7588529586792,-0.022724563255906105,-0.11839893460273743,359.5681427819252,501.84548734989164
1777330466.380084,0.08337976783514023,6.2753005027771,8.75850772857666,-0.02091081067919731,-0.02091081067919731,359.54836254701615,501.8257071149826
1777330466.380922,0.08340165764093399,6.274954795837402,8.757203102111816,-0.01772821508347988,-0.11358434706926346,359.5285549913406,501.7509574979782
1777330466.380979,0.08341864496469498,6.2746992111206055,8.755989074707031,-0.012181509286165237,-0.10781770944595337,359.513911060524,501.6813988265991
1777330466.381022,0.08343449234962463,6.2744364738464355,8.754767417907715,-0.015454812906682491,-0.11155559867620468,359.4988573182106,501.61140302295684
1777330466.381064,0.0834563821554184,6.2740912437438965,8.754422187805176,-0.015452477149665356,-0.015452477149665356,359.47907708330155,501.5916227880478
1777330466.3811042,0.08347342908382416,6.2738356590271,8.75320816040039,-0.013273289427161217,-0.10864784568548203,359.4644331524849,501.5220641166687
1777330466.4357362,0.08356715738773346,6.27366828918457,8.752081871032715,-0.009727067314088345,-0.10603336989879608,359.4548435634613,501.4575324663162
1777330466.435817,0.08357200026512146,6.27357816696167,8.751032829284668,-0.006454487796872854,-0.10231301188468933,359.44967993860246,501.39742678012846
1777330466.435862,0.08358294516801834,6.2734055519104,8.750860214233398,-0.007727187126874924,-0.007727187126874924,359.43978982114794,501.38753666267394
1777330466.435905,0.08359389752149582,6.273232936859131,8.74972915649414,-0.004271939862519503,-0.10016389191150665,359.42989970369337,501.322731804657
1777330466.435946,0.0836048424243927,6.273059844970703,8.749555587768555,0.0013659262331202626,0.0013659262331202626,359.4199822654724,501.31278704566955
1777330466.436739,0.08361100405454636,6.272977352142334,8.748514175415039,0.002091179834678769,-0.09376495331525803,359.4152557728767,501.253118491745
1777330466.49165,0.08361578732728958,6.272887229919434,8.747465133666992,0.007726296316832304,-0.08811785280704498,359.4100921480179,501.19301280555726
1777330466.491734,0.08362673223018646,6.272714614868164,8.746334075927734,0.005269432440400124,-0.09058190882205963,359.4002020305634,501.12820794754026
1777330466.491779,0.08363767713308334,6.272541522979736,8.746161460876465,0.007818677462637424,0.007818677462637424,359.39028459234237,501.11831783008574
1777330466.491821,0.08364862203598022,6.272368907928467,8.74502944946289,0.006728843320161104,-0.08917736262083054,359.38039447488785,501.0534583305359
1777330466.4927192,0.0837433710694313,6.272284507751465,8.743986129760742,0.008452282287180424,-0.08739426732063293,359.37555869922636,500.9936804935455
1777330466.547294,0.0837433710694313,6.272284507751465,8.743027687072754,0.012091695331037045,-0.08376921713352203,359.37555869922636,500.9387657529831
1777330466.547387,0.08375431597232819,6.272111892700195,8.742855072021484,0.008636086247861385,0.008636086247861385,359.36566858177184,500.9288756355286
1777330466.547432,0.08376047760248184,6.272029399871826,8.741813659667969,0.009817477315664291,-0.08601948618888855,359.36094208917615,500.869207081604
1777330466.5826812,0.08377142250537872,6.271856307983398,8.7416410446167,0.008908778429031372,0.008908778429031372,359.3510246509552,500.85931696414946
1777330466.583585,0.08377614617347717,6.271766662597656,8.740592002868652,0.006635536439716816,-0.08925162255764008,359.3458883468628,500.7992112779617
1777330466.58364,0.08378709107637405,6.2715935707092285,8.739459991455078,0.007544221356511116,-0.08828794956207275,359.3359709086418,500.73435177841185
1777330466.583682,0.08379331231117249,6.271511077880859,8.739377975463867,0.0044517433270812035,0.0044517433270812035,359.33124441604616,500.72965260658265
1777330466.583723,0.08379804342985153,6.271420955657959,8.73832893371582,0.0021784529089927673,-0.09366809576749802,359.3260807911873,500.6695469203949
1777330466.583763,0.08389177173376083,6.27125358581543,8.73816204071045,-0.0002759309718385339,-0.0002759309718385339,359.3164912021637,500.6599846521378
1777330466.6387782,0.08390271663665771,6.271080493927002,8.737988471984863,-0.0010908307740464807,-0.0010908307740464807,359.3065737639427,500.65003989315034
1777330466.638866,0.08390271663665771,6.271080493927002,8.737988471984863,-0.00018679600907489657,-0.00018679600907489657,359.3065737639427,500.65003989315034
1777330466.638911,0.0839136615395546,6.270907878875732,8.736857414245605,-0.003547689411789179,-0.09939423948526382,359.2966836464882,500.58523503513334
1777330466.670573,0.08392460644245148,6.270735263824463,8.736684799194336,-9.39970268518664e-05,-9.39970268518664e-05,359.2867935290337,500.5753449176788
1777330466.6706471,0.08392460644245148,6.270735263824463,8.736684799194336,-0.006454371381551027,-0.006454371381551027,359.2867935290337,500.5753449176788
1777330466.671561,0.08394644409418106,6.270389556884766,8.736339569091797,-0.010000988841056824,-0.010000988841056824,359.26698597335815,500.5555646827698
1777330466.671846,0.08396833389997482,6.270044326782227,8.735994338989258,-0.011094215326011181,-0.011094215326011181,359.2472057384491,500.5357844478607
1777330466.671894,0.0839792788028717,6.269871234893799,8.735820770263672,-0.014275016263127327,-0.014275016263127327,359.2372883002281,500.5258396888733
1777330466.671936,0.08400116860866547,6.26952600479126,8.735475540161133,-0.01209095399826765,-0.01209095399826765,359.21750806531907,500.5060594539642
1777330466.726342,0.08401212096214294,6.269352912902832,8.735301971435547,-0.016451790928840637,-0.016451790928840637,359.20759062709806,500.4961146949768
1777330466.727208,0.08403395116329193,6.269007682800293,8.734956741333008,-0.014183341525495052,-0.014183341525495052,359.187810392189,500.47633446006773
1777330466.7272651,0.08403395116329193,6.269007682800293,8.734956741333008,-0.01527293398976326,-0.01527293398976326,359.187810392189,500.47633446006773
1777330466.78289,0.08404489606618881,6.268835067749023,8.734785079956055,-0.009636334143579006,-0.009636334143579006,359.1779202747345,500.46649898414614
1777330466.7829802,0.08404489606618881,6.268835067749023,8.734785079956055,-0.005455472506582737,-0.005455472506582737,359.1779202747345,500.46649898414614
1777330466.7830248,0.0840558409690857,6.268661975860596,8.734611511230469,0.0020884571131318808,0.0020884571131318808,359.1680028365135,500.4565542251587
1777330466.783853,0.08406045287847519,6.268571853637695,8.734521865844727,0.00517712626606226,0.00517712626606226,359.16283921165467,500.4514179210663
1777330466.783904,0.08406679332256317,6.268489360809326,8.7344388961792,0.0036387592554092407,0.0036387592554092407,359.158112719059,500.4466641077042
1777330466.783946,0.08407139778137207,6.268399238586426,8.73434829711914,0.005635270848870277,0.005635270848870277,359.15294909420015,500.44147316207886
1777330466.841183,0.08407773822546005,6.268316745758057,8.73426628112793,0.0008150878711603582,0.0008150878711603582,359.14822260160446,500.4367739902496
1777330466.8413088,0.08408234268426895,6.268226623535156,8.734176635742188,0.0010921976063400507,0.0010921976063400507,359.1430589767456,500.4316376861572
1777330466.8420942,0.08408868312835693,6.268143653869629,8.734092712402344,0.0032738675363361835,0.0032738675363361835,359.1383051633835,500.4268292312622
1777330466.842145,0.08409322798252106,6.268054008483887,8.734003067016602,0.006269186269491911,0.006269186269491911,359.13316885929106,500.4216929271698
1777330466.842187,0.08409322798252106,6.268054008483887,8.734003067016602,0.008095504716038704,0.008095504716038704,359.13316885929106,500.4216929271698
1777330466.842227,0.0841723084449768,6.268232345581055,8.734182357788086,0.013180515728890896,0.013180515728890896,359.14338682594297,500.4319655353546
1777330466.897481,0.08425509184598923,6.268237590789795,8.734187126159668,0.016639912500977516,0.016639912500977516,359.1436873543739,500.4322387430191
1777330466.898283,0.08424414694309235,6.2684102058410645,8.734359741210938,0.01872973144054413,0.01872973144054413,359.15357747182844,500.44212886047364
1777330466.898334,0.08424414694309235,6.2684102058410645,8.734359741210938,0.01673087850213051,0.01673087850213051,359.15357747182844,500.44212886047364
1777330466.8983748,0.08423320204019547,6.268582820892334,8.734532356262207,0.01636110059916973,0.01636110059916973,359.163467589283,500.45201897792816
1777330466.898415,0.08423320204019547,6.268582820892334,8.734532356262207,0.014271547086536884,0.014271547086536884,359.163467589283,500.45201897792816
1777330466.8984551,0.08422692120075226,6.268665790557861,8.734615325927734,0.013087280094623566,0.013087280094623566,359.1682214026451,500.4567727912903
1777330466.955894,0.08422230929136276,6.2687554359436035,8.734704971313477,0.017359869554638863,0.017359869554638863,359.17335770673753,500.4619090953827
1777330466.955978,0.08421136438846588,6.268928527832031,8.734878540039062,0.019634954631328583,0.019634954631328583,359.1832751449585,500.4718538543701
1777330466.956023,0.08429498970508575,6.269016742706299,8.734966278076172,0.019821716472506523,0.019821716472506523,359.18832948675157,500.4768808753967
1777330466.956065,0.08428410440683365,6.269189834594727,8.735139846801758,0.025457751005887985,0.025457751005887985,359.1982469249725,500.48682563438416
1777330466.956106,0.0843559131026268,6.269367218017578,8.73531723022461,0.024183863773941994,0.024183863773941994,359.20841025009156,500.4969889595032
1777330466.956909,0.08434496819972992,6.269540309906006,8.735489845275879,0.02308935485780239,0.02308935485780239,359.2183276883125,500.5068790769577
1777330467.0116968,0.08433408290147781,6.269712924957275,8.735662460327148,0.020910218358039856,0.020910218358039856,359.22821780576703,500.51676919441223
1777330467.011782,0.08432313054800034,6.269885540008545,8.735835075378418,0.01982184872031212,0.01982184872031212,359.2381079232216,500.52665931186675
1777330467.011827,0.08431224524974823,6.270058631896973,8.736007690429688,0.01863386295735836,0.01863386295735836,359.24802536144256,500.53654942932127
1777330467.011869,0.08430596441030502,6.270141124725342,8.736090660095215,0.020817965269088745,0.020817965269088745,359.25275185403825,500.5413032426834
1777330467.012682,0.08429501950740814,6.270313739776611,8.736263275146484,0.01844954304397106,0.01844954304397106,359.26264197149277,500.5511933601379
1777330467.012736,0.08428413420915604,6.270486831665039,8.73643684387207,0.02209191583096981,0.02209191583096981,359.2725594097137,500.56113811912536
1777330467.069192,0.08436321467161179,6.270665168762207,8.736614227294922,0.02717744931578636,0.02717744931578636,359.2827773763657,500.5713014442444
1777330467.069278,0.08434143662452698,6.271010398864746,8.736959457397461,0.02617647498846054,0.02617647498846054,359.3025576112747,500.59108167915343
1777330467.0693219,0.0843304917216301,6.271183490753174,8.737133026123047,0.027087464928627014,0.027087464928627014,359.3124750494957,500.6010264381409
1777330467.0701282,0.08431954681873322,6.271356105804443,8.737305641174316,0.02508578822016716,0.02508578822016716,359.32236516695025,500.6109165555954
1777330467.070178,0.08439141511917114,6.271533966064453,8.737483978271484,0.01536273118108511,0.01536273118108511,359.33255581283566,500.6211345222473
1777330467.07022,0.08438052982091904,6.271706581115723,8.737655639648438,0.019354918971657753,0.019354918971657753,359.34244593029024,500.63096999816895
1777330467.126828,0.0843743085861206,6.27178955078125,8.737739562988281,0.01836172491312027,0.01836172491312027,359.34719974365237,500.63577845306395
1777330467.126919,0.0843634232878685,6.2719621658325195,8.737911224365234,0.019541652873158455,0.019541652873158455,359.3570898611069,500.6456139289856
1777330467.1277282,0.08435247093439102,6.272134780883789,8.73808479309082,0.022996582090854645,0.022996582090854645,359.3669799785614,500.65555868797304
1777330467.127778,0.08443155139684677,6.272313594818115,8.738263130187988,0.02209227904677391,0.02209227904677391,359.37722526597975,500.66577665462495
1777330467.12782,0.08442066609859467,6.272486209869385,8.738435745239258,0.023999281227588654,0.023999281227588654,359.3871153834343,500.67566677207947
1777330467.184745,0.08440972119569778,6.272658824920654,8.738608360290527,0.017544608563184738,0.017544608563184738,359.39700550088884,500.685556889534
1777330467.1848252,0.08439883589744568,6.272831439971924,8.738780975341797,0.014642254449427128,0.014642254449427128,359.40689561834336,500.6954470069885
1777330467.1856399,0.0843927338719368,6.272914409637451,8.738863945007324,0.013180337846279144,0.013180337846279144,359.4116494317055,500.70020082035063
1777330467.185693,0.08438794314861298,6.273004531860352,8.738954544067383,0.015272579155862331,0.015272579155862331,359.4168130565643,500.70539176597595
1777330467.185735,0.08438178151845932,6.273087024688721,8.739036560058594,0.015549372881650925,0.015549372881650925,359.42153954916,500.71009093780515
1777330467.1857762,0.08445365726947784,6.2732648849487305,8.739213943481445,0.016641106456518173,0.016641106456518173,359.4317301950455,500.7202542629242
1777330467.240041,0.08444277197122574,6.273437976837158,8.739387512207031,0.018359443172812462,0.018359443172812462,359.4416476332664,500.73019902191163
1777330467.240793,0.08443181961774826,6.273610591888428,8.7395601272583,0.015178403817117214,0.015178403817117214,359.451537750721,500.74008913936615
1777330467.240841,0.08443181961774826,6.273610591888428,8.7395601272583,0.015086999163031578,0.015086999163031578,359.451537750721,500.74008913936615
1777330467.240881,0.08443181961774826,6.273610591888428,8.7395601272583,0.009723393246531487,0.009723393246531487,359.451537750721,500.74008913936615
1777330467.2954721,0.08443181961774826,6.273610591888428,8.7395601272583,0.006637300830334425,0.006637300830334425,359.451537750721,500.74008913936615
1777330467.295555,0.08443181961774826,6.273610591888428,8.7395601272583,0.009001826867461205,0.009001826867461205,359.451537750721,500.74008913936615
1777330467.296364,0.08443181961774826,6.273610591888428,8.7395601272583,0.007357099559158087,0.007357099559158087,359.451537750721,500.74008913936615
1777330467.296414,0.08443666994571686,6.273520469665527,8.739469528198242,0.007541731931269169,0.007541731931269169,359.4463741258621,500.73489819374083
1777330467.2964559,0.08444277197122574,6.273437976837158,8.739387512207031,0.0073588513769209385,0.0073588513769209385,359.4416476332664,500.73019902191163
1777330467.3564448,0.08444277197122574,6.273437976837158,8.739387512207031,0.008632518351078033,0.008632518351078033,359.4416476332664,500.73019902191163
1777330467.356534,0.08444277197122574,6.273437976837158,8.739387512207031,0.006726941093802452,0.006726941093802452,359.4416476332664,500.73019902191163
1777330467.3573601,0.08444277197122574,6.273437976837158,8.739387512207031,0.005453253630548716,0.005453253630548716,359.4416476332664,500.73019902191163
1777330467.357412,0.08444277197122574,6.273437976837158,8.739387512207031,0.003179264487698674,0.003179264487698674,359.4416476332664,500.73019902191163
1777330467.357454,0.08444277197122574,6.273437976837158,8.739387512207031,0.0008129469351843,0.0008129469351843,359.4416476332664,500.73019902191163
1777330467.357536,0.08444277197122574,6.273437976837158,8.739387512207031,0.000813846942037344,0.000813846942037344,359.4416476332664,500.73019902191163
1777330467.4119549,0.08444277197122574,6.273437976837158,8.739387512207031,-0.0023672173265367746,-0.0023672173265367746,359.4416476332664,500.73019902191163
1777330467.412796,0.0845375806093216,6.273353576660156,8.739303588867188,-0.000815646955743432,-0.000815646955743432,359.436811857605,500.7253905670166
1777330467.4129012,0.08454368263483047,6.273270606994629,8.739219665527344,-0.0020928645972162485,-0.0020928645972162485,359.43205804424286,500.7205821121216
1777330467.412948,0.08454368263483047,6.273270606994629,8.739219665527344,-0.003272492438554764,-0.003272492438554764,359.43205804424286,500.7205821121216
1777330467.412989,0.08454368263483047,6.273270606994629,8.739219665527344,9.335519280284643e-05,9.335519280284643e-05,359.43205804424286,500.7205821121216
1777330467.4130309,0.08454368263483047,6.273270606994629,8.739219665527344,-0.0033658475149422884,-0.0033658475149422884,359.43205804424286,500.7205821121216
1777330467.468328,0.08454368263483047,6.273270606994629,8.739219665527344,-1.8330633793084417e-06,-1.8330633793084417e-06,359.43205804424286,500.7205821121216
1777330467.4684238,0.0845484659075737,6.2731804847717285,8.739130020141602,-0.003272492438554764,-0.003272492438554764,359.426894419384,500.7154458080292
1777330467.46847,0.08455456793308258,6.273097991943359,8.73904800415039,-0.006452540867030621,-0.006452540867030621,359.42216792678835,500.71074663619993
1777330467.468513,0.08455456793308258,6.273097991943359,8.73904800415039,-0.008542677387595177,-0.008542677387595177,359.42216792678835,500.71074663619993
1777330467.468553,0.08455456793308258,6.273097991943359,8.73904800415039,-0.006452534347772598,-0.006452534347772598,359.42216792678835,500.71074663619993
1777330467.469331,0.08455456793308258,6.273097991943359,8.73904800415039,-0.007728266064077616,-0.007728266064077616,359.42216792678835,500.71074663619993
1777330467.5234911,0.0845593512058258,6.273007869720459,8.738957405090332,-0.007915032096207142,-0.007915032096207142,359.41700430192947,500.70555569057467
1777330467.5235682,0.0845593512058258,6.273007869720459,8.738957405090332,-0.0065468670800328255,-0.0065468670800328255,359.41700430192947,500.70555569057467
1777330467.52361,0.08456545323133469,6.27292537689209,8.738874435424805,-0.008725705556571484,-0.008725705556571484,359.4122778093338,500.70080187721254
1777330467.5236511,0.08456545323133469,6.27292537689209,8.738874435424805,-0.00754430191591382,-0.00754430191591382,359.4122778093338,500.70080187721254
1777330467.5244212,0.08456545323133469,6.27292537689209,8.738874435424805,-0.009631603956222534,-0.009631603956222534,359.4122778093338,500.70080187721254
1777330467.524469,0.08456545323133469,6.27292537689209,8.738874435424805,-0.007726380135864019,-0.007726380135864019,359.4122778093338,500.70080187721254
1777330467.578152,0.08457024395465851,6.2728352546691895,8.738784790039062,-0.008635132573544979,-0.008635132573544979,359.40711418447495,500.6956655731201
1777330467.5782459,0.08457640558481216,6.272752285003662,8.738701820373535,-0.010096793062984943,-0.010096793062984943,359.4023603711128,500.69091175975797
1777330467.578293,0.08458112925291061,6.272662162780762,8.738611221313477,-0.011187659576535225,-0.011187659576535225,359.39719674625394,500.6857208141327
1777330467.579082,0.08458729088306427,6.272579669952393,8.738529205322266,-0.008635140024125576,-0.008635140024125576,359.3924702536583,500.68102164230345
1777330467.579136,0.0845920741558075,6.272489547729492,8.738439559936523,-0.010630849748849869,-0.010630849748849869,359.3873066287994,500.67588533821106
1777330467.579178,0.0845920741558075,6.272489547729492,8.738439559936523,-0.009540003724396229,-0.009540003724396229,359.3873066287994,500.67588533821106
1777330467.633327,0.08459817618131638,6.272407054901123,8.738356590270996,-0.010003448463976383,-0.010003448463976383,359.3825801362038,500.67113152484893
1777330467.6334138,0.08459817618131638,6.272407054901123,8.738356590270996,-0.009726973250508308,-0.009726973250508308,359.3825801362038,500.67113152484893
1777330467.6342258,0.08460912108421326,6.272233963012695,8.738183975219727,-0.009909975342452526,-0.009909975342452526,359.3726626979828,500.6612414073944
1777330467.634277,0.08460912108421326,6.272233963012695,8.738183975219727,-0.007266790606081486,-0.007266790606081486,359.3726626979828,500.6612414073944
1777330467.634319,0.08462000638246536,6.272061347961426,8.73801040649414,-0.011095353402197361,-0.011095353402197361,359.36277258052826,500.65129664840697
1777330467.63436,0.08462000638246536,6.272061347961426,8.73801040649414,-0.006639564875513315,-0.006639564875513315,359.36277258052826,500.65129664840697
1777330467.688138,0.08462473750114441,6.271971225738525,8.737920761108398,-0.008728704415261745,-0.008728704415261745,359.3576089556694,500.6461603443146
1777330467.6889331,0.08463089913129807,6.271888732910156,8.737838745117188,-0.0067300377413630486,-0.0067300377413630486,359.35288246307374,500.6414611724854
1777330467.688986,0.08463089913129807,6.271888732910156,8.737838745117188,-0.006638563238084316,-0.006638563238084316,359.35288246307374,500.6414611724854
1777330467.746113,0.08463089913129807,6.271888732910156,8.737838745117188,-0.008914847858250141,-0.008914847858250141,359.35288246307374,500.6414611724854
1777330467.746185,0.08463562279939651,6.271798610687256,8.737748146057129,-0.0067300512455403805,-0.0067300512455403805,359.34771883821486,500.63627022686006
1777330467.746227,0.08463562279939651,6.271798610687256,8.737748146057129,-0.00782194547355175,-0.00782194547355175,359.34771883821486,500.63627022686006
1777330467.7469928,0.08464178442955017,6.271716117858887,8.737665176391602,-0.007545385044068098,-0.007545385044068098,359.3429923456192,500.63151641349793
1777330467.747042,0.08464650809764862,6.271625995635986,8.73757553100586,-0.004549473989754915,-0.004549473989754915,359.33782872076034,500.6263801094055
1777330467.8024452,0.08464650809764862,6.271625995635986,8.73757553100586,-0.006917324382811785,-0.006917324382811785,359.33782872076034,500.6263801094055
1777330467.802519,0.08464650809764862,6.271625995635986,8.73757553100586,-0.004365462809801102,-0.004365462809801102,359.33782872076034,500.6263801094055
1777330467.802562,0.08464650809764862,6.271625995635986,8.73757553100586,-0.0022774210665374994,-0.0022774210665374994,359.33782872076034,500.6263801094055
1777330467.8033001,0.08464650809764862,6.271625995635986,8.73757553100586,-0.001999771222472191,-0.001999771222472191,359.33782872076034,500.6263801094055
1777330467.803349,0.08464650809764862,6.271625995635986,8.73757553100586,-0.004086743108928204,-0.004086743108928204,359.33782872076034,500.6263801094055
1777330467.80339,0.08464650809764862,6.271625995635986,8.73757553100586,-0.0013695505913347006,-0.0013695505913347006,359.33782872076034,500.6263801094055
1777330467.8581219,0.08464650809764862,6.271625995635986,8.73757553100586,9.148012759396806e-05,9.148012759396806e-05,359.33782872076034,500.6263801094055
1777330467.858203,0.08464650809764862,6.271625995635986,8.73757553100586,-0.0010886910604313016,-0.0010886910604313016,359.33782872076034,500.6263801094055
1777330467.8589492,0.08464650809764862,6.271625995635986,8.73757553100586,0.0013674108777195215,0.0013674108777195215,359.33782872076034,500.6263801094055
1777330467.858998,0.08464650809764862,6.271625995635986,8.73757553100586,8.827054261928424e-05,8.827054261928424e-05,359.33782872076034,500.6263801094055
1777330467.85904,0.08464650809764862,6.271625995635986,8.73757553100586,-0.0001840301265474409,-0.0001840301265474409,359.33782872076034,500.6263801094055
1777330467.8590798,0.08464650809764862,6.271625995635986,8.73757553100586,-0.00018616984016261995,-0.00018616984016261995,359.33782872076034,500.6263801094055
1777330467.913385,0.08464650809764862,6.271625995635986,8.73757553100586,-0.00046381980064325035,-0.00046381980064325035,359.33782872076034,500.6263801094055
1777330467.914197,0.08464650809764862,6.271625995635986,8.73757553100586,0.0008131808135658503,0.0008131808135658503,359.33782872076034,500.6263801094055
1777330467.91429,0.08464650809764862,6.271625995635986,8.73757553100586,0.0007227705209515989,0.0007227705209515989,359.33782872076034,500.6263801094055
1777330467.9143329,0.08464650809764862,6.271625995635986,8.73757553100586,0.0009068006183952093,0.0009068006183952093,359.33782872076034,500.6263801094055
1777330467.9143732,0.08464650809764862,6.271625995635986,8.73757553100586,0.006452434696257114,0.006452434696257114,359.33782872076034,500.6263801094055
1777330467.914412,0.08464650809764862,6.271625995635986,8.73757553100586,0.00436011329293251,0.00436011329293251,359.33782872076034,500.6263801094055
1777330467.969782,0.08464650809764862,6.271625995635986,8.73757553100586,0.006450294982641935,0.006450294982641935,359.33782872076034,500.6263801094055
1777330467.969852,0.08464650809764862,6.271625995635986,8.73757553100586,0.003269282868131995,0.003269282868131995,359.33782872076034,500.6263801094055
1777330467.969892,0.08464650809764862,6.271625995635986,8.73757553100586,0.005269053857773542,0.005269053857773542,359.33782872076034,500.6263801094055
1777330467.969932,0.08464650809764862,6.271625995635986,8.73757553100586,0.0021795218344777822,0.0021795218344777822,359.33782872076034,500.6263801094055
1777330467.969971,0.08464650809764862,6.271625995635986,8.73757553100586,0.0030884623993188143,0.0030884623993188143,359.33782872076034,500.6263801094055
1777330467.970695,0.08464650809764862,6.271625995635986,8.73757553100586,0.0054541537538170815,0.0054541537538170815,359.33782872076034,500.6263801094055
1777330468.024555,0.08464650809764862,6.271625995635986,8.73757553100586,0.003274632152169943,0.003274632152169943,359.33782872076034,500.6263801094055
1777330468.024639,0.08464650809764862,6.271625995635986,8.73757553100586,0.006637535057961941,0.006637535057961941,359.33782872076034,500.6263801094055
1777330468.024684,0.08464650809764862,6.271625995635986,8.73757553100586,0.006636464968323708,0.006636464968323708,359.33782872076034,500.6263801094055
1777330468.024725,0.08464650809764862,6.271625995635986,8.73757553100586,0.0023646217305213213,0.0023646217305213213,359.33782872076034,500.6263801094055
1777330468.025511,0.08464650809764862,6.271625995635986,8.73757553100586,0.004548422992229462,0.004548422992229462,359.33782872076034,500.6263801094055
1777330468.0255628,0.08464650809764862,6.271625995635986,8.73757553100586,0.005269053857773542,0.005269053857773542,359.33782872076034,500.6263801094055
1777330468.079218,0.08464650809764862,6.271625995635986,8.73757553100586,0.004269702825695276,0.004269702825695276,359.33782872076034,500.6263801094055
1777330468.079307,0.08464650809764862,6.271625995635986,8.73757553100586,0.006638605147600174,0.006638605147600174,359.33782872076034,500.6263801094055
1777330468.079351,0.08464650809764862,6.271625995635986,8.73757553100586,0.007635815534740686,0.007635815534740686,359.33782872076034,500.6263801094055
1777330468.134915,0.08464650809764862,6.271625995635986,8.73757553100586,0.005732873920351267,0.005732873920351267,359.33782872076034,500.6263801094055
1777330468.135005,0.08464650809764862,6.271625995635986,8.73757553100586,0.006546054966747761,0.006546054966747761,359.33782872076034,500.6263801094055
1777330468.1350532,0.08464650809764862,6.271625995635986,8.73757553100586,0.004458012990653515,0.004458012990653515,359.33782872076034,500.6263801094055
1777330468.135113,0.08464650809764862,6.271625995635986,8.73757553100586,0.006730084773153067,0.006730084773153067,359.33782872076034,500.6263801094055
1777330468.1351528,0.08464650809764862,6.271625995635986,8.73757553100586,0.00417715311050415,0.00417715311050415,359.33782872076034,500.6263801094055
1777330468.190367,0.08464650809764862,6.271625995635986,8.73757553100586,0.00408567301928997,0.00408567301928997,359.33782872076034,500.6263801094055
1777330468.190434,0.08464650809764862,6.271625995635986,8.73757553100586,0.0032714225817471743,0.0032714225817471743,359.33782872076034,500.6263801094055
1777330468.190474,0.08464650809764862,6.271625995635986,8.73757553100586,0.0031799424905329943,0.0031799424905329943,359.33782872076034,500.6263801094055
1777330468.190513,0.08464650809764862,6.271625995635986,8.73757553100586,0.004455873277038336,0.004455873277038336,359.33782872076034,500.6263801094055
1777330468.190551,0.08464650809764862,6.271625995635986,8.73757553100586,0.004178223200142384,0.004178223200142384,359.33782872076034,500.6263801094055
1777330468.191262,0.08464650809764862,6.271625995635986,8.73757553100586,0.003272492438554764,0.003272492438554764,359.33782872076034,500.6263801094055
1777330468.245336,0.08464650809764862,6.271625995635986,8.73757553100586,0.0024593116249889135,0.0024593116249889135,359.33782872076034,500.6263801094055
1777330468.245419,0.08464650809764862,6.271625995635986,8.73757553100586,0.00018296025518793613,0.00018296025518793613,359.33782872076034,500.6263801094055
1777330468.245464,0.08464650809764862,6.271625995635986,8.73757553100586,0.0022752813529223204,0.0022752813529223204,359.33782872076034,500.6263801094055
1777330468.245506,0.08464650809764862,6.271625995635986,8.73757553100586,-0.0003680602530948818,-0.0003680602530948818,359.33782872076034,500.6263801094055
1777330468.246322,0.08464650809764862,6.271625995635986,8.73757553100586,0.00227635120972991,0.00227635120972991,359.33782872076034,500.6263801094055
1777330468.2463732,0.08464650809764862,6.271625995635986,8.73757553100586,0.0004627499438356608,0.0004627499438356608,359.33782872076034,500.6263801094055
1777330468.3008482,0.08464650809764862,6.271625995635986,8.73757553100586,0.001459960825741291,0.001459960825741291,359.33782872076034,500.6263801094055
1777330468.3009322,0.08464650809764862,6.271625995635986,8.73757553100586,0.0010004205396398902,0.0010004205396398902,359.33782872076034,500.6263801094055
1777330468.300977,0.08464650809764862,6.271625995635986,8.73757553100586,0.0006291506579145789,0.0006291506579145789,359.33782872076034,500.6263801094055
1777330468.301753,0.08464650809764862,6.271625995635986,8.73757553100586,0.003274632152169943,0.003274632152169943,359.33782872076034,500.6263801094055
1777330468.301805,0.08464650809764862,6.271625995635986,8.73757553100586,-0.0002765801327768713,-0.0002765801327768713,359.33782872076034,500.6263801094055
1777330468.301847,0.08464650809764862,6.271625995635986,8.73757553100586,-0.00018616984016261995,-0.00018616984016261995,359.33782872076034,500.6263801094055
1777330468.355391,0.08464650809764862,6.271625995635986,8.73757553100586,-0.0013727601617574692,-0.0013727601617574692,359.33782872076034,500.6263801094055
1777330468.355455,0.08464650809764862,6.271625995635986,8.73757553100586,-0.002462521195411682,-0.002462521195411682,359.33782872076034,500.6263801094055
1777330468.356164,0.08464650809764862,6.271625995635986,8.73757553100586,-0.002089111600071192,-0.002089111600071192,359.33782872076034,500.6263801094055
1777330468.356213,0.08464650809764862,6.271625995635986,8.73757553100586,-0.003897363319993019,-0.003897363319993019,359.33782872076034,500.6263801094055
1777330468.356252,0.08464650809764862,6.271625995635986,8.73757553100586,-0.002274211496114731,-0.002274211496114731,359.33782872076034,500.6263801094055
1777330468.356291,0.08464650809764862,6.271625995635986,8.73757553100586,-0.0009078704752027988,-0.0009078704752027988,359.33782872076034,500.6263801094055
1777330468.41006,0.08464650809764862,6.271625995635986,8.73757553100586,9.254999167751521e-05,9.254999167751521e-05,359.33782872076034,500.6263801094055
1777330468.4109812,0.08464650809764862,6.271625995635986,8.73757553100586,0.00037126982351765037,0.00037126982351765037,359.33782872076034,500.6263801094055
1777330468.411124,0.08464650809764862,6.271625995635986,8.73757553100586,-0.00018509998335503042,-0.00018509998335503042,359.33782872076034,500.6263801094055
1777330468.411175,0.08464650809764862,6.271625995635986,8.73757553100586,-0.004550562705844641,-0.004550562705844641,359.33782872076034,500.6263801094055
1777330468.465302,0.08464650809764862,6.271625995635986,8.73757553100586,-0.003272492438554764,-0.003272492438554764,359.33782872076034,500.6263801094055
1777330468.4653702,0.08464650809764862,6.271625995635986,8.73757553100586,-0.005455223843455315,-0.005455223843455315,359.33782872076034,500.6263801094055
1777330468.466126,0.08464650809764862,6.271625995635986,8.73757553100586,-0.004365462809801102,-0.004365462809801102,359.33782872076034,500.6263801094055
1777330468.466173,0.08464650809764862,6.271625995635986,8.73757553100586,-0.002182731404900551,-0.002182731404900551,359.33782872076034,500.6263801094055
1777330468.466214,0.08464650809764862,6.271625995635986,8.73757553100586,0.0010908307740464807,0.0010908307740464807,359.33782872076034,500.6263801094055
1777330468.520364,0.08464650809764862,6.271625995635986,8.73757553100586,-0.0022731416393071413,-0.0022731416393071413,359.33782872076034,500.6263801094055
1777330468.520433,0.08464650809764862,6.271625995635986,8.73757553100586,-0.003457592334598303,-0.003457592334598303,359.33782872076034,500.6263801094055
1777330468.5211751,0.08464650809764862,6.271625995635986,8.73757553100586,9.361985576106235e-05,9.361985576106235e-05,359.33782872076034,500.6263801094055
1777330468.521224,0.08464650809764862,6.271625995635986,8.73757553100586,-0.003992053214460611,-0.003992053214460611,359.33782872076034,500.6263801094055
1777330468.521266,0.08464650809764862,6.271625995635986,8.73757553100586,-0.003459732048213482,-0.003459732048213482,359.33782872076034,500.6263801094055
1777330468.521305,0.08464650809764862,6.271625995635986,8.73757553100586,-0.002458241768181324,-0.002458241768181324,359.33782872076034,500.6263801094055
1777330468.575409,0.08464650809764862,6.271625995635986,8.73757553100586,-9.041027078637853e-05,-9.041027078637853e-05,359.33782872076034,500.6263801094055
1777330468.576239,0.08464650809764862,6.271625995635986,8.73757553100586,-0.0009982808260247111,-0.0009982808260247111,359.33782872076034,500.6263801094055
1777330468.5762932,0.08464650809764862,6.271625995635986,8.73757553100586,-0.001368480734527111,-0.001368480734527111,359.33782872076034,500.6263801094055
1777330468.576336,0.08464650809764862,6.271625995635986,8.73757553100586,9.575957665219903e-05,9.575957665219903e-05,359.33782872076034,500.6263801094055
1777330468.5763788,0.08464650809764862,6.271625995635986,8.73757553100586,3.2095856568048475e-06,3.2095856568048475e-06,359.33782872076034,500.6263801094055
1777330468.576419,0.08464650809764862,6.271625995635986,8.73757553100586,-0.0019029417308047414,-0.0019029417308047414,359.33782872076034,500.6263801094055
1777330468.6311512,0.08464650809764862,6.271625995635986,8.73757553100586,-0.0041760834865272045,-0.0041760834865272045,359.33782872076034,500.6263801094055
1777330468.631243,0.08464650809764862,6.271625995635986,8.73757553100586,0.00181039166636765,0.00181039166636765,359.33782872076034,500.6263801094055
1777330468.631289,0.08464650809764862,6.271625995635986,8.73757553100586,-0.0006291506579145789,-0.0006291506579145789,359.33782872076034,500.6263801094055
1777330468.631331,0.08464650809764862,6.271625995635986,8.73757553100586,-0.0008142506703734398,-0.0008142506703734398,359.33782872076034,500.6263801094055
1777330468.631371,0.08464650809764862,6.271625995635986,8.73757553100586,0.00018616984016261995,0.00018616984016261995,359.33782872076034,500.6263801094055
1777330468.6857479,0.08464650809764862,6.271625995635986,8.73757553100586,0.002089111600071192,0.002089111600071192,359.33782872076034,500.6263801094055
1777330468.685824,0.08464650809764862,6.271625995635986,8.73757553100586,9.361985576106235e-05,9.361985576106235e-05,359.33782872076034,500.6263801094055
1777330468.685868,0.08464650809764862,6.271625995635986,8.73757553100586,-0.0009068006183952093,-0.0009068006183952093,359.33782872076034,500.6263801094055
1777330468.685909,0.08464650809764862,6.271625995635986,8.73757553100586,0.0010908307740464807,0.0010908307740464807,359.33782872076034,500.6263801094055
1777330468.6859488,0.08464650809764862,6.271625995635986,8.73757553100586,0.0031799424905329943,0.0031799424905329943,359.33782872076034,500.6263801094055
1777330468.686686,0.08464650809764862,6.271625995635986,8.73757553100586,0.00018509998335503042,0.00018509998335503042,359.33782872076034,500.6263801094055
1777330468.7413802,0.08464650809764862,6.271625995635986,8.73757553100586,0.0014631703961640596,0.0014631703961640596,359.33782872076034,500.6263801094055
1777330468.741447,0.08464650809764862,6.271625995635986,8.73757553100586,9.575957665219903e-05,9.575957665219903e-05,359.33782872076034,500.6263801094055
1777330468.74149,0.08464650809764862,6.271625995635986,8.73757553100586,-1.0698618098103907e-06,-1.0698618098103907e-06,359.33782872076034,500.6263801094055
1777330468.741697,0.08464650809764862,6.271625995635986,8.73757553100586,0.0019029417308047414,0.0019029417308047414,359.33782872076034,500.6263801094055
1777330468.742563,0.08464650809764862,6.271625995635986,8.73757553100586,0.0024571719113737345,0.0024571719113737345,359.33782872076034,500.6263801094055
1777330468.742615,0.08464650809764862,6.271625995635986,8.73757553100586,0.0032714225817471743,0.0032714225817471743,359.33782872076034,500.6263801094055
1777330468.796511,0.08464650809764862,6.271625995635986,8.73757553100586,0.0033629026729613543,0.0033629026729613543,359.33782872076034,500.6263801094055
1777330468.796588,0.08464650809764862,6.271625995635986,8.73757553100586,0.0033650423865765333,0.0033650423865765333,359.33782872076034,500.6263801094055
1777330468.79663,0.08464650809764862,6.271625995635986,8.73757553100586,0.0031799424905329943,0.0031799424905329943,359.33782872076034,500.6263801094055
1777330468.851321,0.08464650809764862,6.271625995635986,8.73757553100586,0.0002787198463920504,0.0002787198463920504,359.33782872076034,500.6263801094055
1777330468.851385,0.08464650809764862,6.271625995635986,8.73757553100586,0.003457592334598303,0.003457592334598303,359.33782872076034,500.6263801094055
1777330468.851425,0.08464650809764862,6.271625995635986,8.73757553100586,0.004363323096185923,0.004363323096185923,359.33782872076034,500.6263801094055
1777330468.851464,0.08464650809764862,6.271625995635986,8.73757553100586,0.0025507917162030935,0.0025507917162030935,359.33782872076034,500.6263801094055
1777330468.8515022,0.08464650809764862,6.271625995635986,8.73757553100586,0.005546703934669495,0.005546703934669495,359.33782872076034,500.6263801094055
1777330468.852226,0.08464650809764862,6.271625995635986,8.73757553100586,0.003086322685703635,0.003086322685703635,359.33782872076034,500.6263801094055
1777330468.906284,0.08464650809764862,6.271625995635986,8.73757553100586,0.0032714225817471743,0.0032714225817471743,359.33782872076034,500.6263801094055
1777330468.906345,0.08464650809764862,6.271625995635986,8.73757553100586,0.0020880417432636023,0.0020880417432636023,359.33782872076034,500.6263801094055
1777330468.906389,0.08464650809764862,6.271625995635986,8.73757553100586,0.003457592334598303,0.003457592334598303,359.33782872076034,500.6263801094055
1777330468.906427,0.08464650809764862,6.271625995635986,8.73757553100586,0.004179293289780617,0.004179293289780617,359.33782872076034,500.6263801094055
1777330468.907139,0.08464650809764862,6.271625995635986,8.73757553100586,0.0031799424905329943,0.0031799424905329943,359.33782872076034,500.6263801094055
1777330468.907187,0.08464650809764862,6.271625995635986,8.73757553100586,0.004548422992229462,0.004548422992229462,359.33782872076034,500.6263801094055
1777330468.961514,0.08464650809764862,6.271625995635986,8.73757553100586,0.00236783130094409,0.00236783130094409,359.33782872076034,500.6263801094055
1777330468.961601,0.08464650809764862,6.271625995635986,8.73757553100586,0.0009993506828323007,0.0009993506828323007,359.33782872076034,500.6263801094055
1777330468.9616482,0.08464650809764862,6.271625995635986,8.73757553100586,0.0009057307615876198,0.0009057307615876198,359.33782872076034,500.6263801094055
1777330468.9624572,0.08464650809764862,6.271625995635986,8.73757553100586,0.001904011587612331,0.001904011587612331,359.33782872076034,500.6263801094055
1777330468.962507,0.08464650809764862,6.271625995635986,8.73757553100586,-9.041027078637853e-05,-9.041027078637853e-05,359.33782872076034,500.6263801094055
1777330468.96255,0.08464650809764862,6.271625995635986,8.73757553100586,0.0061747850850224495,0.0061747850850224495,359.33782872076034,500.6263801094055
1777330469.0160482,0.08464650809764862,6.271625995635986,8.73757553100586,0.005359463859349489,0.005359463859349489,359.33782872076034,500.6263801094055
1777330469.016137,0.08464650809764862,6.271625995635986,8.73757553100586,2.1397236196207814e-06,2.1397236196207814e-06,359.33782872076034,500.6263801094055
1777330469.0169442,0.08464650809764862,6.271625995635986,8.73757553100586,0.004178223200142384,0.004178223200142384,359.33782872076034,500.6263801094055
1777330469.071058,0.08464650809764862,6.271625995635986,8.73757553100586,-0.0009046609047800303,-0.0009046609047800303,359.33782872076034,500.6263801094055
1777330469.071139,0.08464650809764862,6.271625995635986,8.73757553100586,-0.0023667614441365004,-0.0023667614441365004,359.33782872076034,500.6263801094055
1777330469.071182,0.08464650809764862,6.271625995635986,8.73757553100586,0.0003691301099024713,0.0003691301099024713,359.33782872076034,500.6263801094055
1777330469.103155,0.08464650809764862,6.271625995635986,8.73757553100586,-0.0029012225568294525,-0.0029012225568294525,359.33782872076034,500.6263801094055
1777330469.1040452,0.08464650809764862,6.271625995635986,8.73757553100586,-0.001994421938434243,-0.001994421938434243,359.33782872076034,500.6263801094055
1777330469.1041,0.08464650809764862,6.271625995635986,8.73757553100586,0.0003691301099024713,0.0003691301099024713,359.33782872076034,500.6263801094055
1777330469.1041439,0.08464650809764862,6.271625995635986,8.73757553100586,-0.0017157020047307014,-0.0017157020047307014,359.33782872076034,500.6263801094055
1777330469.104185,0.08464650809764862,6.271625995635986,8.73757553100586,-0.004179293289780617,-0.004179293289780617,359.33782872076034,500.6263801094055
1777330469.104225,0.08464650809764862,6.271625995635986,8.73757553100586,-0.0030884623993188143,-0.0030884623993188143,359.33782872076034,500.6263801094055
1777330469.104811,0.08464650809764862,6.271625995635986,8.73757553100586,-0.003363972529768944,-0.003363972529768944,359.33782872076034,500.6263801094055
1777330469.1048582,0.08464650809764862,6.271625995635986,8.73757553100586,-0.00018509998335503042,-0.00018509998335503042,359.33782872076034,500.6263801094055
1777330469.104898,0.08464650809764862,6.271625995635986,8.73757553100586,-0.0033671821001917124,-0.0033671821001917124,359.33782872076034,500.6263801094055
1777330469.158794,0.08464650809764862,6.271625995635986,8.73757553100586,-0.0020901814568787813,-0.0020901814568787813,359.33782872076034,500.6263801094055
1777330469.1588612,0.08464650809764862,6.271625995635986,8.73757553100586,-0.0011823108652606606,-0.0011823108652606606,359.33782872076034,500.6263801094055
1777330469.159641,0.08464650809764862,6.271625995635986,8.73757553100586,-0.0010886910604313016,-0.0010886910604313016,359.33782872076034,500.6263801094055
1777330469.2137148,0.08464650809764862,6.271625995635986,8.73757553100586,-0.004364393185824156,-0.004364393185824156,359.33782872076034,500.6263801094055
1777330469.213801,0.08464650809764862,6.271625995635986,8.73757553100586,-0.004179293289780617,-0.004179293289780617,359.33782872076034,500.6263801094055
1777330469.213847,0.08464650809764862,6.271625995635986,8.73757553100586,-0.005455223843455315,-0.005455223843455315,359.33782872076034,500.6263801094055
1777330469.213887,0.08464650809764862,6.271625995635986,8.73757553100586,-0.004458012990653515,-0.004458012990653515,359.33782872076034,500.6263801094055
1777330469.2146828,0.08464650809764862,6.271625995635986,8.73757553100586,-0.0030873925425112247,-0.0030873925425112247,359.33782872076034,500.6263801094055
1777330469.2147331,0.08464650809764862,6.271625995635986,8.73757553100586,-0.0009982808260247111,-0.0009982808260247111,359.33782872076034,500.6263801094055
1777330469.268832,0.08464650809764862,6.271625995635986,8.73757553100586,-0.0009950712556019425,-0.0009950712556019425,359.33782872076034,500.6263801094055
1777330469.2689128,0.08464650809764862,6.271625995635986,8.73757553100586,-0.002089111600071192,-0.002089111600071192,359.33782872076034,500.6263801094055
1777330469.268957,0.08464650809764862,6.271625995635986,8.73757553100586,-0.0039909835904836655,-0.0039909835904836655,359.33782872076034,500.6263801094055
1777330469.324118,0.08464650809764862,6.271625995635986,8.73757553100586,-0.0054541537538170815,-0.0054541537538170815,359.33782872076034,500.6263801094055
1777330469.32421,0.08464650809764862,6.271625995635986,8.73757553100586,-0.008820266462862492,-0.008820266462862492,359.33782872076034,500.6263801094055
1777330469.324255,0.08464650809764862,6.271625995635986,8.73757553100586,-0.002902292413637042,-0.002902292413637042,359.33782872076034,500.6263801094055
1777330469.324296,0.08464650809764862,6.271625995635986,8.73757553100586,-0.002085902029648423,-0.002085902029648423,359.33782872076034,500.6263801094055
1777330469.324336,0.08464650809764862,6.271625995635986,8.73757553100586,-0.0013695505913347006,-0.0013695505913347006,359.33782872076034,500.6263801094055
1777330469.32514,0.08464650809764862,6.271625995635986,8.73757553100586,-0.0009972109692171216,-0.0009972109692171216,359.33782872076034,500.6263801094055
1777330469.3251898,0.08464650809764862,6.271625995635986,8.73757553100586,0.0011823108652606606,0.0011823108652606606,359.33782872076034,500.6263801094055
1777330469.325232,0.08464650809764862,6.271625995635986,8.73757553100586,-0.0009068006183952093,-0.0009068006183952093,359.33782872076034,500.6263801094055
1777330469.379862,0.08464650809764862,6.271625995635986,8.73757553100586,-0.0009057307615876198,-0.0009057307615876198,359.33782872076034,500.6263801094055
1777330469.3799691,0.08464650809764862,6.271625995635986,8.73757553100586,-0.0043622530065476894,-0.0043622530065476894,359.33782872076034,500.6263801094055
1777330469.380784,0.08464650809764862,6.271625995635986,8.73757553100586,-0.00682263495400548,-0.00682263495400548,359.33782872076034,500.6263801094055
1777330469.3808372,0.08464650809764862,6.271625995635986,8.73757553100586,-0.006541775073856115,-0.006541775073856115,359.33782872076034,500.6263801094055
1777330469.3808792,0.08464650809764862,6.271625995635986,8.73757553100586,-0.0044526634737849236,-0.0044526634737849236,359.33782872076034,500.6263801094055
1777330469.3809202,0.08464650809764862,6.271625995635986,8.73757553100586,-0.0021816615480929613,-0.0021816615480929613,359.33782872076034,500.6263801094055
1777330469.434753,0.08464650809764862,6.271625995635986,8.73757553100586,-9.254999167751521e-05,-9.254999167751521e-05,359.33782872076034,500.6263801094055
1777330469.4355462,0.08464650809764862,6.271625995635986,8.73757553100586,-0.0019965616520494223,-0.0019965616520494223,359.33782872076034,500.6263801094055
1777330469.435597,0.08464650809764862,6.271625995635986,8.73757553100586,-0.002460381481796503,-0.002460381481796503,359.33782872076034,500.6263801094055
1777330469.4356391,0.08464650809764862,6.271625995635986,8.73757553100586,-0.0010919006308540702,-0.0010919006308540702,359.33782872076034,500.6263801094055
1777330469.43568,0.08464650809764862,6.271625995635986,8.73757553100586,-0.0022720717824995518,-0.0022720717824995518,359.33782872076034,500.6263801094055
1777330469.435719,0.08464650809764862,6.271625995635986,8.73757553100586,-0.002365691587328911,-0.002365691587328911,359.33782872076034,500.6263801094055
1777330469.490064,0.08464650809764862,6.271625995635986,8.73757553100586,-0.0019029417308047414,-0.0019029417308047414,359.33782872076034,500.6263801094055
1777330469.490155,0.08464650809764862,6.271625995635986,8.73757553100586,-0.002991632791236043,-0.002991632791236043,359.33782872076034,500.6263801094055
1777330469.4902,0.08464650809764862,6.271625995635986,8.73757553100586,-0.0019029417308047414,-0.0019029417308047414,359.33782872076034,500.6263801094055
1777330469.521796,0.08464650809764862,6.271625995635986,8.73757553100586,0.003459732048213482,0.003459732048213482,359.33782872076034,500.6263801094055
1777330469.521887,0.08464650809764862,6.271625995635986,8.73757553100586,0.003457592334598303,0.003457592334598303,359.33782872076034,500.6263801094055
1777330469.522732,0.08464650809764862,6.271625995635986,8.73757553100586,0.0033650423865765333,0.0033650423865765333,359.33782872076034,500.6263801094055
1777330469.5228212,0.08464650809764862,6.271625995635986,8.73757553100586,0.0010908307740464807,0.0010908307740464807,359.33782872076034,500.6263801094055
1777330469.522864,0.08464650809764862,6.271625995635986,8.73757553100586,0.004548422992229462,0.004548422992229462,359.33782872076034,500.6263801094055
1777330469.522905,0.08464650809764862,6.271625995635986,8.73757553100586,0.0002755102759692818,0.0002755102759692818,359.33782872076034,500.6263801094055
1777330469.576753,0.08464650809764862,6.271625995635986,8.73757553100586,0.002456102054566145,0.002456102054566145,359.33782872076034,500.6263801094055
1777330469.5776262,0.08464650809764862,6.271625995635986,8.73757553100586,-0.0009982808260247111,-0.0009982808260247111,359.33782872076034,500.6263801094055
1777330469.577683,0.08464650809764862,6.271625995635986,8.73757553100586,-0.0009972109692171216,-0.0009972109692171216,359.33782872076034,500.6263801094055
1777330469.631922,0.08464650809764862,6.271625995635986,8.73757553100586,-9.148012759396806e-05,-9.148012759396806e-05,359.33782872076034,500.6263801094055
1777330469.6320078,0.08464650809764862,6.271625995635986,8.73757553100586,0.0021816615480929613,0.0021816615480929613,359.33782872076034,500.6263801094055
1777330469.632053,0.08464650809764862,6.271625995635986,8.73757553100586,0.0034554526209831238,0.0034554526209831238,359.33782872076034,500.6263801094055
1777330469.632858,0.08464650809764862,6.271625995635986,8.73757553100586,0.0033596931025385857,0.0033596931025385857,359.33782872076034,500.6263801094055
1777330469.632908,0.08464650809764862,6.271625995635986,8.73757553100586,0.0043622530065476894,0.0043622530065476894,359.33782872076034,500.6263801094055
1777330469.6329489,0.08464650809764862,6.271625995635986,8.73757553100586,0.004084602929651737,0.004084602929651737,359.33782872076034,500.6263801094055
1777330469.6870909,0.08464650809764862,6.271625995635986,8.73757553100586,0.0032714225817471743,0.0032714225817471743,359.33782872076034,500.6263801094055
1777330469.687178,0.08464650809764862,6.271625995635986,8.73757553100586,0.0036426924634724855,0.0036426924634724855,359.33782872076034,500.6263801094055
1777330469.6879559,0.08464650809764862,6.271625995635986,8.73757553100586,-0.0006302205147221684,-0.0006302205147221684,359.33782872076034,500.6263801094055
1777330469.6880069,0.08464650809764862,6.271625995635986,8.73757553100586,-0.0011844505788758397,-0.0011844505788758397,359.33782872076034,500.6263801094055
1777330469.6880488,0.08464650809764862,6.271625995635986,8.73757553100586,0.0023646217305213213,0.0023646217305213213,359.33782872076034,500.6263801094055
1777330469.68809,0.08464650809764862,6.271625995635986,8.73757553100586,9.254999167751521e-05,9.254999167751521e-05,359.33782872076034,500.6263801094055
1777330469.741985,0.08464650809764862,6.271625995635986,8.73757553100586,0.002458241768181324,0.002458241768181324,359.33782872076034,500.6263801094055
1777330469.742835,0.08464650809764862,6.271625995635986,8.73757553100586,0.0023635518737137318,0.0023635518737137318,359.33782872076034,500.6263801094055
1777330469.742889,0.08464650809764862,6.271625995635986,8.73757553100586,0.0013674108777195215,0.0013674108777195215,359.33782872076034,500.6263801094055
1777330469.742933,0.08464650809764862,6.271625995635986,8.73757553100586,0.0022731416393071413,0.0022731416393071413,359.33782872076034,500.6263801094055
1777330469.7429729,0.08464650809764862,6.271625995635986,8.73757553100586,0.003550142515450716,0.003550142515450716,359.33782872076034,500.6263801094055
1777330469.7430131,0.08464650809764862,6.271625995635986,8.73757553100586,-0.0009035910479724407,-0.0009035910479724407,359.33782872076034,500.6263801094055
1777330469.797179,0.08464650809764862,6.271625995635986,8.73757553100586,0.0011844505788758397,0.0011844505788758397,359.33782872076034,500.6263801094055
1777330469.797258,0.08464650809764862,6.271625995635986,8.73757553100586,0.00236783130094409,0.00236783130094409,359.33782872076034,500.6263801094055
1777330469.7972999,0.08464650809764862,6.271625995635986,8.73757553100586,0.0035512123722583055,0.0035512123722583055,359.33782872076034,500.6263801094055
1777330469.79734,0.08464650809764862,6.271625995635986,8.73757553100586,0.0020869718864560127,0.0020869718864560127,359.33782872076034,500.6263801094055
1777330469.7973802,0.08464650809764862,6.271625995635986,8.73757553100586,0.0029033622704446316,0.0029033622704446316,359.33782872076034,500.6263801094055
1777330469.853046,0.08464650809764862,6.271625995635986,8.73757553100586,0.00417715311050415,0.00417715311050415,359.33782872076034,500.6263801094055
1777330469.853139,0.08464650809764862,6.271625995635986,8.73757553100586,9.254999167751521e-05,9.254999167751521e-05,359.33782872076034,500.6263801094055
1777330469.853187,0.08464650809764862,6.271625995635986,8.73757553100586,0.002460381481796503,0.002460381481796503,359.33782872076034,500.6263801094055
1777330469.853228,0.08464650809764862,6.271625995635986,8.73757553100586,0.0035512123722583055,0.0035512123722583055,359.33782872076034,500.6263801094055
1777330469.853269,0.08464650809764862,6.271625995635986,8.73757553100586,0.002456102054566145,0.002456102054566145,359.33782872076034,500.6263801094055
1777330469.85406,0.08464650809764862,6.271625995635986,8.73757553100586,0.0001840301265474409,0.0001840301265474409,359.33782872076034,500.6263801094055
1777330469.9077141,0.08464650809764862,6.271625995635986,8.73757553100586,0.000996141112409532,0.000996141112409532,359.33782872076034,500.6263801094055
1777330469.9078,0.08464650809764862,6.271625995635986,8.73757553100586,0.00037126982351765037,0.00037126982351765037,359.33782872076034,500.6263801094055
1777330469.907844,0.08464650809764862,6.271625995635986,8.73757553100586,0.0011823108652606606,0.0011823108652606606,359.33782872076034,500.6263801094055
1777330469.943646,0.08464650809764862,6.271625995635986,8.73757553100586,0.0032714225817471743,0.0032714225817471743,359.33782872076034,500.6263801094055
1777330469.9444962,0.08464650809764862,6.271625995635986,8.73757553100586,0.00018296025518793613,0.00018296025518793613,359.33782872076034,500.6263801094055
1777330469.9445498,0.08464650809764862,6.271625995635986,8.73757553100586,0.0004616800870280713,0.0004616800870280713,359.33782872076034,500.6263801094055
1777330469.9445918,0.08464650809764862,6.271625995635986,8.73757553100586,-0.002995912218466401,-0.002995912218466401,359.33782872076034,500.6263801094055
1777330469.944632,0.08464650809764862,6.271625995635986,8.73757553100586,0.0020901814568787813,0.0020901814568787813,359.33782872076034,500.6263801094055
1777330469.944671,0.08464650809764862,6.271625995635986,8.73757553100586,0.0007195609505288303,0.0007195609505288303,359.33782872076034,500.6263801094055
1777330469.99943,0.08464650809764862,6.271625995635986,8.73757553100586,0.0038962936960160732,0.0038962936960160732,359.33782872076034,500.6263801094055
1777330469.9995039,0.08464650809764862,6.271625995635986,8.73757553100586,-3.2095856568048475e-06,-3.2095856568048475e-06,359.33782872076034,500.6263801094055
1777330469.999548,0.08464650809764862,6.271625995635986,8.73757553100586,0.003086322685703635,0.003086322685703635,359.33782872076034,500.6263801094055
1777330470.031165,0.08464650809764862,6.271625995635986,8.73757553100586,0.0022710019256919622,0.0022710019256919622,359.33782872076034,500.6263801094055
1777330470.0312362,0.08464650809764862,6.271625995635986,8.73757553100586,-0.0001872397115221247,-0.0001872397115221247,359.33782872076034,500.6263801094055
1777330470.032136,0.08464650809764862,6.271625995635986,8.73757553100586,-0.0031788726337254047,-0.0031788726337254047,359.33782872076034,500.6263801094055
1777330470.032371,0.08464650809764862,6.271625995635986,8.73757553100586,0.0008131808135658503,0.0008131808135658503,359.33782872076034,500.6263801094055
1777330470.0324259,0.08464650809764862,6.271625995635986,8.73757553100586,0.0009068006183952093,0.0009068006183952093,359.33782872076034,500.6263801094055
1777330470.032469,0.08464650809764862,6.271625995635986,8.73757553100586,0.0009982808260247111,0.0009982808260247111,359.33782872076034,500.6263801094055
1777330470.1071382,0.08464650809764862,6.271625995635986,8.73757553100586,-0.00018616984016261995,-0.00018616984016261995,359.33782872076034,500.6263801094055
1777330470.108039,0.08464650809764862,6.271625995635986,8.73757553100586,0.0009972109692171216,0.0009972109692171216,359.33782872076034,500.6263801094055
1777330470.108094,0.08464650809764862,6.271625995635986,8.73757553100586,-0.003368251956999302,-0.003368251956999302,359.33782872076034,500.6263801094055
1777330470.108137,0.08464650809764862,6.271625995635986,8.73757553100586,-0.0024593116249889135,-0.0024593116249889135,359.33782872076034,500.6263801094055
1777330470.108178,0.08464650809764862,6.271625995635986,8.73757553100586,-0.0003669903671834618,-0.0003669903671834618,359.33782872076034,500.6263801094055
1777330470.108219,0.08464650809764862,6.271625995635986,8.73757553100586,-9.041027078637853e-05,-9.041027078637853e-05,359.33782872076034,500.6263801094055
1777330470.162805,0.08464650809764862,6.271625995635986,8.73757553100586,0.0010004205396398902,0.0010004205396398902,359.33782872076034,500.6263801094055
1777330470.162879,0.08464650809764862,6.271625995635986,8.73757553100586,0.002456102054566145,0.002456102054566145,359.33782872076034,500.6263801094055
1777330470.16292,0.08464650809764862,6.271625995635986,8.73757553100586,0.0012759307865053415,0.0012759307865053415,359.33782872076034,500.6263801094055
1777330470.1629598,0.08464650809764862,6.271625995635986,8.73757553100586,0.002460381481796503,0.002460381481796503,359.33782872076034,500.6263801094055
1777330470.1629992,0.08464650809764862,6.271625995635986,8.73757553100586,-2.1397236196207814e-06,-2.1397236196207814e-06,359.33782872076034,500.6263801094055
1777330470.163748,0.08464650809764862,6.271625995635986,8.73757553100586,-0.0021816615480929613,-0.0021816615480929613,359.33782872076034,500.6263801094055
1777330470.2173288,0.08464650809764862,6.271625995635986,8.73757553100586,-9.361985576106235e-05,-9.361985576106235e-05,359.33782872076034,500.6263801094055
1777330470.217416,0.08464650809764862,6.271625995635986,8.73757553100586,0.0009972109692171216,0.0009972109692171216,359.33782872076034,500.6263801094055
1777330470.217462,0.08464650809764862,6.271625995635986,8.73757553100586,0.0020901814568787813,0.0020901814568787813,359.33782872076034,500.6263801094055
1777330470.217504,0.08464650809764862,6.271625995635986,8.73757553100586,-0.0010919006308540702,-0.0010919006308540702,359.33782872076034,500.6263801094055
1777330470.218304,0.08464650809764862,6.271625995635986,8.73757553100586,-0.0006291506579145789,-0.0006291506579145789,359.33782872076034,500.6263801094055
1777330470.272554,0.08464650809764862,6.271625995635986,8.73757553100586,0.0011823108652606606,0.0011823108652606606,359.33782872076034,500.6263801094055
1777330470.272643,0.08464650809764862,6.271625995635986,8.73757553100586,-0.0001840301265474409,-0.0001840301265474409,359.33782872076034,500.6263801094055
1777330470.2726898,0.08464650809764862,6.271625995635986,8.73757553100586,0.0019029417308047414,0.0019029417308047414,359.33782872076034,500.6263801094055
1777330470.272732,0.08464650809764862,6.271625995635986,8.73757553100586,0.0011844505788758397,0.0011844505788758397,359.33782872076034,500.6263801094055
1777330470.273534,0.08464650809764862,6.271625995635986,8.73757553100586,-0.00018616984016261995,-0.00018616984016261995,359.33782872076034,500.6263801094055
1777330470.2735848,0.08464650809764862,6.271625995635986,8.73757553100586,-9.361985576106235e-05,-9.361985576106235e-05,359.33782872076034,500.6263801094055
1777330470.32698,0.08464650809764862,6.271625995635986,8.73757553100586,0.0010886910604313016,0.0010886910604313016,359.33782872076034,500.6263801094055
1777330470.327082,0.08464650809764862,6.271625995635986,8.73757553100586,0.0009982808260247111,0.0009982808260247111,359.33782872076034,500.6263801094055
1777330470.3271282,0.08464650809764862,6.271625995635986,8.73757553100586,0.0021816615480929613,0.0021816615480929613,359.33782872076034,500.6263801094055
1777330470.3822,0.08464650809764862,6.271625995635986,8.73757553100586,-0.0007206308073364198,-0.0007206308073364198,359.33782872076034,500.6263801094055
1777330470.382286,0.08464650809764862,6.271625995635986,8.73757553100586,0.0011823108652606606,0.0011823108652606606,359.33782872076034,500.6263801094055
1777330470.3823318,0.08464650809764862,6.271625995635986,8.73757553100586,0.0002755102759692818,0.0002755102759692818,359.33782872076034,500.6263801094055
1777330470.3823738,0.08464650809764862,6.271625995635986,8.73757553100586,0.0010919006308540702,0.0010919006308540702,359.33782872076034,500.6263801094055
1777330470.382414,0.08464650809764862,6.271625995635986,8.73757553100586,-0.001994421938434243,-0.001994421938434243,359.33782872076034,500.6263801094055
1777330470.3832169,0.08464650809764862,6.271625995635986,8.73757553100586,-0.0009982808260247111,-0.0009982808260247111,359.33782872076034,500.6263801094055
1777330470.437404,0.08464650809764862,6.271625995635986,8.73757553100586,0.0011801711516454816,0.0011801711516454816,359.33782872076034,500.6263801094055
1777330470.437494,0.08464650809764862,6.271625995635986,8.73757553100586,-0.0009057307615876198,-0.0009057307615876198,359.33782872076034,500.6263801094055
1777330470.4375381,0.08464650809764862,6.271625995635986,8.73757553100586,0.0002765801327768713,0.0002765801327768713,359.33782872076034,500.6263801094055
1777330470.43758,0.08464650809764862,6.271625995635986,8.73757553100586,0.0011801711516454816,0.0011801711516454816,359.33782872076034,500.6263801094055
1777330470.4383621,0.08464650809764862,6.271625995635986,8.73757553100586,0.005729664117097855,0.005729664117097855,359.33782872076034,500.6263801094055
1777330470.438418,0.08464650809764862,6.271625995635986,8.73757553100586,0.0019954917952418327,0.0019954917952418327,359.33782872076034,500.6263801094055
1777330470.49229,0.08464650809764862,6.271625995635986,8.73757553100586,0.0021795218344777822,0.0021795218344777822,359.33782872076034,500.6263801094055
1777330470.4923809,0.08464650809764862,6.271625995635986,8.73757553100586,0.001904011587612331,0.001904011587612331,359.33782872076034,500.6263801094055
1777330470.492426,0.08464650809764862,6.271625995635986,8.73757553100586,-0.0011844505788758397,-0.0011844505788758397,359.33782872076034,500.6263801094055
1777330470.4931898,0.08464650809764862,6.271625995635986,8.73757553100586,-9.468971256865188e-05,-9.468971256865188e-05,359.33782872076034,500.6263801094055
1777330470.493242,0.08464650809764862,6.271625995635986,8.73757553100586,0.0008131808135658503,0.0008131808135658503,359.33782872076034,500.6263801094055
1777330470.493284,0.08464650809764862,6.271625995635986,8.73757553100586,-0.0010919006308540702,-0.0010919006308540702,359.33782872076034,500.6263801094055
1777330470.54664,0.08464650809764862,6.271625995635986,8.73757553100586,0.0002797897031996399,0.0002797897031996399,359.33782872076034,500.6263801094055
1777330470.546732,0.08464650809764862,6.271625995635986,8.73757553100586,9.575957665219903e-05,9.575957665219903e-05,359.33782872076034,500.6263801094055
1777330470.547563,0.08464650809764862,6.271625995635986,8.73757553100586,-0.0009035910479724407,-0.0009035910479724407,359.33782872076034,500.6263801094055
1777330470.547617,0.08464650809764862,6.271625995635986,8.73757553100586,-0.0010929704876616597,-0.0010929704876616597,359.33782872076034,500.6263801094055
1777330470.547659,0.08464650809764862,6.271625995635986,8.73757553100586,-0.0002765801327768713,-0.0002765801327768713,359.33782872076034,500.6263801094055
1777330470.547699,0.08464650809764862,6.271625995635986,8.73757553100586,0.0010908307740464807,0.0010908307740464807,359.33782872076034,500.6263801094055
1777330470.6007738,0.08464650809764862,6.271625995635986,8.73757553100586,-0.002278490923345089,-0.002278490923345089,359.33782872076034,500.6263801094055
1777330470.601589,0.08464650809764862,6.271625995635986,8.73757553100586,-0.001997631508857012,-0.001997631508857012,359.33782872076034,500.6263801094055
1777330470.60164,0.08464650809764862,6.271625995635986,8.73757553100586,8.827054261928424e-05,8.827054261928424e-05,359.33782872076034,500.6263801094055
1777330470.601724,0.08464650809764862,6.271625995635986,8.73757553100586,-0.002089111600071192,-0.002089111600071192,359.33782872076034,500.6263801094055
1777330470.658375,0.08464650809764862,6.271625995635986,8.73757553100586,-0.0034554526209831238,-0.0034554526209831238,359.33782872076034,500.6263801094055
1777330470.6584802,0.08464650809764862,6.271625995635986,8.73757553100586,-9.041027078637853e-05,-9.041027078637853e-05,359.33782872076034,500.6263801094055
1777330470.65929,0.08464650809764862,6.271625995635986,8.73757553100586,-0.003552282229065895,-0.003552282229065895,359.33782872076034,500.6263801094055
1777330470.6593459,0.08464650809764862,6.271625995635986,8.73757553100586,0.0012737910728901625,0.0012737910728901625,359.33782872076034,500.6263801094055
1777330470.659389,0.08464650809764862,6.271625995635986,8.73757553100586,-0.0010886910604313016,-0.0010886910604313016,359.33782872076034,500.6263801094055
1777330470.713492,0.08464650809764862,6.271625995635986,8.73757553100586,0.0020869718864560127,0.0020869718864560127,359.33782872076034,500.6263801094055
1777330470.713569,0.08464650809764862,6.271625995635986,8.73757553100586,-0.0,-0.0,359.33782872076034,500.6263801094055
1777330470.714318,0.08464650809764862,6.271625995635986,8.73757553100586,-0.0010908307740464807,-0.0010908307740464807,359.33782872076034,500.6263801094055
1777330470.714368,0.08464650809764862,6.271625995635986,8.73757553100586,-0.0011844505788758397,-0.0011844505788758397,359.33782872076034,500.6263801094055
1777330470.7144089,0.08464650809764862,6.271625995635986,8.73757553100586,-0.001366341020911932,-0.001366341020911932,359.33782872076034,500.6263801094055
1777330470.714449,0.08464650809764862,6.271625995635986,8.73757553100586,-0.003363972529768944,-0.003363972529768944,359.33782872076034,500.6263801094055
1777330470.7683609,0.08464650809764862,6.271625995635986,8.73757553100586,-0.002460381481796503,-0.002460381481796503,359.33782872076034,500.6263801094055
1777330470.769228,0.08464650809764862,6.271625995635986,8.73757553100586,-0.00236783130094409,-0.00236783130094409,359.33782872076034,500.6263801094055
1777330470.769284,0.08464650809764862,6.271625995635986,8.73757553100586,-0.0009982808260247111,-0.0009982808260247111,359.33782872076034,500.6263801094055
1777330470.7693288,0.08464650809764862,6.271625995635986,8.73757553100586,0.00018616984016261995,0.00018616984016261995,359.33782872076034,500.6263801094055
1777330470.7693708,0.08464650809764862,6.271625995635986,8.73757553100586,0.0011833807220682502,0.0011833807220682502,359.33782872076034,500.6263801094055
1777330470.769415,0.08464650809764862,6.271625995635986,8.73757553100586,0.0008121109567582607,0.0008121109567582607,359.33782872076034,500.6263801094055
1777330470.823924,0.08464650809764862,6.271625995635986,8.73757553100586,-0.0,-0.0,359.33782872076034,500.6263801094055
1777330470.823991,0.08464650809764862,6.271625995635986,8.73757553100586,-0.0034554526209831238,-0.0034554526209831238,359.33782872076034,500.6263801094055
1777330470.824032,0.08464650809764862,6.271625995635986,8.73757553100586,-0.00408567301928997,-0.00408567301928997,359.33782872076034,500.6263801094055
1777330470.824071,0.08464650809764862,6.271625995635986,8.73757553100586,-0.0023646217305213213,-0.0023646217305213213,359.33782872076034,500.6263801094055
1777330470.82411,0.08464650809764862,6.271625995635986,8.73757553100586,9.254999167751521e-05,9.254999167751521e-05,359.33782872076034,500.6263801094055
1777330470.878336,0.08464650809764862,6.271625995635986,8.73757553100586,9.468971256865188e-05,9.468971256865188e-05,359.33782872076034,500.6263801094055
1777330470.87843,0.08464650809764862,6.271625995635986,8.73757553100586,0.0021816615480929613,0.0021816615480929613,359.33782872076034,500.6263801094055
1777330470.878475,0.08464650809764862,6.271625995635986,8.73757553100586,2.1397236196207814e-06,2.1397236196207814e-06,359.33782872076034,500.6263801094055
1777330470.8785212,0.08464650809764862,6.271625995635986,8.73757553100586,-0.00018616984016261995,-0.00018616984016261995,359.33782872076034,500.6263801094055
1777330470.878562,0.08464650809764862,6.271625995635986,8.73757553100586,-0.004271843004971743,-0.004271843004971743,359.33782872076034,500.6263801094055
1777330470.879342,0.08464650809764862,6.271625995635986,8.73757553100586,-0.0042707729153335094,-0.0042707729153335094,359.33782872076034,500.6263801094055
1777330470.933144,0.08464650809764862,6.271625995635986,8.73757553100586,-0.0035490726586431265,-0.0035490726586431265,359.33782872076034,500.6263801094055
1777330470.933231,0.08464650809764862,6.271625995635986,8.73757553100586,-0.0034565224777907133,-0.0034565224777907133,359.33782872076034,500.6263801094055
1777330470.93328,0.08464650809764862,6.271625995635986,8.73757553100586,0.0019072211580350995,0.0019072211580350995,359.33782872076034,500.6263801094055
1777330470.933324,0.08464650809764862,6.271625995635986,8.73757553100586,0.0030873925425112247,0.0030873925425112247,359.33782872076034,500.6263801094055
1777330470.934124,0.08464650809764862,6.271625995635986,8.73757553100586,0.0032714225817471743,0.0032714225817471743,359.33782872076034,500.6263801094055
1777330470.9341729,0.08464650809764862,6.271625995635986,8.73757553100586,9.041027078637853e-05,9.041027078637853e-05,359.33782872076034,500.6263801094055
1777330470.9888651,0.08464650809764862,6.271625995635986,8.73757553100586,-0.001904011587612331,-0.001904011587612331,359.33782872076034,500.6263801094055
1777330470.988967,0.08464650809764862,6.271625995635986,8.73757553100586,-0.0031788726337254047,-0.0031788726337254047,359.33782872076034,500.6263801094055
1777330470.989012,0.08464650809764862,6.271625995635986,8.73757553100586,-0.002460381481796503,-0.002460381481796503,359.33782872076034,500.6263801094055
1777330471.043678,0.08464650809764862,6.271625995635986,8.73757553100586,-0.0021816615480929613,-0.0021816615480929613,359.33782872076034,500.6263801094055
1777330471.043759,0.08464650809764862,6.271625995635986,8.73757553100586,-0.0013652711641043425,-0.0013652711641043425,359.33782872076034,500.6263801094055
1777330471.043804,0.08464650809764862,6.271625995635986,8.73757553100586,0.002551861573010683,0.002551861573010683,359.33782872076034,500.6263801094055
1777330471.043846,0.08464650809764862,6.271625995635986,8.73757553100586,0.0017199814319610596,0.0017199814319610596,359.33782872076034,500.6263801094055
1777330471.0438871,0.08464650809764862,6.271625995635986,8.73757553100586,0.00508288387209177,0.00508288387209177,359.33782872076034,500.6263801094055
1777330471.044689,0.08464650809764862,6.271625995635986,8.73757553100586,0.0001872397115221247,0.0001872397115221247,359.33782872076034,500.6263801094055
1777330471.0987258,0.08464650809764862,6.271625995635986,8.73757553100586,-0.0,-0.0,359.33782872076034,500.6263801094055
1777330471.098794,0.08464650809764862,6.271625995635986,8.73757553100586,-0.004549493081867695,-0.004549493081867695,359.33782872076034,500.6263801094055
1777330471.098835,0.08464650809764862,6.271625995635986,8.73757553100586,-0.004733522888273001,-0.004733522888273001,359.33782872076034,500.6263801094055
1777330471.098874,0.08464650809764862,6.271625995635986,8.73757553100586,-0.003457592334598303,-0.003457592334598303,359.33782872076034,500.6263801094055
1777330471.099592,0.08464650809764862,6.271625995635986,8.73757553100586,0.0011833807220682502,0.0011833807220682502,359.33782872076034,500.6263801094055
1777330471.0996401,0.08464650809764862,6.271625995635986,8.73757553100586,-0.0011833807220682502,-0.0011833807220682502,359.33782872076034,500.6263801094055
1777330471.1530628,0.08464650809764862,6.271625995635986,8.73757553100586,0.004549493081867695,0.004549493081867695,359.33782872076034,500.6263801094055
1777330471.153146,0.08464650809764862,6.271625995635986,8.73757553100586,0.0042729126289486885,0.0042729126289486885,359.33782872076034,500.6263801094055
1777330471.15319,0.08464650809764862,6.271625995635986,8.73757553100586,0.001994421938434243,0.001994421938434243,359.33782872076034,500.6263801094055
1777330471.1539788,0.08464650809764862,6.271625995635986,8.73757553100586,9.361985576106235e-05,9.361985576106235e-05,359.33782872076034,500.6263801094055
1777330471.1543639,0.08464650809764862,6.271625995635986,8.73757553100586,-0.0011833807220682502,-0.0011833807220682502,359.33782872076034,500.6263801094055
1777330471.1544058,0.08464650809764862,6.271625995635986,8.73757553100586,-0.0013695505913347006,-0.0013695505913347006,359.33782872076034,500.6263801094055
1777330471.20855,0.08464650809764862,6.271625995635986,8.73757553100586,-0.002365691587328911,-0.002365691587328911,359.33782872076034,500.6263801094055
1777330471.208638,0.08464650809764862,6.271625995635986,8.73757553100586,-0.0011812410084530711,-0.0011812410084530711,359.33782872076034,500.6263801094055
1777330471.20942,0.08464650809764862,6.271625995635986,8.73757553100586,0.001553580746985972,0.001553580746985972,359.33782872076034,500.6263801094055
1777330471.209471,0.08464650809764862,6.271625995635986,8.73757553100586,0.0010886910604313016,0.0010886910604313016,359.33782872076034,500.6263801094055
1777330471.209513,0.08464650809764862,6.271625995635986,8.73757553100586,0.0011823108652606606,0.0011823108652606606,359.33782872076034,500.6263801094055
1777330471.209554,0.08464650809764862,6.271625995635986,8.73757553100586,0.003545863088220358,0.003545863088220358,359.33782872076034,500.6263801094055
1777330471.263624,0.08464650809764862,6.271625995635986,8.73757553100586,0.0014588909689337015,0.0014588909689337015,359.33782872076034,500.6263801094055
1777330471.264417,0.08464650809764862,6.271625995635986,8.73757553100586,9.254999167751521e-05,9.254999167751521e-05,359.33782872076034,500.6263801094055
1777330471.264469,0.08464650809764862,6.271625995635986,8.73757553100586,-0.003550142515450716,-0.003550142515450716,359.33782872076034,500.6263801094055
1777330471.2645109,0.08464650809764862,6.271625995635986,8.73757553100586,0.0009068006183952093,0.0009068006183952093,359.33782872076034,500.6263801094055
1777330471.2645519,0.08464650809764862,6.271625995635986,8.73757553100586,-0.0009982808260247111,-0.0009982808260247111,359.33782872076034,500.6263801094055
1777330471.264592,0.08464650809764862,6.271625995635986,8.73757553100586,0.0010897609172388911,0.0010897609172388911,359.33782872076034,500.6263801094055
1777330471.319489,0.08464650809764862,6.271625995635986,8.73757553100586,2.1397236196207814e-06,2.1397236196207814e-06,359.33782872076034,500.6263801094055
1777330471.319582,0.08464650809764862,6.271625995635986,8.73757553100586,0.0022720717824995518,0.0022720717824995518,359.33782872076034,500.6263801094055
1777330471.35475,0.08464650809764862,6.271625995635986,8.73757553100586,-1.0698618098103907e-06,-1.0698618098103907e-06,359.33782872076034,500.6263801094055
1777330471.3548381,0.08464650809764862,6.271625995635986,8.73757553100586,0.000996141112409532,0.000996141112409532,359.33782872076034,500.6263801094055
1777330471.354882,0.08464650809764862,6.271625995635986,8.73757553100586,-0.0021816615480929613,-0.0021816615480929613,359.33782872076034,500.6263801094055
1777330471.355675,0.08464650809764862,6.271625995635986,8.73757553100586,-9.361985576106235e-05,-9.361985576106235e-05,359.33782872076034,500.6263801094055
1777330471.3557272,0.08464650809764862,6.271625995635986,8.73757553100586,1.0698618098103907e-06,1.0698618098103907e-06,359.33782872076034,500.6263801094055
1777330471.355768,0.08464650809764862,6.271625995635986,8.73757553100586,0.002089111600071192,0.002089111600071192,359.33782872076034,500.6263801094055
1777330471.409913,0.08464650809764862,6.271625995635986,8.73757553100586,0.002177382120862603,0.002177382120862603,359.33782872076034,500.6263801094055
1777330471.410002,0.08464650809764862,6.271625995635986,8.73757553100586,9.468971256865188e-05,9.468971256865188e-05,359.33782872076034,500.6263801094055
1777330471.410828,0.08464650809764862,6.271625995635986,8.73757553100586,9.254999167751521e-05,9.254999167751521e-05,359.33782872076034,500.6263801094055
1777330471.411009,0.08464650809764862,6.271625995635986,8.73757553100586,0.0009972109692171216,0.0009972109692171216,359.33782872076034,500.6263801094055
1777330471.4663591,0.08464650809764862,6.271625995635986,8.73757553100586,1.0698618098103907e-06,1.0698618098103907e-06,359.33782872076034,500.6263801094055
1777330471.466432,0.08464650809764862,6.271625995635986,8.73757553100586,-0.0007217006641440094,-0.0007217006641440094,359.33782872076034,500.6263801094055
1777330471.466478,0.08464650809764862,6.271625995635986,8.73757553100586,9.361985576106235e-05,9.361985576106235e-05,359.33782872076034,500.6263801094055
1777330471.467223,0.08464650809764862,6.271625995635986,8.73757553100586,1.0698618098103907e-06,1.0698618098103907e-06,359.33782872076034,500.6263801094055
1777330471.467275,0.08464650809764862,6.271625995635986,8.73757553100586,-9.361985576106235e-05,-9.361985576106235e-05,359.33782872076034,500.6263801094055
1777330471.521436,0.08464650809764862,6.271625995635986,8.73757553100586,-9.468971256865188e-05,-9.468971256865188e-05,359.33782872076034,500.6263801094055
1777330471.521514,0.08464650809764862,6.271625995635986,8.73757553100586,0.00027764998958446085,0.00027764998958446085,359.33782872076034,500.6263801094055
1777330471.521557,0.08464650809764862,6.271625995635986,8.73757553100586,0.002089111600071192,0.002089111600071192,359.33782872076034,500.6263801094055
1777330471.5222971,0.08464650809764862,6.271625995635986,8.73757553100586,-0.0021805916912853718,-0.0021805916912853718,359.33782872076034,500.6263801094055
1777330471.522347,0.08464650809764862,6.271625995635986,8.73757553100586,-0.00408567301928997,-0.00408567301928997,359.33782872076034,500.6263801094055
1777330471.576524,0.08464650809764862,6.271625995635986,8.73757553100586,9.468971256865188e-05,9.468971256865188e-05,359.33782872076034,500.6263801094055
1777330471.576592,0.08464650809764862,6.271625995635986,8.73757553100586,-1.0698618098103907e-06,-1.0698618098103907e-06,359.33782872076034,500.6263801094055
1777330471.576633,0.08464650809764862,6.271625995635986,8.73757553100586,-0.002365691587328911,-0.002365691587328911,359.33782872076034,500.6263801094055
1777330471.577374,0.08464650809764862,6.271625995635986,8.73757553100586,0.003086322685703635,0.003086322685703635,359.33782872076034,500.6263801094055
1777330471.5774221,0.08464650809764862,6.271625995635986,8.73757553100586,0.002993772504851222,0.002993772504851222,359.33782872076034,500.6263801094055
1777330471.577462,0.08464650809764862,6.271625995635986,8.73757553100586,-0.0013674108777195215,-0.0013674108777195215,359.33782872076034,500.6263801094055
1777330471.577502,0.08464650809764862,6.271625995635986,8.73757553100586,0.0009068006183952093,0.0009068006183952093,359.33782872076034,500.6263801094055
1777330471.6322649,0.08464650809764862,6.271625995635986,8.73757553100586,-0.0,-0.0,359.33782872076034,500.6263801094055
1777330471.633114,0.08464650809764862,6.271625995635986,8.73757553100586,-0.0019954917952418327,-0.0019954917952418327,359.33782872076034,500.6263801094055
1777330471.633168,0.08464650809764862,6.271625995635986,8.73757553100586,0.0010908307740464807,0.0010908307740464807,359.33782872076034,500.6263801094055
1777330471.633211,0.08464650809764862,6.271625995635986,8.73757553100586,-0.001623152056708932,-0.001623152056708932,359.33782872076034,500.6263801094055
1777330471.6332521,0.08464650809764862,6.271625995635986,8.73757553100586,0.0021805916912853718,0.0021805916912853718,359.33782872076034,500.6263801094055
1777330471.6332932,0.08464650809764862,6.271625995635986,8.73757553100586,-0.0014610306825488806,-0.0014610306825488806,359.33782872076034,500.6263801094055
1777330471.688297,0.08464650809764862,6.271625995635986,8.73757553100586,-0.002462521195411682,-0.002462521195411682,359.33782872076034,500.6263801094055
1777330471.6883788,0.08464650809764862,6.271625995635986,8.73757553100586,0.0001872397115221247,0.0001872397115221247,359.33782872076034,500.6263801094055
1777330471.688423,0.08464650809764862,6.271625995635986,8.73757553100586,0.0002797897031996399,0.0002797897031996399,359.33782872076034,500.6263801094055
1777330471.688464,0.08464650809764862,6.271625995635986,8.73757553100586,0.0009068006183952093,0.0009068006183952093,359.33782872076034,500.6263801094055
1777330471.688555,0.08464650809764862,6.271625995635986,8.73757553100586,0.0007195609505288303,0.0007195609505288303,359.33782872076034,500.6263801094055
1777330471.689339,0.08464650809764862,6.271625995635986,8.73757553100586,-0.001277000643312931,-0.001277000643312931,359.33782872076034,500.6263801094055
1777330471.743022,0.08464650809764862,6.271625995635986,8.73757553100586,-0.0010886910604313016,-0.0010886910604313016,359.33782872076034,500.6263801094055
1777330471.743099,0.08464650809764862,6.271625995635986,8.73757553100586,-0.0031799424905329943,-0.0031799424905329943,359.33782872076034,500.6263801094055
1777330471.7431412,0.08464650809764862,6.271625995635986,8.73757553100586,-0.002091251313686371,-0.002091251313686371,359.33782872076034,500.6263801094055
1777330471.7431822,0.08464650809764862,6.271625995635986,8.73757553100586,-0.0011801711516454816,-0.0011801711516454816,359.33782872076034,500.6263801094055
1777330471.7439418,0.08464650809764862,6.271625995635986,8.73757553100586,0.002274211496114731,0.002274211496114731,359.33782872076034,500.6263801094055
1777330471.7975428,0.08464650809764862,6.271625995635986,8.73757553100586,0.0021784519776701927,0.0021784519776701927,359.33782872076034,500.6263801094055
1777330471.7976289,0.08464650809764862,6.271625995635986,8.73757553100586,0.0010908307740464807,0.0010908307740464807,359.33782872076034,500.6263801094055
1777330471.797675,0.08464650809764862,6.271625995635986,8.73757553100586,-9.254999167751521e-05,-9.254999167751521e-05,359.33782872076034,500.6263801094055
1777330471.829281,0.08464650809764862,6.271625995635986,8.73757553100586,0.0003723396803252399,0.0003723396803252399,359.33782872076034,500.6263801094055
1777330471.830199,0.08464650809764862,6.271625995635986,8.73757553100586,-0.0009057307615876198,-0.0009057307615876198,359.33782872076034,500.6263801094055
1777330471.8303301,0.08464650809764862,6.271625995635986,8.73757553100586,-0.003181012347340584,-0.003181012347340584,359.33782872076034,500.6263801094055
1777330471.830375,0.08464650809764862,6.271625995635986,8.73757553100586,0.0019965616520494223,0.0019965616520494223,359.33782872076034,500.6263801094055
1777330471.884703,0.08464650809764862,6.271625995635986,8.73757553100586,-0.0014631703961640596,-0.0014631703961640596,359.33782872076034,500.6263801094055
1777330471.884799,0.08464650809764862,6.271625995635986,8.73757553100586,0.0030884623993188143,0.0030884623993188143,359.33782872076034,500.6263801094055
1777330471.8856,0.08464650809764862,6.271625995635986,8.73757553100586,0.002089111600071192,0.002089111600071192,359.33782872076034,500.6263801094055
1777330471.885652,0.08464650809764862,6.271625995635986,8.73757553100586,0.002089111600071192,0.002089111600071192,359.33782872076034,500.6263801094055
1777330471.8856928,0.08464650809764862,6.271625995635986,8.73757553100586,-0.0012759307865053415,-0.0012759307865053415,359.33782872076034,500.6263801094055
1777330471.939887,0.08464650809764862,6.271625995635986,8.73757553100586,0.0009982808260247111,0.0009982808260247111,359.33782872076034,500.6263801094055
1777330471.939959,0.08464650809764862,6.271625995635986,8.73757553100586,-0.0007217006641440094,-0.0007217006641440094,359.33782872076034,500.6263801094055
1777330471.940695,0.08464650809764862,6.271625995635986,8.73757553100586,-0.0019050814444199204,-0.0019050814444199204,359.33782872076034,500.6263801094055
1777330471.940744,0.08464650809764862,6.271625995635986,8.73757553100586,0.003552282229065895,0.003552282229065895,359.33782872076034,500.6263801094055
1777330471.940785,0.08464650809764862,6.271625995635986,8.73757553100586,0.0010025602532550693,0.0010025602532550693,359.33782872076034,500.6263801094055
1777330471.940824,0.08464650809764862,6.271625995635986,8.73757553100586,0.002089111600071192,0.002089111600071192,359.33782872076034,500.6263801094055
1777330471.9946198,0.08464650809764862,6.271625995635986,8.73757553100586,0.0024614513386040926,0.0024614513386040926,359.33782872076034,500.6263801094055
1777330471.995455,0.08464650809764862,6.271625995635986,8.73757553100586,0.0010929704876616597,0.0010929704876616597,359.33782872076034,500.6263801094055
1777330471.995508,0.08464650809764862,6.271625995635986,8.73757553100586,9.254999167751521e-05,9.254999167751521e-05,359.33782872076034,500.6263801094055
1777330471.9955509,0.08464650809764862,6.271625995635986,8.73757553100586,0.0004616800870280713,0.0004616800870280713,359.33782872076034,500.6263801094055
1777330471.995591,0.08464650809764862,6.271625995635986,8.73757553100586,0.0009972109692171216,0.0009972109692171216,359.33782872076034,500.6263801094055
1777330471.995635,0.08464650809764862,6.271625995635986,8.73757553100586,-0.0022752813529223204,-0.0022752813529223204,359.33782872076034,500.6263801094055
1777330472.05088,0.08464650809764862,6.271625995635986,8.73757553100586,0.0006302205147221684,0.0006302205147221684,359.33782872076034,500.6263801094055
1777330472.0509708,0.08464650809764862,6.271625995635986,8.73757553100586,-0.001459960825741291,-0.001459960825741291,359.33782872076034,500.6263801094055
1777330472.051018,0.08464650809764862,6.271625995635986,8.73757553100586,-9.361985576106235e-05,-9.361985576106235e-05,359.33782872076034,500.6263801094055
1777330472.051062,0.08464650809764862,6.271625995635986,8.73757553100586,-0.0019029417308047414,-0.0019029417308047414,359.33782872076034,500.6263801094055
1777330472.051119,0.08464650809764862,6.271625995635986,8.73757553100586,-0.000996141112409532,-0.000996141112409532,359.33782872076034,500.6263801094055
1777330472.0519848,0.08464650809764862,6.271625995635986,8.73757553100586,-0.0011812410084530711,-0.0011812410084530711,359.33782872076034,500.6263801094055
1777330472.1060019,0.08464650809764862,6.271625995635986,8.73757553100586,0.00027764998958446085,0.00027764998958446085,359.33782872076034,500.6263801094055
1777330472.106081,0.08464650809764862,6.271625995635986,8.73757553100586,-0.0011812410084530711,-0.0011812410084530711,359.33782872076034,500.6263801094055
1777330472.106124,0.08464650809764862,6.271625995635986,8.73757553100586,0.002274211496114731,0.002274211496114731,359.33782872076034,500.6263801094055
1777330472.106165,0.08464650809764862,6.271625995635986,8.73757553100586,-0.003368251956999302,-0.003368251956999302,359.33782872076034,500.6263801094055
1777330472.1069288,0.08464650809764862,6.271625995635986,8.73757553100586,-0.002274211496114731,-0.002274211496114731,359.33782872076034,500.6263801094055
1777330472.106978,0.08464650809764862,6.271625995635986,8.73757553100586,-0.0022731416393071413,-0.0022731416393071413,359.33782872076034,500.6263801094055
1777330472.1605551,0.08464650809764862,6.271625995635986,8.73757553100586,-0.0022710019256919622,-0.0022710019256919622,359.33782872076034,500.6263801094055
1777330472.16063,0.08464650809764862,6.271625995635986,8.73757553100586,0.002182731404900551,0.002182731404900551,359.33782872076034,500.6263801094055
1777330472.160675,0.08464650809764862,6.271625995635986,8.73757553100586,-0.0,-0.0,359.33782872076034,500.6263801094055
1777330472.2150779,0.08464650809764862,6.271625995635986,8.73757553100586,-0.001277000643312931,-0.001277000643312931,359.33782872076034,500.6263801094055
1777330472.21515,0.08464650809764862,6.271625995635986,8.73757553100586,1.0698618098103907e-06,1.0698618098103907e-06,359.33782872076034,500.6263801094055
1777330472.2151968,0.08464650809764862,6.271625995635986,8.73757553100586,-0.0001840301265474409,-0.0001840301265474409,359.33782872076034,500.6263801094055
1777330472.2152371,0.08464650809764862,6.271625995635986,8.73757553100586,-0.0014631703961640596,-0.0014631703961640596,359.33782872076034,500.6263801094055
1777330472.215277,0.08464650809764862,6.271625995635986,8.73757553100586,-0.0031799424905329943,-0.0031799424905329943,359.33782872076034,500.6263801094055
1777330472.216017,0.08464650809764862,6.271625995635986,8.73757553100586,-0.003269282868131995,-0.003269282868131995,359.33782872076034,500.6263801094055
1777330472.271369,0.08464650809764862,6.271625995635986,8.73757553100586,2.1397236196207814e-06,2.1397236196207814e-06,359.33782872076034,500.6263801094055
1777330472.271501,0.08464650809764862,6.271625995635986,8.73757553100586,0.0021816615480929613,0.0021816615480929613,359.33782872076034,500.6263801094055
1777330472.2715468,0.08464650809764862,6.271625995635986,8.73757553100586,0.001904011587612331,0.001904011587612331,359.33782872076034,500.6263801094055
1777330472.271589,0.08464650809764862,6.271625995635986,8.73757553100586,0.0032703527249395847,0.0032703527249395847,359.33782872076034,500.6263801094055
1777330472.272382,0.08464650809764862,6.271625995635986,8.73757553100586,-0.003274632152169943,-0.003274632152169943,359.33782872076034,500.6263801094055
1777330472.2724328,0.08464650809764862,6.271625995635986,8.73757553100586,-0.003363972529768944,-0.003363972529768944,359.33782872076034,500.6263801094055
1777330472.327575,0.08464650809764862,6.271625995635986,8.73757553100586,-0.004548422992229462,-0.004548422992229462,359.33782872076034,500.6263801094055
1777330472.32764,0.08464650809764862,6.271625995635986,8.73757553100586,0.0008121109567582607,0.0008121109567582607,359.33782872076034,500.6263801094055
1777330472.327681,0.08464650809764862,6.271625995635986,8.73757553100586,2.1397236196207814e-06,2.1397236196207814e-06,359.33782872076034,500.6263801094055
1777330472.3284118,0.08464650809764862,6.271625995635986,8.73757553100586,0.005547774024307728,0.005547774024307728,359.33782872076034,500.6263801094055
1777330472.328459,0.08464650809764862,6.271625995635986,8.73757553100586,0.0031842219177633524,0.0031842219177633524,359.33782872076034,500.6263801094055
1777330472.3285,0.08464650809764862,6.271625995635986,8.73757553100586,-0.002458241768181324,-0.002458241768181324,359.33782872076034,500.6263801094055
1777330472.383722,0.08464650809764862,6.271625995635986,8.73757553100586,-0.0025507917162030935,-0.0025507917162030935,359.33782872076034,500.6263801094055
1777330472.383806,0.08464650809764862,6.271625995635986,8.73757553100586,-0.002365691587328911,-0.002365691587328911,359.33782872076034,500.6263801094055
1777330472.384606,0.08464650809764862,6.271625995635986,8.73757553100586,-0.0031799424905329943,-0.0031799424905329943,359.33782872076034,500.6263801094055
1777330472.384657,0.08464650809764862,6.271625995635986,8.73757553100586,-0.0031799424905329943,-0.0031799424905329943,359.33782872076034,500.6263801094055
1777330472.3846982,0.08464650809764862,6.271625995635986,8.73757553100586,0.0030873925425112247,0.0030873925425112247,359.33782872076034,500.6263801094055
1777330472.38474,0.08464650809764862,6.271625995635986,8.73757553100586,0.0002797897031996399,0.0002797897031996399,359.33782872076034,500.6263801094055
1777330472.439805,0.08464650809764862,6.271625995635986,8.73757553100586,0.0034586621914058924,0.0034586621914058924,359.33782872076034,500.6263801094055
1777330472.440616,0.08464650809764862,6.271625995635986,8.73757553100586,0.0011823108652606606,0.0011823108652606606,359.33782872076034,500.6263801094055
1777330472.44067,0.08464650809764862,6.271625995635986,8.73757553100586,-0.0019965616520494223,-0.0019965616520494223,359.33782872076034,500.6263801094055
1777330472.440713,0.08464650809764862,6.271625995635986,8.73757553100586,-0.003459732048213482,-0.003459732048213482,359.33782872076034,500.6263801094055
1777330472.440754,0.08464650809764862,6.271625995635986,8.73757553100586,-0.0032735622953623533,-0.0032735622953623533,359.33782872076034,500.6263801094055
1777330472.4953768,0.08464650809764862,6.271625995635986,8.73757553100586,-9.041027078637853e-05,-9.041027078637853e-05,359.33782872076034,500.6263801094055
1777330472.4961438,0.08464650809764862,6.271625995635986,8.73757553100586,0.0001840301265474409,0.0001840301265474409,359.33782872076034,500.6263801094055
1777330472.496196,0.08464650809764862,6.271625995635986,8.73757553100586,0.0032735622953623533,0.0032735622953623533,359.33782872076034,500.6263801094055
1777330472.496238,0.08464650809764862,6.271625995635986,8.73757553100586,0.0009057307615876198,0.0009057307615876198,359.33782872076034,500.6263801094055
1777330472.496278,0.08464650809764862,6.271625995635986,8.73757553100586,0.0019050814444199204,0.0019050814444199204,359.33782872076034,500.6263801094055
1777330472.4963179,0.08464650809764862,6.271625995635986,8.73757553100586,-0.00227635120972991,-0.00227635120972991,359.33782872076034,500.6263801094055
1777330472.5513752,0.08464650809764862,6.271625995635986,8.73757553100586,-0.0056413933634757996,-0.0056413933634757996,359.33782872076034,500.6263801094055
1777330472.551476,0.08464650809764862,6.271625995635986,8.73757553100586,-0.0057307337410748005,-0.0057307337410748005,359.33782872076034,500.6263801094055
1777330472.55154,0.08464650809764862,6.271625995635986,8.73757553100586,-0.0022752813529223204,-0.0022752813529223204,359.33782872076034,500.6263801094055
1777330472.583494,0.08464650809764862,6.271625995635986,8.73757553100586,0.00027764998958446085,0.00027764998958446085,359.33782872076034,500.6263801094055
1777330472.5835881,0.08464650809764862,6.271625995635986,8.73757553100586,0.0011833807220682502,0.0011833807220682502,359.33782872076034,500.6263801094055
1777330472.584516,0.08464650809764862,6.271625995635986,8.73757553100586,0.0010929704876616597,0.0010929704876616597,359.33782872076034,500.6263801094055
1777330472.584571,0.08464650809764862,6.271625995635986,8.73757553100586,0.0011855204356834292,0.0011855204356834292,359.33782872076034,500.6263801094055
1777330472.5846121,0.08464650809764862,6.271625995635986,8.73757553100586,0.0012780705001205206,0.0012780705001205206,359.33782872076034,500.6263801094055
1777330472.584652,0.08464650809764862,6.271625995635986,8.73757553100586,-0.002365691587328911,-0.002365691587328911,359.33782872076034,500.6263801094055
1777330472.639651,0.08464650809764862,6.271625995635986,8.73757553100586,-0.003641622606664896,-0.003641622606664896,359.33782872076034,500.6263801094055
1777330472.640477,0.08464650809764862,6.271625995635986,8.73757553100586,-0.005359463859349489,-0.005359463859349489,359.33782872076034,500.6263801094055
1777330472.640637,0.08464650809764862,6.271625995635986,8.73757553100586,-0.0019954917952418327,-0.0019954917952418327,359.33782872076034,500.6263801094055
1777330472.640687,0.08464650809764862,6.271625995635986,8.73757553100586,-0.0013695505913347006,-0.0013695505913347006,359.33782872076034,500.6263801094055
1777330472.695852,0.08464650809764862,6.271625995635986,8.73757553100586,0.0021805916912853718,0.0021805916912853718,359.33782872076034,500.6263801094055
1777330472.695934,0.08464650809764862,6.271625995635986,8.73757553100586,0.0019954917952418327,0.0019954917952418327,359.33782872076034,500.6263801094055
1777330472.696749,0.08464650809764862,6.271625995635986,8.73757553100586,0.0013674108777195215,0.0013674108777195215,359.33782872076034,500.6263801094055
1777330472.6968,0.08464650809764862,6.271625995635986,8.73757553100586,0.001087621203623712,0.001087621203623712,359.33782872076034,500.6263801094055
1777330472.696841,0.08464650809764862,6.271625995635986,8.73757553100586,0.00027764998958446085,0.00027764998958446085,359.33782872076034,500.6263801094055
1777330472.752309,0.08464650809764862,6.271625995635986,8.73757553100586,-0.00417715311050415,-0.00417715311050415,359.33782872076034,500.6263801094055
1777330472.7523851,0.08464650809764862,6.271625995635986,8.73757553100586,-0.0022731416393071413,-0.0022731416393071413,359.33782872076034,500.6263801094055
1777330472.753193,0.08464650809764862,6.271625995635986,8.73757553100586,-0.0043611833825707436,-0.0043611833825707436,359.33782872076034,500.6263801094055
1777330472.753247,0.08464650809764862,6.271625995635986,8.73757553100586,-0.0011812410084530711,-0.0011812410084530711,359.33782872076034,500.6263801094055
1777330472.753288,0.08464650809764862,6.271625995635986,8.73757553100586,-0.0003691301099024713,-0.0003691301099024713,359.33782872076034,500.6263801094055
1777330472.753328,0.08464650809764862,6.271625995635986,8.73757553100586,0.0010908307740464807,0.0010908307740464807,359.33782872076034,500.6263801094055
1777330472.812245,0.08464650809764862,6.271625995635986,8.73757553100586,0.0002765801327768713,0.0002765801327768713,359.33782872076034,500.6263801094055
