Timestamp,Theta_rad,Gamma_rad,Phi_rad,Dgamma_radps,Dphi_radps,Gamma_deg,Phi_deg
1777337079.889709,0.0900559350848198,0.041030801832675934,-4.124813079833984,-0.0008980326820164919,-0.0008980326820164919,2.350892615644634,-236.334465259552
1777337079.889853,0.0900559350848198,0.041030801832675934,-4.124813079833984,8.080982297542505e-06,8.080982297542505e-06,2.350892615644634,-236.334465259552
1777337079.88991,0.0900559350848198,0.041030801832675934,-4.124813079833984,-0.0025753388181328773,-0.0025753388181328773,2.350892615644634,-236.334465259552
1777337079.938654,0.0900559350848198,0.041030801832675934,-4.124813079833984,0.0012836288660764694,0.0012836288660764694,2.350892615644634,-236.334465259552
1777337079.938741,0.0900559350848198,0.041030801832675934,-4.124813079833984,-0.0007915322785265744,-0.0007915322785265744,2.350892615644634,-236.334465259552
1777337079.946625,0.0900559350848198,0.041030801832675934,-4.124813079833984,-0.0009883709717541933,-0.0009883709717541933,2.350892615644634,-236.334465259552
1777337079.9468958,0.0900559350848198,0.041030801832675934,-4.124813079833984,0.00020491961913648993,0.00020491961913648993,2.350892615644634,-236.334465259552
1777337079.946971,0.0900559350848198,0.041030801832675934,-4.124813079833984,0.0012957503786310554,0.0012957503786310554,2.350892615644634,-236.334465259552
1777337079.947018,0.0900559350848198,0.041030801832675934,-4.124813079833984,0.0004920965293422341,0.0004920965293422341,2.350892615644634,-236.334465259552
1777337080.0113869,0.0900559350848198,0.041030801832675934,-4.124813079833984,0.0004961370141245425,0.0004961370141245425,2.350892615644634,-236.334465259552
1777337080.0121942,0.0900559350848198,0.041030801832675934,-4.124813079833984,-0.0008939921390265226,-0.0008939921390265226,2.350892615644634,-236.334465259552
1777337080.0122519,0.0900559350848198,0.041030801832675934,-4.124813079833984,0.0003033389220945537,0.0003033389220945537,2.350892615644634,-236.334465259552
1777337080.012297,0.0900559350848198,0.041030801832675934,-4.124813079833984,-0.003178113605827093,-0.003178113605827093,2.350892615644634,-236.334465259552
1777337080.012338,0.0900559350848198,0.041030801832675934,-4.124813079833984,-0.0021816615480929613,-0.0021816615480929613,2.350892615644634,-236.334465259552
1777337080.012379,0.0900559350848198,0.041030801832675934,-4.124813079833984,-0.0009924115147441626,-0.0009924115147441626,2.350892615644634,-236.334465259552
1777337080.071915,0.0900559350848198,0.041030801832675934,-4.124813079833984,0.00019279815023764968,0.00019279815023764968,2.350892615644634,-236.334465259552
1777337080.072014,0.0900559350848198,0.041030801832675934,-4.124813079833984,0.00039367727003991604,0.00039367727003991604,2.350892615644634,-236.334465259552
1777337080.0720608,0.0900559350848198,0.041030801832675934,-4.124813079833984,0.0009964520577341318,0.0009964520577341318,2.350892615644634,-236.334465259552
1777337080.072104,0.0900559350848198,0.041030801832675934,-4.124813079833984,0.0010908307740464807,0.0010908307740464807,2.350892615644634,-236.334465259552
1777337080.072145,0.0900559350848198,0.041030801832675934,-4.124813079833984,0.0008939921390265226,0.0008939921390265226,2.350892615644634,-236.334465259552
1777337080.126865,0.0900559350848198,0.041030801832675934,-4.124813079833984,-0.0001887576509034261,-0.0001887576509034261,2.350892615644634,-236.334465259552
1777337080.126951,0.0900559350848198,0.041030801832675934,-4.124813079833984,-9.841931750997901e-05,-9.841931750997901e-05,2.350892615644634,-236.334465259552
1777337080.1620228,0.0900559350848198,0.041030801832675934,-4.124813079833984,-0.00019279815023764968,-0.00019279815023764968,2.350892615644634,-236.334465259552
1777337080.162106,0.0900559350848198,0.041030801832675934,-4.124813079833984,-0.0014804675010964274,-0.0014804675010964274,2.350892615644634,-236.334465259552
1777337080.1621509,0.0900559350848198,0.041030801832675934,-4.124813079833984,-0.003272492438554764,-0.003272492438554764,2.350892615644634,-236.334465259552
1777337080.162862,0.0900559350848198,0.041030801832675934,-4.124813079833984,-0.0011892500333487988,-0.0011892500333487988,2.350892615644634,-236.334465259552
1777337080.162914,0.0900559350848198,0.041030801832675934,-4.124813079833984,-0.00010245980956824496,-0.00010245980956824496,2.350892615644634,-236.334465259552
1777337080.2191732,0.0900559350848198,0.041030801832675934,-4.124813079833984,9.03383333934471e-05,9.03383333934471e-05,2.350892615644634,-236.334465259552
1777337080.219263,0.0900559350848198,0.041030801832675934,-4.124813079833984,-0.0020872827153652906,-0.0020872827153652906,2.350892615644634,-236.334465259552
1777337080.219309,0.0900559350848198,0.041030801832675934,-4.124813079833984,0.0002912174677476287,0.0002912174677476287,2.350892615644634,-236.334465259552
1777337080.219979,0.0900559350848198,0.041030801832675934,-4.124813079833984,-0.0011892500333487988,-0.0011892500333487988,2.350892615644634,-236.334465259552
1777337080.220032,0.0900559350848198,0.041030801832675934,-4.124813079833984,-0.00020087911980226636,-0.00020087911980226636,2.350892615644634,-236.334465259552
1777337080.220074,0.0900559350848198,0.041030801832675934,-4.124813079833984,-0.0011973311193287373,-0.0011973311193287373,2.350892615644634,-236.334465259552
1777337080.220116,0.0900559350848198,0.041030801832675934,-4.124813079833984,0.0022800809238106012,0.0022800809238106012,2.350892615644634,-236.334465259552
1777337080.220157,0.0900559350848198,0.041030801832675934,-4.124813079833984,0.0023825406096875668,0.0023825406096875668,2.350892615644634,-236.334465259552
1777337080.274753,0.0900559350848198,0.041030801832675934,-4.124813079833984,-0.0007052344735711813,-0.0007052344735711813,2.350892615644634,-236.334465259552
1777337080.275112,0.0900559350848198,0.041030801832675934,-4.124813079833984,0.002276040380820632,0.002276040380820632,2.350892615644634,-236.334465259552
1777337080.275166,0.0900559350848198,0.041030801832675934,-4.124813079833984,-0.0010908307740464807,-0.0010908307740464807,2.350892615644634,-236.334465259552
1777337080.275212,0.0900559350848198,0.041030801832675934,-4.124813079833984,-0.0011852094903588295,-0.0011852094903588295,2.350892615644634,-236.334465259552
1777337080.275255,0.0900559350848198,0.041030801832675934,-4.124813079833984,-8.080982297542505e-06,-8.080982297542505e-06,2.350892615644634,-236.334465259552
1777337080.275907,0.0900559350848198,0.041030801832675934,-4.124813079833984,-0.001291709952056408,-0.001291709952056408,2.350892615644634,-236.334465259552
1777337080.329855,0.0900559350848198,0.041030801832675934,-4.124813079833984,-0.0021816615480929613,-0.0021816615480929613,2.350892615644634,-236.334465259552
1777337080.329938,0.0900559350848198,0.041030801832675934,-4.124813079833984,0.0010867902310565114,0.0010867902310565114,2.350892615644634,-236.334465259552
1777337080.329982,0.0900559350848198,0.041030801832675934,-4.124813079833984,0.0022841214668005705,0.0022841214668005705,2.350892615644634,-236.334465259552
1777337080.3651671,0.0900559350848198,0.041030801832675934,-4.124813079833984,0.0007052344735711813,0.0007052344735711813,2.350892615644634,-236.334465259552
1777337080.3660212,0.0900559350848198,0.041030801832675934,-4.124813079833984,0.0029772345442324877,0.0029772345442324877,2.350892615644634,-236.334465259552
1777337080.36624,0.0900559350848198,0.041030801832675934,-4.124813079833984,0.0003977177548222244,0.0003977177548222244,2.350892615644634,-236.334465259552
1777337080.366285,0.0900559350848198,0.041030801832675934,-4.124813079833984,-0.0009802898857742548,-0.0009802898857742548,2.350892615644634,-236.334465259552
1777337080.366327,0.0900559350848198,0.041030801832675934,-4.124813079833984,-0.002686017192900181,-0.002686017192900181,2.350892615644634,-236.334465259552
1777337080.366368,0.0900559350848198,0.041030801832675934,-4.124813079833984,-0.001181169180199504,-0.001181169180199504,2.350892615644634,-236.334465259552
1777337080.4229782,0.0900559350848198,0.041030801832675934,-4.124813079833984,0.00209132325835526,0.00209132325835526,2.350892615644634,-236.334465259552
1777337080.423091,0.0900559350848198,0.041030801832675934,-4.124813079833984,0.0009924115147441626,0.0009924115147441626,2.350892615644634,-236.334465259552
1777337080.423305,0.0900559350848198,0.041030801832675934,-4.124813079833984,0.0008939921390265226,0.0008939921390265226,2.350892615644634,-236.334465259552
1777337080.4628968,0.0900559350848198,0.041030801832675934,-4.124813079833984,0.0009964520577341318,0.0009964520577341318,2.350892615644634,-236.334465259552
1777337080.46298,0.0900559350848198,0.041030801832675934,-4.124813079833984,0.0009924115147441626,0.0009924115147441626,2.350892615644634,-236.334465259552
1777337080.4636722,0.0900559350848198,0.041030801832675934,-4.124813079833984,0.0019929041154682636,0.0019929041154682636,2.350892615644634,-236.334465259552
1777337080.463729,0.0900559350848198,0.041030801832675934,-4.124813079833984,-0.0012836288660764694,-0.0012836288660764694,2.350892615644634,-236.334465259552
1777337080.4637718,0.0900559350848198,0.041030801832675934,-4.124813079833984,4.0404911487712525e-06,4.0404911487712525e-06,2.350892615644634,-236.334465259552
1777337080.463815,0.0900559350848198,0.041030801832675934,-4.124813079833984,-0.0002790959842968732,-0.0002790959842968732,2.350892615644634,-236.334465259552
1777337080.517695,0.0900559350848198,0.041030801832675934,-4.124813079833984,1.616196459508501e-05,1.616196459508501e-05,2.350892615644634,-236.334465259552
1777337080.518429,0.0900559350848198,0.041030801832675934,-4.124813079833984,0.003272492438554764,0.003272492438554764,2.350892615644634,-236.334465259552
1777337080.5184891,0.0900559350848198,0.041030801832675934,-4.124813079833984,-0.0011852094903588295,-0.0011852094903588295,2.350892615644634,-236.334465259552
1777337080.5185332,0.0900559350848198,0.041030801832675934,-4.124813079833984,-0.0008818706264719367,-0.0008818706264719367,2.350892615644634,-236.334465259552
1777337080.518574,0.0900559350848198,0.041030801832675934,-4.124813079833984,-0.002276040380820632,-0.002276040380820632,2.350892615644634,-236.334465259552
1777337080.518615,0.0900559350848198,0.041030801832675934,-4.124813079833984,0.0007915322785265744,0.0007915322785265744,2.350892615644634,-236.334465259552
1777337080.572736,0.0900559350848198,0.041030801832675934,-4.124813079833984,-8.080982297542505e-06,-8.080982297542505e-06,2.350892615644634,-236.334465259552
1777337080.572831,0.0900559350848198,0.041030801832675934,-4.124813079833984,-0.00020087911980226636,-0.00020087911980226636,2.350892615644634,-236.334465259552
1777337080.5728772,0.0900559350848198,0.041030801832675934,-4.124813079833984,9.437882545171306e-05,9.437882545171306e-05,2.350892615644634,-236.334465259552
1777337080.612428,0.0900559350848198,0.041030801832675934,-4.124813079833984,0.0003977177548222244,0.0003977177548222244,2.350892615644634,-236.334465259552
1777337080.612511,0.0900559350848198,0.041030801832675934,-4.124813079833984,-0.0010867902310565114,-0.0010867902310565114,2.350892615644634,-236.334465259552
1777337080.613204,0.0900559350848198,0.041030801832675934,-4.124813079833984,-0.0034652906470000744,-0.0034652906470000744,2.350892615644634,-236.334465259552
1777337080.613256,0.0900559350848198,0.041030801832675934,-4.124813079833984,0.0018985250499099493,0.0018985250499099493,2.350892615644634,-236.334465259552
1777337080.613298,0.0900559350848198,0.041030801832675934,-4.124813079833984,0.00029525795252993703,0.00029525795252993703,2.350892615644634,-236.334465259552
1777337080.613339,0.0900559350848198,0.041030801832675934,-4.124813079833984,0.0014804675010964274,0.0014804675010964274,2.350892615644634,-236.334465259552
1777337080.6670358,0.0900559350848198,0.041030801832675934,-4.124813079833984,0.00011054079368477687,0.00011054079368477687,2.350892615644634,-236.334465259552
1777337080.667754,0.0900559350848198,0.041030801832675934,-4.124813079833984,0.0031700325198471546,0.0031700325198471546,2.350892615644634,-236.334465259552
1777337080.667809,0.0900559350848198,0.041030801832675934,-4.124813079833984,-8.080982297542505e-06,-8.080982297542505e-06,2.350892615644634,-236.334465259552
1777337080.667854,0.0900559350848198,0.041030801832675934,-4.124813079833984,0.00019279815023764968,0.00019279815023764968,2.350892615644634,-236.334465259552
1777337080.6678941,0.0900559350848198,0.041030801832675934,-4.124813079833984,-0.0015951861860230565,-0.0015951861860230565,2.350892615644634,-236.334465259552
1777337080.667935,0.0900559350848198,0.041030801832675934,-4.124813079833984,0.00019683863501995802,0.00019683863501995802,2.350892615644634,-236.334465259552
1777337080.72259,0.0900559350848198,0.041030801832675934,-4.124813079833984,0.00038559630047529936,0.00038559630047529936,2.350892615644634,-236.334465259552
1777337080.722677,0.0900559350848198,0.041030801832675934,-4.124813079833984,-0.0008939921390265226,-0.0008939921390265226,2.350892615644634,-236.334465259552
1777337080.722723,0.0900559350848198,0.041030801832675934,-4.124813079833984,0.0008939921390265226,0.0008939921390265226,2.350892615644634,-236.334465259552
1777337080.763309,0.0900559350848198,0.041030801832675934,-4.124813079833984,-0.000984330428764224,-0.000984330428764224,2.350892615644634,-236.334465259552
1777337080.763393,0.0900559350848198,0.041030801832675934,-4.124813079833984,-0.001181169180199504,-0.001181169180199504,2.350892615644634,-236.334465259552
1777337080.764075,0.0900559350848198,0.041030801832675934,-4.124813079833984,-0.0010867902310565114,-0.0010867902310565114,2.350892615644634,-236.334465259552
1777337080.764131,0.0900559350848198,0.041030801832675934,-4.124813079833984,-0.0008899515960365534,-0.0008899515960365534,2.350892615644634,-236.334465259552
1777337080.764172,0.0900559350848198,0.041030801832675934,-4.124813079833984,0.001980782486498356,0.001980782486498356,2.350892615644634,-236.334465259552
1777337080.81934,0.0900559350848198,0.041030801832675934,-4.124813079833984,0.0006971535040065646,0.0006971535040065646,2.350892615644634,-236.334465259552
1777337080.819423,0.0900559350848198,0.041030801832675934,-4.124813079833984,0.0021816615480929613,0.0021816615480929613,2.350892615644634,-236.334465259552
1777337080.8200908,0.0900559350848198,0.041030801832675934,-4.124813079833984,0.0007996133645065129,0.0007996133645065129,2.350892615644634,-236.334465259552
1777337080.8201442,0.0900559350848198,0.041030801832675934,-4.124813079833984,-0.0034652906470000744,-0.0034652906470000744,2.350892615644634,-236.334465259552
1777337080.8201861,0.0900559350848198,0.041030801832675934,-4.124813079833984,-0.0023744595237076283,-0.0023744595237076283,2.350892615644634,-236.334465259552
1777337080.8202271,0.0900559350848198,0.041030801832675934,-4.124813079833984,0.0003896367852576077,0.0003896367852576077,2.350892615644634,-236.334465259552
1777337080.874413,0.0900559350848198,0.041030801832675934,-4.124813079833984,-0.0011852094903588295,-0.0011852094903588295,2.350892615644634,-236.334465259552
1777337080.8751628,0.0900559350848198,0.041030801832675934,-4.124813079833984,0.0011892500333487988,0.0011892500333487988,2.350892615644634,-236.334465259552
1777337080.8754282,0.0900559350848198,0.041030801832675934,-4.124813079833984,0.0007915322785265744,0.0007915322785265744,2.350892615644634,-236.334465259552
1777337080.8755279,0.0900559350848198,0.041030801832675934,-4.124813079833984,0.0008818706264719367,0.0008818706264719367,2.350892615644634,-236.334465259552
1777337080.8755689,0.0900559350848198,0.041030801832675934,-4.124813079833984,-4.0404911487712525e-06,-4.0404911487712525e-06,2.350892615644634,-236.334465259552
1777337080.8756108,0.0900559350848198,0.041030801832675934,-4.124813079833984,0.0011892500333487988,0.0011892500333487988,2.350892615644634,-236.334465259552
1777337080.9291131,0.0900559350848198,0.041030801832675934,-4.124813079833984,0.0010004923678934574,0.0010004923678934574,2.350892615644634,-236.334465259552
1777337080.929201,0.0900559350848198,0.041030801832675934,-4.124813079833984,0.00038559630047529936,0.00038559630047529936,2.350892615644634,-236.334465259552
1777337080.929247,0.0900559350848198,0.041030801832675934,-4.124813079833984,0.0019767419435083866,0.0019767419435083866,2.350892615644634,-236.334465259552
1777337080.961743,0.0900559350848198,0.041030801832675934,-4.124813079833984,-0.0007955728215165436,-0.0007955728215165436,2.350892615644634,-236.334465259552
1777337080.9619,0.0900559350848198,0.041030801832675934,-4.124813079833984,-0.002571298275142908,-0.002571298275142908,2.350892615644634,-236.334465259552
1777337080.9625988,0.0900559350848198,0.041030801832675934,-4.124813079833984,0.0007834513089619577,0.0007834513089619577,2.350892615644634,-236.334465259552
1777337081.015975,0.0900559350848198,0.041030801832675934,-4.124813079833984,-0.00010245980956824496,-0.00010245980956824496,2.350892615644634,-236.334465259552
1777337081.016064,0.0900559350848198,0.041030801832675934,-4.124813079833984,-0.00019683863501995802,-0.00019683863501995802,2.350892615644634,-236.334465259552
1777337081.016108,0.0900559350848198,0.041030801832675934,-4.124813079833984,0.001980782486498356,0.001980782486498356,2.350892615644634,-236.334465259552
1777337081.01615,0.0900559350848198,0.041030801832675934,-4.124813079833984,0.0020872827153652906,0.0020872827153652906,2.350892615644634,-236.334465259552
1777337081.016809,0.0900559350848198,0.041030801832675934,-4.124813079833984,0.003178113605827093,0.003178113605827093,2.350892615644634,-236.334465259552
1777337081.0168588,0.0900559350848198,0.041030801832675934,-4.124813079833984,-0.0011852094903588295,-0.0011852094903588295,2.350892615644634,-236.334465259552
1777337081.070357,0.0900559350848198,0.041030801832675934,-4.124813079833984,0.00010245980956824496,0.00010245980956824496,2.350892615644634,-236.334465259552
1777337081.070515,0.0900559350848198,0.041030801832675934,-4.124813079833984,0.0,0.0,2.350892615644634,-236.334465259552
1777337081.0705621,0.0900559350848198,0.041030801832675934,-4.124813079833984,-0.0010908307740464807,-0.0010908307740464807,2.350892615644634,-236.334465259552
1777337081.0714188,0.0900559350848198,0.041030801832675934,-4.124813079833984,-0.0001887576509034261,-0.0001887576509034261,2.350892615644634,-236.334465259552
1777337081.071481,0.0900559350848198,0.041030801832675934,-4.124813079833984,0.0008980326820164919,0.0008980326820164919,2.350892615644634,-236.334465259552
1777337081.0715258,0.0900559350848198,0.041030801832675934,-4.124813079833984,-0.0010908307740464807,-0.0010908307740464807,2.350892615644634,-236.334465259552
1777337081.126744,0.0900559350848198,0.041030801832675934,-4.124813079833984,9.841931750997901e-05,9.841931750997901e-05,2.350892615644634,-236.334465259552
1777337081.1268501,0.0900559350848198,0.041030801832675934,-4.124813079833984,0.00020087911980226636,0.00020087911980226636,2.350892615644634,-236.334465259552
1777337081.1275158,0.0900559350848198,0.041030801832675934,-4.124813079833984,0.00019279815023764968,0.00019279815023764968,2.350892615644634,-236.334465259552
1777337081.12757,0.0900559350848198,0.041030801832675934,-4.124813079833984,-0.0011892500333487988,-0.0011892500333487988,2.350892615644634,-236.334465259552
1777337081.1276119,0.0900559350848198,0.041030801832675934,-4.124813079833984,0.0007915322785265744,0.0007915322785265744,2.350892615644634,-236.334465259552
1777337081.1276531,0.0900559350848198,0.041030801832675934,-4.124813079833984,8.080982297542505e-06,8.080982297542505e-06,2.350892615644634,-236.334465259552
1777337081.1829891,0.0900559350848198,0.041030801832675934,-4.124813079833984,0.0022841214668005705,0.0022841214668005705,2.350892615644634,-236.334465259552
1777337081.183677,0.0900559350848198,0.041030801832675934,-4.124813079833984,0.0022881620097905397,0.0022881620097905397,2.350892615644634,-236.334465259552
1777337081.183732,0.0900559350848198,0.041030801832675934,-4.124813079833984,-0.00028717698296532035,-0.00028717698296532035,2.350892615644634,-236.334465259552
1777337081.183776,0.0900559350848198,0.041030801832675934,-4.124813079833984,0.00038155578658916056,0.00038155578658916056,2.350892615644634,-236.334465259552
1777337081.183817,0.0900559350848198,0.041030801832675934,-4.124813079833984,-0.0008899515960365534,-0.0008899515960365534,2.350892615644634,-236.334465259552
1777337081.183857,0.0900559350848198,0.041030801832675934,-4.124813079833984,0.0009924115147441626,0.0009924115147441626,2.350892615644634,-236.334465259552
1777337081.237952,0.0900559350848198,0.041030801832675934,-4.124813079833984,-0.0013820482417941093,-0.0013820482417941093,2.350892615644634,-236.334465259552
1777337081.2380621,0.0900559350848198,0.041030801832675934,-4.124813079833984,-0.00019683863501995802,-0.00019683863501995802,2.350892615644634,-236.334465259552
1777337081.238111,0.0900559350848198,0.041030801832675934,-4.124813079833984,-0.00010245980956824496,-0.00010245980956824496,2.350892615644634,-236.334465259552
1777337081.238154,0.0900559350848198,0.041030801832675934,-4.124813079833984,-0.00010245980956824496,-0.00010245980956824496,2.350892615644634,-236.334465259552
1777337081.238195,0.0900559350848198,0.041030801832675934,-4.124813079833984,-0.001291709952056408,-0.001291709952056408,2.350892615644634,-236.334465259552
1777337081.292012,0.0900559350848198,0.041030801832675934,-4.124813079833984,0.0009964520577341318,0.0009964520577341318,2.350892615644634,-236.334465259552
1777337081.2921019,0.0900559350848198,0.041030801832675934,-4.124813079833984,-0.0001806766667868942,-0.0001806766667868942,2.350892615644634,-236.334465259552
1777337081.292149,0.0900559350848198,0.041030801832675934,-4.124813079833984,-0.0007955728215165436,-0.0007955728215165436,2.350892615644634,-236.334465259552
1777337081.3288908,0.0900559350848198,0.041030801832675934,-4.124813079833984,-0.0010908307740464807,-0.0010908307740464807,2.350892615644634,-236.334465259552
1777337081.328971,0.0900559350848198,0.041030801832675934,-4.124813079833984,0.0004962743259966373,0.0004962743259966373,2.350892615644634,-236.334465259552
1777337081.3296828,0.0900559350848198,0.041030801832675934,-4.124813079833984,-0.0008899515960365534,-0.0008899515960365534,2.350892615644634,-236.334465259552
1777337081.329737,0.0900559350848198,0.041030801832675934,-4.124813079833984,9.437882545171306e-05,9.437882545171306e-05,2.350892615644634,-236.334465259552
1777337081.329781,0.0900559350848198,0.041030801832675934,-4.124813079833984,0.001181169180199504,0.001181169180199504,2.350892615644634,-236.334465259552
1777337081.329822,0.0900559350848198,0.041030801832675934,-4.124813079833984,0.0013860887847840786,0.0013860887847840786,2.350892615644634,-236.334465259552
1777337081.3838642,0.0900559350848198,0.041030801832675934,-4.124813079833984,0.0004961370141245425,0.0004961370141245425,2.350892615644634,-236.334465259552
1777337081.3845649,0.0900559350848198,0.041030801832675934,-4.124813079833984,0.00039367727003991604,0.00039367727003991604,2.350892615644634,-236.334465259552
1777337081.384619,0.0900559350848198,0.041030801832675934,-4.124813079833984,0.00018471716612111777,0.00018471716612111777,2.350892615644634,-236.334465259552
1777337081.4387531,0.0900559350848198,0.041030801832675934,-4.124813079833984,0.001980782486498356,0.001980782486498356,2.350892615644634,-236.334465259552
1777337081.4388502,0.0900559350848198,0.041030801832675934,-4.124813079833984,0.0013941696379333735,0.0013941696379333735,2.350892615644634,-236.334465259552
1777337081.438897,0.0900559350848198,0.041030801832675934,-4.124813079833984,0.0012876694090664387,0.0012876694090664387,2.350892615644634,-236.334465259552
1777337081.43956,0.0900559350848198,0.041030801832675934,-4.124813079833984,0.0007955728215165436,0.0007955728215165436,2.350892615644634,-236.334465259552
1777337081.439612,0.0900559350848198,0.041030801832675934,-4.124813079833984,-0.0009883709717541933,-0.0009883709717541933,2.350892615644634,-236.334465259552
1777337081.4396539,0.0900559350848198,0.041030801832675934,-4.124813079833984,0.0023825406096875668,0.0023825406096875668,2.350892615644634,-236.334465259552
1777337081.49402,0.0900559350848198,0.041030801832675934,-4.124813079833984,0.0009924115147441626,0.0009924115147441626,2.350892615644634,-236.334465259552
1777337081.4941068,0.0900559350848198,0.041030801832675934,-4.124813079833984,-0.00029525795252993703,-0.00029525795252993703,2.350892615644634,-236.334465259552
1777337081.494785,0.0900559350848198,0.041030801832675934,-4.124813079833984,0.001685524475760758,0.001685524475760758,2.350892615644634,-236.334465259552
1777337081.4948869,0.0900559350848198,0.041030801832675934,-4.124813079833984,-9.437882545171306e-05,-9.437882545171306e-05,2.350892615644634,-236.334465259552
1777337081.494931,0.0900559350848198,0.041030801832675934,-4.124813079833984,-0.002370418980717659,-0.002370418980717659,2.350892615644634,-236.334465259552
1777337081.494972,0.0900559350848198,0.041030801832675934,-4.124813079833984,0.00029525795252993703,0.00029525795252993703,2.350892615644634,-236.334465259552
1777337081.549838,0.0900559350848198,0.041030801832675934,-4.124813079833984,-0.002276040380820632,-0.002276040380820632,2.350892615644634,-236.334465259552
1777337081.550546,0.0900559350848198,0.041030801832675934,-4.124813079833984,-0.0013901293277740479,-0.0013901293277740479,2.350892615644634,-236.334465259552
1777337081.550601,0.0900559350848198,0.041030801832675934,-4.124813079833984,-0.0009020731085911393,-0.0009020731085911393,2.350892615644634,-236.334465259552
1777337081.550644,0.0900559350848198,0.041030801832675934,-4.124813079833984,0.0020872827153652906,0.0020872827153652906,2.350892615644634,-236.334465259552
1777337081.550685,0.0900559350848198,0.041030801832675934,-4.124813079833984,0.0,0.0,2.350892615644634,-236.334465259552
1777337081.550723,0.0900559350848198,0.041030801832675934,-4.124813079833984,-0.0010867902310565114,-0.0010867902310565114,2.350892615644634,-236.334465259552
1777337081.606247,0.0900559350848198,0.041030801832675934,-4.124813079833984,0.00109487131703645,0.00109487131703645,2.350892615644634,-236.334465259552
1777337081.606334,0.0900559350848198,0.041030801832675934,-4.124813079833984,-0.0035758314188569784,-0.0035758314188569784,2.350892615644634,-236.334465259552
1777337081.60638,0.0900559350848198,0.041030801832675934,-4.124813079833984,-0.0013820482417941093,-0.0013820482417941093,2.350892615644634,-236.334465259552
1777337081.606422,0.0900559350848198,0.041030801832675934,-4.124813079833984,-0.0009924115147441626,-0.0009924115147441626,2.350892615644634,-236.334465259552
1777337081.606463,0.0900559350848198,0.041030801832675934,-4.124813079833984,-4.0404911487712525e-06,-4.0404911487712525e-06,2.350892615644634,-236.334465259552
1777337081.607123,0.0900559350848198,0.041030801832675934,-4.124813079833984,-0.00010650030162651092,-0.00010650030162651092,2.350892615644634,-236.334465259552
1777337081.661362,0.0900559350848198,0.041030801832675934,-4.124813079833984,4.0404911487712525e-06,4.0404911487712525e-06,2.350892615644634,-236.334465259552
1777337081.6614442,0.0900559350848198,0.041030801832675934,-4.124813079833984,0.00019683863501995802,0.00019683863501995802,2.350892615644634,-236.334465259552
1777337081.661489,0.0900559350848198,0.041030801832675934,-4.124813079833984,9.437882545171306e-05,9.437882545171306e-05,2.350892615644634,-236.334465259552
1777337081.661531,0.0900559350848198,0.041030801832675934,-4.124813079833984,0.001984823029488325,0.001984823029488325,2.350892615644634,-236.334465259552
1777337081.662179,0.0900559350848198,0.041030801832675934,-4.124813079833984,-1.2121473446313757e-05,-1.2121473446313757e-05,2.350892615644634,-236.334465259552
1777337081.662231,0.0900559350848198,0.041030801832675934,-4.124813079833984,0.0010004923678934574,0.0010004923678934574,2.350892615644634,-236.334465259552
1777337081.7172139,0.0900559350848198,0.041030801832675934,-4.124813079833984,0.00010245980956824496,0.00010245980956824496,2.350892615644634,-236.334465259552
1777337081.7172952,0.0900559350848198,0.041030801832675934,-4.124813079833984,0.0009883709717541933,0.0009883709717541933,2.350892615644634,-236.334465259552
1777337081.71734,0.0900559350848198,0.041030801832675934,-4.124813079833984,-0.002276040380820632,-0.002276040380820632,2.350892615644634,-236.334465259552
1777337081.7180018,0.0900559350848198,0.041030801832675934,-4.124813079833984,-0.0001887576509034261,-0.0001887576509034261,2.350892615644634,-236.334465259552
1777337081.718055,0.0900559350848198,0.041030801832675934,-4.124813079833984,-0.00020087911980226636,-0.00020087911980226636,2.350892615644634,-236.334465259552
1777337081.7726479,0.0900559350848198,0.041030801832675934,-4.124813079833984,-0.00028717698296532035,-0.00028717698296532035,2.350892615644634,-236.334465259552
1777337081.772745,0.0900559350848198,0.041030801832675934,-4.124813079833984,0.00019279815023764968,0.00019279815023764968,2.350892615644634,-236.334465259552
1777337081.7727911,0.0900559350848198,0.041030801832675934,-4.124813079833984,0.0007834513089619577,0.0007834513089619577,2.350892615644634,-236.334465259552
1777337081.828324,0.0900559350848198,0.041030801832675934,-4.124813079833984,-0.00010245980956824496,-0.00010245980956824496,2.350892615644634,-236.334465259552
1777337081.8284109,0.0900559350848198,0.041030801832675934,-4.124813079833984,0.0012876694090664387,0.0012876694090664387,2.350892615644634,-236.334465259552
1777337081.828455,0.0900559350848198,0.041030801832675934,-4.124813079833984,0.0021816615480929613,0.0021816615480929613,2.350892615644634,-236.334465259552
1777337081.828496,0.0900559350848198,0.041030801832675934,-4.124813079833984,0.0013860887847840786,0.0013860887847840786,2.350892615644634,-236.334465259552
1777337081.828536,0.0900559350848198,0.041030801832675934,-4.124813079833984,-0.00019683863501995802,-0.00019683863501995802,2.350892615644634,-236.334465259552
1777337081.8291688,0.0900559350848198,0.041030801832675934,-4.124813079833984,-0.0013820482417941093,-0.0013820482417941093,2.350892615644634,-236.334465259552
1777337081.883847,0.0900559350848198,0.041030801832675934,-4.124813079833984,-0.00029525795252993703,-0.00029525795252993703,2.350892615644634,-236.334465259552
1777337081.883942,0.0900559350848198,0.041030801832675934,-4.124813079833984,0.0011973311193287373,0.0011973311193287373,2.350892615644634,-236.334465259552
1777337081.883987,0.0900559350848198,0.041030801832675934,-4.124813079833984,-0.0008939921390265226,-0.0008939921390265226,2.350892615644634,-236.334465259552
1777337081.884029,0.0900559350848198,0.041030801832675934,-4.124813079833984,0.0010908307740464807,0.0010908307740464807,2.350892615644634,-236.334465259552
1777337081.884693,0.0900559350848198,0.041030801832675934,-4.124813079833984,0.001980782486498356,0.001980782486498356,2.350892615644634,-236.334465259552
1777337081.884744,0.0900559350848198,0.041030801832675934,-4.124813079833984,0.0,0.0,2.350892615644634,-236.334465259552
1777337081.940873,0.0900559350848198,0.041030801832675934,-4.124813079833984,-0.0009964520577341318,-0.0009964520577341318,2.350892615644634,-236.334465259552
1777337081.9409668,0.0900559350848198,0.041030801832675934,-4.124813079833984,0.0009883709717541933,0.0009883709717541933,2.350892615644634,-236.334465259552
1777337081.941012,0.0900559350848198,0.041030801832675934,-4.124813079833984,8.080982297542505e-06,8.080982297542505e-06,2.350892615644634,-236.334465259552
1777337081.941698,0.0900559350848198,0.041030801832675934,-4.124813079833984,0.00020491961913648993,0.00020491961913648993,2.350892615644634,-236.334465259552
1777337081.94175,0.0900559350848198,0.041030801832675934,-4.124813079833984,0.001193290576338768,0.001193290576338768,2.350892615644634,-236.334465259552
1777337081.941792,0.0900559350848198,0.041030801832675934,-4.124813079833984,0.0026616365648806095,0.0026616365648806095,2.350892615644634,-236.334465259552
1777337081.997,0.0900559350848198,0.041030801832675934,-4.124813079833984,9.03383333934471e-05,9.03383333934471e-05,2.350892615644634,-236.334465259552
1777337081.997091,0.0900559350848198,0.041030801832675934,-4.124813079833984,-0.0011852094903588295,-0.0011852094903588295,2.350892615644634,-236.334465259552
1777337081.9977548,0.0900559350848198,0.041030801832675934,-4.124813079833984,-0.001181169180199504,-0.001181169180199504,2.350892615644634,-236.334465259552
1777337081.997807,0.0900559350848198,0.041030801832675934,-4.124813079833984,0.0009020731085911393,0.0009020731085911393,2.350892615644634,-236.334465259552
1777337081.997849,0.0900559350848198,0.041030801832675934,-4.124813079833984,-0.00020087911980226636,-0.00020087911980226636,2.350892615644634,-236.334465259552
1777337081.997942,0.0900559350848198,0.041030801832675934,-4.124813079833984,0.001882363110780716,0.001882363110780716,2.350892615644634,-236.334465259552
1777337082.0538938,0.0900559350848198,0.041030801832675934,-4.124813079833984,-0.0011973311193287373,-0.0011973311193287373,2.350892615644634,-236.334465259552
1777337082.054652,0.0900559350848198,0.041030801832675934,-4.124813079833984,0.0008036537910811603,0.0008036537910811603,2.350892615644634,-236.334465259552
1777337082.054709,0.0900559350848198,0.041030801832675934,-4.124813079833984,4.0404911487712525e-06,4.0404911487712525e-06,2.350892615644634,-236.334465259552
1777337082.0547788,0.0900559350848198,0.041030801832675934,-4.124813079833984,-0.001291709952056408,-0.001291709952056408,2.350892615644634,-236.334465259552
1777337082.054821,0.0900559350848198,0.041030801832675934,-4.124813079833984,-0.0010989117436110973,-0.0010989117436110973,2.350892615644634,-236.334465259552
1777337082.0548658,0.0900559350848198,0.041030801832675934,-4.124813079833984,9.841931750997901e-05,9.841931750997901e-05,2.350892615644634,-236.334465259552
1777337082.111232,0.0900559350848198,0.041030801832675934,-4.124813079833984,0.002177621005102992,0.002177621005102992,2.350892615644634,-236.334465259552
1777337082.1113348,0.0900559350848198,0.041030801832675934,-4.124813079833984,-0.0022841214668005705,-0.0022841214668005705,2.350892615644634,-236.334465259552
1777337082.111382,0.0900559350848198,0.041030801832675934,-4.124813079833984,-0.0012755478965118527,-0.0012755478965118527,2.350892615644634,-236.334465259552
1777337082.111424,0.0900559350848198,0.041030801832675934,-4.124813079833984,-4.0404911487712525e-06,-4.0404911487712525e-06,2.350892615644634,-236.334465259552
1777337082.11147,0.0900559350848198,0.041030801832675934,-4.124813079833984,0.0020832421723753214,0.0020832421723753214,2.350892615644634,-236.334465259552
1777337082.112155,0.0900559350848198,0.041030801832675934,-4.124813079833984,0.002472878899425268,0.002472878899425268,2.350892615644634,-236.334465259552
1777337082.1679301,0.0900559350848198,0.041030801832675934,-4.124813079833984,0.0010908307740464807,0.0010908307740464807,2.350892615644634,-236.334465259552
1777337082.168034,0.0900559350848198,0.041030801832675934,-4.124813079833984,0.002079201629385352,0.002079201629385352,2.350892615644634,-236.334465259552
1777337082.1680799,0.0900559350848198,0.041030801832675934,-4.124813079833984,4.0404911487712525e-06,4.0404911487712525e-06,2.350892615644634,-236.334465259552
1777337082.168124,0.0900559350848198,0.041030801832675934,-4.124813079833984,-0.0012876694090664387,-0.0012876694090664387,2.350892615644634,-236.334465259552
1777337082.168854,0.0900559350848198,0.041030801832675934,-4.124813079833984,-0.0012876694090664387,-0.0012876694090664387,2.350892615644634,-236.334465259552
1777337082.168906,0.0900559350848198,0.041030801832675934,-4.124813079833984,0.0012013716623187065,0.0012013716623187065,2.350892615644634,-236.334465259552
1777337082.24502,0.0900559350848198,0.041030801832675934,-4.124813079833984,0.0031821541488170624,0.0031821541488170624,2.350892615644634,-236.334465259552
1777337082.245111,0.0900559350848198,0.041030801832675934,-4.124813079833984,0.0007955728215165436,0.0007955728215165436,2.350892615644634,-236.334465259552
1777337082.2451708,0.0900559350848198,0.041030801832675934,-4.124813079833984,8.080982297542505e-06,8.080982297542505e-06,2.350892615644634,-236.334465259552
1777337082.245866,0.0900559350848198,0.041030801832675934,-4.124813079833984,-0.0011892500333487988,-0.0011892500333487988,2.350892615644634,-236.334465259552
1777337082.2459211,0.0900559350848198,0.041030801832675934,-4.124813079833984,-0.0009924115147441626,-0.0009924115147441626,2.350892615644634,-236.334465259552
1777337082.245963,0.0900559350848198,0.041030801832675934,-4.124813079833984,-0.002276040380820632,-0.002276040380820632,2.350892615644634,-236.334465259552
1777337082.300811,0.0900559350848198,0.041030801832675934,-4.124813079833984,0.0013941696379333735,0.0013941696379333735,2.350892615644634,-236.334465259552
1777337082.300909,0.0900559350848198,0.041030801832675934,-4.124813079833984,-0.0021857020910829306,-0.0021857020910829306,2.350892615644634,-236.334465259552
1777337082.30159,0.0900559350848198,0.041030801832675934,-4.124813079833984,-0.003670210251584649,-0.003670210251584649,2.350892615644634,-236.334465259552
1777337082.301644,0.0900559350848198,0.041030801832675934,-4.124813079833984,0.0014845080440863967,0.0014845080440863967,2.350892615644634,-236.334465259552
1777337082.301686,0.0900559350848198,0.041030801832675934,-4.124813079833984,-8.080982297542505e-06,-8.080982297542505e-06,2.350892615644634,-236.334465259552
1777337082.356079,0.0900559350848198,0.041030801832675934,-4.124813079833984,-0.00010245980956824496,-0.00010245980956824496,2.350892615644634,-236.334465259552
1777337082.356171,0.0900559350848198,0.041030801832675934,-4.124813079833984,0.00109487131703645,0.00109487131703645,2.350892615644634,-236.334465259552
1777337082.356865,0.0900559350848198,0.041030801832675934,-4.124813079833984,-0.0018783225677907467,-0.0018783225677907467,2.350892615644634,-236.334465259552
1777337082.35692,0.0900559350848198,0.041030801832675934,-4.124813079833984,-0.0031700325198471546,-0.0031700325198471546,2.350892615644634,-236.334465259552
1777337082.356962,0.0900559350848198,0.041030801832675934,-4.124813079833984,-0.0010867902310565114,-0.0010867902310565114,2.350892615644634,-236.334465259552
1777337082.357003,0.0900559350848198,0.041030801832675934,-4.124813079833984,-0.001279588439501822,-0.001279588439501822,2.350892615644634,-236.334465259552
1777337082.411694,0.0900559350848198,0.041030801832675934,-4.124813079833984,-0.003075653687119484,-0.003075653687119484,2.350892615644634,-236.334465259552
1777337082.412433,0.0900559350848198,0.041030801832675934,-4.124813079833984,0.00019279815023764968,0.00019279815023764968,2.350892615644634,-236.334465259552
1777337082.41249,0.0900559350848198,0.041030801832675934,-4.124813079833984,-0.0023744595237076283,-0.0023744595237076283,2.350892615644634,-236.334465259552
1777337082.412533,0.0900559350848198,0.041030801832675934,-4.124813079833984,0.001279588439501822,0.001279588439501822,2.350892615644634,-236.334465259552
1777337082.412575,0.0900559350848198,0.041030801832675934,-4.124813079833984,-0.0017920248210430145,-0.0017920248210430145,2.350892615644634,-236.334465259552
1777337082.4126148,0.0900559350848198,0.041030801832675934,-4.124813079833984,-0.0012876694090664387,-0.0012876694090664387,2.350892615644634,-236.334465259552
1777337082.467478,0.0900559350848198,0.041030801832675934,-4.124813079833984,-0.00010245980956824496,-0.00010245980956824496,2.350892615644634,-236.334465259552
1777337082.467573,0.0900559350848198,0.041030801832675934,-4.124813079833984,-0.0007011940469965339,-0.0007011940469965339,2.350892615644634,-236.334465259552
1777337082.467617,0.0900559350848198,0.041030801832675934,-4.124813079833984,-0.0008939921390265226,-0.0008939921390265226,2.350892615644634,-236.334465259552
1777337082.467658,0.0900559350848198,0.041030801832675934,-4.124813079833984,-0.0007955728215165436,-0.0007955728215165436,2.350892615644634,-236.334465259552
1777337082.4676979,0.0900559350848198,0.041030801832675934,-4.124813079833984,-0.0005987342447042465,-0.0005987342447042465,2.350892615644634,-236.334465259552
1777337082.46839,0.0900559350848198,0.041030801832675934,-4.124813079833984,-0.0016936055617406964,-0.0016936055617406964,2.350892615644634,-236.334465259552
1777337082.522819,0.0900559350848198,0.041030801832675934,-4.124813079833984,0.00039367727003991604,0.00039367727003991604,2.350892615644634,-236.334465259552
1777337082.52292,0.0900559350848198,0.041030801832675934,-4.124813079833984,-4.0404911487712525e-06,-4.0404911487712525e-06,2.350892615644634,-236.334465259552
1777337082.522969,0.0900559350848198,0.041030801832675934,-4.124813079833984,9.437882545171306e-05,9.437882545171306e-05,2.350892615644634,-236.334465259552
1777337082.566475,0.0900559350848198,0.041030801832675934,-4.124813079833984,-0.00029929843731224537,-0.00029929843731224537,2.350892615644634,-236.334465259552
1777337082.56729,0.0900559350848198,0.041030801832675934,-4.124813079833984,0.0017879842780530453,0.0017879842780530453,2.350892615644634,-236.334465259552
1777337082.567348,0.0900559350848198,0.041030801832675934,-4.124813079833984,0.0010867902310565114,0.0010867902310565114,2.350892615644634,-236.334465259552
1777337082.567391,0.0900559350848198,0.041030801832675934,-4.124813079833984,-0.0010908307740464807,-0.0010908307740464807,2.350892615644634,-236.334465259552
1777337082.5674329,0.0900559350848198,0.041030801832675934,-4.124813079833984,-0.0015911456430330873,-0.0015911456430330873,2.350892615644634,-236.334465259552
1777337082.567474,0.0900559350848198,0.041030801832675934,-4.124813079833984,-9.841931750997901e-05,-9.841931750997901e-05,2.350892615644634,-236.334465259552
1777337082.623466,0.0900559350848198,0.041030801832675934,-4.124813079833984,0.00019279815023764968,0.00019279815023764968,2.350892615644634,-236.334465259552
1777337082.623565,0.0900559350848198,0.041030801832675934,-4.124813079833984,-0.002981275087222457,-0.002981275087222457,2.350892615644634,-236.334465259552
1777337082.623611,0.0900559350848198,0.041030801832675934,-4.124813079833984,0.0001887576509034261,0.0001887576509034261,2.350892615644634,-236.334465259552
1777337082.6236532,0.0900559350848198,0.041030801832675934,-4.124813079833984,-0.0008980326820164919,-0.0008980326820164919,2.350892615644634,-236.334465259552
1777337082.6236951,0.0900559350848198,0.041030801832675934,-4.124813079833984,-0.0012836288660764694,-0.0012836288660764694,2.350892615644634,-236.334465259552
1777337082.6243908,0.0900559350848198,0.041030801832675934,-4.124813079833984,-0.0013860887847840786,-0.0013860887847840786,2.350892615644634,-236.334465259552
1777337082.6795242,0.0900559350848198,0.041030801832675934,-4.124813079833984,-0.0023744595237076283,-0.0023744595237076283,2.350892615644634,-236.334465259552
1777337082.6796212,0.0900559350848198,0.041030801832675934,-4.124813079833984,-0.0023825406096875668,-0.0023825406096875668,2.350892615644634,-236.334465259552
1777337082.6796658,0.0900559350848198,0.041030801832675934,-4.124813079833984,0.0009924115147441626,0.0009924115147441626,2.350892615644634,-236.334465259552
1777337082.67971,0.0900559350848198,0.041030801832675934,-4.124813079833984,-0.00010245980956824496,-0.00010245980956824496,2.350892615644634,-236.334465259552
1777337082.6804092,0.0900559350848198,0.041030801832675934,-4.124813079833984,-0.0020832421723753214,-0.0020832421723753214,2.350892615644634,-236.334465259552
1777337082.68046,0.0900559350848198,0.041030801832675934,-4.124813079833984,-0.0009883709717541933,-0.0009883709717541933,2.350892615644634,-236.334465259552
1777337082.734881,0.0900559350848198,0.041030801832675934,-4.124813079833984,-0.0002912174677476287,-0.0002912174677476287,2.350892615644634,-236.334465259552
1777337082.7349708,0.0900559350848198,0.041030801832675934,-4.124813079833984,0.0021816615480929613,0.0021816615480929613,2.350892615644634,-236.334465259552
1777337082.7350159,0.0900559350848198,0.041030801832675934,-4.124813079833984,-0.0007834513089619577,-0.0007834513089619577,2.350892615644634,-236.334465259552
1777337082.73574,0.0900559350848198,0.041030801832675934,-4.124813079833984,0.0013860887847840786,0.0013860887847840786,2.350892615644634,-236.334465259552
1777337082.7358541,0.0900559350848198,0.041030801832675934,-4.124813079833984,-0.0006068152142688632,-0.0006068152142688632,2.350892615644634,-236.334465259552
1777337082.790717,0.0900559350848198,0.041030801832675934,-4.124813079833984,-0.0009924115147441626,-0.0009924115147441626,2.350892615644634,-236.334465259552
1777337082.7908192,0.0900559350848198,0.041030801832675934,-4.124813079833984,0.00137800769880414,0.00137800769880414,2.350892615644634,-236.334465259552
1777337082.790865,0.0900559350848198,0.041030801832675934,-4.124813079833984,-0.0018904441967606544,-0.0018904441967606544,2.350892615644634,-236.334465259552
1777337082.79157,0.0900559350848198,0.041030801832675934,-4.124813079833984,-9.437882545171306e-05,-9.437882545171306e-05,2.350892615644634,-236.334465259552
1777337082.846408,0.0900559350848198,0.041030801832675934,-4.124813079833984,0.0017879842780530453,0.0017879842780530453,2.350892615644634,-236.334465259552
1777337082.846525,0.0900559350848198,0.041030801832675934,-4.124813079833984,0.0008818706264719367,0.0008818706264719367,2.350892615644634,-236.334465259552
1777337082.846569,0.0900559350848198,0.041030801832675934,-4.124813079833984,0.002370418980717659,0.002370418980717659,2.350892615644634,-236.334465259552
1777337082.8466089,0.0900559350848198,0.041030801832675934,-4.124813079833984,0.0013901293277740479,0.0013901293277740479,2.350892615644634,-236.334465259552
1777337082.847275,0.0900559350848198,0.041030801832675934,-4.124813079833984,-0.0007915322785265744,-0.0007915322785265744,2.350892615644634,-236.334465259552
1777337082.901958,0.0900559350848198,0.041030801832675934,-4.124813079833984,0.0009924115147441626,0.0009924115147441626,2.350892615644634,-236.334465259552
1777337082.9020429,0.0900559350848198,0.041030801832675934,-4.124813079833984,0.000984330428764224,0.000984330428764224,2.350892615644634,-236.334465259552
1777337082.902087,0.0900559350848198,0.041030801832675934,-4.124813079833984,-0.0010908307740464807,-0.0010908307740464807,2.350892615644634,-236.334465259552
1777337082.902129,0.0900559350848198,0.041030801832675934,-4.124813079833984,-9.03383333934471e-05,-9.03383333934471e-05,2.350892615644634,-236.334465259552
1777337082.902797,0.0900559350848198,0.041030801832675934,-4.124813079833984,8.080982297542505e-06,8.080982297542505e-06,2.350892615644634,-236.334465259552
1777337082.902848,0.0900559350848198,0.041030801832675934,-4.124813079833984,0.0008899515960365534,0.0008899515960365534,2.350892615644634,-236.334465259552
1777337082.957928,0.0900559350848198,0.041030801832675934,-4.124813079833984,0.0009964520577341318,0.0009964520577341318,2.350892615644634,-236.334465259552
1777337082.958017,0.0900559350848198,0.041030801832675934,-4.124813079833984,-0.0010867902310565114,-0.0010867902310565114,2.350892615644634,-236.334465259552
1777337082.9580631,0.0900559350848198,0.041030801832675934,-4.124813079833984,0.0006931129610165954,0.0006931129610165954,2.350892615644634,-236.334465259552
1777337082.9587579,0.0900559350848198,0.041030801832675934,-4.124813079833984,-0.0012013716623187065,-0.0012013716623187065,2.350892615644634,-236.334465259552
1777337082.9588108,0.0900559350848198,0.041030801832675934,-4.124813079833984,0.0012836288660764694,0.0012836288660764694,2.350892615644634,-236.334465259552
1777337082.958854,0.0900559350848198,0.041030801832675934,-4.124813079833984,0.0,0.0,2.350892615644634,-236.334465259552
1777337083.013848,0.0900559350848198,0.041030801832675934,-4.124813079833984,-0.00109487131703645,-0.00109487131703645,2.350892615644634,-236.334465259552
1777337083.013956,0.0900559350848198,0.041030801832675934,-4.124813079833984,-0.0009924115147441626,-0.0009924115147441626,2.350892615644634,-236.334465259552
1777337083.014637,0.0900559350848198,0.041030801832675934,-4.124813079833984,-0.0022719998378306627,-0.0022719998378306627,2.350892615644634,-236.334465259552
1777337083.014693,0.0900559350848198,0.041030801832675934,-4.124813079833984,0.001488548587076366,0.001488548587076366,2.350892615644634,-236.334465259552
1777337083.014736,0.0900559350848198,0.041030801832675934,-4.124813079833984,0.0024809599854052067,0.0024809599854052067,2.350892615644634,-236.334465259552
1777337083.0147781,0.0900559350848198,0.041030801832675934,-4.124813079833984,0.0012876694090664387,0.0012876694090664387,2.350892615644634,-236.334465259552
1777337083.068981,0.0900559350848198,0.041030801832675934,-4.124813079833984,0.0021897426340729,0.0021897426340729,2.350892615644634,-236.334465259552
1777337083.069643,0.0900559350848198,0.041030801832675934,-4.124813079833984,0.003272492438554764,0.003272492438554764,2.350892615644634,-236.334465259552
1777337083.069694,0.0900559350848198,0.041030801832675934,-4.124813079833984,0.00048401555977761745,0.00048401555977761745,2.350892615644634,-236.334465259552
1777337083.069797,0.0900559350848198,0.041030801832675934,-4.124813079833984,0.0011771286372095346,0.0011771286372095346,2.350892615644634,-236.334465259552
1777337083.069838,0.0900559350848198,0.041030801832675934,-4.124813079833984,0.0012876694090664387,0.0012876694090664387,2.350892615644634,-236.334465259552
1777337083.069877,0.0900559350848198,0.041030801832675934,-4.124813079833984,-9.437882545171306e-05,-9.437882545171306e-05,2.350892615644634,-236.334465259552
1777337083.130812,0.0900559350848198,0.041030801832675934,-4.124813079833984,0.0020832421723753214,0.0020832421723753214,2.350892615644634,-236.334465259552
1777337083.130912,0.0900559350848198,0.041030801832675934,-4.124813079833984,-0.0010004923678934574,-0.0010004923678934574,2.350892615644634,-236.334465259552
1777337083.130959,0.0900559350848198,0.041030801832675934,-4.124813079833984,0.0012836288660764694,0.0012836288660764694,2.350892615644634,-236.334465259552
1777337083.131001,0.0900559350848198,0.041030801832675934,-4.124813079833984,0.00018471716612111777,0.00018471716612111777,2.350892615644634,-236.334465259552
1777337083.131042,0.0900559350848198,0.041030801832675934,-4.124813079833984,-0.0021897426340729,-0.0021897426340729,2.350892615644634,-236.334465259552
1777337083.131706,0.0900559350848198,0.041030801832675934,-4.124813079833984,0.001082749804481864,0.001082749804481864,2.350892615644634,-236.334465259552
1777337083.185795,0.0900559350848198,0.041030801832675934,-4.124813079833984,-0.0020872827153652906,-0.0020872827153652906,2.350892615644634,-236.334465259552
1777337083.185899,0.0900559350848198,0.041030801832675934,-4.124813079833984,0.003374952357262373,0.003374952357262373,2.350892615644634,-236.334465259552
1777337083.185944,0.0900559350848198,0.041030801832675934,-4.124813079833984,0.0008980326820164919,0.0008980326820164919,2.350892615644634,-236.334465259552
1777337083.186125,0.0900559350848198,0.041030801832675934,-4.124813079833984,-0.0003033389220945537,-0.0003033389220945537,2.350892615644634,-236.334465259552
1777337083.18681,0.0900559350848198,0.041030801832675934,-4.124813079833984,-0.0008899515960365534,-0.0008899515960365534,2.350892615644634,-236.334465259552
1777337083.24116,0.0900559350848198,0.041030801832675934,-4.124813079833984,0.002177621005102992,0.002177621005102992,2.350892615644634,-236.334465259552
1777337083.241241,0.0900559350848198,0.041030801832675934,-4.124813079833984,0.0007955728215165436,0.0007955728215165436,2.350892615644634,-236.334465259552
1777337083.2412841,0.0900559350848198,0.041030801832675934,-4.124813079833984,0.004064024426043034,0.004064024426043034,2.350892615644634,-236.334465259552
1777337083.279083,0.0900559350848198,0.041030801832675934,-4.124813079833984,-0.0012876694090664387,-0.0012876694090664387,2.350892615644634,-236.334465259552
1777337083.279828,0.0900559350848198,0.041030801832675934,-4.124813079833984,-0.0026777987368404865,-0.0026777987368404865,2.350892615644634,-236.334465259552
1777337083.279882,0.0900559350848198,0.041030801832675934,-4.124813079833984,-0.0020872827153652906,-0.0020872827153652906,2.350892615644634,-236.334465259552
1777337083.279925,0.0900559350848198,0.041030801832675934,-4.124813079833984,-0.002669717650860548,-0.002669717650860548,2.350892615644634,-236.334465259552
1777337083.2799659,0.0900559350848198,0.041030801832675934,-4.124813079833984,-0.0003896367852576077,-0.0003896367852576077,2.350892615644634,-236.334465259552
1777337083.280006,0.0900559350848198,0.041030801832675934,-4.124813079833984,0.0010004923678934574,0.0010004923678934574,2.350892615644634,-236.334465259552
1777337083.335566,0.0900559350848198,0.041030801832675934,-4.124813079833984,-0.00020087911980226636,-0.00020087911980226636,2.350892615644634,-236.334465259552
1777337083.335855,0.0900559350848198,0.041030801832675934,-4.124813079833984,0.0021816615480929613,0.0021816615480929613,2.350892615644634,-236.334465259552
1777337083.335965,0.0900559350848198,0.041030801832675934,-4.124813079833984,-0.002067080233246088,-0.002067080233246088,2.350892615644634,-236.334465259552
1777337083.33601,0.0900559350848198,0.041030801832675934,-4.124813079833984,0.0,0.0,2.350892615644634,-236.334465259552
1777337083.336051,0.0900559350848198,0.041030801832675934,-4.124813079833984,-0.00020896010391879827,-0.00020896010391879827,2.350892615644634,-236.334465259552
1777337083.336729,0.0900559350848198,0.041030801832675934,-4.124813079833984,-0.00048401555977761745,-0.00048401555977761745,2.350892615644634,-236.334465259552
1777337083.392898,0.0900559350848198,0.041030801832675934,-4.124813079833984,-0.0005945563898421824,-0.0005945563898421824,2.350892615644634,-236.334465259552
1777337083.392996,0.0900559350848198,0.041030801832675934,-4.124813079833984,-0.0013820482417941093,-0.0013820482417941093,2.350892615644634,-236.334465259552
1777337083.393043,0.0900559350848198,0.041030801832675934,-4.124813079833984,-0.001193290576338768,-0.001193290576338768,2.350892615644634,-236.334465259552

"--- SEND COMMAND: Mode=velocity, Value=0.5 ---"
1777337083.430021,0.0900559350848198,0.041030801832675934,-4.124813079833984,0.0021816615480929613,0.0021816615480929613,2.350892615644634,-236.334465259552
1777337083.4307032,0.0900559350848198,0.041030801832675934,-4.124813079833984,-0.0017879842780530453,-0.0017879842780530453,2.350892615644634,-236.334465259552
1777337083.430768,0.0900559350848198,0.041030801832675934,-4.124813079833984,-0.0009883709717541933,-0.0009883709717541933,2.350892615644634,-236.334465259552
1777337083.4308102,0.0900559350848198,0.041030801832675934,-4.124813079833984,-0.0010004923678934574,-0.0010004923678934574,2.350892615644634,-236.334465259552
1777337083.430851,0.0900559350848198,0.041030801832675934,-4.124813079833984,0.0003977177548222244,0.0003977177548222244,2.350892615644634,-236.334465259552
1777337083.43089,0.0900559350848198,0.041030801832675934,-4.124813079833984,-0.0031821541488170624,-0.0031821541488170624,2.350892615644634,-236.334465259552
1777337083.489305,0.0900559350848198,0.041030801832675934,-4.124813079833984,-0.0006971535040065646,-0.0006971535040065646,2.350892615644634,-236.334465259552
1777337083.489402,0.0900559350848198,0.041030801832675934,-4.124813079833984,-0.0022800809238106012,-0.0022800809238106012,2.350892615644634,-236.334465259552
1777337083.48945,0.0900559350848198,0.041030801832675934,-4.124813079833984,0.0007955728215165436,0.0007955728215165436,2.350892615644634,-236.334465259552
1777337083.489494,0.0900559350848198,0.041030801832675934,-4.124813079833984,-0.0013941696379333735,-0.0013941696379333735,2.350892615644634,-236.334465259552
1777337083.489536,0.0900559350848198,0.041030801832675934,-4.124813079833984,0.0007955728215165436,0.0007955728215165436,2.350892615644634,-236.334465259552
1777337083.4902852,0.0900559350848198,0.041030801832675934,-4.124813079833984,-0.0036621291656047106,-0.0036621291656047106,2.350892615644634,-236.334465259552
1777337083.547758,0.0900559350848198,0.041030801832675934,-4.124813079833984,0.0009883709717541933,0.0009883709717541933,2.350892615644634,-236.334465259552
1777337083.54783,0.0900559350848198,0.041030801832675934,-4.124813079833984,-0.0012013716623187065,-0.0012013716623187065,2.350892615644634,-236.334465259552
1777337083.5478752,0.09005743265151978,0.041203923523426056,-4.124639987945557,0.0018702417146414518,0.0018702417146414518,2.3608117614135145,-236.324547821331
1777337083.547918,0.09007071703672409,0.042498402297496796,-4.124303817749023,0.030448898673057556,-0.06572235375642776,2.4349799583569167,-236.3052866809845
1777337083.548613,0.09000195562839508,0.0451880544424057,-4.122573375701904,0.1311991661787033,0.035319194197654724,2.5890857297211887,-236.20613961954118
1777337083.548665,0.09003852307796478,0.04960613697767258,-4.121031284332275,0.2730831205844879,-0.01344907283782959,2.8422233030453325,-236.11778426084518
1777337083.607043,0.08999606221914291,0.0562814325094223,-4.120108604431152,0.4540678858757019,-0.12322342395782471,3.224689700773358,-236.0649185777664
1777337083.6071198,0.08997481316328049,0.0658167228102684,-4.117284774780273,0.6903530955314636,0.01925516128540039,3.771021786792576,-235.9031249988556
1777337083.607164,0.08988187462091446,0.07864932715892792,-4.1149983406066895,0.9899960160255432,-0.0645720362663269,4.506276119032502,-235.77212192373275
1777337083.6078389,0.08980042487382889,0.0945209339261055,-4.112549304962158,1.3138331174850464,-0.028315067291259766,5.415652526043355,-235.63180246725082
1777337083.60789,0.08973022550344467,0.11316722631454468,-4.110202312469482,1.6397323608398438,0.010377764701843262,6.484006765472889,-235.49732965478898
1777337083.607933,0.089565709233284,0.13452036678791046,-4.109942436218262,1.9353162050247192,-0.17359888553619385,7.70745203140676,-235.48243983707428
1777337083.667547,0.08938892930746078,0.15815475583076477,-4.111235618591309,2.4367291927337646,-0.05534720420837402,9.061603259128333,-235.5565337556839
1777337083.667628,0.08911029994487762,0.18328070640563965,-4.112955093383789,2.598789930343628,-0.08481645584106445,10.501214698076248,-235.6550524394989
1777337083.668319,0.08881624042987823,0.20956984162330627,-4.114470481872559,2.7090044021606445,-0.07046031951904297,12.007471731680631,-235.74187783527375
1777337083.668372,0.08833082765340805,0.23641017079353333,-4.113516807556152,2.777029275894165,0.1885051727294922,13.545309863752127,-235.6872363023758
1777337083.668415,0.08789524435997009,0.2635616362094879,-4.114169120788574,2.8063395023345947,0.026505708694458008,15.100974795931577,-235.724611110878
1777337083.6684558,0.08761901408433914,0.2908397614955902,-4.116613388061523,2.8105180263519287,-0.16118335723876953,16.663896806699036,-235.86465735969543
1777337083.723825,0.08696088939905167,0.3177395761013031,-4.120393753051758,2.7851767539978027,-0.2826879024505615,18.205143204385042,-236.0812563961029
1777337083.724598,0.0864514410495758,0.3438108563423157,-4.124043941497803,2.6885790824890137,-0.282926082611084,19.698918062818052,-236.2903968632698
1777337083.724656,0.08601952344179153,0.36827170848846436,-4.12451171875,2.532938003540039,0.04076647758483887,21.100422155213355,-236.31719853515625
1777337083.724714,0.0854889377951622,0.3910122215747833,-4.126698970794678,2.3439857959747314,-0.14883804321289062,22.403358044904472,-236.44251889085768
1777337083.782908,0.08502837270498276,0.41169774532318115,-4.12806510925293,2.135718822479248,-0.06940698623657227,23.588551676487924,-236.520792886734
1777337083.783011,0.08458265662193298,0.43018975853919983,-4.1306657791137695,1.919725775718689,-0.18914663791656494,24.648066367310285,-236.66980034694672
1777337083.783735,0.08412884920835495,0.4466147720813751,-4.133416175842285,1.6916152238845825,-0.2257460355758667,25.589150658220053,-236.8273865278244
1777337083.78379,0.08376280963420868,0.46091920137405396,-4.135411262512207,1.4722265005111694,-0.1577051877975464,26.40873437808752,-236.9416966146469
1777337083.783835,0.08341873437166214,0.47337090969085693,-4.13638162612915,1.2884775400161743,-0.05369007587432861,27.1221649674654,-236.99729437437057
1777337083.7840378,0.08318271487951279,0.4846648573875427,-4.136592864990234,1.15864098072052,0.008358359336853027,27.76926073590517,-237.00939747390748
1777337083.7841651,0.08292609453201294,0.49482762813568115,-4.135059833526611,1.0514965057373047,0.18862444162368774,28.35154481613636,-236.921561209774
1777337083.841661,0.08258242905139923,0.5039609670639038,-4.134554862976074,0.9460987448692322,0.08328348398208618,28.87484677670002,-236.89262851810454
1777337083.841738,0.08243739604949951,0.5122527480125427,-4.132015705108643,0.8522079586982727,0.27693724632263184,29.349930999577044,-236.74714543676376
1777337083.8417861,0.08220719546079636,0.5196837186813354,-4.131295680999756,0.7688173055648804,0.09780055284500122,29.77569440882206,-236.7058910794258
1777337083.879168,0.08197939395904541,0.526233971118927,-4.12954044342041,0.6817939877510071,0.20229855179786682,30.15099636243582,-236.60532333812714
1777337083.879252,0.08186504989862442,0.5321295857429504,-4.127479553222656,0.5998102426528931,0.2163953185081482,30.48879031881094,-236.48724298553466
1777337083.879999,0.08170758187770844,0.5371511578559875,-4.1253342628479,0.525898814201355,0.23827064037322998,30.776505310285092,-236.36432685728073
1777337083.880053,0.08159305900335312,0.54166579246521,-4.122736930847168,0.4589310884475708,0.2672571539878845,31.035174911928177,-236.21551064243317
1777337083.880096,0.08146636933088303,0.5455073118209839,-4.120812892913818,0.4061044752597809,0.21441137790679932,31.25527783663273,-236.10527134981155
1777337083.880138,0.08136168122291565,0.5490953922271729,-4.1181840896606445,0.35911673307418823,0.2632463574409485,31.46085977396965,-235.95465196437834
1777337083.937723,0.08134116977453232,0.5521617531776428,-4.116076469421387,0.32170307636260986,0.22583748400211334,31.63654937771559,-235.83389417667388
1777337083.93852,0.08121597766876221,0.5549566149711609,-4.1142401695251465,0.2887188792228699,0.19289617240428925,31.79668322006464,-235.7286819050789
1777337083.9385788,0.08119985461235046,0.5574764013290405,-4.111720085144043,0.2625932991504669,0.2625932991504669,31.94105639526844,-235.58429165439605
1777337083.938658,0.08112755417823792,0.5598843693733215,-4.109312057495117,0.24834352731704712,0.24834352731704712,32.07902285073995,-235.44632178382872
1777337083.9387012,0.08115865290164948,0.5622313022613525,-4.106965065002441,0.242540180683136,0.242540180683136,32.213492248106,-235.31184897136689
1777337083.938742,0.08111834526062012,0.5646711587905884,-4.104525566101074,0.2504563331604004,0.2504563331604004,32.35328577983379,-235.17207593021394
1777337083.994252,0.08104054629802704,0.5672934651374817,-4.101902961730957,0.2679077684879303,0.2679077684879303,32.503532919824124,-235.02181171474456
1777337083.994443,0.08100185543298721,0.570065438747406,-4.099131107330322,0.280196875333786,0.280196875333786,32.662355365383625,-234.8629960993767
1777337083.994496,0.08090031147003174,0.5727739930152893,-4.097381591796875,0.2923700511455536,0.196490079164505,32.817544149005414,-234.7627562072754
1777337083.9945412,0.0807936042547226,0.5758635997772217,-4.094291687011719,0.30766475200653076,0.30766475200653076,32.99456564011574,-234.58571764068603
1777337083.994585,0.08066979050636292,0.5789899826049805,-4.0921244621276855,0.3247213661670685,0.22883901000022888,33.17369424533844,-234.46154475717543
1777337084.052293,0.08008227497339249,0.5851196050643921,-4.086953163146973,0.33574816584587097,0.240119069814682,33.52489586784839,-234.1652510450363
1777337084.052385,0.07935801148414612,0.5912784934043884,-4.081753253936768,0.3458218574523926,0.24975939095020294,33.87777430239916,-233.86731808691025
1777337084.0524302,0.07882936298847198,0.5971382260322571,-4.076851844787598,0.35782933235168457,0.2619994282722473,34.21351237109899,-233.58648792858125
1777337084.052473,0.07829844206571579,0.6026667356491089,-4.072282314300537,0.35893261432647705,0.2633608281612396,34.530272752404215,-233.3246730237007
1777337084.096338,0.0777072086930275,0.6082987785339355,-4.068567752838135,0.363305926322937,0.17103615403175354,34.852965155124664,-233.1118442530632
1777337084.09712,0.07709547132253647,0.6136341691017151,-4.0641913414001465,0.3655920922756195,0.2697312831878662,35.15866062601805,-232.8610942585945
1777337084.0971782,0.07656757533550262,0.6186145544052124,-4.060169219970703,0.35812804102897644,0.26270365715026855,35.444015786290166,-232.6306435935974
1777337084.0972219,0.07612339407205582,0.6232403516769409,-4.056502342224121,0.3458326458930969,0.2495555877685547,35.70905454161167,-232.4205468996048
1777337084.097264,0.07573122531175613,0.6276953220367432,-4.053006172180176,0.3291887044906616,0.2332991510629654,35.964305632352826,-232.22023104000093
1777337084.097306,0.07539684325456619,0.6318813562393188,-4.048820495605469,0.3193264603614807,0.3193264603614807,36.204147810816764,-231.98040935211182
1777337084.155989,0.07490308582782745,0.6356810331344604,-4.045979022979736,0.2956724762916565,0.1998545527458191,36.42185333826542,-231.81760490484237
1777337084.1560771,0.07465754449367523,0.6391297578811646,-4.042530536651611,0.26894041895866394,0.26894041895866394,36.619450781607625,-231.62002112188338
1777337084.156123,0.07427375763654709,0.6423258781433105,-4.039334297180176,0.24167980253696442,0.24167980253696442,36.802575048923494,-231.4368900243759
1777337084.1561658,0.07394769042730331,0.6454169750213623,-4.036243438720703,0.2210141122341156,0.2210141122341156,36.97968191742897,-231.25979681625367
1777337084.156208,0.07348458468914032,0.6484197974205017,-4.032281875610352,0.19904763996601105,0.29486793279647827,37.15173102904558,-231.0328158885956
1777337084.1568892,0.07352274656295776,0.6503387689590454,-4.030363082885742,0.1960267722606659,0.1960267722606659,37.26168003852367,-230.92287712440492
1777337084.213387,0.07348013669252396,0.6523278951644897,-4.028373718261719,0.20534726977348328,0.20534726977348328,37.37564861576557,-230.8088948867798
1777337084.213495,0.07330232858657837,0.6567354202270508,-4.023007392883301,0.21447108685970306,0.3103630542755127,37.62818129024505,-230.50142698116304
1777337084.2135448,0.0732843428850174,0.659087061882019,-4.020655632019043,0.23185616731643677,0.23185616731643677,37.76292048017979,-230.36668096103668
1777337084.248319,0.07317539304494858,0.6616846323013306,-4.0180583000183105,0.24942010641098022,0.24942010641098022,37.911750355410575,-230.21786474618912
1777337084.249078,0.07304516434669495,0.6643105745315552,-4.016391277313232,0.2648012042045593,0.1689356118440628,38.062205816245076,-230.1223513466835
1777337084.249135,0.07260037958621979,0.6680585145950317,-4.012643337249756,0.26922422647476196,0.26922422647476196,38.27694704053402,-229.90761012239457
1777337084.305635,0.07249725610017776,0.6704363226890564,-4.010265350341797,0.26276957988739014,0.26276957988739014,38.41318545752764,-229.77136146011352
1777337084.305742,0.0725073292851448,0.6727028489112854,-4.007998943328857,0.24952922761440277,0.24952922761440277,38.54304789065122,-229.64150585718156
1777337084.3057878,0.07253941893577576,0.6749423146247864,-4.005759239196777,0.231715127825737,0.231715127825737,38.671359870278835,-229.5131802171707
1777337084.306487,0.0721285343170166,0.6783850789070129,-4.002316474914551,0.22509481012821198,0.22509481012821198,38.86861580404043,-229.31592428340912
1777337084.3065422,0.0718243271112442,0.6817739009857178,-3.997968912124634,0.21958762407302856,0.31546279788017273,39.06278107609749,-229.0668271953106
1777337084.306585,0.07143554836511612,0.685189962387085,-3.9945528507232666,0.21204774081707,0.21204774081707,39.25850704693794,-228.87110122447012
1777337084.365105,0.07101856917142868,0.688852846622467,-3.9908900260925293,0.216566801071167,0.216566801071167,39.46837492951155,-228.66123675699234
1777337084.365191,0.07071444392204285,0.6922414302825928,-3.9865424633026123,0.2209574580192566,0.3168421983718872,39.66252654118538,-228.41213966889381
1777337084.3659031,0.0702972486615181,0.6959039568901062,-3.982879877090454,0.22643592953681946,0.22643592953681946,39.87237393318415,-228.20228886179925
1777337084.365957,0.06987934559583664,0.6994037628173828,-3.9793801307678223,0.2296244204044342,0.2296244204044342,40.0728981136322,-228.001768096447
1777337084.3660002,0.06960462033748627,0.7027080655097961,-3.9760758876800537,0.23195724189281464,0.23195724189281464,40.26222077983618,-227.81244884533882
1777337084.3660421,0.06924080848693848,0.7061009407043457,-3.9726829528808594,0.24159590899944305,0.24159590899944305,40.45661827840805,-227.61804793167113
1777337084.3660831,0.06893594563007355,0.7093263864517212,-3.9694576263427734,0.23734347522258759,0.23734347522258759,40.64142277286053,-227.43325026741027
1777337084.366549,0.06866156309843063,0.7126302719116211,-3.9651951789855957,0.23728987574577332,0.3331077992916107,40.83072153339386,-227.1890299361229
1777337084.424736,0.0684405118227005,0.7156651020050049,-3.962160348892212,0.23483555018901825,0.23483555018901825,41.00460455145836,-227.0151469180584
1777337084.4248168,0.06816601753234863,0.7188069224357605,-3.9590184688568115,0.23060934245586395,0.23060934245586395,41.184617666494844,-226.8351303879261
1777337084.424862,0.06805826723575592,0.7214059233665466,-3.955460548400879,0.22075417637825012,0.31662696599960327,41.33352950402498,-226.6312764890671
1777337084.4249039,0.06784241646528244,0.724055826663971,-3.952810764312744,0.208851158618927,0.208851158618927,41.48535783337355,-226.47945498991012
1777337084.4256032,0.06754215806722641,0.7265728116035461,-3.9493353366851807,0.19244325160980225,0.28828033804893494,41.62957049907446,-226.28032758364677
1777337084.425656,0.0674707368016243,0.7288654446601868,-3.9460837841033936,0.18235260248184204,0.27823975682258606,41.76092874416113,-226.09402727723122
1777337084.481712,0.06717583537101746,0.7309977412223816,-3.9429924488067627,0.16940277814865112,0.26529473066329956,41.88310038152933,-225.9169067483425
1777337084.481801,0.06699535995721817,0.7330176830291748,-3.9409725666046143,0.15518245100975037,0.15518245100975037,41.99883456330299,-225.80117598166467
1777337084.481847,0.06686746329069138,0.7349300980567932,-3.937142848968506,0.144158273935318,0.3358801007270813,42.10840791224241,-225.58174924592973
1777337084.482551,0.06668669730424881,0.7367885708808899,-3.9333670139312744,0.13023719191551208,0.32197341322898865,42.21489059947729,-225.3654097568035
1777337084.482657,0.06647462397813797,0.7385687828063965,-3.9306278228759766,0.11703762412071228,0.2129271775484085,42.31688926591873,-225.20846561393736
1777337084.482701,0.06634613126516342,0.7403196692466736,-3.92695951461792,0.11496200412511826,0.30667904019355774,42.41720770522356,-224.9982869576454
1777337084.535695,0.06608747690916061,0.7419838309288025,-3.9243364334106445,0.11038332432508469,0.20626568794250488,42.51255718013048,-224.8479954214096
1777337084.535771,0.06599011272192001,0.7436516880989075,-3.9207513332366943,0.1048838421702385,0.29657214879989624,42.60811839097738,-224.64258423886298
1777337084.5364091,0.06570004671812057,0.7452376484870911,-3.917248010635376,0.10046680271625519,0.2918250858783722,42.69898726018667,-224.44185856776238
1777337084.53646,0.06549348682165146,0.7467939257621765,-3.913774251937866,0.09709616005420685,0.2891540825366974,42.788155411684514,-224.2428267841816
1777337084.5365021,0.0653957650065422,0.7483007907867432,-3.9103496074676514,0.09173089265823364,0.2835147976875305,42.87449244875908,-224.04660903954505
1777337084.536544,0.06527217477560043,0.7496662139892578,-3.907066822052002,0.08602605760097504,0.27737003564834595,42.95272546348572,-223.8585192229271
1777337084.591795,0.06501909345388412,0.7509452104568481,-3.90386962890625,0.08186809718608856,0.273992657661438,43.02600658929348,-223.67533348388673
1777337084.592553,0.06489461660385132,0.7519888281822205,-3.9009084701538086,0.06997586041688919,0.26164498925209045,43.085801501762866,-223.50567152423858
1777337084.5926101,0.0647241473197937,0.7529162168502808,-3.8971047401428223,0.05869442597031593,0.3447493016719818,43.13893697741032,-223.2877337702751
1777337084.647198,0.06463706493377686,0.753813624382019,-3.8933310508728027,0.045711711049079895,0.33482885360717773,43.19035465986729,-223.07151722459793
1777337084.6472871,0.06443469971418381,0.7546628713607788,-3.890564441680908,0.03475845605134964,0.2264707088470459,43.23901294491291,-222.91300213766098
1777337084.6473331,0.0643467828631401,0.7552388310432434,-3.8871123790740967,0.025040891021490097,0.3126618564128876,43.27201301568746,-222.71521344895362
1777337084.648022,0.06423228234052658,0.7555121183395386,-3.883962631225586,0.009919832460582256,0.29748329520225525,43.287671229958534,-222.53474612617492
1777337084.648077,0.06403490900993347,0.7559762597084045,-3.8796634674072266,-0.004618688952177763,0.37882474064826965,43.314264581000806,-222.28842209587097
1777337084.6481202,0.06392113119363785,0.7565708756446838,-3.876192569732666,-0.015370507724583149,0.2722288966178894,43.34833357676268,-222.0895542368889
1777337084.7039108,0.06392074376344681,0.7564102411270142,-3.8734774589538574,-0.012142923660576344,0.2754303514957428,43.33912989356518,-221.93398979272843
1777337084.704006,0.06392074376344681,0.7564102411270142,-3.870601177215576,-0.006592904683202505,0.28102806210517883,43.33912989356518,-221.7691909295082
1777337084.704727,0.06383790075778961,0.7566009759902954,-3.866574287414551,0.014132880605757236,0.3977004587650299,43.350058200144765,-221.53846705684663
1777337084.7047832,0.06391611695289612,0.7569559812545776,-3.8643016815185547,0.039224881678819656,0.2309371381998062,43.37039851076603,-221.4082562839508
1777337084.7048268,0.0639382153749466,0.7578045129776001,-3.8615360260009766,0.08841365575790405,0.2801019549369812,43.41901581466198,-221.24979583854676
1777337084.7590778,0.06392402946949005,0.7592812776565552,-3.8581414222717285,0.1518365740776062,0.3435821235179901,43.50362822835445,-221.0552993021965
1777337084.75917,0.06393170356750488,0.7614461183547974,-3.8559765815734863,0.22298528254032135,0.22298528254032135,43.6276645080328,-220.93126302251815
1777337084.759871,0.06378325819969177,0.7648977637290955,-3.852524757385254,0.34561237692832947,0.34561237692832947,43.825429291069504,-220.73348799419404
1777337084.759926,0.06366762518882751,0.7685876488685608,-3.8497939109802246,0.390279084444046,0.2944182753562927,44.036844212043285,-220.57702196474077
1777337084.759969,0.063546322286129,0.7723422646522522,-3.8469982147216797,0.39027485251426697,0.29438289999961853,44.25196792706251,-220.4168403110504
1777337084.76001,0.06339307129383087,0.7763392329216003,-3.843001127243042,0.4087674617767334,0.4087674617767334,44.480977421629426,-220.18782398629187
1777337084.815624,0.06323924660682678,0.7801762223243713,-3.840122699737549,0.39041468501091003,0.29460394382476807,44.700820799052714,-220.02290217962266
1777337084.816368,0.06308984756469727,0.7834678292274475,-3.837790012359619,0.34806254506111145,0.2521873712539673,44.889416049849984,-219.88924899015427
1777337084.816427,0.06294532120227814,0.7863738536834717,-3.8339250087738037,0.2995225191116333,0.39539769291877747,45.05591904587746,-219.6678005177021
1777337084.816472,0.06292139738798141,0.7887808680534363,-3.8315179347991943,0.2504318356513977,0.2504318356513977,45.193830859816075,-219.52988528866769
1777337084.816514,0.06281977891921997,0.790833592414856,-3.8285069465637207,0.2132938653230667,0.3091117739677429,45.311443344283106,-219.35736830892563
1777337084.816556,0.06279514729976654,0.7929215431213379,-3.8245010375976562,0.20323176681995392,0.3949533700942993,45.43107415037155,-219.1278465499878
1777337084.8742871,0.06280909478664398,0.7947014570236206,-3.8217625617980957,0.19668574631214142,0.2924965023994446,45.53305574133396,-218.97094338827134
1777337084.874382,0.06279028207063675,0.7967224717140198,-3.817823886871338,0.20327718555927277,0.3950467109680176,45.648851394832135,-218.7452738574028
1777337084.8744278,0.0627657026052475,0.798810601234436,-3.814777374267578,0.2129473239183426,0.3087676167488098,45.768492446208,-218.5707214805603
1777337084.874471,0.06277502328157425,0.8009762167930603,-3.811652660369873,0.2272740751504898,0.3231540322303772,45.89257312213182,-218.39168849802016
1777337084.874512,0.06255820393562317,0.8033014535903931,-3.80741024017334,0.2372276782989502,0.42893514037132263,46.025799424624445,-218.14861563892364
1777337084.875199,0.06249507516622543,0.805857241153717,-3.8038954734802246,0.2580493688583374,0.3539077639579773,46.17223531769514,-217.94723426942826
1777337084.931594,0.062389250844717026,0.8084545135498047,-3.800339698791504,0.274503618478775,0.3703359067440033,46.3210481174469,-217.74350331401826
1777337084.9316878,0.06224427744746208,0.8113600611686707,-3.797434091567993,0.2985924184322357,0.2985924184322357,46.48752379270792,-217.57702422366143
1777337084.931734,0.061775121837854385,0.8156147003173828,-3.7922205924987793,0.31281015276908875,0.4086781442165375,46.731296746444706,-217.27831262369156
1777337084.931778,0.06150403246283531,0.8197230100631714,-3.788112163543701,0.32252925634384155,0.32252925634384155,46.966685639977456,-217.0429168999672
1777337084.932446,0.06111578270792961,0.8237863779067993,-3.783090591430664,0.32687556743621826,0.42270785570144653,47.19949955127239,-216.75520190849304
1777337084.932498,0.06076190993189812,0.8279266357421875,-3.7789502143859863,0.33573591709136963,0.33573591709136963,47.43671893615723,-216.5179756934166
1777337084.988915,0.06037251278758049,0.8318316340446472,-3.775045156478882,0.3378467559814453,0.3378467559814453,47.6604589378953,-216.2942322765827
1777337084.98899,0.059673283249139786,0.8391814827919006,-3.7667365074157715,0.33333921432495117,0.4292048215866089,48.08157440174818,-215.81818158159257
1777337084.989034,0.05940467491745949,0.842586100101471,-3.763331890106201,0.32682034373283386,0.32682034373283386,48.27664467419386,-215.62311130914688
1777337084.989672,0.05917112156748772,0.845909833908081,-3.7590491771698,0.3166823089122772,0.41255030035972595,48.46708066163063,-215.37772984528542
1777337084.989723,0.05894264578819275,0.848847508430481,-3.755153179168701,0.30586525797843933,0.4016951620578766,48.63539707353115,-215.15450552301408
1777337084.989768,0.0587194561958313,0.8515562415122986,-3.7514853477478027,0.28596416115760803,0.38183215260505676,48.790596102440354,-214.94435418748856
1777337085.043561,0.05849588289856911,0.8539502024650574,-3.7481324672698975,0.25964826345443726,0.35553061962127686,48.927760010397435,-214.7522482182026
1777337085.043692,0.05835874006152153,0.8559238910675049,-3.74424147605896,0.23473094403743744,0.4264479875564575,49.04084407782555,-214.52931076397897
1777337085.044397,0.05826243385672569,0.8574309945106506,-3.740817070007324,0.19656845927238464,0.3877168893814087,49.127194775283336,-214.33310667972566
1777337085.044649,0.058247148990631104,0.858589768409729,-3.7367820739746094,0.15604616701602936,0.44444578886032104,49.19358765285015,-214.1019183540344
1777337085.0447009,0.05815582722425461,0.8595533967018127,-3.7319822311401367,0.1221817284822464,0.5057972073554993,49.24879950674772,-213.82690751895905
1777337085.101542,0.05795259028673172,0.8604023456573486,-3.728257417678833,0.08933193981647491,0.3763241171836853,49.29744071631431,-213.61349135184287
1777337085.101632,0.057866618037223816,0.8611367344856262,-3.7236878871917725,0.06526464223861694,0.44954371452331543,49.33951811174154,-213.35167644696236
1777337085.1023538,0.05766845867037773,0.8615993857383728,-3.719390392303467,0.054575953632593155,0.43797171115875244,49.36602608538866,-213.10544803934098
1777337085.102408,0.057587381452322006,0.8617905378341675,-3.714405059814453,0.03616146370768547,0.5146405100822449,49.37697829763889,-212.81980942611693
1777337085.158565,0.057470183819532394,0.8619049191474915,-3.710456132888794,0.010703583247959614,0.3947136402130127,49.38353186649084,-212.59355249876975
1777337085.158656,0.057358209043741226,0.8617900609970093,-3.705777168273926,-0.009756269864737988,0.46957215666770935,49.37695097687244,-212.3254674779892
1777337085.158704,0.05728713423013687,0.8610517978668213,-3.7007625102996826,-0.03371390700340271,0.5414319038391113,49.33465160021782,-212.03814863762855
1777337085.159408,0.05730238929390907,0.8598929047584534,-3.696168899536133,-0.06677190214395523,0.5084125399589539,49.26825189245939,-211.77495403404237
1777337085.159461,0.057434480637311935,0.8583056330680847,-3.6920039653778076,-0.11788611114025116,0.45719313621520996,49.17730789114237,-211.53632079949378
1777337085.159505,0.057576753199100494,0.8561028242111206,-3.6874947547912598,-0.17138567566871643,0.4996090233325958,49.05109619543553,-211.27796197156906
1777337085.21586,0.05772389471530914,0.8533565998077393,-3.6825711727142334,-0.27647820115089417,0.4903610050678253,48.89374907126427,-210.99586139760018
1777337085.21594,0.0578761100769043,0.8503814935684204,-3.6778759956359863,-0.315663605928421,0.45126160979270935,48.7232879791975,-210.72684747076033
1777337085.216577,0.057916171848773956,0.8469772338867188,-3.673610210418701,-0.3498406410217285,0.41690272092819214,48.52823819732666,-210.48243589410782
1777337085.216629,0.05810830369591713,0.8433778882026672,-3.669539213180542,-0.3837865889072418,0.3830236494541168,48.32201080688238,-210.2491848505497
1777337085.216671,0.05818827822804451,0.8395065069198608,-3.6647820472717285,-0.4123246967792511,0.4504689872264862,48.10019691917896,-209.9766192240715
1777337085.216712,0.058466121554374695,0.8353298902511597,-3.660329818725586,-0.42650309205055237,0.43618735671043396,47.86089432585239,-209.72152522773743
1777337085.272825,0.05873814597725868,0.8312231302261353,-3.654849052429199,-0.41766461730003357,0.5410399436950684,47.6255942248106,-209.40750033817292
1777337085.27359,0.05892864614725113,0.8276234269142151,-3.649819850921631,-0.3784484565258026,0.4842419922351837,47.41934634379148,-209.11934821443558
1777337085.273649,0.05907928943634033,0.8244909048080444,-3.6443228721618652,-0.3257809579372406,0.5371296405792236,47.23986598370075,-208.8043944188118
1777337085.273694,0.05922485888004303,0.821744441986084,-3.6384406089782715,-0.28303298354148865,0.5796574354171753,47.08250519914627,-208.46736544389725
1777337085.273736,0.05936508625745773,0.8192254304885864,-3.6332898139953613,-0.2522735893726349,0.5145272016525269,46.93817642018795,-208.17224652471543
1777337085.273777,0.059423692524433136,0.817055881023407,-3.6268303394317627,-0.220730721950531,0.6420243978500366,46.81387034794092,-207.8021457620144
1777337085.33092,0.059524960815906525,0.8151624798774719,-3.621053457260132,-0.19323435425758362,0.5737100839614868,46.705386414563655,-207.47115467648507
1777337085.331012,0.0595870316028595,0.8135777115821838,-3.6149682998657227,-0.17142780125141144,0.5953347682952881,46.61458584727049,-207.12250071544648
1777337085.331059,0.059524692595005035,0.8120664954185486,-3.608808994293213,-0.15061625838279724,0.6162514686584473,46.52799950820208,-206.76959837522506
1777337085.331102,0.05953926220536232,0.8107500672340393,-3.603414535522461,-0.13843870162963867,0.5325276851654053,46.45257370222807,-206.4605185443878
1777337085.3311439,0.05951973795890808,0.8093562126159668,-3.5980968475341797,-0.13952742516994476,0.5314196348190308,46.372711686801914,-206.15583735694887
1777337085.391248,0.05961629003286362,0.8078488111495972,-3.5919342041015625,-0.15825794637203217,0.6085812449455261,46.28634391386509,-205.80274377136232
1777337085.391339,0.059601929038763046,0.8060690760612488,-3.5850846767425537,-0.18012411892414093,0.6827433705329895,46.1843725681901,-205.41029462170602
1777337085.391387,0.05951065942645073,0.8040945529937744,-3.5793893337249756,-0.2009400874376297,0.5659374594688416,46.0712406894207,-205.08397538723946
1777337085.39143,0.05957861244678497,0.8021238446235657,-3.57464861869812,-0.21630699932575226,0.4546903371810913,45.9583273767829,-204.81235232720374
1777337085.3914711,0.059492599219083786,0.7997636198997498,-3.5683798789978027,-0.2372623085975647,0.6253634691238403,45.823096413052085,-204.4531798710823
1777337085.392212,0.05948865786194801,0.7970532774925232,-3.563419818878174,-0.2810785174369812,0.485942542552948,45.66780517655611,-204.16898925848008
1777337085.4461482,0.05963898077607155,0.79376220703125,-3.5580825805664062,-0.34002766013145447,0.5225934982299805,45.47924066162109,-203.8631879196167
1777337085.446249,0.05976058170199394,0.7898483872413635,-3.5524086952209473,-0.40556979179382324,0.5530389547348022,45.254995225703716,-203.53809811964035
1777337085.4462972,0.05981004983186722,0.7853541374206543,-3.5473151206970215,-0.4635259211063385,0.49496302008628845,44.99749358682632,-203.2462576924324
1777337085.482351,0.059941746294498444,0.7805091738700867,-3.541613817214966,-0.4942564368247986,0.5603379607200623,44.719897524225715,-202.91959694838525
1777337085.4831371,0.05999127775430679,0.7760149240493774,-3.534602642059326,-0.47434771060943604,0.6759538650512695,44.46239588534832,-202.51788605890275
1777337085.4831948,0.06003573164343834,0.7719062566757202,-3.5281643867492676,-0.4186697006225586,0.635787844657898,44.22698650124073,-202.14900107030869
1777337085.48324,0.0599604956805706,0.7686160206794739,-3.521867513656616,-0.3444918990135193,0.6139014959335327,44.038469797647,-201.78821668896674
1777337085.4832819,0.05995267257094383,0.7661306858062744,-3.515723466873169,-0.2537178099155426,0.608977198600769,43.896070547819136,-201.43618861327172
1777337085.4833229,0.06005039066076279,0.764623761177063,-3.5095605850219727,-0.155308336019516,0.6110137701034546,43.80973009564877,-201.08308136730193
1777337085.5401049,0.060022983700037,0.7640001177787781,-3.5034730434417725,-0.06362947076559067,0.6077733039855957,43.773997948229315,-200.7342908024311
1777337085.5401978,0.05986277759075165,0.7641568183898926,-3.4975638389587402,0.01795654371380806,0.5931410193443298,43.782976235103604,-200.3957182042122
1777337085.540245,0.05988495796918869,0.7650054097175598,-3.4919216632843018,0.08159397542476654,0.5608505606651306,43.83159695409536,-200.0724452352047
1777337085.540288,0.05982474237680435,0.7662051320075989,-3.4859278202056885,0.1317281872034073,0.6109964847564697,43.900336002480984,-199.72902320094107
1777337085.540329,0.05975962430238724,0.7677902579307556,-3.4805078506469727,0.16231435537338257,0.5457580089569092,43.99115706034899,-199.4184817090988
1777337085.54107,0.05973983183503151,0.7694916725158691,-3.474971294403076,0.1744520217180252,0.5577805042266846,44.08864097013473,-199.10126028985977
1777337085.597852,0.05983540043234825,0.7712405323982239,-3.4693868160247803,0.17762529850006104,0.561250627040863,44.18884329618216,-198.7812931335926
1777337085.597986,0.05977070331573486,0.7728255987167358,-3.463007926940918,0.16571779549121857,0.6449743509292603,44.27966093895435,-198.41580958042144
1777337085.5980318,0.05975625291466713,0.7743018865585327,-3.4576964378356934,0.14712311327457428,0.5295628905296326,44.36424603188038,-198.11148356294632
1777337085.598075,0.05974132567644119,0.7754580974578857,-3.451746702194214,0.12302957475185394,0.6035712957382202,44.43049206032753,-197.77058869957924
1777337085.598756,0.059764374047517776,0.7764669060707092,-3.445944309234619,0.09380777180194855,0.5730044841766357,44.48829255684614,-197.43813595304488
1777337085.598808,0.059759415686130524,0.7768523097038269,-3.440765142440796,0.054444290697574615,0.5324702262878418,44.51037456632852,-197.14139144825936
1777337085.655351,0.059759415686130524,0.7768523097038269,-3.4350125789642334,0.006354872602969408,0.5830240249633789,44.51037456632852,-196.81179372181893
1777337085.655443,0.05991251766681671,0.7764319181442261,-3.4296793937683105,-0.04605312645435333,0.5293129682540894,44.48628789560795,-196.50622460947037
1777337085.655489,0.05992189049720764,0.7753410935401917,-3.4240593910217285,-0.11596229672431946,0.5520155429840088,44.42378822726011,-196.18422205610275
1777337085.656192,0.060166385024785995,0.7734789252281189,-3.4182515144348145,-0.19246290624141693,0.5751245021820068,44.31709380408525,-195.85145512075425
1777337085.656245,0.06049790978431702,0.7708802819252014,-3.4122214317321777,-0.26042693853378296,0.6021988391876221,44.16820245712996,-195.50595670824052
1777337085.656288,0.06067388877272606,0.767892599105835,-3.4065797328948975,-0.3130311369895935,0.5497716069221497,43.9970207798481,-195.18271105999946
1777337085.71255,0.06085437908768654,0.7645195126533508,-3.4003655910491943,-0.3490385115146637,0.6094985008239746,43.80375709308386,-194.82666683163643
1777337085.71265,0.0612264983355999,0.7609072923660278,-3.3934311866760254,-0.37190940976142883,0.6824691295623779,43.596792041945456,-194.4293545855522
1777337085.713383,0.061378803104162216,0.7570709586143494,-3.386721134185791,-0.3926922082901001,0.6616913080215454,43.37698623057604,-194.04489676008225
1777337085.713439,0.06167171895503998,0.7531033158302307,-3.3801417350769043,-0.4136630892753601,0.6407102942466736,43.14965696314573,-193.6679248246193
1777337085.713482,0.0618230476975441,0.7491061687469482,-3.3735930919647217,-0.4034748673439026,0.6508609652519226,42.92063722329139,-193.2927150785923
1777337085.713523,0.06211632862687111,0.7422038316726685,-3.3699488639831543,-0.37620261311531067,0.6782549619674683,42.52516229875088,-193.083916121006
1777337085.769854,0.06236673519015312,0.7390878796577454,-3.3634769916534424,-0.3444782793521881,0.6140106916427612,42.34663133529425,-192.7131050183773
1777337085.770636,0.06239459291100502,0.7364563941955566,-3.3565211296081543,-0.3160231113433838,0.6426816582679749,42.19585827054978,-192.3145633378029
1777337085.7706938,0.0625259205698967,0.7339984178543091,-3.3503503799438477,-0.2810456454753876,0.581774115562439,42.05502654969692,-191.9610052991867
1777337085.7707388,0.06239047273993492,0.7334240078926086,-3.3422958850860596,-0.24277789890766144,0.62002032995224,42.02211527141333,-191.49951657271384
1777337085.770781,0.06236371770501137,0.7327994108200073,-3.3362083435058594,-0.20200619101524353,0.4690220057964325,41.986328482460976,-191.15072600784302
1777337085.770823,0.062377363443374634,0.7313222885131836,-3.3300161361694336,-0.1660037338733673,0.6007877588272095,41.90169557819367,-190.79593853473662
1777337085.8273861,0.06239137053489685,0.730006754398346,-3.324619770050049,-0.14938269555568695,0.5216790437698364,41.82632099865675,-190.48674942083358
1777337085.827481,0.06237443909049034,0.7286126613616943,-3.3183438777923584,-0.14084815979003906,0.6259335279464722,41.746445322847364,-190.1271671532154
1777337085.827529,0.062257446348667145,0.7272107005119324,-3.3130342960357666,-0.14334698021411896,0.5276167988777161,41.66611885439158,-189.82295041880607
1777337085.8275719,0.06215696781873703,0.7258457541465759,-3.306729316711426,-0.1393827646970749,0.6275714635848999,41.587913160431384,-189.4617015844345
1777337085.827615,0.06203973665833473,0.7244438529014587,-3.301419258117676,-0.14710687100887299,0.5238878130912781,41.5075901070714,-189.15745752925872
1777337085.828328,0.06189193204045296,0.7231251001358032,-3.2950682640075684,-0.14814457297325134,0.6186562776565552,41.43203111236095,-188.79357224092485
1777337085.88208,0.06181740388274193,0.7222232222557068,-3.2892589569091797,-0.12770824134349823,0.5432413816452026,41.380357297718525,-188.46072334327698
1777337085.882177,0.06161259859800339,0.7217200398445129,-3.2820918560028076,-0.09284450858831406,0.674157440662384,41.351527058923246,-188.05007856316567
1777337085.929678,0.06145082414150238,0.7217166423797607,-3.2763431072235107,-0.05454801768064499,0.5205456018447876,41.3513323984623,-187.72069940285684
1777337085.929773,0.061345424503088,0.7220934629440308,-3.269254684448242,-0.009631616994738579,0.6615166664123535,41.372922634148594,-187.3145625492096
1777337085.930518,0.06125841662287712,0.722991943359375,-3.262603759765625,0.039388787001371384,0.6144582033157349,41.42440178833008,-186.9334924987793
1777337085.9305751,0.06111360341310501,0.7242209315299988,-3.2565810680389404,0.08554408699274063,0.5648006796836853,41.4948176487565,-186.58841755814552
1777337085.93062,0.06081242859363556,0.7274451851844788,-3.2485625743865967,0.13160404562950134,0.611016035079956,41.67955384129286,-186.12899154953956
1777337085.9306612,0.06051128730177879,0.7306693196296692,-3.240544557571411,0.20279467105865479,0.6820151805877686,41.8642832036376,-185.66959286170007
1777337085.984651,0.06060327589511871,0.732803463935852,-3.235534191131592,0.22383764386177063,0.5113629102706909,41.986560708975794,-185.38251990823747
1777337085.9854348,0.06053442507982254,0.7350956797599792,-3.2294068336486816,0.23587527871131897,0.61930912733078,42.117895048391816,-185.03144805936813
1777337085.985494,0.060512423515319824,0.7373420596122742,-3.223325490951538,0.23701393604278564,0.6205006241798401,42.24660317913294,-184.68301266446113
1777337085.985541,0.06055281683802605,0.7395842671394348,-3.2172484397888184,0.2228674441576004,0.6063637137413025,42.37507225316763,-184.3348231564522
1777337085.985584,0.06061883270740509,0.7414164543151855,-3.2106223106384277,0.1934996098279953,0.6728039979934692,42.48004888315201,-183.95517378587724
1777337085.985625,0.06052326038479805,0.7430840134620667,-3.2051191329956055,0.1674053966999054,0.550676167011261,42.575593018519875,-183.6398648202896
1777337086.041474,0.06046342849731445,0.7442840337753296,-3.199125289916992,0.1291244924068451,0.6086927056312561,42.64434914238453,-183.296442786026
1777337086.041564,0.060538068413734436,0.7451850771903992,-3.1934306621551514,0.09075111895799637,0.5699717998504639,42.69597514568567,-182.97016453270913
1777337086.04161,0.06061175465583801,0.7457641959190369,-3.187098741531372,0.05696965381503105,0.6322498321533203,42.72915621653795,-182.6073720750332
1777337086.041652,0.060607247054576874,0.7461491227149963,-3.1809616088867188,0.027289720252156258,0.6024935245513916,42.751210905253885,-182.25574015045166
1777337086.041694,0.060607247054576874,0.7461491227149963,-3.1761677265167236,0.009795437566936016,0.48903989791870117,42.751210905253885,-181.9810708249569
1777337086.042392,0.060529470443725586,0.7461159229278564,-3.1704483032226562,-0.012118390761315823,0.5630229115486145,42.74930869688988,-181.65337189178467
1777337086.099214,0.06049731373786926,0.745876669883728,-3.1639761924743652,-0.035074248909950256,0.6358824372291565,42.735600502324104,-181.28254712877273
1777337086.0993102,0.06053260341286659,0.745248019695282,-3.1588523387908936,-0.0691179633140564,0.5061527490615845,42.699581486856935,-180.9889718328953
1777337086.099356,0.06054171174764633,0.744478166103363,-3.1529104709625244,-0.09638930857181549,0.5727420449256897,42.65547210942507,-180.6485277621746
1777337086.099398,0.0606958344578743,0.7433521747589111,-3.147325038909912,-0.12058257311582565,0.5523658394813538,42.59095753455162,-180.32850596437453
1777337086.100201,0.06070888042449951,0.7420364618301392,-3.1419296264648438,-0.1392187625169754,0.5317211747169495,42.51557270972729,-180.01937149200438
1777337086.1002529,0.06083085015416145,0.740670919418335,-3.135624885559082,-0.14547960460186005,0.6193188428878784,42.437332864809036,-179.65813631801606
1777337086.156863,0.06084386631846428,0.739355206489563,-3.129270076751709,-0.13446637988090515,0.6343998908996582,42.3619480399847,-179.29403246355056
1777337086.156953,0.06082049012184143,0.7381847500801086,-3.123729705810547,-0.11801045387983322,0.5529559254646301,42.294885803639886,-178.97659247817992
1777337086.1569998,0.06075071170926094,0.7370598316192627,-3.116225481033325,-0.11482761055231094,0.745349645614624,42.23043270049095,-178.5466319161892
1777337086.157727,0.060842134058475494,0.7359382510185242,-3.1096768379211426,-0.11801530420780182,0.6511355042457581,42.16617084270716,-178.1714221701622
1777337086.157783,0.060855213552713394,0.7346226572990417,-3.1033225059509277,-0.13237062096595764,0.6345643997192383,42.090792848074436,-177.80734563646317
1777337086.157826,0.06075369939208031,0.7332580089569092,-3.0960583686828613,-0.14214849472045898,0.7205419540405273,42.01260422959328,-177.3911410803795
1777337086.215044,0.06095891073346138,0.7318629622459412,-3.089783191680908,-0.1457214057445526,0.6212373971939087,41.932673912251,-177.03159979391097
1777337086.215136,0.06088898330926895,0.7307380437850952,-3.0822792053222656,-0.15117350220680237,0.7115622758865356,41.868220809102056,-176.60165289230346
1777337086.215861,0.061010681092739105,0.7293722033500671,-3.075974941253662,-0.15914036333560944,0.6077563762664795,41.789963888704776,-176.24044503908158
1777337086.216017,0.0609707310795784,0.7280029654502869,-3.069674015045166,-0.1720997542142868,0.5949166417121887,41.71151230784655,-175.87942843122482
1777337086.216068,0.06093606725335121,0.7265721559524536,-3.063434600830078,-0.18761490285396576,0.5792864561080933,41.62953293302059,-175.52193620224
1777337086.2161112,0.06086542457342148,0.7252858877182007,-3.057051181793213,-0.1952180713415146,0.5717552900314331,41.555835165524485,-175.15619310178758
1777337086.273289,0.06110512465238571,0.7234232425689697,-3.0502846240997314,-0.190954327583313,0.6719108819961548,41.44911342158318,-174.76849776549338
1777337086.274077,0.06117791682481766,0.7217801213264465,-3.0452163219451904,-0.1697082668542862,0.5014064908027649,41.354969475495814,-174.47810533890726
1777337086.274339,0.06138208881020546,0.7202231884002686,-3.0391032695770264,-0.15648825466632843,0.6103318333625793,41.26576375794411,-174.1278531130314
1777337086.2743921,0.061389822512865067,0.7191306352615356,-3.03348445892334,-0.15620790421962738,0.5149068236351013,41.20316505181789,-173.8059188615799
1777337086.331848,0.06167763099074364,0.7175447940826416,-3.027400016784668,-0.15921668708324432,0.6077805161476135,41.11230301280022,-173.45730588169098
1777337086.3319402,0.06182119622826576,0.7159923315048218,-3.023200035095215,-0.16336622834205627,0.41186627745628357,41.02335342743397,-173.2166645708084
1777337086.3326762,0.061995454132556915,0.7145184278488159,-3.0170040130615234,-0.1557890921831131,0.6112081408500671,40.93890493834019,-172.86165853157044
1777337086.33273,0.061992350965738297,0.7138693332672119,-3.010941743850708,-0.1390526443719864,0.532004714012146,40.90171454501152,-172.5143159673214
1777337086.390031,0.06213301792740822,0.7130250334739685,-3.0050742626190186,-0.09628593176603317,0.5748190879821777,40.8533397129178,-172.17813393616677
1777337086.390126,0.06218542158603668,0.7125937938690186,-2.9987940788269043,-0.03404232859611511,0.6369550228118896,40.828631494760515,-171.81830578165054
1777337086.390172,0.06234287470579147,0.7129813432693481,-2.992654323577881,0.03483462706208229,0.6098946332931519,40.85083644769192,-171.46652359285355
1777337086.390881,0.06240588054060936,0.7140032052993774,-2.9868388175964355,0.10297007113695145,0.5822625756263733,40.90938485019207,-171.13331952524186
1777337086.3909361,0.062411047518253326,0.7156786918640137,-2.981328010559082,0.17391030490398407,0.5573441386222839,41.00538319330215,-170.81757342739104
1777337086.3909812,0.06228028982877731,0.7179759740829468,-2.97519588470459,0.23610763251781464,0.6195176839828491,41.1370078158617,-170.46622837085724
1777337086.449974,0.062276288866996765,0.7207440137863159,-2.9695510864257812,0.28737229108810425,0.5749906301498413,41.295604865098,-170.14280513763427
1777337086.4500759,0.06206102669239044,0.7252916693687439,-2.963085651397705,0.3297337293624878,0.5214266777038574,41.55616642981768,-169.77236286535262
1777337086.4508212,0.06192074716091156,0.7286808490753174,-2.956820249557495,0.35700803995132446,0.6445642709732056,41.75035219244957,-169.41338165459632
1777337086.450881,0.06174442544579506,0.7323760390281677,-2.9521663188934326,0.3764458894729614,0.472292423248291,41.962071056950094,-169.14673097405435
1777337086.450926,0.06151507794857025,0.7360175848007202,-2.945648670196533,0.37770065665245056,0.6652857065200806,42.17071633522511,-168.77329707784654
1777337086.450968,0.06136903911828995,0.7396297454833984,-2.941077709197998,0.36848464608192444,0.46434077620506287,42.3776779712677,-168.51140021066666
1777337086.508568,0.061196427792310715,0.7429396510124207,-2.934891700744629,0.3455294370651245,0.6330834627151489,42.56732165647745,-168.15696790752412
1777337086.50933,0.06089337170124054,0.7460021376609802,-2.9299113750457764,0.31370726227760315,0.5054528117179871,42.74278927899599,-167.8716161623478
1777337086.509387,0.060672905296087265,0.7487130165100098,-2.9243242740631104,0.2741885781288147,0.5617664456367493,42.898111251354216,-167.55149874186515
1777337086.509433,0.060525648295879364,0.750810444355011,-2.918391704559326,0.22461704909801483,0.6080988049507141,43.01828505767584,-167.21158742609023
1777337086.5094762,0.06020842120051384,0.7536743879318237,-2.9116926193237305,0.17433330416679382,0.5577529072761536,43.182376996064185,-166.8277579782486
1777337086.509517,0.060120970010757446,0.754250168800354,-2.906322956085205,0.11770422011613846,0.5969966053962708,43.21536682155132,-166.52009882726668
1777337086.566663,0.05999220162630081,0.7543249726295471,-2.900495767593384,0.060744188725948334,0.6359286308288574,43.21965276678801,-166.186225400877
1777337086.566754,0.059840504080057144,0.7533906698226929,-2.8956775665283203,-0.008592435158789158,0.5666400790214539,43.166121140027045,-165.91016271629334
1777337086.5668008,0.05969301611185074,0.7519105672836304,-2.890446186065674,-0.07385459542274475,0.5970925092697144,43.08131748096943,-165.61042658758163
1777337086.566845,0.05962822958827019,0.7502396702766418,-2.8854055404663086,-0.12953807413578033,0.5416005253791809,42.985582100236414,-165.32161876544953
1777337086.566886,0.05948525294661522,0.7483745813369751,-2.8796005249023438,-0.17212994396686554,0.5947476029396057,42.87872033736706,-164.9890157546997
1777337086.5675972,0.05955424904823303,0.7462437152862549,-2.874061346054077,-0.19930309057235718,0.5674833059310913,42.7566306622982,-164.6716440712452
1777337086.625067,0.05949367210268974,0.7440268993377686,-2.8695669174194336,-0.2156289666891098,0.4553109407424927,42.62961641907692,-164.41413218708038
1777337086.625159,0.059594135731458664,0.7418134212493896,-2.864109754562378,-0.22653265297412872,0.5405506491661072,42.50279342122078,-164.1014596754551
1777337086.625205,0.05961679667234421,0.7395669221878052,-2.8586864471435547,-0.2298661172389984,0.5351135730743408,42.37407846028805,-163.79072693824767
1777337086.625248,0.0597490556538105,0.7375930547714233,-2.85299015045166,-0.2298271805047989,0.5386685729026794,42.260984147572515,-163.46435306224822
1777337086.62593,0.05976192280650139,0.7359551191329956,-2.8469576835632324,-0.20678159594535828,0.5601435899734497,42.16713731482029,-163.11871804590226
1777337086.625985,0.05985391139984131,0.7348335385322571,-2.8413684368133545,-0.1642836332321167,0.5046263337135315,42.1028754570365,-162.7984776819706
1777337086.683433,0.05985784903168678,0.7341261506080627,-2.83536434173584,-0.11717585474252701,0.5558062791824341,42.06234510000944,-162.45446825122832
1777337086.683569,0.0598628968000412,0.7339028120040894,-2.828876495361328,-0.06924200057983398,0.6018656492233276,42.0495487360239,-162.08274190292357
1777337086.683616,0.0598628968000412,0.7339028120040894,-2.822165012359619,-0.025181444361805916,0.6432358622550964,42.0495487360239,-161.69820211515426
1777337086.684334,0.0598270408809185,0.7342089414596558,-2.8161063194274902,0.0012459922581911087,0.578522801399231,42.067088668084146,-161.3510644566536
1777337086.684389,0.059775568544864655,0.7346395254135132,-2.809922695159912,0.027270769700407982,0.6025460958480835,42.09175932018757,-160.9967687573433
1777337086.6844318,0.059770941734313965,0.7350242733955383,-2.803785562515259,0.04037010297179222,0.6154395341873169,42.11380376361608,-160.64513683276175
1777337086.741657,0.0597662515938282,0.7354090213775635,-2.7976484298706055,0.04139384999871254,0.6165257692337036,42.1358482070446,-160.29350490818024
1777337086.741763,0.05984492227435112,0.7357643246650696,-2.7915403842926025,0.03816524147987366,0.6133447885513306,42.1562055931449,-159.94353955035209
1777337086.742453,0.05984026566147804,0.7361490726470947,-2.785403251647949,0.03266730159521103,0.6077272891998291,42.17825003657341,-159.59190762577057
1777337086.7425091,0.059840623289346695,0.7363103032112122,-2.779489040374756,0.021715203300118446,0.5970192551612854,42.18748787072897,-159.25304815950395
1777337086.7425542,0.059840623289346695,0.7363103032112122,-2.7737364768981934,-5.749435513280332e-05,0.5750119090080261,42.18748787072897,-158.9234504330635
1777337086.7425978,0.05976192280650139,0.7359551191329956,-2.7673802375793457,-0.036112405359745026,0.6347772479057312,42.16713731482029,-158.55926461629866
1777337086.7998989,0.05984925106167793,0.7352182865142822,-2.7614059448242188,-0.07748091965913773,0.593660295009613,42.12491990046501,-158.21696273345947
1777337086.8006568,0.05985784903168678,0.7341261506080627,-2.755786657333374,-0.11475896090269089,0.5562551021575928,42.06234510000944,-157.89500116124154
1777337086.800715,0.05998566374182701,0.7326985597610474,-2.749544143676758,-0.14540012180805206,0.6215395927429199,41.98055014035702,-157.53733134727477
1777337086.800761,0.060029223561286926,0.7309774160385132,-2.7435951232910156,-0.17257533967494965,0.5942447185516357,41.881935833859444,-157.19647746505737
1777337086.800802,0.060161128640174866,0.7290037870407104,-2.737898826599121,-0.20539426803588867,0.561468780040741,41.76885518152714,-156.87010358905792
1777337086.800844,0.060183193534612656,0.7265960574150085,-2.732635974884033,-0.24889309704303741,0.5179362893104553,41.63090238643885,-156.5685642897606
1777337086.856191,0.06020946428179741,0.7236422896385193,-2.7269608974456787,-0.2905431389808655,0.5721904039382935,41.46166389867067,-156.24340618786812
1777337086.856274,0.060379888862371445,0.7204935550689697,-2.7214810848236084,-0.32351166009902954,0.5390902757644653,41.28125463252068,-155.9294359398365
1777337086.85632,0.06048925220966339,0.717349112033844,-2.7150378227233887,-0.32987573742866516,0.6285653114318848,41.10109125326872,-155.56026408319474
1777337086.896041,0.06062405928969383,0.7145059704780579,-2.7082931995391846,-0.29354044795036316,0.6650443077087402,40.93819118331671,-155.1738255021572
1777337086.896126,0.060502391308546066,0.7122933268547058,-2.700917959213257,-0.22921429574489594,0.7294183373451233,40.811415996801855,-154.7512552074909
1777337086.896863,0.06051552668213844,0.7108163833618164,-2.6947247982025146,-0.14830072224140167,0.6186198592185974,40.72679333782196,-154.39641309285165
1777337086.896917,0.06051976606249809,0.71027010679245,-2.6866421699523926,-0.05635036155581474,0.8063831925392151,40.695493984758855,-153.9333124411583
1777337086.89696,0.060598887503147125,0.7106258869171143,-2.679575204849243,0.03430987894535065,0.705266535282135,40.7158786916256,-153.52840502200127
1777337086.9536588,0.060446467250585556,0.7117513418197632,-2.672697067260742,0.11536905914545059,0.6904242038726807,40.780362530636786,-153.13431662635804
1777337086.9537458,0.06031987443566322,0.713502049446106,-2.665194034576416,0.1854364275932312,0.7605489492416382,40.880670724654195,-152.7044243662834
1777337086.954464,0.0601888932287693,0.7157989144325256,-2.6590616703033447,0.23243816196918488,0.6158958673477173,41.0122714415431,-152.35306564936639
1777337086.954517,0.05999205261468887,0.7183225750923157,-2.652703046798706,0.2607089579105377,0.644080638885498,41.1568665979743,-151.9887432287693
1777337086.954559,0.059969838708639145,0.7208920121192932,-2.64629864692688,0.2671431303024292,0.6505914926528931,41.3040845479846,-151.6217980145931
1777337086.954601,0.059755146503448486,0.7233793139457703,-2.639017343521118,0.25463026762008667,0.7339586019515991,41.44659649597406,-151.20460991091727
1777337087.0119958,0.05978488177061081,0.7255175709724426,-2.6320855617523193,0.22629687190055847,0.7055773735046387,41.569109642922875,-150.80744792904855
1777337087.012747,0.05968847870826721,0.7273467183113098,-2.625462293624878,0.1837535947561264,0.6630339026451111,41.673912103021145,-150.4279624830723
1777337087.012801,0.059674568474292755,0.7286620140075684,-2.618394613265991,0.13968037068843842,0.7148410081863403,41.74927302217483,-150.02301408276557
1777337087.0128481,0.05958738923072815,0.7295601963996887,-2.611743927001953,0.08826526999473572,0.6634210348129272,41.80073510087728,-149.6419576927185
1777337087.0128891,0.05958264321088791,0.7299449443817139,-2.604647397994995,0.03661852702498436,0.7076900005340576,41.8227795443058,-149.23535638604164
1777337087.012929,0.0597277395427227,0.7299113869667053,-2.597010850906372,-0.00825091078877449,0.7586121559143066,41.820856845366954,-148.79781431136132
1777337087.0704792,0.05979336053133011,0.7291996479034424,-2.5910112857818604,-0.0555521585047245,0.6155722737312317,41.780077186346055,-148.4540644279003
1777337087.070577,0.05986814945936203,0.7277184724807739,-2.584822654724121,-0.1079675480723381,0.6590250134468079,41.69521205556393,-148.09948186054228
1777337087.070624,0.06002581864595413,0.7260466814041138,-2.578824043273926,-0.16807949542999268,0.5986877083778381,41.59942544839382,-147.7557866186142
1777337087.070667,0.060301393270492554,0.7237166166305542,-2.571566581726074,-0.23910322785377502,0.7194576263427734,41.465922523140904,-147.3399645532608
1777337087.07071,0.06049710512161255,0.7208693623542786,-2.5638670921325684,-0.3025234341621399,0.7518813014030457,41.30278681157827,-146.8988161374092
1777337087.0714319,0.06085861846804619,0.7176405787467957,-2.556549549102783,-0.33652159571647644,0.7180464267730713,41.11779107176066,-146.47955165548325
1777337087.1291819,0.06114089488983154,0.7142178416252136,-2.5494260787963867,-0.3450838029384613,0.7093260288238525,40.92168261018991,-146.07140672550202
1777337087.1292748,0.06147106736898422,0.7109100818634033,-2.5412282943725586,-0.34063413739204407,0.8096674680709839,40.73216186842918,-145.60170810871125
1777337087.1293209,0.06180097907781601,0.7076020240783691,-2.5330312252044678,-0.3413906395435333,0.8067682981491089,40.54262405118942,-145.13205047307014
1777337087.129364,0.062101099640131,0.7043771743774414,-2.5247509479522705,-0.33253714442253113,0.8199058771133423,40.35785370769501,-144.6576253636837
1777337087.130069,0.06251015514135361,0.7014249563217163,-2.5171566009521484,-0.3037964403629303,0.7507690191268921,40.188704012417794,-144.2225011768341
1777337087.130122,0.0627228245139122,0.6989370584487915,-2.5090980529785156,-0.2555845081806183,0.7956174612045288,40.04615791347027,-143.76078022384644
1777337087.188122,0.06290121376514435,0.6967543363571167,-2.500734329223633,-0.22161659598350525,0.8363845348358154,39.92109710505009,-143.28157398033142
1777337087.188203,0.06318839639425278,0.6948438286781311,-2.4930572509765625,-0.19990913569927216,0.7588674426078796,39.81163303917646,-142.84170964050293
1777337087.188249,0.06344305723905563,0.6937260627746582,-2.485546350479126,-0.177716925740242,0.6815134882926941,39.74758974752426,-142.4113665877819
1777337087.188967,0.06350051611661911,0.6927475929260254,-2.4778952598571777,-0.1514756977558136,0.7149460315704346,39.69152753477096,-141.9729912297249
1777337087.189066,0.06361781060695648,0.6914410591125488,-2.471531867980957,-0.13499830663204193,0.6319942474365234,39.61666863470077,-141.60839560146331
1777337087.18911,0.06351747363805771,0.6900753974914551,-2.464268684387207,-0.13954873383045197,0.7230339050292969,39.53842195959091,-141.19224568691254
1777337087.247029,0.06361401826143265,0.6884080171585083,-2.4573073387145996,-0.1691441386938095,0.6935031414031982,39.44288806951046,-140.79338981752394
1777337087.2471192,0.06360216438770294,0.6864681839942932,-2.4506185054779053,-0.2051427960395813,0.6575238108634949,39.331743776500225,-140.41014776616097
1777337087.247822,0.06361820548772812,0.6841189861297607,-2.4433798789978027,-0.23585379123687744,0.7226351499557495,39.19714460549355,-139.99540487108231
1777337087.2478762,0.06358212977647781,0.6817163825035095,-2.436194896697998,-0.2522072494029999,0.7063297033309937,39.05948550864458,-139.58373556222915
1777337087.247919,0.06359837204217911,0.6793668866157532,-2.4279978275299072,-0.24565263092517853,0.8088049292564392,38.92486926215887,-139.11407792658807
1777337087.247961,0.06360440701246262,0.6754036545753479,-2.4223732948303223,-0.22315926849842072,0.7355931997299194,38.69779271181822,-138.79181582593918
1777337087.305759,0.06358400732278824,0.6742311120033264,-2.4139583110809326,-0.18379130959510803,0.7747936248779297,38.63061094712019,-138.3096726000309
1777337087.3064919,0.06353778392076492,0.6735702753067017,-2.405031204223633,-0.12693749368190765,0.8316710591316223,38.592747779917715,-137.7981868709564
1777337087.306547,0.06331748515367508,0.6735718846321106,-2.3964006900787354,-0.061421386897563934,0.8012905716896057,38.59283998750448,-137.3036946586132
1777337087.306591,0.06309964507818222,0.6740012168884277,-2.388301372528076,-0.006543431896716356,0.7602957487106323,38.61743892259598,-136.83963778009414
1777337087.306633,0.06284838914871216,0.6747350096702576,-2.379897356033325,0.04116194695234299,0.8081207871437073,38.65948216706514,-136.3581229318142
1777337087.306674,0.06264808028936386,0.675745964050293,-2.3721749782562256,0.0796520933508873,0.7505655884742737,38.717405607032774,-135.91566311917305
1777337087.365005,0.06236434727907181,0.6771101355552673,-2.36314058303833,0.10913471132516861,0.8760361075401306,38.79556690474749,-135.39803021764754
1777337087.365095,0.061996351927518845,0.6785014867782593,-2.3550381660461426,0.13323649764060974,0.8042364120483398,38.875285486149785,-134.9337957541466
1777337087.365141,0.0616629421710968,0.6799143552780151,-2.347872734069824,0.14401379227638245,0.7191407680511475,38.9562369171381,-134.52324659671783
1777337087.3651829,0.061294663697481155,0.6811428070068359,-2.339932680130005,0.14616015553474426,0.8173154592514038,39.02662204170227,-134.06831485419272
1777337087.365225,0.06101563945412636,0.6821232438087463,-2.3322408199310303,0.1307075023651123,0.8017551302909851,39.082796952617166,-133.62760357060432
1777337087.365917,0.06071440503001213,0.6825799345970154,-2.3241143226623535,0.09774519503116608,0.8645988702774048,39.10896341668367,-133.1619894083977
1777337087.420956,0.06050092726945877,0.6822998523712158,-2.3167240619659424,0.03861324489116669,0.8056535124778748,39.092915881490704,-132.73855850958824
1777337087.421046,0.06029190123081207,0.6816360950469971,-2.3087587356567383,-0.01737527921795845,0.8455330729484558,39.05488537459374,-132.28217876644135
1777337087.421092,0.060007400810718536,0.6802326440811157,-2.300574779510498,-0.07547228038311005,0.883184552192688,38.97447352874279,-131.8132724518776
1777337087.42114,0.059776823967695236,0.6783968210220337,-2.2918639183044434,-0.13680532574653625,0.9177839756011963,38.86928857791424,-131.31417669038774
1777337087.421848,0.05961112305521965,0.6754634380340576,-2.283292293548584,-0.19342845678329468,0.957055389881134,38.701218052911756,-130.82305859270096
1777337087.478678,0.05944844335317612,0.671983540058136,-2.274308443069458,-0.2579725980758667,0.9881278276443481,38.50183451446295,-130.30832169241904
1777337087.478765,0.05934484675526619,0.6680139303207397,-2.2638964653015137,-0.39142319560050964,1.0463101863861084,38.27439254887104,-129.71175909662247
1777337087.478817,0.059375565499067307,0.6639065742492676,-2.2545809745788574,-0.4284665286540985,0.9134371280670166,38.03905829687118,-129.1780206032753
1777337087.4788601,0.05926898494362831,0.6594468951225281,-2.2446587085723877,-0.45654377341270447,0.9811055660247803,37.78353741356134,-128.6095164346218
1777337087.4795709,0.05916643515229225,0.6547677516937256,-2.234956741333008,-0.4848726987838745,0.9531005620956421,37.51544214749336,-128.05363446006774
1777337087.479626,0.05922656133770943,0.6499277949333191,-2.2254152297973633,-0.4957890808582306,0.9419205188751221,37.23813295294046,-127.50694592342377
1777337087.537544,0.05922933667898178,0.6451936960220337,-2.2176852226257324,-0.49143919348716736,0.7547473907470703,36.96688896853924,-127.06404897851944
1777337087.537626,0.05912427976727486,0.6403510570526123,-2.2091054916381836,-0.49575066566467285,0.8463640213012695,36.68942609467506,-126.57246642780304
1777337087.5376709,0.059182796627283096,0.6355112791061401,-2.2005224227905273,-0.5045775771141052,0.8376854062080383,36.412127145409585,-126.08069263172149
1777337087.538335,0.05918324366211891,0.63077712059021,-2.1908750534057617,-0.4849715232849121,0.952666163444519,36.14087974591255,-125.52793888492585
1777337087.538387,0.05915312096476555,0.6266740560531616,-2.1815547943115234,-0.4312083423137665,0.9108772277832031,35.90579138081074,-124.99392718391418
1777337087.53843,0.059198856353759766,0.6231454610824585,-2.171660900115967,-0.35904645919799805,0.9828000068664551,35.70361770908833,-124.42704860086441
1777337087.595773,0.0591573603451252,0.6205177307128906,-2.1608660221099854,-0.27707770466804504,1.064893126487732,35.55305979537964,-123.8085474296093
1777337087.5958679,0.059086333960294724,0.6185210347175598,-2.151357650756836,-0.2026899755001068,0.9475926160812378,35.438657500970365,-123.26375768623352
1777337087.596609,0.05898599326610565,0.6171556115150452,-2.1412177085876465,-0.13771368563175201,1.0127078294754028,35.36042448624372,-122.68278158769607
1777337087.596664,0.05890896916389465,0.616416871547699,-2.130450963973999,-0.07530288398265839,1.0751762390136719,35.31809778882265,-122.06589234166145
1777337087.596708,0.05901916325092316,0.6161425709724426,-2.121138095855713,-0.027185551822185516,0.9312317371368408,35.302381517922875,-121.53230411252976
1777337087.59675,0.0588824599981308,0.6163368225097656,-2.111356019973755,0.014371593482792377,0.9712820649147034,35.313511315155026,-120.97183224921227
1777337087.654298,0.058825261890888214,0.6167712211608887,-2.102292776107788,0.047006264328956604,0.9110572338104248,35.33840053339004,-120.4525464413166
1777337087.655064,0.05860476195812225,0.6173199415206909,-2.0931148529052734,0.0580865703523159,0.9209949374198914,35.369839905381205,-119.92668998908997
1777337087.6551218,0.058547619730234146,0.617754340171814,-2.085010528564453,0.047020088881254196,0.8118948340415955,35.394729123616216,-119.4623462425232
1777337087.6551669,0.058326467871665955,0.6181382536888123,-2.0750389099121094,0.03185218200087547,0.9931522607803345,35.416725755703446,-118.89101437454224
1777337087.713103,0.05813579633831978,0.618220329284668,-2.0663280487060547,0.014198110438883305,0.8771042227745056,35.42142834262848,-118.39191861305237
1777337087.713194,0.05797116085886955,0.6182178258895874,-2.0567431449890137,-0.009962447918951511,0.944637656211853,35.42128490860462,-117.84274388666152
1777337087.71389,0.05775207281112671,0.6179386377334595,-2.046475410461426,-0.025336842983961105,1.0338863134384155,35.405288599848745,-117.25444582271575
1777337087.713944,0.05759066343307495,0.6173897385597229,-2.036478042602539,-0.04961254075169563,1.0049529075622559,35.37383898257017,-116.68163863334655
1777337087.713987,0.057433076202869415,0.6164588928222656,-2.0259037017822266,-0.09125224500894547,1.0590016841888428,35.320505431365966,-116.0757733165741
1777337087.7722251,0.05724170058965683,0.6152192950248718,-2.0156378746032715,-0.13168253004550934,1.0186814069747925,35.24948168388605,-115.48758453569413
1777337087.7723641,0.05708647519350052,0.6135773062705994,-2.0048160552978516,-0.1654730588197708,1.0806896686553955,35.15540262461901,-114.86753974113465
1777337087.773091,0.05685002729296684,0.6115785241127014,-1.9924335479736328,-0.20627936720848083,1.2313941717147827,35.04088080185652,-114.15807407798766
1777337087.7731478,0.056642744690179825,0.6091135740280151,-1.9824343919754028,-0.25883546471595764,0.9874446392059326,34.89964951479435,-113.58516443574429
1777337087.773193,0.05654364451766014,0.606044590473175,-1.9711217880249023,-0.3137093782424927,1.1243115663528442,34.72380964683294,-112.9369997423172
1777337087.7732348,0.05644749850034714,0.6025941371917725,-1.9611494541168213,-0.35949936509132385,0.9823373556137085,34.52611316571236,-112.36562689318657
1777337087.830712,0.056441497057676315,0.5980263948440552,-1.9522944688796997,-0.4687930941581726,0.8730100989341736,34.26440071370602,-111.8582734300375
1777337087.831441,0.05642973631620407,0.5935099124908447,-1.9433882236480713,-0.4687920808792114,0.873447060585022,34.00562524409294,-111.34798298449516
1777337087.8314948,0.05641922727227211,0.5882815718650818,-1.9332761764526367,-0.5347170829772949,0.9989322423934937,33.706063285267355,-110.76860515079498
1777337087.831539,0.056458838284015656,0.5833795666694641,-1.9228382110595703,-0.5096454620361328,1.0238651037216187,33.42519897598028,-110.17055357322693
1777337087.831584,0.05657370388507843,0.5788841247558594,-1.9119932651519775,-0.46044281125068665,1.0735516548156738,33.16762903518677,-109.54918372149467
1777337087.889475,0.05674653500318527,0.5751619338989258,-1.9003751277923584,-0.3849778473377228,1.1485565900802612,32.95436313228607,-108.8835132469654
1777337087.890222,0.056911908090114594,0.5722007751464844,-1.8889546394348145,-0.3096701204776764,1.128530502319336,32.78470117263794,-108.22916723012924
1777337087.8902788,0.05715952068567276,0.5697622299194336,-1.8789293766021729,-0.24168838560581207,1.004661202430725,32.64498277301789,-107.65476177592278
1777337087.8903239,0.05723913386464119,0.5680338144302368,-1.8681937456130981,-0.18390728533267975,1.0620613098144531,32.54595182483196,-107.03965520989895
1777337087.8903658,0.057504840195178986,0.5666022896766663,-1.8581202030181885,-0.14660295844078064,1.0038522481918335,32.46393146885634,-106.46248352808952
1777337087.8904068,0.05777103081345558,0.5653365850448608,-1.8488394021987915,-0.13024024665355682,0.924377977848053,32.391411909413335,-105.93073262050152
1777337087.9492102,0.05817929282784462,0.5641579627990723,-1.8394713401794434,-0.11811544001102448,0.936368465423584,32.323881804943085,-105.39398201265335
1777337087.949302,0.05850278213620186,0.563168466091156,-1.8299145698547363,-0.10806713253259659,0.9464744329452515,32.26718779946566,-104.846419211483
1777337087.949347,0.05899220332503319,0.5621806979179382,-1.8203558921813965,-0.09682083129882812,0.9575074911117554,32.210592831766604,-104.29874712724686
1777337087.9493902,0.0595395602285862,0.5614692568778992,-1.8095622062683105,-0.07493691891431808,1.0752595663070679,32.169830248224734,-103.68031425790787
1777337087.949431,0.060025669634342194,0.5608614087104797,-1.7986650466918945,-0.05716270953416824,1.0932636260986328,32.1350031011939,-103.05595278224945
1777337087.950131,0.060489341616630554,0.5605049729347229,-1.7875161170959473,-0.044029057025909424,1.1061336994171143,32.1145808282733,-102.41716594190598
1777337088.008538,0.061015281826257706,0.5602112412452698,-1.7763047218322754,-0.032998763024806976,1.1171400547027588,32.09775123614073,-101.77480008115768
1777337088.008631,0.06158384308218956,0.5599602460861206,-1.7650502920150757,-0.028716297820210457,1.1214176416397095,32.08337026770115,-101.12996852123737
1777337088.008679,0.06204747036099434,0.5596038103103638,-1.7539018392562866,-0.035151489078998566,1.1150211095809937,32.062947994780544,-100.49120900166035
1777337088.008723,0.06259582191705704,0.5590583086013794,-1.7419830560684204,-0.05917429178953171,1.1870049238204956,32.03169303796291,-99.808312783885
1777337088.00945,0.06322667747735977,0.5579912066459656,-1.7315447330474854,-0.09956105798482895,1.0509754419326782,31.970552577745913,-99.21024071574212
1777337088.0095072,0.06377603113651276,0.5567331910133362,-1.720339059829712,-0.1401555985212326,1.1062252521514893,31.898473565661906,-98.56820270419121
1777337088.066834,0.06468825042247772,0.5521630644798279,-1.7134037017822266,-0.19558288156986237,0.954723596572876,31.63662450982332,-98.1708358165741
1777337088.066926,0.0652393251657486,0.5486006736755371,-1.7035436630249023,-0.27340972423553467,1.0685036182403564,31.432514478778838,-97.6058970079422
1777337088.066973,0.06568919867277145,0.5445531606674194,-1.6941684484481812,-0.36188241839408875,0.9800883531570435,31.20060898296833,-97.0687365885973
1777337088.067692,0.06605761498212814,0.5403151512145996,-1.6830661296844482,-0.4230376183986664,1.1106116771697998,30.957788840961456,-96.43262035317422
1777337088.067745,0.06633657962083817,0.5364784598350525,-1.6715624332427979,-0.43072816729545593,1.103074550628662,30.7379625390172,-95.7735068625927
1777337088.067789,0.06650939583778381,0.5330832004547119,-1.658658742904663,-0.40227916836738586,1.2276217937469482,30.543428436613084,-95.034179601717
1777337088.123318,0.0665786862373352,0.5304631590843201,-1.6459383964538574,-0.34522369503974915,1.1887325048446655,30.393311070263387,-94.30535717554092
1777337088.1234188,0.0665598139166832,0.5284109115600586,-1.6336092948913574,-0.27398011088371277,1.1636934280395508,30.275725906562805,-93.59895143823624
1777337088.124098,0.06656304001808167,0.5271521210670471,-1.6204864978790283,-0.20490342378616333,1.2330095767974854,30.20360249823332,-92.84707028517722
1777337088.124152,0.06639598309993744,0.5262705087661743,-1.6089040040969849,-0.13840420544147491,1.1076887845993042,30.15308981616497,-92.18344203794003
1777337088.124196,0.06631184369325638,0.52574622631073,-1.5979233980178833,-0.08856991678476334,1.061861515045166,30.123050633454323,-91.55429942815304
1777337088.124238,0.0661700963973999,0.5252793431282043,-1.587843894958496,-0.0538080632686615,0.9989153146743774,30.09630018800497,-90.976786236763
1777337088.181608,0.06594309955835342,0.5250009894371033,-1.577575445175171,-0.037688128650188446,1.0188027620315552,30.08035169059038,-90.38844719166755
1777337088.182366,0.06571485847234726,0.5245556235313416,-1.567474603652954,-0.03888484463095665,1.0156041383743286,30.05483409472704,-89.80971139597892
1777337088.182422,0.0654648169875145,0.5241966247558594,-1.556328296661377,-0.04251062124967575,1.1049851179122925,30.034264972686767,-89.17107481985092
1777337088.182466,0.06529983133077621,0.5236490368843079,-1.5463294982910156,-0.04221291095018387,1.0148099660873413,30.002890487515927,-88.59818566818237
1777337088.182508,0.06515653431415558,0.5230152606964111,-1.534499168395996,-0.05220342427492142,1.1937962770462036,29.966577773809433,-87.92035745258332
1777337088.182549,0.06501324474811554,0.5223815441131592,-1.5226690769195557,-0.06210586056113243,1.1781666278839111,29.930268475198744,-87.24254289736747
1777337088.2376618,0.06482521444559097,0.521753191947937,-1.5108333826065063,-0.0664215162396431,1.1856173276901245,29.89426653521061,-86.56440732314587
1777337088.237737,0.06474090367555618,0.5212289094924927,-1.4979346990585327,-0.056379739195108414,1.2857825756072998,29.864227352499963,-85.82536693031788
1777337088.2377799,0.06466083228588104,0.5204929709434509,-1.4862067699432373,-0.06511317193508148,1.1812052726745605,29.822061164581775,-85.15340584931374
1777337088.2378209,0.06449335068464279,0.5196113586425781,-1.4746246337890625,-0.08011189848184586,1.166175365447998,29.771548482513428,-84.48979809265137
1777337088.2378612,0.06460074335336685,0.5186238288879395,-1.4631479978561401,-0.09860256314277649,1.1474090814590454,29.7149671751976,-83.83223505556583
1777337088.238484,0.06462487578392029,0.5172790288925171,-1.452987551689148,-0.13901743292808533,1.011104702949524,29.63791578361988,-83.25008416407108
1777337088.295821,0.06479653716087341,0.5154765248298645,-1.442326307296753,-0.19566388428211212,1.0504988431930542,29.53463987134695,-82.6392396376133
1777337088.295945,0.06507118046283722,0.5128977298736572,-1.4324408769607544,-0.25456395745277405,0.9914476871490479,29.38688575129509,-82.07284599816799
1777337088.2959921,0.06526366621255875,0.5101287961006165,-1.4217870235443115,-0.29062092304229736,1.0511151552200317,29.2282374756217,-81.46242494359016
1777337088.296035,0.06558007001876831,0.5073667764663696,-1.4101678133010864,-0.2905646562576294,1.1474924087524414,29.06998535106182,-80.7966929973364
1777337088.296746,0.06579484045505524,0.5046787261962891,-1.3975155353546143,-0.2711169719696045,1.262685775756836,28.91597136039734,-80.07177061057091
1777337088.2968,0.06610982120037079,0.5024622678756714,-1.3853503465652466,-0.22728045284748077,1.2104887962341309,28.788977607750894,-79.37475638673305
1777337088.352031,0.06623953580856323,0.5008427500724792,-1.3725886344909668,-0.1717229038476944,1.2663700580596924,28.696186039602757,-78.64356388406753
1777337088.352119,0.06651265174150467,0.4996892213821411,-1.3603191375732422,-0.11829811334609985,1.2239649295806885,28.630093690466882,-77.94057324256897
1777337088.352164,0.06668093055486679,0.4989778697490692,-1.3485666513442993,-0.06995180994272232,1.1762733459472656,28.58933622956872,-77.2672051420927
1777337088.352849,0.06691190600395203,0.49871036410331726,-1.3373289108276367,-0.03049723245203495,1.119998574256897,28.574009279590847,-76.62332980899811
1777337088.352902,0.06712218374013901,0.4987064301967621,-1.325827717781067,-0.008931857533752918,1.14126455783844,28.57378388326764,-75.96435975244046
1777337088.3529441,0.06737070530653,0.49873024225234985,-1.3152573108673096,0.0032598210964351892,1.057916283607483,28.575148214042187,-75.3587198319912
1777337088.409853,0.06753833591938019,0.4987318515777588,-1.3037503957748413,-0.0007803327171131968,1.1493823528289795,28.57524042162895,-74.69942192623616
1777337088.409945,0.06768389791250229,0.49865254759788513,-1.2932833433151245,-0.006528191268444061,1.0479727983474731,28.57069663665891,-74.09970378191471
1777337088.410663,0.06774865090847015,0.49855104088783264,-1.2828385829925537,-0.017017357051372528,1.0373516082763672,28.56488072850108,-73.50126288342476
1777337088.410717,0.06791500747203827,0.49838513135910034,-1.2714991569519043,-0.02031916007399559,1.129860520362854,28.555374809324743,-72.85156139688492
1777337088.410762,0.06814492493867874,0.49795013666152954,-1.2594702243804932,-0.043326444923877716,1.2029845714569092,28.530451440131664,-72.16235408205986
1777337088.4683452,0.06831340491771698,0.49723881483078003,-1.2467589378356934,-0.07386917620897293,1.2681902647018433,28.489695686781406,-71.43405075044632
1777337088.468448,0.0683780163526535,0.4962567687034607,-1.2352769374847412,-0.0936054140329361,1.152693748474121,28.433428568279744,-70.77618035473823
1777337088.4691682,0.06860917061567307,0.4951087236404419,-1.2239609956741333,-0.11353965848684311,1.1325223445892334,28.36765040795803,-70.12782441594601
1777337088.469224,0.0687788724899292,0.4936843514442444,-1.2110037803649902,-0.1431613713502884,1.2948476076126099,28.286039863479136,-69.38543039903641
1777337088.469268,0.06907512992620468,0.4918985962867737,-1.199366807937622,-0.17285539209842682,1.1693166494369507,28.183723593127727,-68.71868075423241
1777337088.46931,0.06903737038373947,0.4899328947067261,-1.1888686418533325,-0.19210019707679749,1.054261326789856,28.071097148537635,-68.11717992990017
1777337088.526997,0.06916322559118271,0.4878097176551819,-1.17852783203125,-0.21105390787124634,1.0352883338928223,27.94944802082777,-67.5246949584961
1777337088.5277162,0.0692506656050682,0.4853147268295288,-1.1676000356674194,-0.24101130664348602,1.1010266542434692,27.806495525479317,-66.89857812359332
1777337088.527772,0.06937822699546814,0.4826461374759674,-1.1558870077133179,-0.27456265687942505,1.1632065773010254,27.653596563595535,-66.22747081654072
1777337088.527817,0.06936212629079819,0.4798806607723236,-1.145229697227478,-0.28434813022613525,1.0577903985977173,27.4951463634789,-65.61685168640614
1777337088.52786,0.0694705992937088,0.477466881275177,-1.1332621574401855,-0.2516977787017822,1.1860476732254028,27.356846936166285,-64.93116192026139
1777337088.527901,0.06957551836967468,0.4754299819469452,-1.1189998388290405,-0.20370349287986755,1.4259648323059082,27.240141159635783,-64.11399096558094
1777337088.585619,0.06957737356424332,0.4740038216114044,-1.1079621315002441,-0.15455059707164764,1.0917176008224487,27.158428162282704,-63.481576694011686
1777337088.5858262,0.06958179175853729,0.4729139804840088,-1.095629334449768,-0.10423767566680908,1.2376207113265991,27.09598484301567,-62.77495922076702
1777337088.5858781,0.0697055384516716,0.4723842740058899,-1.0836949348449707,-0.05750231444835663,1.1887586116790771,27.065634886586665,-62.09116824789047
1777337088.585921,0.06960228830575943,0.4721139371395111,-1.0724600553512573,-0.030031129717826843,1.1204241514205933,27.050145719558,-61.44745683939457
1777337088.585963,0.06960103660821915,0.4719458222389221,-1.0611228942871094,-0.01786254160106182,1.1326907873153687,27.040513441836833,-60.79788512649536
1777337088.586678,0.06960103660821915,0.4719458222389221,-1.0505766868591309,-0.0015346220461651683,1.052834391593933,27.040513441836833,-60.19363173494339
1777337088.6435509,0.06960228830575943,0.4721139371395111,-1.0398619174957275,0.010772841982543468,1.0650867223739624,27.050145719558,-59.5797204524517
1777337088.6436381,0.06968342512845993,0.4721349775791168,-1.0302534103393555,0.012685040012001991,0.971269965171814,27.05135124837756,-59.029193348121645
1777337088.643685,0.06968468427658081,0.4723031222820282,-1.0195386409759521,0.017933862283825874,1.070327639579773,27.06098523364663,-58.41528206562996
1777337088.682858,0.0696001946926117,0.4726589024066925,-1.008636474609375,0.024649130180478096,1.0811691284179688,27.081369940513373,-57.790633721923825
1777337088.683657,0.0696837529540062,0.4730162024497986,-0.9977328181266785,0.03988678753376007,1.0945194959640503,27.10184173232317,-57.165900000822546
1777337088.683726,0.06960046291351318,0.4735400676727295,-0.985703706741333,0.05192013084888458,1.2003775835037231,27.131857009363173,-56.476682440710064
1777337088.6837702,0.06961925327777863,0.4741661250591278,-0.9745311737060547,0.060782816261053085,1.1168795824050903,27.167727468162774,-55.836543222427366
1777337088.6838121,0.0696171373128891,0.4747110903263092,-0.9624811410903931,0.06412484496831894,1.2145224809646606,27.198951689118147,-55.146126963686946
1777337088.6838531,0.06961626559495926,0.4754241704940796,-0.9512215852737427,0.06637436896562576,1.1150155067443848,27.239808187794686,-54.50100170552731
1777337088.739699,0.06972214579582214,0.47603070735931396,-0.9391096830368042,0.06337463110685349,1.220099687576294,27.27456020271778,-53.807040577340125
1777337088.739789,0.06963765621185303,0.4763864576816559,-0.9272487163543701,0.04472406208515167,1.195277452468872,27.29494320203662,-53.12745700249672
1777337088.739836,0.06963891535997391,0.4765544831752777,-0.9155755043029785,0.010674907825887203,1.1607563495635986,27.304570357114077,-52.458630979442596
1777337088.739879,0.06967715173959732,0.4762125611305237,-0.9044122099876404,-0.03462487459182739,1.1155259609222412,27.28497966002226,-51.819021101009845
1777337088.7399218,0.06965827196836472,0.4755864441394806,-0.8935332298278809,-0.07249906659126282,1.0779273509979248,27.24910578612685,-51.19570122957229
1777337088.740652,0.06974099576473236,0.4741814136505127,-0.8824743032455444,-0.13576945662498474,1.1102806329727173,27.168603440237046,-50.562071183896066
1777337088.797806,0.0698719397187233,0.4697095453739166,-0.8735233545303345,-0.20261719822883606,1.139365553855896,26.91238416983485,-50.049219416499135
1777337088.797895,0.06995750218629837,0.46704643964767456,-0.8627637028694153,-0.26067134737968445,1.0815006494522095,26.75979939676523,-49.432736566865444
1777337088.797941,0.07006362080574036,0.4644644856452942,-0.8509641289710999,-0.2806526720523834,1.1570688486099243,26.611864276635647,-48.756670540702345
1777337088.797984,0.07010550796985626,0.4623194932937622,-0.838727593421936,-0.25979331135749817,1.1781798601150513,26.488965223860742,-48.05556844718456
1777337088.798733,0.07006613165140152,0.46073099970817566,-0.825934648513794,-0.2214101105928421,1.2162634134292603,26.39795121307969,-47.322586434316634
1777337088.798784,0.0700642466545105,0.4596812129020691,-0.8145204186439514,-0.16754679381847382,1.0786709785461426,26.33780283819437,-46.66859900254011
1777337088.856313,0.07006631046533585,0.45913657546043396,-0.8026010990142822,-0.10713984072208405,1.1391905546188354,26.306597400265932,-45.98567204890251
1777337088.856405,0.06989786773920059,0.45913517475128174,-0.7901384830474854,-0.05453845113515854,1.1917725801467896,26.306517145514487,-45.27161649699211
1777337088.856452,0.06994232535362244,0.4594982862472534,-0.7792290449142456,-0.0029601757414638996,1.051646113395691,26.32732190916538,-44.646551511597636
1777337088.857204,0.06975404918193817,0.4602968990802765,-0.7688428163528442,0.04408091679215431,1.0028694868087769,26.373079070323705,-44.05146423718929
1777337088.857429,0.06954660266637802,0.4611825942993164,-0.7583693265914917,0.07724866271018982,1.0360010862350464,26.423825686454773,-43.45137726252079
1777337088.8574731,0.06925317645072937,0.46225568652153015,-0.7486673593521118,0.0957551822066307,0.9583162069320679,26.485309363800287,-42.895495287966725
1777337088.9155252,0.06914721429347992,0.46324315667152405,-0.7371335029602051,0.10021514445543289,1.1545171737670898,26.541887256020306,-42.23465375890732
1777337088.915605,0.068940669298172,0.46429702639579773,-0.7274506092071533,0.1032818853855133,0.9661351442337036,26.60226956496835,-41.67986461501121
1777337088.916319,0.06864690035581589,0.4653700292110443,-0.7177488803863525,0.10579667240381241,0.9684320688247681,26.663748119670153,-41.123996300840375
1777337088.9163709,0.06837362796068192,0.4665241837501526,-0.7060481905937195,0.10780378431081772,1.162354826927185,26.72987632731199,-40.453595918619634
1777337088.916414,0.06822847574949265,0.4676855802536011,-0.6952990293502808,0.11996418982744217,1.0785009860992432,26.796419469094275,-39.83771412584782
1777337088.916456,0.06795503199100494,0.4688396453857422,-0.684557318687439,0.12425654381513596,1.0829731225967407,26.862542554092407,-39.22225922005177
1777337088.974062,0.06757501512765884,0.47009989619255066,-0.6727505922317505,0.12087730318307877,1.1751528978347778,26.934749632269146,-38.54578338239193
1777337088.974835,0.06730259954929352,0.47142207622528076,-0.6608819961547852,0.13177810609340668,1.1860800981521606,27.01050499498844,-37.86576267528534
1777337088.974891,0.06700939685106277,0.47266286611557007,-0.6490948796272278,0.13494421541690826,1.1892869472503662,27.08159704438448,-37.190410404145716
1777337089.0308359,0.06662910431623459,0.47392308712005615,-0.6382468938827515,0.12720230221748352,1.085787057876587,27.153802415013313,-36.568866382527354
1777337089.030921,0.06636002659797668,0.4748682379722595,-0.6267552971839905,0.09748568385839462,1.151840329170227,27.207955589210986,-35.91044615639448
1777337089.030967,0.06602159142494202,0.4754098951816559,-0.6156673431396484,0.062155526131391525,1.1166826486587524,27.23899027234912,-35.27515295906067
1777337089.0316732,0.06574800610542297,0.47568267583847046,-0.6048480868339539,0.02192400023341179,1.0762523412704468,27.254619458305836,-34.65525501362085
1777337089.031727,0.06566563993692398,0.47549349069595337,-0.5935320258140564,-0.022988691926002502,1.1275070905685425,27.243779944217206,-34.006892244637015
1777337089.0880609,0.06549772620201111,0.47461098432540894,-0.5838680863380432,-0.0910315215587616,0.9635075330734253,27.193216035711764,-33.45318910120726
1777337089.088149,0.06541765481233597,0.4729960262775421,-0.5730191469192505,-0.16558600962162018,1.0806821584701538,27.100685722392797,-32.83159043805599
1777337089.088211,0.06544074416160583,0.47077053785324097,-0.5627806782722473,-0.22364649176597595,1.0223101377487183,26.973174582731723,-32.244969186151025
1777337089.088885,0.06546257436275482,0.46837687492370605,-0.5507928133010864,-0.25120529532432556,1.1865520477294922,26.836027750253677,-31.558114872336386
1777337089.088939,0.06567289680242538,0.46606600284576416,-0.538722038269043,-0.23923718929290771,1.1987478733062744,26.703624485850334,-30.866510160255434
1777337089.088983,0.0657169446349144,0.46409016847610474,-0.5263164043426514,-0.19977957010269165,1.2380077838897705,26.5904174749732,-30.155719439935684
1777337089.145517,0.06600832939147949,0.46268096566200256,-0.5143029689788818,-0.14376501739025116,1.198032259941101,26.509676072376966,-29.467400050020217
1777337089.145623,0.06619679182767868,0.4618825912475586,-0.5026372671127319,-0.08091645687818527,1.16539466381073,26.463932571601866,-28.799004329037665
1777337089.146348,0.06645096838474274,0.46169665455818176,-0.49035921692848206,-0.019670890644192696,1.226385235786438,26.45327918023467,-28.095523621290923
1777337089.146403,0.06678424775600433,0.4620758593082428,-0.4794335663318634,0.03955810144543648,1.0940181016921997,26.475006019753216,-27.46952972983718
1777337089.146446,0.06710068136453629,0.4628787040710449,-0.4680843949317932,0.08345428109169006,1.1379814147949219,26.521005652713775,-26.81926987513304
1777337089.146488,0.06733223050832748,0.46403738856315613,-0.457337886095047,0.11089339852333069,1.0677382946014404,26.58739340763688,-26.203540054124595
1777337089.202037,0.06775125116109848,0.4651106595993042,-0.44859451055526733,0.11850160360336304,0.8868374228477478,26.64888733026981,-25.702581357872486
1777337089.202793,0.06806376576423645,0.46629011631011963,-0.4368686079978943,0.11414575576782227,1.168843150138855,26.716465246081352,-25.030736390125753
1777337089.20285,0.06846309453248978,0.4674506187438965,-0.42612046003341675,0.11418583244085312,1.0707741975784302,26.782957161426545,-24.41491265398264
1777337089.2028952,0.06879933923482895,0.4683350920677185,-0.41564828157424927,0.10014638304710388,1.0607179403305054,26.833633768093584,-23.81490081142187
1777337089.2029362,0.0692167580127716,0.4692404866218567,-0.4051552414894104,0.08563714474439621,1.0441142320632935,26.885509073388576,-23.21369368532896
1777337089.2029781,0.069760262966156,0.4699527323246002,-0.39389654994010925,0.07347507774829865,1.1229249238967896,26.92631776072383,-22.568617946058513
1777337089.258943,0.07009895890951157,0.47029244899749756,-0.38205164670944214,0.040787823498249054,1.1967394351959229,26.945782099270822,-21.889954739534854
1777337089.2590778,0.07053721696138382,0.4703979790210724,-0.3694821298122406,0.004455497954040766,1.2504804134368896,26.95182852639556,-21.169774213296176
1777337089.259125,0.0710601881146431,0.4701478183269501,-0.35822710394859314,-0.02291911095380783,1.1274269819259644,26.937495369297267,-20.5249085024178
1777337089.259167,0.07160764932632446,0.469602108001709,-0.3463088870048523,-0.040407389402389526,1.2055492401123047,26.906228459644318,-19.842044728052617
1777337089.259209,0.07204723358154297,0.4689944386482239,-0.3344525694847107,-0.0566679984331131,1.189574956893921,26.871411557900906,-19.162727530682087
1777337089.2599192,0.07257166504859924,0.46803104877471924,-0.323910653591156,-0.08404725790023804,1.066282033920288,26.81621336438656,-18.558720026028155
1777337089.315941,0.07301384955644608,0.4668784737586975,-0.3125993609428406,-0.11160384118556976,1.1348140239715576,26.75017565678358,-17.910630464708806
1777337089.316032,0.07354211062192917,0.4655383229255676,-0.3024342656135559,-0.12797248363494873,1.0224946737289429,26.673390642678736,-17.328213195741178
1777337089.3160782,0.07398463040590286,0.4635041654109955,-0.29200437664985657,-0.19772185385227203,1.048433542251587,26.556841960555314,-16.73062436365485
1777337089.316121,0.07434359937906265,0.4611123502254486,-0.2809734642505646,-0.22947265207767487,1.1123640537261963,26.419800996047258,-16.0985994130075
1777337089.316891,0.07487232983112335,0.4588905870914459,-0.2697724997997284,-0.23613660037517548,1.1061025857925415,26.292503299874067,-15.456831194025279
1777337089.3729558,0.07529474794864655,0.45677492022514343,-0.258465439081192,-0.21305562555789948,1.128747582435608,26.171284474235772,-14.808984104508161
1777337089.373045,0.07565244287252426,0.45509597659111023,-0.24576285481452942,-0.17575287818908691,1.262040376663208,26.075088055568933,-14.081179376882314
1777337089.373425,0.07601259648799896,0.45375409722328186,-0.2336820662021637,-0.13498806953430176,1.2069767713546753,25.998204003685714,-13.389000928705931
1777337089.3734689,0.07614260911941528,0.4528803527355194,-0.22209176421165466,-0.09290104359388351,1.1533479690551758,25.948142114263774,-12.724925303918123
1777337089.374206,0.07639505714178085,0.45235779881477356,-0.20919159054756165,-0.051370710134506226,1.2907342910766602,25.918201969331502,-11.985799533694982
1777337089.374259,0.07646260410547256,0.4522581398487091,-0.19778606295585632,-0.014157801866531372,1.1360732316970825,25.912491929143666,-11.332310705906153
1777337089.429621,0.07644377648830414,0.4523456394672394,-0.1871521770954132,0.017893843352794647,1.0722161531448364,25.917505289787055,-10.723033708423376
1777337089.429718,0.07657071948051453,0.45289838314056396,-0.17605292797088623,0.045093316584825516,1.0994539260864258,25.949175180745126,-10.087093350434303
1777337089.4297652,0.07644792646169662,0.45342907309532166,-0.16593459248542786,0.05931907147169113,1.0178918838500977,25.97958148625493,-9.507355224126577
1777337089.430503,0.07638710737228394,0.454067587852478,-0.15570837259292603,0.06003917008638382,1.0187617540359497,26.01616570007801,-8.92143577440977
1777337089.430557,0.07602810859680176,0.45469602942466736,-0.145492285490036,0.07392527908086777,1.0326179265975952,26.052172762709855,-8.336096890980006
1777337089.430601,0.07581978291273117,0.4555823504924774,-0.13501831889152527,0.08381558209657669,1.042460322380066,26.102955237346887,-7.735982595545053
1777337089.486876,0.07546301186084747,0.45654788613319397,-0.12446501851081848,0.09540464729070663,1.0541331768035889,26.158276374310255,-7.131322807592153
1777337089.486967,0.07527466863393784,0.45751509070396423,-0.11391016840934753,0.10540302097797394,1.0640956163406372,26.213693133956195,-6.526574227148294
1777337089.4877,0.07491256296634674,0.45868825912475586,-0.10314935445785522,0.1092873364686966,1.067812204360962,26.280910757160186,-5.9100247831463815
1777337089.487755,0.07457604259252548,0.459734708070755,-0.09155645966529846,0.11117233335971832,1.1657114028930664,26.340867886680364,-5.245800601691007
1777337089.487803,0.07413291186094284,0.46088725328445435,-0.0798574686050415,0.11677074432373047,1.1712307929992676,26.40690388673544,-4.575497549700737
1777337089.487846,0.07368877530097961,0.46187135577201843,-0.06928572058677673,0.10567645728588104,1.0643211603164673,26.463288826042415,-3.969780789595842
1777337089.543496,0.07310181856155396,0.4627267122268677,-0.05788391828536987,0.09218776971101761,1.1465424299240112,26.512297158408163,-3.3165054052948952
1777337089.54431,0.07259497046470642,0.46343448758125305,-0.04662969708442688,0.0698716938495636,1.1244107484817505,26.552849713557958,-2.671685798209906
1777337089.5443661,0.07143799215555191,0.4636717438697815,-0.03584602475166321,0.027262745425105095,1.0817197561264038,26.566443502414227,-2.053826664966345
1777337089.6006138,0.07088815420866013,0.4631349444389343,-0.02583637833595276,-0.012200060300529003,1.042075514793396,26.535687149584295,-1.480315965861082
1777337089.6007092,0.07023552805185318,0.46232810616493225,-0.016096770763397217,-0.047232870012521744,1.0073590278625488,26.489458705204726,-0.9222773583054542
1777337089.600755,0.0696055144071579,0.4610580801963806,-0.006820350885391235,-0.08365977555513382,0.9707739353179932,26.416691551315786,-0.3907774602591991
1777337089.60147,0.06903970241546631,0.4593513607978821,0.0029781460762023926,-0.12856513261795044,1.0215826034545898,26.318903698003293,0.17063526195287704
1777337089.601523,0.0683862641453743,0.45766377449035645,0.012795776128768921,-0.16153544187545776,0.9886985421180725,26.222212090444565,0.7331442299187183
1777337089.601579,0.06765232235193253,0.45612454414367676,0.02276173233985901,-0.1766427457332611,0.9737032651901245,26.134020656347275,1.3041516637980939
1777337089.6576838,0.06693481653928757,0.4550430476665497,0.033185482025146484,-0.15595205128192902,0.9943713545799255,26.072055450493096,1.9013887410163879
1777337089.657771,0.0662148967385292,0.4545062482357025,0.04511263966560364,-0.10654037445783615,1.1396996974945068,26.041299097663163,2.584764779752493
1777337089.6584902,0.06549850106239319,0.45447513461112976,0.05658671259880066,-0.05758943781256676,1.092842936515808,26.03951641765237,3.2421809677183626
1777337089.658544,0.06457410752773285,0.4551611542701721,0.06877794861793518,0.0068567306734621525,1.1572057008743286,26.078822462832928,3.9406875884234904
1777337089.658587,0.06366828083992004,0.4564732015132904,0.07967770099639893,0.07033909857273102,1.0291335582733154,26.153997259265186,4.5651976207494736
1777337089.658628,0.06275883316993713,0.45799294114112854,0.09078511595726013,0.1304778903722763,1.0873794555664062,26.241071957033874,5.201605846863985
1777337089.714593,0.06179121509194374,0.4599110186100006,0.10229083895683289,0.16633568704128265,1.1266367435455322,26.350969740074873,5.860835450702906
1777337089.715347,0.060885488986968994,0.46176788210868835,0.1137353777885437,0.1901373714208603,1.1489049196243286,26.457360219722986,6.516559458696842
1777337089.715402,0.06000085920095444,0.4637065827846527,0.12430298328399658,0.19672758877277374,1.0578312873840332,26.568439625912905,7.1220388696432115
1777337089.715446,0.05916249379515648,0.465462863445282,0.13372939825057983,0.19680184125900269,0.9650059938430786,26.669067131388186,7.662132856285572
1777337089.715487,0.058361902832984924,0.46687790751457214,0.14377334713935852,0.17626447975635529,1.0391550064086914,26.750143213373423,8.237608943027258
1777337089.715528,0.05769209936261177,0.4679226577281952,0.1534470021724701,0.14917989075183868,1.00741446018219,26.810003012663127,8.791868747073412
1777337089.769996,0.05716247484087944,0.46872857213020325,0.16384059190750122,0.08164861053228378,1.0452340841293335,26.8561785230577,9.387377785813808
1777337089.770091,0.05676450580358505,0.469332218170166,0.17403188347816467,0.06770361214876175,1.026348352432251,26.8907649058342,9.971295989388228
1777337089.77014,0.05636660382151604,0.4699358642101288,0.1842232346534729,0.05479049310088158,1.0132015943527222,26.925351288610695,10.555217608058452
1777337089.770182,0.056217294186353683,0.47039300203323364,0.195226788520813,0.04615576192736626,1.1007710695266724,26.95154336589575,11.185675029730797
1777337089.770224,0.056051842868328094,0.47072821855545044,0.2061084508895874,0.03639821708202362,1.0909900665283203,26.970749864709376,11.809148580479622
1777337089.770947,0.05604984238743782,0.4711047112941742,0.21799015998840332,0.03545094653964043,1.1859437227249146,26.992321317368745,12.489920608663558
1777337089.826625,0.05573594942688942,0.47135257720947266,0.2287844568490982,0.03777463734149933,1.09241783618927,27.0065229932785,13.108388482734561
1777337089.826714,0.055652253329753876,0.47170835733413696,0.24064543843269348,0.03903480991721153,1.1895262002944946,27.026907700145244,13.787972911351918
1777337089.826761,0.05575484409928322,0.4718106985092163,0.25129425525665283,0.02818472869694233,1.0825408697128296,27.032771419644355,14.398105390334129
1777337089.826803,0.05604960396885872,0.47178709506988525,0.26277583837509155,0.008391371928155422,1.1588811874389648,27.03141904170513,15.05595188037157
1777337089.8275368,0.056507792323827744,0.47180473804473877,0.27429866790771484,-0.009116041474044323,1.1414055824279785,27.032429910063744,15.716161616706849
1777337089.827591,0.05703346058726311,0.47134461998939514,0.2843850255012512,-0.03734055906534195,1.0170419216156006,27.006067077988387,16.29406754411459
1777337089.8836532,0.05749081075191498,0.4706496000289917,0.294236421585083,-0.0724455937743187,0.9821696877479553,26.9662453533411,16.858511163854597
1777337089.883738,0.05805588141083717,0.4694717824459076,0.30456382036209106,-0.12618276476860046,1.0243099927902222,26.89876135266423,17.450227738702296
1777337089.8837838,0.058595892041921616,0.4677080810070038,0.31430530548095703,-0.18188166618347168,0.9684083461761475,26.797708667761086,18.008373921775817
1777337089.884507,0.05907188728451729,0.4656689167022705,0.32473015785217285,-0.211404949426651,1.034900188446045,26.68087311758995,18.605674178266526
1777337089.884602,0.0595078244805336,0.4636346399784088,0.33611857891082764,-0.20461447536945343,1.1374905109405518,26.564317605274915,19.258182873558997
1777337089.884646,0.05996730178594589,0.46201834082603455,0.3469662666320801,-0.16093343496322632,1.085402250289917,26.47171045230031,19.879709819698334
1777337089.9401119,0.060341015458106995,0.46113401651382446,0.35950469970703125,-0.0985296368598938,1.243375539779663,26.421042383372782,20.59810937347412
1777337089.9401941,0.060593005269765854,0.4607790410518646,0.37161368131637573,-0.0339089073240757,1.2122070789337158,26.400703780299423,21.2919031619668
1777337089.9409301,0.06082690879702568,0.4612235128879547,0.38260459899902344,0.03832238167524338,1.092571496963501,26.426170149725674,21.921636583328247
1777337089.940984,0.06099249795079231,0.4621449410915375,0.39503124356269836,0.09740737080574036,1.2476118803024292,26.47896411579251,22.633631124919653
1777337089.9410272,0.06108088046312332,0.4635510742664337,0.4060250520706177,0.14334435760974884,1.1020874977111816,26.559529640954732,23.263530178427697
1777337089.994282,0.061252325773239136,0.46514570713043213,0.4162485599517822,0.16643275320529938,1.0292365550994873,26.650895406603812,23.849294241285325
1777337089.9943712,0.061357785016298294,0.46684131026268005,0.42849060893058777,0.17849424481391907,1.2330329418182373,26.748046344548463,24.55071223116517
1777337089.99505,0.06136256083846092,0.46860313415527344,0.4388813376426697,0.17943628132343292,1.0421541929244995,26.848991453933717,25.146057345306872
1777337089.995102,0.06129854544997215,0.47012969851493835,0.4490368068218231,0.16186226904392242,1.0246235132217407,26.936457180172205,25.727923076301813
1777337090.050911,0.06138698756694794,0.4715355634689331,0.46003034710884094,0.13577181100845337,1.0945630073547363,27.017007337403296,26.357806761878727
1777337090.050994,0.06132228299975395,0.47234949469566345,0.4713907241821289,0.09086687862873077,1.1453527212142944,27.063642178183795,27.00870865459442
1777337090.051039,0.06140824407339096,0.47287440299987793,0.482462078332901,0.046142276376485825,1.1007863283157349,27.093717219400407,27.64305074774623
1777337090.051764,0.06140824407339096,0.47287440299987793,0.49396729469299316,0.008843299001455307,1.1593064069747925,27.093717219400407,28.3022513232708
1777337090.0518148,0.061323776841163635,0.47251754999160767,0.5051156282424927,-0.028635140508413315,1.1217992305755615,27.073271040809153,28.94100401265621
1777337090.108733,0.06132284924387932,0.47180479764938354,0.5178256034851074,-0.07235797494649887,1.2698155641555786,27.03243332515955,29.66923221216202
1777337090.10883,0.061403945088386536,0.4705680310726166,0.5300115942955017,-0.09992673993110657,1.2421462535858154,26.961571794730425,30.367438304436206
1777337090.1088908,0.06146426126360893,0.46924975514411926,0.5421160459518433,-0.11298476904630661,1.2292231321334839,26.88604012078643,31.060972545647623
1777337090.109592,0.06150558590888977,0.4681553244590759,0.553485631942749,-0.11979784071445465,1.1265051364898682,26.82333383914232,31.71240207066536
1777337090.109646,0.06162672117352486,0.46691325306892395,0.5666250586509705,-0.1287352293729782,1.3093074560165405,26.752168365186453,32.465236035454275
1777337090.1096902,0.061746127903461456,0.46550291776657104,0.5776786804199219,-0.1396462321281433,1.106501817703247,26.671362075769903,33.09856213760376
1777337090.166344,0.06195206940174103,0.4640730023384094,0.588712751865387,-0.14743547141551971,1.0988696813583374,26.589433927381037,33.73076808832884
1777337090.166423,0.062074583023786545,0.46245455741882324,0.5995582342147827,-0.16065262258052826,1.085556149482727,26.49670383095741,34.352168675923345
1777337090.167083,0.06238100677728653,0.4604136049747467,0.6099812984466553,-0.18571721017360687,1.0606191158294678,26.37976582791209,34.94936647953987
1777337090.1671329,0.06268701702356339,0.45837244391441345,0.6204041242599487,-0.2165476679801941,1.029569149017334,26.26281587203145,35.54655062277317
1777337090.167176,0.0630779042840004,0.4561436176300049,0.6315979957580566,-0.2273794561624527,1.1144237518310547,26.135113487005235,36.18791244535446
1777337090.167216,0.06355151534080505,0.454103022813797,0.64298015832901,-0.21075695753097534,1.128403663635254,26.01819597453475,36.840062555587295
1777337090.22392,0.06410983949899673,0.4524189829826355,0.6547188758850098,-0.17798888683319092,1.166943073272705,25.921707565176487,37.51264176893234
1777337090.2246442,0.0645643100142479,0.45100927352905273,0.6667318940162659,-0.13505323231220245,1.2067499160766602,25.8409371342659,38.200937253177166
1777337090.224698,0.0651070773601532,0.45029330253601074,0.6784799098968506,-0.08238871395587921,1.161553144454956,25.799915003442763,38.87404922146797
1777337090.2247412,0.06554778665304184,0.45002034306526184,0.690670907497406,-0.02410265803337097,1.2242294549942017,25.78427557219863,39.57254218178988
1777337090.2247832,0.06590140610933304,0.4503105878829956,0.701507568359375,0.036378324031829834,1.091047763824463,25.80090538122654,40.193437335205076
1777337090.224824,0.06624165922403336,0.451193630695343,0.7129371166229248,0.08477088063955307,1.136496901512146,25.851500025594234,40.848302446603775
1777337090.281823,0.06647805869579315,0.45235124230384827,0.7236824035644531,0.12844154238700867,1.0894675254821777,25.91782630879283,41.46396225814819
1777337090.2819269,0.06681954860687256,0.45394718647003174,0.7339072227478027,0.15456712245941162,1.0172851085662842,26.009267206549644,42.04980145311355
1777337090.281973,0.06699249148368835,0.45554232597351074,0.7450900077819824,0.1677965670824051,1.1262766122817993,26.100662000513076,42.69052806787491
1777337090.282016,0.06714656203985214,0.4572244882583618,0.755401074886322,0.1734888106584549,1.0361175537109375,26.197042834353446,43.28130890647173
1777337090.282058,0.06725283712148666,0.45892006158828735,0.766684353351593,0.17098551988601685,1.1295883655548096,26.294192064750195,43.9277933727622
1777337090.282818,0.06727607548236847,0.4604272246360779,0.777779221534729,0.16328857839107513,1.121768593788147,26.380546177303792,44.563482721209525
1777337090.3392441,0.06728324294090271,0.463447242975235,0.7903869152069092,0.16315798461437225,1.1217098236083984,26.55358054406047,45.285850616312025
1777337090.339345,0.0672011598944664,0.46451616287231445,0.8020021915435791,0.14362205564975739,1.1982636451721191,26.614825164699553,45.9513571662426
1777337090.3393931,0.06720253825187683,0.4652290642261505,0.8142203092575073,0.11050181090831757,1.2610234022140503,26.655671418088673,46.651403995156286
1777337090.339436,0.06709828972816467,0.46550384163856506,0.8260003328323364,0.07116542011499405,1.22162663936615,26.671415009754895,47.32634986989498
1777337090.340136,0.06701519340276718,0.46531519293785095,0.838275671005249,0.02670244500041008,1.2726961374282837,26.660606231528522,48.02967519078255
1777337090.3401878,0.06684553623199463,0.4646012485027313,0.8500257134437561,-0.017291497439146042,1.2290788888931274,26.619700213962794,48.70290327233076
1777337090.3943338,0.06677836179733276,0.46344444155693054,0.8622915744781494,-0.06644377112388611,1.2757923603057861,26.553420034557583,49.40568559298515
1777337090.394416,0.06668896228075027,0.4614933431148529,0.8737632632255554,-0.12458288669586182,1.2176928520202637,26.44163028843999,50.06296517711878
1777337090.394461,0.06658101826906204,0.4590848684310913,0.8847775459289551,-0.1663588285446167,1.1758131980895996,26.30363480465412,50.69403731603622
1777337090.39517,0.06650718301534653,0.4561654031276703,0.8952807784080505,-0.21253031492233276,1.129608154296875,26.136361704522372,51.295828423511985
1777337090.395222,0.06660360097885132,0.4528709053993225,0.9063677787780762,-0.2695787847042084,1.168430209159851,25.947600821578504,51.931066979312895
1777337090.395265,0.06663113832473755,0.4495081603527069,0.9173865914344788,-0.321180135011673,1.1165413856506348,25.754929653936625,52.56239866551161
1777337090.448504,0.06672696024179459,0.4462136924266815,0.9294323921203613,-0.34601831436157227,1.1875838041305542,25.56617047854066,53.2525724524498
1777337090.448592,0.06698914617300034,0.44329550862312317,0.9428132772445679,-0.33617445826530457,1.2935724258422852,25.39897080296874,54.01924097034931
1777337090.4493608,0.06718754023313522,0.44081470370292664,0.9556727409362793,-0.30211231112480164,1.2317198514938354,25.256831100422144,54.75603423013687
1777337090.449413,0.06750249117612839,0.43876516819000244,0.9689635038375854,-0.26044803857803345,1.2735464572906494,25.139401323580742,55.51753912317753
1777337090.449457,0.0678352490067482,0.43717241287231445,0.9817522168159485,-0.21203553676605225,1.2261112928390503,25.048143133449553,56.25027866424322
1777337090.449499,0.0681857019662857,0.4360361397266388,0.9930799007415771,-0.16457544267177582,1.0815739631652832,24.98303945454955,56.899307376909256
1777337090.502551,0.06852012127637863,0.43515607714653015,1.0046638250350952,-0.11856898665428162,1.1277613639831543,24.932615564972163,57.56301758644581
1777337090.503289,0.06894335895776749,0.434970498085022,1.0159833431243896,-0.08052623271942139,1.0697047710418701,24.9219826641798,58.21157843098641
1777337090.557085,0.06938217580318451,0.4350726008415222,1.0275907516479492,-0.001963607966899872,1.1483368873596191,24.927832723295687,58.87663418827057
1777337090.5571818,0.06980684399604797,0.4355998933315277,1.0386645793914795,0.03744548559188843,1.0918264389038086,24.958044368344545,59.51111800789833
1777337090.557229,0.07023104280233383,0.4366711974143982,1.0502822399139404,0.08132687211036682,1.135596513748169,25.019425592815875,60.17676116166115
1777337090.5572731,0.07063894718885422,0.43799886107444763,1.062156319618225,0.12821142375469208,1.182539701461792,25.095495144349336,60.8570960575819
1777337090.557987,0.07106233388185501,0.43961450457572937,1.0743184089660645,0.16545067727565765,1.2198580503463745,25.188064731270075,61.55393269643783
1777337090.558042,0.07123721390962601,0.44137880206108093,1.0866291522979736,0.18415598571300507,1.2385106086730957,25.28915156713128,62.25928658423424
1777337090.613922,0.07149515300989151,0.4433312714099884,1.0991281270980835,0.19412335753440857,1.2485570907592773,25.401019860452415,62.97542534458637
1777337090.6140091,0.0716838389635086,0.4452149569988251,1.111558198928833,0.19420772790908813,1.248826026916504,25.508947133213283,63.68761625418663
1777337090.614053,0.07175710052251816,0.4468784034252167,1.1237680912017822,0.18331420421600342,1.2379001379013062,25.60425562697053,64.38719179987908
1777337090.614771,0.07186093181371689,0.44840532541275024,1.1358414888381958,0.1460527926683426,1.2006770372390747,25.691741843783856,65.0789467761755
1777337090.614822,0.07182537764310837,0.4492931365966797,1.148234486579895,0.08811290562152863,1.2386027574539185,25.74260969581604,65.78901349618435
1777337090.6148639,0.07180876284837723,0.44954919815063477,1.1599957942962646,0.025698833167552948,1.1751254796981812,25.75728094739914,66.46288703083992
1777337090.671474,0.07151499390602112,0.4490286707878113,1.1719391345977783,-0.04537603259086609,1.2014530897140503,25.72745691572428,67.14719026808739
1777337090.671563,0.07142730057239532,0.4477900564670563,1.1841232776641846,-0.12750244140625,1.2144407033920288,25.656489517325163,67.84529049239158
1777337090.672253,0.07127536833286285,0.44573140144348145,1.195487380027771,-0.21219287812709808,1.1300127506256104,25.538537230825423,68.49640582859516
1777337090.6723058,0.07107808440923691,0.44300413131713867,1.208100438117981,-0.28013190627098083,1.2537857294082642,25.382276107120514,69.21908108232022
1777337090.672349,0.07090488076210022,0.44015148282051086,1.2196292877197266,-0.297822505235672,1.1401865482330322,25.218831329387427,69.8796357433319
1777337090.67239,0.07064587622880936,0.4374862015247345,1.2342218160629272,-0.28177064657211304,1.4390997886657715,25.066121905320884,70.71572632877826
1777337090.729174,0.07047004997730255,0.43500906229019165,1.2480436563491821,-0.2478393018245697,1.3859418630599976,24.924192231166362,71.50765972545148
1777337090.730027,0.07023148983716965,0.4331382215023041,1.2605544328689575,-0.19786888360977173,1.2401819229125977,24.817000911551713,72.22447467477322
1777337090.730093,0.07015933841466904,0.4316432476043701,1.2743996381759644,-0.14738838374614716,1.383226990699768,24.73134518609047,73.01774678900242
1777337090.73014,0.0702437087893486,0.43074342608451843,1.286922574043274,-0.09452332556247711,1.2501025199890137,24.679789192253352,73.73525841786861
1777337090.730185,0.07013747096061707,0.43013620376586914,1.2987793684005737,-0.06269757449626923,1.1837071180343628,24.644997903728484,74.4146029360056
1777337090.730229,0.07021956890821457,0.4296112656593323,1.311677098274231,-0.05350562930107117,1.2860486507415771,24.61492115496397,75.15358868730068
1777337090.788177,0.07037152349948883,0.42915579676628113,1.323685646057129,-0.04884924739599228,1.1996718645095825,24.58882470036149,75.84162803936005
1777337090.788276,0.07045368105173111,0.42863085865974426,1.3356246948242188,-0.05878639221191406,1.1874253749847412,24.558747951596974,76.52568538970947
1777337090.7883232,0.07077306509017944,0.4280073046684265,1.34746515750885,-0.06425327807664871,1.1815595626831055,24.523020926821232,77.20409417159557
1777337090.788367,0.07100509107112885,0.42740172147750854,1.3621997833251953,-0.0607704296708107,1.4733332395553589,24.488323553431034,78.04832634544373
1777337090.7884102,0.07125463336706161,0.4267085790634155,1.374929428100586,-0.05694572255015373,1.2849246263504028,24.448609404301642,78.77768152656556
1777337090.789149,0.07148849219083786,0.42627203464508057,1.3898332118988037,-0.03545604273676872,1.4983407258987427,24.423597242617607,79.63160574231148
1777337090.843463,0.07159174978733063,0.4259975552558899,1.4010639190673828,-0.01680697873234749,1.133430004119873,24.407870726430417,80.27507809410095
1777337090.8435562,0.07165832072496414,0.4257292151451111,1.4151771068572998,-0.021337710320949554,1.4164495468139648,24.392495965111255,81.08370447907448
1777337090.843606,0.07165485620498657,0.4253910481929779,1.4292203187942505,-0.03334890678524971,1.4043246507644653,24.373120419055223,81.88832154157161
1777337090.843649,0.07156811654567719,0.42486512660980225,1.4430760145187378,-0.05668972060084343,1.381438970565796,24.342987321209907,82.68219471266269
1777337090.8443809,0.07139631360769272,0.4239823818206787,1.4556158781051636,-0.08749721944332123,1.254729986190796,24.292409752321245,83.40067622873784
1777337090.844434,0.07122699171304703,0.4227251410484314,1.466822624206543,-0.1401650309562683,1.105959177017212,24.220375136482716,84.04277571201324
1777337090.9011798,0.07096900045871735,0.420772910118103,1.4802106618881226,-0.19943943619728088,1.3345814943313599,24.108520503544806,84.8098540414095
1777337090.901278,0.07070748507976532,0.4184825122356415,1.4932606220245361,-0.23784862458705902,1.2957624197006226,23.977290324550868,85.55756194739342
1777337090.901336,0.07044997811317444,0.4159870743751526,1.5070643424987793,-0.24783040583133698,1.3817973136901855,23.834312215983868,86.34845715494156
1777337090.902074,0.07017302513122559,0.413953572511673,1.5213297605514526,-0.2160937786102295,1.4135626554489136,23.71780109991431,87.16580569460392
1777337090.961111,0.06999818980693817,0.41218915581703186,1.5358643531799316,-0.17315632104873657,1.4565410614013672,23.616707433861492,87.99857680692672
1777337090.961218,0.06997513025999069,0.41105639934539795,1.5500718355178833,-0.12367978692054749,1.4101494550704956,23.55180524561405,88.81260587346554
1777337090.9612648,0.06997410953044891,0.41034382581710815,1.5637407302856445,-0.07529247552156448,1.3628603219985962,23.510977775251867,89.59577613430024
1777337090.96133,0.06990569829940796,0.4098995327949524,1.5757606029510498,-0.04135413467884064,1.2046263217926025,23.485521651113032,90.28446435456276
1777337090.9621,0.06997303664684296,0.40963131189346313,1.587956190109253,-0.02802051231265068,1.218235731124878,23.470153719985486,90.98322027726174
1777337090.962157,0.06998803466558456,0.40937429666519165,1.6011219024658203,-0.027849482372403145,1.314221978187561,23.45542782686949,91.73756029930115
1777337090.9622111,0.06988613307476044,0.4091053903102875,1.6142758131027222,-0.030119743198156357,1.3120187520980835,23.440020622140167,92.49122413237095
1777337091.020871,0.0699702575802803,0.40874946117401123,1.626383900642395,-0.0369853638112545,1.2090455293655396,23.419627377533914,93.18496669442654
1777337091.0210161,0.06988335400819778,0.4082235097885132,1.6402393579483032,-0.04191816225647926,1.3960070610046387,23.389492572140693,93.9788262051344
1777337091.021796,0.06996580958366394,0.40769824385643005,1.6540957689285278,-0.05431990325450897,1.3838088512420654,23.359397040349243,94.77274035737514
1777337091.021879,0.06996643543243408,0.4071551263332367,1.6679340600967407,-0.06327774375677109,1.3747552633285522,23.328278687363863,95.56561632049083
1777337091.021924,0.06986124068498611,0.406547486782074,1.682666540145874,-0.06540027260780334,1.4683139324188232,23.293463493168353,96.40972555088997
1777337091.021966,0.07011139392852783,0.4058535695075989,1.6963543891906738,-0.06126762926578522,1.376429796218872,23.253704947793484,97.19398181219101
1777337091.07702,0.07029805332422256,0.4052235186100006,1.7091469764709473,-0.06237916648387909,1.279860019683838,23.217605677574873,97.9269433344841
1777337091.077787,0.070297010242939,0.40451106429100037,1.7218573093414307,-0.06700491160154343,1.2750664949417114,23.176785037404297,98.65519202456474
1777337091.077843,0.06988552957773209,0.40247106552124023,1.733240008354187,-0.0800335556268692,1.2620378732681274,23.059901675891876,99.30737287065983
1777337091.077888,0.06960814446210861,0.40098080039024353,1.7442137002944946,-0.1183571144938469,1.12778639793396,22.974515742999316,99.93611932933331
1777337091.07793,0.06926530599594116,0.3993852138519287,1.7569996118545532,-0.1544685959815979,1.283216953277588,22.883095335817337,100.66869836089612
1777337091.077971,0.06900417804718018,0.397807240486145,1.7698031663894653,-0.1687018871307373,1.2690913677215576,22.792684089446066,101.40228826081753
1777337091.1349251,0.06866282224655151,0.3963814079761505,1.7837176322937012,-0.162000834941864,1.371610164642334,22.710989875119925,102.19952871637345
1777337091.135115,0.0684228241443634,0.395224392414093,1.797900915145874,-0.14441438019275665,1.389529824256897,22.64469774287939,103.01217125401497
1777337091.135165,0.06806465983390808,0.39442917704582214,1.8114871978759766,-0.11150725930929184,1.3261423110961914,22.599135242182015,103.79060819206238
1777337091.1352088,0.06765446811914444,0.3938142955303192,1.8262126445770264,-0.08854512125253677,1.4457178115844727,22.563905113846065,104.63431444115639
1777337091.135252,0.06739937514066696,0.3934573531150818,1.8402371406555176,-0.06169799715280533,1.3761193752288818,22.5434538126111,105.43785916357041
1777337091.135942,0.06699428707361221,0.3933514356613159,1.8535540103912354,-0.034355975687503815,1.3075262308120728,22.537385187363626,106.20085986857414
1777337091.1928608,0.06665336340665817,0.39318081736564636,1.8658473491668701,-0.016831548884510994,1.2294366359710693,22.5276094756186,106.90521654839516
1777337091.192957,0.06633194535970688,0.39326170086860657,1.8783921003341675,-0.004571991972625256,1.2414157390594482,22.53224376062751,107.62397810232639
1777337091.1930041,0.06600883603096008,0.3931730389595032,1.8907675743103027,-0.0006649945862591267,1.242829442024231,22.527163805615903,108.33304078416825
1777337091.2352371,0.06568744033575058,0.39325404167175293,1.9033124446868896,0.004609083756804466,1.2534563541412354,22.53180492081642,109.05180916829109
1777337091.236106,0.06534827500581741,0.3932530879974365,1.916734218597412,0.006794692948460579,1.34876549243927,22.531750279283525,109.82082044191361
1777337091.236174,0.06502695381641388,0.39333415031433105,1.9311968088150024,0.007944590412080288,1.4428329467773438,22.53639480957985,110.64946611850262
1777337091.236219,0.0646878033876419,0.3933332860469818,1.9455775022506714,0.015572936274111271,1.4565716981887817,22.53634529069066,111.47341945345401
1777337091.2362611,0.06453605741262436,0.3934148848056793,1.959081768989563,0.01885443925857544,1.360858678817749,22.54102055684924,112.2471572196722
1777337091.2363021,0.06430037319660187,0.3933098018169403,1.9733582735061646,0.017558928579092026,1.4526978731155396,22.534999742943047,113.0651409671545
1777337091.301377,0.06412722170352936,0.3929702341556549,1.9874000549316406,-0.03701198473572731,1.4036500453948975,22.515543942135572,113.8696760673523
1777337091.3014631,0.0639558956027031,0.39225783944129944,2.000110626220703,-0.06529010087251663,1.2769609689712524,22.474726717060804,114.59793841781617
1777337091.3015082,0.06405032426118851,0.3913056254386902,2.0125808715820312,-0.1036020889878273,1.238558053970337,22.420168854010104,115.31243110198974
1777337091.3015711,0.06408018618822098,0.38987603783607483,2.0245742797851562,-0.1539071500301361,1.1880419254302979,22.338259488648177,115.99960301971436
1777337091.3016121,0.06427402794361115,0.38793790340423584,2.037017583847046,-0.18794135749340057,1.249851942062378,22.227212525868417,116.71255208058358
1777337091.3023272,0.06429965794086456,0.38616904616355896,2.050588846206665,-0.19008761644363403,1.3435497283935547,22.12586443517804,117.49012841448784
1777337091.360449,0.06449657678604126,0.38457024097442627,2.064330577850342,-0.15927228331565857,1.3746838569641113,22.03425961282253,118.27747192239761
1777337091.360539,0.06469357013702393,0.38351351022720337,2.0786139965057373,-0.11319992691278458,1.4205645322799683,21.9737133792758,119.09585182099342
1777337091.360586,0.06496074050664902,0.38290053606033325,2.09334135055542,-0.06303852051496506,1.4709440469741821,21.938592534005643,119.93966735315323
1777337091.360629,0.06524912267923355,0.3827091157436371,2.108489990234375,-0.023325234651565552,1.5104273557662964,21.92762495382428,120.8076207824707
1777337091.361364,0.06543441116809845,0.3826216161251068,2.12278413772583,0.005139819346368313,1.443052887916565,21.922611593180896,121.62661539831161
1777337091.361419,0.06568815559148788,0.38280820846557617,2.137352228164673,0.015473821200430393,1.4533270597457886,21.933302550601958,122.46130579447747
1777337091.42101,0.06582503765821457,0.3828141987323761,2.1507809162139893,0.002544843126088381,1.34438157081604,21.933645767730475,123.23071321921348
1777337091.421113,0.06599292159080505,0.38264474272727966,2.164034366607666,-0.023981718346476555,1.3179339170455933,21.92393665035367,123.9900802622795
1777337091.42116,0.06616250425577164,0.382102906703949,2.1778738498687744,-0.05334137752652168,1.3844399452209473,21.89289172192812,124.78302452731133
1777337091.421916,0.06622529029846191,0.38132551312446594,2.1914780139923096,-0.07091592252254486,1.3672008514404297,21.848350334876777,125.56248599410057
1777337091.4219708,0.06622328609228134,0.38061365485191345,2.206106424331665,-0.0842486321926117,1.4494774341583252,21.807563845664262,126.40063246722221
1777337091.422017,0.06630159914493561,0.37974846363067627,2.220581531524658,-0.08886775374412537,1.4451147317886353,21.7579920224905,127.22999531393052
1777337091.479727,0.06638353317975998,0.3786808252334595,2.2358129024505615,-0.08789873868227005,1.5420429706573486,21.696820826411248,128.10268889622688
1777337091.479817,0.06663531810045242,0.37761351466178894,2.251044750213623,-0.08324004709720612,1.5463995933532715,21.63566841335893,128.9754097992897
1777337091.480586,0.06679947674274445,0.3765622675418854,2.2643749713897705,-0.08792801201343536,1.350021243095398,21.575436368626356,129.739175485754
1777337091.480642,0.06679383665323257,0.3755107522010803,2.277704954147339,-0.09323202818632126,1.3445372581481934,21.515188955962657,130.5029275118351
1777337091.4806871,0.06663341075181961,0.3743710517883301,2.2928643226623535,-0.11424076557159424,1.5155787467956543,21.4498889090538,131.37149565839766
1777337091.5379899,0.06653986126184464,0.3727934956550598,2.3056681156158447,-0.16141442954540253,1.276546835899353,21.359501568353178,132.10509921870232
1777337091.538089,0.06626121699810028,0.37076181173324585,2.3218531608581543,-0.20629440248012543,1.6153329610824585,21.243094612705708,133.03243433389665
1777337091.538843,0.06601244956254959,0.3685545325279236,2.335944890975952,-0.22824938595294952,1.4014478921890259,21.116626784813405,133.83983128437995
1777337091.538899,0.06583085656166077,0.36645105481147766,2.3501405715942383,-0.22161343693733215,1.4077987670898438,20.99610634626746,134.65318416194916
1777337091.538943,0.06546630710363388,0.3646053373813629,2.3655526638031006,-0.189435213804245,1.5363457202911377,20.890354489535092,135.5362323147297
1777337091.5390239,0.06521910429000854,0.363109827041626,2.381314754486084,-0.15220586955547333,1.5732181072235107,20.804668028211594,136.43933391008377
1777337091.596216,0.06496085971593857,0.3620423674583435,2.3965463638305664,-0.1151977926492691,1.514377236366272,20.743507077419757,137.31204115276336
1777337091.5970151,0.06454543769359589,0.36125826835632324,2.411102533340454,-0.07363352179527283,1.4600541591644287,20.698581492090224,138.146048529768
1777337091.5970728,0.06420677900314331,0.360886812210083,2.4241538047790527,-0.0416964627802372,1.3004755973815918,20.677298615026473,138.89383156785965
1777337091.597117,0.0639670342206955,0.36061322689056396,2.4382619857788086,-0.03176172077655792,1.4059356451034546,20.661623325276373,139.70217108478545
1777337091.597159,0.06363758444786072,0.36018502712249756,2.451256275177002,-0.040748823434114456,1.3013561964035034,20.637089277005195,140.44668929128648
1777337091.5972,0.06337939202785492,0.3596591353416443,2.4651122093200684,-0.056009143590927124,1.3818320035934448,20.606957886707782,141.24057612276079
1777337091.657792,0.06322135776281357,0.35885995626449585,2.478694200515747,-0.07469646632671356,1.3632409572601318,20.561168282139302,142.01876717391013
1777337091.657881,0.06286242604255676,0.35806623101234436,2.4932408332824707,-0.08801824599504471,1.445554494857788,20.51569115883708,142.8522281355858
1777337091.657928,0.06278490275144577,0.3571123778820038,2.5085861682891846,-0.09236040711402893,1.5368719100952148,20.461039380651712,143.73145138106347
1777337091.6579719,0.0625135600566864,0.3563034236431122,2.524076461791992,-0.07925231009721756,1.5509169101715088,20.414689700371028,144.61898013954163
1777337091.6580129,0.06243971362709999,0.3556898236274719,2.5388028621673584,-0.06496477872133255,1.4690824747085571,20.379532996594907,145.46274103016853
1777337091.6587641,0.06252159178256989,0.3551640808582306,2.553617477416992,-0.04944542795419693,1.4842039346694946,20.34941014403701,146.3115562625885
1777337091.715192,0.062420930713415146,0.35489627718925476,2.5677311420440674,-0.031150471419095993,1.4068825244903564,20.334066118580104,147.12020996832848
1777337091.715283,0.0624476857483387,0.35455048084259033,2.580808162689209,-0.03374555706977844,1.3081581592559814,20.314253440260888,147.8694683278084
1777337091.7153301,0.06254389882087708,0.3539368808269501,2.594576120376587,-0.06083432585000992,1.3736367225646973,20.279096736484767,148.65831447787284
1777337091.715373,0.06256984919309616,0.35305002331733704,2.6080703735351562,-0.08744049817323685,1.3536306619644165,20.22828352598548,149.4314785079956
1777337091.716108,0.06268134713172913,0.35197779536247253,2.6232974529266357,-0.11567465215921402,1.5140056610107422,20.166849367529153,150.30392620339393
1777337091.716161,0.06268707662820816,0.35066813230514526,2.638286828994751,-0.12754103541374207,1.498457431793213,20.09181117492914,151.16275449671744
1777337091.772544,0.06288082152605057,0.34961098432540894,2.6535286903381348,-0.11684983968734741,1.516603946685791,20.031241035711766,152.03604913587571
1777337091.772626,0.06289013475179672,0.3486417531967163,2.668858528137207,-0.10118386894464493,1.528717041015625,19.975708162808417,152.9143844564438
1777337091.772671,0.06290136277675629,0.34784287214279175,2.6834001541137695,-0.07835867255926132,1.452101469039917,19.929935633718966,153.74755855007172
1777337091.773421,0.06292536854743958,0.34732645750045776,2.6982240676879883,-0.050976723432540894,1.4860917329788208,19.90034724365473,154.59690653743743
1777337091.773474,0.06292334198951721,0.3471561074256897,2.7114760875701904,-0.022303519770503044,1.3195093870162964,19.89058689984083,155.35619161820412
1777337091.773539,0.06292334198951721,0.3471561074256897,2.72489857673645,-0.006902556866407394,1.3349438905715942,19.89058689984083,156.1252438729763
1777337091.829561,0.06283874809741974,0.34697097539901733,2.7381365299224854,-0.0016065663658082485,1.340455174446106,19.879979612267018,156.88372299113274
1777337091.8296509,0.06283874809741974,0.34697097539901733,2.7515594959259033,0.004903494380414486,1.3469315767288208,19.879979612267018,157.65280256667137
1777337091.8304079,0.06285469233989716,0.3470533490180969,2.7660229206085205,-0.0017760565970093012,1.4361612796783447,19.88469927467108,158.48149605460168
1777337091.830467,0.06266850978136063,0.34697115421295166,2.781280994415283,0.007167410105466843,1.5408551692962646,19.879989857554435,159.3557195998192
1777337091.830512,0.06271228194236755,0.34687766432762146,2.796527862548828,0.0024603852070868015,1.5364547967910767,19.874633279782532,160.22930110702515
1777337091.830554,0.0626436322927475,0.3467749357223511,2.8108067512512207,0.003099758643656969,1.4408811330795288,19.868747362160683,161.0474214583397
1777337091.88677,0.06248731166124344,0.3466871976852417,2.826059341430664,0.0032066188286989927,1.5369327068328857,19.863720341134073,161.92133081474304
1777337091.887545,0.06249919533729553,0.3464289605617523,2.8411412239074707,-0.004198076669126749,1.5298347473144531,19.84892443855405,162.78545933675767
1777337091.8876019,0.062426336109638214,0.3459857106208801,2.8550796508789062,-0.014908410608768463,1.4229686260223389,19.823528078591824,163.58407266082764
1777337091.887647,0.062351446598768234,0.3453720808029175,2.8678884506225586,-0.022828033193945885,1.3191860914230347,19.788369667267798,164.31796308917998
1777337091.88769,0.06234624981880188,0.34449082612991333,2.8813889026641846,-0.041219230741262436,1.396909475326538,19.737877475774287,165.0914822892666
1777337091.887732,0.062182407826185226,0.3433515429496765,2.8946311473846436,-0.07172063738107681,1.3663842678070068,19.672601334536076,165.85020729432105
1777337091.944674,0.062018416821956635,0.3422122597694397,2.9078733921051025,-0.09714924544095993,1.3405841588974,19.607325193297864,166.60893229937554
1777337091.944769,0.06177377700805664,0.3412288725376129,2.923189163208008,-0.11120720952749252,1.5185307264328003,19.55098123514056,167.48646165733336
1777337091.9448152,0.06151251122355461,0.3405331075191498,2.937833547592163,-0.09813447296619415,1.4353998899459839,19.511116821795703,168.32552337613106
1777337091.9448588,0.06141000613570213,0.3400953710079193,2.9536948204040527,-0.06854601204395294,1.561273455619812,19.486036358195545,169.23430769090652
1777337091.983062,0.06116839125752449,0.339822918176651,2.9687626361846924,-0.04877866432070732,1.4851919412612915,19.47042595526576,170.09763025031089
1777337091.983903,0.06102737411856651,0.3398177921772003,2.9831390380859375,-0.02599383518099785,1.4119912385940552,19.470132257026435,170.92133769836425
1777337091.983961,0.0608862042427063,0.3398127257823944,2.9975156784057617,-0.009754961356520653,1.4283736944198608,19.469841973882914,171.74505880680084
1777337091.9840052,0.06072939559817314,0.33972516655921936,3.010850667953491,0.0008827855926938355,1.3429639339447021,19.46482519814372,172.50909770092963
1777337091.9840472,0.060772210359573364,0.33963191509246826,3.023221492767334,0.0008899858803488314,1.2473185062408447,19.459482280755044,173.2178940052986
1777337092.039875,0.060801468789577484,0.3396264910697937,3.037597417831421,-0.001391826430335641,1.4366892576217651,19.459171507036686,174.04157413258554
1777337092.0406778,0.06084643676877022,0.33970358967781067,3.0510973930358887,0.012688953429460526,1.3548178672790527,19.463588933461903,174.81506601190566
1777337092.040734,0.060976315289735794,0.33996543288230896,3.064781904220581,0.024668613448739052,1.3664381504058838,19.478591449338197,175.59913102784157
1777337092.040778,0.061025820672512054,0.34038329124450684,3.0795812606811523,0.04216311499476433,1.4802321195602417,19.502532978487015,176.44707199573517
1777337092.04082,0.061056870967149734,0.3409182131290436,3.095456600189209,0.056660883128643036,1.5901570320129395,19.533181755799056,177.3566622731209
1777337092.095938,0.061177946627140045,0.3416086435317993,3.109570026397705,0.06969163566827774,1.4117534160614014,19.572740518069267,178.16530231847764
1777337092.096703,0.06114468351006508,0.34238201379776,3.1247246265411377,0.07998836785554886,1.5181292295455933,19.617051386153697,179.0335972573757
1777337092.096799,0.06114877760410309,0.34309279918670654,3.1398167610168457,0.07692768424749374,1.5149606466293335,19.6577764036417,179.898313175869
1777337092.096843,0.06123832240700722,0.34361833333969116,3.152806282043457,0.055295430123806,1.3012402057647705,19.687887303364278,180.6425581747055
1777337092.096886,0.06116893142461777,0.343886137008667,3.166496992111206,0.02009604126214981,1.3621242046356201,19.703231328821182,181.42697836060523
1777337092.096928,0.061267878860235214,0.3436128795146942,3.1796464920043945,-0.025740599259734154,1.3162972927093506,19.687574822098018,182.1803894765854
1777337092.154391,0.061277344822883606,0.3428141474723816,3.1932296752929688,-0.07715930789709091,1.3609932661056519,19.64181083074808,182.95864882965088
1777337092.154488,0.06136709824204445,0.3418595492839813,3.2076151371002197,-0.10109923779964447,1.4328713417053223,19.587116363865135,183.78287537226677
1777337092.1545339,0.06136056035757065,0.34097838401794434,3.222074031829834,-0.0912870317697525,1.4413809776306152,19.536629295015334,184.6113093129158
1777337092.1545768,0.061270955950021744,0.3404528796672821,3.2378475666046143,-0.05606429651379585,1.5746519565582275,19.50652010284066,185.51506660666465
1777337092.154619,0.061185918748378754,0.3402681052684784,3.2530031204223633,-0.014452903531491756,1.5191198587417603,19.495933305841685,186.38341618709563
1777337092.155469,0.060946039855480194,0.3405363857746124,3.267652988433838,0.022802583873271942,1.4607876539230347,19.51130465206504,187.2227920947075
1777337092.2130518,0.06086530536413193,0.34106239676475525,3.2835192680358887,0.054248567670583725,1.5878978967666626,19.541442872554065,188.13186327753067
1777337092.21315,0.060632478445768356,0.34184175729751587,3.2977211475372314,0.0822300836443901,1.424445390701294,19.58609695776701,188.9455713250637
1777337092.213196,0.060468800365924835,0.34272342920303345,3.3110666275024414,0.08550429344177246,1.3293973207473755,19.636613054931164,189.7102112760544
1777337092.247204,0.06023382768034935,0.3433324098587036,3.3241400718688965,0.06776304543018341,1.3161890506744385,19.67150508878231,190.45926472978593
1777337092.248009,0.06019644811749458,0.3437651991844177,3.3379950523376465,0.0424116812646389,1.3846367597579956,19.69630209943056,191.2530969197273
1777337092.248065,0.0600421205163002,0.3438482880592346,3.3524599075317383,0.01059694029390812,1.4445911645889282,19.701062742984295,192.08187236995698
1777337092.2481081,0.060168083757162094,0.34376949071884155,3.3677213191986084,-0.016453782096505165,1.521631121635437,19.696547986328603,192.95628716053963
1777337092.248151,0.06029646843671799,0.3434908390045166,3.381824254989624,-0.02433955669403076,1.4135016202926636,19.680582413434983,193.7643261490345
1777337092.248192,0.060323696583509445,0.34331509470939636,3.396988868713379,-0.025424420833587646,1.5056228637695312,19.670513003450633,194.633194824028
1777337092.305467,0.06045196205377579,0.3430364429950714,3.4110913276672363,-0.018920032307505608,1.421754240989685,19.654547430557013,195.44120649175645
1777337092.305546,0.06065182387828827,0.3430303633213043,3.427384853363037,-0.007584212347865105,1.6219977140426636,19.65419909078479,196.3747570813179
1777337092.305591,0.06085168942809105,0.34302422404289246,3.442718744277954,-0.008357666432857513,1.5245016813278198,19.65384733591676,197.2533246284008
1777337092.305633,0.06104911118745804,0.3428477346897125,3.4559648036956787,-0.01175773050636053,1.3312970399856567,19.643735237234832,198.01226819958686
1777337092.305674,0.06134512275457382,0.34239789843559265,3.4679794311523438,-0.03923344984650612,1.2069696187973022,19.617961509186028,198.70065589141845
1777337092.306433,0.061792828142642975,0.34169450402259827,3.4797399044036865,-0.0796995759010315,1.166276216506958,19.577659963577986,199.37448161473273
1777337092.36346,0.06216365471482277,0.3403775990009308,3.4947216510772705,-0.13345575332641602,1.4962990283966064,19.50220683683753,200.23287277579308
1777337092.363554,0.06253661215305328,0.33886101841926575,3.5075864791870117,-0.15759418904781342,1.2805466651916504,19.415313139146566,200.96997339420318
1777337092.363601,0.06290429085493088,0.3373734951019287,3.5223982334136963,-0.14629025757312775,1.483349323272705,19.33008430066109,201.81862470202447
1777337092.3982878,0.06334636360406876,0.3363287150859833,3.5376522541046143,-0.10480410605669022,1.5247063636779785,19.270222793823482,202.69261602072714
1777337092.3990579,0.06371349096298218,0.3357812464237213,3.552445650100708,-0.06613323837518692,1.4674488306045532,19.23885513884425,203.54021547904014
1777337092.399114,0.06406489759683609,0.33552107214927673,3.5665664672851562,-0.018818853422999382,1.419082522392273,19.22394824565053,204.34927899627687
1777337092.399158,0.06450948119163513,0.3359568417072296,3.58138370513916,0.034874025732278824,1.4727272987365723,19.248916011089086,205.1982444929123
1777337092.3992,0.0648399069905281,0.3365837633609772,3.5954339504241943,0.07220600545406342,1.4144928455352783,19.284835988777875,206.00326453671454
1777337092.4565408,0.06510603427886963,0.33744940161705017,3.6087632179260254,0.08418761938810349,1.3305684328079224,19.334433425170182,206.76697558164597
1777337092.457341,0.06564108282327652,0.33841079473495483,3.6221885681152344,0.09385380893945694,1.3400166034698486,19.389517212975026,207.53619176101685
1777337092.457398,0.06598981469869614,0.33929064869880676,3.6355323791503906,0.09190183877944946,1.3381195068359375,19.43992914971709,208.30073608932494
1777337092.457442,0.06635177880525589,0.34008240699768066,3.6487882137298584,0.08181630074977875,1.3280963897705078,19.48529357485771,209.06023973622322
1777337092.457485,0.06679899990558624,0.3406887948513031,3.663775682449341,0.06304947286844254,1.500950813293457,19.520037052041292,209.91895874648094
1777337092.457526,0.06725698709487915,0.34103652834892273,3.6785051822662354,0.046481065452098846,1.484322190284729,19.539960720974207,210.76289722208978
1777337092.5155652,0.06771504878997803,0.34138423204421997,3.693234443664551,0.024731887504458427,1.4624652862548828,19.55988268235922,211.60682203731537
1777337092.51565,0.06824234127998352,0.3414643406867981,3.7086548805236816,0.018214931711554527,1.551979422569275,19.564472571122646,212.49034830350877
1777337092.515696,0.06878297030925751,0.34145617485046387,3.723987102508545,0.014799647033214569,1.5483723878860474,19.564004702997206,213.36882022790908
1777337092.515739,0.06932368129491806,0.34144794940948486,3.7383604049682617,0.010720468126237392,1.4488253593444824,19.56353341977596,214.19235009098054
1777337092.515784,0.06984827667474747,0.34135758876800537,3.751692771911621,0.006493654567748308,1.3483973741531372,19.55835613453388,214.95623872089385
1777337092.51652,0.07026603072881699,0.34102967381477356,3.7657461166381836,-0.01172188762575388,1.4263111352920532,19.539567984956502,215.76143634967804
1777337092.574006,0.07067345082759857,0.3405904173851013,3.7787299156188965,-0.04742923751473427,1.294666051864624,19.51440043641329,216.50535349931718
1777337092.5740979,0.07099051028490067,0.3396255075931549,3.7921462059020996,-0.09002124518156052,1.3478801250457764,19.459115157955885,217.27405058412552
1777337092.574145,0.07130500674247742,0.3384901285171509,3.8053927421569824,-0.11371032148599625,1.324010968208313,19.394062705492974,218.03302147607803
1777337092.61291,0.0716223195195198,0.33752527832984924,3.8207266330718994,-0.1080605611205101,1.5213277339935303,19.338780842131378,218.91158902316093
1777337092.613736,0.07193984091281891,0.33656045794487,3.8360610008239746,-0.09807484596967697,1.5318092107772827,19.283500686317684,219.7901838910103
1777337092.613795,0.07230871170759201,0.3350757360458374,3.850874900817871,-0.08141565322875977,1.5481762886047363,19.19843235733509,220.6389581422806
1777337092.6138391,0.0723627358675003,0.3347264230251312,3.86586594581604,-0.06327170878648758,1.4706844091415405,19.178418188363313,221.49788205828668
1777337092.613881,0.07233118265867233,0.3345623314380646,3.881042242050171,-0.0410357229411602,1.4926903247833252,19.16901642960906,222.36742009205818
1777337092.613923,0.07218530774116516,0.33458977937698364,3.895451307296753,-0.014739565551280975,1.4231375455856323,19.170589081227778,223.19299901261329
1777337092.6717398,0.0723302885890007,0.33439645171165466,3.9086806774139404,-0.006074417382478714,1.3357622623443604,19.159512217980623,223.95098635697366
1777337092.6718369,0.07239694893360138,0.33432847261428833,3.9220354557037354,-0.0028049456886947155,1.33903169631958,19.15561730121374,224.71615906291007
1777337092.671883,0.07236551493406296,0.3341643512248993,3.9352939128875732,0.0046538314782083035,1.345595359802246,19.146213834911585,225.47581297402382
1777337092.671926,0.0722518190741539,0.3339861035346985,3.9494972229003906,0.0077184950932860374,1.4464945793151855,19.136000990903376,226.2896029838562
1777337092.671968,0.0720655769109726,0.333904504776001,3.9637973308563232,0.0063963220454752445,1.4445250034332275,19.131325724744798,227.1089391092777
1777337092.672723,0.07188190519809723,0.33399340510368347,3.979226589202881,0.010531196370720863,1.5445640087127686,19.13641934013963,227.99297080965042
1777337092.727463,0.07162901014089584,0.3339798152446747,3.9945530891418457,0.02217690274119377,1.556032419204712,19.13564069829583,228.87111488485337
1777337092.727547,0.07128791511058807,0.3339807689189911,4.009894371032715,0.01865266263484955,1.5524938106536865,19.13569533982873,229.75010590381623
1777337092.727592,0.07095997780561447,0.3338933289051056,4.02418851852417,0.01694403775036335,1.454330325126648,19.130685394281148,230.56910051965713
1777337092.727634,0.07054701447486877,0.3336213231086731,4.0382981300354,0.001407445641234517,1.4402436017990112,19.11510060456991,231.3775219988823
1777337092.728371,0.0703020915389061,0.3331782817840576,4.0512776374816895,-0.019595608115196228,1.3224855661392212,19.089716197443007,232.12119326162338
1777337092.7284281,0.07003634423017502,0.3323119878768921,4.064793109893799,-0.050203997641801834,1.3846962451934814,19.040081194996834,232.8955730658531
1777337092.782776,0.06985607743263245,0.3312605619430542,4.078123092651367,-0.08611796051263809,1.354748249053955,18.979838904976845,233.6593250919342
1777337092.7828639,0.06983088701963425,0.3301263749599457,4.092329025268555,-0.11117331683635712,1.4228739738464355,18.914854754430056,234.47326536598206
1777337092.782909,0.06982634961605072,0.32941561937332153,4.106958866119385,-0.10777360945940018,1.4226864576339722,18.874131444489954,235.31149380140303
1777337092.8412101,0.06998934596776962,0.3289031982421875,4.122745513916016,-0.05365988239645958,1.5798107385635376,18.844771865844727,236.21600241622926
1777337092.8412979,0.07005949318408966,0.32863596081733704,4.138776779174805,-0.021638521924614906,1.6081162691116333,18.829460283797978,237.1345265842438
1777337092.841345,0.0704006776213646,0.3286348283290863,4.153157711029053,0.000592947646509856,1.433301329612732,18.829395396977663,237.9584935795784
1777337092.841388,0.07071612030267715,0.3288106620311737,4.168673515319824,0.014975257217884064,1.5502893924713135,18.839469929605723,238.84748399906158
1777337092.84143,0.07113972306251526,0.3288234770298004,4.183067798614502,0.0017232374520972371,1.4397801160812378,18.84020417520404,239.67221597585677
1777337092.8421671,0.07155123353004456,0.32855528593063354,4.196221828460693,-0.028667308390140533,1.3132221698760986,18.824837951624392,240.4258866391182
1777337092.90012,0.07197318971157074,0.32802802324295044,4.210076808929443,-0.04886705428361893,1.3890337944030762,18.79462801412344,241.2197188290596
1777337092.9002051,0.0724903866648674,0.32742607593536377,4.223855972290039,-0.06845178455114365,1.369329571723938,18.760138961577415,242.00920701713562
1777337092.9002519,0.07289449870586395,0.32664597034454346,4.23841667175293,-0.07672856003046036,1.4572129249572754,18.71544218766689,242.8434739414215
1777337092.900295,0.07340231537818909,0.3259337842464447,4.253044605255127,-0.06857974082231522,1.465275764465332,18.674636915427445,243.6815930937767
1777337092.901033,0.07381177693605423,0.3254951536655426,4.269863128662109,-0.05280224233865738,1.6728135347366333,18.649505225390197,244.64522384719848
1777337092.9010859,0.07412000000476837,0.3251594305038452,4.285827159881592,-0.03303905948996544,1.5967872142791748,18.630269698262214,245.55989578714372
1777337092.9588501,0.07454729825258255,0.3249736726284027,4.301939964294434,-0.019769228994846344,1.609619140625,18.619626552182435,246.483091806221
1777337092.958941,0.07487346976995468,0.3248908519744873,4.3181562423706055,-0.010909130796790123,1.6190156936645508,18.614881276559828,247.41221643161774
1777337092.9589891,0.07520993053913116,0.3245485723018646,4.333154678344727,-0.027112729847431183,1.5068434476852417,18.595270088893177,248.2715638195038
1777337092.9597461,0.07544639706611633,0.32393983006477356,4.346926689147949,-0.06624887883663177,1.3716646432876587,18.560391715425254,249.06064219608308
1777337092.9598012,0.07566654682159424,0.32270902395248413,4.361995220184326,-0.12413781136274338,1.505257487297058,18.489871694576742,249.92400573663713
1777337092.959845,0.0757911205291748,0.3209799826145172,4.376565456390381,-0.17298883199691772,1.4565284252166748,18.390804887884855,250.758819076252
1777337093.0173361,0.07590726763010025,0.3191412687301636,4.391984939575195,-0.1893506497144699,1.5362935066223145,18.285454304909706,251.64229070091247
1777337093.017439,0.07602012902498245,0.3175007998943329,4.407601833343506,-0.17147551476955414,1.5541640520095825,18.19146233058572,252.53707312288284
1777337093.018185,0.07587265968322754,0.31627756357192993,4.425553798675537,-0.1351589858531952,1.782058596611023,18.12137602690458,253.56564533815384
1777337093.01824,0.07581016421318054,0.31523868441581726,4.4417724609375,-0.09913740307092667,1.6264159679412842,18.061852614551782,254.4949065673828
1777337093.018284,0.07566648721694946,0.3147260546684265,4.458518028259277,-0.057841453701257706,1.6680184602737427,18.032481083071232,255.4543572435379
1777337093.0759602,0.07569620013237,0.31438395380973816,4.47351598739624,-0.03475111350417137,1.4991189241409302,18.012880140691994,256.3136773106575
1777337093.0760572,0.07538416981697083,0.3140423893928528,4.4885149002075195,-0.03233011066913605,1.501434326171875,17.993309934175013,257.17305201931
1777337093.076807,0.0751524269580841,0.3135432302951813,4.502397537231445,-0.04924915358424187,1.3887956142425537,17.964710214346646,257.96846881370544
1777337093.0768661,0.07493727654218674,0.3127574026584625,4.516951560974121,-0.07683565467596054,1.4567277431488037,17.919685591238736,258.80235324726107
1777337093.07691,0.07473243772983551,0.3117119371891022,4.532205104827881,-0.10797816514968872,1.5218651294708252,17.85978481079936,259.6763172451973
1777337093.076952,0.07452554255723953,0.310495525598526,4.549205303192139,-0.13252423703670502,1.6885448694229126,17.790089535588027,260.6503572106361
1777337093.1321092,0.07426099479198456,0.30908843874931335,4.5640974044799805,-0.13623401522636414,1.4934055805206299,17.709469368892908,261.5036120676041
1777337093.132892,0.07423969358205795,0.3079540729522705,4.5821380615234375,-0.12530261278152466,1.7920587062835693,17.6444749730587,262.53726594543457
1777337093.1329532,0.07423284649848938,0.3069019317626953,4.598344326019287,-0.10392756760120392,1.6215009689331055,17.584191701889036,263.46581683473585
1777337093.132998,0.07422809302806854,0.30602070689201355,4.613761901855469,-0.08530919253826141,1.5441198348999023,17.53370121794343,264.34917917633055
1777337093.1330402,0.07412274926900864,0.30524158477783203,4.627364635467529,-0.08339168131351471,1.3547250032424927,17.48906079311371,265.12855868082045
1777337093.1330822,0.07420051097869873,0.3043734133243561,4.642795085906982,-0.09215471893548965,1.537233591079712,17.43931821514964,266.0126586831093
1777337093.190985,0.0743766501545906,0.30323225259780884,4.656994342803955,-0.11727825552225113,1.4162561893463135,17.373934498393535,266.82621646642684
1777337093.191073,0.0745505839586258,0.3019200563430786,4.672939777374268,-0.13839936256408691,1.587240219116211,17.298751164221763,267.7398228964806
1777337093.1911192,0.07482487708330154,0.3005059063434601,4.688783645629883,-0.14181771874427795,1.583563208580017,17.21772630867362,268.64761000328065
1777337093.1911628,0.0751718282699585,0.2993644177913666,4.70490026473999,-0.12399210035800934,1.6019541025161743,17.152323808890582,269.57102458848954
1777337093.191248,0.07558941096067429,0.2983244061470032,4.72015905380249,-0.10356593877077103,1.5262703895568848,17.092735509717464,270.44528911485673
1777337093.1919858,0.0759996846318245,0.2977154850959778,4.735848903656006,-0.06921245157718658,1.560583233833313,17.057846890962125,271.34425161409376
1777337093.250089,0.07641220837831497,0.29727768898010254,4.750751495361328,-0.03488834947347641,1.4988377094268799,17.03276301226616,272.1981075279236
1777337093.250168,0.07675442099571228,0.2972772419452667,4.765132427215576,-0.006171712186187506,1.431789517402649,17.032737399047612,273.0220745232582
1777337093.2502139,0.07715331763029099,0.29729628562927246,4.7785749435424805,0.0058896467089653015,1.3480325937271118,17.03382852215767,273.7922742502212
1777337093.2502568,0.07748379558324814,0.2973848581314087,4.793044567108154,0.017153188586235046,1.4549704790115356,17.038903354525566,274.62132290811536
1777337093.2509718,0.077884741127491,0.2975751459598541,4.807615756988525,0.02143210358917713,1.4595612287521362,17.04980604788661,275.45619088926315
1777337093.2510238,0.07829225063323975,0.29773998260498047,4.823121070861816,0.02490207552909851,1.5546516180038452,17.05925049533844,276.34458025188445
1777337093.3084679,0.07852204889059067,0.29793059825897217,4.83865213394165,0.025871718302369118,1.5636720657348633,17.070171971726417,277.23444493589403
1777337093.308557,0.07884060591459274,0.29810842871665955,4.855129241943359,0.028154265135526657,1.6579160690307617,17.08036091006398,278.17851402053833
1777337093.308602,0.07904458045959473,0.2983061373233795,4.870666980743408,0.02762952260673046,1.5584858655929565,17.091688782852888,279.06876119527817
1777337093.3093472,0.07919199764728546,0.2984841465950012,4.886185169219971,0.0242876335978508,1.5610774755477905,17.10188796647787,279.9578882185936
1777337093.3093991,0.07931364327669144,0.29866915941238403,4.900752067565918,0.027008667588233948,1.4649455547332764,17.11248842386007,280.7925103128433
1777337093.309443,0.0792640820145607,0.29885414242744446,4.915318489074707,0.02036629617214203,1.454134225845337,17.123087173694373,281.6271050863266
1777337093.3672261,0.07910969853401184,0.29879871010780334,4.929644584655762,-0.0024029279593378305,1.4397153854370117,17.11991113459468,282.4479301935196
1777337093.36732,0.07896006852388382,0.2985464036464691,4.9437737464904785,-0.028086671605706215,1.4098745584487915,17.105455034047367,283.25747182416916
1777337093.368049,0.0788067951798439,0.2979518175125122,4.957561016082764,-0.0555543452501297,1.3823825120925903,17.0713877458334,284.0474244652748
1777337093.368105,0.0786602795124054,0.29685166478157043,4.97275972366333,-0.06660160422325134,1.5632346868515015,17.008353614991904,284.9182465750694
1777337093.36815,0.07849586009979248,0.29634588956832886,4.988552570343018,-0.057569365948438644,1.5718189477920532,16.979374819529056,285.82311035985947
1777337093.368193,0.07833515107631683,0.2961822748184204,5.004688262939453,-0.0430920347571373,1.5867104530334473,16.97000038154125,286.7476177757263
1777337093.42606,0.07808559387922287,0.29603126645088196,5.02083683013916,-0.02782105840742588,1.6019001007080078,16.961348236316443,287.67286285228727
1777337093.426843,0.07783783972263336,0.2960512638092041,5.036196708679199,-0.013375414535403252,1.5205422639846802,16.962494000959396,288.55291938114163
1777337093.426899,0.07757654786109924,0.29598888754844666,5.049556732177734,-0.0013893102295696735,1.340409517288208,16.958920103198288,289.318392615509
1777337093.426944,0.07724648714065552,0.29599565267562866,5.063945293426514,-0.0002556741237640381,1.4375015497207642,16.959307716572283,290.1427967431068
1777337093.426987,0.07698526978492737,0.2959330379962921,5.078264236450195,-0.005913536064326763,1.4319038391113281,16.955720158427955,290.9632120388031
1777337093.427028,0.07656644284725189,0.2959519624710083,5.091705799102783,-0.006744612008333206,1.3354848623275757,16.956804451346397,291.73335712423324
1777337093.485109,0.076332226395607,0.29605352878570557,5.107147693634033,-0.00391954742372036,1.5301514863967896,16.96262377460003,292.61811282491686
1777337093.4851909,0.07611140608787537,0.2962372303009033,5.121712684631348,0.007644600234925747,1.4454259872436523,16.973149099874497,293.4526256361008
1777337093.485238,0.07590395212173462,0.2965031564235687,5.138278007507324,0.022373612970113754,1.6520131826400757,16.988385549813508,294.40174906253816
1777337093.485281,0.0756225511431694,0.2970348596572876,5.153191089630127,0.03455856814980507,1.4726994037628174,17.018849911952017,295.25620603322983
1777337093.485322,0.07542338222265244,0.29757964611053467,5.169075965881348,0.05046318471431732,1.5841799974441528,17.050063887619974,296.1663427259445
1777337093.486063,0.07525622844696045,0.2980923354625702,5.184929370880127,0.06097288429737091,1.5947850942611694,17.079438834196328,297.07467624807356
1777337093.544022,0.07514570653438568,0.29862460494041443,5.199842929840088,0.061691783368587494,1.4995449781417847,17.109935639744997,297.9291605395317
1777337093.5441122,0.0749894306063652,0.2988773286342621,5.214476585388184,0.05176401510834694,1.4894617795944214,17.124415645962955,298.7676075410843
1777337093.544186,0.07481835782527924,0.29887670278549194,5.227899074554443,0.023841213434934616,1.3656011819839478,17.124379787456988,299.53665979585645
1777337093.544229,0.07490317523479462,0.2983509600162506,5.242713451385498,-0.006912038195878267,1.5268141031265259,17.094256934899093,300.38546136789324
1777337093.545014,0.07472816109657288,0.29783710837364197,5.257540225982666,-0.058391690254211426,1.4751427173614502,17.064815393954515,301.2349732798576
1777337093.545068,0.07473061233758926,0.29729822278022766,5.272341728210449,-0.05333631858229637,1.4804664850234985,17.03393951277137,302.0830371912003
1777337093.60232,0.0747293010354042,0.2971271276473999,5.289428234100342,-0.019622325897216797,1.7057585716247559,17.024136480259894,303.06202221536637
1777337093.602413,0.0747293010354042,0.2971271276473999,5.30380916595459,0.009860463440418243,1.447522521018982,17.024136480259894,303.885989210701
1777337093.602459,0.07481423765420914,0.2974824011325836,5.31950569152832,0.03753923624753952,1.5713990926742554,17.044492158812286,304.78533420066833
1777337093.603173,0.07473079115152359,0.2981792688369751,5.334583282470703,0.06471449136734009,1.5025560855865479,17.084419751429557,305.6492168357849
1777337093.603227,0.07474322617053986,0.29897159337997437,5.348798751831055,0.08675826340913773,1.4287863969802856,17.129816619980335,306.46370352516175
1777337093.660358,0.07474848628044128,0.29965585470199585,5.361947059631348,0.07471062242984772,1.3210840225219727,17.169021919834613,307.21704633922576
1777337093.6604428,0.07473377883434296,0.30028364062309265,5.3750386238098145,0.05761156976222992,1.3037358522415161,17.204991416412593,307.96713798208236
1777337093.6604888,0.07471053302288055,0.30063217878341675,5.388810157775879,0.0335831381380558,1.3754101991653442,17.224961189138888,308.7561890378952
1777337093.661234,0.07469815760850906,0.3007209300994873,5.401362419128418,0.012760277837514877,1.2587122917175293,17.230046266794204,309.47538089389803
1777337093.661288,0.07467227429151535,0.30072736740112305,5.415750026702881,-0.0014690617099404335,1.4363365173339844,17.230415097141265,310.2997303799629
1777337093.661333,0.07458357512950897,0.30073997378349304,5.431103229522705,0.008318564854562283,1.541670799255371,17.231137389904262,311.179404418087
1777337093.718923,0.07458483427762985,0.300911009311676,5.4466142654418945,0.022348256781697273,1.5560266971588135,17.24093700731993,312.0681216299057
1777337093.719018,0.07456265389919281,0.3014305531978607,5.462474346160889,0.048785775899887085,1.5827802419662476,17.270704689913988,312.976837642765
1777337093.719794,0.07454899698495865,0.3022294044494629,5.477654933929443,0.08187493681907654,1.5199916362762451,17.316475511455536,313.8466215634346
1777337093.719848,0.0744415894150734,0.30327457189559937,5.492122650146484,0.1058429628610611,1.4478905200958252,17.37635921641588,314.67556093826295
1777337093.719892,0.0744302049279213,0.3044154644012451,5.505727767944336,0.11750005930662155,1.3638423681259155,17.44172756524086,315.4550770465851
1777337093.777645,0.07444500178098679,0.3055499196052551,5.519326686859131,0.1162533313035965,1.3624564409255981,17.506727083718776,316.2342379849434
1777337093.777736,0.07444485276937485,0.3064311146736145,5.53363037109375,0.08866764605045319,1.4308158159255981,17.557215860116482,317.05377901611325
1777337093.778486,0.07435991615056992,0.30695682764053345,5.547578811645508,0.053581301122903824,1.3954418897628784,17.587337005126475,317.8529660762787
1777337093.778541,0.07435991615056992,0.30695682764053345,5.561001300811768,0.01194622740149498,1.350547432899475,17.587337005126475,318.62201833105087
1777337093.7785852,0.07435991615056992,0.30695682764053345,5.575382232666016,-0.00939928088337183,1.4317563772201538,17.587337005126475,319.4459853263855
1777337093.778626,0.07435991615056992,0.30695682764053345,5.590722560882568,-0.011454367078840733,1.522463321685791,17.587337005126475,320.32492170381545
1777337093.778667,0.07435991615056992,0.30695682764053345,5.606062889099121,-0.002776830457150936,1.5273922681808472,17.587337005126475,321.2038580812454
1777337093.834162,0.07447114586830139,0.3073059320449829,5.62079381942749,0.04718594253063202,1.488400936126709,17.607339221262933,322.0478785191536
1777337093.834251,0.07438872754573822,0.30817359685897827,5.636043071746826,0.07689854502677917,1.5149675607681274,17.657052770912646,322.9215966301918
1777337093.8342972,0.07457353919744492,0.30913785099983215,5.650430202484131,0.10450154542922974,1.4417500495910645,17.712300483316184,323.74591879549024
1777337093.834342,0.07456199824810028,0.3102787733078003,5.664035320281982,0.11268115043640137,1.3636205196380615,17.777670539689066,324.5254349038124
1777337093.885281,0.07474680989980698,0.31124311685562134,5.676505088806152,0.09826838225126266,1.2485699653625488,17.83292337473631,325.2399002672195
1777337093.886131,0.07491638511419296,0.3119542896747589,5.689680576324463,0.08174598962068558,1.3277456760406494,17.87367059034705,325.9948003649712
1777337093.886188,0.07517454773187637,0.31265249848365784,5.7028422355651855,0.062131933867931366,1.308457612991333,17.913675022619962,326.7489081604958
1777337093.8862321,0.07543019950389862,0.31300896406173706,5.715662002563477,0.038314152508974075,1.2843284606933594,17.934099003088473,327.48342696647643
1777337093.886275,0.07576033473014832,0.31327012181282043,5.72934627532959,0.019819799810647964,1.3617140054702759,17.949062245362995,328.2674783220291
1777337093.944727,0.07608803361654282,0.3131895363330841,5.74364709854126,0.004941323772072792,1.4429384469985962,17.94444503583312,329.0868554286003
1777337093.945518,0.0762447714805603,0.3131081759929657,5.75890588760376,-0.000880502921063453,1.532692313194275,17.939783430057766,329.9611199549675
1777337093.945578,0.07675743848085403,0.3131106495857239,5.772331714630127,0.008210227824747562,1.3505067825317383,17.939925156533718,330.73036345510485
1777337093.945622,0.07716978341341019,0.3133859634399414,5.787947177886963,0.025057760998606682,1.5589371919631958,17.955699484062194,331.62506391477586
1777337093.945664,0.07758327573537827,0.31383219361305237,5.802774429321289,0.04251544177532196,1.4802131652832031,17.981266598814727,332.47460314750674
1777337094.002086,0.07808544486761093,0.3142654597759247,5.815671920776367,0.05369922146201134,1.2999335527420044,18.006090930229426,333.21357523841857
1777337094.002909,0.0785951092839241,0.3148080110549927,5.828678131103516,0.05828791856765747,1.3046448230743408,18.037176839804648,333.9587764640808
1777337094.0029702,0.07900843769311905,0.3152545094490051,5.842547416687012,0.0498984232544899,1.3919795751571655,18.062759322488308,334.7534282770157
1777337094.003018,0.07950928807258606,0.3155170977115631,5.855274200439453,0.021577170118689537,1.2676244974136353,18.077804527062177,335.4826195335388
1777337094.003063,0.08002199977636337,0.3155200481414795,5.86870002746582,0.006291916128247976,1.3485742807388306,18.07797357430458,336.25186303367616
1777337094.003107,0.08040568977594376,0.3156318664550781,5.883193492889404,0.014106549322605133,1.4520074129104614,18.084380294036865,337.0822777298927
1777337094.0616782,0.08096124976873398,0.3159157931804657,5.896899700164795,0.028770260512828827,1.3706835508346558,18.100648102909325,337.8675858407021
1777337094.0617778,0.08136126399040222,0.316451758146286,5.91181755065918,0.04962833225727081,1.4875292778015137,18.131356644397975,338.7223160190582
1777337094.061824,0.08174797892570496,0.31707680225372314,5.926823616027832,0.06863818317651749,1.506264090538025,18.16716904656887,339.58210053920743
1777337094.061867,0.08219021558761597,0.3178941309452057,5.94106388092041,0.08790557831525803,1.429766058921814,18.213998547810316,340.39800790843964
1777337094.06191,0.08247645199298859,0.31896331906318665,5.955555438995361,0.10572560876607895,1.4477591514587402,18.27525853638053,341.2283133215904
1777337094.062644,0.08291981369256973,0.32012292742729187,5.969179630279541,0.12770362198352814,1.3739856481552124,18.34169922528863,342.0089222605705
1777337094.120942,0.08327461779117584,0.3214667737483978,5.982028484344482,0.13131889700889587,1.2816689014434814,18.418695975333453,342.7451076333046
1777337094.1210291,0.08371680974960327,0.32262688875198364,5.995652675628662,0.1183978021144867,1.3644908666610718,18.485165692555903,343.5257165722847
1777337094.121074,0.08397326618432999,0.32370397448539734,6.008234977722168,0.1122010126709938,1.262445092201233,18.54687818132043,344.2466296365738
1777337094.121121,0.08438555151224136,0.32470086216926575,6.0207366943359375,0.10481710731983185,1.2551383972167969,18.603995658677817,344.962925491333
1777337094.121872,0.08495482057332993,0.32650837302207947,6.035967826843262,0.0974445715546608,1.439721703529358,18.70755843899846,345.8356054132461
1777337094.1219242,0.08527543395757675,0.32734861969947815,6.049271583557129,0.08799376338720322,1.3343194723129272,18.75570104457736,346.59785479717254
1777337094.180238,0.08560290187597275,0.3281609117984772,6.064465522766113,0.0825069397687912,1.520407795906067,18.80224197022319,347.46840369930266
1777337094.180321,0.08584016561508179,0.32881587743759155,6.078543186187744,0.08397628366947174,1.42615807056427,18.83976875048876,348.27499468717576
1777337094.180367,0.08616561442613602,0.329287052154541,6.092436790466309,0.07794608920812607,1.4198259115219116,18.86676508283615,349.0710398591995
1777337094.18111,0.08643705397844315,0.32956522703170776,6.106137752532959,0.06254798918962479,1.404408574104309,18.88270333496332,349.8560474415779
1777337094.1811619,0.08669306337833405,0.3294202983379364,6.119415283203125,0.0432744137942791,1.3852548599243164,18.874399529510736,350.6167941833496
1777337094.181205,0.08697713166475296,0.32909736037254333,6.132514953613281,0.014715340919792652,1.3563605546951294,18.855896540433168,351.36735027923584
1777337094.239569,0.0872681513428688,0.32840460538864136,6.144285678863525,-0.013562853448092937,1.23294997215271,18.81620458942652,352.04176339902875
1777337094.239657,0.08749809116125107,0.3275469243526459,6.156851768493652,-0.04496859386563301,1.297409176826477,18.767063068324326,352.7617475572586
1777337094.240427,0.08761817961931229,0.3265106678009033,6.169238090515137,-0.07190266251564026,1.270159125328064,18.707689920186997,353.47143178653715
1777337094.2404811,0.08764994889497757,0.32582899928092957,6.181979656219482,-0.08596105128526688,1.2562683820724487,18.668633177000284,354.2014699868202
1777337094.240525,0.08752555400133133,0.325397789478302,6.195929527282715,-0.07350854575634003,1.364656686782837,18.643926666390897,355.000739009285
1777337094.240567,0.08745542913675308,0.3253307044506073,6.210244655609131,-0.04324256628751755,1.3949576616287231,18.640082976061105,355.82093573884964
1777337094.29876,0.08722902089357376,0.32568469643592834,6.224979877471924,-0.01009930856525898,1.427466630935669,18.660365230053664,356.66520206365584
1777337094.2995572,0.08715195953845978,0.32632893323898315,6.240005016326904,0.03167511895298958,1.4697682857513428,18.69727729307413,357.526079414463
1777337094.299614,0.08682241290807724,0.3271264135837555,6.254225254058838,0.06593578308820724,1.405238151550293,18.74296956741214,358.34083931150434
1777337094.299702,0.08657418191432953,0.32810983061790466,6.268631458282471,0.08921430259943008,1.4338303804397583,18.79931523311734,359.1662543074608
1777337094.299745,0.08622986823320389,0.328995943069458,6.281981468200684,0.0979551374912262,1.3441417217254639,18.850085754919053,359.9311538057327
1777337094.299787,0.08572850376367569,0.3296196758747101,6.295069694519043,0.0659385621547699,1.308181643486023,18.885823024982216,360.68105420322416
1777337094.3585331,0.08538346737623215,0.3301638066768646,6.308077335357666,0.058010123670101166,1.308148741722107,18.9169994345963,361.42633739118577
1777337094.358627,0.08489592373371124,0.33069825172424316,6.32203483581543,0.04672997072339058,1.388906478881836,18.94762089114189,362.2260435459137
1777337094.3586729,0.08446893841028214,0.33105579018592834,6.335814952850342,0.0484456941485405,1.3852803707122803,18.968106343334913,363.0155863755226
1777337094.358717,0.08395259827375412,0.33159682154655457,6.350737571716309,0.05328011512756348,1.4965808391571045,18.99910516796708,363.8705897615433
1777337094.358758,0.08345022052526474,0.3322194814682007,6.365741729736328,0.06381303817033768,1.5015226602554321,19.034780966305732,364.7302649986267
1777337094.359509,0.082933209836483,0.33293068408966064,6.380834102630615,0.07282925397157669,1.5108263492584229,19.075529889464377,365.5949945775032
1777337094.418129,0.08240145444869995,0.33373039960861206,6.396015644073486,0.07406265288591385,1.5121433734893799,19.121350229895114,366.46483313970566
1777337094.4182148,0.08188419044017792,0.3342703580856323,6.40997838973999,0.06634017825126648,1.4082871675491333,19.15228758280277,367.26483982286453
1777337094.418259,0.08127069473266602,0.33471232652664185,6.424802303314209,0.04359903186559677,1.4814999103546143,19.177610518205167,368.11418781023025
1777337094.418302,0.08065830916166306,0.33464205265045166,6.438154220581055,0.0039004283025860786,1.3458137512207031,19.17358412024975,368.879196591568
1777337094.419017,0.08013582229614258,0.33421722054481506,6.451152324676514,-0.04832206666469574,1.2936054468154907,19.149243024891614,369.6239333642006
1777337094.4190688,0.0795479491353035,0.3331758975982666,6.464491844177246,-0.1089247539639473,1.328988790512085,19.089579593610765,370.38823180561064
1777337094.477088,0.07895474880933762,0.33168238401412964,6.477380275726318,-0.15383349359035492,1.2839237451553345,19.00400753799677,371.12668480196
1777337094.477176,0.07836976647377014,0.33012866973876953,6.49212646484375,-0.1593584567308426,1.4701251983642578,18.914986235618592,371.9715795043945
1777337094.477223,0.07770239561796188,0.32890045642852783,6.507196426391602,-0.1299804300069809,1.4996044635772705,18.844614771437644,372.8350250072479
1777337094.477972,0.07711601257324219,0.328029066324234,6.523582935333252,-0.08301480114459991,1.6422797441482544,18.794687778300048,373.77390314626695
1777337094.478026,0.07653457671403885,0.32778000831604004,6.538674354553223,-0.026976782828569412,1.5067492723464966,18.780417800474165,374.6385780836105
1777337094.47807,0.07597912102937698,0.3280365467071533,6.5523529052734375,0.02382645383477211,1.3656729459762573,18.795116372823713,375.4223015899658
1777337094.536642,0.07547574490308762,0.3286561369895935,6.569272518157959,0.06300361454486847,1.6926501989364624,18.83061629372835,376.39172434587476
1777337094.536737,0.07493222504854202,0.3293359875679016,6.583375453948975,0.07560983300209045,1.4178392887115479,18.869568876492977,377.19976333436966
1777337094.537483,0.07439571619033813,0.33012643456459045,6.596629619598389,0.07609418779611588,1.3220627307891846,18.91485816952586,377.95917135858537
1777337094.537536,0.0741339921951294,0.33064812421798706,6.6105732917785645,0.06082994118332863,1.4030312299728394,18.944748795568945,378.75808521108627
1777337094.537579,0.07380484789609909,0.33106574416160583,6.62441349029541,0.033913932740688324,1.3761292695999146,18.968676664334534,379.55107045726777
1777337094.5938492,0.07357402890920639,0.3310697078704834,6.638799667358398,-0.0017733373679220676,1.435912013053894,18.968903768205642,380.37533798103334
1777337094.593942,0.07355044782161713,0.3307008147239685,6.65472936630249,-0.03308805450797081,1.5965038537979126,18.947767740261554,381.2880428257942
1777337094.594687,0.07368354499340057,0.330252468585968,6.671538352966309,-0.048100072890520096,1.6776212453842163,18.922079389607905,382.251127163887
1777337094.594742,0.07383105158805847,0.3297158181667328,6.686342239379883,-0.04817185550928116,1.4859086275100708,18.891331574517487,383.0993276790619
1777337094.594785,0.07413458824157715,0.32927024364471436,6.7002787590026855,-0.045477233827114105,1.3926033973693848,18.865802025818823,383.89783172006605
1777337094.5948281,0.074520044028759,0.3288401663303375,6.717105865478516,-0.04525204375386238,1.6803829669952393,18.841160402029754,384.86195424728396
1777337094.652715,0.07499408721923828,0.32839715480804443,6.730085849761963,-0.05364825949072838,1.2883464097976685,18.815777702450752,385.6056528307915
1777337094.653505,0.07552984356880188,0.327606201171875,6.744635581970215,-0.07463911920785904,1.4593647718429565,18.770459381103514,386.439291377449
1777337094.653562,0.07614894956350327,0.32648926973342896,6.756941795349121,-0.11016836762428284,1.231658697128296,18.7064639007926,387.14438571796416
1777337094.653606,0.07702822238206863,0.3251917064189911,6.770983695983887,-0.13613955676555634,1.397807240486145,18.63211897264123,387.94892764835356
1777337094.6536489,0.077997587621212,0.32353997230529785,6.78563117980957,-0.17214006185531616,1.4572482109069824,18.537481545209886,388.78816695213317
1777337094.65369,0.07895369827747345,0.3218059539794922,6.800196170806885,-0.17509719729423523,1.4543794393539429,18.438129578018188,389.6226797633171
1777337094.712084,0.07999138534069061,0.3202580213546753,6.815905570983887,-0.1608147770166397,1.564604640007019,18.349439539933204,390.52276241397857
1777337094.71217,0.08085713535547256,0.31904885172843933,6.830996513366699,-0.13024768233299255,1.4994463920593262,18.280159198862314,391.3874100305557
1777337094.7122161,0.08181708306074142,0.31827864050865173,6.8465256690979,-0.07794418931007385,1.551695466041565,18.236029330855608,392.2771654314995
1777337094.71226,0.08250189572572708,0.3179484009742737,6.860576152801514,-0.031870946288108826,1.4059706926345825,18.21710799254179,393.08219913568496
1777337094.712302,0.08315815776586533,0.3179667890071869,6.874975681304932,0.00999014638364315,1.4479395151138306,18.21816154959798,393.9072316409111
1777337094.713064,0.08358043432235718,0.3183296024799347,6.888761520385742,0.03641638532280922,1.3783774375915527,18.23894923776984,394.69710231971743
1777337094.771917,0.08383117616176605,0.31886035203933716,6.902715682983398,0.05907844007015228,1.4009865522384644,18.269358958375452,395.4966172290802
1777337094.772016,0.08388286083936691,0.3195659816265106,6.916843414306641,0.06615477800369263,1.4082024097442627,18.309788570076226,396.30607689743044
1777337094.772063,0.08384523540735245,0.320283979177475,6.930984020233154,0.07321512699127197,1.4150279760360718,18.35092681415677,397.1162742264748
1777337094.8129852,0.08355501294136047,0.3209835886955261,6.947023868560791,0.07755046337842941,1.6112381219863892,18.391011501181126,398.03529016828537
1777337094.81389,0.08309377729892731,0.3216801583766937,6.962101936340332,0.07059604674577713,1.5085573196411133,18.430922018319368,398.8992001241684
1777337094.813947,0.08335847407579422,0.322122186422348,6.977884292602539,0.06289594620466232,1.594325304031372,18.45624836881757,399.8034628520966
1777337094.8139908,0.08272705227136612,0.32264479994773865,6.993747234344482,0.05594729259610176,1.5919768810272217,18.486191928845646,400.7123427895546
1777337094.8140328,0.08202807605266571,0.3230632245540619,7.008547782897949,0.0411028228700161,1.4790396690368652,18.51016590140462,401.56035205936433
1777337094.814075,0.08135761320590973,0.32330411672592163,7.02316951751709,0.027191685512661934,1.4575964212417603,18.52396801110506,402.39811604175566
1777337094.8735218,0.080873042345047,0.3232886493206024,7.037535667419434,0.007256380748003721,1.452272653579712,18.523081793743373,403.2212360933304
1777337094.8736541,0.0802936851978302,0.32300496101379395,7.051633834838867,-0.030968276783823967,1.4069209098815918,18.506827645254134,404.02900187416077
1777337094.873701,0.07998964935541153,0.3222816586494446,7.065291881561279,-0.07497641444206238,1.3591488599777222,18.465385457646846,404.81155058755877
1777337094.8737438,0.07981642335653305,0.32114410400390625,7.080453395843506,-0.1124546155333519,1.5214731693267822,18.40020835418701,405.68024167757034
1777337094.8737862,0.07969596982002258,0.3188588619232178,7.0944671630859375,-0.12128783017396927,1.5083924531936646,18.2692735809803,406.4831716827393
1777337094.8745348,0.07997308671474457,0.3179064989089966,7.110772132873535,-0.11561428755521774,1.6095032691955566,18.214707180190086,407.4173779706955
1777337094.933493,0.08032523095607758,0.31703048944473267,7.126195430755615,-0.09884549677371979,1.5308347940444946,18.164515517127512,408.3010681614876
1777337094.933592,0.08073143661022186,0.31634706258773804,7.141810894012451,-0.08367334306240082,1.545837163925171,18.12535802861452,409.1957686211586
1777337094.9336379,0.08116502314805984,0.3156570494174957,7.156461238861084,-0.0737202912569046,1.4600824117660522,18.08582317201495,410.0351718495369
1777337094.933681,0.08157150447368622,0.31497377157211304,7.171117782592773,-0.07117528468370438,1.4624263048171997,18.046674221241474,410.87493024787904
1777337094.93441,0.0819920152425766,0.314201682806015,7.184728145599365,-0.0749158263206482,1.363248586654663,18.002436777716873,411.6547468846321
1777337094.934463,0.08225486427545547,0.3135087788105011,7.198416709899902,-0.07524999231100082,1.3626751899719238,17.96273628897071,412.4390441270828
1777337094.993571,0.08259301632642746,0.3128926753997803,7.213140487670898,-0.07188607007265091,1.4621758460998535,17.92743615117073,413.2826547534943
1777337094.9936671,0.08273924887180328,0.3123895525932312,7.227977275848389,-0.06131315976381302,1.4724513292312622,17.898609327471256,414.1327404015541
1777337094.9937139,0.08282986283302307,0.31203562021255493,7.243923187255859,-0.053641173988580704,1.5762498378753662,17.878330488574505,415.04637415237426
1777337094.9944751,0.08283057808876038,0.3118646740913391,7.260051727294922,-0.033190201967954636,1.596449375152588,17.868535993802546,415.97047175674436
1777337094.994528,0.08265886455774307,0.31203269958496094,7.275559425354004,-0.014665449038147926,1.5190129280090332,17.878163148880006,416.85899772319794
1777337094.994572,0.08264439553022385,0.3122924864292145,7.291159629821777,0.012581787072122097,1.5461928844451904,17.89304784395099,417.7528239183426
1777337095.053283,0.08236975222826004,0.31256136298179626,7.30580997467041,0.026626085862517357,1.464802861213684,17.908453341132404,418.59222714672086
1777337095.053376,0.08221186697483063,0.31264054775238037,7.319311618804932,0.029755515977740288,1.3717024326324463,17.912990295910834,419.3658146487236
1777337095.054136,0.08187064528465271,0.31246376037597656,7.3335161209106445,0.011479059234261513,1.4492963552474976,17.90286112174988,420.1796729604721
1777337095.054191,0.08161928504705429,0.3121039867401123,7.347538948059082,-0.015418319962918758,1.422566294670105,17.882247603464126,420.9831220602035
1777337095.054235,0.081381656229496,0.3116554319858551,7.361471176147461,-0.03857918083667755,1.3994060754776,17.85654729997516,421.7813802143097
1777337095.054276,0.081212118268013,0.31131064891815186,7.375507831573486,-0.05141853541135788,1.3864346742630005,17.836792678284645,422.58562161626816
1777337095.113024,0.081130251288414,0.311295747756958,7.391792297363281,-0.005611462518572807,1.6243133544921875,17.835938904333116,423.5186531112671
1777337095.113811,0.0810534656047821,0.31156083941459656,7.406438827514648,0.027077673003077507,1.4650145769119263,17.85112754293084,424.3578377735138
1777337095.113867,0.08113317936658859,0.31208860874176025,7.4213480949401855,0.060330212116241455,1.4983272552490234,17.881366508746147,425.21207617807386
1777337095.1736178,0.08105376362800598,0.3130374848842621,7.436677932739258,0.09414367377758026,1.5322368144989014,17.935733126431703,426.09041149864197
1777337095.1737258,0.08119943737983704,0.31418168544769287,7.451245307922363,0.1186702772974968,1.4607990980148315,18.00129101307392,426.9250609136581
1777337095.1737752,0.08145398646593094,0.31533437967300415,7.464861869812012,0.12104660272598267,1.3672642707824707,18.06733555086851,427.7052327203751
1777337095.174567,0.08158624172210693,0.31639665365219116,7.478387832641602,0.1063450500369072,1.3525151014328003,18.128199388325214,428.48021358146667
1777337095.174624,0.0816512480378151,0.31718412041664124,7.491639137268066,0.0769258588552475,1.3231748342514038,18.173317926567794,429.23945768108365
1777337095.174668,0.0817934051156044,0.31753551959991455,7.50541353225708,0.04593413323163986,1.3878282308578491,18.193451623892784,430.0286726614952
1777337095.174711,0.08177139610052109,0.31782257556915283,7.520081520080566,0.01970314420759678,1.4575806856155396,18.209898725295066,430.86908675823213
1777337095.174753,0.08166225254535675,0.31781405210494995,7.534454345703125,0.0024506752379238605,1.4402320384979248,18.209410366594792,431.6925893005371
1777337095.2315352,0.08163498342037201,0.3178207576274872,7.549801826477051,0.00021251081489026546,1.5342164039611816,18.20979456487298,432.5719354894638
1777337095.23165,0.08143673092126846,0.3178243935108185,7.566104888916016,0.008404368534684181,1.6383291482925415,18.210002885717152,433.50603249435426
1777337095.2316968,0.08116194605827332,0.3180932104587555,7.582672595977783,0.020094478502869606,1.6495234966278076,18.225404967802763,434.45529252462387
1777337095.23174,0.08080532401800156,0.3183467388153076,7.5982666015625,0.02641323022544384,1.5599570274353027,18.239931077814102,435.3487635498047
1777337095.231782,0.08064694702625275,0.3185967206954956,7.611939430236816,0.028901346027851105,1.3709825277328491,18.254253989624978,436.13215920696257
1777337095.2325718,0.08038631081581116,0.31877681612968445,7.626500606536865,0.015280171297490597,1.4532053470611572,18.264572701603175,436.96645345201495
1777337095.2908428,0.0803334191441536,0.31841331720352173,7.641477108001709,-0.025385253131389618,1.5081781148910522,18.24374573982954,437.82454408464434
1777337095.2909288,0.08035770058631897,0.31761375069618225,7.656017780303955,-0.08180388063192368,1.4518837928771973,18.19793393713832,438.65766353673934
1777337095.290974,0.08038424700498581,0.3163016140460968,7.6710052490234375,-0.1385318487882614,1.4910264015197754,18.122754018062352,439.5163825469971
1777337095.2910159,0.08067134022712708,0.3148093521595001,7.686770439147949,-0.15574221312999725,1.5697249174118042,18.03725367946029,440.41966172733305
1777337095.291734,0.08104030787944794,0.31333211064338684,7.702551364898682,-0.1518964022397995,1.573877215385437,17.952613945001364,441.3238424929619
1777337095.291785,0.0812859758734703,0.31210610270500183,7.717624664306641,-0.1327131986618042,1.4935119152069092,17.882368839365245,442.1874792411804
1777337095.3508759,0.08170869201421738,0.3109922409057617,7.734726905822754,-0.10373470932245255,1.7213919162750244,17.81854923648834,443.1673658506393
1777337095.350975,0.08195816725492477,0.3103882670402527,7.749463081359863,-0.06518302857875824,1.4683130979537964,17.78394407068491,444.01168681697845
1777337095.351022,0.08219323307275772,0.3100441098213196,7.763501167297363,-0.032278355211019516,1.403397798538208,17.76422530750036,444.81601018123627
1777337095.351779,0.08209031075239182,0.31014490127563477,7.77798318862915,-0.007449647411704063,1.4329960346221924,17.770000234508515,445.64576917905805
1777337095.351834,0.08206363022327423,0.310151606798172,7.7923712730407715,-0.005909448489546776,1.4322673082351685,17.770384432786702,446.4701459858894
1777337095.3518772,0.08190643787384033,0.3100597560405731,7.8066606521606445,-0.01086118072271347,1.4210864305496216,17.76512177014947,447.28886739406585
1777337095.4108741,0.08165442198514938,0.3098709285259247,7.821812629699707,-0.01804775558412075,1.5219618082046509,17.754302746635677,448.1570120687485
1777337095.410967,0.08124500513076782,0.30959028005599976,7.83687162399292,-0.022398721426725388,1.5110403299331665,17.73822276803255,449.0198291939735
1777337095.411777,0.08083567023277283,0.309309720993042,7.851931571960449,-0.02485055662691593,1.5086455345153809,17.722147912073137,449.8827009607315
1777337095.411834,0.08033635467290878,0.3092121481895447,7.867175102233887,-0.015189098194241524,1.5184791088104248,17.716557400238514,450.7560912225723
1777337095.4118788,0.07982335984706879,0.3092034161090851,7.883464813232422,-0.0009748995653353631,1.6283249855041504,17.716057088702918,451.6894232460022
1777337095.4119208,0.07932333648204803,0.30927687883377075,7.896961212158203,0.012503487057983875,1.3545987606048584,17.720266194283962,452.462710219574
1777337095.468438,0.07896694540977478,0.30953076481819153,7.911596298217773,0.02068765088915825,1.458540916442871,17.734812794870138,453.3012391834259
1777337095.469239,0.07862422615289688,0.3096959590911865,7.92518424987793,0.01879783347249031,1.3606443405151367,17.744277732896805,454.0797717441559
1777337095.4692962,0.07826857268810272,0.3097788393497467,7.937730312347412,-0.0030269138514995575,1.2431743144989014,17.749026423615216,454.79860843019486
1777337095.469341,0.07800348103046417,0.30950799584388733,7.950882911682129,-0.01939392276108265,1.3226147890090942,17.7335082282722,455.5521971311569
1777337095.469384,0.07781966775655746,0.3094228208065033,7.965179443359375,-0.01596587710082531,1.4217796325683594,17.728628056365253,456.3713283508301
1777337095.469426,0.0777307078242302,0.3094347417354584,7.9795732498168945,0.0023018468637019396,1.4401668310165405,17.729311075526475,457.19603300685884
1777337095.5284119,0.07772986590862274,0.3096056580543518,7.995083808898926,0.024882126599550247,1.5586755275726318,17.73910386275053,458.0847228979111
1777337095.528496,0.07772747427225113,0.3101184368133545,8.009978294372559,0.0541984885931015,1.4920517206192017,17.768483931970597,458.93811435871123
1777337095.528542,0.07773026078939438,0.3109112083911896,8.02419376373291,0.08140777796506882,1.423435926437378,17.813906413739918,459.7526010480881
1777337095.528585,0.07771851122379303,0.31196358799934387,8.039627075195312,0.1024572029709816,1.5401908159255981,17.874203345292806,460.6368649749756
1777337095.528627,0.0777059867978096,0.3131868541240692,8.053315162658691,0.1285250037908554,1.3748526573181152,17.944291356521845,461.42113489665985
1777337095.52938,0.07770655304193497,0.3144923746585846,8.067084312438965,0.1360783725976944,1.3820927143096924,18.019092199963332,462.21004934864044
1777337095.585543,0.07770726829767227,0.3157978355884552,8.080854415893555,0.1320391595363617,1.3782111406326294,18.09388962830901,462.99901844215395
1777337095.585631,0.07777679711580276,0.3170361816883087,8.093597412109375,0.13097403943538666,1.2811228036880493,18.164841658777,463.7291386047363
1777337095.585678,0.07794847339391708,0.3183445334434509,8.107369422912598,0.12868519127368927,1.374871850013733,18.239804719269276,464.5182169813156
1777337095.585721,0.07810768485069275,0.3193998336791992,8.120889663696289,0.11794030666351318,1.3644403219223022,18.300268990516663,465.2928699932098
1777337095.586472,0.07817796617746353,0.3204675316810608,8.13633918762207,0.10599760711193085,1.5440305471420288,18.36144360169172,466.17806282615663
1777337095.645639,0.07826938480138779,0.32141900062561035,8.151671409606934,0.09724511206150055,1.535086750984192,18.415958776044846,467.0565347505569
1777337095.645737,0.07827278971672058,0.3222120702266693,8.165886878967285,0.09517272561788559,1.437052607536316,18.4613983332932,467.87102143993377
1777337095.645783,0.07844548672437668,0.32334965467453003,8.181406021118164,0.08876318484544754,1.5269041061401367,18.526577144300937,468.7602031047821
1777337095.645827,0.07852587103843689,0.32370656728744507,8.196144104003906,0.0678204894065857,1.5058653354644775,18.547026737987995,469.604633354187
1777337095.6465652,0.07852587103843689,0.32370656728744507,8.209566116333008,0.03828669339418411,1.3804543018341064,18.547026737987995,470.37365828819276
1777337095.646678,0.07835592329502106,0.3235328793525696,8.223775863647461,0.009571753442287445,1.4477119445800781,18.537075148808956,471.1878171283722
1777337095.7060878,0.07820791751146317,0.3230719566345215,8.236737251281738,-0.015625610947608948,1.3264890909194946,18.510666212940215,471.9304502019882
1777337095.7061708,0.07803358137607574,0.32227596640586853,8.24936294555664,-0.05170328915119171,1.2903636693954468,18.46505931599736,472.65384945602415
1777337095.7062201,0.07778460532426834,0.3214038610458374,8.261914253234863,-0.08357822895050049,1.2583492994308472,18.41509134171009,473.3729866704941
1777337095.7069702,0.0774671733379364,0.32059869170188904,8.276449203491211,-0.09464423358440399,1.4391875267028809,18.368958520013095,474.20577827339173
1777337095.7070239,0.0772024542093277,0.3201567232608795,8.291348457336426,-0.07726600766181946,1.4564404487609863,18.343635584610702,475.0594429418564
1777337095.7070668,0.07688836008310318,0.3201447129249573,8.305717468261719,-0.045814577490091324,1.391966700553894,18.342947442805766,475.8827269180298
1777337095.765695,0.07653772085905075,0.3206789493560791,8.320632934570312,0.00016475754091516137,1.4380539655685425,18.373556946516036,476.7373204925537
1777337095.765789,0.07622005045413971,0.3215208649635315,8.335856437683105,0.049625612795352936,1.4877305030822754,18.421795174777507,477.6095632822037
1777337095.76655,0.0757913589477539,0.32283300161361694,8.350591659545898,0.0944814383983612,1.4367109537124634,18.496975093853475,478.4538296070099
1777337095.766604,0.0755336657166481,0.3241480588912964,8.363410949707031,0.12829557061195374,1.2784827947616577,18.57232235262394,479.1883210922241
1777337095.766648,0.07519343495368958,0.3256184160709381,8.377345085144043,0.146060511469841,1.3921993970870972,18.656567643517256,479.9866885293961
1777337095.76669,0.07493610680103302,0.3269335627555847,8.390166282653809,0.1455899477005005,1.2961405515670776,18.73192002493143,480.7212892976761
1777337095.823331,0.07476761192083359,0.3282359838485718,8.402973175048828,0.13709740340709686,1.2872650623321533,18.806543283390997,481.45507044296266
1777337095.824168,0.0747700035572052,0.3295411169528961,8.41578483581543,0.13260722160339355,1.2829852104187012,18.881321928709745,482.1891247959137
1777337095.8242261,0.07477236539125443,0.33084622025489807,8.428593635559082,0.13621962070465088,1.284398078918457,18.956098866480588,482.92301522426607
1777337095.87979,0.07450112700462341,0.3322497308254242,8.442461013793945,0.1441996693611145,1.3924915790557861,19.03651412742734,483.71755775413516
1777337095.879873,0.07439978420734406,0.3338266611099243,8.457462310791016,0.15633133053779602,1.4986896514892578,19.126865609622,484.57706906661986
1777337095.879919,0.07445429265499115,0.3354946970939636,8.471593856811523,0.17236989736557007,1.4163942337036133,19.22243706575632,485.3867473011017
1777337095.8806689,0.07453761249780655,0.33715662360191345,8.485719680786133,0.18140999972820282,1.4298285245895386,19.317658474570514,486.1960976863861
1777337095.8807218,0.07468808442354202,0.338922917842865,8.498991012573242,0.17936228215694427,1.329472541809082,19.418859716141224,486.956489258194
1777337095.880764,0.07494274526834488,0.3404172360897064,8.512948989868164,0.15973593294620514,1.4058748483657837,19.504477875548602,487.75622273368833
1777337095.880805,0.07516874372959137,0.3417472243309021,8.526742935180664,0.13710986077785492,1.3833422660827637,19.5806806158185,488.5465578655243
1777337095.880846,0.07532849162817001,0.34280237555503845,8.539302825927734,0.10334326326847076,1.2535682916641235,19.641136349326374,489.26618685379026
1777337095.88137,0.07542338222265244,0.3432416617870331,8.551248550415039,0.05165097862482071,1.199103593826294,19.66630560541749,489.95062669487
1777337095.939488,0.07542338222265244,0.3432416617870331,8.563712120056152,-0.00810006633400917,1.2411614656448364,19.66630560541749,490.6647368883133
1777337095.939584,0.07549965381622314,0.34263482689857483,8.57652759552002,-0.061850327998399734,1.2799819707870483,19.631536515015362,491.39900980739594
1777337095.939631,0.07550907135009766,0.34192347526550293,8.590197563171387,-0.0818786546587944,1.3561184406280518,19.590779054117203,492.18224153995516
1777337095.939719,0.07525942474603653,0.3412225544452667,8.604836463928223,-0.06373858451843262,1.4701313972473145,19.550619234985113,493.02098906993865
1777337095.94048,0.07500765472650528,0.34103307127952576,8.619029998779297,-0.02211717888712883,1.4160346984863281,19.53976264541745,493.8342190040588
1777337095.940533,0.07476223260164261,0.34129610657691956,8.63463306427002,0.027820680290460587,1.5616141557693481,19.554833463209867,494.7282091238022
1777337095.999234,0.07434443384408951,0.34206774830818176,8.64882755279541,0.07591259479522705,1.4179743528366089,19.59904529351592,495.54149369945526
1777337095.999325,0.0740073099732399,0.34319645166397095,8.664337158203125,0.11500239372253418,1.5526883602142334,19.663715255248547,496.4301289489746
1777337095.999372,0.0735812559723854,0.3445090055465698,8.677155494689941,0.138722762465477,1.2891294956207275,19.738919079995156,497.16456579265594
1777337096.000154,0.07325846701860428,0.3458903133869171,8.690041542053223,0.14626312255859375,1.2967469692230225,19.818062217754125,497.90288218517304
1777337096.0002098,0.07300326973199844,0.3472057580947876,8.703821182250977,0.13516303896903992,1.3812707662582397,19.89343167464733,498.6923976940155
1777337096.000253,0.0727706104516983,0.3482327461242676,8.716354370117188,0.10573123395442963,1.2561092376708984,19.95227377538681,499.41049671936037
1777337096.059041,0.07262132316827774,0.34893545508384705,8.729519844055176,0.0672893151640892,1.3133659362792969,19.992536047393084,500.16482308101655
1777337096.059135,0.07273206114768982,0.34928667545318604,8.743294715881348,0.03665362671017647,1.3786817789077759,20.012659499430658,500.9540653821945
1777337096.059912,0.07279206812381744,0.34927481412887573,8.756704330444336,0.0056807901710271835,1.3474795818328857,20.011979895365236,501.7223799762726
1777337096.059967,0.0730966180562973,0.3489995002746582,8.772729873657227,-0.02176784723997116,1.6082115173339844,19.99620556783676,502.6405762950897
1777337096.060011,0.07314228266477585,0.34873509407043457,8.78780460357666,-0.022581497207283974,1.5114036798477173,19.981056202840804,503.5042950056076
1777337096.11887,0.0734315738081932,0.3485477864742279,8.802957534790039,-0.018545985221862793,1.5152090787887573,19.97032426427007,504.3724943218231
1777337096.118947,0.07388457655906677,0.34839317202568054,8.8162260055542,-0.013364873826503754,1.3287303447723389,19.961465505748986,505.1327219690323
1777337096.1196601,0.07431383430957794,0.3483848571777344,8.830597877502441,-0.007878522388637066,1.4297716617584229,19.960989099884035,505.9561698698044
1777337096.119759,0.0747668668627739,0.3482302129268646,8.8467435836792,-0.017357541248202324,1.6125402450561523,19.95212863381505,506.8812510217667
1777337096.1198049,0.07518234103918076,0.3477990925312042,8.859735488891602,-0.04000665992498398,1.3020886182785034,19.927427245849373,507.6256326244354
1777337096.119848,0.0757167637348175,0.3471778631210327,8.873495101928711,-0.07306816428899765,1.3648930788040161,19.891833409810065,508.414000661087
1777337096.1763651,0.07614894956350327,0.346147358417511,8.886845588684082,-0.0989738181233406,1.3386763334274292,19.832789818418025,509.1789274801254
1777337096.177359,0.07649978995323181,0.3449300527572632,8.900968551635742,-0.12643751502037048,1.4076045751571655,19.7630433167696,509.98811394081116
1777337096.177415,0.07676933705806732,0.34352609515190125,8.915863037109375,-0.14297276735305786,1.48661208152771,19.682602442604303,510.8415054016113
1777337096.17746,0.07710587978363037,0.34222662448883057,8.931822776794434,-0.1307237297296524,1.5947092771530151,19.608148231387137,511.7559314546585
1777337096.177501,0.0772860050201416,0.34117692708969116,8.946112632751465,-0.11070455610752106,1.4231654405593872,19.548004979145528,512.5746801836013
1777337096.177543,0.07728040963411331,0.3403834402561188,8.961618423461914,-0.07789259403944016,1.551706314086914,19.50254151622653,513.4630968669892
1777337096.2363,0.07717029005289078,0.34003275632858276,8.975648880004883,-0.03735465928912163,1.4007501602172852,19.482448800051213,514.2669830989838
1777337096.236384,0.07715540379285812,0.3401211202144623,8.989160537719727,-0.00535709410905838,1.336738109588623,19.487511679583786,515.041144337082
1777337096.2364311,0.07695513963699341,0.3402951657772064,9.00275707244873,0.018172431737184525,1.3604018688201904,19.497483759337662,515.8201686716079
1777337096.236474,0.07668056339025497,0.3405645787715912,9.015491485595703,0.033562563359737396,1.279983639717102,19.512919992381335,516.5497970603943
1777337096.236515,0.07639104872941971,0.34092235565185547,9.029271125793457,0.038047317415475845,1.3800137042999268,19.53341910495758,517.3393125692368
1777337096.2372742,0.0760340541601181,0.3413461148738861,9.04311752319336,0.04099038988351822,1.3831862211227417,19.557698728591205,518.132652985382
1777337096.2964952,0.07557354122400284,0.3418715000152588,9.058024406433105,0.054820794612169266,1.492530345916748,19.587801090574263,518.9867547861099
1777337096.296583,0.0751422643661499,0.34239068627357483,9.072925567626953,0.05348789691925049,1.4913411140441895,19.61754828259349,519.8405287376404
1777337096.296629,0.07471112906932831,0.34290990233421326,9.087825775146484,0.056570809334516525,1.4942803382873535,19.647297182160617,520.694248047638
1777337096.296672,0.07427994161844254,0.3434290885925293,9.102725982666016,0.058548249304294586,1.4963295459747314,19.67704437417984,521.5479673576355
1777337096.297445,0.07386395335197449,0.3438601493835449,9.117538452148438,0.05393414944410324,1.491715431213379,19.701742347049713,522.3966596466064
1777337096.297548,0.07335157692432404,0.3441928029060364,9.13225269317627,0.045133575797080994,1.4806545972824097,19.720801996743678,523.2397238576889
1777337096.353738,0.07302415370941162,0.34461042284965515,9.14609432220459,0.03736763074994087,1.382011890411377,19.74472986550927,524.0327910661697
1777337096.353823,0.07276475429534912,0.34479159116744995,9.159697532653809,0.02208327129483223,1.364083170890808,19.75511004921198,524.8121978914261
1777337096.353867,0.07260940223932266,0.34470075368881226,9.173029899597168,-0.007301214151084423,1.3322827816009521,19.74990544320345,525.5760865213394
1777337096.411069,0.07254303991794586,0.3444260060787201,9.187135696411133,-0.036943379789590836,1.4034066200256348,19.73416355908513,526.384289434433
1777337096.4111638,0.07253658026456833,0.34380289912223816,9.200894355773926,-0.05862509086728096,1.3795392513275146,19.698462147527934,527.1726028295517
1777337096.41121,0.07256066799163818,0.34283310174942017,9.21622371673584,-0.06161443144083023,1.5594208240509033,19.64289683121443,528.0509108293534
1777337096.411253,0.07274658977985382,0.34257712960243225,9.231308937072754,-0.044193416833877563,1.4977306127548218,19.628230702275037,528.9152305967331
1777337096.411295,0.07291708886623383,0.34257981181144714,9.246650695800781,-0.021100688725709915,1.5126357078552246,19.62838438158631,529.7942489364624
1777337096.4120388,0.07311691343784332,0.3425765335559845,9.261988639831543,-0.007022584788501263,1.5267510414123535,19.628196551316975,530.6730487100601
1777337096.471015,0.07336887717247009,0.342765748500824,9.276558876037598,0.0061734262853860855,1.4440985918045044,19.63903777295351,531.5078620496749
1777337096.471102,0.07356876879930496,0.34276238083839417,9.289978981018066,0.01584421843290329,1.358135461807251,19.638844820040465,532.276777700615
1777337096.471148,0.07392462342977524,0.3426794707775116,9.30331802368164,0.008493520319461823,1.350258708000183,19.634094421774147,533.0410488212585
1777337096.471189,0.07411002367734909,0.3425939083099365,9.317615509033203,0.0018386389128863811,1.4401108026504517,19.62919205174446,533.8602346824646
1777337096.471927,0.07445097714662552,0.3425992429256439,9.331042289733887,-0.009119773283600807,1.3326119184494019,19.62949770281911,534.6295328241348
1777337096.47198,0.07465087622404099,0.34259581565856934,9.344461441040039,-0.010031805373728275,1.3318674564361572,19.629301334810258,535.3983938335418
1777337096.531567,0.07497729361057281,0.34251895546913147,9.36068344116211,-0.007900163531303406,1.6221061944961548,19.62489756876826,536.327846308136
1777337096.531702,0.07514776289463043,0.342521607875824,9.376026153564453,-0.004975537303835154,1.528817892074585,19.625049540531634,537.2069192893982
1777337096.5317461,0.0753856673836708,0.3424582779407501,9.391304016113281,-0.0005835335468873382,1.5334203243255615,19.621421001237632,538.0822766464233
1777337096.532536,0.07554119825363159,0.34254929423332214,9.406734466552734,0.004994259215891361,1.5386344194412231,19.62663585253358,538.9663766487122
1777337096.532589,0.07551179081201553,0.342555433511734,9.422080993652344,0.014600047841668129,1.5481821298599243,19.62698760740161,539.845668196106
1777337096.5326312,0.07538650184869766,0.3422928750514984,9.436199188232422,0.00040237605571746826,1.4381603002548218,19.611944110375642,540.6545814491272
1777337096.590084,0.07533659040927887,0.34159383177757263,9.449882507324219,-0.02757907658815384,1.4103695154190063,19.571891866761447,541.438578163147
1777337096.590175,0.07519946992397308,0.34056714177131653,9.46419620513916,-0.06659498065710068,1.4671218395233154,19.513066841500997,542.2586929304123
1777337096.5909388,0.07507122308015823,0.33899959921836853,9.4779691696167,-0.11434005200862885,1.41943359375,19.4232532368958,543.0478259485245
1777337096.590996,0.07483258843421936,0.33742210268974304,9.49364948272705,-0.16207531094551086,1.5636074542999268,19.33286931129098,543.9462420324326
1777337096.591039,0.07451944053173065,0.33611053228378296,9.509593963623047,-0.13887275755405426,1.5866714715957642,19.257721835625173,544.8597938209533
1777337096.591081,0.07410278916358948,0.33507072925567627,9.524855613708496,-0.10385202616453171,1.5257338285446167,19.198145489287377,545.7342222719193
1777337096.650269,0.07376695424318314,0.33438771963119507,9.54142951965332,-0.07187630981206894,1.6535817384719849,19.159011906445027,546.6838374721527
1777337096.6510668,0.07325930148363113,0.33404281735420227,9.556424140930176,-0.035465020686388016,1.4984049797058105,19.1392504545629,547.5429662939072
1777337096.651124,0.07273612916469574,0.33395645022392273,9.571678161621094,-0.008225541561841965,1.525337815284729,19.13430198073983,548.4169576126098
1777337096.651168,0.07219181954860687,0.3339868187904358,9.586091995239258,-0.0024256957694888115,1.4359779357910156,19.13604197205305,549.2428097408294
1777337096.651211,0.0715663805603981,0.333830326795578,9.600316047668457,-0.012050658464431763,1.425658941268921,19.127075638014077,550.0577882040023
1777337096.651253,0.07094859331846237,0.33347421884536743,9.613382339477539,-0.03390705585479736,1.3079586029052734,19.106672148120403,550.8064318462372
1777337096.7106502,0.07025739550590515,0.3330424726009369,9.628290176391602,-0.05147184431552887,1.4823598861694336,19.08193490164876,551.6605882884979
1777337096.710739,0.06953898072242737,0.3324454426765442,9.643994331359863,-0.06234896555542946,1.5672777891159058,19.04772759450674,552.5603704107284
1777337096.71079,0.06882114708423615,0.33184799551963806,9.659695625305176,-0.0621265172958374,1.5672141313552856,19.01349638169408,553.4599886083603
1777337096.7108328,0.06802015006542206,0.3314046859741211,9.676508903503418,-0.04246795177459717,1.6829900741577148,18.98809660663605,554.4233188333511
1777337096.710876,0.06722547858953476,0.3312426209449768,9.691686630249023,-0.015907688066363335,1.5176557302474976,18.978810961139203,555.292938829422
1777337096.771362,0.06644308567047119,0.3313332796096802,9.708077430725098,0.0002514519728720188,1.6299864053726196,18.984005321860312,556.232062855339
1777337096.771459,0.06575039774179459,0.33124038577079773,9.722365379333496,0.008529042825102806,1.4464666843414307,18.97868289504647,557.0507023012161
1777337096.7715049,0.06509373337030411,0.3312533497810364,9.736760139465332,-0.0012247688136994839,1.4368677139282227,18.979425678384303,557.8754615987777
1777337096.771549,0.06454765051603317,0.330966591835022,9.748937606811523,-0.03633652999997139,1.2097711563110352,18.962995652461053,558.5731793323516
1777337096.771591,0.0641169473528862,0.3301791548728943,9.764450073242188,-0.08397486060857773,1.5455565452575684,18.917878821766376,559.4619785064697
1777337096.7723572,0.06371158361434937,0.3287639617919922,9.779333114624023,-0.14182046055793762,1.4874794483184814,18.836794202041627,560.3147142688752
1777337096.829928,0.06367688626050949,0.32717984914779663,9.794048309326172,-0.1611821949481964,1.4682538509368896,18.746031200802324,561.1578331214905
1777337096.830025,0.06368309259414673,0.32567355036735535,9.810757637023926,-0.15328340232372284,1.667829155921936,18.65972660713792,562.1152074193955
1777337096.830071,0.063768170773983,0.32452404499053955,9.825906753540039,-0.12044419348239899,1.5091407299041748,18.593864776968957,562.9831881694794
1777337096.8301141,0.06419262290000916,0.3235514760017395,9.841233253479004,-0.09114741533994675,1.5384107828140259,18.538140658700467,563.8613322446823
1777337096.8308852,0.06469506025314331,0.3231061100959778,9.85804557800293,-0.056952767074108124,1.668341875076294,18.512623062837125,564.8246078281403
1777337096.8309388,0.06527832895517349,0.3228466510772705,9.872167587280273,-0.021595925092697144,1.4138176441192627,18.497757150793074,565.633739647293
1777337096.8875961,0.06549127399921417,0.32275667786598206,9.886460304260254,-0.006914085242897272,1.433807373046875,18.492602063673736,566.4526523008346
1777337096.8876941,0.06638681143522263,0.3226790726184845,9.90172290802002,-0.006398564204573631,1.527356505393982,18.488155608934164,567.3271353933334
1777337096.88774,0.06735017895698547,0.32270488142967224,9.914213180541992,-0.008858457207679749,1.2351369857788086,18.489634345418214,568.0427755496979
1777337096.9452229,0.06829461455345154,0.32236701250076294,9.932090759277344,-0.040584202855825424,1.7843139171600342,18.470275874841214,569.0670857254029
1777337096.945314,0.06932254135608673,0.32187405228614807,9.94885540008545,-0.05017934367060661,1.6755465269088745,18.442031324976682,570.0276292322159
1777337096.945365,0.07026973366737366,0.32119500637054443,9.964475631713867,-0.0611705556511879,1.5630288124084473,18.40312484600544,570.9226028995514
1777337096.945408,0.07118836045265198,0.3206924498081207,9.981230735778809,-0.05175478011369705,1.6792504787445068,18.374330465716124,571.8825999910355
1777337096.94545,0.07200399786233902,0.3202906847000122,9.996169090270996,-0.04474744573235512,1.4891225099563599,18.35131101243496,572.7385049623489
1777337096.9462159,0.07267788797616959,0.3197092115879059,10.011887550354004,-0.055407892912626266,1.5740419626235962,18.31799504529834,573.639106707573
1777337096.946269,0.07324238866567612,0.3191182613372803,10.026637077331543,-0.06936678290367126,1.4643882513046265,18.284136077928544,574.4841926553726
1777337096.946312,0.0737278088927269,0.318170428276062,10.040070533752441,-0.09902733564376831,1.3388259410858154,18.229829224419593,575.2538732877731
1777337096.946354,0.0741213783621788,0.31678342819213867,10.054023742675781,-0.1373928040266037,1.3936069011688232,18.15035994501114,576.053333555603
1777337097.005248,0.07444102317094803,0.31532007455825806,10.068859100341797,-0.15316684544086456,1.4794107675552368,18.06651592787504,576.9033372413635
1777337097.006071,0.07452087849378586,0.31392043828964233,10.085677146911621,-0.1469438672065735,1.6744959354400635,17.98632264815569,577.8669406740189
1777337097.0061288,0.07449810206890106,0.31262102723121643,10.101634979248047,-0.1338435709476471,1.5914419889450073,17.91187185203433,578.7812574440003
1777337097.006175,0.07430331408977509,0.3114889860153198,10.11776065826416,-0.10770662128925323,1.617760419845581,17.84701064493656,579.7051911237717
1777337097.006217,0.07402951270341873,0.31079283356666565,10.133362770080566,-0.07632353901863098,1.552976369857788,17.807124033468963,580.5991266019821
1777337097.006259,0.07356936484575272,0.3103524148464203,10.148262977600098,-0.04392016679048538,1.4901219606399536,17.781889890557526,581.4528459119797
1777337097.066601,0.07296343892812729,0.31007346510887146,10.163324356079102,-0.02747601829469204,1.5061640739440918,17.765907242184877,582.315799641037
1777337097.066699,0.0724257230758667,0.3098980188369751,10.177531242370605,-0.0182360652834177,1.4198923110961914,17.75585490767956,583.1297945566178
1777337097.066792,0.07180577516555786,0.3097074329853058,10.190762519836426,-0.010601694695651531,1.3313311338424683,17.744935138839484,583.8878911840438
1777337097.066837,0.07110816985368729,0.30978187918663025,10.206177711486816,-0.0034189822617918253,1.530354619026184,17.749200593501328,584.7711169218063
1777337097.066879,0.07059553265571594,0.3097715377807617,10.222466468811035,-0.0013131515588611364,1.6282449960708618,17.748608074378968,585.7043943037033
1777337097.126948,0.07008285820484161,0.30976125597953796,10.237796783447266,-0.0030664356891065836,1.5305156707763672,17.748018970352412,586.5827569450379
1777337097.12704,0.06975369155406952,0.30983707308769226,10.25512981414795,0.006944261025637388,1.7324023246765137,17.7523629722178,587.5758668054581
1777337097.1270862,0.06942441314458847,0.30991289019584656,10.271505355834961,0.009894732385873795,1.6395481824874878,17.756706974083187,588.5141165668488
1777337097.127129,0.0692535936832428,0.30990949273109436,10.286842346191406,-0.001040570205077529,1.5326378345489502,17.756512313622235,589.3928616989135
1777337097.127171,0.06937028467655182,0.3097214102745056,10.301993370056152,-0.01637277938425541,1.517612338066101,17.745735978806017,590.2609517320633
1777337097.1279612,0.06959714740514755,0.3085791766643524,10.315232276916504,-0.03813060745596886,1.3996273279190063,17.680290790325405,591.0194854917527
1777337097.1882,0.07006296515464783,0.30754342675209045,10.329538345336914,-0.07409903407096863,1.459616780281067,17.620946670502423,591.8391631267548
1777337097.18833,0.07060488313436508,0.30641332268714905,10.343748092651367,-0.11099456995725632,1.4227604866027832,17.556196454018355,592.6533219669342
1777337097.188381,0.071330226957798,0.305369108915329,10.359003067016602,-0.11930491030216217,1.510619878768921,17.496367390590905,593.5273679271698
1777337097.188427,0.07193760573863983,0.3046839237213135,10.375574111938477,-0.10062867403030396,1.624441385269165,17.45710915675163,594.4768192028046
1777337097.189327,0.07262589782476425,0.30418452620506287,10.392333984375,-0.07641517370939255,1.6490609645843506,17.42849577654004,595.4370895019531
1777337097.189389,0.0734960287809372,0.3039420247077942,10.4083890914917,-0.04546197131276131,1.584163784980774,17.414601459252836,596.35697970829
1777337097.2505229,0.07418001443147659,0.303955614566803,10.424703598022461,-0.018900517374277115,1.6106308698654175,17.41538010109663,597.2917324115754
1777337097.250619,0.07494606077671051,0.3039840757846832,10.440070152282715,-0.0014888100558891892,1.5320942401885986,17.417010809344053,598.17217143116
1777337097.250668,0.07570815086364746,0.3037329316139221,10.454201698303223,-0.008936460129916668,1.4291201829910278,17.40262130316496,598.9818496656418
1777337097.251457,0.0763828307390213,0.3033224046230316,10.469131469726562,-0.029052546247839928,1.5046643018722534,17.379099830800296,599.8372628631591
1777337097.2515142,0.07696332782506943,0.30281463265419006,10.48300552368164,-0.04666461423039436,1.3914278745651245,17.35000662962794,600.6321878837585
1777337097.251559,0.07754549384117126,0.30213600397109985,10.498625755310059,-0.05511270463466644,1.5742685794830322,17.311124056327344,601.5271615510941
1777337097.311628,0.07803729176521301,0.3016398251056671,10.515386581420898,-0.06267866492271423,1.662874698638916,17.28269509128928,602.4874864917755
1777337097.311732,0.07842130213975906,0.30113518238067627,10.53213882446289,-0.05325038731098175,1.671905755996704,17.25378118264675,603.4473196586608
1777337097.312562,0.07864503562450409,0.300880491733551,10.54914379119873,-0.04305335134267807,1.6828200817108154,17.23918847826719,604.4216328317642
1777337097.312625,0.0787934884428978,0.30054834485054016,10.566069602966309,-0.03267008066177368,1.6927108764648438,17.220157856887578,605.391410757637
1777337097.312735,0.07882212847471237,0.30012544989585876,10.581944465637207,-0.03145068138837814,1.5981751680374146,17.195927752143145,606.3009737142563
1777337097.312789,0.0788663774728775,0.29944276809692383,10.596603393554688,-0.04208827763795853,1.491685390472412,17.15681295232773,607.1408687164306
1777337097.3723211,0.0788474828004837,0.2981433868408203,10.611601829528809,-0.12971560657024384,1.5000324249267578,17.08236386375427,608.0002161043167
1777337097.373187,0.07873851805925369,0.2964046895503998,10.626163482666016,-0.1814848631620407,1.4483317136764526,16.982743811541795,608.8345376701355
1777337097.3732438,0.0784607008099556,0.29449114203453064,10.64150619506836,-0.1991005837917328,1.5226991176605225,16.87310557578206,609.7136106513977
1777337097.3732889,0.07799884676933289,0.29266253113746643,10.658854484558105,-0.1802246868610382,1.7406411170959473,16.76833385154605,610.7075947763443
1777337097.373332,0.07737451046705246,0.29125478863716125,10.67566204071045,-0.15287823975086212,1.6681842803955078,16.687676118797064,611.6705971521377
1777337097.373374,0.07681737095117569,0.2901213467121124,10.693704605102539,-0.10894700884819031,1.805255651473999,16.622734656947852,612.704360313034
1777337097.433036,0.07607243210077286,0.2894149422645569,10.710256576538086,-0.07688944786787033,1.6513423919677734,16.582260649001597,613.6527187580109
1777337097.433116,0.07542134821414948,0.2888052761554718,10.725945472717285,-0.06379030644893646,1.5658085346221924,16.547329341548682,614.551626615715
1777337097.4331598,0.07459929585456848,0.28819161653518677,10.740673065185547,-0.06873974949121475,1.4570252895355225,16.512169222676754,615.395455808258
1777337097.433205,0.0738704726099968,0.2872248888015747,10.756004333496094,-0.09180884063243866,1.546622395515442,16.456779783797263,616.2738730911254
1777337097.433245,0.07316848635673523,0.2860809564590454,10.771160125732422,-0.11580894887447357,1.5137898921966553,16.391237265086176,617.1422363319397
1777337097.4339352,0.07258211821317673,0.2847496271133423,10.787086486816406,-0.13964903354644775,1.5859473943710327,16.314957685160635,618.0547499313354
1777337097.493375,0.07218016684055328,0.28333377838134766,10.803886413574219,-0.14243002235889435,1.6789100170135498,16.233835499382018,619.0173151748658
1777337097.493473,0.07176961749792099,0.2821137011051178,10.821842193603516,-0.12756691873073578,1.789842128753662,16.163930195778608,620.0461059562683
1777337097.493521,0.07162811607122421,0.2811409831047058,10.839085578918457,-0.10372796654701233,1.717566728591919,16.108197539770604,621.0340795125961
1777337097.493566,0.07176215201616287,0.28035154938697815,10.856513023376465,-0.07695499807596207,1.744571566581726,16.062966303366423,622.0325988847733
1777337097.4944372,0.07188304513692856,0.27965059876441956,10.872110366821289,-0.0647946149110794,1.5648717880249023,16.02280477668643,622.9262611553193
1777337097.494591,0.07226400822401047,0.27894309163093567,10.88866138458252,-0.0769146978855133,1.648863434791565,15.982267589467764,623.8745649587631
1777337097.494642,0.07274222373962402,0.2779896557331085,10.904006004333496,-0.09636414796113968,1.5331801176071167,15.927639716953038,624.7537472230911
1777337097.494687,0.0733933225274086,0.2768683433532715,10.91822624206543,-0.1215323954820633,1.4125480651855469,15.863393227100373,625.5685071201325
1777337097.553762,0.07413524389266968,0.2755654454231262,10.936098098754883,-0.13184356689453125,1.7854697704315186,15.788742647874356,626.59248944664
1777337097.554655,0.07492302358150482,0.2743707001209259,10.954079627990723,-0.12791107594966888,1.789497971534729,15.720288759988547,627.6227555494308
1777337097.5547872,0.07581079006195068,0.2732485830783844,10.971174240112305,-0.11438317596912384,1.7072343826293945,15.655996166342497,628.6022050266266
1777337097.554838,0.07659495621919632,0.2723965048789978,10.988537788391113,-0.08106070756912231,1.7402338981628418,15.607175664246082,629.5970634160996
1777337097.614008,0.07743435353040695,0.27190712094306946,11.005306243896484,-0.05324599891901016,1.6719622611999512,15.57913602012992,630.5578254890441
1777337097.614198,0.07820238918066025,0.2714867889881134,11.02022647857666,-0.04286952689290047,1.4906938076019287,15.555052764505147,631.4126922712326
1777337097.6149728,0.07887062430381775,0.2709939777851105,11.036033630371094,-0.04630962386727333,1.5835882425308228,15.526816752380133,632.3183756790161
1777337097.61535,0.07964089512825012,0.2704025208950043,11.050782203674316,-0.061246607452631,1.4727767705917358,15.492928756695985,633.1634069852829
1777337097.615394,0.08024181425571442,0.2696359157562256,11.067272186279297,-0.07748027890920639,1.64767587184906,15.44900550198555,634.1082137306213
1777337097.615436,0.08080920577049255,0.2687934637069702,11.082728385925293,-0.09542891383171082,1.5343735218048096,15.400736537861825,634.9937890542984
1777337097.674706,0.08121997863054276,0.26768678426742554,11.10175609588623,-0.1061214879155159,1.906923532485962,15.33732845402956,636.0839969186783
1777337097.675526,0.08160825073719025,0.2665867507457733,11.119832038879395,-0.11483033746480942,1.802817940711975,15.274301153379678,637.119672533226
1777337097.6755872,0.08209900557994843,0.26538825035095215,11.13589096069336,-0.11580110341310501,1.6093119382858276,15.205632114458083,638.0397813056945
1777337097.675646,0.0825006440281868,0.26419931650161743,11.151960372924805,-0.11130312830209732,1.6145613193511963,15.137511198413373,638.960491135025
1777337097.675688,0.08281867951154709,0.263168603181839,11.166269302368164,-0.1037711426615715,1.4297922849655151,15.07845565418601,639.7803326946258
1777337097.6757288,0.08295540511608124,0.26205161213874817,11.181451797485352,-0.11686382442712784,1.5125313997268677,15.014456758779287,640.6502258983612
1777337097.735395,0.08300743997097015,0.2606008052825928,11.19629955291748,-0.13508278131484985,1.494257926940918,14.931331619310379,641.5009399240494
1777337097.735487,0.08298809081315994,0.2592190206050873,11.213134765625,-0.14228606224060059,1.6792404651641846,14.85216116078496,642.4655269042969
1777337097.7355342,0.08287268877029419,0.2580847442150116,11.229257583618164,-0.12468647211790085,1.6009531021118164,14.78717188759446,643.3892966594696
1777337097.7355762,0.0827479213476181,0.2571444809436798,11.245575904846191,-0.0917021781206131,1.6339373588562012,14.733298751252889,644.3242679288865
1777337097.735618,0.08269116282463074,0.25647807121276855,11.262167930603027,-0.06489552557468414,1.6608394384384155,14.695116272592545,645.2749213182449
1777337097.736372,0.08255773037672043,0.2562240958213806,11.278212547302246,-0.03547222167253494,1.594208002090454,14.680564549362659,646.19421046772
1777337097.736425,0.08231287449598312,0.2559857666492462,11.293314933776855,-0.01959933340549469,1.5142323970794678,14.66690928878188,647.059513782692
1777337097.736468,0.08207780867815018,0.25582975149154663,11.30849838256836,-0.008465241640806198,1.5250598192214966,14.657970275509358,647.9294616279602
1777337097.795527,0.08173637837171555,0.2558385133743286,11.32288932800293,0.00537042785435915,1.4434987306594849,14.658472294592856,648.7540023593903
1777337097.795614,0.0814744085073471,0.25603196024894714,11.337464332580566,0.016320111230015755,1.4543890953063965,14.669555988031625,649.5890889066696
1777337097.7963789,0.08111051470041275,0.2563231587409973,11.352136611938477,0.028855329379439354,1.466600775718689,14.686240438592433,650.4297488903046
1777337097.7964318,0.08066153526306152,0.25677230954170227,11.367925643920898,0.048932332545518875,1.5826873779296875,14.711974893039464,651.334394108963
1777337097.7964768,0.08020216971635818,0.25741490721702576,11.384867668151855,0.06553162634372711,1.6952934265136719,14.748793040925264,652.305100940895
1777337097.7965178,0.07972463965415955,0.25821274518966675,11.400047302246094,0.08693993091583252,1.5249011516571045,14.794505805838108,653.1748302200317
1777337097.8529751,0.07923316955566406,0.25937560200691223,11.416550636291504,0.10801795870065689,1.6419832706451416,14.861132617467641,654.1204019468307
1777337097.853805,0.07874082028865814,0.26053792238235474,11.433053016662598,0.1224370226264,1.6562304496765137,14.92772869323492,655.0659190320969
1777337097.853863,0.07816523313522339,0.26168593764305115,11.447624206542969,0.1212475374341011,1.4609651565551758,14.99350514600873,655.9007870132447
1777337097.913097,0.077571801841259,0.2627735137939453,11.463092803955078,0.10486102849245071,1.5454148054122925,15.055818691635132,656.7870726768493
1777337097.913187,0.07634424418210983,0.26394110918045044,11.47864055633545,0.07873649150133133,1.5166741609573364,15.122717003381252,657.6778935876846
1777337097.913234,0.07569428533315659,0.2639612853527069,11.4930419921875,0.04545705020427704,1.480834722518921,15.123873013311625,658.5030353759765
1777337097.9140108,0.07505380362272263,0.26406362652778625,11.508485794067383,0.016808677464723587,1.5533090829849243,15.129736732810736,659.3879003597259
1777337097.914067,0.07440970838069916,0.26433682441711426,11.52409839630127,0.01577351987361908,1.5494136810302734,15.145389824438094,660.2824368947983
1777337097.914111,0.07385331392288208,0.2648777961730957,11.54094123840332,0.02934279292821884,1.653206467628479,15.176385233974457,661.247461007309
1777337097.9736478,0.0731903612613678,0.2656870186328888,11.557089805603027,0.052262719720602036,1.5919060707092285,15.22275028218627,662.1727060838699
1777337097.973761,0.07255259901285172,0.26663827896118164,11.57242202758789,0.07816354185342789,1.5159574747085571,15.27725350370407,663.0511780082703
1777337097.974636,0.07190724462270737,0.26761215925216675,11.587777137756348,0.09641271829605103,1.534517526626587,15.333052754080295,663.9309613294602
1777337097.974813,0.07126682251691818,0.2688397467136383,11.602426528930664,0.11233905702829361,1.4541041851043701,15.403388359755278,664.7703099163056
1777337097.974859,0.07082812488079071,0.26972466707229614,11.615776062011719,0.11603428423404694,1.362143874168396,15.454090579640866,665.535182093811
1777337097.974903,0.07032046467065811,0.2705063819885254,11.629980087280273,0.09867669641971588,1.4409732818603516,15.498879561138153,666.3490130847931
1777337097.974945,0.06990963965654373,0.2709364593029022,11.642874717712402,0.07633225619792938,1.3224108219146729,15.523521184927224,667.0878212511062
1777337098.034376,0.06952186673879623,0.2713610529899597,11.656722068786621,0.05137711763381958,1.3932764530181885,15.547848619902133,667.8812163087845
1777337098.034477,0.06924379616975784,0.2716237008571625,11.671367645263672,0.033186208456754684,1.467144250869751,15.562897239571809,668.7203463294983
1777337098.034524,0.06906416267156601,0.27196043729782104,11.68608570098877,0.029040541499853134,1.46865713596344,15.582190823328496,669.5636291067124
1777337098.0345678,0.0688834935426712,0.2725750505924225,11.702040672302246,0.03706654906272888,1.571013331413269,15.617405583733321,670.477781952095
1777337098.03461,0.06895892322063446,0.2733577489852905,11.717203140258789,0.05638733133673668,1.4939656257629395,15.662250914311409,671.3465276836396
1777337098.0353868,0.06896071135997772,0.2744866907596588,11.73271369934082,0.0830739438533783,1.5207116603851318,15.72693453642726,672.2352175746918
1777337098.035611,0.06902404874563217,0.275782972574234,11.747432708740234,0.11455146968364716,1.45637845993042,15.801206040018798,673.0785549934387
1777337098.035656,0.06909066438674927,0.27718621492385864,11.762259483337402,0.1453607827425003,1.4875566959381104,15.88160593303442,673.9280669054032
1777337098.094285,0.06933539360761642,0.27857106924057007,11.775150299072266,0.14336568117141724,1.2938873767852783,15.960952268993854,674.6666565055847
1777337098.094367,0.0695776715874672,0.2798089385032654,11.788851737976074,0.12728430330753326,1.3734232187271118,16.031876978695394,675.4516914087295
1777337098.095134,0.0699271485209465,0.280778169631958,11.802284240722656,0.10178980231285095,1.3477418422698975,16.08740985159874,676.2213173995972
1777337098.095187,0.0703597217798233,0.2814839780330658,11.816411972045898,0.07443424314260483,1.4166018962860107,16.127849708586933,677.0307770679474
1777337098.152555,0.07061119377613068,0.2821011543273926,11.830451965332031,0.06500408053398132,1.4067692756652832,16.16321131811142,677.835209715271
1777337098.152647,0.07102982699871063,0.28289517760276794,11.845627784729004,0.07844524085521698,1.516393780708313,16.20870551689267,678.704720428276
1777337098.152695,0.07142356038093567,0.28397324681282043,11.861087799072266,0.11147010326385498,1.549323320388794,16.270474354737996,679.5905143180847
