Timestamp,Theta_rad,Gamma_rad,Phi_rad,Dgamma_radps,Dphi_radps,Gamma_deg,Phi_deg
1777333645.465757,0.08693534135818481,-0.09817115217447281,1.9382506608963013,-0.0002838408399838954,-0.0002838408399838954,-5.62479470075816,111.0536222165823
1777333645.466923,0.08693534135818481,-0.09817115217447281,1.9382506608963013,0.0012893761740997434,0.0012893761740997434,-5.62479470075816,111.0536222165823
1777333645.4669728,0.08693534135818481,-0.09817115217447281,1.9382506608963013,-0.0008829669677652419,-0.0008829669677652419,-5.62479470075816,111.0536222165823
1777333645.517639,0.08693534135818481,-0.09817115217447281,1.9382506608963013,0.004287346266210079,0.004287346266210079,-5.62479470075816,111.0536222165823
1777333645.517715,0.08693534135818481,-0.09817115217447281,1.9382506608963013,-0.0002931591297965497,-0.0002931591297965497,-5.62479470075816,111.0536222165823
1777333645.5346801,0.08693534135818481,-0.09817115217447281,1.9382506608963013,-0.002068411558866501,-0.002068411558866501,-5.62479470075816,111.0536222165823
1777333645.534768,0.08693534135818481,-0.09817115217447281,1.9382506608963013,-0.0002931591297965497,-0.0002931591297965497,-5.62479470075816,111.0536222165823
1777333645.534814,0.08693534135818481,-0.09817115217447281,1.9382506608963013,-9.461360605200753e-05,-9.461360605200753e-05,-5.62479470075816,111.0536222165823
1777333645.6095738,0.08693534135818481,-0.09817115217447281,1.9382506608963013,-0.000996217131614685,-0.000996217131614685,-5.62479470075816,111.0536222165823
1777333645.6096482,0.08693534135818481,-0.09817115217447281,1.9382506608963013,-0.00020786377717740834,-0.00020786377717740834,-5.62479470075816,111.0536222165823
1777333645.6103702,0.08693534135818481,-0.09817115217447281,1.9382506608963013,-0.0010815125424414873,-0.0010815125424414873,-5.62479470075816,111.0536222165823
1777333645.6104262,0.08693534135818481,-0.09817115217447281,1.9382506608963013,-0.0009868989000096917,-0.0009868989000096917,-5.62479470075816,111.0536222165823
1777333645.610469,0.08693534135818481,-0.09817115217447281,1.9382506608963013,-0.000892285315785557,-0.000892285315785557,-5.62479470075816,111.0536222165823
1777333645.6105092,0.08693534135818481,-0.09817115217447281,1.9382506608963013,-0.0012707397108897567,-0.0012707397108897567,-5.62479470075816,111.0536222165823
1777333645.61055,0.08693534135818481,-0.09817115217447281,1.9382506608963013,0.002068411558866501,0.002068411558866501,-5.62479470075816,111.0536222165823
1777333645.611029,0.08693534135818481,-0.09817115217447281,1.9382506608963013,-9.461360605200753e-05,-9.461360605200753e-05,-5.62479470075816,111.0536222165823
1777333645.611079,0.08693534135818481,-0.09817115217447281,1.9382506608963013,-0.0019737978000193834,-0.0019737978000193834,-5.62479470075816,111.0536222165823
1777333645.6661491,0.08693534135818481,-0.09817115217447281,1.9382506608963013,0.001176126184873283,0.001176126184873283,-5.62479470075816,111.0536222165823
1777333645.6662421,0.08693534135818481,-0.09817115217447281,1.9382506608963013,0.0002838408399838954,0.0002838408399838954,-5.62479470075816,111.0536222165823
1777333645.6662898,0.08693534135818481,-0.09817115217447281,1.9382506608963013,-0.0007123763207346201,-0.0007123763207346201,-5.62479470075816,111.0536222165823
1777333645.666964,0.08693534135818481,-0.09817115217447281,1.9382506608963013,0.0022855934221297503,0.0022855934221297503,-5.62479470075816,111.0536222165823
1777333645.6670148,0.08693534135818481,-0.09817115217447281,1.9382506608963013,0.0010815125424414873,0.0010815125424414873,-5.62479470075816,111.0536222165823
1777333645.6670568,0.08693534135818481,-0.09817115217447281,1.9382506608963013,0.0022855934221297503,0.0022855934221297503,-5.62479470075816,111.0536222165823
1777333645.724158,0.08693534135818481,-0.09817115217447281,1.9382506608963013,-0.0002838408399838954,-0.0002838408399838954,-5.62479470075816,111.0536222165823
1777333645.724246,0.08693534135818481,-0.09817115217447281,1.9382506608963013,-1.8636563254403882e-05,-1.8636563254403882e-05,-5.62479470075816,111.0536222165823
1777333645.7249331,0.08693534135818481,-0.09817115217447281,1.9382506608963013,1.8636563254403882e-05,1.8636563254403882e-05,-5.62479470075816,111.0536222165823
1777333645.724994,0.08693534135818481,-0.09817115217447281,1.9382506608963013,9.318281627201941e-06,9.318281627201941e-06,-5.62479470075816,111.0536222165823
1777333645.7250361,0.08693534135818481,-0.09817115217447281,1.9382506608963013,0.0002838408399838954,0.0002838408399838954,-5.62479470075816,111.0536222165823
1777333645.725077,0.08693534135818481,-0.09817115217447281,1.9382506608963013,0.0007123763207346201,0.0007123763207346201,-5.62479470075816,111.0536222165823
1777333645.78124,0.08693534135818481,-0.09817115217447281,1.9382506608963013,-0.002456184010952711,-0.002456184010952711,-5.62479470075816,111.0536222165823
1777333645.7819898,0.08693534135818481,-0.09817115217447281,1.9382506608963013,-0.0008829669677652419,-0.0008829669677652419,-5.62479470075816,111.0536222165823
1777333645.782045,0.08693534135818481,-0.09817115217447281,1.9382506608963013,0.002389525296166539,0.002389525296166539,-5.62479470075816,111.0536222165823
1777333645.78209,0.08693534135818481,-0.09817115217447281,1.9382506608963013,0.001100149005651474,0.001100149005651474,-5.62479470075816,111.0536222165823
1777333645.782131,0.08693534135818481,-0.09817115217447281,1.9382506608963013,0.0005991261568851769,0.0005991261568851769,-5.62479470075816,111.0536222165823
1777333645.7821708,0.08693534135818481,-0.09817115217447281,1.9382506608963013,-0.0023708888329565525,-0.0023708888329565525,-5.62479470075816,111.0536222165823
1777333645.835912,0.08693534135818481,-0.09817115217447281,1.9382506608963013,0.00020786377717740834,0.00020786377717740834,-5.62479470075816,111.0536222165823
1777333645.8360069,0.08693534135818481,-0.09817115217447281,1.9382506608963013,0.001983115915209055,0.001983115915209055,-5.62479470075816,111.0536222165823
1777333645.836053,0.08693534135818481,-0.09817115217447281,1.9382506608963013,0.0010815125424414873,0.0010815125424414873,-5.62479470075816,111.0536222165823
1777333645.867141,0.08693534135818481,-0.09817115217447281,1.9382506608963013,-0.0010815125424414873,-0.0010815125424414873,-5.62479470075816,111.0536222165823
1777333645.867232,0.08693534135818481,-0.09817115217447281,1.9382506608963013,0.001176126184873283,0.001176126184873283,-5.62479470075816,111.0536222165823
1777333645.86795,0.08693534135818481,-0.09817115217447281,1.9382506608963013,0.0011854444164782763,0.0011854444164782763,-5.62479470075816,111.0536222165823
1777333645.922997,0.08693534135818481,-0.09817115217447281,1.9382506608963013,0.0016713202930986881,0.0016713202930986881,-5.62479470075816,111.0536222165823
1777333645.923091,0.08693534135818481,-0.09817115217447281,1.9382506608963013,-0.00017990893684327602,-0.00017990893684327602,-5.62479470075816,111.0536222165823
1777333645.923137,0.08693534135818481,-0.09817115217447281,1.9382506608963013,0.0013653533533215523,0.0013653533533215523,-5.62479470075816,111.0536222165823
1777333645.92318,0.08693534135818481,-0.09817115217447281,1.9382506608963013,0.0011947626480832696,0.0011947626480832696,-5.62479470075816,111.0536222165823
1777333645.923873,0.08693534135818481,-0.09817115217447281,1.9382506608963013,0.00019854548736475408,0.00019854548736475408,-5.62479470075816,111.0536222165823
1777333645.923926,0.08693534135818481,-0.09817115217447281,1.9382506608963013,9.318281627201941e-06,9.318281627201941e-06,-5.62479470075816,111.0536222165823
1777333645.9801059,0.08693534135818481,-0.09817115217447281,1.9382506608963013,0.002200298011302948,0.002200298011302948,-5.62479470075816,111.0536222165823
1777333645.980191,0.08693534135818481,-0.09817115217447281,1.9382506608963013,0.00017990893684327602,0.00017990893684327602,-5.62479470075816,111.0536222165823
1777333645.980237,0.08693534135818481,-0.09817115217447281,1.9382506608963013,0.0021056844852864742,0.0021056844852864742,-5.62479470075816,111.0536222165823
1777333645.980893,0.08693534135818481,-0.09817115217447281,1.9382506608963013,0.0031019016169011593,0.0031019016169011593,-5.62479470075816,111.0536222165823
1777333645.980944,0.08693534135818481,-0.09817115217447281,1.9382506608963013,0.002200298011302948,0.002200298011302948,-5.62479470075816,111.0536222165823
1777333645.9818492,0.08693534135818481,-0.09817115217447281,1.9382506608963013,-0.0009775805519893765,-0.0009775805519893765,-5.62479470075816,111.0536222165823
1777333646.036043,0.08693534135818481,-0.09817115217447281,1.9382506608963013,0.0010815125424414873,0.0010815125424414873,-5.62479470075816,111.0536222165823
1777333646.036133,0.08693534135818481,-0.09817115217447281,1.9382506608963013,2.7954845791100524e-05,2.7954845791100524e-05,-5.62479470075816,111.0536222165823
1777333646.0367959,0.08693534135818481,-0.09817115217447281,1.9382506608963013,-0.0025414794217795134,-0.0025414794217795134,-5.62479470075816,111.0536222165823
1777333646.03685,0.08693534135818481,-0.09817115217447281,1.9382506608963013,-0.001100149005651474,-0.001100149005651474,-5.62479470075816,111.0536222165823
1777333646.036893,0.08693534135818481,-0.09817115217447281,1.9382506608963013,0.003064628690481186,0.003064628690481186,-5.62479470075816,111.0536222165823
1777333646.036934,0.08693534135818481,-0.09817115217447281,1.9382506608963013,-0.0003024773905053735,-0.0003024773905053735,-5.62479470075816,111.0536222165823
1777333646.090424,0.08693534135818481,-0.09817115217447281,1.9382506608963013,-0.00226695672608912,-0.00226695672608912,-5.62479470075816,111.0536222165823
1777333646.091101,0.08693534135818481,-0.09817115217447281,1.9382506608963013,0.002921992912888527,0.002921992912888527,-5.62479470075816,111.0536222165823
1777333646.091153,0.08693534135818481,-0.09817115217447281,1.9382506608963013,0.0007976717315614223,0.0007976717315614223,-5.62479470075816,111.0536222165823
1777333646.0911958,0.08693534135818481,-0.09817115217447281,1.9382506608963013,-0.001983115915209055,-0.001983115915209055,-5.62479470075816,111.0536222165823
1777333646.091236,0.08693534135818481,-0.09817115217447281,1.9382506608963013,-0.001176126184873283,-0.001176126184873283,-5.62479470075816,111.0536222165823
1777333646.145362,0.08693534135818481,-0.09817115217447281,1.9382506608963013,-0.0008736487361602485,-0.0008736487361602485,-5.62479470075816,111.0536222165823
1777333646.146063,0.08693534135818481,-0.09817115217447281,1.9382506608963013,0.0011854444164782763,0.0011854444164782763,-5.62479470075816,111.0536222165823
1777333646.1461198,0.08693534135818481,-0.09817115217447281,1.9382506608963013,-0.00017990893684327602,-0.00017990893684327602,-5.62479470075816,111.0536222165823
1777333646.146164,0.08693534135818481,-0.09817115217447281,1.9382506608963013,0.0009016035473905504,0.0009016035473905504,-5.62479470075816,111.0536222165823
1777333646.146205,0.08693534135818481,-0.09817115217447281,1.9382506608963013,-0.0008069899631664157,-0.0008069899631664157,-5.62479470075816,111.0536222165823
1777333646.146245,0.08693534135818481,-0.09817115217447281,1.9382506608963013,0.0010721941944211721,0.0010721941944211721,-5.62479470075816,111.0536222165823
1777333646.2012942,0.08693534135818481,-0.09817115217447281,1.9382506608963013,-0.00011325017112540081,-0.00011325017112540081,-5.62479470075816,111.0536222165823
1777333646.2013938,0.08693534135818481,-0.09817115217447281,1.9382506608963013,-0.001383989816531539,-0.001383989816531539,-5.62479470075816,111.0536222165823
1777333646.201441,0.08693534135818481,-0.09817115217447281,1.9382506608963013,-0.00018922721210401505,-0.00018922721210401505,-5.62479470075816,111.0536222165823
1777333646.201484,0.08693534135818481,-0.09817115217447281,1.9382506608963013,-0.00010393188858870417,-0.00010393188858870417,-5.62479470075816,111.0536222165823
1777333646.201525,0.08693534135818481,-0.09817115217447281,1.9382506608963013,0.0010815125424414873,0.0010815125424414873,-5.62479470075816,111.0536222165823
1777333646.2022028,0.08693534135818481,-0.09817115217447281,1.9382506608963013,-8.529532351531088e-05,-8.529532351531088e-05,-5.62479470075816,111.0536222165823
1777333646.256547,0.08693534135818481,-0.09817115217447281,1.9382506608963013,-0.002276275074109435,-0.002276275074109435,-5.62479470075816,111.0536222165823
1777333646.256632,0.08693534135818481,-0.09817115217447281,1.9382506608963013,0.000892285315785557,0.000892285315785557,-5.62479470075816,111.0536222165823
1777333646.2566772,0.08693534135818481,-0.09817115217447281,1.9382506608963013,-0.0011947626480832696,-0.0011947626480832696,-5.62479470075816,111.0536222165823
1777333646.288217,0.08693534135818481,-0.09817115217447281,1.9382506608963013,-9.461360605200753e-05,-9.461360605200753e-05,-5.62479470075816,111.0536222165823
1777333646.289064,0.08693534135818481,-0.09817115217447281,1.9382506608963013,-9.461360605200753e-05,-9.461360605200753e-05,-5.62479470075816,111.0536222165823
1777333646.289123,0.08693534135818481,-0.09817115217447281,1.9382506608963013,-0.0017938887467607856,-0.0017938887467607856,-5.62479470075816,111.0536222165823
1777333646.345516,0.08693534135818481,-0.09817115217447281,1.9382506608963013,0.0024655023589730263,0.0024655023589730263,-5.62479470075816,111.0536222165823
1777333646.345621,0.08693534135818481,-0.09817115217447281,1.9382506608963013,0.0010908307740464807,0.0010908307740464807,-5.62479470075816,111.0536222165823
1777333646.3456671,0.08693534135818481,-0.09817115217447281,1.9382506608963013,0.001100149005651474,0.001100149005651474,-5.62479470075816,111.0536222165823
1777333646.346373,0.08693534135818481,-0.09817115217447281,1.9382506608963013,0.0024655023589730263,0.0024655023589730263,-5.62479470075816,111.0536222165823
1777333646.346426,0.08693534135818481,-0.09817115217447281,1.9382506608963013,0.0021909798961132765,0.0021909798961132765,-5.62479470075816,111.0536222165823
1777333646.3464682,0.08693534135818481,-0.09817115217447281,1.9382506608963013,0.0009016035473905504,0.0009016035473905504,-5.62479470075816,111.0536222165823
1777333646.403808,0.08693534135818481,-0.09817115217447281,1.9382506608963013,0.0009202401270158589,0.0009202401270158589,-5.62479470075816,111.0536222165823
1777333646.403897,0.08693534135818481,-0.09817115217447281,1.9382506608963013,0.0023615704849362373,0.0023615704849362373,-5.62479470075816,111.0536222165823
1777333646.4045591,0.08693534135818481,-0.09817115217447281,1.9382506608963013,0.0013746715849265456,0.0013746715849265456,-5.62479470075816,111.0536222165823
1777333646.404613,0.08693534135818481,-0.09817115217447281,1.9382506608963013,0.000996217131614685,0.000996217131614685,-5.62479470075816,111.0536222165823
1777333646.4046552,0.08693534135818481,-0.09817115217447281,1.9382506608963013,-0.0005769999697804451,-0.0005769999697804451,-5.62479470075816,111.0536222165823
1777333646.4046972,0.08693534135818481,-0.09817115217447281,1.9382506608963013,9.461360605200753e-05,9.461360605200753e-05,-5.62479470075816,111.0536222165823
1777333646.4611259,0.08693534135818481,-0.09817115217447281,1.9382506608963013,0.0022949115373194218,0.0022949115373194218,-5.62479470075816,111.0536222165823
1777333646.4618208,0.08693534135818481,-0.09817115217447281,1.9382506608963013,0.00020786377717740834,0.00020786377717740834,-5.62479470075816,111.0536222165823
1777333646.461877,0.08693534135818481,-0.09817115217447281,1.9382506608963013,0.0011094673536717892,0.0011094673536717892,-5.62479470075816,111.0536222165823
1777333646.46192,0.08693534135818481,-0.09817115217447281,1.9382506608963013,-0.001497240038588643,-0.001497240038588643,-5.62479470075816,111.0536222165823
1777333646.461962,0.08693534135818481,-0.09817115217447281,1.9382506608963013,-0.0,-0.0,-5.62479470075816,111.0536222165823
1777333646.4620008,0.08693534135818481,-0.09817115217447281,1.9382506608963013,-0.0020963663700968027,-0.0020963663700968027,-5.62479470075816,111.0536222165823
1777333646.517288,0.08693534135818481,-0.09817115217447281,1.9382506608963013,-0.0024282291997224092,-0.0024282291997224092,-5.62479470075816,111.0536222165823
1777333646.517376,0.08693534135818481,-0.09817115217447281,1.9382506608963013,0.0010721941944211721,0.0010721941944211721,-5.62479470075816,111.0536222165823
1777333646.517422,0.08693534135818481,-0.09817115217447281,1.9382506608963013,-0.0011947626480832696,-0.0011947626480832696,-5.62479470075816,111.0536222165823
1777333646.517465,0.08693534135818481,-0.09817115217447281,1.9382506608963013,0.0009202401270158589,0.0009202401270158589,-5.62479470075816,111.0536222165823
1777333646.517565,0.08693534135818481,-0.09817115217447281,1.9382506608963013,0.00011325017112540081,0.00011325017112540081,-5.62479470075816,111.0536222165823
1777333646.5182579,0.08693534135818481,-0.09817115217447281,1.9382506608963013,-9.461360605200753e-05,-9.461360605200753e-05,-5.62479470075816,111.0536222165823
1777333646.5725498,0.08693534135818481,-0.09817115217447281,1.9382506608963013,0.000816308194771409,0.000816308194771409,-5.62479470075816,111.0536222165823
1777333646.572635,0.08693534135818481,-0.09817115217447281,1.9382506608963013,-0.0011668078368529677,-0.0011668078368529677,-5.62479470075816,111.0536222165823
1777333646.57268,0.08693534135818481,-0.09817115217447281,1.9382506608963013,0.002276275074109435,0.002276275074109435,-5.62479470075816,111.0536222165823
1777333646.572722,0.08693534135818481,-0.09817115217447281,1.9382506608963013,-9.461360605200753e-05,-9.461360605200753e-05,-5.62479470075816,111.0536222165823
1777333646.573382,0.08693534135818481,-0.09817115217447281,1.9382506608963013,-0.0022576386108994484,-0.0022576386108994484,-5.62479470075816,111.0536222165823
1777333646.5734332,0.08693534135818481,-0.09817115217447281,1.9382506608963013,-0.0006177627365104854,-0.0006177627365104854,-5.62479470075816,111.0536222165823
1777333646.6275089,0.08693534135818481,-0.09817115217447281,1.9382506608963013,-0.001100149005651474,-0.001100149005651474,-5.62479470075816,111.0536222165823
1777333646.627591,0.08693534135818481,-0.09817115217447281,1.9382506608963013,-0.0009016035473905504,-0.0009016035473905504,-5.62479470075816,111.0536222165823
1777333646.627636,0.08693534135818481,-0.09817115217447281,1.9382506608963013,-0.001176126184873283,-0.001176126184873283,-5.62479470075816,111.0536222165823
1777333646.6282828,0.08693534135818481,-0.09817115217447281,1.9382506608963013,-0.00010393188858870417,-0.00010393188858870417,-5.62479470075816,111.0536222165823
1777333646.6283362,0.08693534135818481,-0.09817115217447281,1.9382506608963013,-8.529532351531088e-05,-8.529532351531088e-05,-5.62479470075816,111.0536222165823
1777333646.681854,0.08693534135818481,-0.09817115217447281,1.9382506608963013,0.0008349447743967175,0.0008349447743967175,-5.62479470075816,111.0536222165823
1777333646.681959,0.08693534135818481,-0.09817115217447281,1.9382506608963013,0.0009109217789955437,0.0009109217789955437,-5.62479470075816,111.0536222165823
1777333646.682005,0.08693534135818481,-0.09817115217447281,1.9382506608963013,-7.597704097861424e-05,-7.597704097861424e-05,-5.62479470075816,111.0536222165823
1777333646.682664,0.08693534135818481,-0.09817115217447281,1.9382506608963013,-0.0012521031312644482,-0.0012521031312644482,-5.62479470075816,111.0536222165823
1777333646.6827168,0.08693534135818481,-0.09817115217447281,1.9382506608963013,-0.00026520428946241736,-0.00026520428946241736,-5.62479470075816,111.0536222165823
1777333646.6827588,0.08693534135818481,-0.09817115217447281,1.9382506608963013,-6.66587584419176e-05,-6.66587584419176e-05,-5.62479470075816,111.0536222165823
1777333646.736914,0.08693534135818481,-0.09817115217447281,1.9382506608963013,-0.0023708888329565525,-0.0023708888329565525,-5.62479470075816,111.0536222165823
1777333646.737003,0.08693534135818481,-0.09817115217447281,1.9382506608963013,-0.0011947626480832696,-0.0011947626480832696,-5.62479470075816,111.0536222165823
1777333646.737671,0.08693534135818481,-0.09817115217447281,1.9382506608963013,9.461360605200753e-05,9.461360605200753e-05,-5.62479470075816,111.0536222165823
1777333646.791754,0.08693534135818481,-0.09817115217447281,1.9382506608963013,-0.0009775805519893765,-0.0009775805519893765,-5.62479470075816,111.0536222165823
1777333646.791845,0.08693534135818481,-0.09817115217447281,1.9382506608963013,-0.0008069899631664157,-0.0008069899631664157,-5.62479470075816,111.0536222165823
1777333646.79189,0.08693534135818481,-0.09817115217447281,1.9382506608963013,-0.0011668078368529677,-0.0011668078368529677,-5.62479470075816,111.0536222165823
1777333646.791935,0.08693534135818481,-0.09817115217447281,1.9382506608963013,-0.00036913613439537585,-0.00036913613439537585,-5.62479470075816,111.0536222165823
1777333646.792581,0.08693534135818481,-0.09817115217447281,1.9382506608963013,-0.0042500728741288185,-0.0042500728741288185,-5.62479470075816,111.0536222165823
1777333646.7926311,0.08693534135818481,-0.09817115217447281,1.9382506608963013,-0.00011325017112540081,-0.00011325017112540081,-5.62479470075816,111.0536222165823
1777333646.847449,0.08693534135818481,-0.09817115217447281,1.9382506608963013,-0.00020786377717740834,-0.00020786377717740834,-5.62479470075816,111.0536222165823
1777333646.8475351,0.08693534135818481,-0.09817115217447281,1.9382506608963013,-0.003253855975344777,-0.003253855975344777,-5.62479470075816,111.0536222165823
1777333646.84758,0.08693534135818481,-0.09817115217447281,1.9382506608963013,-0.0010908307740464807,-0.0010908307740464807,-5.62479470075816,111.0536222165823
1777333646.848267,0.08693534135818481,-0.09817115217447281,1.9382506608963013,-0.0023802071809768677,-0.0023802071809768677,-5.62479470075816,111.0536222165823
1777333646.848317,0.08693534135818481,-0.09817115217447281,1.9382506608963013,-0.004278027918189764,-0.004278027918189764,-5.62479470075816,111.0536222165823
1777333646.8483672,0.08693534135818481,-0.09817115217447281,1.9382506608963013,-0.0023802071809768677,-0.0023802071809768677,-5.62479470075816,111.0536222165823
1777333646.902702,0.08693534135818481,-0.09817115217447281,1.9382506608963013,0.0009016035473905504,0.0009016035473905504,-5.62479470075816,111.0536222165823
1777333646.902783,0.08693534135818481,-0.09817115217447281,1.9382506608963013,0.0013080127537250519,0.0013080127537250519,-5.62479470075816,111.0536222165823
1777333646.90346,0.08693534135818481,-0.09817115217447281,1.9382506608963013,-0.0010815125424414873,-0.0010815125424414873,-5.62479470075816,111.0536222165823
1777333646.9035158,0.08693534135818481,-0.09817115217447281,1.9382506608963013,-0.0010815125424414873,-0.0010815125424414873,-5.62479470075816,111.0536222165823
1777333646.9035578,0.08693534135818481,-0.09817115217447281,1.9382506608963013,0.00012256845366209745,0.00012256845366209745,-5.62479470075816,111.0536222165823
1777333646.903599,0.08693534135818481,-0.09817115217447281,1.9382506608963013,9.461360605200753e-05,9.461360605200753e-05,-5.62479470075816,111.0536222165823
1777333646.958813,0.08693534135818481,-0.09817115217447281,1.9382506608963013,-0.0022855934221297503,-0.0022855934221297503,-5.62479470075816,111.0536222165823
1777333646.959518,0.08693534135818481,-0.09817115217447281,1.9382506608963013,-0.004656482487916946,-0.004656482487916946,-5.62479470075816,111.0536222165823
1777333646.9595761,0.08693534135818481,-0.09817115217447281,1.9382506608963013,-0.0032631740905344486,-0.0032631740905344486,-5.62479470075816,111.0536222165823
1777333646.9596171,0.08693534135818481,-0.09817115217447281,1.9382506608963013,0.0023615704849362373,0.0023615704849362373,-5.62479470075816,111.0536222165823
1777333646.959658,0.08693534135818481,-0.09817115217447281,1.9382506608963013,0.0006177627365104854,0.0006177627365104854,-5.62479470075816,111.0536222165823
1777333646.959699,0.08693534135818481,-0.09817115217447281,1.9382506608963013,-0.0016957856714725494,-0.0016957856714725494,-5.62479470075816,111.0536222165823
1777333647.0142488,0.08693534135818481,-0.09817115217447281,1.9382506608963013,-9.318281627201941e-06,-9.318281627201941e-06,-5.62479470075816,111.0536222165823
1777333647.014336,0.08693534135818481,-0.09817115217447281,1.9382506608963013,-0.003281810786575079,-0.003281810786575079,-5.62479470075816,111.0536222165823
1777333647.0143821,0.08693534135818481,-0.09817115217447281,1.9382506608963013,0.001983115915209055,0.001983115915209055,-5.62479470075816,111.0536222165823
1777333647.014424,0.08693534135818481,-0.09817115217447281,1.9382506608963013,-0.00017059064703062177,-0.00017059064703062177,-5.62479470075816,111.0536222165823
1777333647.014465,0.08693534135818481,-0.09817115217447281,1.9382506608963013,-0.001176126184873283,-0.001176126184873283,-5.62479470075816,111.0536222165823
1777333647.069639,0.08693534135818481,-0.09817115217447281,1.9382506608963013,-0.0008069899631664157,-0.0008069899631664157,-5.62479470075816,111.0536222165823
1777333647.069737,0.08693534135818481,-0.09817115217447281,1.9382506608963013,9.461360605200753e-05,9.461360605200753e-05,-5.62479470075816,111.0536222165823
1777333647.0697868,0.08693534135818481,-0.09817115217447281,1.9382506608963013,-0.0011854444164782763,-0.0011854444164782763,-5.62479470075816,111.0536222165823
1777333647.101185,0.08693534135818481,-0.09817115217447281,1.9382506608963013,-0.0011854444164782763,-0.0011854444164782763,-5.62479470075816,111.0536222165823
1777333647.101269,0.08693534135818481,-0.09817115217447281,1.9382506608963013,0.00027452255017124116,0.00027452255017124116,-5.62479470075816,111.0536222165823
1777333647.1019719,0.08693534135818481,-0.09817115217447281,1.9382506608963013,-0.00017059064703062177,-0.00017059064703062177,-5.62479470075816,111.0536222165823
1777333647.102025,0.08693534135818481,-0.09817115217447281,1.9382506608963013,0.000816308194771409,0.000816308194771409,-5.62479470075816,111.0536222165823
1777333647.1020658,0.08693534135818481,-0.09817115217447281,1.9382506608963013,0.0007790351519361138,0.0007790351519361138,-5.62479470075816,111.0536222165823
1777333647.1021068,0.08693534135818481,-0.09817115217447281,1.9382506608963013,-0.0003024773905053735,-0.0003024773905053735,-5.62479470075816,111.0536222165823
1777333647.157939,0.08693534135818481,-0.09817115217447281,1.9382506608963013,-0.0010908307740464807,-0.0010908307740464807,-5.62479470075816,111.0536222165823
1777333647.158676,0.08693534135818481,-0.09817115217447281,1.9382506608963013,-0.0022576386108994484,-0.0022576386108994484,-5.62479470075816,111.0536222165823
1777333647.158731,0.08693534135818481,-0.09817115217447281,1.9382506608963013,0.000996217131614685,0.000996217131614685,-5.62479470075816,111.0536222165823
1777333647.213366,0.08693534135818481,-0.09817115217447281,1.9382506608963013,-0.0,-0.0,-5.62479470075816,111.0536222165823
1777333647.2134368,0.08693534135818481,-0.09817115217447281,1.9382506608963013,-0.002389525296166539,-0.002389525296166539,-5.62479470075816,111.0536222165823
1777333647.2134778,0.08693534135818481,-0.09817115217447281,1.9382506608963013,-0.0011854444164782763,-0.0011854444164782763,-5.62479470075816,111.0536222165823
1777333647.214106,0.08693534135818481,-0.09817115217447281,1.9382506608963013,0.003168560564517975,0.003168560564517975,-5.62479470075816,111.0536222165823
1777333647.214154,0.08693534135818481,-0.09817115217447281,1.9382506608963013,0.0009016035473905504,0.0009016035473905504,-5.62479470075816,111.0536222165823
1777333647.214195,0.08693534135818481,-0.09817115217447281,1.9382506608963013,0.0023615704849362373,0.0023615704849362373,-5.62479470075816,111.0536222165823
1777333647.2698948,0.08693534135818481,-0.09817115217447281,1.9382506608963013,-0.0010815125424414873,-0.0010815125424414873,-5.62479470075816,111.0536222165823
1777333647.269989,0.08693534135818481,-0.09817115217447281,1.9382506608963013,0.0010628759628161788,0.0010628759628161788,-5.62479470075816,111.0536222165823
1777333647.270653,0.08693534135818481,-0.09817115217447281,1.9382506608963013,6.66587584419176e-05,6.66587584419176e-05,-5.62479470075816,111.0536222165823
1777333647.270708,0.08693534135818481,-0.09817115217447281,1.9382506608963013,-8.529532351531088e-05,-8.529532351531088e-05,-5.62479470075816,111.0536222165823
1777333647.270751,0.08693534135818481,-0.09817115217447281,1.9382506608963013,-8.529532351531088e-05,-8.529532351531088e-05,-5.62479470075816,111.0536222165823
1777333647.270792,0.08693534135818481,-0.09817115217447281,1.9382506608963013,1.8636563254403882e-05,1.8636563254403882e-05,-5.62479470075816,111.0536222165823
1777333647.3265028,0.08693534135818481,-0.09817115217447281,1.9382506608963013,0.00018922721210401505,0.00018922721210401505,-5.62479470075816,111.0536222165823
1777333647.327214,0.08693534135818481,-0.09817115217447281,1.9382506608963013,-0.0009109217789955437,-0.0009109217789955437,-5.62479470075816,111.0536222165823
1777333647.327269,0.08693534135818481,-0.09817115217447281,1.9382506608963013,0.0009016035473905504,0.0009016035473905504,-5.62479470075816,111.0536222165823
1777333647.327313,0.08693534135818481,-0.09817115217447281,1.9382506608963013,-0.000996217131614685,-0.000996217131614685,-5.62479470075816,111.0536222165823
1777333647.3273542,0.08693534135818481,-0.09817115217447281,1.9382506608963013,0.0005231490940786898,0.0005231490940786898,-5.62479470075816,111.0536222165823
1777333647.327394,0.08693534135818481,-0.09817115217447281,1.9382506608963013,0.0012893761740997434,0.0012893761740997434,-5.62479470075816,111.0536222165823
1777333647.383668,0.08693534135818481,-0.09817115217447281,1.9382506608963013,0.001100149005651474,0.001100149005651474,-5.62479470075816,111.0536222165823
1777333647.383761,0.08693534135818481,-0.09817115217447281,1.9382506608963013,0.00021718205243814737,0.00021718205243814737,-5.62479470075816,111.0536222165823
1777333647.383808,0.08693534135818481,-0.09817115217447281,1.9382506608963013,-0.000996217131614685,-0.000996217131614685,-5.62479470075816,111.0536222165823
1777333647.38385,0.08693534135818481,-0.09817115217447281,1.9382506608963013,-0.0020777296740561724,-0.0020777296740561724,-5.62479470075816,111.0536222165823
1777333647.383892,0.08693534135818481,-0.09817115217447281,1.9382506608963013,-0.000996217131614685,-0.000996217131614685,-5.62479470075816,111.0536222165823
1777333647.384545,0.08693534135818481,-0.09817115217447281,1.9382506608963013,-0.00026520428946241736,-0.00026520428946241736,-5.62479470075816,111.0536222165823
1777333647.4400141,0.08693534135818481,-0.09817115217447281,1.9382506608963013,0.0033671059645712376,0.0033671059645712376,-5.62479470075816,111.0536222165823
1777333647.440096,0.08693534135818481,-0.09817115217447281,1.9382506608963013,0.00021718205243814737,0.00021718205243814737,-5.62479470075816,111.0536222165823
1777333647.440141,0.08693534135818481,-0.09817115217447281,1.9382506608963013,0.0010055353632196784,0.0010055353632196784,-5.62479470075816,111.0536222165823
1777333647.440183,0.08693534135818481,-0.09817115217447281,1.9382506608963013,0.00169927510432899,0.00169927510432899,-5.62479470075816,111.0536222165823
1777333647.440845,0.08693534135818481,-0.09817115217447281,1.9382506608963013,0.001100149005651474,0.001100149005651474,-5.62479470075816,111.0536222165823
1777333647.440895,0.08693534135818481,-0.09817115217447281,1.9382506608963013,0.00018922721210401505,0.00018922721210401505,-5.62479470075816,111.0536222165823
1777333647.4964852,0.08693534135818481,-0.09817115217447281,1.9382506608963013,-0.0010815125424414873,-0.0010815125424414873,-5.62479470075816,111.0536222165823
1777333647.496562,0.08693534135818481,-0.09817115217447281,1.9382506608963013,-0.003565651597455144,-0.003565651597455144,-5.62479470075816,111.0536222165823
1777333647.496605,0.08693534135818481,-0.09817115217447281,1.9382506608963013,-0.0021537067368626595,-0.0021537067368626595,-5.62479470075816,111.0536222165823
1777333647.49722,0.08693534135818481,-0.09817115217447281,1.9382506608963013,-0.00128005794249475,-0.00128005794249475,-5.62479470075816,111.0536222165823
1777333647.49727,0.08693534135818481,-0.09817115217447281,1.9382506608963013,-8.529532351531088e-05,-8.529532351531088e-05,-5.62479470075816,111.0536222165823
1777333647.497317,0.08693534135818481,-0.09817115217447281,1.9382506608963013,-0.0009682623785920441,-0.0009682623785920441,-5.62479470075816,111.0536222165823
1777333647.5522099,0.08693534135818481,-0.09817115217447281,1.9382506608963013,-0.0010055353632196784,-0.0010055353632196784,-5.62479470075816,111.0536222165823
1777333647.5523021,0.08693534135818481,-0.09817115217447281,1.9382506608963013,-0.0002838408399838954,-0.0002838408399838954,-5.62479470075816,111.0536222165823
1777333647.553014,0.08693534135818481,-0.09817115217447281,1.9382506608963013,0.0011668078368529677,0.0011668078368529677,-5.62479470075816,111.0536222165823
1777333647.553068,0.08693534135818481,-0.09817115217447281,1.9382506608963013,9.461360605200753e-05,9.461360605200753e-05,-5.62479470075816,111.0536222165823
1777333647.553171,0.08693534135818481,-0.09817115217447281,1.9382506608963013,-0.0002838408399838954,-0.0002838408399838954,-5.62479470075816,111.0536222165823
1777333647.553212,0.08693534135818481,-0.09817115217447281,1.9382506608963013,0.00011325017112540081,0.00011325017112540081,-5.62479470075816,111.0536222165823
1777333647.6079419,0.08693534135818481,-0.09817115217447281,1.9382506608963013,-0.0018218435579910874,-0.0018218435579910874,-5.62479470075816,111.0536222165823
1777333647.6086679,0.08693534135818481,-0.09817115217447281,1.9382506608963013,-0.00016127237176988274,-0.00016127237176988274,-5.62479470075816,111.0536222165823
1777333647.6087208,0.08693534135818481,-0.09817115217447281,1.9382506608963013,-0.0002838408399838954,-0.0002838408399838954,-5.62479470075816,111.0536222165823
1777333647.664771,0.08693534135818481,-0.09817115217447281,1.9382506608963013,-9.461360605200753e-05,-9.461360605200753e-05,-5.62479470075816,111.0536222165823
1777333647.664858,0.08693534135818481,-0.09817115217447281,1.9382506608963013,0.0007123763207346201,0.0007123763207346201,-5.62479470075816,111.0536222165823
1777333647.664903,0.08693534135818481,-0.09817115217447281,1.9382506608963013,0.0007976717315614223,0.0007976717315614223,-5.62479470075816,111.0536222165823
1777333647.66556,0.08693534135818481,-0.09817115217447281,1.9382506608963013,-0.0012893761740997434,-0.0012893761740997434,-5.62479470075816,111.0536222165823
1777333647.66561,0.08693534135818481,-0.09817115217447281,1.9382506608963013,-0.0010148537112399936,-0.0010148537112399936,-5.62479470075816,111.0536222165823
1777333647.722046,0.08693534135818481,-0.09817115217447281,1.9382506608963013,-0.00027452255017124116,-0.00027452255017124116,-5.62479470075816,111.0536222165823
1777333647.7221298,0.08693534135818481,-0.09817115217447281,1.9382506608963013,-0.00039709097472950816,-0.00039709097472950816,-5.62479470075816,111.0536222165823
1777333647.722175,0.08693534135818481,-0.09817115217447281,1.9382506608963013,0.0011187855852767825,0.0011187855852767825,-5.62479470075816,111.0536222165823
1777333647.722847,0.08693534135818481,-0.09817115217447281,1.9382506608963013,0.0002931591297965497,0.0002931591297965497,-5.62479470075816,111.0536222165823
1777333647.722898,0.08693534135818481,-0.09817115217447281,1.9382506608963013,7.597704097861424e-05,7.597704097861424e-05,-5.62479470075816,111.0536222165823
1777333647.722941,0.08693534135818481,-0.09817115217447281,1.9382506608963013,0.002200298011302948,0.002200298011302948,-5.62479470075816,111.0536222165823
1777333647.7796302,0.08693534135818481,-0.09817115217447281,1.9382506608963013,0.00017059064703062177,0.00017059064703062177,-5.62479470075816,111.0536222165823
1777333647.779718,0.08693534135818481,-0.09817115217447281,1.9382506608963013,0.0007976717315614223,0.0007976717315614223,-5.62479470075816,111.0536222165823
1777333647.780384,0.08693534135818481,-0.09817115217447281,1.9382506608963013,0.0007216945523396134,0.0007216945523396134,-5.62479470075816,111.0536222165823
1777333647.780437,0.08693534135818481,-0.09817115217447281,1.9382506608963013,-0.00038777271402068436,-0.00038777271402068436,-5.62479470075816,111.0536222165823
1777333647.780479,0.08693534135818481,-0.09817115217447281,1.9382506608963013,0.0020017526112496853,0.0020017526112496853,-5.62479470075816,111.0536222165823
1777333647.78052,0.08693534135818481,-0.09817115217447281,1.9382506608963013,-0.0025601158849895,-0.0025601158849895,-5.62479470075816,111.0536222165823
1777333647.8338299,0.08693534135818481,-0.09817115217447281,1.9382506608963013,-0.0011668078368529677,-0.0011668078368529677,-5.62479470075816,111.0536222165823
1777333647.834548,0.08693534135818481,-0.09817115217447281,1.9382506608963013,0.002988651627674699,0.002988651627674699,-5.62479470075816,111.0536222165823
1777333647.8346019,0.08693534135818481,-0.09817115217447281,1.9382506608963013,-0.0008349447743967175,-0.0008349447743967175,-5.62479470075816,111.0536222165823
1777333647.834645,0.08693534135818481,-0.09817115217447281,1.9382506608963013,8.529532351531088e-05,8.529532351531088e-05,-5.62479470075816,111.0536222165823
1777333647.834688,0.08693534135818481,-0.09817115217447281,1.9382506608963013,0.0012986945221200585,0.0012986945221200585,-5.62479470075816,111.0536222165823
1777333647.834728,0.08693534135818481,-0.09817115217447281,1.9382506608963013,-0.00128005794249475,-0.00128005794249475,-5.62479470075816,111.0536222165823
1777333647.888373,0.08693534135818481,-0.09817115217447281,1.9382506608963013,0.001100149005651474,0.001100149005651474,-5.62479470075816,111.0536222165823
1777333647.888461,0.08693534135818481,-0.09817115217447281,1.9382506608963013,-0.0009868989000096917,-0.0009868989000096917,-5.62479470075816,111.0536222165823
1777333647.8885062,0.08693534135818481,-0.09817115217447281,1.9382506608963013,0.0021909798961132765,0.0021909798961132765,-5.62479470075816,111.0536222165823
1777333647.8885481,0.08693534135818481,-0.09817115217447281,1.9382506608963013,-0.0010908307740464807,-0.0010908307740464807,-5.62479470075816,111.0536222165823
1777333647.8885891,0.08693534135818481,-0.09817115217447281,1.9382506608963013,0.0020870480220764875,0.0020870480220764875,-5.62479470075816,111.0536222165823
1777333647.889257,0.08693534135818481,-0.09817115217447281,1.9382506608963013,0.0042500728741288185,0.0042500728741288185,-5.62479470075816,111.0536222165823
1777333647.944256,0.08693534135818481,-0.09817115217447281,1.9382506608963013,-0.001383989816531539,-0.001383989816531539,-5.62479470075816,111.0536222165823
1777333647.944329,0.08693534135818481,-0.09817115217447281,1.9382506608963013,0.0009868989000096917,0.0009868989000096917,-5.62479470075816,111.0536222165823
1777333647.944376,0.08693534135818481,-0.09817115217447281,1.9382506608963013,-4.802220064448193e-05,-4.802220064448193e-05,-5.62479470075816,111.0536222165823
1777333647.944421,0.08693534135818481,-0.09817115217447281,1.9382506608963013,-0.0012614213628694415,-0.0012614213628694415,-5.62479470075816,111.0536222165823
1777333647.9450948,0.08693534135818481,-0.09817115217447281,1.9382506608963013,-0.0005324673256836832,-0.0005324673256836832,-5.62479470075816,111.0536222165823
1777333647.945146,0.08693534135818481,-0.09817115217447281,1.9382506608963013,-0.0020870480220764875,-0.0020870480220764875,-5.62479470075816,111.0536222165823

"--- SEND COMMAND: Mode=velocity, Value=0.5 ---"
1777333648.0006459,0.08693534135818481,-0.09817115217447281,1.9382506608963013,0.0014692852273583412,0.0014692852273583412,-5.62479470075816,111.0536222165823
1777333648.00085,0.08693534135818481,-0.09817115217447281,1.9382506608963013,0.00317787891253829,0.00317787891253829,-5.62479470075816,111.0536222165823
1777333648.000962,0.08693534135818481,-0.09817115217447281,1.9382506608963013,0.003187197260558605,0.003187197260558605,-5.62479470075816,111.0536222165823
1777333648.001635,0.08693534135818481,-0.09817115217447281,1.9382506608963013,-0.0,-0.0,-5.62479470075816,111.0536222165823
1777333648.001684,0.08693534135818481,-0.09817115217447281,1.9382506608963013,0.001383989816531539,0.001383989816531539,-5.62479470075816,111.0536222165823
1777333648.00173,0.08693534135818481,-0.09817115217447281,1.9382506608963013,-0.001983115915209055,-0.001983115915209055,-5.62479470075816,111.0536222165823
1777333648.0601091,0.08693534135818481,-0.09817115217447281,1.9382506608963013,0.0021909798961132765,0.0021909798961132765,-5.62479470075816,111.0536222165823
1777333648.0601978,0.08693534135818481,-0.09817115217447281,1.9382506608963013,-0.0005991261568851769,-0.0005991261568851769,-5.62479470075816,111.0536222165823
1777333648.0609128,0.08693534135818481,-0.09817115217447281,1.9382506608963013,0.001100149005651474,0.001100149005651474,-5.62479470075816,111.0536222165823
1777333648.061167,0.08693534135818481,-0.09817115217447281,1.9382506608963013,0.0002838408399838954,0.0002838408399838954,-5.62479470075816,111.0536222165823
1777333648.0612469,0.08693534135818481,-0.09817115217447281,1.9382506608963013,0.0023429340217262506,0.0023429340217262506,-5.62479470075816,111.0536222165823
1777333648.115037,0.08693534135818481,-0.09817115217447281,1.9382506608963013,-0.0,-0.0,-5.62479470075816,111.0536222165823
1777333648.1151218,0.08693534135818481,-0.09817115217447281,1.9382506608963013,0.0009016035473905504,0.0009016035473905504,-5.62479470075816,111.0536222165823
1777333648.11578,0.08693534135818481,-0.09817115217447281,1.9382506608963013,-0.001176126184873283,-0.001176126184873283,-5.62479470075816,111.0536222165823
1777333648.1158311,0.08700007945299149,-0.09712798148393631,1.9392937421798706,-0.0002838408399838954,-0.0002838408399838954,-5.565025401507318,111.11338639318943
1777333648.174508,0.08701174706220627,-0.09374695271253586,1.9407570362091064,0.11209852993488312,-0.0796278715133667,-5.371306653226912,111.19722699522973
1777333648.174576,0.08704844862222672,-0.08741296827793121,1.9413386583328247,0.35005924105644226,-0.22511574625968933,-5.008395947858691,111.23055150010586
1777333648.174623,0.08700935542583466,-0.07787610590457916,1.942246437072754,0.6514622569084167,-0.2114461064338684,-4.461973788687587,111.28256340923309
1777333648.175321,0.08714708685874939,-0.06478048115968704,1.942878007888794,0.9912707209587097,-0.2551026940345764,-3.711649492429197,111.31874976439477
1777333648.175373,0.08719974011182785,-0.048306986689567566,1.942094087600708,1.337793231010437,-0.38786566257476807,-2.7677874479681255,111.27383442435264
1777333648.175415,0.08723501116037369,-0.028116285800933838,1.942150354385376,1.7073003053665161,-0.3059934377670288,-1.610945087993145,111.27705827479363
1777333648.2321799,0.08726761490106583,-0.004719377961009741,1.9425368309020996,2.0888328552246094,-0.21157193183898926,-0.27040053577842194,111.29920175600051
1777333648.232259,0.08728194236755371,0.02171177789568901,1.9430813789367676,2.422055244445801,-0.1658339500427246,1.2439936839558183,111.33040207128525
1777333648.232929,0.08720730245113373,0.05057056248188019,1.9431772232055664,2.9832117557525635,0.10756516456604004,2.8974808338493108,111.33589354534149
1777333648.290058,0.08696035295724869,0.08151276409626007,1.9396038055419922,3.1969966888427734,-0.25396132469177246,4.670339029106498,111.13115172157288
1777333648.290146,0.08663472533226013,0.11394885182380676,1.935606598854065,3.3514480590820312,-0.29178285598754883,6.528790624326468,110.90212856662274
1777333648.2901912,0.08623825013637543,0.14728547632694244,1.9353864192962646,3.4379520416259766,0.08344411849975586,8.438839194533228,110.88951320271492
1777333648.290234,0.08581507205963135,0.18065108358860016,1.9342362880706787,3.450961112976074,7.748603820800781e-05,10.350548355075716,110.82361551403999
1777333648.290935,0.0853528380393982,0.2138054370880127,1.9299988746643066,3.424647808074951,-0.3145303726196289,12.250153562307357,110.58082952299118
1777333648.290988,0.08476641774177551,0.246421217918396,1.926181435585022,3.37186861038208,-0.2710890769958496,14.118900817608834,110.3621062969923
1777333648.29103,0.08421145379543304,0.27795350551605225,1.924156904220581,3.2529549598693848,-0.10264301300048828,15.925568461346627,110.24610915284157
1777333648.291072,0.08360251039266586,0.30735406279563904,1.9238357543945312,3.044482469558716,0.07245731353759766,17.610096911126377,110.22770861663818
1777333648.347841,0.08295878022909164,0.33436888456344604,1.9220874309539795,2.7846803665161133,-0.09069061279296875,19.15793273617029,110.12753702645301
1777333648.3485692,0.0824958011507988,0.3585240840911865,1.91843843460083,2.4975032806396484,-0.2828526496887207,20.541924217271806,109.91846486120224
1777333648.348625,0.08202556520700455,0.37976589798927307,1.9147521257400513,2.190114736557007,-0.3008263111114502,21.758990938013792,109.70725484597683
1777333648.3486688,0.08159834891557693,0.3977434039115906,1.9116370677947998,1.8604100942611694,-0.24964654445648193,22.789026521837712,109.52877510895729
1777333648.348711,0.0812656432390213,0.4127691388130188,1.9113223552703857,1.5491836071014404,0.015380859375,23.649938023602964,109.51074340310096
1777333648.348754,0.08094295114278793,0.42499402165412903,1.9120420217514038,1.2697912454605103,0.11961162090301514,24.350372465890647,109.55197726986408
1777333648.4044428,0.08071675896644592,0.4351619780063629,1.912622332572937,1.0470856428146362,0.08868050575256348,24.932953659456967,109.58522664263248
1777333648.404533,0.08052477240562439,0.4436910152435303,1.9134811162948608,0.8764738440513611,0.10957968235015869,25.421631671190262,109.6344313430071
1777333648.4045792,0.08033647388219833,0.4508044421672821,1.914842128753662,0.740351140499115,0.16568142175674438,25.82920115752816,109.71241164064408
1777333648.404622,0.0801718533039093,0.45691582560539246,1.9171184301376343,0.6230999827384949,0.23930391669273376,26.179357760721444,109.84283414947987
1777333648.404663,0.08004400134086609,0.46197712421417236,1.9183446168899536,0.5214402675628662,0.13802793622016907,26.469348913550377,109.9130895004034
1777333648.405353,0.0798552930355072,0.4663412868976593,1.9198322296142578,0.4535231590270996,0.16652408242225647,26.719397105830907,109.99832346153259
1777333648.460015,0.07980895042419434,0.4701799154281616,1.9217534065246582,0.4006862938404083,0.20858275890350342,26.939334398388862,110.10839882955551
1777333648.4601002,0.07973582297563553,0.4738149642944336,1.9244297742843628,0.3701377511024475,0.2742840051651001,27.147607431221008,110.261743461442
1777333648.460146,0.07960175722837448,0.47721177339553833,1.9259090423583984,0.3514294922351837,0.16010227799415588,27.342230326116084,110.34649930915832
1777333648.4601889,0.07953284680843353,0.48067858815193176,1.9284170866012573,0.35493507981300354,0.258891761302948,27.54086425103545,110.49019971048831
1777333648.460865,0.07939367741346359,0.48424333333969116,1.9300642013549805,0.370984822511673,0.1792774796485901,27.745109178364277,110.58457246799469
1777333648.460916,0.07941747456789017,0.4879840016365051,1.9318873882293701,0.39208999276161194,0.200571671128273,27.95943376096487,110.68903341851234
1777333648.517146,0.0792318806052208,0.4921802282333374,1.9341660737991333,0.42172878980636597,0.22978638112545013,28.199859920811654,110.81959253118038
1777333648.517229,0.07904108613729477,0.4965440034866333,1.9356536865234375,0.45684996247291565,0.1692480742931366,28.449885914969443,110.90482649230957
1777333648.5172741,0.07891970872879028,0.5012680888175964,1.938460350036621,0.4876227080821991,0.29589372873306274,28.72055616327524,111.06563652362823
1777333648.5179641,0.0787796825170517,0.5063701272010803,1.9397273063659668,0.5236794352531433,0.14025750756263733,29.012881534087658,111.13822780008316
1777333648.518069,0.07856569439172745,0.5117383599281311,1.9412603378295898,0.5594731569290161,0.17596495151519775,29.320458722770216,111.22606406421662
1777333648.518112,0.07850904017686844,0.517449140548706,1.943136215209961,0.5898532867431641,0.2064049243927002,29.64766246705055,111.33354395942688
1777333648.5751302,0.07805062085390091,0.5256910920143127,1.9465842247009277,0.6175199151039124,0.1381317675113678,30.11989166983366,111.53110042161941
1777333648.57521,0.07756581902503967,0.5340185761451721,1.9510765075683594,0.6370846629142761,0.2536052465438843,30.597021535098552,111.7884893623352
1777333648.575935,0.0774172842502594,0.5403735041618347,1.9526376724243164,0.6543335318565369,0.17505308985710144,30.96113221975565,111.87793755168914
1777333648.575988,0.07713528722524643,0.5467517375946045,1.9542219638824463,0.6666089296340942,0.1873764991760254,31.32657820687294,111.96871079821587
1777333648.57603,0.07704008370637894,0.5532193183898926,1.9568544626235962,0.6697614789009094,0.2863107919692993,31.697143422603606,112.11954191958904
1777333648.6328719,0.07660862058401108,0.5612075328826904,1.960049033164978,0.6696872115135193,0.19046655297279358,32.15483456254005,112.30257739441394
1777333648.6329489,0.0760461613535881,0.5690534114837646,1.9631010293960571,0.6642062067985535,0.18481796979904175,32.60437045369148,112.47744396007062
1777333648.6336288,0.0756281167268753,0.5765434503555298,1.966755986213684,0.6514305472373962,0.26800861954689026,33.03351822288036,112.686857634902
1777333648.6336808,0.07520072162151337,0.5837371349334717,1.9701145887374878,0.6393144130706787,0.25582537055015564,33.4456861357212,112.87929145338535
1777333648.6337228,0.0747823491692543,0.5905994176864624,1.9731419086456299,0.6187661290168762,0.2353273630142212,33.83886611588001,113.05274416937829
1777333648.633764,0.07448268681764603,0.5971904397010803,1.9758977890014648,0.5878574252128601,0.2044140100479126,34.21650399502516,113.21064453907013
1777333648.691108,0.07409104704856873,0.6033403873443604,1.9791715145111084,0.5650656223297119,0.27750688791275024,34.568870165205,113.39821526112556
1777333648.69185,0.07370366156101227,0.6093252301216125,1.9822797775268555,0.5339418649673462,0.2463473677635193,34.91177652000189,113.5763056772232
1777333648.691902,0.07335734367370605,0.6150084733963013,1.9850869178771973,0.5002145767211914,0.21267738938331604,35.2374024900198,113.73714302930831
1777333648.691946,0.07301578670740128,0.6205265522003174,1.988687515258789,0.4771658182144165,0.2854272723197937,35.55356522955894,113.94344213676453
1777333648.691987,0.07267899811267853,0.6258800029754639,1.9921233654022217,0.45634156465530396,0.2646390199661255,35.86029547448158,114.14030191941261
1777333648.6920269,0.0722448006272316,0.6309571862220764,1.9952831268310547,0.4341788589954376,0.2424594759941101,36.15119675034285,114.32134297828674
1777333648.7496462,0.07183948159217834,0.6359502673149109,1.9993174076080322,0.4135035574436188,0.3176499009132385,36.437279326021674,114.55249032282829
1777333648.74973,0.07150588184595108,0.6405123472213745,2.002920627593994,0.3927479684352875,0.29689669609069824,36.69866734392643,114.75893969449997
1777333648.7498062,0.07119015604257584,0.6446915864944458,2.006141185760498,0.36339399218559265,0.2675427198410034,36.938120201468465,114.94346415109635
1777333648.784408,0.07093380391597748,0.6487035751342773,2.0091943740844727,0.337952584028244,0.24210125207901,37.16799030017853,115.11839901866912
1777333648.7844748,0.07070118188858032,0.6521690487861633,2.012659788131714,0.30615681409835815,0.30615681409835815,37.36654738544226,115.31695268883705
1777333648.785225,0.07021745294332504,0.6583373546600342,2.0188281536102295,0.2721192240715027,0.2721192240715027,37.71996540513039,115.67037412362099
1777333648.7853189,0.07009770721197128,0.6604427099227905,2.0209336280822754,0.23402522504329681,0.23402522504329681,37.84059341919422,115.79100896787644
1777333648.785362,0.07001348584890366,0.6623016595840454,2.0237512588500977,0.2111486941576004,0.3069976270198822,37.94710342719555,115.95244737682343
1777333648.785405,0.07003539055585861,0.6643802523612976,2.0267884731292725,0.20124858617782593,0.2971094250679016,38.06619806324244,116.12646699872018
1777333648.842273,0.06991534680128098,0.666485607624054,2.0288939476013184,0.2032480090856552,0.2032480090856552,38.18682607730627,116.24710184297561
1777333648.842988,0.06984645873308182,0.6687510013580322,2.0311594009399414,0.2199086844921112,0.2199086844921112,38.316623623609544,116.3769028043747
1777333648.843041,0.06980588287115097,0.671515703201294,2.033924102783203,0.23843754827976227,0.23843754827976227,38.4750294274807,116.53530860824586
1777333648.843083,0.06965675204992294,0.6743303537368774,2.036738634109497,0.28212791681289673,0.28212791681289673,38.63629708163738,116.69656943221092
1777333648.843125,0.06952518224716187,0.6772822737693787,2.0396904945373535,0.29412323236465454,0.29412323236465454,38.805429701435564,116.8656986369133
1777333648.8431659,0.06919295340776443,0.6816799640655518,2.0431294441223145,0.3041144907474518,0.20824883878231049,39.05739888510704,117.06273600454331
1777333648.899192,0.06907453387975693,0.6844111680984497,2.045860767364502,0.3019132614135742,0.3019132614135742,39.21388540513515,117.21922935476303
1777333648.899271,0.06896131485700607,0.6869795918464661,2.0474703311920166,0.2856161892414093,0.18977203965187073,39.36104529851675,117.31145060191155
1777333648.8993149,0.06882676482200623,0.6893057227134705,2.0497965812683105,0.265531986951828,0.265531986951828,39.49432282744646,117.44473496103286
1777333648.933727,0.06873194873332977,0.6914904713630676,2.0529398918151855,0.241646870970726,0.3375149965286255,39.61949974912405,117.6248334534645
1777333648.9338,0.06871432065963745,0.6937091946601868,2.0551586151123047,0.22839045524597168,0.22839045524597168,39.74662327541113,117.75195697975158
1777333648.934508,0.06864620745182037,0.6959734559059143,2.0583817958831787,0.22500035166740417,0.32056501507759094,39.876355934894086,117.93663170056342
1777333648.934561,0.06847922503948212,0.6983824372291565,2.060790777206421,0.23273965716362,0.23273965716362,40.0143804469943,118.07465621266365
1777333648.934603,0.06836576759815216,0.7009507417678833,2.063359022140503,0.2470986396074295,0.2470986396074295,40.161533510184285,118.22180586075783
1777333648.934645,0.0683293268084526,0.7035533785820007,2.0659615993499756,0.25935277342796326,0.25935277342796326,40.3106536685586,118.37092260403634
1777333648.99305,0.06817826628684998,0.7063660621643066,2.0687742233276367,0.2875095307826996,0.2875095307826996,40.47180862455368,118.5320741449356
1777333648.993819,0.06801877915859222,0.7092386484146118,2.0716469287872314,0.2975974977016449,0.2975974977016449,40.636395751833916,118.69666810240746
1777333648.993918,0.06759825348854065,0.7136602401733398,2.07606840133667,0.30407243967056274,0.30407243967056274,40.88973438892364,118.94999990930557
1777333648.993966,0.06719590723514557,0.7176975607872009,2.080105781555176,0.29992249608039856,0.29992249608039856,41.121055903351305,119.18132483882904
1777333648.994008,0.06691629439592361,0.721464991569519,2.0838732719421387,0.2867588400840759,0.2867588400840759,41.336913863968846,119.39718621454239
1777333648.9940531,0.0665237307548523,0.7251787185668945,2.0875868797302246,0.2746899724006653,0.2746899724006653,41.54969482326508,119.609960343647
1777333649.049397,0.06617224216461182,0.7287489175796509,2.0911571979522705,0.26986539363861084,0.26986539363861084,41.754252231860164,119.8145245824337
1777333649.049483,0.06586386263370514,0.7324362993240356,2.0958032608032227,0.26559194922447205,0.3614719808101654,41.96552371881008,120.08072447032929
1777333649.049527,0.06547562777996063,0.7359889149665833,2.099355936050415,0.26361262798309326,0.26361262798309326,42.16907367414236,120.28427784075737
1777333649.084058,0.0650898739695549,0.7396400570869446,2.103965997695923,0.26687684655189514,0.36272573471069336,42.378268782842156,120.54841501078606
1777333649.084121,0.06478548794984818,0.7431658506393433,2.1074917316436768,0.26374900341033936,0.26374900341033936,42.580281945061685,120.75042475790977
1777333649.0848489,0.06442490220069885,0.7467978000640869,2.1120824813842773,0.2624458372592926,0.3582899868488312,42.78837739291191,121.01345543689727
1777333649.0848992,0.06407767534255981,0.7502057552337646,2.1164491176605225,0.2645167112350464,0.36039674282073975,42.98363891072273,121.26364535565376
1777333649.084942,0.06366702914237976,0.7536156177520752,2.119858980178833,0.25707951188087463,0.25707951188087463,43.17900971159935,121.45901615653038
1777333649.084983,0.06336658447980881,0.7569805979728699,2.12418270111084,0.25484156608581543,0.35071679949760437,43.37180894533396,121.70674720630646
1777333649.143431,0.06302406638860703,0.7602275013923645,2.1283884048461914,0.2492656409740448,0.3451480567455292,43.55784287427664,121.94771636638642
1777333649.14418,0.06273631751537323,0.763367772102356,2.1324872970581055,0.24187424778938293,0.3377423584461212,43.73776719682217,122.1825656747818
1777333649.144236,0.06248307228088379,0.7664267420768738,2.136505126953125,0.23641160130500793,0.33227723836898804,43.913033328688144,122.41277045288086
1777333649.14428,0.06203991547226906,0.7693970799446106,2.1404342651367188,0.23090824484825134,0.3267739415168762,44.08322121309042,122.63789356842041
1777333649.1443222,0.061805158853530884,0.7720707058906555,2.144066572189331,0.22103387117385864,0.3168851435184479,44.23640875056982,122.84600950684548
1777333649.144363,0.06151068955659866,0.7745862007141113,2.1484994888305664,0.20381346344947815,0.39551132917404175,44.38053603887558,123.09999701213836
1777333649.202817,0.06131625175476074,0.7770189642906189,2.1528501510620117,0.1935582309961319,0.3853277564048767,44.51992317420244,123.34927168521881
1777333649.202901,0.06114068254828453,0.7790666222572327,2.15681529045105,0.17614741623401642,0.36789554357528687,44.63724537552595,123.57645751862526
1777333649.2029471,0.06093514338135719,0.781035304069519,2.160701274871826,0.1576017290353775,0.34930193424224854,44.75004257490635,123.79910810480118
1777333649.202989,0.0607483834028244,0.7826188802719116,2.1642024517059326,0.1345979869365692,0.32629817724227905,44.840774840283395,123.99971083245278
1777333649.203032,0.06068642809987068,0.7839339971542358,2.168394088745117,0.10628051310777664,0.3938199579715729,44.91612551414966,124.23987402992249
1777333649.261874,0.06053176894783974,0.7849066257476807,2.173201560974121,0.07805874198675156,0.4614112675189972,44.97185304751396,124.51532199726104
1777333649.2619672,0.060410309582948685,0.7857053279876709,2.177835464477539,0.05700372904539108,0.4405023455619812,45.017615331315994,124.78082520561219
1777333649.262013,0.06029679626226425,0.7864379286766052,2.182403087615967,0.03513994812965393,0.41863855719566345,45.059590273869034,125.04253082742692
1777333649.293781,0.060153037309646606,0.7870914936065674,2.186891555786133,0.019635148346424103,0.40304747223854065,45.09703679938316,125.29970120201111
1777333649.2938628,0.06002262607216835,0.7875193357467651,2.1921133995056152,-0.0009512326214462519,0.4784011244773865,45.12155035707951,125.59889091539382
1777333649.29459,0.05982730910181999,0.7875904440879822,2.196019411087036,-0.02272164076566696,0.36070987582206726,45.12562456637621,125.8226889737606
1777333649.294643,0.059707824140787125,0.7876994609832764,2.2009224891662598,-0.039315808564424515,0.4399166703224182,45.13187077660561,126.10361475477218
1777333649.294685,0.059637486934661865,0.787502110004425,2.206477642059326,-0.05785982310771942,0.5172526836395264,45.12056339439154,126.42190168390275
1777333649.294726,0.05946650728583336,0.7870286107063293,2.2107980251312256,-0.07967641204595566,0.3996279537677765,45.0934338733077,126.66944148831368
1777333649.3549922,0.0593847930431366,0.7863672375679016,2.2168478965759277,-0.10376572608947754,0.5671694278717041,45.055539970242975,127.01607371263503
1777333649.355793,0.059321917593479156,0.7853206396102905,2.2215540409088135,-0.13231104612350464,0.4429284930229187,44.995574302983286,127.2857160171032
1777333649.355849,0.05926462635397911,0.78411465883255,2.2270593643188477,-0.15617208182811737,0.5145667195320129,44.92647666953802,127.60114792613983
1777333649.355893,0.05922073870897293,0.7826830744743347,2.2313804626464844,-0.18235285580158234,0.3929297924041748,44.844452898466585,127.84872871170045
1777333649.3559349,0.059234652668237686,0.7813158631324768,2.236724615097046,-0.18680843710899353,0.4841434061527252,44.76611743086576,128.1549262016773
1777333649.355975,0.05917748063802719,0.7801098227500916,2.2412710189819336,-0.19240033626556396,0.38285601139068604,44.6970163823247,128.41541604938507
1777333649.414282,0.05929385498166084,0.7783291339874268,2.246201753616333,-0.19040177762508392,0.4805836081504822,44.5949903951168,128.6979264348507
1777333649.414355,0.05938028544187546,0.7764694094657898,2.25105357170105,-0.18803918361663818,0.4828239679336548,44.48843599087,128.975915233469
1777333649.414397,0.05935535579919815,0.7746529579162598,2.2549896240234375,-0.18472132086753845,0.3905086815357208,44.38436094617844,129.20143450012208
1777333649.414439,0.059344399720430374,0.7738302946090698,2.2599196434020996,-0.17959114909172058,0.39561960101127625,44.337225793862345,129.48390390443802
1777333649.41448,0.05933908373117447,0.7732062935829163,2.265048027038574,-0.16304369270801544,0.41221266984939575,44.30147315586805,129.77773874759674
1777333649.415173,0.059352368116378784,0.7729811668395996,2.2715344429016113,-0.15004339814186096,0.5185974836349487,44.28857433900833,130.14938313360213
1777333649.472867,0.0592954084277153,0.7717750668525696,2.276080846786499,-0.13026943802833557,0.4471522271633148,44.21946987537146,130.4098729813099
1777333649.472954,0.05930902063846588,0.7707661390304565,2.2798657417297363,-0.09972220659255981,0.3795582354068756,44.16166254866123,130.62673156499864
1777333649.473004,0.05925731360912323,0.7701839208602905,2.285036325454712,-0.062404319643974304,0.5111122727394104,44.128303892827034,130.92298429598807
1777333649.473047,0.059352338314056396,0.7698362469673157,2.289482355117798,-0.02858550287783146,0.4521249234676361,44.10838363898993,131.17772312235832
1777333649.47374,0.05916556715965271,0.7714197039604187,2.2958598136901855,-0.003544611856341362,0.47568783164024353,44.19910907417536,131.54312471323013
1777333649.473794,0.059027254581451416,0.7726972103118896,2.3019309043884277,0.019454767927527428,0.4964817464351654,44.27230482258797,131.89097271165846
1777333649.531522,0.059127505868673325,0.7729734182357788,2.3070008754730225,0.03386770188808441,0.5153989791870117,44.28813037655353,132.1814607609272
1777333649.5316029,0.059108637273311615,0.7733584642410278,2.3121798038482666,0.03932521119713783,0.5185816884040833,44.31019189546108,132.4781916053295
1777333649.531647,0.058827050030231476,0.7748644948005676,2.3184797763824463,0.04709708318114281,0.5263894200325012,44.39648112119436,132.83915357165336
1777333649.5323231,0.05867781117558479,0.7756777405738831,2.324086904525757,0.04405210539698601,0.5234284400939941,44.44307668837309,133.16041846432685
1777333649.532374,0.058534156531095505,0.7763312458992004,2.3295342922210693,0.039685189723968506,0.5190255045890808,44.480519798791406,133.47253090023995
1777333649.532416,0.05842578783631325,0.7769041061401367,2.335859775543213,0.028412945568561554,0.6036380529403687,44.51334228458405,133.8349545275688
1777333649.59011,0.058330826461315155,0.7772516012191772,2.341001033782959,0.018548721447587013,0.4978291690349579,44.533252293133735,134.12952703142167
1777333649.590197,0.05840127915143967,0.7774488925933838,2.3469510078430176,0.009777205996215343,0.5849184989929199,44.544556260252,134.47043555517197
1777333649.590872,0.058330826461315155,0.7772516012191772,2.3515474796295166,-0.0075874924659729,0.47169291973114014,44.533252293133735,134.73379408335686
1777333649.590936,0.05833324417471886,0.7765622735023499,2.357569456100464,-0.027675781399011612,0.6433815360069275,44.49375671013593,135.07882804284097
1777333649.5909781,0.058382321149110794,0.7754727005958557,2.3622324466705322,-0.06912574172019958,0.506070613861084,44.43132875880003,135.3459978179455
1777333649.6488268,0.05833115428686142,0.7741068005561829,2.3675780296325684,-0.10639529675245285,0.5646572113037109,44.353068423306944,135.6522772702217
1777333649.648968,0.0583476647734642,0.772408664226532,2.372591018676758,-0.1466207057237625,0.5244030952453613,44.25577234379053,135.93950048789978
1777333649.649657,0.05823953449726105,0.7706204056739807,2.377514362335205,-0.17529940605163574,0.4957265853881836,44.15331263941526,136.22158740148544
1777333649.6497102,0.058285508304834366,0.7686428427696228,2.383206844329834,-0.20343413949012756,0.5633403062820435,44.04000659075975,136.5477427113533
1777333649.707855,0.05827246233820915,0.7665069103240967,2.387782096862793,-0.22343555092811584,0.44760504364967346,43.91762663254738,136.80988546543122
1777333649.70794,0.05815964937210083,0.7640945911407471,2.3920814990997314,-0.24620600044727325,0.4247362017631531,43.779410875082014,137.0562231561184
1777333649.7079859,0.05820069834589958,0.7614928483963013,2.3971498012542725,-0.2722053825855255,0.49476078152656555,43.6303419431448,137.34661558270454
1777333649.708689,0.058236014097929,0.7590513229370117,2.4033374786376953,-0.2950742244720459,0.5677047371864319,43.49045278873444,137.70114350852967
1777333649.708742,0.05813361704349518,0.7571029663085938,2.4090590476989746,-0.3104903995990753,0.4563104212284088,43.37882013702392,138.0289653851509
1777333649.708784,0.058174457401037216,0.754501223564148,2.4141273498535156,-0.27866941690444946,0.48814332485198975,43.22975120508671,138.31935781173706
1777333649.767102,0.05825168639421463,0.7521774768829346,2.419473648071289,-0.22936053574085236,0.537540853023529,43.09661027998924,138.62567824516296
1777333649.767191,0.058185920119285583,0.7505071759223938,2.4245147705078125,-0.17690636217594147,0.49404072761535645,43.00090905021429,138.91451338806152
1777333649.767905,0.05815863236784935,0.7493804097175598,2.4300992488861084,-0.11477898806333542,0.5562112331390381,42.93635007909536,139.23448054432868
1777333649.767958,0.05818329378962517,0.7488352060317993,2.436265468597412,-0.05686916410923004,0.6142001152038574,42.905112197756765,139.5877790356636
1777333649.768001,0.05791844055056572,0.7514293789863586,2.444612503051758,-0.002148258965462446,0.5729449987411499,43.053747412526604,140.06602905235292
1777333649.823158,0.0576821006834507,0.7541028261184692,2.4520797729492188,0.04697689414024353,0.5262932777404785,43.20692470471859,140.49387225494385
1777333649.823244,0.05764409899711609,0.75487220287323,2.4576427936553955,0.08612414449453354,0.5655004382133484,43.25100676138401,140.8126099767208
1777333649.82391,0.0576292909681797,0.7558813691139221,2.462486982345581,0.10929602384567261,0.492679625749588,43.30882774847746,141.09016164307593
1777333649.823961,0.057685352861881256,0.7570876479148865,2.46848726272583,0.11811977624893188,0.5974001884460449,43.37794245740175,141.43395250768663
1777333649.824003,0.05765741318464279,0.7583211660385132,2.473555564880371,0.1254304200410843,0.5089147686958313,43.44861786510944,141.72434493427278
1777333649.824044,0.05760815739631653,0.7594113349914551,2.4784810543060303,0.11911223083734512,0.502596378326416,43.51107996740341,142.00655479130745
1777333649.8792782,0.057564545422792435,0.7603410482406616,2.4842045307159424,0.09211085736751556,0.5714152455329895,43.5643486317873,142.3344859509945
1777333649.879987,0.05761630833148956,0.7609230279922485,2.488621711730957,0.05480147898197174,0.43831926584243774,43.59769362723827,142.58757187099457
1777333649.88004,0.05761630833148956,0.7609230279922485,2.4943742752075195,0.0034351584035903215,0.5786889791488647,43.59769362723827,142.917169597435
1777333649.8800828,0.057564545422792435,0.7603410482406616,2.5005035400390625,-0.0544678270816803,0.6165846586227417,43.5643486317873,143.26835072937013
1777333649.880126,0.05769786238670349,0.7592236399650574,2.505138874053955,-0.10910089313983917,0.46602606773376465,43.50032583070993,143.5339359000206
1777333649.880169,0.05765502527356148,0.7577930092811584,2.511378288269043,-0.1594557762145996,0.607395350933075,43.4183567011714,143.89142812900542
1777333649.9390788,0.0576292909681797,0.7558813691139221,2.5161781311035156,-0.19636674225330353,0.4745635390281677,43.30882774847746,144.1664389640808
1777333649.939166,0.057706788182258606,0.7535577416419983,2.521524429321289,-0.23690134286880493,0.529930591583252,43.17569365357161,144.4727593975067
1777333649.93921,0.05768493562936783,0.7509575486183167,2.524677038192749,-0.27390462160110474,0.3013036847114563,43.02671351412535,144.6533906448841
1777333649.973939,0.05774529650807381,0.7479712963104248,2.5303196907043457,-0.3122231960296631,0.5503809452056885,42.85561379914284,144.97669093465805
1777333649.974008,0.057740312069654465,0.7446273565292358,2.535604476928711,-0.3405870199203491,0.5222424268722534,42.66402009422779,145.27948698921205
1777333649.974714,0.0578678697347641,0.7412132024765015,2.5408191680908203,-0.3483104705810547,0.5127776861190796,42.468403406453135,145.57826689109802
1777333649.974765,0.057899873703718185,0.7381473779678345,2.5473413467407227,-0.32444682717323303,0.635938286781311,42.29274453856945,145.95196033458708
1777333649.974808,0.057913005352020264,0.7354660034179688,2.5523300170898438,-0.2740749418735504,0.4928337037563324,42.13911303863525,146.23779019317627
1777333649.97485,0.05790151283144951,0.7333300113677979,2.557864189147949,-0.21848104894161224,0.5455104112625122,42.01672966532707,146.55487500858308
1777333650.035321,0.05794217437505722,0.731775164604187,2.563020706176758,-0.16361531615257263,0.5098663568496704,41.92764347612858,146.8503217769623
1777333650.036043,0.057881273329257965,0.7307301163673401,2.5686869621276855,-0.10670351982116699,0.564214825630188,41.86776660135985,147.17497444467546
1777333650.0361018,0.05793393403291702,0.7302643656730652,2.5739736557006836,-0.05097196623682976,0.5230215787887573,41.841081042730806,147.47787978229522
1777333650.036145,0.05773192271590233,0.7325913310050964,2.5820534229278564,0.008027677424252033,0.5844343304634094,41.974406383001806,147.9408165093899
1777333650.036187,0.057495199143886566,0.7352650761604309,2.5895209312438965,0.06602641940116882,0.5453068017959595,42.12760075067282,148.36867337236404
1777333650.036227,0.057273104786872864,0.7379763126373291,2.596067428588867,0.11398087441921234,0.4973549246788025,42.28294321360588,148.74376017494203
1777333650.0913851,0.057232268154621124,0.7395309209823608,2.601457118988037,0.16073907911777496,0.5442400574684143,42.37201574242115,149.05256679811478
1777333650.09147,0.05708184838294983,0.7413921356201172,2.606194496154785,0.1944732815027237,0.48205357789993286,42.47865552406311,149.32399861278535
1777333650.091516,0.056897759437561035,0.7435999512672424,2.611278533935547,0.21852675080299377,0.5061405897140503,42.60515408781767,149.6152926246643
1777333650.091559,0.0568745918571949,0.7458170652389526,2.61733078956604,0.23032818734645844,0.6137501001358032,42.732185406517985,149.96206145281792
1777333650.091601,0.056767191737890244,0.7480611205101013,2.622451066970825,0.2336832731962204,0.5212611556053162,42.86076034852266,150.25543184294702
1777333650.0923069,0.056778356432914734,0.7501970529556274,2.6274633407592773,0.22603899240493774,0.5136071443557739,42.98314030673504,150.5426140794754
1777333650.14876,0.056789640337228775,0.7523329854011536,2.633434295654297,0.2084970921278,0.5918687582015991,43.105520264947415,150.88472471694945
1777333650.14885,0.05685471370816231,0.7540033459663391,2.63893985748291,0.1788654774427414,0.5623641014099121,43.20122490981817,151.2001702863693
1777333650.148895,0.05675695464015007,0.7553987503051758,2.6451292037963867,0.14281383156776428,0.6220942735671997,43.28117571773529,151.55479383487702
1777333650.148937,0.05677644535899162,0.7563269138336182,2.650851011276245,0.09703619033098221,0.5764124989509583,43.33435558962822,151.88262937188148
1777333650.149596,0.05682802572846413,0.7569087147712708,2.656226634979248,0.057761289179325104,0.5370417237281799,43.36769033979177,152.190630032444
1777333650.204084,0.05682223662734032,0.7570690512657166,2.662139415740967,0.01726534217596054,0.5924210548400879,43.37687694751024,152.5294075364113
1777333650.204169,0.05672265589237213,0.7567925453186035,2.6676156520843506,-0.02606203407049179,0.5491199493408203,43.36103431806564,152.84317287869453
1777333650.204275,0.05676668509840965,0.755862832069397,2.6733975410461426,-0.0785498395562172,0.5922965407371521,43.307765653681756,153.1744508322716
1777333650.204318,0.0568297877907753,0.7545483708381653,2.6787941455841064,-0.1397269070148468,0.5313639640808105,43.23245254586935,153.48365360655785
1777333650.205003,0.05688910186290741,0.7526094913482666,2.6854841709136963,-0.20405492186546326,0.6586786508560181,43.121362894392014,153.86696395983697
1777333650.2050529,0.05686050280928612,0.7498108744621277,2.691314458847046,-0.2849961817264557,0.5779002904891968,42.96101390100718,154.20101497120856
1777333650.262607,0.05702327936887741,0.7463157176971436,2.69644832611084,-0.36681991815567017,0.49587273597717285,42.760756098032,154.49516400318146
1777333650.262708,0.05717584863305092,0.7420949339866638,2.7027738094329834,-0.4349062144756317,0.6195563077926636,42.518922918713095,154.85758763051032
1777333650.2627552,0.057388149201869965,0.7375088930130005,2.7087342739105225,-0.466582328081131,0.5877460241317749,42.25616203229427,155.1990972111225
1777333650.2634308,0.05755152925848961,0.7329663038253784,2.714738130569458,-0.47105059027671814,0.5834094285964966,41.99589075071812,155.54309298148155
1777333650.263484,0.057824406772851944,0.7243468761444092,2.7176241874694824,-0.46032801270484924,0.6899328231811523,41.50203374619484,155.70845192041398
1777333650.263526,0.05791521444916725,0.7206541299819946,2.7235188484191895,-0.4317093789577484,0.5268275737762451,41.290454900622365,156.0461912352562
1777333650.32077,0.05808558315038681,0.717621922492981,2.7310333251953125,-0.37820518016815186,0.6760439872741699,41.11672214677334,156.4767391937256
1777333650.320856,0.05826938897371292,0.7154135704040527,2.736495018005371,-0.3062928020954132,0.4606277644634247,40.99019284715652,156.78967125263213
1777333650.321562,0.058143168687820435,0.7140108942985535,2.742762565612793,-0.22634291648864746,0.5404817461967468,40.90982539755106,157.14877540683747
1777333650.3780138,0.05818699300289154,0.7130813002586365,2.7495031356811523,-0.15532344579696655,0.6115971207618713,40.85656356335878,157.53498176136017
1777333650.378093,0.05819275602698326,0.7129195332527161,2.755093812942505,-0.08773408830165863,0.48736411333084106,40.84729499334097,157.85530408759118
1777333650.3781388,0.0581071674823761,0.7159261107444763,2.763853073120117,-0.021241571754217148,0.5539429187774658,41.019559255993364,158.3571729068756
1777333650.378186,0.05797551944851875,0.7187149524688721,2.770477056503296,0.04005051404237747,0.4234364628791809,41.179348173666,158.73669933400154
1777333650.37887,0.05802462622523308,0.720082700252533,2.77567982673645,0.10050535202026367,0.4839249551296234,41.257714377129076,159.0347962167263
1777333650.378922,0.05797017365694046,0.7218602895736694,2.78129243850708,0.14859116077423096,0.5320011973381042,41.35956277935505,159.35637529821395
1777333650.378965,0.05803835764527321,0.7238903641700745,2.7871572971343994,0.1811063438653946,0.5645834803581238,41.475877527415754,159.69240706515313
1777333650.379006,0.05804955214262009,0.7260262370109558,2.7921695709228516,0.207464337348938,0.4950709342956543,41.59825407053232,159.97958930168153
1777333650.379047,0.058011699467897415,0.7282063961029053,2.7972261905670166,0.21750198304653168,0.5051036477088928,41.72316802983284,160.26931236948968
1777333650.436246,0.05802895501255989,0.7301810383796692,2.802077054977417,0.22400371730327606,0.5115456581115723,41.83630673879385,160.5472465265751
1777333650.43633,0.05805955454707146,0.7319327592849731,2.807663917541504,0.20968052744865417,0.5931192636489868,41.93667298943996,160.8673502866745
1777333650.436374,0.058010175824165344,0.7330235838890076,2.812589645385742,0.17268142104148865,0.5561201572418213,41.9991726577878,161.1495738040924
1777333650.436416,0.05801587924361229,0.7328624725341797,2.8172225952148438,0.11894763261079788,0.5983477234840393,41.989941653823855,161.41502237091063
1777333650.436457,0.05805955454707146,0.7319327592849731,2.8210864067077637,-0.09279122948646545,0.38642942905426025,41.93667298943996,161.6364025414467
1777333650.437144,0.05802322179079056,0.7303422689437866,2.8262076377868652,-0.17574205994606018,0.49399974942207336,41.84554457294941,161.92982757310867
1777333650.493694,0.05816890299320221,0.7278558611869812,2.830432415008545,-0.248304083943367,0.4239969253540039,41.70308385139704,162.17188956384658
1777333650.493786,0.058215413242578506,0.725092887878418,2.8353395462036133,-0.28854236006736755,0.47828230261802673,41.54477708530426,162.453047571373
1777333650.4938319,0.058379724621772766,0.7222221493721008,2.841097593307495,-0.29721972346305847,0.5622698068618774,41.38029582599401,162.7829594866276
1777333650.4938738,0.05851633474230766,0.7192716002464294,2.846776247024536,-0.29498329758644104,0.5708472728729248,41.21124175339937,163.1083224942684
1777333650.494584,0.05866130441427231,0.7167848944664001,2.8529183864593506,-0.26554039120674133,0.59710693359375,41.06876395636797,163.46024128689766
1777333650.494638,0.05864983797073364,0.7146491408348083,2.860370397567749,-0.21943913400173187,0.7343063354492188,40.94639424344301,163.88721022496225
1777333650.551361,0.05860622227191925,0.713119626045227,2.8665108680725098,-0.1617104560136795,0.6090828776359558,40.85875946996212,164.23903339490892
1777333650.551449,0.05854552984237671,0.7120752334594727,2.8731367588043213,-0.1005147248506546,0.6663675308227539,40.79892016124725,164.61866910510062
1777333650.5514948,0.0585702508687973,0.711529552936554,2.880261182785034,-0.05010128393769264,0.7166659235954285,40.767654959142206,165.02686867661475
1777333650.552219,0.05857598036527634,0.7113677859306335,2.885852098464966,-0.018328608945012093,0.5568271279335022,40.7583863891244,165.34720466322898
1777333650.5522718,0.05857598036527634,0.7113677859306335,2.8925631046295166,0.00772603414952755,0.6787259578704834,40.7583863891244,165.73171713023186
1777333650.552315,0.05856451764702797,0.7116913795471191,2.898639440536499,0.02419878914952278,0.5994502305984497,40.77692694425583,166.07986565709115
1777333650.608862,0.05857836827635765,0.711993396282196,2.904694080352783,0.034148115664720535,0.6092750430107117,40.79423123470545,166.426771089077
1777333650.608983,0.058644168078899384,0.7123517394065857,2.909846544265747,0.04179058596491814,0.5211067795753479,40.81476279069185,166.7219856309414
1777333650.609704,0.05859234184026718,0.7128175497055054,2.9151058197021484,0.04242343083024025,0.521644115447998,40.841451764416696,167.02332002449035
1777333650.6666791,0.05860622227191925,0.713119626045227,2.9211606979370117,0.03614920377731323,0.6112617254257202,40.85875946996212,167.37023911685944
1777333650.6667619,0.058600492775440216,0.7132812738418579,2.9261159896850586,0.020835671573877335,0.5002239346504211,40.868021209788324,167.65415652179718
1777333650.666807,0.058600492775440216,0.7132812738418579,2.930910110473633,0.0066548180766403675,0.485935240983963,40.868021209788324,167.92883950767518
1777333650.66685,0.05860622227191925,0.713119626045227,2.9374594688415527,-0.027480140328407288,0.6435604691505432,40.85875946996212,168.30409023485183
1777333650.66754,0.058611299842596054,0.7124335169792175,2.9415674209594727,-0.0678957998752594,0.41136065125465393,40.81944830213785,168.53945863780976
1777333650.667593,0.05857598036527634,0.7113677859306335,2.9472131729125977,-0.10508747398853302,0.5660440325737,40.7583863891244,168.86293651256562
1777333650.724213,0.05863861367106438,0.7100542783737183,2.952610969543457,-0.13786070048809052,0.5332804918289185,40.68312792284489,169.172207588768
1777333650.724308,0.05860273167490959,0.7084643244743347,2.9577324390411377,-0.1652223765850067,0.505774974822998,40.59203024221659,169.46564628081322
1777333650.724355,0.05867685750126839,0.7068271636962891,2.9637651443481445,-0.1764221042394638,0.5904362797737122,40.49822780570984,169.81129495754243
1777333650.725055,0.05878358334302902,0.7051079273223877,2.9697160720825195,-0.16655747592449188,0.6003822088241577,40.39972278227806,170.15225812282563
1777333650.725107,0.058846186846494675,0.7037946581840515,2.975114345550537,-0.14461064338684082,0.5263364315032959,40.32447797638178,170.46155651979447
1777333650.782513,0.05892801657319069,0.7026209235191345,2.9816107749938965,-0.11303409934043884,0.653752326965332,40.25722790976763,170.8337746418953
1777333650.7826052,0.05899835377931595,0.7017714381217957,2.9874725341796875,-0.08889000862836838,0.5820834636688232,40.20855596433878,171.16962882385255
1777333650.782652,0.059023015201091766,0.7012256383895874,2.994596481323242,-0.06010932847857475,0.7068065404891968,40.17728393204212,171.57780107460022
1777333650.7833338,0.05900951847434044,0.7009240388870239,3.0000481605529785,-0.023938097059726715,0.5511789917945862,40.160003547263145,171.89015939741134
1777333650.783385,0.05900951847434044,0.7009240388870239,3.005800247192383,0.00869588740170002,0.5839284062385559,40.160003547263145,172.21972980308533
1777333650.783427,0.05897369608283043,0.7023172378540039,3.012946128845215,0.038345322012901306,0.6135729551315308,40.239827996635434,172.62915880908966
1777333650.8383858,0.05887869745492935,0.7037125825881958,3.0191354751586914,0.0612945482134819,0.5406826734542847,40.31977538945675,172.98378235759736
1777333650.838466,0.05882364884018898,0.7049660682678223,3.0251827239990234,0.07372008264064789,0.5530605316162109,40.39159485425949,173.33026431770324
1777333650.839154,0.05878797173500061,0.706359326839447,3.0323286056518555,0.08557921648025513,0.6606486439704895,40.47142271872759,173.73969332370757
1777333650.839206,0.05871748924255371,0.7072089910507202,3.037013530731201,0.08678904175758362,0.4702850878238678,40.52010490944385,174.00811985406875
1777333650.839249,0.05876435711979866,0.7079513072967529,3.043508529663086,0.08004811406135559,0.655160665512085,40.562636512613295,174.38025601387025
1777333650.8392901,0.05873396620154381,0.7086588740348816,3.0490097999572754,0.07555984705686569,0.5548043847084045,40.60317711492777,174.69545569639206
1777333650.89539,0.05881352722644806,0.7093192338943481,3.0544638633728027,0.06016265228390694,0.5394909977912903,40.64101296136379,175.00795062303544
1777333650.8961082,0.05882161855697632,0.7097830772399902,3.0597214698791504,0.049296148121356964,0.5285407304763794,40.667589236927036,175.30918939390182
1777333650.896163,0.05872545763850212,0.7101321816444397,3.0648646354675293,0.038429565727710724,0.5177098512649536,40.68759145306349,175.60387118082048
1777333650.8962061,0.058646705001592636,0.7105180621147156,3.07004451751709,0.02868066355586052,0.5079850554466248,40.70970078331232,175.90065666675568
1777333650.896248,0.05873958021402359,0.710956335067749,3.0752763748168945,0.023121973499655724,0.5024264454841614,40.73481198277474,176.20042011623383
1777333650.89629,0.05869348347187042,0.7112603187561035,3.080374240875244,0.015312113799154758,0.4945805072784424,40.752228971385954,176.4925064303398
1777333650.953195,0.05872059240937233,0.7113403081893921,3.0862069129943848,0.007676101755350828,0.5828749537467957,40.75681202995777,176.82669404554366
1777333650.953275,0.058714888989925385,0.7115020155906677,3.0911622047424316,-0.007825014181435108,0.471515417098999,40.76607718487978,177.1106114504814
1777333650.95332,0.05872059240937233,0.7113403081893921,3.0967531204223633,-0.023999975994229317,0.5511269569396973,40.75681202995777,177.43094743709565
1777333650.953363,0.058699216693639755,0.7110985517501831,3.1013054847717285,-0.036047596484422684,0.4432326853275299,40.742960401368144,177.691778794384
1777333650.953404,0.058583296835422516,0.7107853293418884,3.1067445278167725,-0.048220667988061905,0.5269686579704285,40.72501407290697,178.00341311688422
1777333650.954083,0.05857517570257187,0.7103215456008911,3.1120333671569824,-0.0591350719332695,0.5147820115089417,40.69844121243953,178.30644139795302
1777333651.0104508,0.0585036464035511,0.7101249694824219,3.1175894737243652,-0.05713354051113129,0.5191890001296997,40.68717822647095,178.62478296861647
1777333651.010535,0.058437880128622055,0.7097665667533875,3.122983932495117,-0.0450921356678009,0.5301880836486816,40.666643255388735,178.93386279945375
1777333651.01058,0.05832181125879288,0.7094534039497375,3.128422975540161,-0.02330968528985977,0.5506886839866638,40.648700342023375,179.24549712195397
1777333651.010622,0.05823705717921257,0.7094788551330566,3.133242607116699,-0.00581389432772994,0.4744506776332855,40.65015858793259,179.521641768837
1777333651.0113,0.05823705717921257,0.7094788551330566,3.1389951705932617,0.004176635295152664,0.5794042348861694,40.65015858793259,179.8512394952774
1777333651.01135,0.05814089998602867,0.7098280787467957,3.145097017288208,0.005315718241035938,0.5782516598701477,40.67016763426066,180.2008496831417
1777333651.070254,0.05812203511595726,0.710211992263794,3.151233196258545,0.009582762606441975,0.5869225263595581,40.69216426634789,180.55242696619032
1777333651.070348,0.058097437024116516,0.7107576727867126,3.157531976699829,0.015126324258744717,0.5903440713882446,40.72342946845293,180.91332063059807
1777333651.070394,0.058072809129953384,0.7113033533096313,3.1628713607788086,0.023804696276783943,0.5030852556228638,40.754694670557974,181.21924491291045
1777333651.0710962,0.05804823711514473,0.71184903383255,3.1691691875457764,0.024895379319787025,0.6000272631645203,40.78595987266302,181.5800839357853
1777333651.071149,0.05799650400876999,0.712314784526825,3.1753878593444824,0.031638797372579575,0.60691899061203,40.812645431292054,181.9363877114296
1777333651.071192,0.05800474435091019,0.712778627872467,3.18064546585083,0.030541108921170235,0.5098694562911987,40.8392217068553,182.23762648229598
1777333651.1267872,0.05798584595322609,0.7131626009941101,3.1867823600769043,0.02947842888534069,0.6047441959381104,40.86122175403833,182.5892447464943
1777333651.126869,0.057980116456747055,0.7133243083953857,3.191737651824951,0.026094434782862663,0.5053030848503113,40.870486908960345,182.87316215143204
1777333651.12756,0.05797441303730011,0.7134860157966614,3.1976518630981445,0.0161810964345932,0.5913368463516235,40.87975206388235,183.21202161769867
1777333651.1276128,0.058051612228155136,0.713520884513855,3.203439712524414,0.0021788249723613262,0.5773584246635437,40.88174989492893,183.54364108085633
1777333651.127656,0.05792834982275963,0.7137900590896606,3.209461212158203,-0.00014665411435998976,0.5750283598899841,40.89717246758938,183.88864771957398
1777333651.127699,0.057949844747781754,0.7140316963195801,3.214496612548828,-0.0012308955192565918,0.4781213700771332,40.9110172659874,184.17715501327515
1777333651.1832802,0.05784628540277481,0.7144412994384766,3.219700336456299,0.00863422267138958,0.4879983365535736,40.934485804367064,184.47530653753282
1777333651.184008,0.05771723762154579,0.7148721814155579,3.225883722305298,0.022827615961432457,0.5980120897293091,40.95917353194952,184.82958857645988
1777333651.184062,0.057536572217941284,0.7152469158172607,3.2310521602630615,0.026242751628160477,0.5055112838745117,40.98064423928261,185.1257183640003
1777333651.184105,0.05747346580028534,0.7155141830444336,3.2361133098602295,0.019478755071759224,0.4987950921058655,40.995957528877256,185.41570097908973
1777333651.184148,0.057440511882305145,0.7155959606170654,3.2409887313842773,0.012054919265210629,0.4913594126701355,41.000643040323254,185.6950421556473
1777333651.1841888,0.05731167271733284,0.715505063533783,3.245692014694214,-0.014248575083911419,0.4651035964488983,40.995435019218924,185.96452053551673
1777333651.240052,0.057195939123630524,0.7151918411254883,3.251131296157837,-0.029655499383807182,0.5454283356666565,40.97748869075775,186.2761685184002
1777333651.240132,0.057187519967556,0.7147279977798462,3.2564196586608887,-0.048129405826330185,0.5270456075668335,40.95091241519451,186.57916947870254
1777333651.2401762,0.05715462565422058,0.7142879366874695,3.2607738971710205,-0.056205395609140396,0.42313477396965027,40.92569876285791,186.82864905753135
1777333651.2402189,0.05701728165149689,0.7137331962585449,3.2659714221954346,-0.05283169820904732,0.5222857594490051,40.89391446619034,187.1264454118252
1777333651.279451,0.05687417462468147,0.7133401036262512,3.272289991378784,-0.039564475417137146,0.6316076517105103,40.871391909348965,187.48847288804055
1777333651.280246,0.05674519017338753,0.7132492065429688,3.2769927978515625,-0.01791568472981453,0.46144869923591614,40.86618388824463,187.75792394714355
1777333651.280362,0.05661053583025932,0.7133200168609619,3.282816171646118,0.01562635414302349,0.5908827185630798,40.8702410220623,188.09157880740165
1777333651.280406,0.05654176324605942,0.7137491106987,3.2889978885650635,0.04405795782804489,0.6191130876541138,40.894826296770574,188.44576522364616
1777333651.280448,0.05638278275728226,0.714365541934967,3.294407844543457,0.06262143701314926,0.5418660044670105,40.930145217597484,188.755732979393
1777333651.336494,0.056159328669309616,0.7156699299812317,3.3014650344848633,0.08776460587978363,0.6630016565322876,41.00488117421865,189.16008032283784
1777333651.337228,0.056047871708869934,0.7170286178588867,3.306658983230591,0.10645483434200287,0.4899749755859375,41.0827282831192,189.45767177138327
1777333651.337282,0.05585206300020218,0.7184130549430847,3.3128371238708496,0.12161589413881302,0.6009443402290344,41.16205071340799,189.81165328187942
1777333651.337326,0.055774036794900894,0.7196899652481079,3.318908214569092,0.12931010127067566,0.6086382865905762,41.23521231086254,190.15950128030778
1777333651.337368,0.055668700486421585,0.7208869457244873,3.3248989582061768,0.12833920121192932,0.6076196432113647,41.30379426484108,190.50274572958946
1777333651.3932958,0.055429525673389435,0.7221548557281494,3.3319191932678223,0.1237182766199112,0.6989076137542725,41.3764401828289,190.90497571363449
1777333651.394048,0.05529691278934479,0.7232720255851746,3.33687162399292,0.11280085891485214,0.4963018298149109,41.44044932352305,191.18872919397353
1777333651.3941708,0.055210500955581665,0.7240850329399109,3.343437433242798,0.08784307539463043,0.6630226373672485,41.48703123031854,191.5649224875927
1777333651.39422,0.055170267820358276,0.7245936393737793,3.349698305130005,0.051745153963565826,0.6269776821136475,41.516172242832184,191.92364415106772
1777333651.394264,0.0550859160721302,0.7246198654174805,3.356435775756836,-0.0007549914298579097,0.6701682209968567,41.517674884986874,192.3096729206085
1777333651.3943071,0.05494837835431099,0.724065363407135,3.3625926971435547,-0.06083960831165314,0.610191285610199,41.485904248702525,192.6624386569977
1777333651.451477,0.0550367571413517,0.7228314280509949,3.368070363998413,-0.11640069633722305,0.554646909236908,41.41520493532419,192.9762859615803
1777333651.451585,0.05513621121644974,0.7212747931480408,3.3751425743103027,-0.16343770921230316,0.6992310881614685,41.32601629325151,193.38149390916826
1777333651.451631,0.05522638186812401,0.7192540168762207,3.3807919025421143,-0.2049020677804947,0.5619801878929138,41.21023430013656,193.70517668967247
1777333651.4863338,0.05536230653524399,0.7169291377067566,3.3861372470855713,-0.2400830090045929,0.5269334316253662,41.07702848821879,194.01144248156547
1777333651.486399,0.05550361052155495,0.7144426703453064,3.392279624938965,-0.2659657597541809,0.5968756079673767,40.93456435157061,194.36337493457793
1777333651.4871528,0.05557847023010254,0.7115979790687561,3.3980636596679688,-0.2869698703289032,0.573569655418396,40.771575489127635,194.694775831604
1777333651.48721,0.05577024444937706,0.7086456418037415,3.403740406036377,-0.304414302110672,0.5603317022323608,40.602418963658806,195.02002955617905
1777333651.487253,0.055902060121297836,0.7056951522827148,3.4103775024414062,-0.3032764196395874,0.6552844643592834,40.43336830615997,195.40030730438232
1777333651.487294,0.05604802072048187,0.7030465006828308,3.41635799407959,-0.2749326229095459,0.585995614528656,40.281611693823336,195.74296435718537
1777333651.5418072,0.05620947480201721,0.7008019685745239,3.4227423667907715,-0.23042534291744232,0.6340368390083313,40.153009431052205,196.1087620991707
1777333651.5425432,0.056312963366508484,0.6990825533866882,3.4286930561065674,-0.18755240738391876,0.5793489813804626,40.054494162333015,196.44971160407067
1777333651.542597,0.05637863278388977,0.6976072788238525,3.4358465671539307,-0.1447523534297943,0.7159802913665771,39.96996712603569,196.8595777423382
1777333651.542641,0.0564793162047863,0.6966758370399475,3.442584991455078,-0.10116753727197647,0.667304277420044,39.91659942387342,197.24566115341187
1777333651.542683,0.05647639185190201,0.6960499286651611,3.4486708641052246,-0.05824069678783417,0.6127636432647705,39.88073750281334,197.59435609560012
1777333651.5427241,0.05645269155502319,0.6965956687927246,3.455927848815918,-0.01567484810948372,0.6551980376243591,39.91200612001419,198.01015084018707
1777333651.5993679,0.056365348398685455,0.6974090933799744,3.4634528160095215,0.02598128281533718,0.697096049785614,39.95861193248034,198.44129985551834
1777333651.5994601,0.0563180074095726,0.6985006332397461,3.470296859741211,0.06742492318153381,0.6425374746322632,40.021152581977844,198.83343481636047
1777333651.5995038,0.0562308169901371,0.6993139386177063,3.4768624305725098,0.08502654731273651,0.6600865721702576,40.067751564252376,199.20961444959642
1777333651.63424,0.05605900660157204,0.7001526355743408,3.4834539890289307,0.09147696197032928,0.6666996479034424,40.115805377340315,199.5872830646038
1777333651.634303,0.05597199499607086,0.7009658813476562,3.490978717803955,0.08493918925523758,0.7559196949005127,40.16240094451904,200.01841841955184
1777333651.635048,0.055858269333839417,0.7016991376876831,3.497464656829834,0.06727375835180283,0.6425013542175293,40.20441345312595,200.39003548479081
1777333651.6351612,0.05573711544275284,0.7020722031593323,3.5035901069641113,0.04324338957667351,0.6183703541755676,40.22578853777647,200.74099805059433
1777333651.635217,0.05559631809592247,0.7023054957389832,3.5105345249176025,0.015740741044282913,0.6868413686752319,40.23915522276163,201.13888403277397
1777333651.6352608,0.055556561797857285,0.7020273208618164,3.5169677734375,-0.023442227393388748,0.6475383043289185,40.22321697063446,201.50748215332032
1777333651.693183,0.05534565448760986,0.7012766003608704,3.524846076965332,-0.07837145775556564,0.7844937443733215,40.18020383895636,201.95887585659028
1777333651.693944,0.05519029498100281,0.6998981237411499,3.531137466430664,-0.13872523605823517,0.6281906366348267,40.101222918248176,202.31934604911805
1777333651.694001,0.05509725958108902,0.697832465171814,3.53770112991333,-0.20976313948631287,0.6530158519744873,39.98286935799122,202.69541639928818
1777333651.6940448,0.05510460212826729,0.6952549815177917,3.545670509338379,-0.2766380310058594,0.7780278921127319,39.835190370047094,203.15202836894989
1777333651.694087,0.05513453856110573,0.6921316385269165,3.5530929565429688,-0.3236825168132782,0.7308880090713501,39.6562359347105,203.57730341949463
1777333651.694127,0.05520796403288841,0.6887049674987793,3.5602128505706787,-0.3458395004272461,0.708620548248291,39.45990207681656,203.98524344372748
1777333651.7520242,0.055195488035678864,0.685303270816803,3.5683162212371826,-0.3504086136817932,0.7998164296150208,39.26499914406538,204.44953254876137
1777333651.752107,0.05531947687268257,0.6788336038589478,3.5733518600463867,-0.3394628167152405,0.8107622265815735,38.894314399981496,204.73805350284576
1777333651.752151,0.055384933948516846,0.676091194152832,3.581155776977539,-0.3230142891407013,0.7312877178192139,38.73718584194183,205.18518516654967
1777333651.752193,0.05545477569103241,0.673872172832489,3.590442180633545,-0.2855895459651947,0.8649756908416748,38.61004524017572,205.71725709314347
1777333651.752234,0.05546492710709572,0.6717580556869507,3.5979156494140625,-0.2374638020992279,0.7213126420974731,38.48891520702839,206.14545546569823
1777333651.8102431,0.05551125109195709,0.6700851917266846,3.6067891120910645,-0.20569820702075958,0.8488433957099915,38.39306712813377,206.65386760854722
1777333651.810317,0.05558724328875542,0.668910562992096,3.6152024269104004,-0.1804308444261551,0.7783215641975403,38.32576583508253,207.13591521177293
1777333651.810359,0.05568353459239006,0.66797935962677,3.6229000091552734,-0.1487913876771927,0.7139853239059448,38.27241179330349,207.57695434455871
1777333651.8104,0.055863045156002045,0.6669176816940308,3.630466938018799,-0.11911346763372421,0.7435100078582764,38.21158210680485,208.0105075873375
1777333651.845454,0.055928297340869904,0.6660691499710083,3.6372885704040527,-0.10131197422742844,0.6657235622406006,38.162964802908895,208.40135847215652
1777333651.846286,0.056060049682855606,0.6648920774459839,3.644740581512451,-0.09688489139080048,0.7659803032875061,38.0955234909296,208.8283274102211
1777333651.8463411,0.05625111609697342,0.6636103987693787,3.652087926864624,-0.11367327719926834,0.7491034269332886,38.022088685810566,209.24929944005012
1777333651.846385,0.05636890232563019,0.6621331572532654,3.660198450088501,-0.13535025715827942,0.823378324508667,37.93744895135164,209.71399835658073
1777333651.846427,0.056461136788129807,0.6605754494667053,3.6682283878326416,-0.15140847861766815,0.8070804476737976,37.848198837554456,210.17408006358147
1777333651.903979,0.05662638694047928,0.6592131853103638,3.6764535903930664,-0.15898199379444122,0.7993634939193726,37.77014682290554,210.64534962444304
1777333651.904725,0.056658416986465454,0.6577597856521606,3.6845884323120117,-0.15345565974712372,0.8052965402603149,37.686873126769065,211.11144190006257
1777333651.904779,0.056745100766420364,0.6563653945922852,3.693739891052246,-0.14907187223434448,0.9052614569664001,37.60698037548065,211.63578204975127
1777333651.904822,0.056819699704647064,0.6551902890205383,3.703111171722412,-0.14879809319972992,0.9055565595626831,37.53965176166296,212.17271707277297
1777333651.9048629,0.057032711803913116,0.653942883014679,3.711451768875122,-0.1423533409833908,0.8162072896957397,37.46818063663244,212.6505982591152
1777333651.904904,0.05707196518778801,0.653014063835144,3.721068859100342,-0.12568295001983643,0.9283342361450195,37.41496319868565,213.20161713724136
1777333651.963573,0.057184506207704544,0.6522808074951172,3.7299234867095947,-0.07862125337123871,0.8804908990859985,37.37295069007874,213.7089501098156
1777333651.963657,0.0573151633143425,0.6516835689544678,3.7389142513275146,-0.06993038952350616,0.8887979984283447,37.3387314301014,214.224083161211
1777333651.9637032,0.05734934285283089,0.6509184241294861,3.747736692428589,-0.0731302946805954,0.885334849357605,37.29489184523821,214.72957198204995
1777333651.963746,0.057346537709236145,0.6502917408943176,3.7557387351989746,-0.06884340941905975,0.7939116954803467,37.258985527932644,215.18805542421342
1777333651.9637902,0.057295434176921844,0.6495502591133118,3.7636260986328125,-0.0732211321592331,0.7894476652145386,37.21650173610449,215.6399682220459
1777333651.964554,0.05741310492157936,0.6486533284187317,3.7713582515716553,-0.0952870100736618,0.7657270431518555,37.16511137441397,216.08298811039924
1777333652.0222862,0.057384151965379715,0.6473657488822937,3.7786996364593506,-0.13784438371658325,0.7268343567848206,37.09133847481012,216.50361863064765
1777333652.022372,0.057407137006521225,0.6454489231109619,3.7873291969299316,-0.1938658356666565,0.8606732487678528,36.98151240878105,216.99805620145798
1777333652.022418,0.05750080943107605,0.6431006193161011,3.795527458190918,-0.24845817685127258,0.8031105995178223,36.84696446421147,217.46778213901518
1777333652.02246,0.05761156231164932,0.6403698325157166,3.803342819213867,-0.27565544843673706,0.7817409634590149,36.690501849853995,217.91556950111388
1777333652.023189,0.05758773908019066,0.6375476121902466,3.812026023864746,-0.29013949632644653,0.8603681921958923,36.52880047852993,218.4130806581497
1777333652.023241,0.05743122473359108,0.6346967816352844,3.821639060974121,-0.2901613414287567,0.9535691738128662,36.36545986121893,218.96386730976104
1777333652.0811589,0.05731116235256195,0.6322256326675415,3.831631660461426,-0.2608664929866791,0.9877930879592896,36.22387340419292,219.53640129146575
1777333652.081244,0.057120416313409805,0.6301391124725342,3.841050863265991,-0.2193567007780075,0.9311173558235168,36.104324560403825,220.07608205151558
1777333652.08129,0.05689901113510132,0.6281833648681641,3.8515586853027344,-0.1921124905347824,1.0541821718215942,35.992268436813355,220.6781361213684
1777333652.137013,0.05655074864625931,0.6265513896942139,3.8614320755004883,-0.17565111815929413,0.9746841788291931,35.89876311364174,221.24383991146087
1777333652.137103,0.05631183087825775,0.6249778270721436,3.8704047203063965,-0.1625654399394989,0.8920025825500488,35.808604584360126,221.75793477373122
1777333652.1371489,0.05607255548238754,0.6234042644500732,3.879378080368042,-0.1572839915752411,0.897223711013794,35.71844605507851,222.27207061715126
1777333652.137192,0.05564476177096367,0.6217420101165771,3.887303352355957,-0.1736738681793213,0.7850547432899475,35.62320586323738,222.72615541591645
1777333652.1372328,0.05531231313943863,0.6197286248207092,3.8948774337768555,-0.20458510518074036,0.7540955543518066,35.50784734200239,223.16011847019195
1777333652.13792,0.05501338839530945,0.6174672842025757,3.9041218757629395,-0.2297801673412323,0.9205213785171509,35.37828202221394,223.68978616933822
1777333652.1952288,0.05474912002682686,0.6150698661804199,3.91322922706604,-0.2506883144378662,0.8997716903686523,35.240920038700104,224.2115991481304
1777333652.195313,0.05451258271932602,0.6125891804695129,3.9222538471221924,-0.2564365565776825,0.8940136432647705,35.09878716634512,224.7286719739437
1777333652.195359,0.054439935833215714,0.6101165413856506,3.9322447776794434,-0.25340384244918823,0.9929218888282776,34.95711533192396,225.30111033296586
1777333652.195401,0.05420158430933952,0.6076362133026123,3.9422285556793213,-0.2564520239830017,0.9898280501365662,34.815002950143814,225.87313888049127
1777333652.1960902,0.054206449538469315,0.6051933765411377,3.9532086849212646,-0.2543624937534332,1.0877999067306519,34.67503866362572,226.5022541695118
1777333652.196141,0.054228775203228,0.6029965877532959,3.962517023086548,-0.23455937206745148,0.9158958792686462,34.54917189259529,227.03558285136222
1777333652.2514439,0.05444366857409477,0.6008394956588745,3.9747414588928223,-0.21651268005371094,1.221628189086914,34.42557957537174,227.73599168043137
1777333652.2515352,0.05439278110861778,0.5991911888122559,3.9855573177337646,-0.19661353528499603,1.049534559249878,34.33113851594925,228.35569496541024
1777333652.25158,0.054250918328762054,0.5977296233177185,3.9946420192718506,-0.1867092102766037,0.8676742911338806,34.247396951687335,228.8762102077961
1777333652.252264,0.054223254323005676,0.5962783098220825,4.003736972808838,-0.16646578907966614,0.8881549835205078,34.16424278390407,229.3973128466606
1777333652.252316,0.05466704070568085,0.5946530103683472,4.01265811920166,-0.16952304542064667,0.8850926756858826,34.07111995146275,229.90845706615448
1777333652.3094988,0.055013418197631836,0.59275221824646,4.021303653717041,-0.19147583842277527,0.8630657196044922,33.96221254620552,230.40380988264084
1777333652.3095849,0.055471520870923996,0.590631365776062,4.031647205352783,-0.21757952868938446,1.0287244319915771,33.8406966072321,230.996451948452
1777333652.30963,0.05601539462804794,0.5884889364242554,4.041009426116943,-0.2295706868171692,0.9207169413566589,33.71794440357685,231.53286787691115
1777333652.310318,0.056457288563251495,0.5862362384796143,4.050262451171875,-0.22400912642478943,0.9265750646591187,33.588874272680286,232.0630273498535
1777333652.310369,0.05699629336595535,0.5842589735984802,4.059790134429932,-0.20871327817440033,0.9414305686950684,33.475585299503805,232.60892358427049
1777333652.310411,0.05759236589074135,0.5822291374206543,4.070224761962891,-0.20190086960792542,1.0441921949386597,33.35928421182633,233.2067839164734
1777333652.371718,0.05801820755004883,0.5803568363189697,4.080816268920898,-0.19413237273693085,1.0520615577697754,33.25200922236443,233.81363278083802
1777333652.3718112,0.05851878225803375,0.5786786079406738,4.091601371765137,-0.17224974930286407,1.0739753246307373,33.15585378484726,234.43157387638092
1777333652.37254,0.05898778513073921,0.577250063419342,4.101678371429443,-0.16035936772823334,0.9900045394897461,33.07400418366194,235.0089436337471
1777333652.3725948,0.05947904288768768,0.5759028196334839,4.112794876098633,-0.15580034255981445,1.0904558897018433,32.996812773156165,235.64587266197205
1777333652.372639,0.059888869524002075,0.5744106769561768,4.12185001373291,-0.15821506083011627,0.8964508771896362,32.911319264745714,236.16469401683807
1777333652.372681,0.06029396131634712,0.5730841755867004,4.132028102874756,-0.15285177528858185,0.9974358677864075,32.83531630758047,236.74785577669144
1777333652.430766,0.06059769541025162,0.5716480016708374,4.141138553619385,-0.15298204123973846,0.9015308022499084,32.753029574131965,237.26984634046553
1777333652.431489,0.06093287467956543,0.5699616074562073,4.149998664855957,-0.16925321519374847,0.8850487470626831,32.65640626848936,237.77749350185394
1777333652.431543,0.06118854507803917,0.5682470202445984,4.158830165863037,-0.18362173438072205,0.8707065582275391,32.55816762253046,238.2835014172554
1777333652.48987,0.06142245605587959,0.5664510726928711,4.168539047241211,-0.1880565881729126,0.9622021913528442,32.4552673707962,238.83977954292297
1777333652.4899578,0.061512093991041183,0.5647287964820862,4.178322792053223,-0.18261663615703583,0.9677711129188538,32.356588177478315,239.40034702892302
1777333652.490004,0.06156840920448303,0.5631393790245056,4.189197063446045,-0.17502853274345398,1.0710957050323486,32.26552123271227,240.0233971077919
1777333652.490718,0.06173272058367729,0.5616108775138855,4.200132369995117,-0.16419322788715363,1.0819456577301025,32.177944515860084,240.64994424476623
1777333652.490771,0.06186607480049133,0.5603330135345459,4.210360050201416,-0.14563001692295074,1.0049015283584595,32.104728276872635,241.2359473643303
1777333652.490814,0.06198780983686447,0.55926913022995,4.221759796142578,-0.1281142681837082,1.117892861366272,32.043772231829166,241.88910492782594
1777333652.490855,0.06194343790411949,0.5581974983215332,4.232193470001221,-0.11807562410831451,1.032178282737732,31.982372224330902,242.48691061849593
1777333652.490896,0.061683572828769684,0.5555853247642517,4.2420454025268555,-0.1259113997220993,1.1205244064331055,31.832705650627613,243.0513849740982
1777333652.4913862,0.06165078654885292,0.55430006980896,4.252265453338623,-0.13794216513633728,1.011961817741394,31.75906593976021,243.63695096139907
1777333652.550067,0.06146109476685524,0.5526749491691589,4.262145519256592,-0.14446404576301575,1.0062787532806396,31.665953352606298,244.20303724222182
1777333652.5501509,0.061276063323020935,0.5508836507797241,4.270900249481201,-0.16216963529586792,0.8921875357627869,31.563319478344916,244.704646514225
1777333652.550197,0.06110715493559837,0.5487128496170044,4.280235290527344,-0.18967747688293457,0.9574986696243286,31.43894168908596,245.2395051589966
1777333652.55024,0.060863036662340164,0.5463485717773438,4.289376258850098,-0.21895413100719452,0.9346155524253845,31.30347849884033,245.76324425182344
1777333652.550957,0.06067308411002159,0.5440964698791504,4.298629283905029,-0.24103885889053345,0.9093250632286072,31.174442518901824,246.29340372476577
1777333652.5510101,0.06039173901081085,0.5420302152633667,4.309026718139648,-0.2367485612630844,1.0060354471206665,31.056054807686806,246.88913303718567
1777333652.609191,0.06031808257102966,0.5401345491409302,4.3195953369140625,-0.21376556158065796,1.0356929302215576,30.947441100668907,247.49467050476073
1777333652.60927,0.06012288108468056,0.5386761426925659,4.330600261688232,-0.18956077098846436,1.056422472000122,30.863880536484718,248.12520647363664
1777333652.6093152,0.059911441057920456,0.5375968217849731,4.34198522567749,-0.15342436730861664,1.090857744216919,30.802039981627463,248.77751709337235
1777333652.609973,0.05983662232756615,0.5367764234542847,4.352670192718506,-0.11099100857973099,1.0406395196914673,30.755034602952005,249.38972082796096
1777333652.6100218,0.05985749140381813,0.5362308621406555,4.3636298179626465,-0.08063734322786331,1.0697890520095825,30.72377623103857,250.0176613240242
1777333652.6100638,0.05976201221346855,0.5355080962181091,4.3744120597839355,-0.06496339291334152,1.0851469039916992,30.682364779293536,250.6354384949684
1777333652.6687438,0.059807900339365005,0.534877598285675,4.3843278884887695,-0.0642186775803566,0.9902965426445007,30.64623989585638,251.20357383327485
1777333652.668826,0.059970200061798096,0.5339764952659607,4.394931793212891,-0.07400557398796082,1.0765070915222168,30.59461047745943,251.81113303756715
1777333652.669516,0.060141753405332565,0.5327421426773071,4.404244422912598,-0.09157680720090866,0.962907075881958,30.523887258410454,252.3447076063156
1777333652.669568,0.06032916158437729,0.5311288237571716,4.413177490234375,-0.12672662734985352,0.9277862310409546,30.431450860226153,252.8565348449707
1777333652.669612,0.06060772389173508,0.529329776763916,4.4228835105896,-0.1852935403585434,0.9650179147720337,30.32837302350998,253.41264904603958
1777333652.6696541,0.060946010053157806,0.5274754166603088,4.433493137359619,-0.19617599248886108,1.0499169826507568,30.222125977885725,254.02053609952927
1777333652.727995,0.0612042210996151,0.5255946516990662,4.4440765380859375,-0.19460511207580566,1.0516438484191895,30.114366044819356,254.62692051086427
1777333652.728705,0.06154242902994156,0.5237401127815247,4.454685688018799,-0.18440356850624084,1.0617903470993042,30.00810875390768,255.2347802435875
1777333652.728759,0.06185150146484375,0.5221374034881592,4.466505527496338,-0.16275012493133545,1.1791632175445557,29.91628024277687,255.91200740232466
1777333652.7288032,0.06214457377791405,0.5209132432937622,4.478704452514648,-0.13727132976055145,1.2046465873718262,29.84614100511074,256.6109545703888
1777333652.7288451,0.06252463907003403,0.5196704864501953,4.489925384521484,-0.11887159198522568,1.1275092363357544,29.7749362575531,257.25386684646605
1777333652.7288861,0.06283301115036011,0.5186948180198669,4.5014142990112305,-0.1070190966129303,1.1390905380249023,29.71903455430269,257.91213339328766
1777333652.787869,0.06314598768949509,0.5175521969795227,4.512735366821289,-0.10628816485404968,1.1400998830795288,29.653567167699336,258.5607830303192
1777333652.7879539,0.06337885558605194,0.5163835883140564,4.523071765899658,-0.12038780748844147,1.0296986103057861,29.58661079932451,259.1530152846336
1777333652.788,0.06362085789442062,0.5148809552192688,4.533074378967285,-0.15545256435871124,0.9948875308036804,29.50051623405218,259.7261230024338
1777333652.788043,0.06390306353569031,0.5129146575927734,4.543571949005127,-0.20384077727794647,1.0421589612960815,29.38785563850403,260.3275896758079
1777333652.788085,0.06409455090761185,0.5105067491531372,4.553628444671631,-0.2539578080177307,0.992089569568634,29.24989259812832,260.9037846402168
1777333652.788793,0.06435833871364594,0.5078318119049072,4.564375877380371,-0.27660077810287476,1.0652315616607666,29.096629928541184,261.5195673952103
1777333652.847402,0.06453504413366318,0.5051748752593994,4.5761003494262695,-0.26772361993789673,1.1701054573059082,28.944398617887497,262.19133040065765
1777333652.847487,0.06480657309293747,0.5027920007705688,4.588099002838135,-0.2512088716030121,1.1865724325180054,28.80786991775036,262.8788028468132
1777333652.847533,0.06494595855474472,0.5007224678993225,4.599452018737793,-0.20836114883422852,1.1334853172302246,28.689294376266,263.52928297519685
1777333652.8475761,0.06512616574764252,0.49914151430130005,4.612253189086914,-0.15977901220321655,1.2781219482421875,28.598712375104427,264.26273627128603
1777333652.848285,0.06522908061742783,0.4979947805404663,4.624528884887695,-0.1182648241519928,1.223849892616272,28.53300934689045,264.9660820827484
1777333652.9063098,0.06532292068004608,0.4971828758716583,4.636181354522705,-0.09334041178226471,1.1527069807052612,28.486490619367363,265.633719652462
1777333652.9063911,0.06534836441278458,0.4964704215526581,4.646974086761475,-0.07054032385349274,1.0797711610794067,28.445669979196786,266.2520978802681
1777333652.9064372,0.06537381559610367,0.4957579970359802,4.657766342163086,-0.06508105993270874,1.0850677490234375,28.404851046574116,266.87044878730774
1777333652.906484,0.06539931893348694,0.4950455129146576,4.668559551239014,-0.0786789134144783,1.0716513395309448,28.364028698855638,267.48885433588026
1777333652.907189,0.06535365432500839,0.49397316575050354,4.67899227142334,-0.11095219850540161,1.039186716079712,28.3025877102077,268.0866053850174
1777333652.9072409,0.06552678346633911,0.49256908893585205,4.689093112945557,-0.1436966061592102,1.0064423084259033,28.222140005850793,268.66534118070604
1777333652.96576,0.06554365903139114,0.49094775319099426,4.698976993560791,-0.16551686823368073,0.9846508502960205,28.12924427728057,269.23164602766036
1777333652.9659011,0.06569084525108337,0.4891701638698578,4.709663391113281,-0.1860845685005188,1.060288906097412,28.027395875054598,269.8439317245483
1777333652.9659488,0.06584259867668152,0.4872249364852905,4.723058700561523,-0.19461634755134583,1.338305115699768,27.91594251587391,270.61142669563293
1777333652.966678,0.06611859798431396,0.4854260981082916,4.734682559967041,-0.18938632309436798,1.1534473896026611,27.812876631993056,271.2774250193596
1777333652.966732,0.06634162366390228,0.4838407039642334,4.746520042419434,-0.163053959608078,1.178892970085144,27.722040206193924,271.95566304645536
1777333652.9667761,0.06644520908594131,0.48269373178482056,4.758795738220215,-0.12076243758201599,1.2212656736373901,27.65632351759672,272.6590088579178
1777333653.0250912,0.06662480533123016,0.48173898458480835,4.769346237182617,-0.095285564661026,1.055169701576233,27.60162051297426,273.2635081363678
1777333653.025162,0.06688738614320755,0.4809349775314331,4.781005859375,-0.07352987676858902,1.1723910570144653,27.555554285645485,273.93155551757815
1777333653.0257988,0.06713377684354782,0.48050791025161743,4.791125297546387,-0.0546577125787735,0.9997208118438721,27.53108512419462,274.5113568231583
1777333653.025849,0.06738489121198654,0.4799130856990814,4.801077365875244,-0.05266822502017021,1.001631259918213,27.49700417559743,275.0815685397148
1777333653.02589,0.06755565851926804,0.47929391264915466,4.811963081359863,-0.06883283704519272,1.0814210176467896,27.461528160363436,275.70527431697843
1777333653.025934,0.06771307438611984,0.47842514514923096,4.821640491485596,-0.08565478026866913,0.9656280875205994,27.411751431441306,276.2597492720604
1777333653.08364,0.06800354272127151,0.47736743092536926,4.832087993621826,-0.10452991724014282,1.049126386642456,27.35114884881377,276.85834726495744
1777333653.084399,0.06816592812538147,0.4763307571411133,4.842556953430176,-0.11325749009847641,1.0371590852737427,27.291751795005798,277.45817469234464
1777333653.084456,0.06843871623277664,0.47519126534461975,4.853880882263184,-0.11302607506513596,1.1299128532409668,27.226463700932264,278.1069882539749
1777333653.084501,0.06864907592535019,0.47410938143730164,4.865262985229492,-0.1100558415055275,1.1394726037979126,27.164476296955346,278.7591349491119
1777333653.084543,0.06882981210947037,0.47315454483032227,4.876772403717041,-0.09693644940853119,1.1494992971420288,27.10976816968918,279.41857628889085
1777333653.142242,0.06889583170413971,0.47247034311294556,4.8875932693481445,-0.0750553160905838,1.0750548839569092,27.070566284930706,280.0385664419174
1777333653.1429892,0.06908522546291351,0.4719332456588745,4.898561954498291,-0.04682978615164757,1.1035293340682983,27.03979285662174,280.66702603254316
1777333653.143043,0.06908988952636719,0.4717652201652527,4.908939838409424,-0.029343893751502037,1.0251187086105347,27.030165701544284,281.26163519353867
1777333653.1430871,0.06918231397867203,0.4715806543827057,4.919301986694336,-0.0110043715685606,1.0412439107894897,27.019590857380628,281.8553427692413
1777333653.201486,0.06918231397867203,0.4715806543827057,4.9298481941223145,7.001823541941121e-05,1.0564601421356201,27.019590857380628,282.4595961607933
1777333653.2015748,0.06917759776115417,0.4717486500740051,4.939603805541992,0.013092651963233948,0.9717016220092773,27.029216304910182,283.01855172157286
1777333653.2023091,0.0692533552646637,0.47194066643714905,4.949383735656738,0.018342142924666405,0.9770224690437317,27.040218036049605,283.57890064144135
1777333653.202362,0.06924869865179062,0.4721086621284485,4.959139823913574,0.01943417638540268,0.9781866073608398,27.04984348357916,284.13788352298735
1777333653.2024052,0.06924869865179062,0.4721086621284485,4.9687275886535645,0.013948536477982998,0.9724375009536743,27.04984348357916,284.6872221739769
1777333653.2024472,0.06932442635297775,0.4723007082939148,4.979465007781982,0.011698060669004917,1.066165566444397,27.06084692226648,285.3024311928749
1777333653.260341,0.06934217363595963,0.4723825454711914,4.989134788513184,0.01847960241138935,0.977208137512207,27.065535848808288,285.8564690156937
1777333653.2610948,0.06924980133771896,0.47256705164909363,5.000824451446533,0.021815136075019836,1.1719540357589722,27.07610727787614,286.52623760519026
1777333653.26115,0.06932087242603302,0.4729270935058594,5.011731147766113,0.01837494783103466,1.072779655456543,27.096736164093016,287.15114549617766
1777333653.261193,0.06933867931365967,0.473008930683136,5.022359848022461,0.017418794333934784,1.07198166847229,27.101425090634823,287.7601253803253
1777333653.261235,0.06940858066082001,0.47291049361228943,5.03376579284668,0.014212140813469887,1.1642746925354004,27.095785059911012,288.41363811378477
1777333653.261276,0.06943104416131973,0.4728243052959442,5.044226169586182,0.009952500462532043,1.0643837451934814,27.09084683137536,289.01297376737597
1777333653.261769,0.06941790133714676,0.4725745618343353,5.055481910705566,-0.003376132110133767,1.147107720375061,27.07653757994771,289.657880459404
1777333653.261817,0.06953267753124237,0.4723037779331207,5.0657572746276855,-0.016601094976067543,1.0378614664077759,27.0610227997005,290.24661565561297
1777333653.2618601,0.06961196660995483,0.47186943888664246,5.075870037078857,-0.024104904383420944,1.0304794311523438,27.03613699656129,290.8260344704628
1777333653.3176582,0.06954555213451385,0.47134140133857727,5.085887908935547,-0.03160511329770088,1.022915244102478,27.005882662814855,291.4000164527893
1777333653.317743,0.06951349973678589,0.4705185890197754,5.095612525939941,-0.04455938935279846,1.0101252794265747,26.958738972759246,291.9571961637497
1777333653.318464,0.06952640414237976,0.46955615282058716,5.105195999145508,-0.07090984284877777,0.9832942485809326,26.903595420777798,292.5062889278412
1777333653.318516,0.06964948773384094,0.4684910178184509,5.115635871887207,-0.09156505763530731,1.058976411819458,26.842567658722402,293.10444978847505
1777333653.318559,0.06958205997943878,0.467504620552063,5.126154899597168,-0.10032619535923004,1.0499465465545654,26.78605123822689,293.7071458963394
1777333653.376043,0.06961280107498169,0.4666239619255066,5.136779308319092,-0.1026085838675499,1.0477315187454224,26.73559319769144,294.315879893589
1777333653.3761191,0.06945309787988663,0.4658220410346985,5.148441314697266,-0.09302856773138046,1.1529858112335205,26.689646498715877,294.9840638786316
1777333653.376794,0.06949181109666824,0.46535947918891907,5.159483909606934,-0.07649559527635574,1.0739307403564453,26.66314364771247,295.61675818805696
1777333653.376849,0.0694207102060318,0.4649994671344757,5.169670581817627,-0.048817142844200134,1.005798578262329,26.642516469043493,296.2004117217064
1777333653.376891,0.06921757012605667,0.4648282825946808,5.181963920593262,-0.03361351415514946,1.2126518487930298,26.632708313888312,296.9047684015274
1777333653.376933,0.06905403733253479,0.4646527171134949,5.193292617797852,-0.018173612654209137,1.132003903388977,26.62264914919138,297.55385517082215
1777333653.432348,0.0689781904220581,0.4644608497619629,5.203647613525391,-0.01282136794179678,1.0417944192886353,26.611655955791473,298.1471529350281
1777333653.433075,0.06881469488143921,0.46428531408309937,5.21401834487915,-0.012989792041480541,1.0415518283843994,26.601598498642446,298.74135228452684
1777333653.433129,0.0687389075756073,0.4640934467315674,5.224372863769531,-0.017252366989850998,1.0371838808059692,26.590605305242537,299.3346227279663
1777333653.433173,0.06845992803573608,0.4637303948402405,5.233597278594971,-0.028982853516936302,0.9295060634613037,26.56980395668745,299.8631429549217
1777333653.433214,0.06838882714509964,0.4633704125881195,5.243783950805664,-0.04118405655026436,1.0132471323013306,26.549178485566376,300.4467964885712
1777333653.433255,0.06832239776849747,0.46284228563308716,5.253802299499512,-0.04234160855412483,1.0121999979019165,26.518919029176235,301.02080579166415
1777333653.491345,0.06818806380033493,0.4625405967235565,5.264047145843506,-0.03500589728355408,1.019372582435608,26.50163352175355,301.60779245882037
1777333653.491424,0.06819278001785278,0.46237242221832275,5.274425029754639,-0.011798578314483166,1.0426112413406372,26.491997828936576,302.2024016198158
1777333653.526348,0.06818806380033493,0.4625405967235565,5.285139560699463,0.014081524685025215,1.0683859586715698,26.50163352175355,302.8162992419243
1777333653.526486,0.06817153841257095,0.4629167914390564,5.297021389007568,0.03239231929183006,1.182952642440796,26.523187898933887,303.49707810029986
1777333653.5265322,0.06823797523975372,0.46344491839408875,5.308095932006836,0.05301784723997116,1.1074753999710083,26.553447355324028,304.13160290107726
1777333653.527276,0.06821198761463165,0.4641574025154114,5.319355487823486,0.07126133888959885,1.1257188320159912,26.594269703042507,304.7767281592369
1777333653.527327,0.06820350140333176,0.46495190262794495,5.330696105957031,0.09116315096616745,1.1455730199813843,26.63979122259021,305.4264979476929
1777333653.52737,0.06827086210250854,0.46593815088272095,5.341269493103027,0.08980609476566315,1.0483192205429077,26.696299105346203,306.0323086229324
1777333653.527411,0.06828475743532181,0.4666464030742645,5.352524757385254,0.07456744462251663,1.1269158124923706,26.736878981262446,306.677187994194
1777333653.5853708,0.06839106976985931,0.46717017889022827,5.363595008850098,0.058006651699543,1.1144497394561768,26.76688913565874,307.31146690807344
1777333653.586076,0.06842625886201859,0.4673338830471039,5.374304294586182,0.0253138467669487,1.0796233415603638,26.776268696290256,307.92506400175097
1777333653.586126,0.06848827749490738,0.46724337339401245,5.38476037979126,-0.016337038949131966,1.03512442111969,26.771082873308657,308.5241537684441
1777333653.586167,0.06861194968223572,0.4666364789009094,5.39565896987915,-0.06211930885910988,1.0914214849472046,26.736310367810727,309.1485972064018
1777333653.586208,0.0686936154961586,0.4655431807041168,5.406070709228516,-0.10896122455596924,1.0414940118789673,26.673668972986935,309.7451461418152
1777333653.586248,0.06886482238769531,0.46413734555244446,5.416170597076416,-0.14632005989551544,0.9997705817222595,26.593120523303746,310.32382729597094
1777333653.64529,0.06895987689495087,0.4625396430492401,5.427995681762695,-0.1614956259727478,1.1854479312896729,26.501578880220652,311.00135498313904
1777333653.645379,0.06905003637075424,0.46111002564430237,5.439030170440674,-0.15260399878025055,1.0935826301574707,26.41966780731082,311.63358483953476
1777333653.645426,0.06911814957857132,0.45976683497428894,5.449191570281982,-0.13389340043067932,1.016485333442688,26.342708623319865,312.2157903725624
1777333653.645468,0.06916985660791397,0.45879966020584106,5.461647033691406,-0.09997782111167908,1.2420697212219238,26.287293571221827,312.9294361129761
1777333653.645509,0.0691734105348587,0.4581734240055084,5.472526550292969,-0.060336120426654816,1.0899269580841064,26.25141286713481,313.5527867202759
1777333653.646245,0.0690973550081253,0.45798182487487793,5.483839988708496,-0.03303225710988045,1.117432713508606,26.240435041666032,314.20099922504426
1777333653.704617,0.0691734105348587,0.4581734240055084,5.494577407836914,0.022905534133315086,1.0774208307266235,26.25141286713481,314.81620824394224
1777333653.7047,0.06916432827711105,0.45850998163223267,5.505460739135742,0.03725723549723625,1.0918729305267334,26.270696205604075,315.43977741737365
1777333653.704743,0.06914804875850677,0.4588859975337982,5.514465808868408,0.03480624407529831,0.8976476192474365,26.292240337496995,315.9557300917625
1777333653.704784,0.06916077435016632,0.4591361880302429,5.524303436279297,0.024952836334705353,0.9837293028831482,26.306575202143193,316.51938482437134
1777333653.705494,0.06916077435016632,0.4591361880302429,5.533891201019287,-0.001529981498606503,0.9569589495658875,26.306575202143193,317.06872347536085
1777333653.763936,0.06914804875850677,0.4588859975337982,5.543228626251221,-0.024470916017889977,0.9341859221458435,26.292240337496995,317.6037187239647
1777333653.764022,0.06916432827711105,0.45850998163223267,5.552440166473389,-0.03756076842546463,0.92116779088974,26.270696205604075,318.13150129022597
1777333653.7640672,0.0691734105348587,0.4581734240055084,5.562649726867676,-0.03411851078271866,1.0203440189361572,26.25141286713481,318.716466220665
1777333653.7641091,0.0690973550081253,0.45798182487487793,5.573004722595215,-0.02119840867817402,1.0333960056304932,26.240435041666032,319.3097639848709
1777333653.764831,0.0690973550081253,0.45798182487487793,5.583551406860352,0.005423644557595253,1.0599288940429688,26.240435041666032,319.91404469718935
1777333653.764881,0.06900050491094589,0.45833447575569153,5.593491554260254,0.035901106894016266,0.9946058988571167,26.26064045600295,320.48357339458465
1777333653.8232808,0.06880680471658707,0.4590397775173187,5.604743003845215,0.0755431205034256,1.129794955253601,26.30105128467679,321.12823419971465
1777333653.8233678,0.06868468970060349,0.46010494232177734,5.615396022796631,0.10744521021842957,1.066006064414978,26.36208075428009,321.7386074429512
1777333653.823413,0.06853607296943665,0.46142470836639404,5.625345230102539,0.14132587611675262,1.003977656364441,26.43769780561924,322.30865523490905
1777333653.8241122,0.06827304512262344,0.46301504969596863,5.6365227699279785,0.16463330388069153,1.1231703758239746,26.528817684370278,322.9490813212395
1777333653.824163,0.06799823045730591,0.4648134112358093,5.6469502449035645,0.17996488511562347,1.0427676439285278,26.631856247484684,323.54653184194564
1777333653.8242052,0.06773022562265396,0.46657177805900574,5.656378746032715,0.17992372810840607,0.9468587040901184,26.73260328131318,324.0867453569412
1777333653.882123,0.06748426705598831,0.4682437479496002,5.666679859161377,0.17452841997146606,1.0374174118041992,26.828400133770703,324.6769558745384
1777333653.882215,0.06713294237852097,0.4698503017425537,5.675956726074219,0.15928207337856293,0.9261021614074707,26.92044891858101,325.2084813858032
1777333653.8829398,0.06690772622823715,0.47097763419151306,5.685712814331055,0.12275243550539017,0.9853997230529785,26.985040333110096,325.7674642673492
1777333653.882992,0.06660416722297668,0.4717855453491211,5.695149898529053,0.07855860888957977,0.9411889314651489,27.03133024921417,326.3081695561409
1777333653.883035,0.06626340001821518,0.4719389081001282,5.704890727996826,0.026066171005368233,0.9847709536552429,27.040117290723323,326.86627817316054
1777333653.8830771,0.06601937860250473,0.47173961997032166,5.7142791748046875,-0.027607910335063934,0.9311445355415344,27.028698917895554,327.40419674377443
1777333653.9420102,0.06589453667402267,0.4711017906665802,5.72418737411499,-0.07056567817926407,0.9837124347686768,26.992153977674246,327.9718949498177
1777333653.942752,0.06575652211904526,0.4702140986919403,5.734804630279541,-0.0906461626291275,1.0594927072525024,26.941292955833674,328.58021913557053
1777333653.942806,0.06556020677089691,0.4692164659500122,5.745312213897705,-0.10052328556776047,1.0496444702148438,26.88413278977871,329.18225954504015
1777333653.942849,0.06553186476230621,0.4682261645793915,5.7558274269104,-0.09612129628658295,1.0540940761566162,26.8273926805079,329.7847370867729
1777333653.9428911,0.06569526344537735,0.4676152765750885,5.766721248626709,-0.06339330971240997,1.0868415832519531,26.792391363590955,330.40890731706617
1777333653.942933,0.06566363573074341,0.46725133061408997,5.777863025665283,-0.03044760972261429,1.119911551475525,26.771538788598775,331.04728434591294
1777333653.999114,0.0657351091504097,0.467611163854599,5.788769721984863,0.0025362963788211346,1.0570465326309204,26.792155721980333,331.67219223690034
1777333653.999199,0.06573215126991272,0.46823757886886597,5.798983573913574,0.03234159201383591,0.990950345993042,26.82804667135477,332.2574030542374
1777333653.9992452,0.06587055325508118,0.46912530064582825,5.8094587326049805,0.06420139968395233,1.022666573524475,26.878909400743247,332.85758565158847
1777333654.039228,0.06600889563560486,0.47001299262046814,5.819934844970703,0.08544266223907471,1.043979287147522,26.929770422583818,333.4578228904724
1777333654.0393221,0.0660596415400505,0.47091734409332275,5.828508377075195,0.09275840222835541,0.8595691323280334,26.9815859637022,333.94905027122496
1777333654.0401092,0.06619793176651001,0.47180503606796265,5.8380255699157715,0.09503793716430664,0.9579269886016846,27.032446985542773,334.49434544878005
1777333654.040371,0.06634532660245895,0.4723568260669708,5.847206115722656,0.08098705857992172,0.9437637329101562,27.064062234967945,335.02035216522216
1777333654.0404139,0.06624413281679153,0.4728774130344391,5.856355667114258,0.06770310550928116,0.9305660724639893,27.093889681738617,335.5445830318451
1777333654.0404558,0.06631097942590714,0.47340524196624756,5.865512371063232,0.05554095655679703,0.9166601896286011,27.12413206264973,336.0692237099648
1777333654.100106,0.06644517928361893,0.4736748933792114,5.874410629272461,0.04463130235671997,0.9088987112045288,27.139581956076622,336.5790565326691
1777333654.100851,0.06654362380504608,0.4737807512283325,5.884104251861572,0.03740556165575981,0.995966374874115,27.145647166228294,337.1344603938103
1777333654.1009028,0.06676990538835526,0.47386571764945984,5.8937764167785645,0.024150310084223747,0.9805359244346619,27.150515385299922,337.6886348204613
1777333654.100947,0.06679233908653259,0.4737796187400818,5.904237270355225,0.010957315564155579,1.0675276517868042,27.14558227940798,338.28799779481886
1777333654.100988,0.06692026555538177,0.47375860810279846,5.9147629737854,0.0033511174842715263,1.0578086376190186,27.14437845813632,338.8910763934135
1777333654.1010299,0.0669606551527977,0.4737544655799866,5.925304889678955,0.006458200979977846,1.0553884506225586,27.144141108977795,339.4950838980675
1777333654.160456,0.06699655205011368,0.4739181399345398,5.9360151290893555,0.00962985772639513,1.0697312355041504,27.153518962061405,340.1087356332779
1777333654.160545,0.06704339385032654,0.47420448064804077,5.946848392486572,0.02262057177722454,1.0772626399993896,27.169925082314013,340.72943612623214
1777333654.1605902,0.06707935035228729,0.47436821460723877,5.956599235534668,0.028138838708400726,0.9868196845054626,27.17930635049343,341.28811847934725
1777333654.160637,0.06702344119548798,0.4747166931629181,5.967494010925293,0.03560652956366539,1.0902009010314941,27.19927270812392,341.9123433511734
1777333654.160678,0.06690951436758041,0.47495511174201965,5.9763617515563965,0.03461349755525589,0.8974378705024719,27.21293309134841,342.420427644825
1777333654.161376,0.06685808300971985,0.4751356840133667,5.986130237579346,0.027078287675976753,0.9855432510375977,27.223279124093057,342.98012086629865
1777333654.219425,0.06669007241725922,0.4751286208629608,5.995710372924805,0.007572212256491184,0.9660374522209167,27.22287443524003,343.52902238502503
1777333654.2195132,0.06648639589548111,0.4749253988265991,6.005095481872559,-0.020886456593871117,0.9376022219657898,27.211230666089058,344.06674971027377
1777333654.219563,0.06624655425548553,0.47455859184265137,6.014315605163574,-0.03618723154067993,0.9223977327346802,27.190214166498183,344.5950240503311
1777333654.219606,0.06600669026374817,0.4741917550563812,6.0244951248168945,-0.04279151186347008,1.011460304260254,27.169195959359406,345.1782677724838
1777333654.22033,0.06578480452299118,0.47390684485435486,6.034757137298584,-0.03290458396077156,1.0215529203414917,27.152871801406146,345.7662379872322
1777333654.220382,0.0655628964304924,0.4736219644546509,6.0459771156311035,-0.020904116332530975,1.1293785572052002,27.136549351000784,346.4090956217766
1777333654.278941,0.06522683799266815,0.47360798716545105,6.056509971618652,-0.00014253176050260663,1.0542621612548828,27.13574851103425,347.01258403186796
1777333654.27903,0.06498508155345917,0.4738677442073822,6.068274974822998,0.016257204115390778,1.1667124032974243,27.150631498557328,347.68666930246354
1777333654.2790751,0.06466274708509445,0.4741036593914032,6.079056739807129,0.026298953220248222,1.080867052078247,27.16414844775796,348.3044191526413
1777333654.2797859,0.06450840830802917,0.4743466377258301,6.089846134185791,0.027332980185747147,1.0816375017166138,27.178070085811616,348.9226061350822
1777333654.2798378,0.06419043987989426,0.47441473603248596,6.100461006164551,0.01931973174214363,1.073909044265747,27.18197183277011,349.5307937170029
1777333654.27988,0.06394881755113602,0.4746745824813843,6.1103081703186035,0.011628369800746441,0.9700217843055725,27.196859942936896,350.09499486494065
1777333654.338432,0.06365326046943665,0.4746568202972412,6.121795654296875,0.005992883816361427,1.1562944650650024,27.19584224438667,350.7531794494629
1777333654.338511,0.06333961337804794,0.47455716133117676,6.131283760070801,-0.0036915536038577557,0.9550129771232605,27.190132204198836,351.2968080602646
1777333654.339201,0.06309525668621063,0.47435855865478516,6.14067268371582,-0.017555350437760353,0.9410536289215088,27.178753104972838,351.83475395164487
1777333654.339251,0.06270517408847809,0.47406724095344543,6.14901065826416,-0.022875361144542694,0.8397549390792847,27.16206182422042,352.31248487377167
1777333654.339293,0.06246497482061386,0.4737008512020111,6.159190654754639,-0.03337832912802696,1.020899772644043,27.14106923030019,352.8957559166908
1777333654.3978722,0.06239280104637146,0.4733411967754364,6.169376850128174,-0.03503568097949028,1.0192160606384277,27.12046254220605,353.4793821295738
1777333654.3979561,0.06231636181473732,0.4731495678424835,6.179732799530029,-0.023912463337183,1.0305664539337158,27.10948300918937,354.07273453531263
1777333654.398703,0.062276020646095276,0.4731534421443939,6.189324378967285,-0.004880746826529503,0.9538717269897461,27.109704990416766,354.6222917524338
1777333654.398759,0.06216646358370781,0.47325628995895386,6.200931549072266,0.011784078553318977,1.1620478630065918,27.11559773823023,355.28733384933474
1777333654.3988018,0.06211752071976662,0.4735960066318512,6.212777137756348,0.03060220181941986,1.1808176040649414,27.13506207677722,355.96603632946017
1777333654.3988428,0.06206192448735237,0.4739764630794525,6.223703861236572,0.0436880998313427,1.0980188846588135,27.156860633307694,356.5920916926384
1777333654.457941,0.06192125380039215,0.47450098395347595,6.234774589538574,0.05438165366649628,1.108791470527649,27.186913476401568,357.22639792728427
1777333654.458708,0.061861176043748856,0.47504934668540955,6.24491024017334,0.053317517042160034,1.0120463371276855,27.21833235781789,357.80712813892364
1777333654.458761,0.061724718660116196,0.4754059314727783,6.252937316894531,0.037740565836429596,0.8048285245895386,27.238763168478012,358.2670459213257
1777333654.458805,0.06153430789709091,0.4754849076271057,6.265480041503906,0.01010300125926733,1.256117343902588,27.243288170421124,358.9856913619995
1777333654.4588459,0.06129000708460808,0.4752863049507141,6.274869441986084,-0.014167822897434235,0.9444648027420044,27.231909071195126,359.52366457414627
1777333654.4588869,0.06105000525712967,0.47491979598999023,6.284090042114258,-0.03652512654662132,0.9221317172050476,27.210909647083284,360.0519662349701
1777333654.516942,0.060733694583177567,0.4743616580963135,6.293119430541992,-0.056696146726608276,0.9019607305526733,27.178930689954758,360.5693122684479
1777333654.517031,0.060466352850198746,0.4734640121459961,6.302768707275391,-0.0709916278719902,0.9837244749069214,27.12749934711456,361.12217529830934
1777333654.517078,0.06027243286371231,0.4722994565963745,6.312150955200195,-0.10509571433067322,0.9495726823806763,27.060775205254554,361.65973869895936
1777333654.5518699,0.059888094663619995,0.4712139964103699,6.320652484893799,-0.11296024918556213,0.8456965684890747,26.99858289552927,362.1468406439781
1777333654.551937,0.05952141061425209,0.4702107906341553,6.330196380615234,-0.09319683909416199,0.9613924026489258,26.941103418016432,362.69366578445437
1777333654.5526779,0.05913965404033661,0.46958398818969727,6.341074466705322,-0.06608904898166656,1.0841648578643799,26.905190270519256,363.3169344294548
1777333654.552732,0.058836307376623154,0.46927642822265625,6.35131311416626,-0.03423955664038658,1.0200912952423096,26.887568376159667,363.90356592664716
1777333654.5527759,0.058349963277578354,0.4693385660648346,6.360963344573975,0.0041771940886974335,0.9626898169517517,26.89112861353755,364.45648359804153
1777333654.5528169,0.058016832917928696,0.469783753156662,6.370996475219727,0.051463983952999115,1.009976863861084,26.916635964113475,365.03133984489443
1777333654.6086028,0.057653024792671204,0.4706507921218872,6.38145112991333,0.09368454664945602,1.0521974563598633,26.966313655257224,365.6303476492882
1777333654.609476,0.05736161395907402,0.47187718749046326,6.391305923461914,0.11779690533876419,0.9804396629333496,27.036580959016085,366.1949859294891
1777333654.609536,0.05707023665308952,0.4731035828590393,6.402120113372803,0.13111135363578796,1.0878785848617554,27.106848262774943,366.8145935917854
1777333654.60958,0.05692450329661369,0.4744221866130829,6.412067413330078,0.1322573572397232,0.9967411756515503,27.182398719745873,367.38453210067746
1777333654.609622,0.05690450221300125,0.4755931794643402,6.421867847442627,0.12347907572984695,0.9863465428352356,27.249491691952944,367.9460558135033
1777333654.609663,0.05685438588261604,0.47655895352363586,6.431462287902832,0.09965230524539948,0.9579188823699951,27.304826489299536,368.4957769552231
1777333654.665786,0.056853458285331726,0.47718557715415955,6.441677093505859,0.07104640454053879,1.0348824262619019,27.340729391509296,369.081042414093
1777333654.6658702,0.0569256991147995,0.47754502296447754,6.451623916625977,0.02948846109211445,0.9879775643348694,27.36132412676811,369.65095360221864
1777333654.665916,0.05713435634970665,0.477548211812973,6.461214065551758,-0.00689128739759326,0.9516936540603638,27.36150683439374,370.2004288570404
1777333654.665959,0.05742033198475838,0.4771163761615753,6.471329689025879,-0.040920257568359375,1.0134531259536743,27.33676446527839,370.780011596489
1777333654.6660008,0.05772873014211655,0.4765987992286682,6.481358051300049,-0.05082397907972336,1.0034542083740234,27.307109480845927,371.35459463567736
1777333654.6667142,0.058124154806137085,0.47606411576271057,6.49137020111084,-0.05535440891981125,0.9992613196372986,27.276474363917114,371.92824876880644
1777333654.722083,0.05918189883232117,0.47510701417922974,6.501917839050293,-0.05731206759810448,1.0931817293167114,27.22163646301031,372.5325841226578
1777333654.722163,0.05973472446203232,0.47478747367858887,6.513103485107422,-0.046300698071718216,1.104029655456543,27.203328134393693,373.17347466201784
1777333654.722208,0.06025675684213638,0.4748895466327667,6.523752212524414,-0.028529739007353783,1.0259854793548584,27.209176485961674,373.7836020183563
1777333654.72225,0.0607139877974987,0.47492271661758423,6.534332275390625,-0.008808961138129234,1.0458279848098755,27.211076986777783,374.38979518432615
1777333654.7229571,0.06123187020421028,0.475192666053772,6.545147895812988,0.01415693573653698,1.0687299966812134,27.22654395568371,375.0094848089218
1777333654.723008,0.06176147609949112,0.4755854904651642,6.556087017059326,0.027040284126996994,1.081344723701477,27.249051144593953,375.63625051202774
1777333654.778653,0.062279392033815384,0.47585543990135193,6.565945148468018,0.03158104792237282,0.9903572797775269,27.26451811349988,376.20108003759384
1777333654.7787461,0.06272834539413452,0.47622445225715637,6.575901985168457,0.03703375533223152,0.995762288570404,27.28566097163558,376.7715649618149
1777333654.778791,0.06318555772304535,0.47625771164894104,6.585522651672363,0.03479192778468132,0.9934248924255371,27.287566595095395,377.32278874568937
1777333654.8327198,0.06365346908569336,0.4760821461677551,6.594934940338135,0.01287965290248394,0.9714643955230713,27.277507430398465,377.8620733546257
1777333654.832808,0.06392113119363785,0.475568026304245,6.604008197784424,-0.02100190706551075,0.9377025961875916,27.24805052152276,378.3819328986168
1777333654.832855,0.06432489305734634,0.4746969938278198,6.613683223724365,-0.05597689747810364,0.9983853101730347,27.19814401896,378.9362712498665
1777333654.8328981,0.06462971866130829,0.4737201929092407,6.623252868652344,-0.08771347999572754,0.9667704105377197,27.142177428889273,379.48457171173095
1777333654.832941,0.06493457406759262,0.4727433919906616,6.633782386779785,-0.10189856588840485,1.0484507083892822,27.08621083881855,380.0878688764572
1777333654.833647,0.06522854417562485,0.471975177526474,6.643560409545898,-0.09931144118309021,0.95496666431427,27.04219537652135,380.6481085132599
1777333654.8886,0.06530601531267166,0.4715403616428375,6.6555891036987305,-0.07753157615661621,1.1686697006225586,27.01728225261569,381.3373021677017
1777333654.8886771,0.06545606255531311,0.47146522998809814,6.666060447692871,-0.04558301344513893,1.0089799165725708,27.012977524352074,381.9372661989212
1777333654.888721,0.06544788181781769,0.47180119156837463,6.676943302154541,-0.010581043548882008,1.0437184572219849,27.03222671186328,382.56080805158615
1777333654.888763,0.0654468908905983,0.472427636384964,6.687157154083252,0.03551744669675827,0.9941264390945435,27.06811936878562,383.1460188689232
1777333654.8894348,0.06539749354124069,0.4733941853046417,6.698669910430908,0.09499412029981613,1.1495356559753418,27.12349856237769,383.80565145406723
1777333654.946522,0.06531888991594315,0.4744876027107239,6.7083916664123535,0.11343803256750107,0.9760807752609253,27.186146787393092,384.36266724042895
1777333654.9466019,0.06515537202358246,0.47572511434555054,6.719217777252197,0.12026604264974594,1.0791618824005127,27.257051006519795,384.98295792188645
1777333654.946645,0.06514142453670502,0.47688746452331543,6.729008674621582,0.1234346255660057,0.9861034154891968,27.323648789834976,385.54393521938323
1777333654.946686,0.06500407308340073,0.47787100076675415,6.738621234893799,0.10476266592741013,0.9676040410995483,27.380001285731794,386.0946945502281
1777333654.947351,0.0649399533867836,0.47858765721321106,6.748925685882568,0.07395938038825989,1.0327597856521606,27.4210626901567,386.68509631319046
1777333654.9473999,0.06480340659618378,0.4789445400238037,6.7588701248168945,0.0327301099896431,0.9914588928222656,27.44151057629585,387.25487089748384
1777333655.0043,0.06461302191019058,0.47902369499206543,6.768536567687988,-0.009457483887672424,0.9490314722061157,27.446045823526383,387.80871747493745
1777333655.0043929,0.06454499065876007,0.4784961938858032,6.779514312744141,-0.04171910136938095,1.1087936162948608,27.415822225642206,388.4376961601257
1777333655.004441,0.0643157809972763,0.4779207706451416,6.790444374084473,-0.0703325942158699,1.0798251628875732,27.382852890729904,389.0639427686691
1777333655.005169,0.06419793516397476,0.4769476354122162,6.801935195922852,-0.09311284124851227,1.1528704166412354,27.327096329051255,389.7223185985565
1777333655.0052228,0.06403939425945282,0.4759784936904907,6.813429355621338,-0.09881653636693954,1.1471667289733887,27.27156857879162,390.3808856738091
1777333655.005265,0.06383655965328217,0.4751494526863098,6.8250651359558105,-0.08509844541549683,1.1612603664398193,27.22406801122427,391.0475670166969
1777333655.061972,0.06387806683778763,0.47451892495155334,6.836898326873779,-0.07196706533432007,1.1740639209747314,27.18794142023921,391.7255591568947
1777333655.062048,0.06383220106363297,0.4739053547382355,6.84970760345459,-0.059746988117694855,1.282468318939209,27.15278642401099,392.4594769060135
1777333655.062752,0.06395018845796585,0.4734664559364319,6.859814643859863,-0.04543833062052727,1.0091297626495361,27.127639366042615,393.038567871666
1777333655.062803,0.06387782841920853,0.47310689091682434,6.87191915512085,-0.028855890035629272,1.2173306941986084,27.107037800592185,393.73210552797315
1777333655.062845,0.06391501426696777,0.47264429926872253,6.8820037841796875,-0.029660223051905632,1.0246869325637817,27.08053324204087,394.30991241760256
1777333655.062887,0.06420095264911652,0.47221213579177856,6.8911590576171875,-0.04813580587506294,0.9081305861473083,27.055772089898586,394.8344711334228
1777333655.119487,0.06458255648612976,0.4714270830154419,6.900920391082764,-0.0819157287478447,0.9751840829849243,27.010791863036154,395.39375454339984
1777333655.1202612,0.0650598332285881,0.47028908133506775,6.913205146789551,-0.10687809437513351,1.235068917274475,26.945589146357776,396.09761944942477
1777333655.12032,0.06554130464792252,0.4689830541610718,6.924363136291504,-0.1397298276424408,1.103814721107483,26.870759274601937,396.73692538433073
1777333655.120364,0.06611435860395432,0.46749207377433777,6.935336112976074,-0.15064102411270142,1.0982615947723389,26.785332360559703,397.3656308618545
1777333655.120407,0.06676817685365677,0.4660245180130005,6.947290897369385,-0.15064683556556702,1.1915684938430786,26.701247579169273,398.0505897974968
1777333655.120502,0.06750553846359253,0.4647083878517151,6.959396839141846,-0.14080385863780975,1.201263189315796,26.6258388486743,398.7442094161034
1777333655.177516,0.06815540790557861,0.46340879797935486,6.969603061676025,-0.13168834149837494,1.0187857151031494,26.55137780726552,399.3289831011772
1777333655.177612,0.06896955519914627,0.4622841477394104,6.983819007873535,-0.11846888810396194,1.4154964685440063,26.48694007204771,400.14349711132047
1777333655.177658,0.06959386169910431,0.46123912930488586,6.995238304138184,-0.10415349155664444,1.139173984527588,26.427064904826878,400.7977748262405
1777333655.1777012,0.07031642645597458,0.46029916405677795,7.00676155090332,-0.09034696221351624,1.1587268114089966,26.37320884396434,401.4580084682465
1777333655.177744,0.07105672359466553,0.45944100618362427,7.016449928283691,-0.08039341866970062,0.9741746187210083,26.3240400020957,402.0131118009567
1777333655.178487,0.0716659426689148,0.45877206325531006,7.026327610015869,-0.06958749890327454,0.9849754571914673,26.285712381863593,402.5790614779472
1777333655.235404,0.0721357986330986,0.4579703211784363,7.037990093231201,-0.08126939088106155,1.164871335029602,26.23977592817545,403.2472727837563
1777333655.235488,0.07246534526348114,0.45693957805633545,7.050382137298584,-0.09639493376016617,1.24545156955719,26.180718676400186,403.9572848622322
1777333655.2355342,0.0727321207523346,0.4559674561023712,7.060915470123291,-0.10888414084911346,1.0414750576019287,26.12502017135024,404.56080059309005
1777333655.235577,0.07291099429130554,0.4550115466117859,7.073381423950195,-0.10317669063806534,1.2386555671691895,26.070250572359562,405.2750473903656
1777333655.2363148,0.07292148470878601,0.45404869318008423,7.085841655731201,-0.09240240603685379,1.2497599124908447,26.01508311470747,405.98896633844373
1777333655.236368,0.07286886125802994,0.45314455032348633,7.097401142120361,-0.08937480300664902,1.1569198369979858,25.963279526424408,406.6512763586998
1777333655.293084,0.07306937128305435,0.4521019160747528,7.109781265258789,-0.0983048602938652,1.2435556650161743,25.903540963035823,407.36060541801453
1777333655.293163,0.07322786748409271,0.451031357049942,7.122133731842041,-0.09745527803897858,1.244371771812439,25.842202427262066,408.0683498728752
1777333655.293207,0.07311239838600159,0.44988808035850525,7.133455276489258,-0.10114515572786331,1.1452759504318237,25.776697474604845,408.7170268306732
1777333655.2939131,0.07281447947025299,0.4487859010696411,7.1448163986206055,-0.10208281129598618,1.1439937353134155,25.71354723050594,409.3679714120865
1777333655.293963,0.07261815667152405,0.44761988520622253,7.155155181884766,-0.10552451014518738,1.0446816682815552,25.646739418798685,409.96034027023313
1777333655.350524,0.07223601639270782,0.44636523723602295,7.166365146636963,-0.11871431022882462,1.127769112586975,25.574853359627724,410.6026241686821
1777333655.3505988,0.07187485694885254,0.44502392411231995,7.177487850189209,-0.1316249519586563,1.1144371032714844,25.49800175115466,411.2399083668709
1777333655.350641,0.07158045470714569,0.44375360012054443,7.187722206115723,-0.13704422116279602,1.0132195949554443,25.42521752178669,411.8262939771652
1777333655.407789,0.07128594070672989,0.442483514547348,7.199875354766846,-0.13043645024299622,1.2116730213165283,25.352446952801944,412.52261835165024
1777333655.407882,0.07114877551794052,0.4414269030094147,7.212241172790527,-0.11165759712457657,1.2301888465881348,25.291907549446822,413.2311277879715
1777333655.407928,0.07117623090744019,0.4405456483364105,7.224782943725586,-0.08725486695766449,1.2547732591629028,25.24141535795331,413.94971858711244
1777333655.4079711,0.07119568437337875,0.4400017261505127,7.237661361694336,-0.05943848565220833,1.282360315322876,25.210250901174547,414.6875978473663
1777333655.408013,0.07129176706075668,0.43964883685112,7.249772071838379,-0.0373985730111599,1.2090684175491333,25.1900318264544,415.3814906736374
1777333655.408767,0.07163740694522858,0.4393249750137329,7.261912822723389,-0.029332630336284637,1.2165590524673462,25.171475903391837,416.0771047081947
1777333655.466186,0.07190228253602982,0.43897882103919983,7.274030685424805,-0.03447877988219261,1.2118322849273682,25.151642734497784,416.77140734596253
1777333655.4662771,0.07231935113668442,0.43855753540992737,7.285114288330078,-0.04522376134991646,1.105241298675537,25.127504837340116,417.4064512413025
1777333655.4663239,0.07332856953144073,0.43718358874320984,7.295245170593262,-0.06398927420377731,1.0861495733261108,25.048783463913203,417.9869082452774
1777333655.466367,0.07386676222085953,0.4361538290977478,7.306680202484131,-0.07821329683065414,1.1682077646255493,24.98978256121874,418.64208754549026
1777333655.467058,0.07432441413402557,0.4351019263267517,7.318092346191406,-0.09893576800823212,1.1470328569412231,24.9295129504323,419.29595544891356
1777333655.46711,0.07468996942043304,0.4342341423034668,7.328729152679443,-0.10649468004703522,1.0438265800476074,24.879792570590972,419.90539978609087
1777333655.5239081,0.07501854002475739,0.43337148427963257,7.341289043426514,-0.0943378135561943,1.2477433681488037,24.830365888988972,420.62502877435685
1777333655.524004,0.07527143508195877,0.43277475237846375,7.354115009307861,-0.08326428383588791,1.2589316368103027,24.796175657325982,421.3599027503014
1777333655.524051,0.07544376701116562,0.4321559965610504,7.366919994354248,-0.07263103872537613,1.269713282585144,24.760723547762634,422.0935746125221
1777333655.5247731,0.07545195519924164,0.43181827664375305,7.380005359649658,-0.056020915508270264,1.2858731746673584,24.741373614925145,422.8433110854149
1777333655.5248268,0.07535894960165024,0.43154555559158325,7.392196178436279,-0.037563029676675797,1.2087002992630005,24.725747844064237,423.5417938004494
1777333655.52487,0.07559165358543396,0.4310358762741089,7.404150485992432,-0.030776744708418846,1.2153786420822144,24.69654535982609,424.2267254153252
1777333655.5818639,0.07542213052511215,0.43057218194007874,7.41710901260376,-0.03507864102721214,1.306801199913025,24.669977622002364,424.9691945643425
1777333655.5819461,0.07515230774879456,0.42987295985221863,7.427915096282959,-0.048330072313547134,1.1021826267242432,24.62991513310075,425.58833777360917
1777333655.5826292,0.0747293010354042,0.42879191040992737,7.439297676086426,-0.073585644364357,1.1723663806915283,24.567975540465117,426.24051178951265
1777333655.6373498,0.07440295070409775,0.42735806107521057,7.4503278732299805,-0.11080425977706909,1.135538101196289,24.48582199575305,426.8724957590103
1777333655.637438,0.0739118903875351,0.42574846744537354,7.461183071136475,-0.1415947526693344,1.1049052476882935,24.393599041056632,427.49445300722124
1777333655.6374831,0.0734410434961319,0.424051970243454,7.4729084968566895,-0.16920962929725647,1.1700118780136108,24.29639687667489,428.1662706542015
1777333655.637526,0.07302675396203995,0.42263320088386536,7.485871315002441,-0.16944162547588348,1.2712204456329346,24.215107351201773,428.9089856901169
1777333655.638241,0.0725434273481369,0.42144376039505005,7.499063491821289,-0.15420298278331757,1.2836143970489502,24.14695740684271,429.6648420146942
1777333655.638292,0.07221345603466034,0.4206357002258301,7.512636661529541,-0.12366056442260742,1.3085724115371704,24.100658952999115,430.4425276316643
1777333655.638335,0.07182277739048004,0.4201754927635193,7.525599956512451,-0.04958205297589302,1.2976797819137573,24.07429099828005,431.1852699883461
1777333655.6383748,0.0715968906879425,0.4198911786079407,7.537779331207275,-0.027648823335766792,1.218583583831787,24.058000991284846,431.8830970049858
1777333655.6384158,0.0715968906879425,0.4198911786079407,7.551202297210693,-0.010081556625664234,1.3283003568649292,24.058000991284846,432.65217658052444
1777333655.695096,0.0715201273560524,0.4197007119655609,7.562517166137695,-0.014054513536393642,1.1393027305603027,24.047088052636386,433.30047104759217
1777333655.6951811,0.07152855396270752,0.4193625748157501,7.574642658233643,-0.03471551463007927,1.211485743522644,24.027714214128256,433.99521081762316
1777333655.695227,0.07170167565345764,0.4187440276145935,7.58552885055542,-0.06189005449414253,1.0884886980056763,23.992274057400227,434.61894391565323
1777333655.695311,0.07188334316015244,0.4177873134613037,7.597036361694336,-0.10184508562088013,1.1446218490600586,23.937458354616165,435.2782759723663
1777333655.6953542,0.07214192301034927,0.41656479239463806,7.608277797698975,-0.12272243201732635,1.1230905055999756,23.867413032084702,435.9223630414009
1777333655.696088,0.07251706719398499,0.41535869240760803,7.621452808380127,-0.12677428126335144,1.3111869096755981,23.79830856844783,436.67723581838607
1777333655.752661,0.0727718397974968,0.4143053889274597,7.634781360626221,-0.11273661255836487,1.3250924348831177,23.737958702909946,437.44090588216784
1777333655.752748,0.07303506135940552,0.41336992383003235,7.648228168487549,-0.08939222246408463,1.3484009504318237,23.684360481780768,438.2113514960289
1777333655.752794,0.07320892065763474,0.41275155544281006,7.661991119384766,-0.056752242147922516,1.3811370134353638,23.648930570340156,438.99991077804566
1777333655.752836,0.0733669102191925,0.4125070869922638,7.675168991088867,-0.0329909585416317,1.3087884187698364,23.634923554891348,439.7549474796295
1777333655.753571,0.07339825481176376,0.4122151732444763,7.689258098602295,-0.024469368159770966,1.413336157798767,23.618198123180868,440.5621941658974
1777333655.753623,0.07338707894086838,0.41196390986442566,7.7033891677856445,-0.0258583165705204,1.4123060703277588,23.60380178681016,441.37184507961274
1777333655.8078,0.0733146145939827,0.4116044044494629,7.715493679046631,-0.04135461151599884,1.204987645149231,23.583203636455536,442.06538273591997
1777333655.807892,0.07302006334066391,0.4107912480831146,7.728102684020996,-0.07468412071466446,1.2674163579940796,23.53661319192052,442.7878257631302
1777333655.807938,0.07271859049797058,0.40955764055252075,7.739333629608154,-0.1284274011850357,1.1179313659667969,23.46593266156912,443.4313117753029
1777333655.8086898,0.07235598564147949,0.40775999426841736,7.751917362213135,-0.18524883687496185,1.252712368965149,23.362935079604387,444.1523068018913
1777333655.808741,0.07200175523757935,0.4056239128112793,7.7651214599609375,-0.2194499373435974,1.3140461444854736,23.240546583652495,444.90884614562987
1777333655.8654,0.07172049582004547,0.40339168906211853,7.77918815612793,-0.23452438414096832,1.3948639631271362,23.112649538165332,445.7148087558746
1777333655.865503,0.07136595994234085,0.40125587582588196,7.794310569763184,-0.22166188061237335,1.5039821863174438,22.990276410144567,446.5812595430374
1777333655.86555,0.07108388096094131,0.39947953820228577,7.806915283203125,-0.1910163015127182,1.2469449043273926,22.888499724930526,447.3034566833496
1777333655.866271,0.07087870687246323,0.39789319038391113,7.8225860595703125,-0.1626688688993454,1.5624487400054932,22.797608657598495,448.2013263519287
1777333655.866326,0.07073840498924255,0.39654961228370667,7.836583137512207,-0.13281625509262085,1.400756597518921,22.7206272754848,449.0033001302719
1777333655.920615,0.07060578465461731,0.3953225612640381,7.848779678344727,-0.12172563374042511,1.220283031463623,22.650322405672075,449.7021106945038
1777333655.920701,0.07056150585412979,0.3940817713737488,7.860960960388184,-0.12573648989200592,1.2161433696746826,22.579230356276035,450.4000469942093
1777333655.9552598,0.07066784054040909,0.3929348587989807,7.874195575714111,-0.129892036318779,1.3082488775253296,22.51351708277464,451.1583348670006
1777333655.956061,0.07061327993869781,0.39144226908683777,7.8870849609375,-0.14846090972423553,1.289691686630249,22.42799796114564,451.8968425048828
1777333655.956117,0.07055878639221191,0.3899496793746948,7.8999738693237305,-0.1570286601781845,1.2810403108596802,22.34247883951664,452.6353228219986
1777333655.956161,0.07069986313581467,0.38834282755851746,7.914665699005127,-0.16273987293243408,1.466729760169983,22.250412979227303,453.477102957058
1777333655.956202,0.07064554840326309,0.3868502676486969,7.928513526916504,-0.16060560941696167,1.373427152633667,22.164895565146207,454.2705253355026
1777333655.956244,0.07069125771522522,0.38529032468795776,7.941335201263428,-0.15519453585147858,1.2828502655029297,22.07551738525629,455.0051534245491
1777333655.956749,0.07073547691106796,0.3840363323688507,7.956380367279053,-0.13474281132221222,1.4950528144836426,22.003668892139196,455.86717824754714
1777333655.9567978,0.07075411826372147,0.3829028606414795,7.96962833404541,-0.10939867794513702,1.3285624980926514,21.93872572274208,456.626231101799
1777333656.013448,0.07078271359205246,0.38202139735221863,7.982169151306152,-0.09425665438175201,1.2476567029953003,21.888221578413248,457.34476725940704
1777333656.013531,0.07064151763916016,0.3811333477497101,7.99374532699585,-0.08256006240844727,1.1635953187942505,21.83734006599784,458.0080335064888
1777333656.013577,0.07057736814022064,0.3804347515106201,8.005510330200195,-0.0766739770770073,1.1692157983779907,21.797313435602188,458.6821187770843
1777333656.014313,0.07043611258268356,0.3795466423034668,8.017086029052734,-0.09082527458667755,1.155440092086792,21.746428508090972,459.34535770339966
1777333656.014365,0.0701994076371193,0.3785565495491028,8.029519081115723,-0.10204605758190155,1.2401834726333618,21.689700351655482,460.05771936779024
1777333656.014407,0.06990659236907959,0.3775746822357178,8.042919158935547,-0.09729372709989548,1.340535283088684,21.633443478441237,460.8254875465393
1777333656.071146,0.0696907788515091,0.3767821490764618,8.05650806427002,-0.08434173464775085,1.3532841205596924,21.58803465705514,461.6040747488022
1777333656.071242,0.06935698539018631,0.3761447072029114,8.07025146484375,-0.06729558110237122,1.3706656694412231,21.55151191495657,462.39151387939455
1777333656.072012,0.06894876807928085,0.3756027817726135,8.08313274383545,-0.04696374386548996,1.294849157333374,21.52046186388731,463.12955706424714
1777333656.072067,0.06851799786090851,0.3753179907798767,8.09722900390625,-0.0326961912214756,1.405121088027954,21.50414453612566,463.9372135620117
1777333656.0721102,0.06806902587413788,0.37512046098709106,8.110453605651855,-0.02596902847290039,1.31631338596344,21.49282690862417,464.6949276987076
1777333656.0721521,0.0676521435379982,0.37491822242736816,8.122715950012207,-0.014274689368903637,1.2296897172927856,21.481239488554,465.3975085287094
1777333656.12906,0.06728043407201767,0.3749099373817444,8.135172843933105,-0.00869643222540617,1.2400660514831543,21.48076479023695,466.1112362314224
1777333656.1298099,0.06686345487833023,0.3747076988220215,8.14743423461914,-0.014531979337334633,1.2314512729644775,21.46917737016678,466.81376241989136
1777333656.129863,0.06652814894914627,0.37452495098114014,8.159714698791504,-0.021008463576436043,1.2230013608932495,21.45870668642521,467.51738143901827
1777333656.183788,0.06611549854278564,0.3741530776023865,8.171806335449219,-0.024440906941890717,1.2238821983337402,21.437399903690814,468.21018143463135
1777333656.1838698,0.06576637923717499,0.3738877475261688,8.184965133666992,-0.026191510260105133,1.316152811050415,21.422197604709865,468.9641253055573
1777333656.183914,0.06536751240491867,0.37359851598739624,8.198098182678223,-0.026417694985866547,1.311263918876648,21.405625852310656,469.7165938550949
1777333656.184604,0.06488697230815887,0.3732900619506836,8.21217155456543,-0.021016191691160202,1.4215850830078125,21.387952731513977,470.52293895606994
1777333656.1846552,0.06464700400829315,0.3732094466686249,8.226471900939941,-0.013486492447555065,1.4243308305740356,21.3833338144362,471.3422887418747
1777333656.184696,0.06448152661323547,0.3730332553386688,8.239718437194824,-0.007019926328212023,1.334792971611023,21.3732387912333,472.1012596338272
1777333656.241452,0.06434056907892227,0.3727377653121948,8.252845764160156,-0.015522659756243229,1.3267402648925781,21.356308453774453,472.8534003341675
1777333656.241528,0.06417930126190186,0.37239179015159607,8.264963150024414,-0.01875726319849491,1.227568507194519,21.336485530167817,473.54767565116884
1777333656.2422001,0.06401511281728745,0.3717612326145172,8.277756690979004,-0.030940158292651176,1.3113510608673096,21.300357231634855,474.28069181499484
1777333656.242249,0.06395503133535385,0.3708929419517517,8.289351463317871,-0.05623751878738403,1.1900570392608643,21.250607823479175,474.9450235719681
1777333656.242327,0.06390563398599625,0.36982280015945435,8.300745964050293,-0.0789666473865509,1.1674067974090576,21.189293193376063,475.5978806070328
1777333656.242367,0.06392005831003189,0.3688589632511139,8.313204765319824,-0.0965496376156807,1.245363712310791,21.134069386643173,476.3117175928116
1777333656.299428,0.06394822150468826,0.36797788739204407,8.326704025268555,-0.09975703805685043,1.3378688097000122,21.08358744043708,477.085168490982
1777333656.300214,0.06395842880010605,0.3671839237213135,8.340292930603027,-0.09293656051158905,1.3452755212783813,21.038096656751634,477.8637556932449
1777333656.30027,0.0639713928103447,0.3666743040084839,8.354164123535156,-0.07442226260900497,1.3633832931518555,21.00889758760929,478.6585167892456
1777333656.3003142,0.06389398872852325,0.3664854168891907,8.36835765838623,-0.05149971693754196,1.3862934112548828,20.998075148999693,479.47174672336575
1777333656.3003561,0.06389398872852325,0.3664854168891907,8.381779670715332,-0.025319460779428482,1.3167140483856201,20.998075148999693,480.2407716573715
1777333656.300398,0.0639117881655693,0.36639824509620667,8.39511489868164,-0.009927383624017239,1.3323355913162231,20.99308057138324,481.00482421188354
1777333656.357761,0.06383001804351807,0.3663792610168457,8.408517837524414,-0.004768794868141413,1.3369628190994263,20.99199286336899,481.77275631523133
1777333656.3578591,0.06366881728172302,0.366033136844635,8.420637130737305,-0.008195921778678894,1.2381317615509033,20.972161402022838,482.46714091529844
1777333656.357907,0.0636134222149849,0.36558717489242554,8.433613777160645,-0.0291494969278574,1.3129793405532837,20.946609655201435,483.21064825344087
1777333656.357954,0.06336120516061783,0.36496949195861816,8.446417808532715,-0.04869363084435463,1.293172001838684,20.911219017362594,483.9442654741287
1777333656.357997,0.06322828680276871,0.36433476209640503,8.459206581115723,-0.0695301741361618,1.2726322412490845,20.874851662123202,484.67700843029024
1777333656.3587441,0.06299375742673874,0.36362990736961365,8.471924781799316,-0.06747528165578842,1.2743180990219116,20.83446644666791,485.4057079130173
1777333656.413367,0.06292495131492615,0.3631012439727783,8.486736297607422,-0.055294468998909,1.4784791469573975,20.804176254415513,486.2543455604553
1777333656.413457,0.06276985257863998,0.36272376775741577,8.50169849395752,-0.04112783819437027,1.4923973083496094,20.782548452675343,487.11161657009126
1777333656.413503,0.0626085177063942,0.3623776137828827,8.514775276184082,-0.02334301918745041,1.3186180591583252,20.76271528378129,487.8608612691879
1777333656.4135501,0.0626085177063942,0.3623776137828827,8.530115127563477,-0.005672334227710962,1.5278143882751465,20.76271528378129,488.73977032585145
1777333656.41426,0.0626085177063942,0.3623776137828827,8.543538093566895,0.0072015621699392796,1.3492296934127808,20.76271528378129,489.5088499013901
1777333656.414311,0.0626085177063942,0.3623776137828827,8.556001663208008,-0.0016684300499036908,1.244532823562622,20.76271528378129,490.22296009483335
1777333656.471027,0.06253096461296082,0.3621888756752014,8.56923770904541,-0.025673381984233856,1.3162823915481567,20.751901382911207,490.981329929924
1777333656.471104,0.06254828721284866,0.3615090847015381,8.581979751586914,-0.06505483388900757,1.2769451141357422,20.712952215242385,491.7113954509735
1777333656.471147,0.0626818835735321,0.3605283796787262,8.594420433044434,-0.10981876403093338,1.2323487997055054,20.65676193639636,492.42419424762727
1777333656.471807,0.06264085322618484,0.35911881923675537,8.607392311096191,-0.13931266963481903,1.2983609437942505,20.57600004322529,493.16742837810517
1777333656.4718568,0.06269478052854538,0.3578105568885803,8.622384071350098,-0.1394244134426117,1.4905411005020142,20.50104210537672,494.02639327526094
1777333656.526199,0.06267979741096497,0.35656654834747314,8.637439727783203,-0.12751412391662598,1.5023024082183838,20.42976564080715,494.8890191551208
1777333656.526284,0.06272485107183456,0.3555983006954193,8.65085220336914,-0.0979733020067215,1.3400721549987793,20.374289116984606,495.6574976737976
1777333656.526331,0.06284322589635849,0.3549886643886566,8.665583610534668,-0.06084528937935829,1.4728134870529175,20.339359517079593,496.50154543247226
1777333656.527045,0.06275259703397751,0.35471731424331665,8.680651664733887,-0.030093830078840256,1.5034695863723755,20.323812293422222,497.36488165225984
1777333656.5270982,0.06277415156364441,0.35446006059646606,8.693817138671875,-0.02141377702355385,1.3206814527511597,20.309072739923,498.119208013916
1777333656.527141,0.06269651651382446,0.3542715907096863,8.707052230834961,-0.01811050996184349,1.3233476877212524,20.298274206984043,498.87752320747376
1777333656.583366,0.06270075589418411,0.3541014790534973,8.719346046447754,-0.023675555363297462,1.223338007926941,20.28852752355337,499.58190720806124
1777333656.583439,0.06280180811882019,0.3535790741443634,8.73320484161377,-0.05218937620520592,1.3856046199798584,20.258595916360616,500.3759579641342
1777333656.584108,0.06285961717367172,0.352693647146225,8.74670124053955,-0.0871141329407692,1.3509783744812012,20.207864668160678,501.149244937706
1777333656.584161,0.06290864944458008,0.3515552878379822,8.760902404785156,-0.11347108334302902,1.4201691150665283,20.14264146090746,501.96291200408933
1777333656.584204,0.06278738379478455,0.3504107594490051,8.77509880065918,-0.13106046617031097,1.4030200242996216,20.077064791238307,502.7763058628082
1777333656.584245,0.06284669041633606,0.3490719795227051,8.790058135986328,-0.1298317015171051,1.4952443838119507,20.000358324337007,503.63341294784544
1777333656.640994,0.06272517889738083,0.3479274809360504,8.804254531860352,-0.11640237271785736,1.4213688373565674,19.934783362215757,504.4468068065643
1777333656.6417851,0.06256961077451706,0.34695756435394287,8.81958293914795,-0.10325156897306442,1.5263333320617676,19.87921121571064,505.3250601648331
1777333656.696924,0.0624394454061985,0.34615349769592285,8.833161354064941,-0.0835142433643341,1.3517439365386963,19.833141573286056,506.10304631023405
1777333656.6970098,0.06226927042007446,0.3455538749694824,8.846942901611328,-0.0671212449669838,1.3731800317764282,19.79878570947647,506.89267110214234
1777333656.697056,0.06212218105792999,0.3448370695114136,8.857731819152832,-0.06721644103527069,1.083353877067566,19.75771576731205,507.51083076381684
1777333656.697099,0.06190360710024834,0.34404489398002625,8.872279167175293,-0.07814021408557892,1.4550015926361084,19.71232743650079,508.34433270664215
1777333656.697835,0.061678558588027954,0.3431400954723358,8.884797096252441,-0.09148146212100983,1.250949501991272,19.66048628216386,509.06155746746066
1777333656.697904,0.061539772897958755,0.3420829772949219,8.900039672851562,-0.11226632446050644,1.5173733234405518,19.599917850494386,509.93489308776856
1777333656.697946,0.061417680233716965,0.340938538312912,8.914234161376953,-0.12023365497589111,1.4104416370391846,19.534346303468944,510.74817766342164
1777333656.754737,0.06132452189922333,0.33978980779647827,8.9293851852417,-0.11049425601959229,1.5226696729660034,19.46852886954546,511.61626769657136
1777333656.754821,0.06128615513443947,0.3388040363788605,8.943739891052246,-0.09723054617643356,1.4363328218460083,19.412048307555914,512.4387320497513
1777333656.755559,0.06126623973250389,0.33801352977752686,8.957331657409668,-0.08017703890800476,1.3578795194625854,19.366755599427222,513.2174831766129
1777333656.755612,0.06121312081813812,0.33739763498306274,8.97109603881836,-0.06225191056728363,1.3753982782363892,19.331467414462566,514.0061244209289
1777333656.755656,0.06133846566081047,0.3370410203933716,8.984163284301758,-0.041543882340192795,1.3004119396209717,19.31103489625454,514.7548227046966
1777333656.755697,0.061375610530376434,0.33669596910476685,8.996281623840332,-0.028519587591290474,1.2177127599716187,19.2912649066329,515.4491526632308
1777333656.81293,0.06143105775117874,0.33640480041503906,9.009413719177246,-0.026310229673981667,1.3158186674118042,19.274582163619996,516.2015665712356
1777333656.813709,0.06146395951509476,0.3362300992012024,9.022661209106445,-0.019931262359023094,1.3219009637832642,19.26457251781225,516.9605921047211
1777333656.8138099,0.061679452657699585,0.3361441493034363,9.035998344421387,-0.014389418065547943,1.3279072046279907,19.259647949659826,517.7247539422989
1777333656.813855,0.06189506873488426,0.33605825901031494,9.050293922424316,-0.005581622011959553,1.4320919513702393,19.254726796603205,518.5438305204392
1777333656.813897,0.062094200402498245,0.3360596299171448,9.063716888427734,0.007870728150010109,1.3500382900238037,19.254805343806744,519.3129100959778
1777333656.813938,0.062272973358631134,0.3363187611103058,9.07835865020752,0.019057821482419968,1.4572581052780151,19.269652472823857,520.15182155056
1777333656.86919,0.06252141296863556,0.33651238679885864,9.092933654785156,0.028229540213942528,1.4660828113555908,19.280746411550044,520.9869080978393
1777333656.8692842,0.06268379837274551,0.3368588984012604,9.10670280456543,0.03592953458428383,1.3781254291534424,19.300600071018934,521.77582254982
1777333656.86933,0.06282351166009903,0.3373219966888428,9.120588302612305,0.04042235389351845,1.3821539878845215,19.3271336578846,522.571403268814
1777333656.8693728,0.06308026611804962,0.3377690017223358,9.133500099182129,0.04921107739210129,1.2956651449203491,19.35274516888261,523.3111949827194
1777333656.8694148,0.06315028667449951,0.3382975161075592,9.146492958068848,0.05588003620505333,1.3018633127212524,19.38302682339549,524.055631226921
1777333656.870146,0.0632367730140686,0.33873867988586426,9.158437728881836,0.050598736852407455,1.2009586095809937,19.408303655004502,524.740016426468
1777333656.9267032,0.06339909881353378,0.3390851616859436,9.171249389648438,0.035281941294670105,1.281765341758728,19.428155606925486,525.474070779419
1777333656.92678,0.06339509785175323,0.3392554521560669,9.183882713317871,0.02786233276128769,1.2739700078964233,19.437912535643576,526.1979071657181
1777333656.9268239,0.06348564475774765,0.3395262658596039,9.19661808013916,0.015413775108754635,1.2617104053497314,19.45342902343869,526.9275901960373
1777333656.9268649,0.06337270140647888,0.3399660587310791,9.21143913269043,0.0209063533693552,1.4588675498962402,19.47862730784416,527.7767742588043
1777333656.927577,0.06328491121530533,0.3405715823173523,9.225467681884766,0.0440971814095974,1.3859577178955078,19.513321266138554,528.5805512077332
1777333656.985663,0.06319711357355118,0.3411771357059479,9.239496231079102,0.05582623928785324,1.3979214429855347,19.548016931980847,529.384328156662
1777333656.985749,0.0629265084862709,0.3416939377784729,9.253435134887695,0.0666641965508461,1.40873122215271,19.577627520167827,530.1829688014984
1777333656.985795,0.0628388375043869,0.3422994911670685,9.266505241394043,0.06625130772590637,1.3126412630081177,19.612323186010123,530.9318310098648
1777333656.985837,0.06257229298353195,0.3426460325717926,9.279314994812012,0.05521322041749954,1.3013521432876587,19.632178553026915,531.66577607975
1777333656.986589,0.06243995204567909,0.34288889169692993,9.292022705078125,0.04163254797458649,1.2877421379089355,19.64609336088896,532.3938745056153
1777333656.986641,0.062298983335494995,0.3428785800933838,9.30351734161377,0.020412946119904518,1.1709256172180176,19.6455025493145,533.0524689016343
1777333657.044127,0.06212862953543663,0.3428727984428406,9.315975189208984,0.0010878206230700016,1.2473201751708984,19.645171285021306,533.7662512458801
1777333657.044217,0.06197500228881836,0.34277966618537903,9.328347206115723,-0.006376076955348253,1.239640235900879,19.63983519782424,534.4751158521652
1777333657.0442612,0.06163439527153969,0.342768132686615,9.340798377990723,-0.006528459955006838,1.2395168542861938,19.639174376785753,535.1885157056809
1777333657.1005042,0.06147279962897301,0.34301552176475525,9.354469299316406,0.003294949885457754,1.3454238176345825,19.653348731929064,535.9718020797729
1777333657.100584,0.06137283146381378,0.34353819489479065,9.368413925170898,0.02222999557852745,1.364397644996643,19.683295707052945,536.7707705738068
1777333657.100628,0.06110255420207977,0.3440551459789276,9.382353782653809,0.042911261320114136,1.3845036029815674,19.71291483297944,537.5694658601761
1777333657.100669,0.061011310666799545,0.3448309600353241,9.396552085876465,0.06372503936290741,1.406659483909607,19.757365719991924,538.3829690019608
1777333657.10071,0.06091026961803436,0.3458067774772644,9.409992218017578,0.08137153089046478,1.3274168968200684,19.813275960981844,539.1530321250915
1777333657.101374,0.06080636754631996,0.3464996814727783,9.423149108886719,0.08684814721345901,1.3331447839736938,19.85297644972801,539.9068667129517
1777333657.101422,0.06071930378675461,0.3471052944660187,9.43621826171875,0.08236528187990189,1.3283172845840454,19.88767553066611,540.6556742797851
1777333657.101464,0.06057097017765045,0.3474355638027191,9.448055267333984,0.03392734378576279,1.1844779253005981,19.906598576527834,541.3338849861145
1777333657.101504,0.0606660358607769,0.3475363552570343,9.46061897277832,0.004589748568832874,1.248645305633545,19.912373503535985,542.0537325405121
1777333657.157711,0.06069965660572052,0.34736189246177673,9.472908020019531,-0.018732592463493347,1.229403018951416,19.902377518111468,542.7578433334351
1777333657.158525,0.06075596809387207,0.3470700979232788,9.48508071899414,-0.025397583842277527,1.220681071281433,19.885658916592597,543.4552878593445
1777333657.15858,0.06077274680137634,0.34698286652565,9.497457504272461,-0.012985585257411003,1.2295506000518799,19.88066092388034,544.1644256732941
1777333657.1586251,0.06088453531265259,0.34699633717536926,9.510892868041992,0.010955294594168663,1.356520414352417,19.88143273553252,544.9342155887604
1777333657.158667,0.06090274825692177,0.34750252962112427,9.52578067779541,0.04796178266406059,1.4861385822296143,19.910435436666013,545.7872245588303
1777333657.158707,0.06098957359790802,0.3483969569206238,9.540099143981934,0.08857797086238861,1.4282571077346802,19.961682364332678,546.6076125337601
1777333657.2184918,0.06109165772795677,0.34951433539390564,9.553679466247559,0.11469452828168869,1.3629549741744995,20.02570345786214,547.3857079622269
1777333657.218585,0.06105908378958702,0.35073554515838623,9.567364692687988,0.13156341016292572,1.3777647018432617,20.095673648285867,548.1698139593125
1777333657.218631,0.06115188077092171,0.3520532548427582,9.580187797546387,0.1257573515176773,1.275953769683838,20.171172878819704,548.9045240106583
1777333657.218674,0.06115713715553284,0.35292983055114746,9.592569351196289,0.1051798164844513,1.2560089826583862,20.221396985292433,549.6139350322724
1777333657.218716,0.06125441566109657,0.3536238968372345,9.60477066040039,0.06459210813045502,1.2148929834365845,20.26116406840682,550.3130188041687
1777333657.219434,0.061363037675619125,0.353807657957077,9.617417335510254,0.017583319917321205,1.2638779878616333,20.271692808777093,551.0376201719284
1777333657.276923,0.06158417463302612,0.3535515367984772,9.62962532043457,-0.02497701905667782,1.221161961555481,20.25701814209819,551.7370864345551
1777333657.277003,0.061883751302957535,0.35302987694740295,9.64156723022461,-0.052341029047966,1.19370436668396,20.22712922360301,552.4213077095031
1777333657.277046,0.06210118904709816,0.3524901866912842,9.656367301940918,-0.062291499227285385,1.4713486433029175,20.19620723862648,553.2692896585464
1777333657.277088,0.062417495995759964,0.35188114643096924,9.670141220092773,-0.058937158435583115,1.3791427612304688,20.161311789679527,554.0584773181915
1777333657.2777758,0.06271326541900635,0.35152947902679443,9.68416976928711,-0.036847926676273346,1.401161551475525,20.14116272442341,554.8622542671203
1777333657.277826,0.062995545566082,0.351548433303833,9.699528694152832,-0.00962256919592619,1.5238641500473022,20.142248724889754,555.7422561544419
1777333657.334882,0.06334911286830902,0.3516422510147095,9.713046073913574,0.014871291816234589,1.3571678400039673,20.14762408568859,556.5167452417373
1777333657.3349628,0.06362423300743103,0.35200145840644836,9.72778606414795,0.032287921756505966,1.4702491760253906,20.168205160564185,557.3612847742081
1777333657.335008,0.06397070735692978,0.35243552923202515,9.739725112915039,0.04439247399568558,1.194560170173645,20.193075595772267,558.0453421245575
1777333657.335766,0.06431446969509125,0.3527298867702484,9.752483367919922,0.03817451000213623,1.284375786781311,20.209941046410798,558.7763365516663
1777333657.335818,0.06466817855834961,0.35282373428344727,9.76504135131836,0.011977753601968288,1.258180856704712,20.215318114757537,559.4958562568664
1777333657.392978,0.06493018567562103,0.35264667868614197,9.77637004852295,-0.025152284651994705,1.125072717666626,20.20517357266545,560.1449430261612
1777333657.3930712,0.06529813259840012,0.35205990076065063,9.790165901184082,-0.06351414322853088,1.3745783567428589,20.171553662002086,560.935387441063
1777333657.393116,0.06559769064188004,0.3510844111442566,9.8026123046875,-0.08754654973745346,1.2542521953582764,20.115662204039097,561.648514086914
1777333657.393802,0.06587404757738113,0.35022667050361633,9.817094802856445,-0.09626973420381546,1.43754243850708,20.0665172678411,562.4783004055023
1777333657.3938508,0.06623879075050354,0.34935659170150757,9.830606460571289,-0.08723284304141998,1.3509800434112549,20.01666540681124,563.2524616436004
1777333657.393897,0.06652474403381348,0.3487516939640045,9.844383239746094,-0.06355760246515274,1.3742597103118896,19.98200730702281,564.0418132278443
1777333657.4515688,0.06668902188539505,0.3483341336250305,9.858345985412598,-0.0393630750477314,1.3986105918884277,19.958082853353023,564.8418199110031
1777333657.451699,0.06693460792303085,0.3482447564601898,9.872637748718262,-0.012518014758825302,1.425622820854187,19.952961917191743,565.6606779230118
1777333657.45246,0.06710124760866165,0.34842056035995483,9.886236190795898,0.012223267927765846,1.3543184995651245,19.9630347422719,566.4398115406036
1777333657.452512,0.06734982132911682,0.34861424565315247,9.898894309997559,0.02222324162721634,1.2685801982879639,19.974132096093893,567.1650686067582
1777333657.4525561,0.06742817163467407,0.34880226850509644,9.91154670715332,0.016620052978396416,1.2630411386489868,19.984905015814306,567.8899978237152
1777333657.510172,0.067585289478302,0.348725289106369,9.923933029174805,0.009053939953446388,1.255068302154541,19.980494419580697,568.5996820529938
1777333657.510262,0.0677555575966835,0.3487308621406555,9.93640422821045,-0.0038460891228169203,1.2422966957092285,19.98081373103857,569.3142293787002
1777333657.510983,0.06784755736589432,0.34854838252067566,9.9496431350708,-0.020396960899233818,1.3213682174682617,19.970358415228127,570.0727631383896
1777333657.5110369,0.06794314086437225,0.3481957018375397,9.964631080627441,-0.0368097722530365,1.49721360206604,19.950151293343307,570.9315094694138
1777333657.5684621,0.06793723255395889,0.34777259826660156,9.97859001159668,-0.045586951076984406,1.3924696445465088,19.925909235763548,571.7312975864411
1777333657.568546,0.06803639978170395,0.3472496569156647,9.993407249450684,-0.04880216717720032,1.485106348991394,19.89594689270854,572.5802630830765
1777333657.5685918,0.06805378943681717,0.34670892357826233,10.007247924804688,-0.042161643505096436,1.3956916332244873,19.864965143555402,573.3732756500244
1777333657.569335,0.06806095689535141,0.3463684320449829,10.021288871765137,-0.03132912516593933,1.4064162969589233,19.84545640876293,574.177762938881
1777333657.569389,0.06815654784440994,0.3460157513618469,10.035318374633789,-0.019399886950850487,1.4184050559997559,19.82524928687811,574.9815945293426
1777333657.569432,0.06816013157367706,0.34584546089172363,10.047611236572266,-0.015131532214581966,1.2301980257034302,19.815492358160018,575.6859238883973
1777333657.6280751,0.06825578212738037,0.34549281001091003,10.060681343078613,-0.020521286875009537,1.3223459720611572,19.7952869438231,576.4347860967636
1777333657.628164,0.06826294958591461,0.34515225887298584,10.07280445098877,-0.03371187299489975,1.2123957872390747,19.775774793934822,577.1293892629624
1777333657.628897,0.06826378405094147,0.34469926357269287,10.085774421691895,-0.04895806312561035,1.2931036949157715,19.749820065808297,577.8725141103745
1777333657.62895,0.0682910904288292,0.3441007435321808,10.099556922912598,-0.06098216399550438,1.3767038583755493,19.715527381271123,578.6621935438156
1777333657.628993,0.06829553842544556,0.3434774875640869,10.114273071289062,-0.0581107959151268,1.4756442308425903,19.67981743197441,579.5053670379639
1777333657.6290329,0.06822441518306732,0.34294894337654114,10.1290864944458,-0.05052487179636955,1.4834593534469604,19.649534069913624,580.3541139684677
1777333657.68432,0.06823164224624634,0.3426083028316498,10.14312744140625,-0.039515554904937744,1.3985533714294434,19.63001679738164,581.1586012573242
1777333657.685057,0.06815693527460098,0.3422500491142273,10.157150268554688,-0.03308582305908203,1.4049831628799438,19.609490364038944,581.9620503570557
1777333657.6851132,0.06826901435852051,0.3418097198009491,10.171090126037598,-0.024729536846280098,1.408657431602478,19.58426134377122,582.760745643425
1777333657.6851578,0.06822352111339569,0.34144648909568787,10.184151649475098,-0.022759869694709778,1.3236713409423828,19.56344974992871,583.5091160779953
1777333657.6852,0.06824705749750137,0.34101811051368713,10.197144508361816,-0.02789822593331337,1.3142694234848022,19.538905456370117,584.2535523221969
1777333657.6852422,0.06837186217308044,0.3406604528427124,10.210210800170898,-0.034720152616500854,1.304524540901184,19.518413173985483,585.0021959644317
1777333657.743264,0.06858861446380615,0.34012043476104736,10.223093032836914,-0.03596529737114906,1.3090604543685913,19.487472405982018,585.7402937908173
1777333657.7433531,0.06879865378141403,0.339609831571579,10.236005783081055,-0.0403490886092186,1.3018132448196411,19.458216987758874,586.4801401462555
1777333657.743399,0.06908092647790909,0.33917495608329773,10.24995231628418,-0.04233047366142273,1.3914016485214233,19.43330044875741,587.2792179233551
1777333657.7434418,0.06945781409740448,0.338840126991272,10.26591682434082,-0.04007827490568161,1.594628095626831,19.41411614806652,588.1939171840668
1777333657.743484,0.06992320716381073,0.33849331736564636,10.279951095581055,-0.031205687671899796,1.4067914485931396,19.3942454131186,588.998021982193
1777333657.744211,0.07028380781412125,0.3382461667060852,10.295044898986816,-0.023542042821645737,1.5105384588241577,19.380084718358518,589.8628335233689
1777333657.8023329,0.07081480324268341,0.338004469871521,10.310142517089844,-0.019059574231505394,1.514733910560608,19.36623650486469,590.7278636306763
1777333657.802423,0.07123515009880066,0.33775070309638977,10.323310852050781,-0.020863443613052368,1.3212370872497559,19.351696734470128,591.4823539169312
1777333657.802469,0.07150471210479736,0.33723318576812744,10.336216926574707,-0.033470798283815384,1.3083897829055786,19.322045165133478,592.2218177816391
1777333657.8025112,0.07191943377256393,0.3365561366081238,10.349920272827148,-0.05209660530090332,1.3858051300048828,19.28325309187174,593.0069619678497
1777333657.803205,0.07210170477628708,0.3355978727340698,10.362386703491211,-0.07150928676128387,1.2706090211868286,19.228348596596717,593.7212360858917
1777333657.803256,0.072381891310215,0.33456897735595703,10.37477970123291,-0.09774581342935562,1.2442541122436523,19.16939721279144,594.4313028059006
1777333657.858649,0.07239381223917007,0.3336050808429718,10.389155387878418,-0.1053398847579956,1.4284151792526245,19.114169990962743,595.2549692728043
1777333657.858733,0.0723079964518547,0.33271199464797974,10.403602600097656,-0.0957629382610321,1.4377621412277222,19.062999902951717,596.0827338546753
1777333657.858779,0.07210714370012283,0.3321177363395691,10.418349266052246,-0.08518444746732712,1.4484360218048096,19.028951397764683,596.9276558778763
1777333657.859503,0.07182098180055618,0.33167678117752075,10.433247566223145,-0.04220777377486229,1.4915473461151123,19.003686518990992,597.781265904808
1777333657.859555,0.07170197367668152,0.33141186833381653,10.447365760803223,-0.029102018103003502,1.4088826179504395,18.988508125680685,598.5901791578293
1777333657.8595982,0.07151030004024506,0.33107057213783264,10.461405754089355,-0.026030464097857475,1.412110447883606,18.96895328709483,599.3946118051529
1777333657.9170072,0.07115489989519119,0.33069491386413574,10.475411415100098,-0.041874974966049194,1.39615797996521,18.947429645776747,600.1970773572922
1777333657.91713,0.07073036581277847,0.3300723731517792,10.488211631774902,-0.061712030321359634,1.2803832292556763,18.911760677629708,600.9304760118484
1777333657.9178162,0.07037008553743362,0.32927316427230835,10.500835418701172,-0.08137095719575882,1.2607579231262207,18.865969365513326,601.6537659828186
1777333657.917866,0.06996520608663559,0.3283922076225281,10.514335632324219,-0.08731143921613693,1.350793480873108,18.815494249498844,602.427271522522
1777333657.9729438,0.06964895129203796,0.3274998664855957,10.527824401855469,-0.08643341809511185,1.351540207862854,18.764366850185393,603.2001213638306
1777333657.973023,0.0694073885679245,0.32696565985679626,10.54262924194336,-0.06899990886449814,1.464601755142212,18.73375905402303,604.0483765205383
1777333657.973068,0.06917783617973328,0.32651418447494507,10.557518005371094,-0.04234772175550461,1.4912539720535278,18.707891410839558,604.9014401321411
1777333657.973815,0.06884026527404785,0.3263324797153473,10.573637008666992,-0.018321463838219643,1.6115494966506958,18.697480491274597,605.8249913211822
1777333657.9738681,0.06866966187953949,0.3263269364833832,10.5880126953125,0.00362024805508554,1.4412704706192017,18.697162887364627,606.648657788086
1777333657.97392,0.0685076043009758,0.3265746235847473,10.603599548339844,0.023354344069957733,1.557147741317749,18.711354317986967,607.54171900177
1777333657.973975,0.06858595460653305,0.3267621099948883,10.617210388183594,0.022549564018845558,1.3644436597824097,18.722096501845122,608.3215629592895
1777333658.031353,0.06858595460653305,0.3267621099948883,10.630633354187012,-0.003699489403516054,1.3383957147598267,18.722096501845122,609.0906425348281
1777333658.032129,0.06858766078948975,0.32631000876426697,10.64552116394043,-0.04716435447335243,1.4867056608200073,18.696193000155688,609.9436515048981
1777333658.0321841,0.0686403289437294,0.325423926115036,10.659017562866211,-0.09108062088489532,1.3469398021697998,18.64542418590188,610.7169384784698
1777333658.0322292,0.0688152015209198,0.3242124617099762,10.674103736877441,-0.12785911560058594,1.5018073320388794,18.576012363642455,611.5813128873825
1777333658.0322711,0.06903351843357086,0.3229079842567444,10.688140869140625,-0.13243798911571503,1.401680827140808,18.501271284377577,612.3855816101075
1777333658.0323122,0.06940697133541107,0.321696937084198,10.704187393188477,-0.1279108077287674,1.5976855754852295,18.431883367788792,613.3049800426484
1777333658.088215,0.06970365345478058,0.3205795884132385,10.719368934631348,-0.10915514826774597,1.5206066370010376,18.367863981807233,614.1748186048508
1777333658.088305,0.07004246860742569,0.3197149336338043,10.732885360717773,-0.0900358259677887,1.3479254245758057,18.318322894495726,614.9492530506134
1777333658.08835,0.07034379243850708,0.3190215528011322,10.74945068359375,-0.07195214182138443,1.6539123058319092,18.27859508498311,615.8983764770508
1777333658.088393,0.07078848034143448,0.31833890080451965,10.76314926147461,-0.0643422082066536,1.3733079433441162,18.239481992715596,616.6832474555969
1777333658.088434,0.07112406194210052,0.3176450729370117,10.776837348937988,-0.07401453703641891,1.363862156867981,18.199728569984437,617.4675173772812
1777333658.089143,0.071413554251194,0.3168689012527466,10.789483070373535,-0.08836839348077774,1.2535308599472046,18.15525719239712,618.192064103508
1777333658.1435258,0.07185403257608414,0.3157621920108795,10.803717613220215,-0.10213197767734528,1.431641697883606,18.09184740101695,619.0076436235428
1777333658.143598,0.07211900502443314,0.3145398795604706,10.817834854125977,-0.13383975625038147,1.399800419807434,18.02181403132081,619.8165022350312
1777333658.14364,0.07248524576425552,0.3130751848220825,10.833627700805664,-0.14878733456134796,1.576636552810669,17.937893174529076,620.7213660198212
1777333658.143681,0.0727696567773819,0.3115940988063812,10.848444938659668,-0.14541290700435638,1.484009027481079,17.853033166390656,621.5703315164566
1777333658.144336,0.07295802980661392,0.3104653060436249,10.864574432373047,-0.12202450633049011,1.6036672592163086,17.788358082014323,622.4944837623597
1777333658.144385,0.07322481274604797,0.3095236122608185,10.87801456451416,-0.0937863141298294,1.3416988849639893,17.734402983373403,623.2645468854904
1777333658.204462,0.07346919924020767,0.3090117275714874,10.892843246459961,-0.061664924025535583,1.474412441253662,17.70507414059043,624.1141680805206
1777333658.204551,0.07352782785892487,0.3085823953151703,10.906794548034668,-0.03986157476902008,1.3981120586395264,17.680475205498933,624.9135190652847
1777333658.204597,0.07367975264787674,0.3082519769668579,10.919888496398926,-0.0332878939807415,1.305155634880066,17.661543621897696,625.6637473119736
1777333658.2053592,0.07373862713575363,0.30782273411750793,10.932881355285645,-0.038609862327575684,1.3070226907730103,17.63694980944991,626.4081835561752
1777333658.2054121,0.0737197995185852,0.3074865937232971,10.946927070617676,-0.037664320319890976,1.4006078243255615,17.617690376651286,627.2129440526962
1777333658.2054558,0.07362291216850281,0.30696341395378113,10.960783958435059,-0.04669487103819847,1.384196162223816,17.587714373213053,628.0068855257034
1777333658.263628,0.07352615147829056,0.30644017457962036,10.975602149963379,-0.052272215485572815,1.4887428283691406,17.557734954679013,628.8559056638718
1777333658.2637079,0.07358532398939133,0.3060109317302704,10.99051284790039,-0.04818456992506981,1.485532283782959,17.533141142231226,629.7102260307312
1777333658.2644422,0.07368196547031403,0.30565881729125977,11.00454330444336,-0.03544866293668747,1.4025359153747559,17.512966463756563,630.5141122627258
1777333658.2644951,0.07365967333316803,0.3054935336112976,11.018758773803711,-0.014673362486064434,1.4232518672943115,17.503496403086185,631.3285989521027
1777333658.2645388,0.07365584373474121,0.3056643605232239,11.032352447509766,0.01546179223805666,1.3574228286743164,17.51328406766653,632.10745936203
1777333658.26458,0.07365226000547409,0.3061153292655945,11.045267105102539,0.041766803711652756,1.2878121137619019,17.53912268253565,632.847415000534
1777333658.323333,0.07364078611135483,0.30662789940834045,11.059203147888184,0.057086654007434845,1.3990142345428467,17.568490798920394,633.6458917207718
1777333658.3244421,0.07361843436956406,0.3073379397392273,11.071417808532715,0.06664939224720001,1.216989517211914,17.609173127710818,634.3457404741288
1777333658.324501,0.07360313087701797,0.3080213665962219,11.084566116333008,0.07123873382806778,1.317597508430481,17.648330616223813,635.0990832881928
1777333658.324546,0.07359584420919418,0.30864325165748596,11.097651481628418,0.07316230982542038,1.319519281387329,17.683962018316983,635.8488197610856
1777333658.324588,0.07365862280130386,0.309513658285141,11.11098575592041,0.07798536121845245,1.3242487907409668,17.733832662373782,636.6128176740647
1777333658.32463,0.07362112402915955,0.3103119730949402,11.12520694732666,0.0827537477016449,1.42491614818573,17.779572748053074,637.4276322126389
1777333658.383522,0.0735015869140625,0.31109392642974854,11.139410972595215,0.08305973559617996,1.425227403640747,17.824375389933586,638.2414632036209
1777333658.383616,0.07344866544008255,0.3119804263114929,11.153719902038574,0.08858828246593475,1.4305157661437988,17.875168109858038,639.0613047632218
1777333658.383662,0.07347308099269867,0.3127736747264862,11.167936325073242,0.08567206561565399,1.427767276763916,17.92061791239381,639.8758460941315
1777333658.383703,0.07333794981241226,0.3136436343193054,11.182228088378906,0.08498825132846832,1.4270217418670654,17.97046294323206,640.6947041061401
1777333658.383744,0.07322338223457336,0.31516316533088684,11.197172164916992,0.08277566730976105,1.424932837486267,18.057525688165427,641.550936926651
1777333658.384484,0.07306476682424545,0.31586775183677673,11.209381103515625,0.08178224414587021,1.232237458229065,18.09789553568959,642.2504578308105
1777333658.442826,0.07309219986200333,0.31649017333984375,11.222467422485352,0.07538577914237976,1.3213690519332886,18.13355767364502,643.0002489452362
1777333658.442911,0.07295665144920349,0.3167651295661926,11.235206604003906,0.0568435937166214,1.302922248840332,18.14931151059866,643.730150541687
1777333658.442997,0.07291398197412491,0.31685858964920044,11.247763633728027,0.037255093455314636,1.2832070589065552,18.154666380822658,644.4496156053543
1777333658.44304,0.07285983860492706,0.31686946749687195,11.261198043823242,0.013967640697956085,1.356230616569519,18.155289635807275,645.2193508792877
1777333658.443784,0.07281716912984848,0.31696292757987976,11.274714469909668,0.0008997766999527812,1.3430956602096558,18.160644506031275,645.9937853250503
1777333658.443836,0.07260781526565552,0.31687960028648376,11.289011001586914,-0.0022475002333521843,1.4354746341705322,18.155870202094317,646.8129165447235
1777333658.501854,0.0725494921207428,0.31706106662750244,11.303574562072754,0.0011449854355305433,1.438926339149475,18.166267461276053,647.6473473936081
1777333658.5019362,0.0725223571062088,0.3170664310455322,11.31700325012207,0.012865628115832806,1.3550227880477905,18.166574819898607,648.4167548183441
1777333658.501983,0.07240629941225052,0.3170824348926544,11.331400871276855,0.010457335971295834,1.4483104944229126,18.16749177312255,649.2416780405044
1777333658.50271,0.0723792314529419,0.3170878291130066,11.344828605651855,0.007996850647032261,1.3499631881713867,18.167800839293005,650.0110308237075
1777333658.502762,0.07236775755882263,0.3170051574707031,11.357209205627441,0.0024411757476627827,1.2487668991088867,18.163064101409912,650.7203872037887
1777333658.560745,0.07254273444414139,0.31684061884880066,11.370467185974121,-0.007778052240610123,1.334283709526062,18.153636729437114,651.4800137941361
1777333658.560826,0.07262437045574188,0.31657660007476807,11.382669448852539,-0.019977455958724022,1.2261964082717896,18.138509562563897,652.1791522075653
1777333658.5608718,0.07288822531700134,0.3164014518260956,11.394957542419434,-0.025683220475912094,1.2203311920166016,18.128474303537608,652.8832083589554
1777333658.6194701,0.07305900007486343,0.31640762090682983,11.408385276794434,-0.021036652848124504,1.3210303783416748,18.12882776595354,653.6525611421586
1777333658.619554,0.07330743968486786,0.31660130620002747,11.422002792358398,-0.00221594562754035,1.339812159538269,18.139925119775533,654.4327875904083
1777333658.6195998,0.07355161756277084,0.3169657588005066,11.435789108276367,0.04400213062763214,1.3858678340911865,18.160806723082064,655.2226855899811
1777333658.619643,0.07386927306652069,0.3176884651184082,11.45089340209961,0.06937248259782791,1.507177472114563,18.202214759731294,656.0880981880188
1777333658.619684,0.07427160441875458,0.3185713291168213,11.464240074157715,0.08992308378219604,1.336280107498169,18.25279915881157,656.8528064409256
1777333658.62045,0.0745692327618599,0.319553017616272,11.477686882019043,0.09799996018409729,1.3443586826324463,18.309045786738395,657.6232520547867
1777333658.620607,0.07488246262073517,0.320446640253067,11.492002487182617,0.09478483349084854,1.4369860887527466,18.36024661061168,658.4434761051178
1777333658.6787221,0.07528889179229736,0.32115888595581055,11.504220962524414,0.07115564495325089,1.221562385559082,18.40105529794693,659.1435434246064
1777333658.6788049,0.07551705092191696,0.3216117024421692,11.517136573791504,0.04397204518318176,1.2902666330337524,18.426999780786037,659.8835537046432
1777333658.6788511,0.07592439651489258,0.32172954082489014,11.529718399047852,0.016758963465690613,1.2629289627075195,18.43375142519474,660.6044394481659
1777333658.679577,0.0762658417224884,0.3217422068119049,11.542194366455078,0.0004573132027871907,1.2466896772384644,18.43447713305354,661.3192599815369
1777333658.679629,0.07657977193593979,0.32176053524017334,11.554676055908203,-0.0027290775906294584,1.2409229278564453,18.435527275013925,662.0344083641053
1777333658.737777,0.07689373940229416,0.32177895307540894,11.568119049072266,0.00946213211864233,1.3544094562530518,18.436582539618016,662.8046354118347
1777333658.737864,0.07711011916399002,0.3221495449542999,11.582869529724121,0.035915397107601166,1.4737452268600464,18.457815897792578,663.6497760011673
1777333658.73791,0.07738783955574036,0.3227962553501129,11.596939086914062,0.07258585095405579,1.4126378297805786,18.494869687289,664.4559025360107
1777333658.738731,0.07764072716236115,0.3238725960254669,11.61143970489502,0.10872803628444672,1.4532713890075684,18.55653948735595,665.2867270437241
1777333658.738784,0.0778888389468193,0.3251197040081024,11.625150680541992,0.1273641139268875,1.3735342025756836,18.627993536907436,666.0723083621979
1777333658.7388349,0.07805916666984558,0.3264601528644562,11.637995719909668,0.1353616863489151,1.2796950340270996,18.704795626491308,666.8082751688004
1777333658.7973561,0.07821724563837051,0.3277183473110199,11.651718139648438,0.13441359996795654,1.387253999710083,18.776884883862735,667.5945121856689
1777333658.79744,0.07838686555624008,0.3287775218486786,11.664281845092773,0.11279360204935074,1.2630186080932617,18.83757113633752,668.3143597400665
1777333658.798238,0.07854112237691879,0.3296123147010803,11.675663948059082,0.07563348859548569,1.130249261856079,18.88540126065016,668.9665064352035
1777333658.7982929,0.07863462716341019,0.32988935708999634,11.687445640563965,0.03988788276910782,1.1900556087493896,18.90127462595701,669.6415479326248
1777333658.798337,0.07873256504535675,0.3299957811832428,11.700016975402832,-0.0015052766539156437,1.2445733547210693,18.907372279518842,670.3618326192856
1777333658.7983801,0.07883959263563156,0.32976117730140686,11.71224594116211,-0.02340051904320717,1.2225514650344849,18.893930462425946,671.062500995636
1777333658.8569138,0.07891860604286194,0.3295324444770813,11.72544002532959,-0.02645118534564972,1.3158453702926636,18.880825032269954,671.8184666032791
1777333658.857721,0.0790095180273056,0.3293860852718353,11.738717079162598,-0.01294909231364727,1.3292080163955688,18.87243926451802,672.5791860242844
1777333658.8577762,0.07892514765262604,0.32940343022346497,11.752157211303711,0.006852377206087112,1.3486846685409546,18.873433057397605,673.3492491474152
1777333658.857822,0.07897770404815674,0.3298855721950531,11.766061782836914,0.03984510526061058,1.3821752071380615,18.901057767373324,674.1459226970672
1777333658.857864,0.07894368469715118,0.3305204510688782,11.78107738494873,0.0716995894908905,1.5095294713974,18.93743366035223,675.0062536325455
1777333658.9169862,0.0788995623588562,0.33149638772010803,11.793559074401855,0.09809406846761703,1.2485295534133911,18.993350731533766,675.7214020151139
1777333658.9177752,0.07883044332265854,0.3325890898704529,11.806157112121582,0.11712152510881424,1.2673466205596924,19.055957975399494,676.4432166646957
1777333658.917831,0.07875564694404602,0.3338523209095001,11.818925857543945,0.12906140089035034,1.2792863845825195,19.128335808366536,677.1748121486664
1777333658.917875,0.07858683168888092,0.3350149095058441,11.831594467163086,0.11969738453626633,1.2700177431106567,19.194947252064942,677.9006702716828
1777333658.917917,0.0784391239285469,0.3359188437461853,11.844001770019531,0.0935804694890976,1.24385404586792,19.246738887512684,678.611556614685
1777333658.9179578,0.07835642993450165,0.3366469740867615,11.85623550415039,0.07057907432317734,1.2208905220031738,19.28845769788027,679.3124981986999
1777333658.977361,0.07822322845458984,0.3370394706726074,11.86717414855957,0.04019409418106079,1.0947144031524658,19.31094610376358,679.9392365810394
1777333658.977448,0.07807949930429459,0.33706730604171753,11.880624771118164,0.010806958191096783,1.3529692888259888,19.31254095350504,680.7099007610321
1777333658.977494,0.07794743031263351,0.33717748522758484,11.89319896697998,-0.0022667087614536285,1.2439675331115723,19.318853758102655,681.4303493722915
1777333658.977536,0.07782074064016342,0.33711713552474976,11.906560897827148,-0.005441712215542793,1.3367595672607422,19.315395973598957,682.1959318897248
1777333658.977578,0.07750657200813293,0.337136834859848,11.920004844665527,0.010982122272253036,1.3531392812728882,19.31652466276288,682.9662135789871
1777333658.978313,0.0771561861038208,0.3376142680644989,11.932945251464844,0.04402799531817436,1.290291428565979,19.343879580169915,683.7076445388794
1777333659.0380402,0.07691759616136551,0.3382456600666046,11.946040153503418,0.07115472108125687,1.317480444908142,19.380055690044166,684.4579274271011
1777333659.0381901,0.07656070590019226,0.33931609988212585,11.95861530303955,0.09952183067798615,1.2499103546142578,19.441387395626307,685.1784306798935
1777333659.0382369,0.0762958824634552,0.34048745036125183,11.970333099365234,0.12444257736206055,1.178847312927246,19.508500858408212,685.8498111946105
1777333659.03828,0.07601271569728851,0.34174644947052,11.982137680053711,0.13330096006393433,1.187715768814087,19.58063621957302,686.5261640888214
1777333659.0390248,0.07574019581079483,0.34308770298957825,11.994028091430664,0.1336820423603058,1.1885411739349365,19.65748441295028,687.2074347209931
1777333659.039078,0.07539134472608566,0.34423938393592834,12.004766464233398,0.11846939474344254,1.0768866539001465,19.723470894116165,687.822698381424
1777333659.097427,0.07522974163293839,0.3453114330768585,12.01638412475586,0.11115209013223648,1.165645956993103,19.78489480728507,688.4883415351868
1777333659.097512,0.07502582669258118,0.3463013172149658,12.027921676635742,0.10059770941734314,1.1553088426589966,19.841611010885238,689.1493948001862
1777333659.097558,0.07500559836626053,0.3470992147922516,12.0402250289917,0.08845454454421997,1.2385647296905518,19.88732719089389,689.8543252161026
1777333659.098279,0.0750960037112236,0.3479113280773163,12.052541732788086,0.07426311075687408,1.224430799484253,19.933857871252297,690.5600206134797
1777333659.09833,0.07512899488210678,0.3484463095664978,12.065540313720703,0.06453659385442734,1.310519814491272,19.964510063660146,691.3047847068786
1777333659.098374,0.0753619372844696,0.34898465871810913,12.078542709350586,0.06245045363903046,1.3083713054656982,19.99535520898104,692.0497673664094
1777333659.157365,0.07562458515167236,0.3495178818702698,12.09153938293457,0.0682583600282669,1.3145841360092163,20.025906656062602,692.7944221767425
1777333659.157446,0.07596243917942047,0.35024064779281616,12.104726791381836,0.07435142993927002,1.3208348751068115,20.067318107807637,693.5500052936554
1777333659.158184,0.07631219923496246,0.3510458767414093,12.117997169494629,0.0864129438996315,1.332960605621338,20.113454344600438,694.3103422239303
1777333659.158238,0.07673314213752747,0.35192781686782837,12.130383491516113,0.09087421745061874,1.2409465312957764,20.16398580969572,695.020026453209
1777333659.1582808,0.07766658812761307,0.3536539673805237,12.142656326293945,0.09862416237592697,1.1530816555023193,20.26288698424101,695.7232083400726
1777333659.1583219,0.0780818909406662,0.35428330302238464,12.154791831970215,0.09243374317884445,1.2428691387176514,20.298945273309947,696.418521846199
1777333659.217471,0.07847914844751358,0.35457777976989746,12.166590690612793,0.07207934558391571,1.222209095954895,20.31581755414009,697.0945468912124
1777333659.218261,0.07890873402357101,0.35458365082740784,12.178101539611816,0.04346261918544769,1.1936876773834229,20.316153941076994,697.7540701932907
1777333659.218318,0.07931821793317795,0.3545379936695099,12.190519332885742,0.02024836465716362,1.2639625072479248,20.313537977689503,698.4655575931549
1777333659.218362,0.0796164721250534,0.3544781804084778,12.202922821044922,0.011530468240380287,1.2601975202560425,20.31011092904806,699.1762253700256
1777333659.218406,0.07992088794708252,0.35424837470054626,12.216116905212402,0.0003750392934307456,1.3424314260482788,20.29694402716756,699.9321909776687
1777333659.2184489,0.08018907159566879,0.3541942834854126,12.230443954467773,-0.003629924263805151,1.4317243099212646,20.293844827723504,700.7530707263946
1777333659.278187,0.08040057122707367,0.3538626432418823,12.243535995483398,-0.0052781556732952595,1.3393325805664062,20.274843234658242,701.5031896900177
1777333659.27827,0.0806751698255539,0.353638619184494,12.257692337036133,-0.011576252058148384,1.4262535572052002,20.262007597070934,702.3142886043548
1777333659.2783139,0.0807676762342453,0.35332366824150085,12.270800590515137,-0.013484635390341282,1.3246970176696777,20.243962230831386,703.0653364740372
1777333659.278357,0.0810488611459732,0.3529297411441803,12.283829689025879,-0.0131972162052989,1.3326659202575684,20.221391862648726,703.8118490964889
1777333659.2783968,0.08122560381889343,0.3523515462875366,12.295714378356934,-0.022553592920303345,1.2235541343688965,20.18826372578144,704.4927918794632
1777333659.279125,0.08132176101207733,0.35175377130508423,12.307580947875977,-0.0344763845205307,1.211849331855774,20.154013729941845,705.1726964733124
1777333659.3356318,0.08134724199771881,0.35107895731925964,12.320328712463379,-0.04647804796695709,1.2956172227859497,20.115349722772837,705.9030898435593
1777333659.335721,0.08126554638147354,0.3505028188228607,12.333176612854004,-0.05541686341166496,1.2865725755691528,20.08233940671086,706.6392205747604
1777333659.335767,0.08120416104793549,0.3499784469604492,12.346074104309082,-0.0575270839035511,1.2844728231430054,20.052295101356506,707.3781926656723
1777333659.3358111,0.0810355544090271,0.34955257177352905,12.360029220581055,-0.052425093948841095,1.3854280710220337,20.027894241821766,708.177762216568
1777333659.33656,0.0808703824877739,0.34923937916755676,12.374098777770996,-0.02829185128211975,1.4099444150924683,20.0099496209085,708.9838887514114
1777333659.336611,0.08061770349740982,0.3490764796733856,12.388317108154297,-0.019935930147767067,1.4179892539978027,20.00061616407037,709.798539365387
1777333659.395019,0.08026584982872009,0.3489815294742584,12.401644706726074,-0.014373809099197388,1.3274585008621216,19.995175916451217,710.5621547876358
1777333659.395118,0.07984308898448944,0.3488091230392456,12.414894104003906,-0.01123172789812088,1.330902338027954,19.985297751832007,711.321289604187
1777333659.395165,0.07949820160865784,0.34854358434677124,12.428051948547363,-0.019926944747567177,1.3219953775405884,19.970083500015736,712.07517883358
1777333659.395909,0.07906422764062881,0.3482884168624878,12.440260887145996,-0.029976477846503258,1.2162247896194458,19.955463474869727,712.7746997377395
1777333659.395961,0.07875624299049377,0.3478471636772156,12.452284812927246,-0.04178357496857643,1.2044837474822998,19.93018152061701,713.4636201845169
1777333659.396003,0.07827813923358917,0.3473963737487793,12.464298248291016,-0.04842653498053551,1.197494387626648,19.90435315103531,714.1519395744324
1777333659.455111,0.07781846821308136,0.34685778617858887,12.47622299194336,-0.0527832992374897,1.193418025970459,19.873494345331192,714.8351773017883
1777333659.455198,0.07740356773138046,0.34651419520378113,12.489300727844238,-0.042020753026008606,1.299878478050232,19.853808025556802,715.5844766424179
1777333659.455932,0.07693000137805939,0.34631574153900146,12.502525329589844,-0.018252268433570862,1.3239436149597168,19.84243746407032,716.3421907791138
1777333659.4559848,0.07633079588413239,0.34630271792411804,12.515935897827148,0.008194532245397568,1.3502898216247559,19.841691265636683,717.1105600147247
1777333659.456028,0.0758095309138298,0.34673210978507996,12.529787063598633,0.0392155796289444,1.3812825679779053,19.866293615823984,717.9041736385345
1777333659.4560692,0.07528088241815567,0.3473314344882965,12.54380989074707,0.0633457824587822,1.4055029153823853,19.90063240415454,718.707622738266
1777333659.515811,0.0746445432305336,0.34802842140197754,12.556970596313477,0.06871121376752853,1.3148812055587769,19.940566826963426,719.4616758922577
1777333659.516542,0.0740046501159668,0.3486121892929077,12.570976257324219,0.06439360976219177,1.4061588048934937,19.97401427528858,720.264141444397
1777333659.516595,0.07339370995759964,0.34905099868774414,12.582921981811523,0.04396827891469002,1.1944037675857544,19.99915621061325,720.9485812854767
1777333659.516638,0.07277551293373108,0.3491237759590149,12.596416473388672,0.006587619427591562,1.3487552404403687,20.003326042592526,721.7217589759827
1777333659.5166788,0.07209094613790512,0.34883615374565125,12.609551429748535,-0.026382986456155777,1.315443992614746,19.986846497780085,722.4743368085861
1777333659.5727758,0.07152500003576279,0.34839361906051636,12.622530937194824,-0.049762289971113205,1.2923047542572021,19.961491118967533,723.2180080713272
1777333659.573577,0.07099290192127228,0.34766316413879395,12.635224342346191,-0.06256134063005447,1.2795957326889038,19.91963911986351,723.9452868741989
1777333659.573688,0.07045341283082962,0.3471027910709381,12.650004386901855,-0.06181926652789116,1.4716674089431763,19.887532096642257,724.7921213510514
1777333659.573746,0.07002484053373337,0.3465577960014343,12.664800643920898,-0.059470612555742264,1.47443687915802,19.856306168138982,725.639884733963
1777333659.573788,0.06960730999708176,0.34609562158584595,12.679678916931152,-0.0521700382232666,1.4816616773605347,19.829825515258314,726.492347288704
1777333659.573838,0.0692191794514656,0.3456290364265442,12.691675186157227,-0.03957473486661911,1.2067822217941284,19.80309214528799,727.1796831310272
1777333659.632961,0.0688939169049263,0.3452695906162262,12.707613945007324,-0.03979947417974472,1.589459776878357,19.782497410029173,728.0929070703506
1777333659.633048,0.0686650276184082,0.34472987055778503,12.721455574035645,-0.0413772389292717,1.3962604999542236,19.75157371750474,728.8859742788314
1777333659.6330938,0.06852492690086365,0.34418004751205444,12.733370780944824,-0.05890583246946335,1.1872037649154663,19.72007116624117,729.5686655908585
1777333659.633137,0.06851056218147278,0.3433053493499756,12.744959831237793,-0.09066213667392731,1.1553211212158203,19.66995463528633,730.2326694986343
1777333659.633179,0.06859990954399109,0.3420802354812622,12.76003360748291,-0.12239619344472885,1.50752854347229,19.599760756087303,731.0963335676194
1777333659.633933,0.06870076060295105,0.340402215719223,12.772737503051758,-0.16948135197162628,1.268120288848877,19.50361727140546,731.8242134273529
1777333659.6930518,0.06900814920663834,0.33855921030044556,12.786233901977539,-0.19451121985912323,1.3397040367126465,19.39802080153227,732.5975004009247
1777333659.69315,0.06936795264482498,0.3367399573326111,12.800712585449219,-0.17985180020332336,1.449488878250122,19.29378524733782,733.4270681533814
1777333659.693198,0.06986495107412338,0.33535802364349365,12.814672470092773,-0.14751586318016052,1.3864299058914185,19.214606251072883,734.2269109119416
1777333659.6932411,0.070528045296669,0.334267795085907,12.828922271728516,-0.1136002391576767,1.4200013875961304,19.152140733683108,735.0433646965026
1777333659.693985,0.07118651270866394,0.33360084891319275,12.84263801574707,-0.0696096196770668,1.368231177330017,19.11392751916051,735.829219222641
1777333659.694038,0.07178375124931335,0.33336666226387024,12.85678482055664,-0.024465400725603104,1.4096598625183105,19.100509607738257,736.6397717216491
1777333659.752959,0.07265377789735794,0.3333269953727722,12.869210243225098,-6.782065611332655e-06,1.24922513961792,19.098236861479283,737.3516962537766
1777333659.7530398,0.0733988806605339,0.33347219228744507,12.881818771362305,0.015456730499863625,1.2614399194717407,19.106556034862994,738.0741119602203
1777333659.753085,0.07429647445678711,0.3337147831916809,12.894524574279785,0.021356379613280296,1.2650704383850098,19.12045547479391,738.8021011030197
1777333659.7537751,0.0750340148806572,0.33403074741363525,12.90634536743164,0.024908263236284256,1.1771693229675293,19.13855889766216,739.4793829032898
1777333659.7538261,0.0758577436208725,0.3340842127799988,12.919821739196777,0.017988435924053192,1.3602514266967773,19.141622238600252,740.2515224046707
1777333659.753868,0.07659238576889038,0.3341476023197174,12.933307647705078,0.01152161043137312,1.35100519657135,19.145254192990066,741.0242083213806
1777333659.812774,0.07729852944612503,0.3342163562774658,12.946799278259277,0.009635461494326591,1.354251503944397,19.149193506002426,741.7972220872879
1777333659.812855,0.07810436934232712,0.33435842394828796,12.961322784423828,0.018710371106863022,1.4564558267593384,19.15733338685632,742.6293579917908
1777333659.8135512,0.07870589941740036,0.3347781300544739,12.97420597076416,0.044288747012615204,1.2902719974517822,19.181380783975126,743.3675104597091
1777333659.813605,0.07938889414072037,0.3353588581085205,12.98820972442627,0.06294321268796921,1.4051727056503296,19.21465406241417,744.1698667287826
1777333659.813646,0.07997461408376694,0.33611994981765747,13.001434326171875,0.07768241316080093,1.3236967325210571,19.25826142076254,744.9275808654785
1777333659.813687,0.0806228443980217,0.3369888961315155,13.01380729675293,0.09552066028118134,1.2455642223358154,19.308048394972086,745.6365001132965
1777333659.869916,0.08098269253969193,0.33800408244132996,13.02632999420166,0.10200545936822891,1.252421259880066,19.366214306741952,746.3539980817794
1777333659.8706748,0.08120021969079971,0.33900392055511475,13.038834571838379,0.09963414818048477,1.250089406967163,19.423500831341745,747.0704578611374
1777333659.870734,0.08124434947967529,0.33974093198776245,13.051076889038086,0.08075510710477829,1.2312103509902954,19.46572849098444,747.7718912189483
1777333659.870778,0.08121495693922043,0.3402877449989319,13.063130378723145,0.05474507063627243,1.2053818702697754,19.4970585799098,748.4625055532456
1777333659.87082,0.08102299273014069,0.3406539261341095,13.075960159301758,0.03371051326394081,1.2800674438476562,19.518039220994712,749.1975980953216
1777333659.870862,0.07999760657548904,0.3406337797641754,13.089361190795898,0.01135564036667347,1.3531208038330078,19.51688491861224,749.9654209156037
1777333659.930441,0.07941834628582001,0.3405304551124573,13.103639602661133,-0.0018900767900049686,1.4360711574554443,19.51096485003233,750.7835139461517
1777333659.930528,0.07857956737279892,0.3405666947364807,13.117097854614258,-0.011486239731311798,1.3305472135543823,19.51304122828245,751.5546152584076
1777333659.9305742,0.07768036425113678,0.34060725569725037,13.130561828613281,-0.005742700770497322,1.33648681640625,19.51536520097852,752.3260444198609
1777333659.930618,0.07670244574546814,0.34074002504348755,13.145075798034668,0.00442639272660017,1.44220769405365,19.522972326886652,753.1576339090348
1777333659.93066,0.07562494277954102,0.3409401774406433,13.158700942993164,0.011687510646879673,1.3540406227111816,19.53444021860361,753.9382974895477
1777333659.931404,0.07446625083684921,0.34112027287483215,13.171344757080078,0.016724612563848495,1.262801170349121,19.544758930581807,754.6627349327088
1777333659.9904242,0.07331828773021698,0.3412424921989441,13.183931350708008,0.019980082288384438,1.2660586833953857,19.55176158453226,755.3838938838959
1777333659.990506,0.07227814197540283,0.34126776456832886,13.197378158569336,0.018403032794594765,1.3602687120437622,19.553209585154057,756.154339497757
1777333659.990549,0.07134555280208588,0.34119608998298645,13.209770202636719,0.0070597147569060326,1.2531050443649292,19.549102932447195,756.8643515762329
1777333659.990592,0.07057283073663712,0.3410520553588867,13.22304916381836,-0.007439932320266962,1.3348901271820068,19.5408503534317,757.625180280304
1777333659.991273,0.06991041451692581,0.34092360734939575,13.236342430114746,-0.01514940895140171,1.3268170356750488,19.533490821969508,758.3868286073684
1777333659.991324,0.0695071667432785,0.34079593420028687,13.25059700012207,-0.014215970411896706,1.4237326383590698,19.526175686752797,759.2035555995941
1777333660.050785,0.06928239017724991,0.3405084013938904,13.264690399169922,-0.01851937733590603,1.419490098953247,19.509701264584063,760.01104817276
1777333660.050862,0.069280244410038,0.3402553200721741,13.278820037841797,-0.023963062092661858,1.4138777256011963,19.49520076779127,760.820617124176
1777333660.050907,0.06947723031044006,0.3400081694126129,13.292953491210938,-0.025710467249155045,1.412070870399475,19.48104007303119,761.6304046417237
1777333660.051601,0.06993342190980911,0.3397616446018219,13.307087898254395,-0.02430448867380619,1.4133098125457764,19.466915236777066,762.4402468008042
1777333660.051651,0.0706515833735466,0.33962804079055786,13.320377349853516,-0.022927267476916313,1.3192685842514038,19.459260299527646,763.201676561737
1777333660.110671,0.07092717289924622,0.3392883241176605,13.332502365112305,-0.018632499501109123,1.227695107460022,19.439795960980653,763.8963890110016
1777333660.110757,0.07187625765800476,0.33901917934417725,13.345654487609863,-0.037224750965833664,1.3046075105667114,19.42437509586811,764.6499503911972
1777333660.110803,0.07284136861562729,0.33855053782463074,13.357649803161621,-0.04695293679833412,1.1990302801132202,19.397523905092477,765.3372315919876
1777333660.111608,0.0738147646188736,0.3379117548465729,13.37043571472168,-0.05876484140753746,1.2835211753845215,19.36092432333827,766.0698106235504
1777333660.1117089,0.07476994395256042,0.33736056089401245,13.384264945983887,-0.055618416517972946,1.3821755647659302,19.32934322487116,766.8621674921036
1777333660.111753,0.07544735074043274,0.33689621090888977,13.39818286895752,-0.04980732128024101,1.3879976272583008,19.302737920993568,767.6596060232163
1777333660.170351,0.076126828789711,0.3366849422454834,13.412353515625,-0.028802771121263504,1.4090864658355713,19.29063311390877,768.4715245605469
1777333660.170429,0.07663596421480179,0.3364633321762085,13.426511764526367,-0.009011742658913136,1.42892587184906,19.277935787701608,769.2827327579498
1777333660.171123,0.0769297331571579,0.33657678961753845,13.441006660461426,0.0020708837546408176,1.4394571781158447,19.28443642256856,770.1132294164657
1777333660.1711738,0.0769011527299881,0.3365817666053772,13.454436302185059,0.006684630177915096,1.3491101264953613,19.28472158306837,770.8826914827347
1777333660.1712158,0.07667362689971924,0.33658114075660706,13.467857360839844,-0.005200054496526718,1.3369004726409912,19.284685724562408,771.6516617752076
1777333660.171259,0.07615238428115845,0.3364669680595398,13.481164932250977,-0.013599090278148651,1.3282666206359863,19.27814410854578,772.4141297252655
1777333660.2308328,0.07659896463155746,0.3361380994319916,13.493301391601562,-0.021851107478141785,1.2242916822433472,19.259301317435504,773.1094978729247
1777333660.231563,0.07612467557191849,0.3359314203262329,13.506518363952637,-0.0247467290610075,1.3171807527542114,19.247459472727776,773.8667748773574
1777333660.2316139,0.07554066181182861,0.3357098698616028,13.518759727478027,-0.018643833696842194,1.2248220443725586,19.23476556161642,774.5681535936355
1777333660.2316558,0.07514725625514984,0.335664302110672,13.53405475616455,-0.00849353801459074,1.5286426544189453,19.23215472087264,775.4444944982529
1777333660.2316968,0.07480649650096893,0.3356434404850006,13.548416137695312,0.008948182687163353,1.4471484422683716,19.2309594373405,776.267341342163
1777333660.2317371,0.07454884797334671,0.3358953893184662,13.563048362731934,0.02465107850730419,1.4587169885635376,19.245395047312975,777.1057063814163
1777333660.291291,0.07443492859601974,0.336415559053421,13.577950477600098,0.047098688781261444,1.4886504411697388,19.275198588413,777.9595349744797
1777333660.2913861,0.07442859560251236,0.3368387520313263,13.590837478637695,0.04848412424325943,1.2944984436035156,19.299445768636463,778.6979060085297
1777333660.291434,0.07454580068588257,0.33722367882728577,13.60560417175293,0.04044083505868912,1.4754962921142578,19.3215004573524,779.5439755039215
1777333660.291477,0.07467924058437347,0.3374091386795044,13.617293357849121,0.018842054530978203,1.1713050603866577,19.332126527953147,780.2137167726517
1777333660.291589,0.07499952614307404,0.3372645974159241,13.63153076171875,-0.014727766625583172,1.423161506652832,19.3238449206233,781.0294602172852
1777333660.292334,0.07545434683561325,0.33676543831825256,13.643495559692383,-0.051193591207265854,1.1949783563613892,19.295245200794934,781.7149928890228
1777333660.351718,0.07589725404977798,0.3359306752681732,13.656083106994629,-0.08182866871356964,1.2605068683624268,19.2474167840302,782.4362064817428
1777333660.351808,0.07642963528633118,0.3350866734981537,13.668663024902344,-0.08831584453582764,1.2538412809371948,19.199059027415515,783.1569829421998
1777333660.351854,0.07688304036855698,0.33433470129966736,13.682291984558105,-0.08756697922945023,1.3502862453460693,19.15597417872548,783.9378650888443
1777333660.351897,0.07733643054962158,0.33358272910118103,13.6959228515625,-0.06788507103919983,1.3700276613235474,19.112889330035447,784.7188565185547
1777333660.352677,0.07767567783594131,0.3333509564399719,13.71007251739502,-0.033649228513240814,1.4042400121688843,19.099609729993343,785.5295729421615
1777333660.352731,0.07780782878398895,0.3332839012145996,13.723426818847656,0.000884225417394191,1.342682957649231,19.095767747211458,786.2947183273316
1777333660.411793,0.07783392816781998,0.3335667550563812,13.738091468811035,0.027676360681653023,1.4658530950546265,19.111974084359407,787.1349411787033
1777333660.41188,0.0777520164847374,0.33408766984939575,13.751075744628906,0.05166292563080788,1.29770827293396,19.14182031415701,787.8788856491088
1777333660.411925,0.07766171544790268,0.3346376419067383,13.763132095336914,0.05851605907082558,1.2087790966033936,19.173331403160095,788.5696639080047
1777333660.412641,0.07732970267534256,0.33523955941200256,13.77619743347168,0.0555703341960907,1.3016469478607178,19.207818748158218,789.3182529087067
1777333660.41271,0.07701461762189865,0.33550092577934265,13.7879638671875,0.033173780888319016,1.1833988428115845,19.222793943268062,789.9924201416015
1777333660.4128141,0.07664541155099869,0.33548441529273987,13.799452781677246,0.00551897007972002,1.1558303833007812,19.221847961729765,790.6506866884232
1777333660.468887,0.07619503885507584,0.33544787764549255,13.811880111694336,-0.012793281115591526,1.2333143949508667,19.219754508000612,791.3627205036163
1777333660.468961,0.07569248974323273,0.33524543046951294,13.82509994506836,-0.016515403985977173,1.3255127668380737,19.20815513509512,792.1201614326477
1777333660.4696572,0.07528907060623169,0.33511650562286377,13.838393211364746,-0.015996919944882393,1.3258687257766724,19.200768282866477,792.8818097597123
1777333660.469707,0.07494830340147018,0.3350951671600342,13.851797103881836,0.008920978754758835,1.3512070178985596,19.199545678567887,793.6497965045929
1777333660.469752,0.07460052520036697,0.33549702167510986,13.865620613098145,0.04105371609330177,1.3830536603927612,19.22257025449276,794.4418255239486
1777333660.528429,0.07430695742368698,0.3361765444278717,13.879722595214844,0.07001221925020218,1.4118109941482544,19.26150405423045,795.2498098709107
1777333660.528512,0.07406752556562424,0.33713364601135254,13.89218521118164,0.09638097137212753,1.2467589378356934,19.316341955137254,795.9638654228211
1777333660.529258,0.07390068471431732,0.33828097581863403,13.90579605102539,0.11526251584291458,1.3615258932113647,19.382079134309294,796.7437093803405
1777333660.529311,0.07382289320230484,0.3394189178943634,13.918439865112305,0.12557363510131836,1.2758851051330566,19.447278435891867,797.4681468235016
1777333660.529355,0.07380741834640503,0.34066441655158997,13.931190490722656,0.12355136126279831,1.2737478017807007,19.518640277856587,798.1987041183471
1777333660.529397,0.07393717020750046,0.34163832664489746,13.943668365478516,0.1079898476600647,1.2584071159362793,19.574441235780714,798.9136339347839
1777333660.585429,0.07414582371711731,0.34251993894577026,13.956055641174316,0.08361879736185074,1.2341405153274536,19.624953917849062,799.6233728055954
1777333660.5862458,0.0742824524641037,0.3430708348751068,13.969070434570312,0.05051010847091675,1.296555519104004,19.656517940837144,800.3690658050538
1777333660.586302,0.07444413006305695,0.34325167536735535,13.981715202331543,0.0242986548691988,1.2706574201583862,19.666879341512917,801.0935578897477
1777333660.586347,0.07444413006305695,0.34325167536735535,13.99609661102295,0.004751906264573336,1.4424254894256592,19.666879341512917,801.9175522058487
1777333660.5863879,0.07441502809524536,0.3432563543319702,14.009523391723633,0.0018787840381264687,1.3436775207519531,19.6671474265337,802.6868503475189
1777333660.5864298,0.07422591000795364,0.343332976102829,14.023983001708984,0.0159332025796175,1.4537739753723145,19.671537532192467,803.5153252693176
1777333660.64308,0.07393050938844681,0.3437593877315521,14.036872863769531,0.033946000039577484,1.2800226211547852,19.695969127589464,804.2538602279664
1777333660.643171,0.07303046435117722,0.3448388874530792,14.051375389099121,0.051228806376457214,1.3933911323547363,19.757819927734136,805.0847940187455
1777333660.6432178,0.07259610295295715,0.3455028831958771,14.064502716064453,0.06157003343105316,1.3078957796096802,19.795864095014334,805.8369347190857
1777333660.643262,0.07215145230293274,0.3460841178894043,14.076589584350586,0.07078584283590317,1.2212213277816772,19.82916640176773,806.5294615070343
1777333660.643355,0.0718148872256279,0.3465684652328491,14.088579177856445,0.06169991195201874,1.211838722229004,19.856917470288277,807.2164148586273
1777333660.644127,0.07169510424137115,0.34671902656555176,14.100234985351562,0.04704119637608528,1.1962323188781738,19.86554400229454,807.884243673706
1777333660.702529,0.07165655493736267,0.3468899726867676,14.112871170043945,0.022722752764821053,1.2699233293533325,19.875338497066497,808.6082439846039
1777333660.7026181,0.07170496135950089,0.346798300743103,14.124283790588379,0.008520858362317085,1.1590622663497925,19.870086079716682,809.2621392087937
1777333660.702664,0.07190458476543427,0.3468044400215149,14.136754035949707,0.00014503789134323597,1.2463151216506958,19.870437834584713,809.9766318929672
1777333660.702708,0.07224491983652115,0.34682559967041016,14.15019702911377,-0.0021681091748178005,1.3400331735610962,19.871650193595887,810.7468589406967
1777333660.703457,0.0725368782877922,0.3469385504722595,14.164690971374512,-0.003882103133946657,1.4337915182113647,19.878121800148488,811.5773009576798
1777333660.70351,0.07280981540679932,0.347138911485672,14.178315162658691,0.0043176342733204365,1.3458093404769897,19.889601644700765,812.3579098966599
1777333660.762673,0.0730471983551979,0.3476268947124481,14.191266059875488,0.026870250701904297,1.2735388278961182,19.917561034065486,813.099941913414
1777333660.7627552,0.07329688966274261,0.34845054149627686,14.205514907836914,0.051506537944078445,1.3938261270523071,19.96475253546238,813.9163410564422
1777333660.762799,0.07338672131299973,0.3493462800979614,14.217915534973145,0.07736488431692123,1.2246651649475098,20.016074595236777,814.6268449087142
1777333660.763511,0.07343560457229614,0.3502996265888214,14.229414939880371,0.09323371946811676,1.1501319408416748,20.070697345107792,815.2857125123977
1777333660.763561,0.07328730076551437,0.35135990381240845,14.241022109985352,0.10314834862947464,1.1575530767440796,20.131446776854993,815.9507546092987
1777333660.763603,0.07307716459035873,0.3523123562335968,14.252520561218262,0.108198381960392,1.1599482297897339,20.186018300288914,816.6095675714492
1777333660.822593,0.07263524830341339,0.35314613580703735,14.263900756835938,0.09715849906206131,1.154454231262207,20.23379036797285,817.2616049835206
1777333660.822674,0.07200417667627335,0.3540564179420471,14.275357246398926,0.08900576084852219,1.1436214447021484,20.285945711123944,817.9180137182236
1777333660.823424,0.07136548310518265,0.35499754548072815,14.286844253540039,0.09389442950487137,1.1458114385604858,20.339868366354704,818.5761709819793
1777333660.823478,0.07063431292772293,0.3559742271900177,14.299325942993164,0.10283654183149338,1.254270315170288,20.395828126233816,819.2913193645477
1777333660.82352,0.0699680745601654,0.35717248916625977,14.311071395874023,0.11535345762968063,1.1697056293487549,20.464483504772186,819.9642844837189
1777333660.823564,0.06920146197080612,0.3584368824958801,14.323840141296387,0.13207906484603882,1.2822179794311523,20.53692793210745,820.6958799676895
1777333660.883117,0.06866646558046341,0.35981976985931396,14.336729049682617,0.1488056182861328,1.2992123365402222,20.61616156990528,821.4343602848053
1777333660.883948,0.06832335144281387,0.361378937959671,14.348834037780762,0.1544801890850067,1.208947777748108,20.70549535354972,822.127925261879
1777333660.884015,0.06796925514936447,0.3628551661968231,14.360857009887695,0.15745951235294342,1.2118380069732666,20.790077031379937,822.8167910671234
1777333660.88406,0.06798574328422546,0.36434870958328247,14.372896194458008,0.1538405567407608,1.208150029182434,20.875650794541837,823.5065857784272
1777333660.884107,0.06819197535514832,0.3657659888267517,14.384859085083008,0.14350095391273499,1.197810411453247,20.9568549426198,824.192009167099
1777333660.884149,0.06849559396505356,0.36700302362442017,14.395685195922852,0.13116900622844696,1.0899451971054077,21.027731840980053,824.8122998485566
1777333660.9438279,0.06890036910772324,0.36817437410354614,14.407402992248535,0.11616499722003937,1.1705962419509888,21.09484530376196,825.4836803632736
1777333660.943899,0.06912107765674591,0.3689998984336853,14.417815208435059,0.09498170763254166,1.0535906553268433,21.142144380676747,826.0802566194534
1777333660.943943,0.06965770572423935,0.36981886625289917,14.429181098937988,0.088092140853405,1.142391562461853,21.18906779705286,826.7314744085312
1777333660.943984,0.07010544836521149,0.37064868211746216,14.440558433532715,0.08430609852075577,1.138832688331604,21.23661276086569,827.3833478960037
1777333660.944025,0.07063395529985428,0.3715001046657562,14.45291519165039,0.08685681223869324,1.2373695373535156,21.285395696908235,828.0913382377624
1777333660.944723,0.07109293341636658,0.37241286039352417,14.464373588562012,0.09135609120130539,1.1455864906311035,21.337692766535284,828.7478562555314
1777333661.0043561,0.0713503286242485,0.373319149017334,14.477743148803711,0.1000606045126915,1.3461682796478271,21.389619298267366,829.5138759052277
1777333661.0044858,0.07157893478870392,0.37448209524154663,14.489453315734863,0.11480865627527237,1.1692134141921997,21.45625123254061,830.1848192876815
1777333661.0045362,0.07154851406812668,0.3756449818611145,14.503079414367676,0.12053965777158737,1.3668030500411987,21.522879751718044,830.9655375097275
1777333661.00458,0.07141672074794769,0.3768730163574219,14.515813827514648,0.12701700627803802,1.2775100469589233,21.59324097061157,831.6951658985138
1777333661.005326,0.07192368060350418,0.37781229615211487,14.528257369995117,0.11581672728061676,1.2658315896987915,21.647057757872343,832.4081286197662
1777333661.0622258,0.0722002163529396,0.3786320686340332,14.540582656860352,0.10195528715848923,1.2523620128631592,21.69402727804184,833.1143157909394
1777333661.062301,0.07159620523452759,0.3794012665748596,14.551898956298828,0.08417071402072906,1.138759970664978,21.73809908941984,833.7626922203063
1777333661.062346,0.07112179696559906,0.37998563051223755,14.563029289245605,0.06021835654973984,1.114475131034851,21.77158068870306,834.4004135507583
1777333661.062388,0.07040555030107498,0.38036757707595825,14.575876235961914,0.030141683295369148,1.2766581773757935,21.79346462262869,835.1364896404266
1777333661.063118,0.06972704827785492,0.3803238570690155,14.587337493896484,-0.0007277991389855742,1.1494110822677612,21.790959649854898,835.7931715827942
1777333661.063169,0.06899680197238922,0.38000205159187317,14.59852123260498,-0.02886846289038658,1.1212704181671143,21.77252154759765,836.4339528390884
1777333661.12228,0.06826650351285934,0.37968048453330994,14.608745574951172,-0.03799676150083542,1.0163127183914185,21.75409710572362,837.0197647132874
1777333661.122359,0.06754789501428604,0.37944188714027405,14.622888565063477,-0.029247358441352844,1.4086058139801025,21.740426477211713,837.830098646164
1777333661.122405,0.06698700040578842,0.3791314959526062,14.635042190551758,-0.02080066129565239,1.2252155542373657,21.722642365801335,838.5264503414154
1777333661.123151,0.06652224063873291,0.3791782259941101,14.648510932922363,-0.0021700740326195955,1.3398634195327759,21.725319800913333,839.2981527105331
1777333661.123204,0.06621848046779633,0.37940526008605957,14.661202430725098,0.029504835605621338,1.2757391929626465,21.73832790083885,840.025322230339
1777333661.1232471,0.06597882509231567,0.3799932301044464,14.674254417419434,0.061590466648340225,1.307822823524475,21.772016113418342,840.7731462495803
1777333661.18322,0.06594907492399216,0.38078686594963074,14.686553001403809,0.0775361955165863,1.2277326583862305,21.817488114076852,841.4778034578324
1777333661.183307,0.06604035198688507,0.381565660238266,14.698837280273438,0.08211398124694824,1.2322816848754883,21.86210975587964,842.1816410430908
1777333661.1841202,0.06626145541667938,0.38239189982414246,14.71116828918457,0.07834059745073318,1.2285083532333374,21.9094498139441,842.8881560634613
1777333661.184224,0.0665750727057457,0.38292160630226135,14.723201751708984,0.058963291347026825,1.2093231678009033,21.939799770373106,843.5776229255677
1777333661.184269,0.06716830283403397,0.3832278251647949,14.735013961791992,0.031172994524240494,1.181464672088623,21.957344825077058,844.2544129520417
1777333661.184362,0.06772535294294357,0.38328585028648376,14.746577262878418,0.002082894090563059,1.1523655652999878,21.960669420844315,844.9169415384292
1777333661.2436569,0.06824257969856262,0.3831486701965332,14.758905410766602,-0.012034077197313309,1.2343870401382446,21.952809577846526,845.623292634201
1777333661.244411,0.06891734153032303,0.38293954730033875,14.771159172058105,-0.018751133233308792,1.2272942066192627,21.940827714210748,846.3253816904067
1777333661.244462,0.06942256540060043,0.3827197551727295,14.784361839294434,-0.020632009953260422,1.321602702140808,21.928234548425674,847.081839071846
1777333661.2445052,0.06991931796073914,0.38266950845718384,14.797734260559082,-0.015467033721506596,1.3265275955200195,21.925355622661115,847.8480226461411
1777333661.244548,0.07042801380157471,0.3827020823955536,14.810230255126953,0.0059297215193510056,1.2522554397583008,21.92722197251916,848.5639906517029
1777333661.244589,0.07074671238660812,0.3828105628490448,14.823762893676758,0.018892597407102585,1.3584715127944946,21.933437446886302,849.3393540035248
1777333661.304806,0.0710006132721901,0.3830955922603607,14.836511611938477,0.03472417593002319,1.2834537029266357,21.949768435031174,850.0698020153046
1777333661.304888,0.07116511464118958,0.3835279941558838,14.849408149719238,0.038956329226493835,1.28494131565094,21.974543247556685,850.8087194646836
1777333661.304932,0.07158864289522171,0.3838239312171936,14.861209869384766,0.046531252562999725,1.1937170028686523,21.99149919823408,851.4849084342957
1777333661.304974,0.07157570868730545,0.38427868485450745,14.8731689453125,0.04233735427260399,1.1960805654525757,22.017554671686888,852.170113256836
1777333661.305015,0.07139760255813599,0.3844372630119324,14.88579273223877,0.01734669879078865,1.2637054920196533,22.026640534079075,852.8934032278061
1777333661.305708,0.07117626070976257,0.38414812088012695,14.897966384887695,-0.020134003832936287,1.220855712890625,22.010073904323576,853.5909023952485
1777333661.3630679,0.07095137238502502,0.38360685110092163,14.909889221191406,-0.05611557886004448,1.195121169090271,21.979061419308184,854.2740308395386
1777333661.363146,0.07065415382385254,0.38287413120269775,14.922578811645508,-0.08129051327705383,1.2608436346054077,21.93707964656353,855.0010910762787
1777333661.36319,0.07037729024887085,0.38205474615097046,14.936140060424805,-0.08473089337348938,1.3527631759643555,21.890132324516774,855.7780936740875
1777333661.363232,0.06999120116233826,0.38133329153060913,14.94980239868164,-0.07614205032587051,1.3617222309112549,21.848796004879475,856.5608882743835
1777333661.363945,0.0692940428853035,0.3804705739021301,14.962361335754395,-0.05960264801979065,1.2822966575622559,21.799365908181667,857.2804626211166
1777333661.3639948,0.06914479285478592,0.3803730309009552,14.975687980651855,-0.027973635122179985,1.313948631286621,21.79377710389495,858.0440234018325
1777333661.422797,0.06880901753902435,0.3806037902832031,14.989340782165527,0.0014664743794128299,1.3435335159301758,21.80699864730835,858.8262715867996
1777333661.422878,0.06863097846508026,0.3807625472545624,15.001962661743164,0.01909031718969345,1.2651046514511108,21.816094754987954,859.549452274704
1777333661.422922,0.06835576146841049,0.38110193610191345,15.01380729675293,0.024684900417923927,1.1749387979507446,21.835540310508012,860.2281001132965
1777333661.423628,0.06827905029058456,0.3811958432197571,15.026365280151367,0.028111126273870468,1.2742811441421509,21.84092079395056,860.9476198184967
1777333661.423682,0.06821001321077347,0.3812567889690399,15.037932395935059,0.016513854265213013,1.16709303855896,21.844412729412316,861.6103669710159
1777333661.4237251,0.06812556833028793,0.3809826672077179,15.050121307373047,-0.0065733157098293304,1.2394099235534668,21.828706703799963,862.3087404029847
1777333661.481249,0.06815095990896225,0.3804742693901062,15.062077522277832,-0.03471343219280243,1.211333990097046,21.799577644121648,862.9937813009262
1777333661.481335,0.0681925117969513,0.37976333498954773,15.0757474899292,-0.05140729621052742,1.3862069845199585,21.75884408889413,863.7770130334854
1777333661.482071,0.06812506169080734,0.37915027141571045,15.089515686035156,-0.06337865442037582,1.3745465278625488,21.723718120980262,864.5658728439331
1777333661.482124,0.06815803796052933,0.37860891222953796,15.10335636138916,-0.06793561577796936,1.370048999786377,21.69270051332116,865.358885410881
1777333661.482167,0.0681631788611412,0.3781871199607849,15.117315292358398,-0.057952411472797394,1.379805564880371,21.66853358784914,866.1586735279084
1777333661.482208,0.06811096519231796,0.3779090940952301,15.130459785461426,-0.03958752006292343,1.3022059202194214,21.652603873461484,866.9117977758408
1777333661.5413918,0.06809913367033005,0.3778263032436371,15.144758224487305,-0.027380596846342087,1.410521149635315,21.647860305386782,867.7310382785797
1777333661.542193,0.06820810586214066,0.37772855162620544,15.157126426696777,-0.013407210819423199,1.2331111431121826,21.642259548264743,868.4396843187332
1777333661.54225,0.06820476055145264,0.3774762451648712,15.16933822631836,-0.009803177788853645,1.2364914417266846,21.62780344771743,869.1393691474915
1777333661.542294,0.06822172552347183,0.377137154340744,15.182421684265137,-0.02297550067305565,1.3189520835876465,21.6083749676764,869.8889963373184
1777333661.542399,0.06826324760913849,0.3764263093471527,15.195134162902832,-0.04178229719400406,1.3004472255706787,21.567646535092592,870.6173679708481
1777333661.542447,0.06820443272590637,0.37564367055892944,15.207773208618164,-0.08886857330799103,1.2528630495071411,21.52280461961031,871.3415322063446
1777333661.602498,0.06819361448287964,0.3746548891067505,15.221165657043457,-0.0974285900592804,1.340532660484314,21.466151595282554,872.1088632528305
1777333661.60257,0.06824048608541489,0.3735221028327942,15.23633098602295,-0.11176253855228424,1.517578125,21.40124769948721,872.9777729089737
1777333661.602612,0.06820636987686157,0.37236782908439636,15.24955940246582,-0.10965058952569962,1.3283698558807373,21.335112661653756,873.7357056118011
1777333661.602653,0.06827650964260101,0.3714006543159485,15.264890670776367,-0.10559171438217163,1.5241968631744385,21.279697609555722,874.6141228946685
1777333661.6026938,0.06832663714885712,0.37052029371261597,15.278393745422363,-0.08778009563684464,1.3502998352050781,21.2292566444993,875.3877923589706
1777333661.663218,0.06826800107955933,0.36973750591278076,15.291991233825684,-0.07456696033477783,1.36319100856781,21.184406191277503,876.1668713350296
1777333661.663358,0.06830955296754837,0.3690268099308014,15.304703712463379,-0.07023043930530548,1.2717641592025757,21.14368629643321,876.8952429685593
1777333661.663407,0.06835964322090149,0.36814647912979126,15.317245483398438,-0.0746164321899414,1.2672828435897827,21.093247038924694,877.6138337677002
1777333661.663451,0.0683983862400055,0.3671833276748657,15.33066463470459,-0.09002748131752014,1.3481009006500244,21.038062505793572,878.3826947771072
1777333661.6634932,0.06845699995756149,0.36613327264785767,15.343995094299316,-0.09517589956521988,1.3425462245941162,20.977898762977123,879.1464741239548
1777333661.6642601,0.06849589198827744,0.36517009139060974,15.357414245605469,-0.09697575122117996,1.3409008979797363,20.9227125222981,879.9153351333619
1777333661.721302,0.068565733730793,0.3642028570175171,15.373703956604004,-0.0946103110909462,1.6310292482376099,20.867294055104257,880.8486671567916
1777333661.721395,0.06852713972330093,0.36333298683166504,15.388175010681152,-0.09148669242858887,1.4421720504760742,20.817454146909714,881.6777977769851
1777333661.721441,0.06849607080221176,0.3624315559864044,15.402613639831543,-0.09045804291963577,1.4434887170791626,20.76580594548583,882.5050705850601
1777333661.721484,0.0683651715517044,0.3614577353000641,15.416979789733887,-0.08927904069423676,1.4445526599884033,20.710010110205413,883.3281906366349
1777333661.722243,0.06813707202672958,0.36066409945487976,15.431526184082031,-0.08286483585834503,1.4509285688400269,20.6645381095469,884.1616379379273
1777333661.722296,0.0678473487496376,0.3597625494003296,15.445005416870117,-0.08752361685037613,1.3506172895431519,20.612883077931404,884.9339413639069
1777333661.7816918,0.06766582280397415,0.35876381397247314,15.457429885864258,-0.08978862315416336,1.2521723508834839,20.555659732604028,885.6458112545014
1777333661.781784,0.06738444417715073,0.35769256949424744,15.471700668334961,-0.10200098901987076,1.431868076324463,20.494281923228503,886.4634671527863
1777333661.7818298,0.06710301339626312,0.3566213548183441,15.484051704406738,-0.11298183351755142,1.2263065576553345,20.43290582140088,887.1711296453476
1777333661.78256,0.0667596310377121,0.35544246435165405,15.499171257019043,-0.11456573754549026,1.5179301500320435,20.3653603489995,888.0374165079116
1777333661.782612,0.0664694607257843,0.35454118251800537,15.512650489807129,-0.09254349023103714,1.3455740213394165,20.313720685315133,888.8097199338913
1777333661.782654,0.06617087125778198,0.3538098633289337,15.529178619384766,-0.08233906328678131,1.6403385400772095,20.27181916732192,889.7567123405456
1777333661.841844,0.06586478650569916,0.3531092405319214,15.543817520141602,-0.07024320214986801,1.4661617279052734,20.231676423668862,890.5954598705292
1777333661.841929,0.06557678431272507,0.3524610102176666,15.558509826660156,-0.06908147037029266,1.4649990797042847,20.194535549229382,891.437267326355
1777333661.8426812,0.06527803093194962,0.3517298102378845,15.573118209838867,-0.0692061111330986,1.456729769706726,20.152640861427784,892.2742663272858
1777333661.842804,0.06515767425298691,0.350839227437973,15.585650444030762,-0.09085404127836227,1.2584309577941895,20.101614207440615,892.9923107110977
1777333661.842853,0.06487571448087692,0.3497682809829712,15.598960876464844,-0.1083412691950798,1.3293683528900146,20.04025347354412,893.7549425857544
1777333661.842897,0.06475326418876648,0.34862473607063293,15.6131591796875,-0.12479811161756516,1.4088793992996216,19.97473315295577,894.568445727539
1777333661.9024022,0.06456837058067322,0.34737393260002136,15.62724781036377,-0.13054601848125458,1.403324007987976,19.903067367464303,895.3756650930404
1777333661.903234,0.06463509052991867,0.3461538851261139,15.641368865966797,-0.12363091111183167,1.4100661277770996,19.833163771408795,896.1847422706604
1777333661.90329,0.0645231306552887,0.34509336948394775,15.65468978881836,-0.10829821228981018,1.3293395042419434,19.772400679278373,896.947975202179
1777333661.903334,0.06448090076446533,0.34411007165908813,15.670005798339844,-0.09614136815071106,1.5334168672561646,19.71606184376478,897.82551822052
1777333661.9033768,0.06442311406135559,0.34332671761512756,15.68552017211914,-0.08318330347537994,1.5461980104446411,19.671178947132827,898.7144266777038
1777333661.9034188,0.06454585492610931,0.3426368236541748,15.699212074279785,-0.07369644939899445,1.3643724918365479,19.63165092072487,899.4989151655197
1777333661.963753,0.06449837237596512,0.34193652868270874,15.713850975036621,-0.06940038502216339,1.4645463228225708,19.591526960098744,900.3376626955032
1777333661.963851,0.0645395815372467,0.34122657775878906,15.726563453674316,-0.07698365300893784,1.264747977256775,19.550849753952026,901.0660343290328
1777333661.963897,0.0644904300570488,0.34027305245399475,15.739033699035645,-0.10102511942386627,1.2409977912902832,19.496216758793594,901.7805270132064
1777333661.963941,0.06448585540056229,0.33911600708961487,15.752257347106934,-0.11979973316192627,1.3179582357406616,19.429922919005154,902.5381865083694
1777333661.963983,0.06448967754840851,0.3377889096736908,15.765312194824219,-0.12634029984474182,1.3117163181304932,19.353885810881852,903.2861744522095
1777333662.024344,0.06454788893461227,0.33673885464668274,15.77960205078125,-0.1140248030424118,1.4195003509521484,19.293722068065406,904.1049231811523
1777333662.024431,0.06449031084775925,0.33595529198646545,15.794158935546875,-0.0832192674279213,1.4503058195114136,19.248827218598127,904.9389715393066
1777333662.024477,0.06443428248167038,0.3354250490665436,15.808968544006348,-0.04499325528740883,1.4889534711837769,19.218446526306867,905.7874999036788
1777333662.02452,0.06443428248167038,0.3354250490665436,15.823351860046387,-0.004831599537283182,1.433428168296814,19.218446526306867,906.6116035028458
1777333662.024561,0.06449878960847855,0.3357851207256317,15.838092803955078,0.031345076858997345,1.4692703485488892,19.23907712007165,907.4561976768493
1777333662.0253382,0.06448326259851456,0.3363787531852722,15.852109909057617,0.056011565029621124,1.3981068134307861,19.27308976675272,908.2593189273834
1777333662.08407,0.06446073949337006,0.3370015323162079,15.864237785339355,0.06703308969736099,1.2171144485473633,19.308772395282983,908.9541953012466
1777333662.084157,0.06451673805713654,0.33753177523612976,15.878190040588379,0.05189470946788788,1.393760323524475,19.339153087574243,909.7536009275436
1777333662.084203,0.06451834738254547,0.337785005569458,15.89090633392334,0.024427643045783043,1.2706289291381836,19.353662122106552,910.4821911272049
1777333662.084245,0.06453698873519897,0.3376980423927307,15.904241561889648,-0.005955602042376995,1.3361114263534546,19.34867949732542,911.2462436817169
1777333662.084987,0.06466283649206161,0.3375145196914673,15.917482376098633,-0.0256339218467474,1.3166909217834473,19.338164417338373,912.004886724472
1777333662.0850391,0.06467980146408081,0.3371742367744446,15.931523323059082,-0.03204681724309921,1.4059144258499146,19.31866763538122,912.8093740133286
1777333662.14336,0.06476682424545288,0.33691149950027466,15.946601867675781,-0.02961529791355133,1.5042922496795654,19.303613893067837,913.6733112899781
1777333662.143439,0.06493547558784485,0.33666864037513733,15.960740089416504,-0.021803047508001328,1.4162424802780151,19.289699085205793,914.4833720151901
1777333662.1434848,0.06510734558105469,0.3369322419166565,15.975385665893555,0.002218478824943304,1.4403109550476074,19.304802346408366,915.3225020359039
1777333662.1442392,0.06508325040340424,0.3373018205165863,15.990137100219727,0.026750676333904266,1.4645320177078247,19.325977647954225,916.1676972667694
1777333662.1442912,0.06521794199943542,0.337739497423172,16.003995895385742,0.03863565996289253,1.3804343938827515,19.35105469645858,916.9617480228424
1777333662.144334,0.0654526874423027,0.3381100296974182,16.016830444335938,0.0441453717648983,1.2904399633407593,19.372284639537334,917.697113772583
1777333662.2025979,0.06561444699764252,0.3382905125617981,16.02947425842285,0.03867343068122864,1.284812331199646,19.38262554963827,918.421551215744
1777333662.2026849,0.06578310579061508,0.3380477726459503,16.041696548461914,0.014310985803604126,1.2606385946273804,19.36871757196784,919.1218371013641
1777333662.203445,0.06589731574058533,0.3375278413295746,16.053640365600586,-0.02306848205626011,1.2232885360717773,19.33892769125104,919.806167659378
1777333662.203499,0.06612729281187057,0.3367413282394409,16.06627655029297,-0.05676957592368126,1.2852250337600708,19.29386379454136,920.5301679702759
1777333662.203542,0.06642881035804749,0.3358915448188782,16.080766677856445,-0.07551950216293335,1.4584457874298096,19.24517477363348,921.3603914211274
1777333662.203584,0.06656154245138168,0.3352845013141632,16.094541549682617,-0.08440949767827988,1.3534563779830933,19.21039373039603,922.1496337223053
1777333662.2618518,0.06685607880353928,0.3348580300807953,16.109455108642578,-0.06695481389760971,1.4667235612869263,19.18595871990323,923.0041180137634
1777333662.262642,0.06704482436180115,0.334781289100647,16.124717712402344,-0.04186826944351196,1.4918484687805176,19.18156178405285,923.8786011062622
1777333662.2626948,0.06737542152404785,0.33471909165382385,16.139039993286133,-0.015479085966944695,1.422660231590271,19.177998131579162,924.6992076473236
1777333662.26274,0.06761874258518219,0.33491945266723633,16.15266227722168,0.006496593356132507,1.3483906984329224,19.18947797613144,925.4797073032379
1777333662.262785,0.0677620992064476,0.33518725633621216,16.166353225708008,0.02611049823462963,1.3679428100585938,19.204822001588344,926.2641411495209
1777333662.262827,0.06800536811351776,0.3353876769542694,16.17901611328125,0.023002522066235542,1.266561508178711,19.21630526123643,926.9896714233398
1777333662.321724,0.06834599375724792,0.3354085683822632,16.192459106445312,0.01204922329634428,1.3564687967300415,19.217502252316475,927.7598984710693
1777333662.321856,0.06851477175951004,0.3351658582687378,16.20564079284668,9.630882414057851e-05,1.3422534465789795,19.203595982193946,928.5151537387848
1777333662.3219042,0.06877245008945465,0.33491382002830505,16.219768524169922,-0.02940240502357483,1.4056295156478882,19.189155249577762,929.324613407135
1777333662.3219469,0.06904865801334381,0.3345745801925659,16.234769821166992,-0.04227979853749275,1.4943944215774536,19.16971823179722,930.1841247196197
1777333662.321989,0.06932347267866135,0.3339821994304657,16.2495174407959,-0.04856105148792267,1.485270619392395,19.135777302128076,931.0291013843537
1777333662.322767,0.06951935589313507,0.3334819972515106,16.26531982421875,-0.04853822663426399,1.5777695178985596,19.1071178181231,931.9345115844726
1777333662.381543,0.06978575140237808,0.3330599069595337,16.280237197875977,-0.04044908657670021,1.4965715408325195,19.08293381717205,932.7892144420624
1777333662.381623,0.07005220651626587,0.3326377868652344,16.29419708251953,-0.03520788997411728,1.4025017023086548,19.058748108673097,933.5890572006225
1777333662.381669,0.07040993869304657,0.33231833577156067,16.308258056640625,-0.033847685903310776,1.404161810874939,19.040444902700187,934.3946919616699
1777333662.381712,0.07068510353565216,0.3317260146141052,16.322046279907227,-0.050593968480825424,1.3875343799591064,19.00650738812685,935.1846992443085
1777333662.3824582,0.07096882164478302,0.3309634327888489,16.334707260131836,-0.07577475905418396,1.26605224609375,18.962814652383326,935.9101202350616
1777333662.3825102,0.07117975503206253,0.33001095056533813,16.348134994506836,-0.10217627137899399,1.3352347612380981,18.9082414214015,936.6794730182647
1777333662.441031,0.07139942049980164,0.3288881480693817,16.36235237121582,-0.11120213568210602,1.422878384590149,18.84390955415368,937.4940689907074
1777333662.441121,0.07164705544710159,0.32776084542274475,16.37656593322754,-0.11707574874162674,1.4170047044754028,18.7793198471725,938.3084463970184
1777333662.4411678,0.07187646627426147,0.3267209529876709,16.392784118652344,-0.10934394598007202,1.616166353225708,18.719738378190993,939.2376803054809
1777333662.4419289,0.07228591293096542,0.32577452063560486,16.409095764160156,-0.09883437305688858,1.6269346475601196,18.665511779433487,940.1722690841675
1777333662.441982,0.07240818440914154,0.32483091950416565,16.423490524291992,-0.08287082612514496,1.4507888555526733,18.611447397726774,940.9970283817291
1777333662.442024,0.07269345968961716,0.3243215084075928,16.439281463623047,-0.06177254766225815,1.568206787109375,18.582260281419753,941.9017828834534
1777333662.500468,0.07279875874519348,0.3237186670303345,16.453060150146484,-0.05676930770277977,1.3812637329101562,18.547720002436638,942.691243750763
1777333662.500549,0.07307460159063339,0.3231264054775238,16.46780776977539,-0.06440616399049759,1.469252586364746,18.513785902959107,943.5362204154968
1777333662.50128,0.07318862527608871,0.3223531246185303,16.4794979095459,-0.07184130698442459,1.1742022037506104,18.469480157518387,944.2060163257598
1777333662.501332,0.07340981811285019,0.3214836120605469,16.493011474609375,-0.0807710811495781,1.3575245141983032,18.41966073989868,944.9802868469238
1777333662.501375,0.07362174987792969,0.3205312192440033,16.50739860534668,-0.09145255386829376,1.442360520362854,18.365092631560564,945.8046090122223
1777333662.501416,0.0737445130944252,0.31958749890327454,16.523712158203125,-0.09685610979795456,1.6287834644317627,18.311021419662236,946.7393070739746
1777333662.55743,0.07395656406879425,0.31863513588905334,16.54001808166504,-0.09206011146306992,1.633191466331482,18.25645501887202,947.6735680034637
1777333662.558252,0.07408877462148666,0.31777423620224,16.555456161499023,-0.08221554756164551,1.5474379062652588,18.207129082596303,948.5581051380158
1777333662.5583098,0.074121855199337,0.3169817626476288,16.57096290588379,-0.07465304434299469,1.5546061992645264,18.16172367630601,949.4465764629364
1777333662.5583549,0.07426320761442184,0.31620359420776367,16.586484909057617,-0.07789883017539978,1.5520397424697876,18.117137893009186,950.3359220523835
1777333662.5583968,0.07448423653841019,0.31508079171180725,16.599740982055664,-0.09529604762792587,1.3422588109970093,18.052806025761367,951.095439359665
1777333662.6156821,0.07471393793821335,0.31378740072250366,16.61379051208496,-0.1175706684589386,1.4162020683288574,17.978700154316424,951.9004184223176
1777333662.616492,0.07489752769470215,0.3122996389865875,16.62572479248047,-0.13649684190750122,1.2056708335876465,17.893457655447722,952.5842025650024
1777333662.616548,0.07490143924951553,0.3107184171676636,16.641401290893555,-0.15197023749351501,1.5736693143844604,17.802860286355017,953.4824000827789
1777333662.616592,0.07480742037296295,0.3093160390853882,16.657257080078125,-0.14897866547107697,1.5767040252685547,17.722509912228585,954.3908702087402
1777333662.6166341,0.0744611993432045,0.3078843057155609,16.67308235168457,-0.13925401866436005,1.5862131118774414,17.640477603417636,955.2975918056488
1777333662.6166751,0.07417911291122437,0.306812584400177,16.688308715820312,-0.11184587329626083,1.5174540281295776,17.579072473275662,956.1699985198975
1777333662.676991,0.07389716058969498,0.30599445104599,16.705707550048828,-0.08317013829946518,1.7382652759552002,17.532196868240835,957.1668786460876
1777333662.677089,0.07349125295877457,0.30535998940467834,16.720415115356445,-0.06807762384414673,1.4658877849578857,17.49584488093257,958.0095603664398
1777333662.677136,0.07327328622341156,0.3046482801437378,16.73408317565918,-0.07135025411844254,1.3663593530654907,17.455066929459573,958.7926828159332
1777333662.6771798,0.07298250496387482,0.3037474453449249,16.748523712158203,-0.09573622047901154,1.4379991292953491,17.40345287899375,959.6200649070739
1777333662.6772218,0.07288813591003418,0.3025987148284912,16.761754989624023,-0.11304163932800293,1.3248366117477417,17.337635445070266,960.3781615345001
1777333662.6780102,0.07277664542198181,0.3012841045856476,16.775781631469727,-0.13625584542751312,1.3978246450424194,17.262313799518346,961.1818292003632
1777333662.736675,0.07277993112802505,0.2999568581581116,16.790754318237305,-0.13983988761901855,1.490017294883728,17.18626815365553,962.039701266861
1777333662.736762,0.07286474108695984,0.2986479103565216,16.805744171142578,-0.13297277688980103,1.4966936111450195,17.11127094220519,962.8985568809509
1777333662.7368078,0.07283464819192886,0.2976052463054657,16.821956634521484,-0.11070660501718521,1.613793969154358,17.0515306712687,963.827462940216
1777333662.736851,0.07286826521158218,0.29681330919265747,16.837467193603516,-0.08651549369096756,1.5437361001968384,17.006156000840665,964.7161528312683
1777333662.737569,0.07297506183385849,0.2962103486061096,16.85316276550293,-0.06108207255601883,1.5681771039962769,16.971608891665934,965.6154431797028
1777333662.737622,0.07308150082826614,0.2958611249923706,16.8671932220459,-0.03556554391980171,1.4025753736495972,16.951599845337867,966.4193294116974
1777333662.795677,0.07318799942731857,0.295511931180954,16.8812255859375,-0.02866809070110321,1.409436821937561,16.931592506557703,967.2233249267578
1777333662.795769,0.07336786389350891,0.29509785771369934,16.895193099975586,-0.039375968277454376,1.3985131978988647,16.907867835992576,968.0236048175811
1777333662.795815,0.0734579935669899,0.294582724571228,16.909059524536133,-0.05751122534275055,1.3773295879364014,16.87835287048817,968.8180927059174
1777333662.796587,0.07364705950021744,0.29374411702156067,16.92452049255371,-0.0815851166844368,1.5515104532241821,16.830304180043935,969.703941237259
1777333662.796639,0.0736563578248024,0.2929571866989136,16.93907356262207,-0.08685223758220673,1.4471899271011353,16.785216377663613,970.5377710292817
1777333662.796682,0.0739184021949768,0.29219889640808105,16.954614639282227,-0.07260946184396744,1.5528998374938965,16.741769528818132,971.4282094493866
1777333662.8550038,0.0739922747015953,0.2917717397212982,16.97048568725586,-0.04600732401013374,1.5877021551132202,16.71729524472356,972.3375538398743
1777333662.8550851,0.07414719462394714,0.29161638021469116,16.985671997070312,-0.01763649471104145,1.5163288116455078,16.7083937975049,973.2076656097412
1777333662.855937,0.07419602572917938,0.29155638813972473,16.9999942779541,0.007448974531143904,1.4426119327545166,16.70495650357604,974.0282721508026
1777333662.855993,0.07433122396469116,0.2922002077102661,17.015018463134766,0.029717257246375084,1.4703432321548462,16.741844660925864,974.8890948600769
1777333662.8560362,0.07433759421110153,0.2924867868423462,17.027769088745117,0.03325892612338066,1.2796489000320435,16.7582644415617,975.6196521549225
1777333662.856077,0.07445889711380005,0.2925073802471161,17.04121208190918,0.024610381573438644,1.3663755655288696,16.759444357162714,976.389879202652
1777333662.9129028,0.07441819459199905,0.29234638810157776,17.05543327331543,0.0008035069331526756,1.439016342163086,16.75022018339038,977.2046937412262
1777333662.913713,0.07438645511865616,0.29201462864875793,17.068523406982422,-0.014882592484354973,1.3270167112350464,16.731211760133505,977.9547034217834
1777333662.913768,0.07445316016674042,0.2915046215057373,17.084312438964844,-0.03745635226368904,1.5922785997390747,16.701990492868422,978.8593486404419
1777333662.913812,0.07433227449655533,0.29107171297073364,17.099218368530273,-0.047372568398714066,1.4863255023956299,16.67718665202856,979.7133957996368
1777333662.913854,0.07420257478952408,0.29091793298721313,17.11536407470703,-0.03981126472353935,1.5896106958389282,16.668375704848767,980.6384769515992
1777333662.913895,0.07415326684713364,0.2909276783466339,17.130714416503906,-0.022184092551469803,1.5116280317306519,16.668934073013066,981.5179870651245
1777333662.97282,0.07400545477867126,0.29111549258232117,17.146244049072266,0.0016104918904602528,1.5359585285186768,16.679695039898156,982.4077697868347
1777333662.9729111,0.07394568622112274,0.29154980182647705,17.16010093688965,0.022230131551623344,1.3643306493759155,16.704579135489464,983.2017112598419
1777333662.972956,0.07378868013620377,0.2919083535671234,17.17388153076172,0.039580538868904114,1.3814798593521118,16.72512264431119,983.9912814102173
1777333662.972998,0.07373781502246857,0.29217180609703064,17.18756866455078,0.03911172226071358,1.381503701210022,16.74021736777425,984.7754966903686
1777333662.9730392,0.07371307164430618,0.29217660427093506,17.20099639892578,0.027157532051205635,1.3692580461502075,16.74049228298664,985.5448494735717
1777333662.9738119,0.07375428080558777,0.29203370213508606,17.215234756469727,0.009749948978424072,1.4477112293243408,16.732304590791465,986.3606475597381
1777333663.032696,0.07364942133426666,0.2917664647102356,17.22934913635254,-0.014231516048312187,1.4237655401229858,16.716993008744716,987.1693422466278
1777333663.03278,0.07362623512744904,0.2915174663066864,17.24443817138672,-0.025289498269557953,1.5084468126296997,16.702726446014644,988.0338805801391
1777333663.0328262,0.07354617863893509,0.29124540090560913,17.259510040283203,-0.02988468110561371,1.5041553974151611,16.6871382412076,988.8974353660584
1777333663.032869,0.0736846849322319,0.29117831587791443,17.274782180786133,-0.029049862176179886,1.5043799877166748,16.68329455087781,989.7724648738861
1777333663.033629,0.07373390346765518,0.2911183834075928,17.289104461669922,-0.0017069343011826277,1.4360743761062622,16.679860672044754,990.5930714149475
1777333663.033681,0.07369989156723022,0.2912939786911011,17.303661346435547,0.015196858905255795,1.4529781341552734,16.68992154428959,991.4271197731018
1777333663.0898602,0.0738121047616005,0.2914855480194092,17.31727409362793,0.026428205892443657,1.3682605028152466,16.700897662210465,992.2070730136871
1777333663.089947,0.07384256273508072,0.2917672395706177,17.330020904541016,0.02617705799639225,1.2725670337677002,16.717037404990197,992.9374117424011
1777333663.089993,0.07404379546642303,0.2920602262020111,17.342777252197266,0.023610016331076622,1.2697159051895142,16.733824308425188,993.6682968864441
1777333663.151307,0.07409119606018066,0.2922542095184326,17.356393814086914,0.024775836616754532,1.3668993711471558,16.744938737726212,994.448468693161
1777333663.151389,0.07421085238456726,0.29252889752388,17.37009048461914,0.020940857008099556,1.3628065586090088,16.760677206748724,995.2332303886413
1777333663.151435,0.07423335313796997,0.2927277386188507,17.384672164916992,0.025665562599897385,1.4634828567504883,16.772069966357947,996.068699426651
1777333663.151477,0.07424629479646683,0.2930973470211029,17.39942169189453,0.03454848751425743,1.4725456237792969,16.79324697545171,996.9137853744506
1777333663.1515179,0.07434847205877304,0.29345983266830444,17.414165496826172,0.03995640575885773,1.4778456687927246,16.81401588059664,997.758543473053
1777333663.1522849,0.0743439570069313,0.2939172387123108,17.429004669189453,0.04489899426698685,1.4827522039413452,16.840223325812815,998.6087657249451
1777333663.211515,0.07423260807991028,0.29446953535079956,17.443937301635742,0.04986061900854111,1.487738847732544,16.871867603552342,999.4643428470612
1777333663.211618,0.07421031594276428,0.2950146794319153,17.457908630371094,0.05655457824468613,1.3989359140396118,16.903102069795132,1000.2648413040162
1777333663.211731,0.07408103346824646,0.29565462470054626,17.471010208129883,0.06362450867891312,1.3096057176589966,16.93976824591756,1001.0155066829682
1777333663.211892,0.07386993616819382,0.2962758243083954,17.48409652709961,0.05966316536068916,1.305803894996643,16.97536037440896,1001.7652977973938
1777333663.212656,0.07364317774772644,0.29673081636428833,17.497013092041016,0.047910477966070175,1.294047474861145,17.001429508244993,1002.5053627189636
1777333663.2127092,0.07343357801437378,0.29709798097610474,17.508888244628906,0.04046492278575897,1.1911107301712036,17.0224664984107,1003.1857590866089
1777333663.2127519,0.07322373986244202,0.2974649965763092,17.522676467895508,0.03078453056514263,1.37288498878479,17.043494950836898,1003.9757663692475
1777333663.212793,0.07298856973648071,0.29783642292022705,17.53647232055664,0.02988291159272194,1.372040033340454,17.064776120352747,1004.7662107841492
1777333663.2716138,0.0727706104516983,0.29812005162239075,17.552095413208008,0.03674881160259247,1.5703701972961426,17.081026853746177,1005.6613483760834
1777333663.272404,0.07252474874258041,0.2986617088317871,17.566059112548828,0.05339614301919937,1.3953288793563843,17.11206153688431,1006.4614097007751
1777333663.272458,0.07234206050634384,0.29930976033210754,17.58013343811035,0.06582656502723694,1.4081743955612183,17.149192166036368,1007.2678094432831
1777333663.331912,0.07197023183107376,0.3000330924987793,17.59523582458496,0.07253817468881607,1.5102007389068604,17.190636061191558,1008.133112758255
1777333663.332157,0.07170490175485611,0.30066144466400146,17.609285354614258,0.0692790150642395,1.4114131927490234,17.226638001179694,1008.9380918209076
1777333663.332246,0.07134229689836502,0.30121344327926636,17.6213436126709,0.05335741862654686,1.2037262916564941,17.25826520344019,1009.6289793628692
1777333663.333044,0.07110446691513062,0.3015832006931305,17.637054443359375,0.039263077080249786,1.5729975700378418,17.279450750273465,1010.52914397583
1777333663.333236,0.07068821042776108,0.30185720324516296,17.649791717529297,0.027148796245455742,1.2730989456176758,17.29514994569421,1011.2589362892151
1777333663.333282,0.07047877460718155,0.3019685447216034,17.66236686706543,0.01293223537504673,1.2587616443634033,17.301529344660043,1011.9794395420074
1777333663.333324,0.07028733193874359,0.30199235677719116,17.676773071289062,-0.000591963529586792,1.4377645254135132,17.30289367543459,1012.8048545379638
1777333663.333367,0.07011111825704575,0.3020728826522827,17.690275192260742,0.009716464206576347,1.3518506288528442,17.30750746986866,1013.578469360733
1777333663.333909,0.06996341794729233,0.30200493335723877,17.702672958374023,0.006235037464648485,1.2492070198059082,17.30361426064968,1014.2888092884064
1777333663.392992,0.069912388920784,0.3020132780075073,17.718021392822266,0.011943540535867214,1.5499459505081177,17.304092374062538,1015.168210118866
1777333663.393076,0.06976845115423203,0.3022821247577667,17.731712341308594,0.024370810016989708,1.3665049076080322,17.31949616369605,1015.9526439651489
1777333663.3931231,0.06980980187654495,0.3027300238609314,17.745582580566406,0.03468433395028114,1.3728042840957642,17.345158901131153,1016.7473504196167
