Timestamp,Theta_rad,Gamma_rad,Phi_rad,Dgamma_radps,Dphi_radps,Gamma_deg,Phi_deg
1777333243.7724512,0.0888984203338623,-0.05401504039764404,0.18951183557510376,9.183830115944147e-05,9.183830115944147e-05,-3.0948349516153337,10.85823222874403
1777333243.773264,0.0888984203338623,-0.05401504039764404,0.18951183557510376,-0.0007943186792545021,-0.0007943186792545021,-3.0948349516153337,10.85823222874403
1777333243.77332,0.0888984203338623,-0.05401504039764404,0.18951183557510376,0.0009937431896105409,0.0009937431896105409,-3.0948349516153337,10.85823222874403
1777333243.819233,0.0888984203338623,-0.05401504039764404,0.18951183557510376,-0.0011879183584824204,-0.0011879183584824204,-3.0948349516153337,10.85823222874403
1777333243.819329,0.0888984203338623,-0.05401504039764404,0.18951183557510376,0.0009884939063340425,0.0009884939063340425,-3.0948349516153337,10.85823222874403
1777333243.8331552,0.0888984203338623,-0.05401504039764404,0.18951183557510376,-0.0019822369795292616,-0.0019822369795292616,-3.0948349516153337,10.85823222874403
1777333243.833256,0.0888984203338623,-0.05401504039764404,0.18951183557510376,-0.002176412148401141,-0.002176412148401141,-3.0948349516153337,10.85823222874403
1777333243.833302,0.0888984203338623,-0.05401504039764404,0.18951183557510376,-0.0009884939063340425,-0.0009884939063340425,-3.0948349516153337,10.85823222874403
1777333243.833344,0.0888984203338623,-0.05401504039764404,0.18951183557510376,0.00019942449580412358,0.00019942449580412358,-3.0948349516153337,10.85823222874403
1777333243.913667,0.0888984203338623,-0.05401504039764404,0.18951183557510376,0.0017828126437962055,0.0017828126437962055,-3.0948349516153337,10.85823222874403
1777333243.914625,0.0888984203338623,-0.05401504039764404,0.18951183557510376,-0.0,-0.0,-3.0948349516153337,10.85823222874403
1777333243.9146829,0.0888984203338623,-0.05401504039764404,0.18951183557510376,-0.0008914063218981028,-0.0008914063218981028,-3.0948349516153337,10.85823222874403
1777333243.914728,0.0888984203338623,-0.05401504039764404,0.18951183557510376,-0.00019942449580412358,-0.00019942449580412358,-3.0948349516153337,10.85823222874403
1777333243.914839,0.0888984203338623,-0.05401504039764404,0.18951183557510376,-0.0008153158123604953,-0.0008153158123604953,-3.0948349516153337,10.85823222874403
1777333243.9148989,0.0888984203338623,-0.05401504039764404,0.18951183557510376,-0.0011879183584824204,-0.0011879183584824204,-3.0948349516153337,10.85823222874403
1777333243.9155042,0.0888984203338623,-0.05401504039764404,0.18951183557510376,-0.00019417519797571003,-0.00019417519797571003,-3.0948349516153337,10.85823222874403
1777333243.9155588,0.0888984203338623,-0.05401504039764404,0.18951183557510376,0.00020467379363253713,0.00020467379363253713,-3.0948349516153337,10.85823222874403
1777333243.915603,0.0888984203338623,-0.05401504039764404,0.18951183557510376,0.0019979849457740784,0.0019979849457740784,-3.0948349516153337,10.85823222874403
1777333243.977322,0.0888984203338623,-0.05401504039764404,0.18951183557510376,-0.0020898233633488417,-0.0020898233633488417,-3.0948349516153337,10.85823222874403
1777333243.9774342,0.0888984203338623,-0.05401504039764404,0.18951183557510376,-0.002176412148401141,-0.002176412148401141,-3.0948349516153337,10.85823222874403
1777333243.978166,0.0888984203338623,-0.05401504039764404,0.18951183557510376,0.00010233689681626856,0.00010233689681626856,-3.0948349516153337,10.85823222874403
1777333243.978224,0.0888984203338623,-0.05401504039764404,0.18951183557510376,-0.0008966556051746011,-0.0008966556051746011,-3.0948349516153337,10.85823222874403
1777333243.978268,0.0888984203338623,-0.05401504039764404,0.18951183557510376,-0.002278749132528901,-0.002278749132528901,-3.0948349516153337,10.85823222874403
1777333243.9783092,0.0888984203338623,-0.05401504039764404,0.18951183557510376,0.0008914063218981028,0.0008914063218981028,-3.0948349516153337,10.85823222874403
1777333244.036144,0.0888984203338623,-0.05401504039764404,0.18951183557510376,-0.0008914063218981028,-0.0008914063218981028,-3.0948349516153337,10.85823222874403
1777333244.036892,0.0888984203338623,-0.05401504039764404,0.18951183557510376,-0.0022682505659759045,-0.0022682505659759045,-3.0948349516153337,10.85823222874403
1777333244.03695,0.0888984203338623,-0.05401504039764404,0.18951183557510376,-0.0003935996792279184,-0.0003935996792279184,-3.0948349516153337,10.85823222874403
1777333244.0369952,0.0888984203338623,-0.05401504039764404,0.18951183557510376,0.0008048172458074987,0.0008048172458074987,-3.0948349516153337,10.85823222874403
1777333244.0370371,0.0888984203338623,-0.05401504039764404,0.18951183557510376,0.0007077296613715589,0.0007077296613715589,-3.0948349516153337,10.85823222874403
1777333244.097475,0.0888984203338623,-0.05401504039764404,0.18951183557510376,-0.0012902552261948586,-0.0012902552261948586,-3.0948349516153337,10.85823222874403
1777333244.0982668,0.0888984203338623,-0.05401504039764404,0.18951183557510376,-0.000810066529083997,-0.000810066529083997,-3.0948349516153337,10.85823222874403
1777333244.098324,0.0888984203338623,-0.05401504039764404,0.18951183557510376,-0.0010908307740464807,-0.0010908307740464807,-3.0948349516153337,10.85823222874403
1777333244.098367,0.0888984203338623,-0.05401504039764404,0.18951183557510376,-0.0022892476990818977,-0.0022892476990818977,-3.0948349516153337,10.85823222874403
1777333244.098408,0.0888984203338623,-0.05401504039764404,0.18951183557510376,-0.0010908307740464807,-0.0010908307740464807,-3.0948349516153337,10.85823222874403
1777333244.098449,0.0888984203338623,-0.05401504039764404,0.18951183557510376,-0.0011721705086529255,-0.0011721705086529255,-3.0948349516153337,10.85823222874403
1777333244.154048,0.0888984203338623,-0.05401504039764404,0.18951183557510376,-0.0019874863792210817,-0.0019874863792210817,-3.0948349516153337,10.85823222874403
1777333244.154143,0.0888984203338623,-0.05401504039764404,0.18951183557510376,-0.00010233689681626856,-0.00010233689681626856,-3.0948349516153337,10.85823222874403
1777333244.154189,0.0888984203338623,-0.05401504039764404,0.18951183557510376,-0.0006743638659827411,-0.0006743638659827411,-3.0948349516153337,10.85823222874403
1777333244.154231,0.0888984203338623,-0.05401504039764404,0.18951183557510376,-0.0002912628115154803,-0.0002912628115154803,-3.0948349516153337,10.85823222874403
1777333244.154271,0.0888984203338623,-0.05401504039764404,0.18951183557510376,0.003272492438554764,0.003272492438554764,-3.0948349516153337,10.85823222874403
1777333244.154964,0.0888984203338623,-0.05401504039764404,0.18951183557510376,0.0033800785895437002,0.0033800785895437002,-3.0948349516153337,10.85823222874403
1777333244.210521,0.0888984203338623,-0.05401504039764404,0.18951183557510376,-0.0012850059429183602,-0.0012850059429183602,-3.0948349516153337,10.85823222874403
1777333244.21062,0.0888984203338623,-0.05401504039764404,0.18951183557510376,0.00010233689681626856,0.00010233689681626856,-3.0948349516153337,10.85823222874403
1777333244.210667,0.0888984203338623,-0.05401504039764404,0.18951183557510376,-0.00010233689681626856,-0.00010233689681626856,-3.0948349516153337,10.85823222874403
1777333244.210709,0.0888984203338623,-0.05401504039764404,0.18951183557510376,0.0007024803780950606,0.0007024803780950606,-3.0948349516153337,10.85823222874403
1777333244.211403,0.0888984203338623,-0.05401504039764404,0.18951183557510376,0.0009071541717275977,0.0009071541717275977,-3.0948349516153337,10.85823222874403
1777333244.2114549,0.0888984203338623,-0.05401504039764404,0.18951183557510376,0.00019417519797571003,0.00019417519797571003,-3.0948349516153337,10.85823222874403
1777333244.2677279,0.0888984203338623,-0.05401504039764404,0.18951183557510376,-0.001096080057322979,-0.001096080057322979,-3.0948349516153337,10.85823222874403
1777333244.267852,0.0888984203338623,-0.05401504039764404,0.18951183557510376,-0.001080332207493484,-0.001080332207493484,-3.0948349516153337,10.85823222874403
1777333244.2678988,0.0888984203338623,-0.05401504039764404,0.18951183557510376,-0.00019942449580412358,-0.00019942449580412358,-3.0948349516153337,10.85823222874403
1777333244.2685802,0.0888984203338623,-0.05401504039764404,0.18951183557510376,8.658900333102793e-05,8.658900333102793e-05,-3.0948349516153337,10.85823222874403
1777333244.2694888,0.0888984203338623,-0.05401504039764404,0.18951183557510376,-0.0007024803780950606,-0.0007024803780950606,-3.0948349516153337,10.85823222874403
1777333244.2695382,0.0888984203338623,-0.05401504039764404,0.18951183557510376,0.0039749727584421635,0.0039749727584421635,-3.0948349516153337,10.85823222874403
1777333244.326375,0.0888984203338623,-0.05401504039764404,0.18951183557510376,0.0011013293405994773,0.0011013293405994773,-3.0948349516153337,10.85823222874403
1777333244.32647,0.0888984203338623,-0.05401504039764404,0.18951183557510376,0.00010758619464468211,0.00010758619464468211,-3.0948349516153337,10.85823222874403
1777333244.3271492,0.0888984203338623,-0.05401504039764404,0.18951183557510376,0.002375836716964841,0.002375836716964841,-3.0948349516153337,10.85823222874403
1777333244.327202,0.0888984203338623,-0.05401504039764404,0.18951183557510376,0.00028601352823898196,0.00028601352823898196,-3.0948349516153337,10.85823222874403
1777333244.327244,0.0888984203338623,-0.05401504039764404,0.18951183557510376,-5.2492964641714934e-06,-5.2492964641714934e-06,-3.0948349516153337,10.85823222874403
1777333244.327287,0.0888984203338623,-0.05401504039764404,0.18951183557510376,-9.183830115944147e-05,-9.183830115944147e-05,-3.0948349516153337,10.85823222874403
1777333244.381668,0.0888984203338623,-0.05401504039764404,0.18951183557510376,9.183830115944147e-05,9.183830115944147e-05,-3.0948349516153337,10.85823222874403
1777333244.382424,0.0888984203338623,-0.05401504039764404,0.18951183557510376,0.0002912628115154803,0.0002912628115154803,-3.0948349516153337,10.85823222874403
1777333244.38248,0.0888984203338623,-0.05401504039764404,0.18951183557510376,0.0010042417561635375,0.0010042417561635375,-3.0948349516153337,10.85823222874403
1777333244.3825228,0.0888984203338623,-0.05401504039764404,0.18951183557510376,0.0008966556051746011,0.0008966556051746011,-3.0948349516153337,10.85823222874403
1777333244.382564,0.0888984203338623,-0.05401504039764404,0.18951183557510376,0.0009884939063340425,0.0009884939063340425,-3.0948349516153337,10.85823222874403
1777333244.382605,0.0888984203338623,-0.05401504039764404,0.18951183557510376,0.001096080057322979,0.001096080057322979,-3.0948349516153337,10.85823222874403
1777333244.437068,0.0888984203338623,-0.05401504039764404,0.18951183557510376,-5.2492964641714934e-06,-5.2492964641714934e-06,-3.0948349516153337,10.85823222874403
1777333244.437173,0.0888984203338623,-0.05401504039764404,0.18951183557510376,0.00038310111267492175,0.00038310111267492175,-3.0948349516153337,10.85823222874403
1777333244.43722,0.0888984203338623,-0.05401504039764404,0.18951183557510376,0.0005825256230309606,0.0005825256230309606,-3.0948349516153337,10.85823222874403
1777333244.437262,0.0888984203338623,-0.05401504039764404,0.18951183557510376,-9.183830115944147e-05,-9.183830115944147e-05,-3.0948349516153337,10.85823222874403
1777333244.437304,0.0888984203338623,-0.05401504039764404,0.18951183557510376,-0.0020845739636570215,-0.0020845739636570215,-3.0948349516153337,10.85823222874403
1777333244.49198,0.0888984203338623,-0.05401504039764404,0.18951183557510376,-0.0009937431896105409,-0.0009937431896105409,-3.0948349516153337,10.85823222874403
1777333244.49207,0.0888984203338623,-0.05401504039764404,0.18951183557510376,0.0021869109477847815,0.0021869109477847815,-3.0948349516153337,10.85823222874403
1777333244.492116,0.0888984203338623,-0.05401504039764404,0.18951183557510376,0.003277741838246584,0.003277741838246584,-3.0948349516153337,10.85823222874403
1777333244.527426,0.0888984203338623,-0.05401504039764404,0.18951183557510376,0.00018367660231888294,0.00018367660231888294,-3.0948349516153337,10.85823222874403
1777333244.5275671,0.0888984203338623,-0.05401504039764404,0.18951183557510376,0.0014739318285137415,0.0014739318285137415,-3.0948349516153337,10.85823222874403
1777333244.5283132,0.0888984203338623,-0.05401504039764404,0.18951183557510376,0.0033748294226825237,0.0033748294226825237,-3.0948349516153337,10.85823222874403
1777333244.584363,0.0888984203338623,-0.05401504039764404,0.18951183557510376,0.00038310111267492175,0.00038310111267492175,-3.0948349516153337,10.85823222874403
1777333244.5844579,0.0888984203338623,-0.05401504039764404,0.18951183557510376,-9.183830115944147e-05,-9.183830115944147e-05,-3.0948349516153337,10.85823222874403
1777333244.584505,0.0888984203338623,-0.05401504039764404,0.18951183557510376,-0.0,-0.0,-3.0948349516153337,10.85823222874403
1777333244.584546,0.0888984203338623,-0.05401504039764404,0.18951183557510376,-0.0008048172458074987,-0.0008048172458074987,-3.0948349516153337,10.85823222874403
1777333244.5852458,0.0888984203338623,-0.05401504039764404,0.18951183557510376,0.0011879183584824204,0.0011879183584824204,-3.0948349516153337,10.85823222874403
1777333244.5852978,0.0888984203338623,-0.05401504039764404,0.18951183557510376,-0.001706722192466259,-0.001706722192466259,-3.0948349516153337,10.85823222874403
1777333244.58534,0.0888984203338623,-0.05401504039764404,0.18951183557510376,0.0014791812282055616,0.0014791812282055616,-3.0948349516153337,10.85823222874403
1777333244.640705,0.0888984203338623,-0.05401504039764404,0.18951183557510376,0.0009937431896105409,0.0009937431896105409,-3.0948349516153337,10.85823222874403
1777333244.6407838,0.0888984203338623,-0.05401504039764404,0.18951183557510376,0.0012902552261948586,0.0012902552261948586,-3.0948349516153337,10.85823222874403
1777333244.641419,0.0888984203338623,-0.05401504039764404,0.18951183557510376,-0.0007995679625310004,-0.0007995679625310004,-3.0948349516153337,10.85823222874403
1777333244.64147,0.0888984203338623,-0.05401504039764404,0.18951183557510376,0.00028601352823898196,0.00028601352823898196,-3.0948349516153337,10.85823222874403
1777333244.641511,0.0888984203338623,-0.05401504039764404,0.18951183557510376,-0.0028841421008110046,-0.0028841421008110046,-3.0948349516153337,10.85823222874403
1777333244.6971571,0.0888984203338623,-0.05401504039764404,0.18951183557510376,0.002294497098773718,0.002294497098773718,-3.0948349516153337,10.85823222874403
1777333244.69723,0.0888984203338623,-0.05401504039764404,0.18951183557510376,-5.2492964641714934e-06,-5.2492964641714934e-06,-3.0948349516153337,10.85823222874403
1777333244.697831,0.0888984203338623,-0.05401504039764404,0.18951183557510376,0.0008966556051746011,0.0008966556051746011,-3.0948349516153337,10.85823222874403
1777333244.6978781,0.0888984203338623,-0.05401504039764404,0.18951183557510376,-0.001096080057322979,-0.001096080057322979,-3.0948349516153337,10.85823222874403
1777333244.697919,0.0888984203338623,-0.05401504039764404,0.18951183557510376,-9.183830115944147e-05,-9.183830115944147e-05,-3.0948349516153337,10.85823222874403
1777333244.69796,0.0888984203338623,-0.05401504039764404,0.18951183557510376,0.0020845739636570215,0.0020845739636570215,-3.0948349516153337,10.85823222874403
1777333244.7539048,0.0888984203338623,-0.05401504039764404,0.18951183557510376,0.0009071541717275977,0.0009071541717275977,-3.0948349516153337,10.85823222874403
1777333244.754611,0.0888984203338623,-0.05401504039764404,0.18951183557510376,-0.0002807642158586532,-0.0002807642158586532,-3.0948349516153337,10.85823222874403
1777333244.754671,0.0888984203338623,-0.05401504039764404,0.18951183557510376,-0.002278749132528901,-0.002278749132528901,-3.0948349516153337,10.85823222874403
1777333244.754714,0.0888984203338623,-0.05401504039764404,0.18951183557510376,-0.00030176140717230737,-0.00030176140717230737,-3.0948349516153337,10.85823222874403
1777333244.754755,0.0888984203338623,-0.05401504039764404,0.18951183557510376,-0.0021816615480929613,-0.0021816615480929613,-3.0948349516153337,10.85823222874403
1777333244.754795,0.0888984203338623,-0.05401504039764404,0.18951183557510376,0.0010147403227165341,0.0010147403227165341,-3.0948349516153337,10.85823222874403
1777333244.810527,0.0888984203338623,-0.05401504039764404,0.18951183557510376,-0.00030176140717230737,-0.00030176140717230737,-3.0948349516153337,10.85823222874403
1777333244.810637,0.0888984203338623,-0.05401504039764404,0.18951183557510376,-0.00011283549247309566,-0.00011283549247309566,-3.0948349516153337,10.85823222874403
1777333244.810747,0.0888984203338623,-0.05401504039764404,0.18951183557510376,-8.658900333102793e-05,-8.658900333102793e-05,-3.0948349516153337,10.85823222874403
1777333244.810795,0.0888984203338623,-0.05401504039764404,0.18951183557510376,0.0006001435685902834,0.0006001435685902834,-3.0948349516153337,10.85823222874403
1777333244.810836,0.0888984203338623,-0.05401504039764404,0.18951183557510376,-0.0011879183584824204,-0.0011879183584824204,-3.0948349516153337,10.85823222874403
1777333244.811532,0.0888984203338623,-0.05401504039764404,0.18951183557510376,-0.0014739318285137415,-0.0014739318285137415,-3.0948349516153337,10.85823222874403
1777333244.866084,0.0888984203338623,-0.05401504039764404,0.18951183557510376,-0.0002912628115154803,-0.0002912628115154803,-3.0948349516153337,10.85823222874403
1777333244.866177,0.0888984203338623,-0.05401504039764404,0.18951183557510376,-0.00010233689681626856,-0.00010233689681626856,-3.0948349516153337,10.85823222874403
1777333244.866223,0.0888984203338623,-0.05401504039764404,0.18951183557510376,0.0018746508285403252,0.0018746508285403252,-3.0948349516153337,10.85823222874403
1777333244.866266,0.0888984203338623,-0.05401504039764404,0.18951183557510376,0.0016962236259132624,0.0016962236259132624,-3.0948349516153337,10.85823222874403
1777333244.866936,0.0888984203338623,-0.05401504039764404,0.18951183557510376,0.0011013293405994773,0.0011013293405994773,-3.0948349516153337,10.85823222874403
1777333244.866986,0.0888984203338623,-0.05401504039764404,0.18951183557510376,8.133970550261438e-05,8.133970550261438e-05,-3.0948349516153337,10.85823222874403
1777333244.920626,0.0888984203338623,-0.05401504039764404,0.18951183557510376,-0.004266235511749983,-0.004266235511749983,-3.0948349516153337,10.85823222874403
1777333244.9207108,0.0888984203338623,-0.05401504039764404,0.18951183557510376,0.00010233689681626856,0.00010233689681626856,-3.0948349516153337,10.85823222874403
1777333244.9207559,0.0888984203338623,-0.05401504039764404,0.18951183557510376,-0.0001889259001472965,-0.0001889259001472965,-3.0948349516153337,10.85823222874403
1777333244.921416,0.0888984203338623,-0.05401504039764404,0.18951183557510376,0.00010233689681626856,0.00010233689681626856,-3.0948349516153337,10.85823222874403
1777333244.921468,0.0888984203338623,-0.05401504039764404,0.18951183557510376,-9.708759898785502e-05,-9.708759898785502e-05,-3.0948349516153337,10.85823222874403
1777333244.9763992,0.0888984203338623,-0.05401504039764404,0.18951183557510376,-0.0012902552261948586,-0.0012902552261948586,-3.0948349516153337,10.85823222874403
1777333244.976557,0.0888984203338623,-0.05401504039764404,0.18951183557510376,-0.0023705873172730207,-0.0023705873172730207,-3.0948349516153337,10.85823222874403
1777333244.976632,0.0888984203338623,-0.05401504039764404,0.18951183557510376,0.0021003219299018383,0.0021003219299018383,-3.0948349516153337,10.85823222874403
1777333244.977269,0.0888984203338623,-0.05401504039764404,0.18951183557510376,0.0012036662083119154,0.0012036662083119154,-3.0948349516153337,10.85823222874403
1777333244.977321,0.0888984203338623,-0.05401504039764404,0.18951183557510376,-0.000377851800294593,-0.000377851800294593,-3.0948349516153337,10.85823222874403
1777333244.9773629,0.0888984203338623,-0.05401504039764404,0.18951183557510376,0.0008966556051746011,0.0008966556051746011,-3.0948349516153337,10.85823222874403
1777333245.03172,0.0888984203338623,-0.05401504039764404,0.18951183557510376,-0.0004749393556267023,-0.0004749393556267023,-3.0948349516153337,10.85823222874403
1777333245.0318148,0.0888984203338623,-0.05401504039764404,0.18951183557510376,-0.00019942449580412358,-0.00019942449580412358,-3.0948349516153337,10.85823222874403
1777333245.032487,0.0888984203338623,-0.05401504039764404,0.18951183557510376,-0.0012902552261948586,-0.0012902552261948586,-3.0948349516153337,10.85823222874403
1777333245.087092,0.0888984203338623,-0.05401504039764404,0.18951183557510376,0.00039546977495774627,0.00039546977495774627,-3.0948349516153337,10.85823222874403
1777333245.087179,0.0888984203338623,-0.05401504039764404,0.18951183557510376,-0.00038310111267492175,-0.00038310111267492175,-3.0948349516153337,10.85823222874403
1777333245.087222,0.0888984203338623,-0.05401504039764404,0.18951183557510376,-0.0015710194129496813,-0.0015710194129496813,-3.0948349516153337,10.85823222874403
1777333245.0872629,0.0888984203338623,-0.05401504039764404,0.18951183557510376,0.0016804756596684456,0.0016804756596684456,-3.0948349516153337,10.85823222874403
1777333245.0879118,0.0888984203338623,-0.05401504039764404,0.18951183557510376,-0.0013925922103226185,-0.0013925922103226185,-3.0948349516153337,10.85823222874403
1777333245.087965,0.0888984203338623,-0.05401504039764404,0.18951183557510376,5.2492964641714934e-06,5.2492964641714934e-06,-3.0948349516153337,10.85823222874403
1777333245.1426392,0.0888984203338623,-0.05401504039764404,0.18951183557510376,0.0018038097769021988,0.0018038097769021988,-3.0948349516153337,10.85823222874403
1777333245.14273,0.0888984203338623,-0.05401504039764404,0.18951183557510376,-0.0015605208463966846,-0.0015605208463966846,-3.0948349516153337,10.85823222874403
1777333245.142776,0.0888984203338623,-0.05401504039764404,0.18951183557510376,0.0029812296852469444,0.0029812296852469444,-3.0948349516153337,10.85823222874403
1777333245.1434612,0.0888984203338623,-0.05401504039764404,0.18951183557510376,-0.0014634332619607449,-0.0014634332619607449,-3.0948349516153337,10.85823222874403
1777333245.143517,0.0888984203338623,-0.05401504039764404,0.18951183557510376,-0.0020845739636570215,-0.0020845739636570215,-3.0948349516153337,10.85823222874403
1777333245.1435578,0.0888984203338623,-0.05401504039764404,0.18951183557510376,0.0011774197919294238,0.0011774197919294238,-3.0948349516153337,10.85823222874403
1777333245.198434,0.0888984203338623,-0.05401504039764404,0.18951183557510376,9.183830115944147e-05,9.183830115944147e-05,-3.0948349516153337,10.85823222874403
1777333245.198522,0.0888984203338623,-0.05401504039764404,0.18951183557510376,-0.004271484911441803,-0.004271484911441803,-3.0948349516153337,10.85823222874403
1777333245.19919,0.0888984203338623,-0.05401504039764404,0.18951183557510376,-5.2492964641714934e-06,-5.2492964641714934e-06,-3.0948349516153337,10.85823222874403
1777333245.1992419,0.0888984203338623,-0.05401504039764404,0.18951183557510376,0.0007890693959780037,0.0007890693959780037,-3.0948349516153337,10.85823222874403
1777333245.199283,0.0888984203338623,-0.05401504039764404,0.18951183557510376,0.001279756659641862,0.001279756659641862,-3.0948349516153337,10.85823222874403
1777333245.199327,0.0888984203338623,-0.05401504039764404,0.18951183557510376,5.2492964641714934e-06,5.2492964641714934e-06,-3.0948349516153337,10.85823222874403
1777333245.254462,0.0888984203338623,-0.05401504039764404,0.18951183557510376,0.00027551493258215487,0.00027551493258215487,-3.0948349516153337,10.85823222874403
1777333245.255179,0.0888984203338623,-0.05401504039764404,0.18951183557510376,0.0011931676417589188,0.0011931676417589188,-3.0948349516153337,10.85823222874403
1777333245.255235,0.0888984203338623,-0.05401504039764404,0.18951183557510376,-0.0010094910394400358,-0.0010094910394400358,-3.0948349516153337,10.85823222874403
1777333245.255279,0.0888984203338623,-0.05401504039764404,0.18951183557510376,0.002074075397104025,0.002074075397104025,-3.0948349516153337,10.85823222874403
1777333245.255321,0.0888984203338623,-0.05401504039764404,0.18951183557510376,-0.00010758619464468211,-0.00010758619464468211,-3.0948349516153337,10.85823222874403
1777333245.255361,0.0888984203338623,-0.05401504039764404,0.18951183557510376,-0.0008048172458074987,-0.0008048172458074987,-3.0948349516153337,10.85823222874403
1777333245.3100538,0.0888984203338623,-0.05401504039764404,0.18951183557510376,0.00018367660231888294,0.00018367660231888294,-3.0948349516153337,10.85823222874403
1777333245.310137,0.0888984203338623,-0.05401504039764404,0.18951183557510376,0.0010908307740464807,0.0010908307740464807,-3.0948349516153337,10.85823222874403
1777333245.3101811,0.0888984203338623,-0.05401504039764404,0.18951183557510376,-0.0002912628115154803,-0.0002912628115154803,-3.0948349516153337,10.85823222874403
1777333245.310278,0.0888984203338623,-0.05401504039764404,0.18951183557510376,-0.0008914063218981028,-0.0008914063218981028,-3.0948349516153337,10.85823222874403
1777333245.3103201,0.0888984203338623,-0.05401504039764404,0.18951183557510376,-0.0016096344916149974,-0.0016096344916149974,-3.0948349516153337,10.85823222874403
1777333245.310993,0.0888984203338623,-0.05401504039764404,0.18951183557510376,0.0019874863792210817,0.0019874863792210817,-3.0948349516153337,10.85823222874403
1777333245.365791,0.0888984203338623,-0.05401504039764404,0.18951183557510376,0.0009884939063340425,0.0009884939063340425,-3.0948349516153337,10.85823222874403
1777333245.3658822,0.0888984203338623,-0.05401504039764404,0.18951183557510376,0.0010855814907699823,0.0010855814907699823,-3.0948349516153337,10.85823222874403
1777333245.365928,0.0888984203338623,-0.05401504039764404,0.18951183557510376,-0.0006053928518667817,-0.0006053928518667817,-3.0948349516153337,10.85823222874403
1777333245.36597,0.0888984203338623,-0.05401504039764404,0.18951183557510376,-0.0007077296613715589,-0.0007077296613715589,-3.0948349516153337,10.85823222874403
1777333245.421236,0.0888984203338623,-0.05401504039764404,0.18951183557510376,-0.0010908307740464807,-0.0010908307740464807,-3.0948349516153337,10.85823222874403
1777333245.421315,0.0888984203338623,-0.05401504039764404,0.18951183557510376,-0.0011065786238759756,-0.0011065786238759756,-3.0948349516153337,10.85823222874403
1777333245.421362,0.0888984203338623,-0.05401504039764404,0.18951183557510376,0.0010855814907699823,0.0010855814907699823,-3.0948349516153337,10.85823222874403
1777333245.421403,0.0888984203338623,-0.05401504039764404,0.18951183557510376,0.0011774197919294238,0.0011774197919294238,-3.0948349516153337,10.85823222874403
1777333245.421443,0.0888984203338623,-0.05401504039764404,0.18951183557510376,-0.0007129789446480572,-0.0007129789446480572,-3.0948349516153337,10.85823222874403
1777333245.4774919,0.0888984203338623,-0.05401504039764404,0.18951183557510376,-9.708759898785502e-05,-9.708759898785502e-05,-3.0948349516153337,10.85823222874403
1777333245.477581,0.0888984203338623,-0.05401504039764404,0.18951183557510376,0.0005948942853137851,0.0005948942853137851,-3.0948349516153337,10.85823222874403
1777333245.4776268,0.0888984203338623,-0.05401504039764404,0.18951183557510376,-9.708759898785502e-05,-9.708759898785502e-05,-3.0948349516153337,10.85823222874403
1777333245.47767,0.0888984203338623,-0.05401504039764404,0.18951183557510376,0.0008966556051746011,0.0008966556051746011,-3.0948349516153337,10.85823222874403
1777333245.4777112,0.0888984203338623,-0.05401504039764404,0.18951183557510376,0.0009832446230575442,0.0009832446230575442,-3.0948349516153337,10.85823222874403
1777333245.4784288,0.0888984203338623,-0.05401504039764404,0.18951183557510376,0.000691981811542064,0.000691981811542064,-3.0948349516153337,10.85823222874403
1777333245.533748,0.0888984203338623,-0.05401504039764404,0.18951183557510376,5.2492964641714934e-06,5.2492964641714934e-06,-3.0948349516153337,10.85823222874403
1777333245.533837,0.0888984203338623,-0.05401504039764404,0.18951183557510376,-0.0022839985322207212,-0.0022839985322207212,-3.0948349516153337,10.85823222874403
1777333245.5338812,0.0888984203338623,-0.05401504039764404,0.18951183557510376,0.0010908307740464807,0.0010908307740464807,-3.0948349516153337,10.85823222874403
1777333245.5339231,0.0888984203338623,-0.05401504039764404,0.18951183557510376,0.003170155454427004,0.003170155454427004,-3.0948349516153337,10.85823222874403
1777333245.5345778,0.0888984203338623,-0.05401504039764404,0.18951183557510376,-0.00019417519797571003,-0.00019417519797571003,-3.0948349516153337,10.85823222874403
1777333245.5346298,0.0888984203338623,-0.05401504039764404,0.18951183557510376,-0.00039884899160824716,-0.00039884899160824716,-3.0948349516153337,10.85823222874403
1777333245.590249,0.0888984203338623,-0.05401504039764404,0.18951183557510376,-0.001096080057322979,-0.001096080057322979,-3.0948349516153337,10.85823222874403
1777333245.590337,0.0888984203338623,-0.05401504039764404,0.18951183557510376,-0.0007995679625310004,-0.0007995679625310004,-3.0948349516153337,10.85823222874403
1777333245.627152,0.0888984203338623,-0.05401504039764404,0.18951183557510376,0.0002965120947919786,0.0002965120947919786,-3.0948349516153337,10.85823222874403
1777333245.627923,0.0888984203338623,-0.05401504039764404,0.18951183557510376,-0.0007943186792545021,-0.0007943186792545021,-3.0948349516153337,10.85823222874403
1777333245.627979,0.0888984203338623,-0.05401504039764404,0.18951183557510376,0.0023653381504118443,0.0023653381504118443,-3.0948349516153337,10.85823222874403
1777333245.684374,0.0888984203338623,-0.05401504039764404,0.18951183557510376,0.001468682661652565,0.001468682661652565,-3.0948349516153337,10.85823222874403
1777333245.68446,0.0888984203338623,-0.05401504039764404,0.18951183557510376,0.0010855814907699823,0.0010855814907699823,-3.0948349516153337,10.85823222874403
1777333245.6845062,0.0888984203338623,-0.05401504039764404,0.18951183557510376,0.00010233689681626856,0.00010233689681626856,-3.0948349516153337,10.85823222874403
1777333245.685189,0.0888984203338623,-0.05401504039764404,0.18951183557510376,0.002375836716964841,0.002375836716964841,-3.0948349516153337,10.85823222874403
1777333245.68524,0.0888984203338623,-0.05401504039764404,0.18951183557510376,-0.00038310111267492175,-0.00038310111267492175,-3.0948349516153337,10.85823222874403
1777333245.685282,0.0888984203338623,-0.05401504039764404,0.18951183557510376,0.0007943186792545021,0.0007943186792545021,-3.0948349516153337,10.85823222874403
1777333245.685322,0.0888984203338623,-0.05401504039764404,0.18951183557510376,-0.00010233689681626856,-0.00010233689681626856,-3.0948349516153337,10.85823222874403
1777333245.685361,0.0888984203338623,-0.05401504039764404,0.18951183557510376,-9.708759898785502e-05,-9.708759898785502e-05,-3.0948349516153337,10.85823222874403
1777333245.685834,0.0888984203338623,-0.05401504039764404,0.18951183557510376,0.0011826690752059221,0.0011826690752059221,-3.0948349516153337,10.85823222874403
1777333245.741651,0.0888984203338623,-0.05401504039764404,0.18951183557510376,-0.00038835039595142007,-0.00038835039595142007,-3.0948349516153337,10.85823222874403
1777333245.741737,0.0888984203338623,-0.05401504039764404,0.18951183557510376,0.0008914063218981028,0.0008914063218981028,-3.0948349516153337,10.85823222874403
1777333245.741782,0.0888984203338623,-0.05401504039764404,0.18951183557510376,0.0007943186792545021,0.0007943186792545021,-3.0948349516153337,10.85823222874403
1777333245.741824,0.0888984203338623,-0.05401504039764404,0.18951183557510376,-0.0002965120947919786,-0.0002965120947919786,-3.0948349516153337,10.85823222874403
1777333245.742505,0.0888984203338623,-0.05401504039764404,0.18951183557510376,0.0002807642158586532,0.0002807642158586532,-3.0948349516153337,10.85823222874403
1777333245.7425559,0.0888984203338623,-0.05401504039764404,0.18951183557510376,0.0012745073763653636,0.0012745073763653636,-3.0948349516153337,10.85823222874403
1777333245.797279,0.0888984203338623,-0.05401504039764404,0.18951183557510376,0.00010233689681626856,0.00010233689681626856,-3.0948349516153337,10.85823222874403
1777333245.797366,0.0888984203338623,-0.05401504039764404,0.18951183557510376,0.00038835039595142007,0.00038835039595142007,-3.0948349516153337,10.85823222874403
1777333245.79741,0.0888984203338623,-0.05401504039764404,0.18951183557510376,0.0009937431896105409,0.0009937431896105409,-3.0948349516153337,10.85823222874403
1777333245.798037,0.0888984203338623,-0.05401504039764404,0.18951183557510376,0.002176412148401141,0.002176412148401141,-3.0948349516153337,10.85823222874403
1777333245.798089,0.0888984203338623,-0.05401504039764404,0.18951183557510376,-0.0011826690752059221,-0.0011826690752059221,-3.0948349516153337,10.85823222874403
1777333245.798131,0.0888984203338623,-0.05401504039764404,0.18951183557510376,5.2492964641714934e-06,5.2492964641714934e-06,-3.0948349516153337,10.85823222874403
1777333245.853375,0.0888984203338623,-0.05401504039764404,0.18951183557510376,-0.00266185007058084,-0.00266185007058084,-3.0948349516153337,10.85823222874403
1777333245.853507,0.0888984203338623,-0.05401504039764404,0.18951183557510376,-5.2492964641714934e-06,-5.2492964641714934e-06,-3.0948349516153337,10.85823222874403
1777333245.854156,0.0888984203338623,-0.05401504039764404,0.18951183557510376,0.0002912628115154803,0.0002912628115154803,-3.0948349516153337,10.85823222874403
1777333245.854205,0.0888984203338623,-0.05401504039764404,0.18951183557510376,-9.708759898785502e-05,-9.708759898785502e-05,-3.0948349516153337,10.85823222874403
1777333245.8542469,0.0888984203338623,-0.05401504039764404,0.18951183557510376,0.0013820936437696218,0.0013820936437696218,-3.0948349516153337,10.85823222874403
1777333245.8542862,0.0888984203338623,-0.05401504039764404,0.18951183557510376,0.0022997462656348944,0.0022997462656348944,-3.0948349516153337,10.85823222874403
1777333245.909132,0.0888984203338623,-0.05401504039764404,0.18951183557510376,0.00038835039595142007,0.00038835039595142007,-3.0948349516153337,10.85823222874403
1777333245.909826,0.0888984203338623,-0.05401504039764404,0.18951183557510376,0.001279756659641862,0.001279756659641862,-3.0948349516153337,10.85823222874403
1777333245.9098828,0.0888984203338623,-0.05401504039764404,0.18951183557510376,-0.0008914063218981028,-0.0008914063218981028,-3.0948349516153337,10.85823222874403
1777333245.909926,0.0888984203338623,-0.05401504039764404,0.18951183557510376,-0.001096080057322979,-0.001096080057322979,-3.0948349516153337,10.85823222874403
1777333245.909966,0.0888984203338623,-0.05401504039764404,0.18951183557510376,0.0011879183584824204,0.0011879183584824204,-3.0948349516153337,10.85823222874403
1777333245.910005,0.0888984203338623,-0.05401504039764404,0.18951183557510376,0.0012850059429183602,0.0012850059429183602,-3.0948349516153337,10.85823222874403
1777333245.965627,0.0888984203338623,-0.05401504039764404,0.18951183557510376,-0.004276734311133623,-0.004276734311133623,-3.0948349516153337,10.85823222874403
1777333245.9657118,0.0888984203338623,-0.05401504039764404,0.18951183557510376,0.0011879183584824204,0.0011879183584824204,-3.0948349516153337,10.85823222874403
1777333245.9657578,0.0888984203338623,-0.05401504039764404,0.18951183557510376,-0.00030176140717230737,-0.00030176140717230737,-3.0948349516153337,10.85823222874403
1777333245.9971688,0.0888984203338623,-0.05401504039764404,0.18951183557510376,0.0009884939063340425,0.0009884939063340425,-3.0948349516153337,10.85823222874403
1777333245.9972658,0.0888984203338623,-0.05401504039764404,0.18951183557510376,0.002273499732837081,0.002273499732837081,-3.0948349516153337,10.85823222874403
1777333245.998074,0.0888984203338623,-0.05401504039764404,0.18951183557510376,0.002273499732837081,0.002273499732837081,-3.0948349516153337,10.85823222874403
1777333245.998305,0.0888984203338623,-0.05401504039764404,0.18951183557510376,0.001890398794785142,0.001890398794785142,-3.0948349516153337,10.85823222874403
1777333245.998354,0.0888984203338623,-0.05401504039764404,0.18951183557510376,0.0021816615480929613,0.0021816615480929613,-3.0948349516153337,10.85823222874403
1777333246.053906,0.0888984203338623,-0.05401504039764404,0.18951183557510376,0.00019942449580412358,0.00019942449580412358,-3.0948349516153337,10.85823222874403
1777333246.0540001,0.0888984203338623,-0.05401504039764404,0.18951183557510376,0.00019417519797571003,0.00019417519797571003,-3.0948349516153337,10.85823222874403
1777333246.054705,0.0888984203338623,-0.05401504039764404,0.18951183557510376,0.0002912628115154803,0.0002912628115154803,-3.0948349516153337,10.85823222874403
1777333246.110068,0.0888984203338623,-0.05401504039764404,0.18951183557510376,-0.0014844303950667381,-0.0014844303950667381,-3.0948349516153337,10.85823222874403
1777333246.110143,0.0888984203338623,-0.05401504039764404,0.18951183557510376,0.00027551493258215487,0.00027551493258215487,-3.0948349516153337,10.85823222874403
1777333246.110183,0.0888984203338623,-0.05401504039764404,0.18951183557510376,0.00010233689681626856,0.00010233689681626856,-3.0948349516153337,10.85823222874403
1777333246.110223,0.0888984203338623,-0.05401504039764404,0.18951183557510376,-9.708759898785502e-05,-9.708759898785502e-05,-3.0948349516153337,10.85823222874403
1777333246.110836,0.0888984203338623,-0.05401504039764404,0.18951183557510376,-0.0010042417561635375,-0.0010042417561635375,-3.0948349516153337,10.85823222874403
1777333246.110883,0.0888984203338623,-0.05401504039764404,0.18951183557510376,-0.0023863352835178375,-0.0023863352835178375,-3.0948349516153337,10.85823222874403
1777333246.164682,0.0888984203338623,-0.05401504039764404,0.18951183557510376,-0.0021869109477847815,-0.0021869109477847815,-3.0948349516153337,10.85823222874403
1777333246.164765,0.0888984203338623,-0.05401504039764404,0.18951183557510376,0.00039884899160824716,0.00039884899160824716,-3.0948349516153337,10.85823222874403
1777333246.164811,0.0888984203338623,-0.05401504039764404,0.18951183557510376,0.000912403455004096,0.000912403455004096,-3.0948349516153337,10.85823222874403
1777333246.165492,0.0888984203338623,-0.05401504039764404,0.18951183557510376,0.0023653381504118443,0.0023653381504118443,-3.0948349516153337,10.85823222874403
1777333246.1655428,0.0888984203338623,-0.05401504039764404,0.18951183557510376,-0.0009989924728870392,-0.0009989924728870392,-3.0948349516153337,10.85823222874403
1777333246.1655848,0.0888984203338623,-0.05401504039764404,0.18951183557510376,-9.708759898785502e-05,-9.708759898785502e-05,-3.0948349516153337,10.85823222874403
1777333246.2193952,0.0888984203338623,-0.05401504039764404,0.18951183557510376,0.0009884939063340425,0.0009884939063340425,-3.0948349516153337,10.85823222874403
1777333246.2194712,0.0888984203338623,-0.05401504039764404,0.18951183557510376,-0.000977995339781046,-0.000977995339781046,-3.0948349516153337,10.85823222874403
1777333246.220119,0.0888984203338623,-0.05401504039764404,0.18951183557510376,-9.708759898785502e-05,-9.708759898785502e-05,-3.0948349516153337,10.85823222874403
1777333246.220169,0.0888984203338623,-0.05401504039764404,0.18951183557510376,0.0018851493950933218,0.0018851493950933218,-3.0948349516153337,10.85823222874403
1777333246.2202098,0.0888984203338623,-0.05401504039764404,0.18951183557510376,-1.0498592928342987e-05,-1.0498592928342987e-05,-3.0948349516153337,10.85823222874403
1777333246.220254,0.0888984203338623,-0.05401504039764404,0.18951183557510376,-0.00010758619464468211,-0.00010758619464468211,-3.0948349516153337,10.85823222874403
1777333246.2739468,0.0888984203338623,-0.05401504039764404,0.18951183557510376,8.658900333102793e-05,8.658900333102793e-05,-3.0948349516153337,10.85823222874403
1777333246.274622,0.0888984203338623,-0.05401504039764404,0.18951183557510376,0.00021517238928936422,0.00021517238928936422,-3.0948349516153337,10.85823222874403
1777333246.274672,0.0888984203338623,-0.05401504039764404,0.18951183557510376,-9.708759898785502e-05,-9.708759898785502e-05,-3.0948349516153337,10.85823222874403
1777333246.274715,0.0888984203338623,-0.05401504039764404,0.18951183557510376,0.0007890693959780037,0.0007890693959780037,-3.0948349516153337,10.85823222874403
1777333246.2747562,0.0888984203338623,-0.05401504039764404,0.18951183557510376,-0.0007995679625310004,-0.0007995679625310004,-3.0948349516153337,10.85823222874403
1777333246.274796,0.0888984203338623,-0.05401504039764404,0.18951183557510376,9.183830115944147e-05,9.183830115944147e-05,-3.0948349516153337,10.85823222874403
1777333246.32908,0.0888984203338623,-0.05401504039764404,0.18951183557510376,0.001895648194476962,0.001895648194476962,-3.0948349516153337,10.85823222874403
1777333246.3291662,0.0888984203338623,-0.05401504039764404,0.18951183557510376,0.0010908307740464807,0.0010908307740464807,-3.0948349516153337,10.85823222874403
1777333246.329212,0.0888984203338623,-0.05401504039764404,0.18951183557510376,-0.0001889259001472965,-0.0001889259001472965,-3.0948349516153337,10.85823222874403
1777333246.3292549,0.0888984203338623,-0.05401504039764404,0.18951183557510376,0.0034666676074266434,0.0034666676074266434,-3.0948349516153337,10.85823222874403
1777333246.3292959,0.0888984203338623,-0.05401504039764404,0.18951183557510376,0.0002912628115154803,0.0002912628115154803,-3.0948349516153337,10.85823222874403
1777333246.33005,0.0888984203338623,-0.05401504039764404,0.18951183557510376,0.0002965120947919786,0.0002965120947919786,-3.0948349516153337,10.85823222874403
1777333246.383459,0.0888984203338623,-0.05401504039764404,0.18951183557510376,-0.0007943186792545021,-0.0007943186792545021,-3.0948349516153337,10.85823222874403
1777333246.383538,0.0888984203338623,-0.05401504039764404,0.18951183557510376,0.0020845739636570215,0.0020845739636570215,-3.0948349516153337,10.85823222874403
1777333246.383583,0.0888984203338623,-0.05401504039764404,0.18951183557510376,0.0019822369795292616,0.0019822369795292616,-3.0948349516153337,10.85823222874403
1777333246.421346,0.0888984203338623,-0.05401504039764404,0.18951183557510376,0.0012850059429183602,0.0012850059429183602,-3.0948349516153337,10.85823222874403
1777333246.422184,0.0888984203338623,-0.05401504039764404,0.18951183557510376,-0.0018851493950933218,-0.0018851493950933218,-3.0948349516153337,10.85823222874403
1777333246.422248,0.0888984203338623,-0.05401504039764404,0.18951183557510376,-8.658900333102793e-05,-8.658900333102793e-05,-3.0948349516153337,10.85823222874403
1777333246.422293,0.0888984203338623,-0.05401504039764404,0.18951183557510376,0.0010908307740464807,0.0010908307740464807,-3.0948349516153337,10.85823222874403
1777333246.422335,0.0888984203338623,-0.05401504039764404,0.18951183557510376,0.001198416925035417,0.001198416925035417,-3.0948349516153337,10.85823222874403
1777333246.4760242,0.0888984203338623,-0.05401504039764404,0.18951183557510376,0.0014844303950667381,0.0014844303950667381,-3.0948349516153337,10.85823222874403
1777333246.476777,0.0888984203338623,-0.05401504039764404,0.18951183557510376,0.0012745073763653636,0.0012745073763653636,-3.0948349516153337,10.85823222874403
1777333246.476922,0.0888984203338623,-0.05401504039764404,0.18951183557510376,-0.0021869109477847815,-0.0021869109477847815,-3.0948349516153337,10.85823222874403
1777333246.47697,0.0888984203338623,-0.05401504039764404,0.18951183557510376,0.00020992309146095067,0.00020992309146095067,-3.0948349516153337,10.85823222874403
1777333246.477014,0.0888984203338623,-0.05401504039764404,0.18951183557510376,-0.0021711629815399647,-0.0021711629815399647,-3.0948349516153337,10.85823222874403
1777333246.477055,0.0888984203338623,-0.05401504039764404,0.18951183557510376,0.0021869109477847815,0.0021869109477847815,-3.0948349516153337,10.85823222874403
1777333246.5309381,0.0888984203338623,-0.05401504039764404,0.18951183557510376,0.0010908307740464807,0.0010908307740464807,-3.0948349516153337,10.85823222874403
1777333246.5310342,0.0888984203338623,-0.05401504039764404,0.18951183557510376,0.001080332207493484,0.001080332207493484,-3.0948349516153337,10.85823222874403
1777333246.5310788,0.0888984203338623,-0.05401504039764404,0.18951183557510376,0.001096080057322979,0.001096080057322979,-3.0948349516153337,10.85823222874403
1777333246.562355,0.0888984203338623,-0.05401504039764404,0.18951183557510376,0.0008914063218981028,0.0008914063218981028,-3.0948349516153337,10.85823222874403
1777333246.562461,0.0888984203338623,-0.05401504039764404,0.18951183557510376,0.0002965120947919786,0.0002965120947919786,-3.0948349516153337,10.85823222874403
1777333246.563168,0.0888984203338623,-0.05401504039764404,0.18951183557510376,-0.0009937431896105409,-0.0009937431896105409,-3.0948349516153337,10.85823222874403
1777333246.616819,0.0888984203338623,-0.05401504039764404,0.18951183557510376,-0.0009884939063340425,-0.0009884939063340425,-3.0948349516153337,10.85823222874403
1777333246.6169112,0.0888984203338623,-0.05401504039764404,0.18951183557510376,-0.0030678187031298876,-0.0030678187031298876,-3.0948349516153337,10.85823222874403
1777333246.616956,0.0888984203338623,-0.05401504039764404,0.18951183557510376,-0.0018799002282321453,-0.0018799002282321453,-3.0948349516153337,10.85823222874403
1777333246.616997,0.0888984203338623,-0.05401504039764404,0.18951183557510376,0.001890398794785142,0.001890398794785142,-3.0948349516153337,10.85823222874403
1777333246.6176682,0.0888984203338623,-0.05401504039764404,0.18951183557510376,-0.00019417519797571003,-0.00019417519797571003,-3.0948349516153337,10.85823222874403
1777333246.617722,0.0888984203338623,-0.05401504039764404,0.18951183557510376,0.0006001435685902834,0.0006001435685902834,-3.0948349516153337,10.85823222874403
1777333246.670996,0.0888984203338623,-0.05401504039764404,0.18951183557510376,-0.00038835039595142007,-0.00038835039595142007,-3.0948349516153337,10.85823222874403
1777333246.6710851,0.0888984203338623,-0.05401504039764404,0.18951183557510376,0.0010855814907699823,0.0010855814907699823,-3.0948349516153337,10.85823222874403
1777333246.6711302,0.0888984203338623,-0.05401504039764404,0.18951183557510376,-0.0011013293405994773,-0.0011013293405994773,-3.0948349516153337,10.85823222874403
1777333246.6718469,0.0888984203338623,-0.05401504039764404,0.18951183557510376,0.00019417519797571003,0.00019417519797571003,-3.0948349516153337,10.85823222874403
1777333246.671904,0.0888984203338623,-0.05401504039764404,0.18951183557510376,0.0008914063218981028,0.0008914063218981028,-3.0948349516153337,10.85823222874403
1777333246.6719449,0.0888984203338623,-0.05401504039764404,0.18951183557510376,0.00019417519797571003,0.00019417519797571003,-3.0948349516153337,10.85823222874403
1777333246.725586,0.0888984203338623,-0.05401504039764404,0.18951183557510376,-0.0016909742262214422,-0.0016909742262214422,-3.0948349516153337,10.85823222874403
1777333246.725672,0.0888984203338623,-0.05401504039764404,0.18951183557510376,-8.658900333102793e-05,-8.658900333102793e-05,-3.0948349516153337,10.85823222874403
1777333246.7263842,0.0888984203338623,-0.05401504039764404,0.18951183557510376,-0.00019417519797571003,-0.00019417519797571003,-3.0948349516153337,10.85823222874403
1777333246.726437,0.0888984203338623,-0.05401504039764404,0.18951183557510376,0.0010908307740464807,0.0010908307740464807,-3.0948349516153337,10.85823222874403
1777333246.726479,0.0888984203338623,-0.05401504039764404,0.18951183557510376,-0.0009884939063340425,-0.0009884939063340425,-3.0948349516153337,10.85823222874403
1777333246.72652,0.0888984203338623,-0.05401504039764404,0.18951183557510376,-9.708759898785502e-05,-9.708759898785502e-05,-3.0948349516153337,10.85823222874403
1777333246.779902,0.0888984203338623,-0.05401504039764404,0.18951183557510376,0.003277741838246584,0.003277741838246584,-3.0948349516153337,10.85823222874403
1777333246.780649,0.0888984203338623,-0.05401504039764404,0.18951183557510376,0.0010908307740464807,0.0010908307740464807,-3.0948349516153337,10.85823222874403
1777333246.780708,0.0888984203338623,-0.05401504039764404,0.18951183557510376,0.0010908307740464807,0.0010908307740464807,-3.0948349516153337,10.85823222874403
1777333246.78075,0.0888984203338623,-0.05401504039764404,0.18951183557510376,-0.0009019048884510994,-0.0009019048884510994,-3.0948349516153337,10.85823222874403
1777333246.780791,0.0888984203338623,-0.05401504039764404,0.18951183557510376,-0.002375836716964841,-0.002375836716964841,-3.0948349516153337,10.85823222874403
1777333246.780833,0.0888984203338623,-0.05401504039764404,0.18951183557510376,-0.0011931676417589188,-0.0011931676417589188,-3.0948349516153337,10.85823222874403
1777333246.834535,0.0888984203338623,-0.05401504039764404,0.18951183557510376,0.00010233689681626856,0.00010233689681626856,-3.0948349516153337,10.85823222874403
1777333246.834642,0.0888984203338623,-0.05401504039764404,0.18951183557510376,-0.0008048172458074987,-0.0008048172458074987,-3.0948349516153337,10.85823222874403
1777333246.834688,0.0888984203338623,-0.05401504039764404,0.18951183557510376,-0.00010233689681626856,-0.00010233689681626856,-3.0948349516153337,10.85823222874403
1777333246.866024,0.0888984203338623,-0.05401504039764404,0.18951183557510376,0.0009884939063340425,0.0009884939063340425,-3.0948349516153337,10.85823222874403
1777333246.866109,0.0888984203338623,-0.05401504039764404,0.18951183557510376,0.0014739318285137415,0.0014739318285137415,-3.0948349516153337,10.85823222874403
1777333246.8668249,0.0888984203338623,-0.05401504039764404,0.18951183557510376,9.183830115944147e-05,9.183830115944147e-05,-3.0948349516153337,10.85823222874403
1777333246.8669372,0.0888984203338623,-0.05401504039764404,0.18951183557510376,0.001096080057322979,0.001096080057322979,-3.0948349516153337,10.85823222874403
1777333246.921248,0.0888984203338623,-0.05401504039764404,0.18951183557510376,-9.183830115944147e-05,-9.183830115944147e-05,-3.0948349516153337,10.85823222874403
1777333246.9213388,0.0888984203338623,-0.05401504039764404,0.18951183557510376,0.0011826690752059221,0.0011826690752059221,-3.0948349516153337,10.85823222874403
1777333246.921383,0.0888984203338623,-0.05401504039764404,0.18951183557510376,-0.0012902552261948586,-0.0012902552261948586,-3.0948349516153337,10.85823222874403
1777333246.9220748,0.0888984203338623,-0.05401504039764404,0.18951183557510376,0.001279756659641862,0.001279756659641862,-3.0948349516153337,10.85823222874403
1777333246.922126,0.0888984203338623,-0.05401504039764404,0.18951183557510376,0.0009019048884510994,0.0009019048884510994,-3.0948349516153337,10.85823222874403
1777333246.976587,0.0888984203338623,-0.05401504039764404,0.18951183557510376,0.002095072530210018,0.002095072530210018,-3.0948349516153337,10.85823222874403
1777333246.976656,0.0888984203338623,-0.05401504039764404,0.18951183557510376,-0.000691981811542064,-0.000691981811542064,-3.0948349516153337,10.85823222874403
1777333246.976702,0.0888984203338623,-0.05401504039764404,0.18951183557510376,-0.0010908307740464807,-0.0010908307740464807,-3.0948349516153337,10.85823222874403
1777333246.977424,0.0888984203338623,-0.05401504039764404,0.18951183557510376,0.000977995339781046,0.000977995339781046,-3.0948349516153337,10.85823222874403
1777333246.9774761,0.0888984203338623,-0.05401504039764404,0.18951183557510376,0.003170155454427004,0.003170155454427004,-3.0948349516153337,10.85823222874403
1777333246.9775171,0.0888984203338623,-0.05401504039764404,0.18951183557510376,-0.00019417519797571003,-0.00019417519797571003,-3.0948349516153337,10.85823222874403
1777333247.037305,0.0888984203338623,-0.05401504039764404,0.18951183557510376,0.0019874863792210817,0.0019874863792210817,-3.0948349516153337,10.85823222874403
1777333247.0373929,0.0888984203338623,-0.05401504039764404,0.18951183557510376,0.002478173701092601,0.002478173701092601,-3.0948349516153337,10.85823222874403
1777333247.038136,0.0888984203338623,-0.05401504039764404,0.18951183557510376,0.0020793245639652014,0.0020793245639652014,-3.0948349516153337,10.85823222874403
1777333247.038246,0.0888984203338623,-0.05401504039764404,0.18951183557510376,-0.000691981811542064,-0.000691981811542064,-3.0948349516153337,10.85823222874403
1777333247.038292,0.0888984203338623,-0.05401504039764404,0.18951183557510376,0.0012955045094713569,0.0012955045094713569,-3.0948349516153337,10.85823222874403
1777333247.038334,0.0888984203338623,-0.05401504039764404,0.18951183557510376,0.0009832446230575442,0.0009832446230575442,-3.0948349516153337,10.85823222874403

"--- SEND COMMAND: Mode=velocity, Value=0.5 ---"
1777333247.099946,0.0888984203338623,-0.05401504039764404,0.18951183557510376,0.00027551493258215487,0.00027551493258215487,-3.0948349516153337,10.85823222874403
1777333247.100715,0.0888984203338623,-0.05401504039764404,0.18951183557510376,0.0004801886680070311,0.0004801886680070311,-3.0948349516153337,10.85823222874403
1777333247.10077,0.0888984203338623,-0.05401504039764404,0.18951183557510376,-5.2492964641714934e-06,-5.2492964641714934e-06,-3.0948349516153337,10.85823222874403
1777333247.100815,0.0888984203338623,-0.05401504039764404,0.18951183557510376,0.0009937431896105409,0.0009937431896105409,-3.0948349516153337,10.85823222874403
1777333247.100857,0.0888984203338623,-0.05401504039764404,0.18951183557510376,-0.002375836716964841,-0.002375836716964841,-3.0948349516153337,10.85823222874403
1777333247.156184,0.0888984203338623,-0.05401504039764404,0.18951183557510376,0.000377851800294593,0.000377851800294593,-3.0948349516153337,10.85823222874403
1777333247.15692,0.0888984203338623,-0.05401504039764404,0.18951183557510376,0.0010750829242169857,0.0010750829242169857,-3.0948349516153337,10.85823222874403
1777333247.156978,0.0888984203338623,-0.05401504039764404,0.18951183557510376,0.0010908307740464807,0.0010908307740464807,-3.0948349516153337,10.85823222874403
1777333247.157021,0.0888984203338623,-0.05401504039764404,0.18951183557510376,0.0013925922103226185,0.0013925922103226185,-3.0948349516153337,10.85823222874403
1777333247.1570618,0.0888984203338623,-0.05401504039764404,0.18951183557510376,-0.0009727460565045476,-0.0009727460565045476,-3.0948349516153337,10.85823222874403
1777333247.157103,0.0888984203338623,-0.05401504039764404,0.18951183557510376,-0.002074075397104025,-0.002074075397104025,-3.0948349516153337,10.85823222874403
1777333247.2125618,0.0888984203338623,-0.05401504039764404,0.18951183557510376,-0.0033695800229907036,-0.0033695800229907036,-3.0948349516153337,10.85823222874403
1777333247.212651,0.0888984203338623,-0.05401504039764404,0.18951183557510376,0.0005135544342920184,0.0005135544342920184,-3.0948349516153337,10.85823222874403
1777333247.212697,0.0888984203338623,-0.05401504039764404,0.18951183557510376,-0.002273499732837081,-0.002273499732837081,-3.0948349516153337,10.85823222874403
1777333247.212739,0.0888984203338623,-0.05401504039764404,0.18951183557510376,-0.0014791812282055616,-0.0014791812282055616,-3.0948349516153337,10.85823222874403
1777333247.212779,0.0888984203338623,-0.05401504039764404,0.18951183557510376,-0.0025700118858367205,-0.0025700118858367205,-3.0948349516153337,10.85823222874403
1777333247.21349,0.0888984203338623,-0.05401504039764404,0.18951183557510376,-0.004449911881238222,-0.004449911881238222,-3.0948349516153337,10.85823222874403
1777333247.2701771,0.08889368921518326,-0.05393243208527565,0.18959444761276245,0.015164044685661793,0.015164044685661793,-3.0901018422715367,10.862965551531314
1777333247.270248,0.08885695040225983,-0.05254814028739929,0.18906119465827942,0.14120782911777496,-0.05048397183418274,-3.0107877362787723,10.832412396901846
1777333247.270292,0.08894553035497665,-0.04889808967709541,0.18791742622852325,0.3787730634212494,-0.09968817234039307,-2.8016551665209235,10.766879269704223
1777333247.270334,0.088860422372818,-0.04222782701253891,0.1850000023841858,0.6932086944580078,-0.26690447330474854,-2.419477130945027,10.599723136603831
1777333247.271051,0.08894560486078262,-0.03208794817328453,0.1836346685886383,1.0440179109573364,-0.10635852813720703,-1.8385046609468758,10.521495244520903
1777333247.271102,0.08894385397434235,-0.018651820719242096,0.17981299757957458,1.3891866207122803,-0.332675576210022,-1.0686709895655513,10.30252954671979
1777333247.329957,0.08892551064491272,-0.0016698404215276241,0.17666088044643402,1.7502167224884033,-0.26677417755126953,-0.09567484282376244,10.121926473882795
1777333247.3300438,0.08897469937801361,0.018786316737532616,0.17506536841392517,2.1087560653686523,-0.09569358825683594,1.0763770465303213,10.030510335570574
1777333247.33009,0.08891621977090836,0.0423622727394104,0.17467215657234192,2.4354681968688965,0.05231356620788574,2.42718030642271,10.007980948537588
1777333247.330867,0.08884280920028687,0.06880562007427216,0.17235249280929565,2.731602430343628,-0.1598796844482422,3.9422730466514824,9.875073957502842
1777333247.3309178,0.08859067410230637,0.097590871155262,0.16758087277412415,2.9792306423187256,-0.3762032985687256,5.59154703553766,9.601680170291662
1777333247.3309598,0.0882430151104927,0.12831135094165802,0.16282697021961212,3.1763389110565186,-0.369858980178833,7.35170150128305,9.329301520308853
1777333247.389416,0.08791165798902512,0.16018842160701752,0.15922965109348297,3.2826573848724365,-0.26442646980285645,9.178123766711355,9.123190243121982
1777333247.389537,0.08745627105236053,0.1921926885843277,0.15863583981990814,3.3195714950561523,0.06025195121765137,11.011833846589923,9.089167351153494
1777333247.390229,0.08695398271083832,0.22459086775779724,0.15555962920188904,3.3467226028442383,-0.20053863525390625,12.868113440877199,8.912913402825595
1777333247.390283,0.0863322988152504,0.25703132152557373,0.15156692266464233,3.347644329071045,-0.29485154151916504,14.726815191864967,8.684148087608815
1777333247.390325,0.08577414602041245,0.2892896831035614,0.15026843547821045,3.325136661529541,-0.030381202697753906,16.575083825165034,8.60975022547245
1777333247.390365,0.08513719588518143,0.320552259683609,0.15085045993328094,3.242873191833496,0.1755080223083496,18.366298160380126,8.643097782245277
1777333247.449229,0.08444233238697052,0.3501419723033905,0.15167714655399323,3.0527801513671875,0.17705273628234863,20.0616644167006,8.690463453528285
1777333247.449973,0.08382178843021393,0.37742742896080017,0.15115836262702942,2.8091492652893066,0.029281139373779297,21.625006484252214,8.660739313405752
1777333247.450027,0.08320795744657516,0.40177005529403687,0.15057304501533508,2.521984815597534,0.029564380645751953,23.019736734116076,8.627203072589635
1777333247.45007,0.0825270488858223,0.4229832589626312,0.1506933569908142,2.194387435913086,0.08578348159790039,24.235164208871126,8.634096443474293
1777333247.450111,0.08214232325553894,0.4405440092086792,0.15291383862495422,1.811507225036621,0.27794039249420166,25.24132144281864,8.761320715087653
1777333247.4502149,0.0818525031208992,0.4543806314468384,0.15620404481887817,1.4260382652282715,0.37166035175323486,26.034101783251764,8.94983571113348
1777333247.509581,0.08151663094758987,0.4644331634044647,0.1595451831817627,1.0361520051956177,0.36499589681625366,26.61006964378953,9.141268906545639
1777333247.509675,0.08143454790115356,0.4708179235458374,0.16305363178253174,0.66351318359375,0.37597548961639404,26.97588958389759,9.342288275885583
1777333247.509722,0.08126803487539291,0.47446930408477783,0.1676637828350067,0.3307393491268158,0.42660441994667053,27.185098352980614,9.606430568557977
1777333247.5097659,0.08133576065301895,0.47270724177360535,0.16877800226211548,0.040636271238327026,0.3282572329044342,27.08413958321214,9.670270662009717
1777333247.509855,0.08135872334241867,0.4695814251899719,0.17140483856201172,-0.17968973517417908,0.3953886330127716,26.905043421399593,9.820777349281311
1777333247.569906,0.08151296526193619,0.4656803011894226,0.1732563078403473,-0.3217732608318329,0.25341418385505676,26.68152540088892,9.92685876275897
1777333247.570003,0.08147663623094559,0.461857408285141,0.1761447787284851,-0.3959951102733612,0.2749232351779938,26.46248969362378,10.092356013071537
1777333247.570049,0.08152724802494049,0.4584766924381256,0.17947542667388916,-0.400400847196579,0.2707187235355377,26.268788874596357,10.283188151621818
1777333247.570105,0.08160198479890823,0.45608800649642944,0.18283933401107788,-0.34780383110046387,0.22735488414764404,26.131927202618122,10.475925913631915
1777333247.57015,0.0815441682934761,0.45493289828300476,0.18551930785179138,-0.2504817843437195,0.1329209804534912,26.065744353443385,10.62947715881467
1777333247.5709162,0.08163081109523773,0.4553750455379486,0.18883773684501648,-0.11591095477342606,0.17167407274246216,26.091077534133195,10.819609202724696
1777333247.6300569,0.08150018751621246,0.45768752694129944,0.19210898876190186,0.04750436916947365,0.14334547519683838,26.223573006123303,11.007038198304176
1777333247.630201,0.08141511678695679,0.4619494378566742,0.19541212916374207,0.2358480542898178,0.13999974727630615,26.467762601548433,11.196294270139932
1777333247.6302452,0.08113881200551987,0.4678265154361725,0.19745415449142456,0.4341999590396881,0.05071389675140381,26.804494463127853,11.313293744909764
1777333247.630288,0.08097895234823227,0.47555530071258545,0.19943034648895264,0.6174237728118896,0.04220759868621826,27.247321398568154,11.426521246361732
1777333247.631016,0.08064855635166168,0.4848119914531708,0.20197567343711853,0.7904624342918396,0.1194770336151123,27.77769089990258,11.572357790118456
1777333247.631069,0.0802445039153099,0.4957037568092346,0.20423847436904907,0.9588452577590942,0.09599196910858154,28.401743309390543,11.702006779754162
1777333247.690881,0.079971544444561,0.5079432725906372,0.20593157410621643,1.1196839809417725,0.06512153148651123,29.10301615769863,11.799014283674955
1777333247.690964,0.07953612506389618,0.5213773846626282,0.20881927013397217,1.2621029615402222,0.20777761936187744,29.87273435615301,11.964467137742043
1777333247.691008,0.07914238423109055,0.5357174277305603,0.2106953263282776,1.386710286140442,0.14062321186065674,30.694358595764637,12.071957278239728
1777333247.752293,0.07865439355373383,0.5507017970085144,0.21225696802139282,1.4864180088043213,0.1445143222808838,31.55290002104044,12.161432788360118
1777333247.752394,0.078124038875103,0.5659836530685425,0.21411609649658203,1.5769622325897217,0.23489081859588623,32.428486189484595,12.267953041648864
1777333247.752439,0.07761439681053162,0.5810621976852417,0.21481311321258545,1.557959794998169,0.11995077133178711,33.292423466134075,12.307889172005654
1777333247.752481,0.07723333686590195,0.5955389738082886,0.21490836143493652,1.4945881366729736,0.056830763816833496,34.12188193552494,12.313346495103836
1777333247.752522,0.07668325304985046,0.6089168787002563,0.21582230925559998,1.3873215913772583,0.14092588424682617,34.88837969863415,12.365711866647006
1777333247.753227,0.07638363540172577,0.6207954287528992,0.21715441346168518,1.2208553552627563,0.16644799709320068,35.56897072674036,12.442035842818022
1777333247.753279,0.07588573545217514,0.6308014988899231,0.21853157877922058,1.0355151891708374,0.17292660474777222,36.142276520097255,12.520941631418466
1777333247.75332,0.07567792385816574,0.6391732692718506,0.22019198536872864,0.8656473755836487,0.19474577903747559,36.621943801546095,12.616075955289602
1777333247.7533598,0.07545149326324463,0.6460915803909302,0.2223164439201355,0.712786078453064,0.23428604006767273,37.01833397176266,12.7377985075593
1777333247.811914,0.07525420933961868,0.651672899723053,0.2240627110004425,0.578015923500061,0.19401150941848755,37.3381201279521,12.837852276939154
1777333247.812713,0.07505292445421219,0.6562085151672363,0.22668078541755676,0.46221140027046204,0.2704956531524658,37.59799184331894,12.987856945127248
1777333247.812768,0.07495293766260147,0.6596036553382874,0.22911715507507324,0.3560147285461426,0.26037678122520447,37.79251911553145,13.127450693750381
1777333247.81281,0.07480496913194656,0.6622561812400818,0.23176968097686768,0.26314422488212585,0.26314422488212585,37.94449770909548,13.279429287314414
1777333247.81285,0.0746399536728859,0.6640823483467102,0.23455461859703064,0.1971876621246338,0.2930455505847931,38.04912941440344,13.438994516211748
1777333247.8128908,0.07461827248334885,0.6656749844551086,0.237106055021286,0.165536567568779,0.2608945071697235,38.140380774343015,13.5851811072886
1777333247.8725739,0.07444167882204056,0.6672013998031616,0.23959121108055115,0.15942566096782684,0.25576698780059814,38.22783796284199,13.727570111829042
1777333247.8726652,0.07440372556447983,0.6692835688591003,0.24263215065002441,0.2094351053237915,0.30530256032943726,38.34713750463724,13.901803177213669
1777333247.87271,0.07426029443740845,0.6717727184295654,0.2451213002204895,0.2580403983592987,0.2580403983592987,38.48975532059669,14.044420993173123
1777333247.872751,0.07406618446111679,0.674728512763977,0.24807709455490112,0.3058288097381592,0.3058288097381592,38.659109921622274,14.213775594198705
1777333247.872791,0.07391808927059174,0.6780068278312683,0.25039663910865784,0.34075266122817993,0.24490675330162048,38.84694360605478,14.346675755041838
1777333247.8735192,0.07372454553842545,0.6815887689590454,0.2530198395252228,0.3602796494960785,0.26442235708236694,39.052173788523675,14.49697412146926
1777333247.9332852,0.07361651957035065,0.6851462721824646,0.25561854243278503,0.36796998977661133,0.27210915088653564,39.25600378171205,14.645868883520365
1777333247.933374,0.07342773675918579,0.6885654926300049,0.25807899236679077,0.36063891649246216,0.26475948095321655,39.45191075263023,14.78684233084917
1777333247.933418,0.07316167652606964,0.6919505000114441,0.2605052590370178,0.3459855914115906,0.2501187324523926,39.645857458555696,14.925857220733166
1777333247.93346,0.07306339591741562,0.6951826214790344,0.2627786099910736,0.32634100317955017,0.2304927110671997,39.83104444373846,15.056110682326555
1777333247.9341528,0.07301092147827148,0.6981104612350464,0.26474764943122864,0.3031103312969208,0.20723509788513184,39.99879736483097,15.16892837228179
1777333247.9342048,0.0727744922041893,0.7007867097854614,0.2674238979816437,0.27297133207321167,0.27297133207321167,40.15213516652584,15.32226617397666
1777333247.991773,0.07264290004968643,0.703053891658783,0.2696910798549652,0.23882117867469788,0.23882117867469788,40.2820351657033,15.452166173154115
1777333247.991848,0.07250785082578659,0.7052187323570251,0.2718559205532074,0.2202536016702652,0.2202536016702652,40.40607144538164,15.57620245283246
1777333247.9918919,0.07238129526376724,0.7073236703872681,0.2739608585834503,0.21806757152080536,0.21806757152080536,40.52667555377484,15.696806561225653
1777333247.992651,0.07225456833839417,0.7094284892082214,0.2770244777202606,0.22123312950134277,0.317082017660141,40.647272831976416,15.872339070564509
1777333247.992705,0.07211358100175858,0.7117555141448975,0.27935150265693665,0.23437027633190155,0.23437027633190155,40.78060158734321,16.00566782593131
1777333248.049506,0.0719669759273529,0.7142444849014282,0.2818404734134674,0.25633662939071655,0.25633662939071655,40.923209158015254,16.148275396603346
1777333248.0495958,0.07181473821401596,0.7168949842453003,0.2844909727573395,0.2777562737464905,0.2777562737464905,41.07507163832187,16.30013787690997
1777333248.04964,0.0716811791062355,0.7196857333183289,0.28728172183036804,0.2888818681240082,0.2888818681240082,41.234969839060305,16.4600360776484
1777333248.050366,0.07166048884391785,0.7225301265716553,0.2891673147678375,0.28875961899757385,0.19289396703243256,41.39794162602425,16.568072633475065
1777333248.0504162,0.07115692645311356,0.727802574634552,0.29443976283073425,0.28216007351875305,0.28216007351875305,41.70003075574636,16.870161763197185
1777333248.0504582,0.07103732973337173,0.7303702235221863,0.29700741171836853,0.2625667452812195,0.2625667452812195,41.84714625288248,17.017277260333298
1777333248.11072,0.07092314958572388,0.7327765822410583,0.2994137704372406,0.2494610846042633,0.2494610846042633,41.985020500767234,17.15515150821805
1777333248.110785,0.07084260135889053,0.7351009845733643,0.30269697308540344,0.23722870647907257,0.3330775797367096,42.11819899191856,17.34326523050666
1777333248.111511,0.0703856348991394,0.7400673627853394,0.30766335129737854,0.23948262631893158,0.23948262631893158,42.40275160467625,17.627817843264342
1777333248.1731331,0.0702429935336113,0.7423943877220154,0.3109491467475891,0.24062716960906982,0.3364850580692291,42.53608036004305,17.816080122220516
1777333248.173221,0.07020486891269684,0.7448370456695557,0.3133918046951294,0.24752704799175262,0.24752704799175262,42.676034401273725,17.956034163451196
1777333248.173265,0.07009056955575943,0.7472432851791382,0.3157980442047119,0.25390106439590454,0.25390106439590454,42.81390181896687,18.093901581144333
1777333248.173307,0.06997079402208328,0.749809980392456,0.31932348012924194,0.2573002576828003,0.3531479835510254,42.960962674570084,18.295894252789022
1777333248.173989,0.06946401298046112,0.7550809979438782,0.32459449768066406,0.26487237215042114,0.26487237215042114,43.262969841992856,18.59790142021179
1777333248.174093,0.06890641897916794,0.7602972388267517,0.3298107385635376,0.27036499977111816,0.27036499977111816,43.5618385363698,18.896770114588737
1777333248.174135,0.06840361654758453,0.765407145023346,0.33492064476013184,0.27929678559303284,0.27929678559303284,43.85461469982862,19.189546278047562
1777333248.174176,0.06802497804164886,0.7702479958534241,0.33976149559020996,0.2838597595691681,0.2838597595691681,44.131975120818616,19.46690669903755
1777333248.174217,0.06756997108459473,0.7750508189201355,0.34552308917045593,0.2836437523365021,0.3795040249824524,44.4071567106843,19.79702181249261
1777333248.235061,0.06719572842121124,0.7797313332557678,0.35020360350608826,0.2879926860332489,0.2879926860332489,44.67533052395582,20.065195625764133
1777333248.2351518,0.06675094366073608,0.7842141389846802,0.3546864092350006,0.2859050929546356,0.2859050929546356,44.93217646443844,20.32204156624675
1777333248.2351968,0.06636513024568558,0.7884305715560913,0.3598616421222687,0.2859455645084381,0.38180163502693176,45.1737603417635,20.61856067470908
1777333248.235239,0.06606466323137283,0.7922594547271729,0.3636905252933502,0.2760651707649231,0.2760651707649231,45.39313926615715,20.837939599102736
1777333248.2352798,0.06566372513771057,0.7958118915557861,0.36820170283317566,0.25948911905288696,0.3553392291069031,45.596678976202014,21.096411125189064
1777333248.236025,0.06517980247735977,0.8020462393760681,0.3753948211669922,0.24545134603977203,0.3413259983062744,45.953880922043325,21.50854659461975
1777333248.295627,0.0648232102394104,0.8046684861183167,0.37897583842277527,0.22679536044597626,0.3226412534713745,46.10412464693785,21.713723843103647
1777333248.295734,0.06456147879362106,0.8069440722465515,0.38316893577575684,0.20387645065784454,0.395598828792572,46.23450617462397,21.95397071042061
1777333248.2957819,0.06443401426076889,0.8088836669921875,0.3870261013507843,0.17868132889270782,0.37001746892929077,46.345636807250976,22.174970097774267
1777333248.295826,0.0641973689198494,0.8106152415275574,0.3906751871109009,0.15006843209266663,0.34215569496154785,46.44484875551462,22.384047385668755
1777333248.296577,0.0640583410859108,0.8120905756950378,0.395026832818985,0.12601037323474884,0.41364872455596924,46.52937920690775,22.63337840783
1777333248.296627,0.06377184391021729,0.8132387399673462,0.3990512788295746,0.09873660653829575,0.38547590374946594,46.59516419742108,22.86396226156354
1777333248.354254,0.06361991912126541,0.814050555229187,0.40273937582969666,0.06928575783967972,0.35765647888183594,46.64167780230045,23.075274729663132
1777333248.3543391,0.06331508606672287,0.814693808555603,0.40721771121025085,0.041864071041345596,0.4252955913543701,46.67853351624012,23.33186453796029
1777333248.354387,0.06315760314464569,0.8148831129074097,0.4122008681297302,0.015382464975118637,0.49295297265052795,46.68937986052036,23.617378500187396
1777333248.355108,0.06290969252586365,0.8150607943534851,0.41621363162994385,-0.017482053488492966,0.3673441708087921,46.699560261118414,23.847292995142936
1777333248.3551612,0.06280335783958435,0.8149429559707642,0.4218483865261078,-0.04394768923521042,0.5312397480010986,46.69280861670971,24.170140784722566
1777333248.3552032,0.06253837049007416,0.8148151636123657,0.4265144169330597,-0.062435541301965714,0.41685086488723755,46.68548665130138,24.4374847297132
1777333248.412152,0.062310341745615005,0.8146072626113892,0.432059109210968,-0.07804255187511444,0.4971880316734314,46.67357479712963,24.75517230952978
1777333248.412246,0.06207682192325592,0.8137770295143127,0.43698152899742126,-0.09777425974607468,0.4774335026741028,46.62600592764616,25.03720628913045
1777333248.412941,0.06190983206033707,0.812611997127533,0.44156908988952637,-0.12062392383813858,0.4545203745365143,46.559254465019706,25.300054260492324
1777333248.4129941,0.0620904378592968,0.8105652928352356,0.44623374938964844,-0.15789087116718292,0.513144850730896,46.44198690522909,25.56731965827942
1777333248.413037,0.06216888129711151,0.8080429434776306,0.45138150453567505,-0.20721442997455597,0.5595660209655762,46.29746688090563,25.86226440757513
1777333248.413079,0.0623197928071022,0.8050273656845093,0.4560360908508301,-0.26051998138427734,0.5062280893325806,46.1246869387865,26.12895265417099
1777333248.4678779,0.06240689754486084,0.8016552925109863,0.46129292249679565,-0.35000938177108765,0.5126007199287415,45.93148130865097,26.430147028791904
1777333248.468618,0.06241842359304428,0.7982445359230042,0.466511070728302,-0.3904174864292145,0.472235769033432,45.73605928133726,26.729125006234646
1777333248.468697,0.0625612884759903,0.7944068312644958,0.4713022708892822,-0.4330071806907654,0.4296029210090637,45.5161749227643,27.003640652418138
1777333248.4687538,0.06240817904472351,0.7903630137443542,0.47588735818862915,-0.4743703305721283,0.38849857449531555,45.28448116289377,27.266346897304057
1777333248.4687948,0.06283929944038391,0.7855770587921143,0.4816478192806244,-0.49519526958465576,0.5593671798706055,45.01026604514122,27.5963971239388
1777333248.46885,0.06315647065639496,0.7807403206825256,0.48639875650405884,-0.48961395025253296,0.4688900113105774,44.73314126576185,27.868605872905253
1777333248.525853,0.06344818323850632,0.7764483094215393,0.49169445037841797,-0.4510585367679596,0.5077359676361084,44.48722704695463,28.17202688999176
1777333248.525939,0.0637960359454155,0.772578775882721,0.4974125623703003,-0.3908793032169342,0.5676217079162598,44.2655190272212,28.499650691056253
1777333248.525983,0.06407752633094788,0.7694948315620422,0.5039162635803223,-0.3303000330924988,0.6283955574035645,44.08882197021246,28.87228545484543
1777333248.526025,0.06433117389678955,0.766860842704773,0.5108699798583984,-0.2679736614227295,0.6908178329467773,43.93790547144413,29.270704191970825
1777333248.5260649,0.06444846838712692,0.7648153305053711,0.516494631767273,-0.20341497659683228,0.5635999441146851,43.82070621356964,29.59297312281132
1777333248.526807,0.0646454244852066,0.7634313106536865,0.52278071641922,-0.14986449480056763,0.6169571876525879,43.74140768895149,29.953139371812345
1777333248.596949,0.06447537243366241,0.7658777236938477,0.5328972339630127,-0.10498715192079544,0.6620247960090637,43.88157688121796,30.532773337697982
1777333248.597065,0.06464079767465591,0.7651988863945007,0.53892982006073,-0.07994425296783447,0.5910776853561401,43.84268235508203,30.87841518423557
1777333248.597111,0.06476878374814987,0.7645057439804077,0.5439893007278442,-0.06566230207681656,0.509497880935669,43.802968205952645,31.168302176642417
1777333248.597156,0.06496941298246384,0.7637459635734558,0.5508996248245239,-0.07126233726739883,0.695540189743042,43.75943597971201,31.56423472402096
1777333248.597944,0.06502759456634521,0.7628552913665771,0.5567203164100647,-0.09733814746141434,0.5736472606658936,43.70840420308113,31.897735904967785
1777333248.655244,0.0651351660490036,0.761658787727356,0.5622352361679077,-0.12485653907060623,0.5461974740028381,43.63984956986904,32.21371764442921
1777333248.65534,0.06513158231973648,0.7601464986801147,0.5674342513084412,-0.15133802592754364,0.5197800397872925,43.55320175907612,32.511599376118184
1777333248.655385,0.06518945097923279,0.7583677172660828,0.5733256340026855,-0.18515217304229736,0.5816150307655334,43.451285054934026,32.84915086069107
1777333248.655427,0.06515438854694366,0.7561519742012024,0.5787800550460815,-0.22140328586101532,0.5453992486000061,43.32433228343725,33.161666277909276
1777333248.6561248,0.06520320475101471,0.7535493969917297,0.5838475823402405,-0.2676795423030853,0.4992188513278961,43.175215540158746,33.45201430824995
1777333248.656176,0.06524357944726944,0.7504827976226807,0.5894098877906799,-0.3233662247657776,0.5392438769340515,42.999512276029584,33.77071104887724
1777333248.713085,0.06542928516864777,0.7467628717422485,0.5952776670455933,-0.384802907705307,0.5738673210144043,42.78637614676953,34.1069101555109
1777333248.713171,0.06555647403001785,0.7425240874290466,0.5996677875518799,-0.43302199244499207,0.4297405779361725,42.54351160851717,34.358445622015
1777333248.713217,0.0657682716846466,0.7382585406303406,0.6059486865997314,-0.44631657004356384,0.6080365180969238,42.299113692247865,34.71831475768089
1777333248.714036,0.06591722369194031,0.7342597246170044,0.6124962568283081,-0.4136965274810791,0.6407898664474487,42.06999832971096,35.093463031983376
1777333248.714087,0.06601186841726303,0.7307270765304565,0.6185513138771057,-0.36003848910331726,0.598609209060669,41.86759243147373,35.44039236963987
1777333248.714129,0.06615684926509857,0.7277759909629822,0.625187873840332,-0.2954261004924774,0.6630291938781738,41.69850762301684,35.8206393819809
1777333248.76898,0.06613700091838837,0.725862443447113,0.6319032311439514,-0.20456716418266296,0.6581499576568604,41.5888693872571,36.205401150977615
1777333248.769075,0.0661126896739006,0.7247353196144104,0.637487530708313,-0.11920653283596039,0.5518642067909241,41.52428992556334,36.52535806195736
1777333248.769805,0.06613291054964066,0.7243511080741882,0.6438146829605103,-0.03723188489675522,0.633905291557312,41.50227621799707,36.8878773119688
1777333248.7698581,0.06608518213033676,0.7246558666229248,0.6489132642745972,0.03294758498668671,0.5122587084770203,41.51973760285377,37.18000460722446
1777333248.769899,0.06615722179412842,0.7254781126976013,0.655488133430481,0.08443259447813034,0.6596934199333191,41.56684884949922,37.55671699540615
1777333248.769939,0.06607139855623245,0.7266512513160706,0.6614550948143005,0.11721166968345642,0.5964995622634888,41.634064765155316,37.8985988214612
1777333248.827896,0.06600476056337357,0.7279655337333679,0.6666043996810913,0.13606619834899902,0.5195249915122986,41.7093676276803,38.19363236324787
1777333248.8286972,0.06590448319911957,0.7293615341186523,0.6727942824363708,0.1357533186674118,0.6150292754173279,41.78935258655548,38.548286647617815
1777333248.8287518,0.065928615629673,0.7304887175559998,0.6787152886390686,0.1258692890405655,0.6041765213012695,41.85393546334505,38.887535434806345
1777333248.828816,0.06590994447469711,0.7314981818199158,0.684518575668335,0.0942886620759964,0.5745725631713867,41.91177352591753,39.22003940777778
1777333248.8288572,0.06588375568389893,0.7320436239242554,0.6908166408538818,0.06260599941015244,0.6377517580986023,41.943025067639354,39.58089209103584
1777333248.828898,0.0659542977809906,0.7322409152984619,0.6967665553092957,0.025238852947950363,0.5986214876174927,41.95432903475761,39.92179719969034
1777333248.885568,0.06588375568389893,0.7320436239242554,0.7023218274116516,-0.019227955490350723,0.5578354001045227,41.943025067639354,40.240090959012505
1777333248.885654,0.06594366580247879,0.7314164638519287,0.7084060311317444,-0.06987755745649338,0.6012427806854248,41.90709142956734,40.5886902785182
1777333248.885699,0.0659765973687172,0.7301837801933289,0.713884711265564,-0.127649188041687,0.5434711575508118,41.83646383320093,40.9025956397295
1777333248.885741,0.06599045544862747,0.7281885147094727,0.7205183506011963,-0.2001221925020218,0.6627898812294006,41.722143501091004,41.28267531237602
1777333248.885783,0.06612373888492584,0.7255600690841675,0.7265188097953796,-0.27556416392326355,0.5872185230255127,41.57154460623264,41.62647642227411
1777333248.8864791,0.06620413064956665,0.7222502827644348,0.7327967286109924,-0.34002938866615295,0.6185221672058105,41.381907751214506,41.9861748031497
1777333248.943131,0.06642289459705353,0.7184486985206604,0.7395415902137756,-0.3867548406124115,0.6678626537322998,41.16409294070005,42.37262704457044
1777333248.943221,0.06661424785852432,0.7145676016807556,0.7462069392204285,-0.4066224992275238,0.6477051973342896,40.941722392380235,42.75452354818582
1777333248.943267,0.06688835471868515,0.7105598449707031,0.7537043690681458,-0.4186379015445709,0.7315088510513306,40.712094765472415,43.184094789254665
1777333248.9433322,0.06704152375459671,0.7063994407653809,0.7600904107093811,-0.42021480202674866,0.6341657638549805,40.47372107820511,43.549988153922556
1777333248.944045,0.06739497184753418,0.702528178691864,0.767724335193634,-0.39903950691223145,0.751136064529419,40.2519140206933,43.987379964387415
1777333248.944096,0.0676695853471756,0.6991453170776367,0.7739291787147522,-0.35200804471969604,0.6064959168434143,40.05809025821686,44.342891437804695
1777333248.998188,0.06772905588150024,0.6962185502052307,0.7805900573730469,-0.3005687892436981,0.6579344272613525,39.89039880884886,44.72453180923462
1777333248.998283,0.0681801438331604,0.6919981241226196,0.7849985361099243,-0.2457851618528366,0.6168465614318848,39.64858612010479,44.977119125247
1777333248.998328,0.06829772144556046,0.690639317035675,0.7913098931312561,-0.19097557663917542,0.5760194063186646,39.57073218101263,45.338733374869825
1777333248.9990568,0.06838329136371613,0.6899889707565308,0.7973709106445312,-0.1338518261909485,0.5370840430259705,39.53347007067204,45.68600422210693
1777333248.999109,0.06828369200229645,0.6935815811157227,0.8076748847961426,-0.06731145083904266,0.6036914587020874,39.73931155529022,46.276378664302825
1777333248.999151,0.06831874698400497,0.6972060203552246,0.8160931468009949,-0.010163897648453712,0.4690641164779663,39.94697670106888,46.75870972048044
1777333249.055434,0.06836343556642532,0.6979488730430603,0.8216298818588257,0.042026668787002563,0.5212306976318359,39.989539040100574,47.07594138500691
1777333249.055522,0.06834318488836288,0.6989583969116211,0.8274332284927368,0.07930592447519302,0.5586058497428894,40.04738051776886,47.40844877307415
1777333249.056268,0.06829056888818741,0.7000503540039062,0.8333190083503723,0.10767674446105957,0.5870605111122131,40.10994507293701,47.74567923864126
1777333249.056455,0.06821140646934509,0.7010625004768372,0.8381662368774414,0.1122288927435875,0.4957341253757477,40.16793681482076,48.023405074882504
1777333249.05659,0.06810558587312698,0.7019948959350586,0.8438924551010132,0.10564347356557846,0.5848835110664368,40.22135915851593,48.35149332897663
1777333249.114107,0.06807921081781387,0.7025408148765564,0.8492321968078613,0.08835013955831528,0.5677219033241272,40.2526380210042,48.65743810186386
1777333249.114212,0.06795528531074524,0.7028101086616516,0.8552541136741638,0.0618070624768734,0.6369097232818604,40.26806742385626,49.002468646252154
1777333249.114924,0.06807921081781387,0.7025408148765564,0.8607374429702759,0.021235624328255653,0.5963239669799805,40.2526380210042,49.316640384936335
1777333249.172638,0.06807304173707962,0.7020772695541382,0.8660264611244202,-0.021506672725081444,0.5535385012626648,40.22607882091999,49.61967891129255
1777333249.1727538,0.06802850216627121,0.7013344168663025,0.8719949722290039,-0.05357728898525238,0.6175255179405212,40.1835164818883,49.96164952983856
1777333249.1728,0.06793100386857986,0.7010577321052551,0.878429651260376,-0.07201631367206573,0.5989188551902771,40.16766360715628,50.33032961268425
1777333249.172843,0.06795134395360947,0.7000482082366943,0.8841315507888794,-0.08183365315198898,0.5891196727752686,40.10982212948799,50.65702450768948
1777333249.173676,0.06800419837236404,0.6989562511444092,0.8907096982002258,-0.09836608171463013,0.6684733033180237,40.047257574319836,51.0339247261405
1777333249.173728,0.0680246651172638,0.6979467868804932,0.8973703384399414,-0.10723603516817093,0.6596447229385376,39.98941951174736,51.4155514371872
1777333249.231552,0.06807155907154083,0.6970170736312866,0.9041107892990112,-0.10052911192178726,0.6663899421691895,39.93615084736347,51.80175096151829
1777333249.23164,0.0680006742477417,0.6961942911148071,0.9099993705749512,-0.08291374891996384,0.5880380868911743,39.88900886485577,52.13914193658829
1777333249.2316852,0.06795614212751389,0.6954514980316162,0.9159679412841797,-0.06999438256025314,0.6009407639503479,39.846449940919875,52.4811159702301
1777333249.232404,0.06798259168863297,0.6949054598808289,0.9230920672416687,-0.05697048082947731,0.7101594805717468,39.815164248239995,52.8892984662652
1777333249.232455,0.06773504614830017,0.6954441070556641,0.9303420782089233,-0.056903935968875885,0.6139991283416748,39.84602646903992,53.30469364464283
1777333249.232496,0.06762315332889557,0.6960146427154541,0.9376239776611328,-0.05355493724346161,0.617445707321167,39.878715766096114,53.72191589927673
1777333249.2897038,0.06746096909046173,0.6965286135673523,0.9448493123054504,-0.045663464814424515,0.625256359577179,39.908164137232305,54.135897227990625
1777333249.289827,0.06723963469266891,0.6971468925476074,0.952178955078125,-0.04366098344326019,0.6274433135986328,39.94358892602921,54.55585497436523
1777333249.2905412,0.0671013668179512,0.6976376175880432,0.959381103515625,-0.04448825120925903,0.6263629794120789,39.971705409801004,54.968507830810545
1777333249.290594,0.06697143614292145,0.698069155216217,0.9655652046203613,-0.0409533865749836,0.5343490839004517,39.996430703437326,55.3228308508873
1777333249.290637,0.06685362756252289,0.6981760859489441,0.9723834991455078,-0.03865145891904831,0.6322668790817261,40.00255738531351,55.71349049034119
1777333249.290678,0.06688018143177032,0.6976301074028015,0.9775901436805725,-0.05388622358441353,0.5197269320487976,39.97127510772943,56.01180935429335
1777333249.34801,0.06683579832315445,0.6968872547149658,0.9835586547851562,-0.07358608394861221,0.5994317531585693,39.928712768697736,56.353779972839355
1777333249.348743,0.06688284128904343,0.6959576606750488,0.9902992248535156,-0.09689648449420929,0.6700653433799744,39.875450934505466,56.73998632736206
1777333249.348798,0.06690973788499832,0.6947858333587646,0.9958387613296509,-0.11993461847305298,0.5494279861450195,39.808310150957105,57.05737850139141
1777333249.348842,0.06695115566253662,0.6933926939964294,1.0011570453643799,-0.14070777595043182,0.5320600271224976,39.72848911668062,57.362093839788436
1777333249.348885,0.06687454134225845,0.6927323341369629,1.008166790008545,-0.14309608936309814,0.6239364743232727,39.690653270244596,57.76372276697159
1777333249.348927,0.06683066487312317,0.6913636326789856,1.0144681930541992,-0.13889195024967194,0.6242106556892395,39.61223242524862,58.124766695594786
1777333249.4072,0.06691605597734451,0.6901891231536865,1.0200049877166748,-0.13141559064388275,0.5401908755302429,39.54493796238899,58.44200177521706
1777333249.4072902,0.06686614453792572,0.6889829039573669,1.0274276733398438,-0.1269408017396927,0.7358202934265137,39.47582666856051,58.867290486145016
1777333249.4073348,0.06689275801181793,0.6884369254112244,1.0345518589019775,-0.12933827936649323,0.6374863982200623,39.44454439097643,59.27547639727592
1777333249.407377,0.06695842742919922,0.6881701946258545,1.0429140329360962,-0.12704427540302277,0.7356491684913635,39.429261837244034,59.75459384829998
1777333249.407417,0.0668553039431572,0.6880559325218201,1.049511194229126,-0.11608007550239563,0.5548717975616455,39.4227150985837,60.13258348231316
1777333249.4081228,0.06679035723209381,0.6876966953277588,1.0577808618545532,-0.11189538985490799,0.7507363557815552,39.4021323161602,60.60640070464611
1777333249.465836,0.0668429359793663,0.68723064661026,1.064984917640686,-0.11289319396018982,0.6541393995285034,39.375429682052136,61.01916284415722
1777333249.465921,0.06677259504795074,0.6864079236984253,1.0718324184417725,-0.12471363693475723,0.6422674059867859,39.32829111464024,61.4114958805561
1777333249.4659672,0.06685894727706909,0.6857577562332153,1.0788522958755493,-0.12914904952049255,0.6376696825027466,39.29103924958706,61.8137053740263
1777333249.46601,0.06678872555494308,0.6849349737167358,1.0856996774673462,-0.13563816249370575,0.6311290264129639,39.243897267079355,62.20603158023357
1777333249.4667158,0.0667124092578888,0.6842747926712036,1.0927096605300903,-0.1345677375793457,0.6322923302650452,39.20607166593075,62.60767416779995
1777333249.466767,0.06662169843912125,0.683835506439209,1.0989817380905151,-0.1267726570367813,0.544243335723877,39.18090240983963,62.967037869286536
1777333249.524777,0.06662268191576004,0.6832093596458435,1.1050668954849243,-0.12130787968635559,0.5496774911880493,39.14502682839632,63.31569183032513
1777333249.524859,0.06667006015777588,0.6822799444198608,1.1118077039718628,-0.1266952008008957,0.6402636170387268,39.09177523949146,63.70191184523106
1777333249.524904,0.06650325655937195,0.6811804175376892,1.1174194812774658,-0.13860264420509338,0.532433032989502,39.028776967155935,64.02344311537743
1777333249.525617,0.06652508676052094,0.6801709532737732,1.1231213808059692,-0.14634062349796295,0.524611234664917,38.970938904583456,64.35013801038265
1777333249.525669,0.0665469691157341,0.679161548614502,1.1297820806503296,-0.1429877132177353,0.6238885521888733,38.91310425710678,64.73176813652515
1777333249.580641,0.066502645611763,0.6784188151359558,1.1357507705688477,-0.14084118604660034,0.5300801396369934,38.8705487482667,65.07374900035857
1777333249.5807428,0.0664534643292427,0.6772127747535706,1.1422148942947388,-0.12017204612493515,0.6466880440711975,38.80144769972563,65.4441161405325
1777333249.580789,0.06648650020360947,0.6765038967132568,1.1482174396514893,-0.07607413083314896,0.5948807001113892,38.760831965303424,65.78803677878379
1777333249.5814881,0.06638988852500916,0.6762271523475647,1.1536931991577148,-0.02249900810420513,0.5527488589286804,38.744975675475594,66.1017748003006
1777333249.58154,0.06642946600914001,0.676506519317627,1.1597251892089844,0.02698373608291149,0.602053165435791,38.76098222951889,66.44738249588012
1777333249.581581,0.0662790834903717,0.6773218512535095,1.1662931442260742,0.07735524326562881,0.6526205539703369,38.80769732505083,66.8236987329483
1777333249.6386812,0.066193588078022,0.6784965395927429,1.1722617149353027,0.12771138548851013,0.6070367097854614,38.87500203319788,67.16567276659012
1777333249.6387682,0.06611280888319016,0.680134654045105,1.1786936521530151,0.17111745476722717,0.650499701499939,38.96885911123753,67.53419575502872
1777333249.6394691,0.06589996069669724,0.683250367641449,1.1856443881988525,0.20955432951450348,0.5929511189460754,39.14737641431093,67.93244373736381
1777333249.6395252,0.06586934626102448,0.6854683756828308,1.1916974782943726,0.2236499935388565,0.6071293950080872,39.27445895944834,68.27926037685872
1777333249.6395662,0.06565013527870178,0.6875964403152466,1.1976606845855713,0.2229829728603363,0.6064528226852417,39.396388125014305,68.62092705187797
1777333249.639607,0.06549033522605896,0.6896201372146606,1.203519344329834,0.21302247047424316,0.5965210795402527,39.512337457823755,68.9566036488533
1777333249.6980538,0.06544789671897888,0.6915371417999268,1.2102302312850952,0.18884395062923431,0.6680465340614319,39.62217376914025,69.34110928566456
1777333249.698808,0.06531460583209991,0.6930148601531982,1.2165017127990723,0.1548895686864853,0.6342358589172363,39.706840824365614,69.70043883619309
1777333249.69893,0.06507179141044617,0.6940166354179382,1.2222974300384521,0.10941842943429947,0.5887587666511536,39.76423833957911,70.03250909199714
1777333249.6989791,0.06498618423938751,0.6945647597312927,1.2285981178283691,0.046625323593616486,0.6217666268348694,39.7956435606122,70.39351203947068
1777333249.699022,0.0651102289557457,0.6942957639694214,1.2350404262542725,-0.02118941769003868,0.6497289538383484,39.78023123323917,70.76262925457955
1777333249.699063,0.06504050642251968,0.6934730410575867,1.2418878078460693,-0.09121081233024597,0.6755887269973755,39.73309266582727,71.15495546078682
1777333249.753793,0.065089650452137,0.6919176578521729,1.2480026483535767,-0.15258006751537323,0.6146665215492249,39.64397574076653,71.50531013953686
1777333249.753867,0.06499724835157394,0.6899686455726624,1.2537237405776978,-0.19438688457012177,0.5725852251052856,39.53230552300215,71.83310469539165
1777333249.753911,0.06504803895950317,0.6877872943878174,1.2592124938964844,-0.23370203375816345,0.5332376956939697,39.40732326178551,72.14758720779419
1777333249.820566,0.06514015793800354,0.6821792721748352,1.2631921768188477,-0.2731371223926544,0.6852201223373413,39.08600714267492,72.37560632457733
1777333249.8206642,0.06521986424922943,0.6790320873260498,1.2686740159988403,-0.3029782176017761,0.5596869587898254,38.905686669015886,72.68969268586636
1777333249.821441,0.06529129296541214,0.6759427189826965,1.2742135524749756,-0.3225819766521454,0.5401731729507446,38.728678838288786,73.00708485989571
1777333249.821495,0.06542740762233734,0.6732125878334045,1.2810710668563843,-0.31499388813972473,0.643656849861145,38.57225378998518,73.39999163239003
1777333249.8215392,0.06549029052257538,0.6709121465682983,1.2873995304107666,-0.2888507843017578,0.5738887190818787,38.44044816734791,73.7625860145092
1777333249.82162,0.06547564268112183,0.6689971089363098,1.2941133975982666,-0.2408463954925537,0.6206381916999817,38.33072455419302,74.14726240611077
1777333249.821661,0.06559079140424728,0.6678013205528259,1.301546573638916,-0.18812786042690277,0.6759350299835205,38.262210902130604,74.57315217390061
1777333249.822152,0.06554682552814484,0.6670587658882141,1.3094327449798584,-0.1321268230676651,0.7306714057922363,38.219665638577936,75.02499666981697
1777333249.822199,0.06555317342281342,0.6668956875801086,1.3169398307800293,-0.07331067323684692,0.6912019848823547,38.21032193645239,75.4551211564064
1777333249.879443,0.06554682552814484,0.6670587658882141,1.3238143920898438,-0.021828588098287582,0.6513441205024719,38.219665638577936,75.84900464630127
1777333249.879533,0.065529964864254,0.6690564155578613,1.3325233459472656,0.029564939439296722,0.7006509304046631,38.33412257452011,76.34799112472534
1777333249.879578,0.06550692766904831,0.670065701007843,1.3392852544784546,0.07445725053548813,0.6482849717140198,38.391950391805175,76.73542008354664
1777333249.8802528,0.065529964864254,0.671191394329071,1.3452048301696777,0.10411041975021362,0.5843812227249146,38.45644789119959,77.07458690843582
1777333249.880306,0.06550071388483047,0.6723637580871582,1.3521296977996826,0.1202947348356247,0.695513904094696,38.5236194106102,77.47135273919106
1777333249.8803468,0.06545262783765793,0.673292875289917,1.358811378479004,0.11792276799678802,0.6931647062301636,38.57685392403602,77.85418497905731
1777333249.938339,0.06552811712026596,0.6739528179168701,1.3652241230010986,0.09308993071317673,0.668228805065155,38.61466586480141,78.22160830664635
1777333249.9384398,0.06551546603441238,0.6742785573005676,1.3722610473632812,0.06893516331911087,0.7399481534957886,38.63332936338186,78.62479451751709
1777333249.9391801,0.06551546603441238,0.6742785573005676,1.3789725303649902,0.04064048081636429,0.711682140827179,38.63332936338186,79.0093343052864
1777333249.939233,0.06552811712026596,0.6739528179168701,1.3853580951690674,-0.0012024318566545844,0.6699280142784119,38.61466586480141,79.37520034918785
1777333249.9392772,0.06557615846395493,0.6730236411094666,1.391140341758728,-0.09318985790014267,0.5779189467430115,38.56142793627977,79.70649879333973
1777333249.939318,0.06546308100223541,0.6714581251144409,1.397244930267334,-0.15849439799785614,0.6084717512130737,38.471730444931985,80.05626607561112
1777333249.998194,0.06551540642976761,0.6692764163017273,1.4036920070648193,-0.2331392765045166,0.6296864748001099,38.34672769314051,80.42565649838447
1777333249.998991,0.06558042764663696,0.6663496494293213,1.4093942642211914,-0.29644283652305603,0.5662163496017456,38.17903624377251,80.75237188396454
1777333249.999049,0.06563505530357361,0.6631227135658264,1.415755033493042,-0.3271884322166443,0.6313364505767822,37.99414637192488,81.11681724801063
1777333249.9990919,0.06567531079053879,0.6601155400276184,1.4232943058013916,-0.31393006443977356,0.740483283996582,37.82184795831442,81.54878588633537
1777333249.999134,0.0656639039516449,0.6575740575790405,1.4303405284881592,-0.2677881717681885,0.6909284591674805,37.67623168823719,81.95250485215188
1777333249.9991748,0.06565000116825104,0.6556589603424072,1.4380130767822266,-0.19893871247768402,0.7598077654838562,37.5665046599865,82.39210964469909
1777333250.0582342,0.06562689691781998,0.6545338034629822,1.4464755058288574,-0.11376558989286423,0.8446815013885498,37.50203789645433,82.87697128686905
1777333250.0583239,0.06572556495666504,0.6541840434074402,1.4547548294067383,-0.030721794813871384,0.832115888595581,37.48199811426401,83.3513417547226
1777333250.058367,0.06570464372634888,0.6545667052268982,1.4618487358093262,0.038329046219587326,0.709358811378479,37.50392302933931,83.757792797184
1777333250.05841,0.06554781645536423,0.6555454730987549,1.469538927078247,0.09645790606737137,0.7674157023429871,37.56000231757164,84.19840845808983
1777333250.05845,0.06553995609283447,0.656753659248352,1.4774584770202637,0.12623590230941772,0.7971650958061218,37.62922630956173,84.65216540765762
1777333250.0591512,0.06533746421337128,0.6580346822738647,1.4835333824157715,0.13166280090808868,0.6109671592712402,37.7026235486269,85.00023197221756
1777333250.117215,0.0652516633272171,0.6592098474502563,1.4904611110687256,0.12313304841518402,0.6981881856918335,37.7699555775404,85.39716172757149
1777333250.1173089,0.06517218798398972,0.660221517086029,1.498184084892273,0.09779813885688782,0.7687164545059204,37.827919998657705,85.83965569117069
1777333250.117355,0.06508899480104446,0.6607701182365417,1.505444049835205,0.05837039649486542,0.7294456362724304,37.85935254045725,86.25562119054794
1777333250.117397,0.0649656355381012,0.6610393524169922,1.5124247074127197,0.027483034878969193,0.6984960436820984,37.874778528213504,86.65558355097771
1777333250.118131,0.0649656355381012,0.6610393524169922,1.5191360712051392,-0.002206555800512433,0.6689189672470093,37.874778528213504,87.04011650855541
1777333250.177634,0.06501778215169907,0.6605736613273621,1.5263404846191406,-0.04501659795641899,0.7217506170272827,37.84809638468027,87.45289913864136
1777333250.177718,0.06498050689697266,0.65966796875,1.5331048965454102,-0.09570562839508057,0.6713048219680786,37.79620400390625,87.84047153148651
1777333250.1777642,0.06489294767379761,0.6581829786300659,1.5392900705337524,-0.15184767544269562,0.6151244640350342,37.711120306992534,88.19485602328777
1777333250.1778061,0.06477781385183334,0.6560920476913452,1.545828104019165,-0.21406598389148712,0.6485441327095032,37.59131874611378,88.56945788226128
1777333250.17852,0.06472218036651611,0.6534796953201294,1.5528032779693604,-0.2677936553955078,0.6909948587417603,37.44164192712307,88.96910605387687
1777333250.178575,0.06475649029016495,0.6505732536315918,1.558525800704956,-0.30537185072898865,0.5574322938919067,37.27511502542496,89.29698257203103
1777333250.2331588,0.06477409601211548,0.6475308537483215,1.5669887065887451,-0.30850353837013245,0.841854453086853,37.10079829019308,89.78187153496742
1777333250.233245,0.06480088829994202,0.6447878479957581,1.5738333463668823,-0.2876656949520111,0.6709550619125366,36.94363558119535,90.17404064676762
1777333250.233291,0.06470442563295364,0.6423142552375793,1.5819061994552612,-0.25798726081848145,0.7964464426040649,36.8019091052413,90.63658122274876
1777333250.234011,0.06475082039833069,0.6402328014373779,1.5903711318969727,-0.21634961664676666,0.8380841016769409,36.68265054459572,91.12158629894256
1777333250.2340622,0.06469189375638962,0.6386652588844299,1.5983912944793701,-0.16029329597949982,0.7984712719917297,36.59283693999052,91.5811079302311
1777333250.2341042,0.06474603712558746,0.6375730037689209,1.6059279441833496,-0.10653014481067657,0.756144642829895,36.53025530934334,92.01292630434037
1777333250.291906,0.0647430345416069,0.63711017370224,1.6131353378295898,-0.04388582706451416,0.7228813767433167,36.503737090408805,92.42587968921661
1777333250.291989,0.0647430345416069,0.63711017370224,1.6208053827285767,0.0019144582329317927,0.768848180770874,36.503737090408805,92.86534104773999
1777333250.292722,0.06472229957580566,0.6374923586845398,1.627898931503296,0.03187626227736473,0.7029119729995728,36.52563468471765,93.27177159962655
1777333250.292775,0.06472530961036682,0.6379551887512207,1.635073184967041,0.052614476531744,0.7236561179161072,36.55215290365219,93.68282619123458
1777333250.2928169,0.06469189375638962,0.6386652588844299,1.6424944400787354,0.06926092505455017,0.7402679920196533,36.59283693999052,94.10803293986321
1777333250.2928581,0.06465847790241241,0.6393752098083496,1.6489570140838623,0.07815735042095184,0.6521079540252686,36.63351414613724,94.47831128754616
1777333250.3478389,0.06458680331707001,0.6402229070663452,1.6555575132369995,0.08067700266838074,0.656879186630249,36.6820836386919,94.85649216692448
1777333250.348608,0.06449922174215317,0.640935480594635,1.662022590637207,0.07413064688444138,0.6493438482284546,36.72291110905409,95.22691394863129
1777333250.348661,0.06441791355609894,0.6414841413497925,1.6692826747894287,0.055529359728097916,0.7254096865653992,36.75434706594944,95.64288627820015
1777333250.348751,0.06430163979530334,0.6415897607803345,1.6751409769058228,0.01487090066075325,0.5910177826881409,36.76039861571789,95.97854238460064
1777333250.348793,0.06432242691516876,0.6412074565887451,1.6824287176132202,-0.03437233716249466,0.7323638200759888,36.73849419121742,96.39609931862354
1777333250.348833,0.06425417214632034,0.6403846144676208,1.6892759799957275,-0.08901195228099823,0.6748344898223877,36.69134879361391,96.7884186946392
1777333250.4040189,0.06440743803977966,0.6389424204826355,1.696462631225586,-0.14303898811340332,0.7233108878135681,36.60871713548899,97.20018362617493
1777333250.4041011,0.06430129706859589,0.6372135877609253,1.7033628225326538,-0.18172498047351837,0.6810204982757568,36.50966228163242,97.59553560726643
1777333250.404146,0.0642877072095871,0.6352985501289368,1.7100765705108643,-0.1979169249534607,0.6647950410842896,36.39993866847753,97.98020516867638
1777333250.435468,0.06426777690649033,0.6335476636886597,1.7179135084152222,-0.19029264152050018,0.7684358954429626,36.2996202291727,98.42922879545688
1777333250.435561,0.06416182965040207,0.6318188309669495,1.724813461303711,-0.17207208275794983,0.6906183958053589,36.200565375316145,98.82456711616516
1777333250.436331,0.06414466351270676,0.6305307745933533,1.7331130504608154,-0.139175683259964,0.8193491697311401,36.12676515494585,99.30009871659279
1777333250.436384,0.06402052193880081,0.6296465396881104,1.7398990392684937,-0.08882243931293488,0.678193986415863,36.076102208662036,99.68890737411976
1777333250.4365199,0.0639004111289978,0.6293354630470276,1.747258186340332,-0.031130272895097733,0.7356369495391846,36.058278823649886,100.1105555929184
1777333250.436573,0.0637296661734581,0.6294897794723511,1.7541238069534302,0.019346849992871284,0.6904328465461731,36.067120506691936,100.50392681844234
1777333250.494278,0.06356161087751389,0.6301067471504211,1.7614519596099854,0.06295494735240936,0.7340626120567322,36.1024701633811,100.92379918742179
1777333250.495129,0.06330164521932602,0.6319530606269836,1.7690510749816895,0.09493017941713333,0.670112133026123,36.20825617107153,101.35919658193588
1777333250.495256,0.06297504901885986,0.6330867409706116,1.7759373188018799,0.12663106620311737,0.7017436027526855,36.273211293303966,101.75374943060875
1777333250.495301,0.06254177540540695,0.6346245408058167,1.7832276821136475,0.14866651594638824,0.7239203453063965,36.36132076510191,102.17145662884712
1777333250.550726,0.062194500118494034,0.6361400485038757,1.7904956340789795,0.16822920739650726,0.7433155179023743,36.44815299106836,102.58787975106239
1777333250.550817,0.061417143791913986,0.639656126499176,1.7988057136535645,0.17569591104984283,0.6549522876739502,36.64960949267149,103.0640124083519
1777333250.551522,0.06095381826162338,0.6412769556045532,1.805220603942871,0.1768450289964676,0.6560894250869751,36.74247619292736,103.43155867938995
1777333250.551572,0.06055883318185806,0.6426768898963928,1.8123729228973389,0.16699619591236115,0.7422142624855042,36.822686548125745,103.84135651574135
1777333250.551614,0.06015297770500183,0.6436685919761658,1.8191173076629639,0.14288771152496338,0.7181247472763062,36.879506912147995,104.22778143639565
1777333250.609557,0.059720031917095184,0.6441627740859985,1.825364112854004,0.10213031619787216,0.677257239818573,36.90782147147655,104.58569713726044
1777333250.6096451,0.05925222113728523,0.6441680192947388,1.832080602645874,0.054318007081747055,0.7253250479698181,36.90812199990749,104.97052379307746
1777333250.610369,0.05887335166335106,0.6435702443122864,1.8391530513763428,0.0017657836433500051,0.7686096429824829,36.8738720040679,105.37574540104866
1777333250.6104221,0.05853778123855591,0.6425623893737793,1.8458153009414673,-0.05514608696103096,0.7117169499397278,36.81612614908219,105.75746431968211
1777333250.610469,0.05815063416957855,0.6409763693809509,1.852858304977417,-0.11012938618659973,0.7526376247406006,36.72525386477709,106.16099887032509
1777333250.6686568,0.05786174535751343,0.6390403509140015,1.860509991645813,-0.1616804152727127,0.7968564033508301,36.61432813789845,106.59940837934018
1777333250.6687381,0.05756260082125664,0.6368054151535034,1.8688212633132935,-0.19439467787742615,0.8601996898651123,36.4862757055521,107.0756093385458
1777333250.6694558,0.05717408284544945,0.6341301202774048,1.876692533493042,-0.22959302365779877,0.8249317407608032,36.33299254539013,107.52660006051063
1777333250.66951,0.05684523284435272,0.6312888860702515,1.8843977451324463,-0.27005183696746826,0.784540057182312,36.170201758503914,107.96807632555962
1777333250.6695528,0.05663122236728668,0.6283426284790039,1.8939154148101807,-0.2951263189315796,0.9508614540100098,36.00139357280731,108.51339882388115
1777333250.6695948,0.05630090460181236,0.6255015730857849,1.901620626449585,-0.30316004157066345,0.7513144016265869,35.83861303120852,108.95487508893012
1777333250.7249768,0.05607164651155472,0.6227730512619019,1.9103974103927612,-0.29244813323020935,0.8577888011932373,35.682280190491674,109.45774794638157
1777333250.725705,0.055927399545907974,0.6200225949287415,1.9181935787200928,-0.289883553981781,0.7646937966346741,35.524690594518184,109.90443564763069
1777333250.7257578,0.05570674315094948,0.6177039742469788,1.9264211654663086,-0.2715931236743927,0.78277587890625,35.391843367660044,110.37584181232452
1777333250.725801,0.05555754154920578,0.6155809760093689,1.9338858127593994,-0.2476826310157776,0.7108422517776489,35.2702044852376,110.8035347507
1777333250.725842,0.05536511540412903,0.6137583255767822,1.9416508674621582,-0.18540015816688538,0.7732685804367065,35.1657742705822,111.24843977193832
1777333250.7258828,0.05511707440018654,0.6125648021697998,1.9490864276885986,-0.16863694787025452,0.6940988302230835,35.09739039216041,111.67446614356041
1777333250.784322,0.05472049117088318,0.6116078495979309,1.9567584991455078,-0.1522461622953415,0.71052086353302,35.04256102899313,112.11404361534119
1777333250.784415,0.05441702902317047,0.6110436320304871,1.9657816886901855,-0.12902744114398956,0.829617440700531,35.01023373209238,112.63103447885513
1777333250.784461,0.054263632744550705,0.6101269125938416,1.973494052886963,-0.09695702791213989,0.7658650279045105,34.957709558594225,113.07292055540084
1777333250.7845051,0.0543910451233387,0.6096928715705872,1.9816887378692627,-0.05207480117678642,0.8106587529182434,34.93284083093405,113.5424415872097
1777333250.784547,0.0543910451233387,0.6096928715705872,1.989358901977539,0.00289301504381001,0.7697944045066833,34.93284083093405,113.98190977592468
1777333250.785235,0.05437842011451721,0.6100220680236816,1.998317003250122,0.038895074278116226,0.9014776945114136,34.95170240507126,114.49517135481834
1777333250.843244,0.05424094572663307,0.6111352443695068,2.008059024810791,0.07225753366947174,0.9351323843002319,35.01548273434639,115.05334827375412
1777333250.843329,0.05428134649991989,0.6120409369468689,2.016634941101074,0.0973944365978241,0.8642071485519409,35.06737511512041,115.54471225833893
1777333250.8433752,0.05425247177481651,0.6132138967514038,2.0254781246185303,0.11035863310098648,0.8752262592315674,35.134580785489085,116.05138953251839
1777333250.8434181,0.0543157123029232,0.6142008304595947,2.034135103225708,0.11245784163475037,0.8814232349395752,35.191127941846844,116.54739804739953
1777333250.8441422,0.054191555827856064,0.6150973439216614,2.0427019596099854,0.08750011771917343,0.8545284271240234,35.24249439786673,117.0382429374218
1777333250.844193,0.05425781384110451,0.6154569983482361,2.0526492595672607,0.04455071687698364,1.001234531402588,35.26310108596086,117.60818144631386
1777333250.9026291,0.05425781384110451,0.6154569983482361,2.062236785888672,-0.0036252769641578197,0.9568080902099609,35.26310108596086,118.15750643692017
1777333250.902714,0.05430647358298302,0.6149923801422119,2.070401191711426,-0.05312554910778999,0.809555172920227,35.23648041415215,118.62529260005951
1777333250.90276,0.0543934628367424,0.6136528849601746,2.0786492824554443,-0.1385274976491928,0.8179653286933899,35.15973296610117,119.09787355771064
1777333250.90348,0.05453508347272873,0.6116841435432434,2.0872271060943604,-0.1997273862361908,0.857042670249939,35.04693235162497,119.58934682536125
1777333250.903578,0.05468633770942688,0.6090360283851624,2.095125198364258,-0.26409003138542175,0.7904371023178101,34.89520647515059,120.04187434043884
1777333250.9036212,0.05468503385782242,0.6060494184494019,2.104602813720703,-0.2990245223045349,0.9469751715660095,34.724086269593236,120.58490189437866
1777333250.9601731,0.05468333885073662,0.6030629277229309,2.1121625900268555,-0.311223566532135,0.7433299422264099,34.5529728942275,121.01804532566071
1777333250.9602602,0.05460217967629433,0.6000461578369141,2.121609687805176,-0.30337512493133545,0.9428738355636597,34.38012465019226,121.5593243505478
1777333250.9610062,0.05452965199947357,0.5973268747329712,2.133272171020508,-0.2870951294898987,1.1507699489593506,34.22432114932537,122.2275356563568
1777333250.9610581,0.05429862439632416,0.5946634411811829,2.144031286239624,-0.2661532461643219,1.0760859251022339,34.07171759322882,122.84398777012825
1777333250.9611,0.054149482399225235,0.5924922227859497,2.155282974243164,-0.23135676980018616,1.110927939414978,33.947315898299216,123.48866223564148
1777333250.961141,0.05382867529988289,0.5904770493507385,2.1647729873657227,-0.20181751251220703,0.9486663341522217,33.83185492419005,124.03240012950897
1777333251.016,0.0536087267100811,0.588573157787323,2.175333023071289,-0.19869890809059143,1.0473201274871826,33.7227699339509,124.63744582328796
1777333251.016768,0.053287405520677567,0.5865582823753357,2.1848232746124268,-0.20655424892902374,0.9438146948814392,33.60732603532076,125.18119737753868
1777333251.016822,0.052993688732385635,0.5844598412513733,2.194230079650879,-0.2142593115568161,0.936006486415863,33.48709417237043,125.72016779766082
1777333251.016865,0.05278555676341057,0.5823408961296082,2.203616142272949,-0.21967032551765442,0.930899977684021,33.365687516462806,126.25794976444244
1777333251.016906,0.05261092633008957,0.5799731612205505,2.2127537727355957,-0.24293790757656097,0.9075123071670532,33.23002625066042,126.78149761190414
1777333251.071734,0.05246938019990921,0.5773563385009766,2.22164249420166,-0.2693013846874237,0.8811488151550293,33.080093299484254,127.29078401927949
1777333251.072473,0.05241305008530617,0.5747191905975342,2.2305102348327637,-0.2747352421283722,0.8755067586898804,32.9289958006382,127.79886831293106
1777333251.072528,0.05226363614201546,0.5722677707672119,2.240522861480713,-0.2572329044342041,0.9889729022979736,32.78853974032402,128.37254976682664
1777333251.07257,0.05224576219916344,0.5700745582580566,2.2498347759246826,-0.2198566347360611,0.9305242300033569,32.662877875041964,128.90608335442542
1777333251.072612,0.05214371159672737,0.5683631300926208,2.260587453842163,-0.17415398359298706,1.072188377380371,32.56482022916079,129.5221666378498
1777333251.072653,0.05224131792783737,0.5672698020935059,2.270998954772949,-0.11831678450107574,1.0319827795028687,32.50217712678909,130.11870191287994
1777333251.130168,0.052341122180223465,0.5666380524635315,2.281872510910034,-0.06778286397457123,1.082614779472351,32.465980526340005,130.74171101059915
1777333251.130264,0.05250842869281769,0.5663662552833557,2.2911884784698486,-0.02502395026385784,0.9335247874259949,32.45040768946409,131.27547682471274
1777333251.1303098,0.05255647376179695,0.5663639903068542,2.3017327785491943,-0.007437890395522118,1.0468759536743164,32.450277915823456,131.87962093319894
1777333251.130353,0.05277036875486374,0.5663703083992004,2.3122854232788086,-0.010684890672564507,1.043816089630127,32.45063991597891,132.48424315509797
1777333251.130395,0.05293756350874901,0.5660983920097351,2.321601152420044,-0.025756850838661194,0.932792067527771,32.435060248911384,133.01799530882835
1777333251.1311529,0.053228504955768585,0.5656715631484985,2.3307619094848633,-0.04430345073342323,0.9141736030578613,32.41060474784374,133.54286821346284
1777333251.1891599,0.05347269028425217,0.5649664402008057,2.3406033515930176,-0.07275888323783875,0.981713056564331,32.37020416445732,134.10674151220323
1777333251.189253,0.053875233978033066,0.5636933445930481,2.349876880645752,-0.12867379188537598,0.9258390665054321,32.29726113313436,134.6380757781029
1777333251.189297,0.054247453808784485,0.5619252920150757,2.3596138954162598,-0.17770858108997345,0.9725740551948547,32.19595914623737,135.19596582899095
1777333251.189339,0.05465281382203102,0.5600248575210571,2.3692188262939453,-0.20286373794078827,0.9476034045219421,32.087072231554984,135.74628802757263
1777333251.190079,0.05493004992604256,0.5579807162284851,2.3786797523498535,-0.20812779664993286,0.9422817826271057,31.969951520884038,136.28835935468675
1777333251.190131,0.05531425029039383,0.5559985637664795,2.390120267868042,-0.21004465222358704,1.1321825981140137,31.856382509851457,136.94385284371376
1777333251.248411,0.05559128522872925,0.5539542436599731,2.4005401134490967,-0.20129956305027008,1.044743299484253,31.73925155389309,137.54086623215676
1777333251.248505,0.05579645186662674,0.5521768927574158,2.411226511001587,-0.18612246215343475,1.060196042060852,31.637416812050343,138.15315192904472
1777333251.248551,0.05594298243522644,0.5507343411445618,2.422248125076294,-0.1542656421661377,1.0920144319534302,31.554764663350582,138.78464412474634
1777333251.249352,0.056023500859737396,0.5493928790092468,2.433370351791382,-0.13351422548294067,1.1126797199249268,31.477904517138004,139.42190100216865
1777333251.249405,0.056077685207128525,0.5481357574462891,2.4436185359954834,-0.13031888008117676,1.0198607444763184,31.405876731491087,140.00907891469
1777333251.249483,0.056205831468105316,0.5470725297927856,2.453101634979248,-0.12034843862056732,0.9334794282913208,31.34495825250149,140.552420657444
1777333251.3051782,0.05608786642551422,0.5459731817245483,2.4625489711761475,-0.11506617814302444,0.9399596452713013,31.281970225453378,141.0937133427143
1777333251.305265,0.05580103397369385,0.5429158210754395,2.470996856689453,-0.1370289921760559,1.0132536888122559,31.106796301174164,141.57774170150756
1777333251.305994,0.05574454739689827,0.5408540964126587,2.4794816970825195,-0.1721194088459015,0.8822208642959595,30.98866813724041,142.06388741970062
1777333251.3640661,0.05553366243839264,0.538571298122406,2.4896626472473145,-0.21495147049427032,1.0312855243682861,30.85787338296175,142.64721310415268
1777333251.3641548,0.05542228743433952,0.5363979339599609,2.4989943504333496,-0.2348921000957489,0.9154767990112305,30.73334874458313,143.1818805035591
1777333251.3642082,0.05519242584705353,0.5344944000244141,2.5095551013946533,-0.22523564100265503,1.0195317268371582,30.624284244918822,143.78696717848777
1777333251.364251,0.054989416152238846,0.5329669713973999,2.5214500427246094,-0.19907788932323456,1.1446491479873657,30.536768999791146,144.46849735794066
1777333251.365016,0.05482325702905655,0.5320508480072021,2.5329980850219727,-0.15318253636360168,1.0931909084320068,30.48427897725105,145.13015167980194
1777333251.365068,0.05474521964788437,0.5315766334533691,2.5440289974212646,-0.10217484831809998,1.0456976890563965,30.45710847501755,145.7621766304493
1777333251.424899,0.054668888449668884,0.5315630435943604,2.55552077293396,-0.04548192769289017,1.1071293354034424,30.45632983317375,146.4206071018696
1777333251.425,0.0545416958630085,0.5317188501358032,2.5652642250061035,0.0006200193893164396,0.9593247175216675,30.465256893610952,146.9788659831047
1777333251.425046,0.05458884313702583,0.5321767926216125,2.5762686729431152,0.02260022610425949,1.0749534368515015,30.49149507468939,147.60937463121414
1777333251.4257941,0.05472830310463905,0.53244948387146,2.5861289501190186,0.03344390168786049,0.9937570691108704,30.507119138002395,148.17432710022925
1777333251.425846,0.054762277752161026,0.53277987241745,2.5960469245910645,0.03920966759324074,0.9976508021354675,30.52604901405573,148.7425853819847
1777333251.425888,0.05488204210996628,0.5329706072807312,2.605825424194336,0.033052362501621246,0.9906080365180969,30.53697732063532,149.30285233955382
1777333251.482854,0.05516629293560982,0.5327087640762329,2.6151514053344727,0.015698140487074852,0.9753142595291138,30.521974804759026,149.8371918897629
1777333251.48295,0.05543246120214462,0.5319176912307739,2.624906539916992,-0.02997017279267311,1.0245426893234253,30.476649653220175,150.396120129776
1777333251.483779,0.055731382220983505,0.5306954979896545,2.634230613708496,-0.07580099254846573,0.9785561561584473,30.40662311371565,150.93035039691924
1777333251.483831,0.05604244023561478,0.5292611718177795,2.644301652908325,-0.12022769451141357,1.0301076173782349,30.324442248237133,151.50737864470483
1777333251.483874,0.05636482685804367,0.5274935960769653,2.654998302459717,-0.15494877099990845,1.0913622379302979,30.22316758210659,152.12025173807143
1777333251.483916,0.056657418608665466,0.5255298614501953,2.666456937789917,-0.206739604473114,1.1352407932281494,30.1106538356781,152.77678341622354
1777333251.540522,0.05693037062883377,0.5234840512275696,2.6778340339660645,-0.20657169818878174,1.135657787322998,29.993437502324582,153.42864324331285
1777333251.541321,0.05719762295484543,0.5216050148010254,2.689378023147583,-0.19704514741897583,1.1452178955078125,29.88577660703659,154.0900653386593
1777333251.5413811,0.05732274428009987,0.5196329355239868,2.7008280754089355,-0.19191500544548035,1.149941086769104,29.772784747195242,154.74610524301528
1777333251.541425,0.0573304146528244,0.5179309248924255,2.7125489711761475,-0.18209461867809296,1.1599433422088623,29.675266686451437,155.41766334271432
1777333251.541467,0.05752415210008621,0.5163188576698303,2.7234010696411133,-0.16816338896751404,1.078202724456787,29.582902005279063,156.0394430059433
1777333251.5415082,0.05763084068894386,0.514724850654602,2.7333121299743652,-0.1658376306295395,0.9844738245010376,29.491572098135947,156.60730513658524
1777333251.601102,0.05758221447467804,0.5129116177558899,2.743004083633423,-0.1824357658624649,0.968105673789978,29.387681468617917,157.16261337504386
1777333251.6011908,0.05761894956231117,0.5109574198722839,2.753514051437378,-0.20100247859954834,1.0449661016464233,29.275714137518406,157.76479038834572
1777333251.601241,0.057475779205560684,0.5088694095611572,2.763889789581299,-0.21187005937099457,1.0342614650726318,29.156079916334154,158.35927660589218
1777333251.601283,0.05740722268819809,0.506974458694458,2.7754178047180176,-0.1996603161096573,1.1426362991333008,29.04750719046593,159.0197834555626
1777333251.636422,0.0572030283510685,0.5052676200866699,2.7871336936950684,-0.17116200923919678,1.1708422899246216,28.949712506961824,159.6910546872139
1777333251.637187,0.05702432617545128,0.5039352774620056,2.798265218734741,-0.14143702387809753,1.104663372039795,28.87337487040758,160.32884431958198
1777333251.6372402,0.05681038275361061,0.5030224919319153,2.8107750415802,-0.09559947997331619,1.246471881866455,28.82107609323263,161.04560462737084
1777333251.637283,0.05652270093560219,0.5023767948150635,2.8225934505462646,-0.06304464489221573,1.1831419467926025,28.784080360364914,161.72274982380867
1777333251.637324,0.05620532110333443,0.5019834637641907,2.8337056636810303,-0.03836386278271675,1.1119953393936157,28.761544143140316,162.35943296513557
1777333251.637365,0.05596975237131119,0.5020753145217896,2.846261501312256,-0.018691591918468475,1.2275335788726807,28.76680680577755,163.07882972688674
1777333251.6378539,0.05565916374325752,0.5019745230674744,2.857665777206421,-0.010972974821925163,1.1392520666122437,28.761031878769398,163.73224683766364
1777333251.6959438,0.055343147367239,0.5020410418510437,2.866361141204834,-0.005690902471542358,0.8571935892105103,28.76484312568903,164.23045467424393
1777333251.696032,0.05514347925782204,0.5018376708030701,2.8786215782165527,-0.015524804592132568,1.2308247089385986,28.753190818798544,164.93292622117997
1777333251.696077,0.054949063807725906,0.5014670491218567,2.8887972831726074,-0.04403453320264816,1.0105574131011963,28.731955753076075,165.51595137720108
1777333251.69612,0.05496307462453842,0.5006416440010071,2.897559881210327,-0.08214014768600464,0.8765163421630859,28.6846635063529,166.01801144185066
1777333251.754934,0.05479082837700844,0.49972641468048096,2.9091086387634277,-0.09865546971559525,1.147600769996643,28.6322247102499,166.6797067448616
1777333251.755147,0.054791100323200226,0.49865156412124634,2.9204976558685303,-0.10516168922185898,1.1409313678741455,28.570640287578104,167.33224959111215
1777333251.7552,0.054901864379644394,0.4974741041660309,2.931784152984619,-0.12054341286420822,1.1257128715515137,28.50317677747607,167.97891847257614
1777333251.755244,0.054925501346588135,0.496314138174057,2.944046974182129,-0.12705916166305542,1.2149019241333008,28.436715597993135,168.6815266233444
1777333251.755285,0.0549488291144371,0.49515414237976074,2.955350875854492,-0.12029155343770981,1.1257776021957397,28.370252710962294,169.32919271278382
1777333251.756026,0.055035024881362915,0.4940618574619293,2.9667224884033203,-0.11892577260732651,1.127081274986267,28.30766937276721,169.98073835105896
1777333251.814613,0.05520697683095932,0.4928271174430847,2.9789106845855713,-0.1199016198515892,1.2219924926757812,28.236923955595493,170.67907080187797
1777333251.814701,0.0553499311208725,0.49184510111808777,2.9903924465179443,-0.12421297281980515,1.1217628717422485,28.180658544641734,171.33692753720283
1777333251.8147461,0.05559179186820984,0.49097004532814026,3.001981735229492,-0.10959102213382721,1.1366817951202393,28.13052152311206,172.00094510536195
1777333251.814789,0.05600113794207573,0.49010252952575684,3.01166033744812,-0.09775657951831818,0.9568378329277039,28.08081651120186,172.55548836236
1777333251.81554,0.05642187222838402,0.489025354385376,3.0230469703674316,-0.1021195650100708,1.1438251733779907,28.019098899793626,173.2078946047783
1777333251.815733,0.05683623254299164,0.487990140914917,3.033517360687256,-0.11499975621700287,1.035531759262085,27.959785515832902,173.80780399446488
1777333251.874152,0.057319387793540955,0.4868554472923279,3.044846773147583,-0.11606402695178986,1.1300289630889893,27.89477233697176,174.4569317449093
1777333251.8742442,0.057723261415958405,0.4861551821231842,3.0556514263153076,-0.10729201883077621,1.0428805351257324,27.85465008389354,175.0759929918766
1777333251.87429,0.05810900405049324,0.4853726923465729,3.0663743019104004,-0.07885291427373886,1.07145357131958,27.80981670615077,175.69036872739792
1777333251.875009,0.058507662266492844,0.48483994603157043,3.078305244445801,-0.053856585174798965,1.1921192407608032,27.779292579835655,176.3739616247177
1777333251.875062,0.05884827300906181,0.4846875071525574,3.089658260345459,-0.0130208320915699,1.1345891952514648,27.770558472311496,177.02444175310134
1777333251.933533,0.059114664793014526,0.4848017692565918,3.1003189086914062,0.019728099927306175,1.0767245292663574,27.777105210971833,177.63525212860108
1777333251.9336178,0.059370845556259155,0.48525139689445496,3.1113150119781494,0.0434052012860775,1.0978915691375732,27.80286698618531,178.26528266329765
1777333251.9336672,0.05955797806382179,0.485800176858902,3.1224100589752197,0.05339129641652107,1.105434536933899,27.834309773272278,178.90098225703238
1777333251.934447,0.05971033498644829,0.4863106608390808,3.133466958999634,0.04890700802206993,1.1057710647583008,27.863558361303806,179.5344961894512
1777333251.934498,0.059734974056482315,0.4866841733455658,3.143428087234497,0.037846386432647705,0.9965749382972717,27.884959059172868,180.1052270005703
1777333251.934541,0.05982860550284386,0.4869585633277893,3.1542489528656006,0.02784935012459755,1.0781090259552002,27.90068045271635,180.72521715359687
1777333251.9918761,0.05984678864479065,0.4870406687259674,3.163918972015381,0.012515919283032417,0.9748288989067078,27.905384747189284,181.27926863679886
1777333251.991967,0.05988825485110283,0.4870372414588928,3.174461841583252,-0.009538715705275536,1.0450003147125244,27.90518837918043,181.8833307829857
1777333251.992682,0.06002693995833397,0.48668140172958374,3.1836936473846436,-0.03687127307057381,0.9217855334281921,27.884800257217883,182.41227448182107
1777333251.992734,0.06002550572156906,0.4862223267555237,3.1937808990478516,-0.053126681596040726,1.0012279748916626,27.858497189319134,182.9902316356659
1777333251.992778,0.06016916036605835,0.4856988787651062,3.2047629356384277,-0.05545147880911827,1.094941258430481,27.82850581794977,183.61945620775222
1777333251.992821,0.06020905822515488,0.48523634672164917,3.2148468494415283,-0.04693201556801796,1.0075544118881226,27.802004674494267,184.19722211623193
1777333252.046943,0.06011580303311348,0.48480451107025146,3.2268786430358887,-0.04157378524541855,1.2045890092849731,27.777262305378915,184.88659335565566
1777333252.047717,0.060063377022743225,0.484526664018631,3.2381062507629395,-0.025301093235611916,1.1250628232955933,27.761342836278676,185.52988812246323
1777333252.0477738,0.059936925768852234,0.4845156669616699,3.2486414909362793,-0.0034862628672271967,1.0509235858917236,27.760712751102446,186.13351313638688
1777333252.047817,0.05982359126210213,0.4847545027732849,3.260385751724243,0.02038975991308689,1.1709263324737549,27.774397039997577,186.8064099536419
1777333252.047858,0.059657517820596695,0.48520606756210327,3.271383762359619,0.03899723291397095,1.093299150466919,27.800269805824758,187.43654977140426
1777333252.0478988,0.05933429300785065,0.48603618144989014,3.281801700592041,0.03985149785876274,0.9984602332115173,27.847831845116616,188.03345387678146
1777333252.104606,0.05913425236940384,0.4862923324108124,3.2926039695739746,0.03543855994939804,1.0900065898895264,27.862508219343425,188.65237851991654
1777333252.104693,0.058858513832092285,0.48635628819465637,3.3032143115997314,0.027573104947805405,1.0822176933288574,27.86617261714339,189.26030655455588
1777333252.104738,0.058598894625902176,0.48604336380958557,3.3124892711639404,0.009091242216527462,0.9676520824432373,27.848243364161252,189.7917227827549
1777333252.10478,0.05823870003223419,0.4854980409145355,3.3224902153015137,-0.028247933834791183,1.0261329412460327,27.816998652631046,190.36473487787248
1777333252.104825,0.05808033049106598,0.48466527462005615,3.333162784576416,-0.05981217324733734,1.090585470199585,27.769284641575812,190.9762282725334
1777333252.105512,0.0576716773211956,0.48367494344711304,3.342719078063965,-0.08273940533399582,0.9715335965156555,27.7125428247571,191.52376375293733
1777333252.1635861,0.05740280821919441,0.48294496536254883,3.353494167327881,-0.09587787091732025,1.0543471574783325,27.670718146419524,192.14113111238478
1777333252.163678,0.05714710056781769,0.482464998960495,3.365478038787842,-0.08249657601118088,1.1637285947799683,27.64321808744073,192.8277566147804
1777333252.163724,0.05677657946944237,0.48225557804107666,3.375814914703369,-0.05432095006108284,1.0000864267349243,27.63121914832592,193.4200161898613
1777333252.163767,0.0564086027443409,0.4825051724910736,3.3875696659088135,-0.01498555950820446,1.1353259086608887,27.645519862014055,194.0935140639782
1777333252.164478,0.05600840598344803,0.4831758439540863,3.398787021636963,0.027680378407239914,1.0821115970611572,27.683946520024538,194.7362214343071
1777333252.22368,0.0556662492454052,0.48395615816116333,3.41011381149292,0.06275808811187744,1.1173763275146484,27.728655246770384,195.38519892053603
1777333252.2237709,0.05533178895711899,0.4850280284881592,3.4207732677459717,0.09028603136539459,1.048846960067749,27.790068914651872,195.99594099411965
1777333252.223816,0.05507976934313774,0.4862503111362457,3.4315834045410156,0.1057298481464386,1.0644104480743408,27.860100576800107,196.61531642990113
1777333252.2238588,0.0547865591943264,0.48747575283050537,3.4414377212524414,0.1221768707036972,0.9849126935005188,27.93031323902607,197.17992738933563
1777333252.224596,0.054558172821998596,0.48861268162727356,3.452162027359009,0.12654712796211243,1.0852519273757935,27.99545448397994,197.7943850871563
1777333252.2246468,0.054426174610853195,0.4893970191478729,3.4625344276428223,0.11552175134420395,1.074082374572754,28.0403937296927,198.38868005933762
1777333252.28278,0.054390422999858856,0.4898287057876587,3.47159481048584,0.08384417742490768,0.9465346336364746,28.065127561068536,198.9078019426346
1777333252.282857,0.05459973216056824,0.48983246088027954,3.482144832611084,0.043393053114414215,1.0977238416671753,28.06534271210432,199.51227390031815
1777333252.282903,0.05477914214134216,0.48947346210479736,3.492332935333252,-0.03967316821217537,1.014755368232727,28.04477359006405,200.09600939626694
1777333252.283614,0.054868072271347046,0.48867276310920715,3.5030367374420166,-0.07439162582159042,1.075843334197998,27.998896900552513,200.7092923011303
1777333252.283664,0.055124446749687195,0.48787879943847656,3.514707326889038,-0.08856548368930817,1.1578868627548218,27.953406116867065,201.37796805996894
1777333252.283707,0.055472031235694885,0.48689961433410645,3.5261917114257812,-0.09808976948261261,1.1482048034667969,27.897302922964094,202.03597505950927
1777333252.3394,0.05590023472905159,0.4859446585178375,3.5386598110198975,-0.09955090284347534,1.2424101829528809,27.842587965506315,202.75034480023385
1777333252.339486,0.05641074851155281,0.48513975739479065,3.5493600368499756,-0.08180017024278641,1.068655014038086,27.796470511740445,203.36342279934883
1777333252.3402061,0.05707835406064987,0.4845508337020874,3.561234951019287,-0.05867527052760124,1.18751859664917,27.76272765762806,204.04380550661088
1777333252.3402581,0.05768353119492531,0.4840197265148163,3.5731678009033203,-0.05448680743575096,1.1916062831878662,27.73229744644761,204.72750768699646
1777333252.3403,0.05836939439177513,0.4835125803947449,3.5841658115386963,-0.04914860427379608,1.1012778282165527,27.703240103781223,205.35764750475883
1777333252.340341,0.05920020118355751,0.48309773206710815,3.594297409057617,-0.04227527603507042,1.0120266675949097,27.679471036970615,205.93814548988342
1777333252.397783,0.06003100052475929,0.4826827943325043,3.604429006576538,-0.04202423617243767,1.012512445449829,27.6556968475163,206.51864347500802
1777333252.398514,0.060826536267995834,0.48207220435142517,3.615323781967163,-0.06416890770196915,1.086223840713501,27.620712606078385,207.14286834683418
1777333252.398567,0.06157103180885315,0.48104768991470337,3.624845266342163,-0.1008855402469635,0.9516326189041138,27.56201223181486,207.6884094112873
1777333252.3986099,0.062494222074747086,0.47982078790664673,3.636082649230957,-0.13237325847148895,1.1162402629852295,27.49171589974165,208.33226425380707
1777333252.398651,0.06343343108892441,0.4785492420196533,3.6472747325897217,-0.1333218216896057,1.1130039691925049,27.418861660909652,208.97352362351418
1777333252.3986921,0.06435254216194153,0.477490097284317,3.6596388816833496,-0.10777919739484787,1.2308933734893799,27.35817711598277,209.68193743715287
1777333252.457501,0.06515102833509445,0.4767429530620575,3.672314167022705,-0.07063619792461395,1.2752128839492798,27.315368890053033,210.4081780508995
1777333252.457588,0.06603991240262985,0.4764373302459717,3.6844725608825684,-0.03326752036809921,1.2128567695617676,27.297857986307143,211.10480295381547
1777333252.457634,0.06671185791492462,0.4764649271965027,3.6969642639160156,-0.008240822702646255,1.2318394184112549,27.299439175665377,211.82052507247926
1777333252.457676,0.06742442399263382,0.47648829221725464,3.709451675415039,0.01049642451107502,1.262503743171692,27.30077789322138,212.536001304245
1777333252.457717,0.06811465322971344,0.4765978753566742,3.7210659980773926,0.01350813452154398,1.1636806726455688,27.307056546860935,213.20145321264266
1777333252.458456,0.06869915872812271,0.4766427278518677,3.732616424560547,0.009143120609223843,1.1596746444702148,27.30962640645504,213.86324413833617
1777333252.517177,0.06906168907880783,0.4764025807380676,3.742922782897949,-0.01384034100919962,1.0404616594314575,27.295866985452175,214.45375518436433
1777333252.517257,0.06941736489534378,0.475871741771698,3.753896951675415,-0.0564594604074955,1.0937706232070923,27.265452142202854,215.08252896380424
1777333252.517301,0.06953297555446625,0.47497424483299255,3.7635462284088135,-0.09839518368244171,0.9559808373451233,27.214029337102176,215.6353919936657
1777333252.517343,0.06958062946796417,0.473548948764801,3.775543451309204,-0.13757595419883728,1.2043373584747314,27.132365858638288,216.32278247752188
1777333252.51806,0.06952262669801712,0.4720586836338043,3.7865171432495117,-0.1585484743118286,1.0874273777008057,27.046979925745724,216.95152893619536
1777333252.51811,0.06947606801986694,0.47035980224609375,3.798240900039673,-0.1784588247537613,1.163344383239746,26.949641157531737,217.6232509604931
1777333252.573565,0.06911532580852509,0.46856075525283813,3.8117823600769043,-0.1820400357246399,1.351518154144287,26.846563320815562,218.39911974649428
1777333252.573715,0.0688527524471283,0.46686726808547974,3.824470281600952,-0.17228515446186066,1.2653883695602417,26.74953361877203,219.12608436055183
1777333252.573761,0.06839564442634583,0.46542125940322876,3.836446762084961,-0.1515880525112152,1.1904594898223877,26.666683394515513,219.81228639106752
1777333252.574527,0.06795186549425125,0.4642254114151001,3.849632740020752,-0.1213010847568512,1.316755771636963,26.59816632735729,220.567787545681
1777333252.574624,0.06730664521455765,0.46331727504730225,3.8602294921875,-0.10277777165174484,1.0476775169372559,26.54613392765522,221.17493693847655
1777333252.631256,0.0665806457400322,0.46238598227500916,3.871762275695801,-0.08431562781333923,1.1618709564208984,26.492774763232468,221.83571699581145
1777333252.631333,0.06611277908086777,0.4619032144546509,3.8818259239196777,-0.06905709207057953,0.9855347871780396,26.465114194750786,222.41232177171707
1777333252.631377,0.06550236791372299,0.46115949749946594,3.892587184906006,-0.07356943190097809,1.076631784439087,26.4225023368299,223.02889682893752
1777333252.632072,0.06477584689855576,0.46022874116897583,3.902203321456909,-0.08651325851678848,0.9678627252578735,26.369173908269406,223.57986106553076
1777333252.632122,0.06414749473333359,0.45940345525741577,3.913841724395752,-0.09104714542627335,1.154967188835144,26.32188849173784,224.2466926726341
1777333252.632163,0.06353652477264404,0.4586603343486786,3.9246041774749756,-0.07700591534376144,1.073209524154663,26.279310784775017,224.8633360317707
1777333252.690219,0.06306791305541992,0.45817846059799194,3.9365861415863037,-0.048657942563295364,1.1975672245025635,26.251701442730425,225.54985225110053
1777333252.6903071,0.0626060962677002,0.4579864740371704,3.947899341583252,-0.01632213220000267,1.1339317560195923,26.240701419138908,226.19805109548568
1777333252.691055,0.06224100664258003,0.458196759223938,3.9596147537231445,0.016630684956908226,1.1667983531951904,26.252749877142907,226.86929500637055
1777333252.691106,0.06194642186164856,0.45863786339759827,3.9715609550476074,0.0405152402818203,1.1906828880310059,26.278023293656112,227.5537621682167
1777333252.691149,0.06154944375157356,0.45914211869239807,3.9835705757141113,0.04973074421286583,1.1999510526657104,26.306915004175902,228.2418629920006
1777333252.691189,0.06148924678564072,0.45965930819511414,3.9955928325653076,0.050008270889520645,1.2003483772277832,26.33654779048562,228.93068781609534
1777333252.7491999,0.06147078424692154,0.46020352840423584,4.006683349609375,0.05172999948263168,1.1060320138931274,26.367729322743415,229.56612786254883
1777333252.749963,0.061561331152915955,0.46064504981040955,4.017671585083008,0.0475749634206295,1.102243423461914,26.393026644927264,230.195707604599
1777333252.750016,0.06146600842475891,0.4609980285167694,4.027612209320068,0.03917798399925232,0.9978827238082886,26.413250842291117,230.76526362276078
1777333252.75006,0.0616125650703907,0.4610905647277832,4.038250923156738,0.00975416973233223,1.0643987655639648,26.41855277853012,231.37481724300383
1777333252.750101,0.06189383938908577,0.46082618832588196,4.049491882324219,-0.017637554556131363,1.1326738595962524,26.403405121082066,232.01887699127198
1777333252.750143,0.0620877780020237,0.4605782926082611,4.05979061126709,-0.036485228687524796,1.018027663230896,26.389201737624408,232.60895090503692
1777333252.80593,0.06237306445837021,0.46014565229415894,4.070863246917725,-0.04082123562693596,1.1095715761184692,26.364413264715672,233.24336642274858
1777333252.8060212,0.06269755959510803,0.45970892906188965,4.0819315910339355,-0.04518693685531616,1.1050381660461426,26.339390857744217,233.87753605356215
1777333252.806066,0.06298278272151947,0.4592762589454651,4.093962669372559,-0.04558870568871498,1.2003871202468872,26.31460067728758,234.56686631183624
1777333252.8374999,0.06322620064020157,0.45881643891334534,4.1059675216674805,-0.04153776168823242,1.2045718431472778,26.28825492069125,235.25469392795563
1777333252.837574,0.06343759596347809,0.45865049958229065,4.118265151977539,-0.027361614629626274,1.2185903787612915,26.278747293967008,235.95929649467467
1777333252.8383381,0.06404624879360199,0.4584069550037384,4.1295270919799805,-0.01636550948023796,1.133912205696106,26.264793212503196,236.60455835666656
1777333252.838393,0.06417666375637054,0.458217978477478,4.141801834106445,-0.013227831572294235,1.2327169179916382,26.253965651249885,237.30784952659607
1777333252.838434,0.06449687480926514,0.45794913172721863,4.153038024902344,-0.018338587135076523,1.1320829391479492,26.238561861616372,237.9516360671997
1777333252.838475,0.06467296183109283,0.45761895179748535,4.164213180541992,-0.03009064868092537,1.1203356981277466,26.21964393839836,238.59192554969786
1777333252.8948338,0.06471256166696548,0.45698848366737366,4.174129009246826,-0.04081008955836296,1.013623595237732,26.183520762509108,239.1600608880043
1777333252.8958058,0.06471703946590424,0.4561939537525177,4.1838812828063965,-0.06355837732553482,0.9910573363304138,26.137997535413504,239.71882520341873
1777333252.895883,0.0648343488574028,0.45512840151786804,4.1943206787109375,-0.08662223815917969,1.0615653991699219,26.076945867687463,240.31695874328614
1777333252.8959281,0.06496910005807877,0.4541449248790741,4.204842567443848,-0.10516639798879623,1.0473921298980713,26.020596786886454,240.9198187757492
1777333252.9525251,0.06497367471456528,0.45335039496421814,4.215553283691406,-0.10991066694259644,1.040400743484497,25.97507355979085,241.53349783172607
1777333252.952617,0.06475330889225006,0.4528982639312744,4.227564811706543,-0.08141680061817169,1.1628177165985107,25.949168350553514,242.22170793857575
1777333252.953315,0.06467624753713608,0.4527072608470917,4.238879203796387,-0.04830266907811165,1.104135513305664,25.938224676042797,242.869975084877
1777333252.953367,0.06449349224567413,0.45307663083076477,4.250753879547119,-0.011244774796068668,1.1392104625701904,25.95938802475333,243.55034413175582
1777333252.953411,0.0642433911561966,0.45367375016212463,4.2628560066223145,0.02934073470532894,1.1750415563583374,25.99360045453906,244.24374518423082
1777333253.010658,0.06390208005905151,0.4544556438922882,4.274184703826904,0.06415624916553497,1.1226882934570312,26.038399681323767,244.89283195352553
1777333253.010738,0.06370798498392105,0.45533010363578796,4.285604953765869,0.08052133768796921,1.1349838972091675,26.08850255189538,245.54716430997848
1777333253.011455,0.06332799792289734,0.4561161398887634,4.296937465667725,0.08809611201286316,1.1426090002059937,26.13353912783861,246.19646964540482
1777333253.011505,0.06296941637992859,0.4568159282207489,4.308183670043945,0.08382397890090942,1.1384422779083252,26.173634060150384,246.8408299221039
1777333253.0115469,0.0625162348151207,0.4572426676750183,4.318198204040527,0.06958307325839996,1.0280241966247559,26.198084438574313,247.41462065906524
1777333253.011588,0.06221853569149971,0.4572260081768036,4.328728199005127,0.04213112220168114,1.0965622663497925,26.197129919296504,248.01794514455796
1777333253.068311,0.061895884573459625,0.45683762431144714,4.338886260986328,-0.040106020867824554,1.0145385265350342,26.174877155023815,248.59995943222046
1777333253.06908,0.06153238192200661,0.45612525939941406,4.349678993225098,-0.07303959876298904,1.0774155855178833,26.13406163749695,249.21833766002655
1777333253.069134,0.061140067875385284,0.4552094340324402,4.360268592834473,-0.08651137351989746,1.0636225938796997,26.081588690435886,249.82507724132537
1777333253.0691772,0.06086360290646553,0.45448070764541626,4.372003555297852,-0.08471038192510605,1.1614835262298584,26.03983572911024,250.49744130363464
1777333253.069219,0.06058702990412712,0.4537520706653595,4.383738994598389,-0.07276289910078049,1.1736418008804321,25.998087890428305,251.16983268671035
1777333253.069259,0.06047487258911133,0.45319801568984985,4.395648956298828,-0.05400615185499191,1.1922811269760132,25.9663428673625,251.8522234703064
1777333253.127213,0.06037005037069321,0.4529334604740143,4.407848358154297,-0.02437499351799488,1.2216798067092896,25.95118496462703,252.55119795913697
1777333253.1273,0.060257770121097565,0.4530056416988373,4.420384407043457,-0.0037681502290070057,1.2423322200775146,25.95532064564824,253.2694609090805
1777333253.1275399,0.0602153018116951,0.4529792070388794,4.432821750640869,0.006196262314915657,1.252140998840332,25.953806050658226,253.9820684603691
1777333253.127588,0.06018414348363876,0.4530738592147827,4.444422245025635,0.016161806881427765,1.1664921045303345,25.959229222798346,254.64672806653977
1777333253.1276312,0.060219135135412216,0.453238308429718,4.45609188079834,0.010705191642045975,1.1610167026519775,25.968651472127437,255.3153491838455
1777333253.1283689,0.06034877151250839,0.45304951071739197,4.46644926071167,-0.014330128207802773,1.0401060581207275,25.957834156161546,255.9087835518837
1777333253.185568,0.06048566475510597,0.45252394676208496,4.478386878967285,-0.06000509485602379,1.186071515083313,25.927721548891068,256.5927589399338
1777333253.1856499,0.06045372411608696,0.45136627554893494,4.488735198974609,-0.11322113126516342,1.037109136581421,25.861391850596668,257.1856742134094
1777333253.185694,0.0606357604265213,0.4498737156391144,4.499706745147705,-0.15358595550060272,1.0925071239471436,25.77587443651557,257.8142977286339
1777333253.185736,0.06078532710671425,0.44834643602371216,4.510643482208252,-0.16329044103622437,1.0831141471862793,25.688367729127407,258.44092682790756
1777333253.1864371,0.06101604178547859,0.4468414783477783,4.523520469665527,-0.14896488189697266,1.2890799045562744,25.602139975118636,259.1787241258621
1777333253.243424,0.061233241111040115,0.44571179151535034,4.535812854766846,-0.11492035537958145,1.227127194404602,25.53741366430521,259.88302616415024
1777333253.243509,0.06142239272594452,0.4450053572654724,4.54757022857666,-0.07341152429580688,1.172820806503296,25.496937948811055,260.5566743024826
1777333253.243555,0.06170276924967766,0.44474029541015625,4.5616865158081055,-0.026300130411982536,1.411840796470642,25.48175101776123,261.36547827243805
1777333253.243598,0.06196971237659454,0.44485053420066833,4.574260711669922,0.010633619502186775,1.2566956281661987,25.488067237454654,262.0859268836975
1777333253.2443368,0.062320526689291,0.4451131224632263,4.586029052734375,0.028327463194727898,1.1786866188049316,25.503112442028524,262.7602033996582
1777333253.244389,0.06258036941289902,0.44556039571762085,4.5979814529418945,0.04469021037220955,1.1949728727340698,25.528739320957662,263.4450257314682
1777333253.30088,0.06294206529855728,0.4459434449672699,4.607951641082764,0.04329165443778038,1.0016850233078003,25.550686434155704,264.0162756371498
1777333253.300958,0.06320545822381973,0.4462222456932068,4.619736194610596,0.014083393849432468,1.1645574569702148,25.56666054478884,264.69148105916975
1777333253.301003,0.06357336044311523,0.44594085216522217,4.630959987640381,-0.025254013016819954,1.1249136924743652,25.550537877488136,265.3345572598457
1777333253.301675,0.06388163566589355,0.44525229930877686,4.6417765617370605,-0.0648033618927002,1.0854216814041138,25.511086690735816,265.95430152597424
1777333253.301724,0.06426364183425903,0.4442967474460602,4.653284549713135,-0.0977867990732193,1.1485389471054077,25.456337582319975,266.6136609034538
1777333253.3017669,0.06475738435983658,0.44307005405426025,4.664522171020508,-0.11739827692508698,1.1286180019378662,25.386053203082085,267.2575294063568
1777333253.358915,0.06506171077489853,0.4419237971305847,4.677757263183594,-0.13030503690242767,1.3075841665267944,25.320377495634556,268.01584459991454
1777333253.358997,0.06545718014240265,0.4405929446220398,4.690808296203613,-0.13258665800094604,1.3054940700531006,25.24412523647547,268.763613977623
1777333253.35974,0.06585965305566788,0.43955057859420776,4.703188419342041,-0.10534975677728653,1.236764907836914,25.18440204101801,269.4729430369377
1777333253.359797,0.06623804569244385,0.43876343965530396,4.715824127197266,-0.07661162316799164,1.2655365467071533,25.139302285802366,270.1969160270691
1777333253.35984,0.06652184575796127,0.4383294880390167,4.727854251861572,-0.050169069319963455,1.19586181640625,25.114438680785895,270.88619164381026
1777333253.359881,0.0668458342552185,0.4380907118320465,4.7391204833984375,-0.025811882689595222,1.1243557929992676,25.10075780698657,271.5316993927002
1777333253.416977,0.06708535552024841,0.43799877166748047,4.750533580780029,-0.010336405597627163,1.1401474475860596,25.09549002170563,272.1856219376564
1777333253.417741,0.06733515858650208,0.43802663683891296,4.762066841125488,-0.009239492937922478,1.1410908699035645,25.09708657899499,272.84642931575775
1777333253.4177961,0.06757819652557373,0.43776601552963257,4.772353172302246,-0.02017679437994957,1.032281517982483,25.08215407258272,273.435792889595
1777333253.417839,0.06773349642753601,0.4375213086605072,4.783613204956055,-0.033461544662714005,1.1191357374191284,25.06813339675069,274.0809454685211
1777333253.417881,0.06800052523612976,0.4370053708553314,4.794602394104004,-0.04661380499601364,1.103640079498291,25.038572327452897,274.71057985210416
1777333253.417921,0.06807841360569,0.4365701377391815,4.806631565093994,-0.04667188227176666,1.1973235607147217,25.013635297876597,275.39980082731245
1777333253.475281,0.06817315518856049,0.43621692061424255,4.818741798400879,-0.03671085461974144,1.211862325668335,24.993397440129517,276.09366633281707
1777333253.4753642,0.06832858175039291,0.4359721839427948,4.83096170425415,-0.02368815243244171,1.222670555114746,24.979375056749582,276.79381561460497
1777333253.47541,0.06832858175039291,0.4359721839427948,4.842466354370117,0.0024384772405028343,1.1492336988449097,24.979375056749582,277.4529837467194
1777333253.475453,0.06830471009016037,0.4362276792526245,4.854227066040039,0.025517402216792107,1.1790581941604614,24.994013864922522,278.1268231304169
1777333253.4754949,0.06839558482170105,0.4366689920425415,4.86617374420166,0.04182128235697746,1.1920366287231445,25.01929923427105,278.8113176130295
1777333253.476237,0.06839517503976822,0.43729478120803833,4.877346038818359,0.05621018260717392,1.1105146408081055,25.055154325139522,279.45144317092894
1777333253.532716,0.06844176352024078,0.4380781650543213,4.888675689697266,0.06828118860721588,1.122817873954773,25.100038929319382,280.1005845817566
1777333253.532796,0.06838000565767288,0.43896403908729553,4.9001078605651855,0.08177745342254639,1.1360819339752197,25.150795790737867,280.75559995737075
1777333253.532842,0.06823379546403885,0.43969714641571045,4.910429000854492,0.0795983076095581,1.0382308959960938,25.19279976160526,281.3469579471588
1777333253.532884,0.06817523390054703,0.4404143989086151,4.921692848205566,0.06960725784301758,1.123985767364502,25.233895316988228,281.9923290922165
1777333253.533603,0.06824556738138199,0.4409423768520355,4.9318084716796875,0.05512390658259392,1.0137085914611816,25.264146235638858,282.57191183166503
1777333253.533654,0.06815072149038315,0.4412955939769745,4.9427080154418945,0.038563184440135956,1.093131184577942,25.284384093385935,283.1964099111557
1777333253.589706,0.06810594350099564,0.4416375160217285,4.954554557800293,0.0267614908516407,1.1769964694976807,25.303974790477753,283.87516703281403
1777333253.589788,0.06809554994106293,0.4418441951274872,4.966266632080078,0.02349204197525978,1.1740236282348633,25.31581663518548,284.54621969833374
1777333253.589833,0.0680919960141182,0.44201281666755676,4.977940559387207,0.014464312233030796,1.1649481058120728,25.325477941221,285.2150867025375
1777333253.5905762,0.0680919960141182,0.44201281666755676,4.9904046058654785,0.005599434021860361,1.2516924142837524,25.325477941221,285.9292242167473
1777333253.590631,0.0680919960141182,0.44201281666755676,5.0019097328186035,0.003456791630014777,1.153796911239624,25.325477941221,286.58841966962814
1777333253.590673,0.06818331032991409,0.44182825088500977,5.01418924331665,-0.005407937802374363,1.2409031391143799,25.314903097057343,287.2919840472221
1777333253.650796,0.06808887422084808,0.44155552983283997,5.0263800621032715,-0.016450751572847366,1.2296569347381592,25.29927732619643,287.99046676225663
1777333253.650882,0.06809244304895401,0.441386878490448,5.038675785064697,-0.024121761322021484,1.2222058773040771,25.28961431261301,288.6949600459099
1777333253.6515882,0.06818732619285583,0.4410336911678314,5.0488691329956055,-0.028619540855288506,1.0257112979888916,25.269378162413837,289.2789960702896
1777333253.651739,0.06811705231666565,0.4405056834220886,5.059845924377441,-0.032066334038972855,1.1183600425720215,25.239125536215305,289.907920113945
1777333253.651789,0.06815516948699951,0.43987518548965454,5.07072114944458,-0.0495547391474247,1.1007755994796753,25.203000652778147,290.5310248343468
1777333253.651832,0.0682002604007721,0.43890729546546936,5.081258296966553,-0.07385450601577759,1.0765430927276611,25.14754461953044,291.13475913133624
1777333253.708965,0.06833310425281525,0.4379235804080963,5.092738151550293,-0.09604477882385254,1.1502498388290405,25.091181878346205,291.7925065835953
1777333253.709731,0.06839495152235031,0.4370376467704773,5.104316711425781,-0.10147415846586227,1.1446354389190674,25.040421601831913,292.4559094345093
1777333253.709789,0.0684327557682991,0.4364071488380432,5.11614990234375,-0.08798842877149582,1.158244013786316,25.004296718394755,293.133901574707
1777333253.709833,0.06847702711820602,0.4360649585723877,5.12827205657959,-0.06409949064254761,1.1821494102478027,24.98469065337181,293.82845009937284
1777333253.7098749,0.06868305802345276,0.43606632947921753,5.140737056732178,-0.03239848464727402,1.2137569189071655,24.98476920057535,294.5426422551155
1777333253.7099159,0.06886874884366989,0.4361543655395508,5.15233039855957,-0.006162092089653015,1.1440629959106445,24.989813297080993,295.2068920497894
1777333253.767414,0.06915578991174698,0.43617746233940125,5.1648173332214355,0.005998803302645683,1.2521542310714722,24.991136646705865,295.92234096078874
1777333253.7675111,0.06944625079631805,0.43633168935775757,5.177435874938965,0.01144606713205576,1.2576327323913574,24.999973207104205,296.64533040332793
1777333253.7675579,0.06969252228736877,0.4365283250808716,5.188178539276123,0.012598961591720581,1.0670615434646606,25.0112396081686,297.2608399506569
1777333253.7676,0.06984443962574005,0.4364524185657501,5.199608325958252,0.012901172041893005,1.163346529006958,25.006890483659507,297.91571872243884
1777333253.767642,0.07021936029195786,0.4364597201347351,5.210161209106445,-0.004525061696767807,1.0499688386917114,25.007308832895756,298.5203546047211
1777333253.824994,0.07056046277284622,0.43630310893058777,5.221510410308838,-0.021844811737537384,1.1285429000854492,24.99833566866517,299.1706161669731
1777333253.8250802,0.07084444165229797,0.43586912751197815,5.23162317276001,-0.036026109009981155,1.0184050798416138,24.973470356100798,299.750034981823
1777333253.8251252,0.07120583951473236,0.43562567234039307,5.243843078613281,-0.03367254510521889,1.2126843929290771,24.959521397280692,300.4501842636108
1777333253.859946,0.0715540274977684,0.4354315400123596,5.255154132843018,-0.020521624013781548,1.1296747922897339,24.948398430240154,301.09826016454696
1777333253.8600168,0.07178694754838943,0.4353775978088379,5.26756477355957,-0.008238435722887516,1.2378711700439453,24.945307768535613,301.8093377529144
1777333253.860799,0.07220550626516342,0.435411661863327,5.280062675476074,0.003515703836455941,1.2497646808624268,24.947259495788813,302.52541504154203
1777333253.860855,0.07255662977695465,0.43567460775375366,5.292789936065674,0.026386402547359467,1.2725106477737427,24.96232519093752,303.25463361883163
1777333253.860898,0.0729852244257927,0.4361281394958496,5.305706977844238,0.045209843665361404,1.2912864685058594,24.9883106549263,303.9947258611679
1777333253.860939,0.07337655872106552,0.43658682703971863,5.3176703453063965,0.04433518648147583,1.1944262981414795,25.01459152470231,304.68017657060625
1777333253.9230459,0.07368315756320953,0.436892569065094,5.330440998077393,0.03667549043893814,1.2829574346542358,25.032109258639814,305.4118813376427
1777333253.9239008,0.07399702817201614,0.4371607005596161,5.341255187988281,0.01703941449522972,1.0714492797851562,25.04747206712365,306.031488999939
1777333253.923958,0.07443660497665405,0.43648234009742737,5.353041172027588,-0.06176508963108063,1.1810665130615234,25.00860486175418,306.70677638425826
1777333253.924002,0.07489054650068283,0.4354288578033447,5.3644514083862305,-0.10757501423358917,1.1417490243911743,24.94824475092888,307.36053500461577
1777333253.9240441,0.07533121109008789,0.43412476778030396,5.376570224761963,-0.1399696171283722,1.202327013015747,24.87352586978674,308.05489228391644
1777333253.924085,0.07575540244579315,0.43273892998695374,5.387648105621338,-0.13444074988365173,1.109413981437683,24.794123184746503,308.68960833005906
1777333253.9815848,0.07608471810817719,0.43170633912086487,5.400997161865234,-0.11228878051042557,1.328553557395935,24.73496006500125,309.4544531867981
1777333253.981666,0.07657630741596222,0.4310179054737091,5.413731575012207,-0.07161836326122284,1.2702422142028809,24.695515708440542,310.1840815755844
1777333253.981715,0.07690110802650452,0.43077993392944336,5.427874565124512,-0.027287211269140244,1.4072911739349365,24.681880938434603,310.994415508461
1777333253.981757,0.07716556638479233,0.4308035373687744,5.440362930297852,0.002855018712580204,1.251711368560791,24.683233316373826,311.70994638175966
1777333253.981799,0.0774465799331665,0.4309089481830597,5.452932357788086,0.022311395034193993,1.2687472105026245,24.68927291330695,312.43012178535463
1777333253.9825358,0.07773302495479584,0.4313022792339325,5.465788841247559,0.02875414676964283,1.274893045425415,24.71180913053155,313.16674429035186
1777333254.0399392,0.07799376547336578,0.4314951002597809,5.476528167724609,0.01839047111570835,1.0729056596755981,24.722856965464352,313.7820625923157
1777333254.040013,0.07826168090105057,0.4313502013683319,5.488847732543945,-0.008714473806321621,1.2375822067260742,24.71455486755967,314.4879219142914
1777333254.040056,0.0786253958940506,0.4308522939682007,5.499854564666748,-0.047973379492759705,1.102232813835144,24.686026864743233,315.11856716623305
1777333254.040096,0.07889966666698456,0.42991310358047485,5.511379241943359,-0.09805925190448761,1.148314118385315,24.632215200126172,315.7788827705383
1777333254.0408242,0.07918180525302887,0.4286361038684845,5.522566318511963,-0.13055221736431122,1.1158212423324585,24.559048480027915,316.4198552721977
1777333254.040877,0.07947245985269547,0.4273222088813782,5.533716201782227,-0.14495941996574402,1.1009925603866577,24.48376781562567,317.0586967540741
1777333254.0986292,0.07984822243452072,0.42586126923561096,5.546637535095215,-0.14490732550621033,1.293328881263733,24.40006210986972,317.7990348833084
1777333254.098725,0.08005179464817047,0.4245626926422119,5.559720039367676,-0.13124829530715942,1.3064494132995605,24.325659125089647,318.5486074316025
1777333254.0987751,0.08032875508069992,0.42362403869628906,5.573163032531738,-0.09862423688173294,1.3391330242156982,24.27187819633484,319.318834479332
1777333254.0995278,0.08057840168476105,0.4231109023094177,5.5860724449157715,-0.05255754292011261,1.289657711982727,24.242477636539935,320.05848958940504
1777333254.0995798,0.08081240952014923,0.42297258973121643,5.598398208618164,-0.014249991625547409,1.2318429946899414,24.23455290672183,320.7647040813446
1777333254.156784,0.08113908767700195,0.4231069087982178,5.611954689025879,0.012344987131655216,1.3544261455535889,24.242248825120924,321.541433471489
1777333254.156985,0.08127640187740326,0.42332178354263306,5.623675346374512,0.026634078472852707,1.1769068241119385,24.254560245501995,322.21297791080474
1777333254.1571321,0.08141366392374039,0.4235367476940155,5.635395526885986,0.030158143490552902,1.180268406867981,24.266876788526773,322.88449502935407
1777333254.157909,0.08163943886756897,0.4237370789051056,5.647101402282715,0.016038808971643448,1.166311502456665,24.27835492553115,323.55519252490996
1777333254.157961,0.08168838918209076,0.4235105514526367,5.658379554748535,-0.02253253199160099,1.127846121788025,24.265375853919984,324.2013832929611
1777333254.158004,0.08183466643095016,0.4229312837123871,5.670264720916748,-0.06179189682006836,1.1846604347229004,24.232186245328187,324.88235339670183
1777333254.2161548,0.0820944607257843,0.42208099365234375,5.682836532592773,-0.08392699062824249,1.2579052448272705,24.183468196105956,325.602665404129
1777333254.216237,0.08220570534467697,0.42113614082336426,5.695314407348633,-0.09389524161815643,1.248233675956726,24.129332097387312,326.3175952205658
1777333254.2169962,0.08235770463943481,0.42038798332214355,5.708948135375977,-0.08175577968358994,1.356061577796936,24.086465814828873,327.0987505748749
1777333254.217165,0.08246102184057236,0.4197814464569092,5.72176456451416,-0.05555102229118347,1.2864099740982056,24.051713799905777,327.83307813549044
1777333254.21724,0.08253177255392075,0.4194678068161011,5.7348737716674805,-0.0349302813410759,1.3071986436843872,24.033743565773964,328.58418064670565
1777333254.2172852,0.08249761164188385,0.4193888306617737,5.7482171058654785,-0.014760509133338928,1.3274213075637817,24.029218563830852,329.3486976542473
1777333254.2724679,0.08255957067012787,0.4194134473800659,5.760705947875977,-0.0007008668035268784,1.2455168962478638,24.030628998398782,330.06425584831237
1777333254.273196,0.08253276348114014,0.41945239901542664,5.7732086181640625,0.00787341594696045,1.2540600299835205,24.032860763508083,330.7806063446045
1777333254.27325,0.082505963742733,0.41949138045310974,5.784753322601318,-0.0020101398695260286,1.1483490467071533,24.035094236165286,331.4420694211006
1777333254.3304162,0.08247663080692291,0.4192432463169098,5.796010494232178,-0.0281459242105484,1.1220217943191528,24.0208771923244,332.087058075428
1777333254.3304892,0.0824926570057869,0.41865119338035583,5.807881832122803,-0.05893782153725624,1.1869831085205078,23.98695504568219,332.7672358769417
1777333254.330535,0.08238231390714645,0.4177919626235962,5.819486141204834,-0.08598799258470535,1.1601508855819702,23.93772473208904,333.4321140492439
1777333254.331197,0.08231287449598312,0.41675788164138794,5.832834243774414,-0.1114484891295433,1.3263087272644043,23.878476234948636,334.1969042644501
1777333254.3312461,0.08210810273885727,0.4154234230518341,5.84588098526001,-0.13265210390090942,1.3055245876312256,23.802017362493277,334.94442775526045
1777333254.3312871,0.08194900304079056,0.41411638259887695,5.859914302825928,-0.13680383563041687,1.3966922760009766,23.727129434108733,335.7484779118538
1777333254.389807,0.08155432343482971,0.4117671251296997,5.871946334838867,-0.12909214198589325,1.3086533546447754,23.592526848006248,336.43786281166075
1777333254.389886,0.0813133642077446,0.4108940660953522,5.885455131530762,-0.11070732772350311,1.327049970626831,23.54250423218608,337.21186012516023
1777333254.390594,0.08103791624307632,0.4100263714790344,5.898968696594238,-0.09615415334701538,1.3416154384613037,23.49278897498846,337.98613064632417
1777333254.390644,0.0808732733130455,0.4093440771102905,5.911709785461426,-0.0815197229385376,1.2606568336486816,23.453696373295784,338.7161415258408
1777333254.390686,0.08060837537050247,0.40872734785079956,5.924515247344971,-0.06979668885469437,1.272016167640686,23.418360376989842,339.449840708828
1777333254.3907259,0.08039496839046478,0.40796834230422974,5.936220169067383,-0.06742070615291595,1.1786558628082275,23.374872546994688,340.12048356285095
1777333254.448975,0.0801415741443634,0.4070127606391907,5.94868803024292,-0.0811738520860672,1.260834813117981,23.32012173103094,340.8348396431923
1777333254.4497468,0.07986877113580704,0.40614446997642517,5.961241722106934,-0.0941166952252388,1.2479838132858276,23.27037232287526,341.55411346149447
1777333254.449802,0.07959102839231491,0.40544530749320984,5.973965167999268,-0.08884986490011215,1.2506004571914673,23.230313249069454,342.2831134726524
1777333254.449846,0.07929929345846176,0.404664009809494,5.988524436950684,-0.08000229299068451,1.4564889669418335,23.185548173242807,343.117298434639
1777333254.449888,0.07899437099695206,0.4040868282318115,6.002328872680664,-0.07124702632427216,1.366438388824463,23.152478093004227,343.9082346233368
1777333254.44993,0.07871241867542267,0.4035564959049225,6.01617956161499,-0.06210782378911972,1.3729358911514282,23.122092278069257,344.70182092638015
1777333254.50564,0.07847714424133301,0.40305295586586,6.029098987579346,-0.058966752141714096,1.2859187126159668,23.09324154869914,345.44204977254867
1777333254.505719,0.07809293270111084,0.4024534225463867,6.042881488800049,-0.05515684187412262,1.3829238414764404,23.058890807533263,346.23172920598984
1777333254.5057652,0.07778376340866089,0.40175843238830566,6.055608749389648,-0.0617511123418808,1.2748839855194092,23.019070790433883,346.96094778327944
1777333254.5058079,0.07748110592365265,0.4008939564228058,6.067208290100098,-0.0692635104060173,1.1817536354064941,22.969539948409796,347.6255527479172
1777333254.50585,0.0771852359175682,0.3998599052429199,6.079596996307373,-0.08777184784412384,1.2544910907745361,22.910293158817293,348.33537358102797
1777333254.5065658,0.07689021527767181,0.39882561564445496,6.091026782989502,-0.1011148989200592,1.1450717449188232,22.85103270884156,348.99025235280993
1777333254.563741,0.0766022801399231,0.3976217806339264,6.1042046546936035,-0.11508249491453171,1.3229981660842896,22.78205801884532,349.74528905439377
1777333254.563835,0.07612580060958862,0.3964959681034088,6.117460250854492,-0.11845876276493073,1.3191789388656616,22.71755368925929,350.50477904090883
1777333254.5638819,0.07566406577825546,0.39545202255249023,6.130797863006592,-0.10414492338895798,1.3336005210876465,22.65773999376297,351.2689681992531
1777333254.563925,0.07517669349908829,0.39466431736946106,6.145350456237793,-0.08448578417301178,1.4490870237350464,22.612607795137166,352.10277067050936
1777333254.564645,0.07461489737033844,0.3939710855484009,6.159038066864014,-0.07797684520483017,1.3596851825714111,22.572888523364067,352.8870132714272
1777333254.564696,0.07414232939481735,0.3932650089263916,6.1727142333984375,-0.07076585292816162,1.3673866987228394,22.532433298444747,353.6706001739502
1777333254.622981,0.07358167320489883,0.3925710618495941,6.1864013671875,-0.0717889741063118,1.366351842880249,22.492673045521975,354.45481545410155
1777333254.623063,0.07294069975614548,0.3918551504611969,6.19814920425415,-0.07741877436637878,1.1686265468597412,22.451654329794646,355.12791717710496
1777333254.6231081,0.07230702042579651,0.39096933603286743,6.210685729980469,-0.09160102158784866,1.2503794431686401,22.400900883471966,355.84620744781495
1777333254.6238458,0.0716809406876564,0.38991376757621765,6.222094535827637,-0.1071527749300003,1.1390191316604614,22.340421244293452,356.4998841058731
1777333254.623899,0.07122524827718735,0.3888670802116394,6.234470844268799,-0.11914943158626556,1.222845196723938,22.28045045439005,357.20899459905627
1777333254.6239412,0.07043130695819855,0.3878013789653778,6.246828079223633,-0.09765254706144333,1.244476318359375,22.219390248924494,357.9170122615814
1777333254.6819751,0.0697178766131401,0.38717806339263916,6.261544704437256,-0.06902915984392166,1.4646109342575073,22.183676884531973,358.76021307649614
1777333254.6820679,0.06895772367715836,0.3868975341320038,6.275646209716797,-0.0322301872074604,1.4058146476745605,22.167603736120462,359.5681701026916
1777333254.682814,0.06814776360988617,0.38687634468078613,6.289048194885254,0.0035476251505315304,1.3453747034072876,22.166389669561386,360.33604756450654
1777333254.682867,0.06739159673452377,0.3871324360370636,6.303685188293457,0.02501857839524746,1.4627882242202759,22.181062628692388,361.17468581142424
1777333254.682909,0.06665543466806412,0.3873012959957123,6.318235874176025,0.022214554250240326,1.4601154327392578,22.19073759511113,362.0083789996147
1777333254.738461,0.06594668328762054,0.3873494863510132,6.331706523895264,0.0008807871490716934,1.3425594568252563,22.193498700070382,362.78019065179825
1777333254.738555,0.06519736349582672,0.38706669211387634,6.344846248626709,-0.029444480314850807,1.3123348951339722,22.177295778018237,363.5330416920662
1777333254.739271,0.06466001272201538,0.3863343894481659,6.3565778732299805,-0.0797426626086235,1.166381597518921,22.135337910944223,364.2052145090103
1777333254.795402,0.0640968531370163,0.38506850600242615,6.371610641479492,-0.1307743936777115,1.4989804029464722,22.062808106213808,365.0665289920807
1777333254.7954822,0.06375103443861008,0.3834695816040039,6.384393692016602,-0.16533778607845306,1.272778868675232,21.971196453666685,365.7989440990448
1777333254.795527,0.06341957300901413,0.3816680908203125,6.398891448974609,-0.18358366191387177,1.445974588394165,21.86797859802246,366.6296046821594
1777333254.795619,0.06340350210666656,0.37989017367362976,6.414370536804199,-0.18221352994441986,1.5433783531188965,21.766111412769558,367.51649140262606
1777333254.7963562,0.06325888633728027,0.3782971501350403,6.4290771484375,-0.1691218614578247,1.4606399536132812,21.674837854707242,368.3591184814453
1777333254.796407,0.06340397149324417,0.37669825553894043,6.443778038024902,-0.15903151035308838,1.4703298807144165,21.58322790970802,369.2014177110672
1777333254.796448,0.06360282003879547,0.37537655234336853,6.458755016326904,-0.143768310546875,1.485864281654358,21.507499867755175,370.05953566446306
1777333254.796489,0.06380139291286469,0.37405481934547424,6.472773551940918,-0.13569195568561554,1.3977274894714355,21.431770118254423,370.86273887729647
1777333254.7965288,0.06431476771831512,0.37258604168891907,6.485686779022217,-0.14593835175037384,1.292250156402588,21.347615327399968,371.6026125535011
1777333254.8541608,0.06475415080785751,0.37092676758766174,6.4974493980407715,-0.17283326387405396,1.1689655780792236,21.25254589034915,372.27656122026445
1777333254.854238,0.06528955698013306,0.36894872784614563,6.511770248413086,-0.2061888575553894,1.4233217239379883,21.13921252092719,373.0970857990265
1777333254.854283,0.06590887159109116,0.36670660972595215,6.5258283615112305,-0.22799165546894073,1.4020692110061646,21.010748569536208,373.90255663547515
1777333254.854325,0.06651636958122253,0.36451971530914307,6.5399394035339355,-0.22338449954986572,1.406037449836731,20.885448704409598,374.7110600769997
1777333254.854367,0.06718370318412781,0.36272457242012024,6.554443836212158,-0.18888716399669647,1.441037654876709,20.782594556468727,375.5421031508446
1777333254.855055,0.06772896647453308,0.3613670766353607,6.568426609039307,-0.1428813934326172,1.3907679319381714,20.7048157494843,376.3432573061943
1777333254.9119842,0.06825979799032211,0.36034929752349854,6.5827484130859375,-0.10032832622528076,1.4333500862121582,20.646501281046866,377.16383652648926
1777333254.912066,0.06885740906000137,0.3596917688846588,6.59647274017334,-0.06508532911539078,1.3727437257766724,20.608827651661635,377.95018282642366
1777333254.9121122,0.06945935636758804,0.3592870235443115,6.609490394592285,-0.035411566495895386,1.3068037033081055,20.585637443590166,378.6960397504806
1777333254.9121542,0.06995783001184464,0.35923299193382263,6.622859477996826,-0.016730306670069695,1.324995994567871,20.582541659241915,379.46203207941056
1777333254.912887,0.07043316960334778,0.3590135872364044,6.636063098907471,-0.015161634422838688,1.3269336223602295,20.56997069157958,380.2185441023827
1777333254.912939,0.07081985473632812,0.3588050901889801,6.6492767333984375,-0.019464997574687004,1.3197898864746094,20.558024686449766,380.9756298614502
1777333254.9701,0.07119517028331757,0.3586527109146118,6.663506031036377,-0.028826380148530006,1.4119555950164795,20.549293994021415,381.790908853054
1777333254.970193,0.07149682193994522,0.3581714332103729,6.67644739151001,-0.03743831813335419,1.3047770261764526,20.521718802934885,382.53239445447923
1777333254.970238,0.07187990844249725,0.35784947872161865,6.692424297332764,-0.03928869962692261,1.586402177810669,20.503272162938117,383.4478040551186
1777333254.970975,0.07216291129589081,0.3574555814266205,6.706412315368652,-0.037062205374240875,1.4040086269378662,20.480703502303363,384.24925873889924
1777333254.971027,0.07224944233894348,0.3573091924190521,6.720647811889648,-0.01783117465674877,1.4200338125228882,20.472316027003526,385.06489290046693
1777333254.9710689,0.0724983960390091,0.3573426604270935,6.735062122344971,-0.0025273130740970373,1.4278062582015991,20.474233603298664,385.89077234945296
1777333255.0254889,0.07265840470790863,0.35738682746887207,6.74948787689209,0.014155837707221508,1.4595714807510376,20.476764189291,386.7173074968338
1777333255.025565,0.07279157638549805,0.3576882481575012,6.762254238128662,0.026202276349067688,1.2724677324295044,20.494034328782558,387.4487663769722
1777333255.026245,0.07277365773916245,0.3578924536705017,6.774921894073486,0.019740723073482513,1.2660040855407715,20.505734447014333,388.17456985845564
1777333255.026295,0.07260127365589142,0.35788553953170776,6.788337707519531,-0.0033907494507730007,1.3389058113098145,20.50533829590082,388.9432396224976
1777333255.026337,0.07233665138483047,0.3576364517211914,6.801510810852051,-0.030026022344827652,1.3119066953659058,20.49106661052704,389.69800311641694
1777333255.0811,0.07219621539115906,0.35694968700408936,6.815206050872803,-0.06228391081094742,1.3757967948913574,20.451717876648903,390.48268284959795
1777333255.081187,0.07188613712787628,0.3562527000904083,6.8298492431640625,-0.0817660316824913,1.4519217014312744,20.411783453840016,391.32167626647947
1777333255.081921,0.07150323688983917,0.35536497831344604,6.844301223754883,-0.08539890497922897,1.4485095739364624,20.360920724451542,392.149714056015
1777333255.0819762,0.07051260024309158,0.35383763909339905,6.858114242553711,-0.08068826049566269,1.4531911611557007,20.273410601967573,392.9411420185089
1777333255.1390238,0.06996338814496994,0.3531920909881592,6.872809410095215,-0.0720832496881485,1.4619206190109253,20.23642340683937,393.78311339893344
1777333255.139113,0.06933651119470596,0.35263946652412415,6.888556480407715,-0.06251000612974167,1.5669260025024414,20.204760346072913,394.68535439014437
1777333255.139158,0.0686127096414566,0.352266788482666,6.901605606079102,-0.05613629147410393,1.2856625318527222,20.183407459545137,395.433014484787
1777333255.139898,0.0680939331650734,0.3516167402267456,6.915337562561035,-0.05096079781651497,1.3873356580734253,20.14616242468357,396.21979791698453
1777333255.139951,0.06748645007610321,0.35097676515579224,6.929079532623291,-0.05580201745033264,1.382314682006836,20.10949454101324,397.00715508527753
1777333255.1399932,0.06683582812547684,0.35014235973358154,6.941667556762695,-0.06921811401844025,1.2729971408843994,20.06168661482334,397.72839599876403
1777333255.19859,0.06636356562376022,0.34914830327033997,6.9560136795043945,-0.09185989946126938,1.4414446353912354,20.004731354516746,398.55036857814787
1777333255.198677,0.0659208819270134,0.3481503129005432,6.971314430236816,-0.09648381918668747,1.5332303047180176,19.947550697886943,399.4270373319626
1777333255.199411,0.06555602699518204,0.3470594882965088,6.985563278198242,-0.10343456268310547,1.4302055835723877,19.88505102953911,400.24343647499086
1777333255.199463,0.06527259945869446,0.3459888696670532,7.001750946044922,-0.11366087943315506,1.611681342124939,19.82370907866955,401.17092185440066
1777333255.1995049,0.06518858671188354,0.34492453932762146,7.0169854164123535,-0.11254549026489258,1.5169650316238403,19.762727420407533,402.04379302167894
1777333255.199546,0.06527450680732727,0.3438704013824463,7.031271934509277,-0.10846888273954391,1.4254199266433716,19.702329743528367,402.86235050525664
1777333255.254883,0.06537078320980072,0.34289926290512085,7.04564094543457,-0.10958930850028992,1.4242041110992432,19.646687587559224,403.68563448143004
1777333255.2556338,0.06545630097389221,0.3418450653553009,7.058968544006348,-0.10286925733089447,1.3349957466125488,19.58628649558425,404.4492499036789
1777333255.255687,0.06561993807554245,0.3406980335712433,7.072203159332275,-0.10694798082113266,1.331084966659546,19.52056639189124,405.2075377764702
1777333255.255729,0.06585473567247391,0.339487761259079,7.086332321166992,-0.12196119129657745,1.4118704795837402,19.451222871547937,406.01707940711975
1777333255.2557702,0.06634855270385742,0.3382779657840729,7.100463390350342,-0.12919238209724426,1.404504656791687,19.381906671971084,406.8267303208351
1777333255.25581,0.06682701408863068,0.3372676968574524,7.115752696990967,-0.10103210061788559,1.5287296772003174,19.32402250560522,407.70274337625506
1777333255.314804,0.06717903167009354,0.33658215403556824,7.1313652992248535,-0.07459713518619537,1.5547027587890625,19.28474378119111,408.59727991132735
1777333255.314923,0.06753411144018173,0.3360089361667633,7.146132469177246,-0.05645327642560005,1.4772344827651978,19.251900804823638,409.44337672748566
1777333255.31497,0.06781786680221558,0.33549898862838745,7.1609625816345215,-0.04966069385409355,1.4837970733642578,19.222682952654363,410.2930798848152
1777333255.315059,0.06799450516700745,0.33508577942848206,7.17588996887207,-0.046463411301374435,1.4871476888656616,19.19900780097842,411.1483564785004
1777333255.315101,0.06810803711414337,0.3345656991004944,7.189751148223877,-0.058450113981962204,1.3793672323226929,19.169209382522105,411.9425438384056
1777333255.3711,0.0681382343173027,0.33377277851104736,7.20334005355835,-0.077424556016922,1.3603686094284058,19.12377836301327,412.72113104066847
1777333255.371191,0.06809792667627335,0.3329019546508789,7.216851234436035,-0.09033644199371338,1.3474208116531372,19.07388381328583,413.4952649580002
1777333255.371237,0.06788459420204163,0.3319091498851776,7.230239391326904,-0.09819051623344421,1.339902639389038,19.017000269991158,414.262350117588
1777333255.371279,0.06802460551261902,0.3311315178871155,7.245760917663574,-0.09513645619153976,1.5343809127807617,18.97244522255659,415.1516683862686
1777333255.3713212,0.06799419224262238,0.33034372329711914,7.261272430419922,-0.08871099352836609,1.5408471822738647,18.92730790128708,416.04041291885375
1777333255.3720572,0.0677768811583519,0.329886257648468,7.277114391326904,-0.07474280148744583,1.554652452468872,18.901097040975095,416.948090742588
1777333255.428824,0.06729766726493835,0.3293163776397705,7.291884422302246,-0.05473040044307709,1.4791780710220337,18.868445309972763,417.79435148334505
1777333255.428915,0.06686381995677948,0.32894036173820496,7.307807445526123,-0.0338623970746994,1.5954922437667847,18.846901178079843,418.70667383737566
1777333255.428959,0.06646773964166641,0.328643262386322,7.321891784667969,-0.026596032083034515,1.4114010334014893,18.82987863303423,419.51364731597903
1777333255.4290009,0.06615322083234787,0.3283655643463135,7.335994720458984,-0.03774920850992203,1.4001283645629883,18.81396770167351,420.3216863044739
1777333255.4297118,0.06575547903776169,0.3278152346611023,7.350784778594971,-0.058855243027210236,1.475062370300293,18.782436122095586,421.16909451742174
1777333255.4297621,0.06564149260520935,0.3267548382282257,7.364107131958008,-0.09909025579690933,1.3359529972076416,18.721679860156776,421.93240941123963
1777333255.48942,0.06551927328109741,0.3258648216724396,7.379515171051025,-0.09910821169614792,1.5337828397750854,18.670685649579763,422.81522533750535
1777333255.489502,0.06546076387166977,0.3250811696052551,7.39407205581665,-0.08228788524866104,1.4517065286636353,18.625785677468777,423.64927369565964
1777333255.489547,0.06549253314733505,0.32454192638397217,7.409832000732422,-0.05710694193840027,1.56794273853302,18.594889305710794,424.5522523475647
1777333255.4902642,0.06552688032388687,0.32411399483680725,7.425703525543213,-0.03649299964308739,1.5977284908294678,18.570370625370742,425.4616240588188
1777333255.490316,0.06564174592494965,0.32384735345840454,7.440776824951172,-0.02774307318031788,1.506242036819458,18.555093194282055,426.32526080703735
1777333255.490358,0.06593675166368484,0.32367390394210815,7.454984664916992,-0.016948606818914413,1.4157837629318237,18.54515526548624,427.139310364151
1777333255.548404,0.0662149116396904,0.3234454095363617,7.470096588134766,-0.024769309908151627,1.5143812894821167,18.532063495713473,428.0051600944519
1777333255.548494,0.06643490493297577,0.3228289484977722,7.480985164642334,-0.060450077056884766,1.0900051593780518,18.496742867338657,428.6290297963142
1777333255.549189,0.06675291061401367,0.3218907415866852,7.495387554168701,-0.10292629897594452,1.4308764934539795,18.442987551802396,429.45422622613904
1777333255.549241,0.06692387163639069,0.32057374715805054,7.510369300842285,-0.13570092618465424,1.4938095808029175,18.36752930241823,430.3126173871994
1777333255.6074188,0.06726400554180145,0.31901317834854126,7.524148464202881,-0.152020663022995,1.381696105003357,18.27811526402235,431.1021055752754
1777333255.60751,0.06750708818435669,0.31763193011283875,7.539066791534424,-0.14327584207057953,1.486289143562317,18.198975541359186,431.95686307439803
1777333255.607556,0.06773389875888824,0.3165915608406067,7.55528450012207,-0.11312584578990936,1.6126432418823242,18.139366751611234,432.8860696620941
1777333255.608278,0.06783680617809296,0.31573477387428284,7.5707268714904785,-0.08606527000665665,1.5434929132461548,18.090276456946135,433.77085268354415
1777333255.608332,0.06795031577348709,0.3152145743370056,7.585546493530273,-0.05227064713835716,1.4816378355026245,18.060471208298207,434.61995478401184
1777333255.608374,0.06795849651098251,0.3150440752506256,7.600716590881348,-0.02279083803296089,1.5105997323989868,18.050702326744794,435.4891376478195
1777333255.608415,0.06795849651098251,0.3150440752506256,7.615097999572754,-0.0066385818645358086,1.4312506914138794,18.050702326744794,436.31313196392057
1777333255.6084569,0.06795849651098251,0.3150440752506256,7.628520488739014,-0.009312808513641357,1.332902431488037,18.050702326744794,437.08218421869276
1777333255.6664839,0.06805557757616043,0.3148648738861084,7.6417646408081055,-0.02128736674785614,1.3208750486373901,18.04043484120369,437.84101850681304
1777333255.666562,0.06793628633022308,0.3143389821052551,7.655620098114014,-0.04582570865750313,1.392315149307251,18.010303450906278,438.6348780175209
1777333255.7072551,0.06781481951475143,0.31370267271995544,7.669365406036377,-0.0671139732003212,1.3710745573043823,17.973845595628024,439.422426431179
1777333255.7073221,0.0677923858165741,0.31299757957458496,7.684958457946777,-0.06884673982858658,1.560779094696045,17.933446719789504,440.31584281482696
1777333255.707367,0.06783322989940643,0.3125419020652771,7.700802803039551,-0.05115857720375061,1.5783658027648926,17.907338312351705,441.2236572423935
1777333255.708123,0.06784137338399887,0.3123713433742523,7.716930866241455,-0.018985701724886894,1.6104025840759277,17.897566015702488,442.14772752599714
1777333255.708174,0.06785058975219727,0.3124544322490692,7.731395244598389,0.010842174291610718,1.449018955230713,17.90232665925622,442.9764756554604
1777333255.708216,0.06791602075099945,0.31281405687332153,7.746136665344238,0.04145592823624611,1.4793812036514282,17.922931639802457,443.8210971502304
1777333255.708256,0.06780271977186203,0.31333431601524353,7.760079383850098,0.0569620206952095,1.3990767002105713,17.95274030354619,444.61995636119843
1777333255.765986,0.06786002963781357,0.31386449933052063,7.774033069610596,0.04522128403186798,1.3872636556625366,17.983117580741645,445.41944394979475
1777333255.7667441,0.0678611770272255,0.31411808729171753,7.787708282470703,0.0260673426091671,1.3680672645568848,17.997647105848788,446.2029762107849
1777333255.766797,0.0678611770272255,0.31411808729171753,7.801131248474121,0.009539010934531689,1.3517348766326904,17.997647105848788,446.97205578632355
1777333255.7668412,0.06785188615322113,0.31403499841690063,7.815430164337158,-0.012325209565460682,1.4253960847854614,17.992886462295054,447.79132360982896
1777333255.7668831,0.0678948312997818,0.31368961930274963,7.829466342926025,-0.03141220286488533,1.4065848588943481,17.973097689646483,448.595537691021
1777333255.824949,0.06793563067913055,0.3132338523864746,7.845309257507324,-0.04592162370681763,1.5834667682647705,17.946984159564973,449.5032701562881
1777333255.825758,0.06798654794692993,0.31271791458129883,7.860133647918701,-0.05258375406265259,1.4810655117034912,17.91742309026718,450.35264546442033
1777333255.8258162,0.06812632828950882,0.31219321489334106,7.874949932098389,-0.052586879581213,1.481263518333435,17.88736000188589,451.20155631952287
1777333255.825859,0.06807000935077667,0.311916708946228,7.890013217926025,-0.03784453123807907,1.4955655336380005,17.871517372441293,452.064619331646
1777333255.825901,0.06807808578014374,0.31174612045288086,7.904223918914795,-0.019112668931484222,1.4188843965530396,17.86174336824417,452.8788328133583
1777333255.825942,0.06807808578014374,0.31174612045288086,7.917646884918213,-0.008017292246222496,1.3342456817626953,17.86174336824417,453.64791238889694
1777333255.884943,0.0680953711271286,0.31165868043899536,7.930981636047363,-0.0021155760623514652,1.339616060256958,17.85673342269659,454.41193762264254
1777333255.885025,0.06819233298301697,0.31147950887680054,7.944225788116455,-0.011786703951656818,1.3303227424621582,17.846467644703388,455.17077191076277
1777333255.885122,0.06837105751037598,0.31131884455680847,7.958446979522705,-0.023998277261853218,1.4136511087417603,17.837262253957988,455.985586449337
1777333255.8851662,0.06854171305894852,0.3113287389278412,7.972837924957275,-0.025134868919849396,1.412706732749939,17.8378291598618,456.81012718076704
1777333255.885207,0.06860615313053131,0.31143471598625183,7.987325191497803,-0.014012823812663555,1.423876404762268,17.84390120020509,457.6401867070198
1777333255.8859599,0.06878601759672165,0.31152766942977905,8.002758026123047,0.0010243713622912765,1.5345877408981323,17.849227042114734,458.52442331314086
1777333255.944347,0.06877794861793518,0.3116982877254486,8.01731014251709,0.007737674284726381,1.4457824230194092,17.85900275385976,459.3581984636307
1777333255.944441,0.06860845535993576,0.3119419515132904,8.032894134521484,0.010777205228805542,1.5445799827575684,17.872963665515183,460.2510957527161
1777333255.944488,0.06850337237119675,0.3122917115688324,8.047625541687012,0.018438396975398064,1.456279993057251,17.893003447705507,461.0951435113907
1777333255.944531,0.06833390891551971,0.3125354051589966,8.06129264831543,0.026053164154291153,1.368061900138855,17.906966066908836,461.8782113193512
1777333255.945266,0.06807558238506317,0.312787801027298,8.07400894165039,0.023823339492082596,1.2700411081314087,17.92142729009986,462.60680151901244
1777333255.945317,0.06782325357198715,0.3127593398094177,8.08740234375,0.014984656125307083,1.353819489479065,17.919796581852435,463.37418720703124
1777333256.0009768,0.06766185164451599,0.31283262372016907,8.10185718536377,0.005309310741722584,1.4465128183364868,17.92399544214606,464.2023889211655
1777333256.001067,0.06740233302116394,0.31283143162727356,8.115280151367188,-0.0033013145439326763,1.3388416767120361,17.92392714022994,464.9714684967041
1777333256.0011158,0.0671592578291893,0.312886118888855,8.130674362182617,-0.005785773042589426,1.5244977474212646,17.92706049063206,465.85349212074277
1777333256.001882,0.06690105050802231,0.3131386935710907,8.145308494567871,0.0051030986942350864,1.4460783004760742,17.9415319591105,466.6919664430618
1777333256.001935,0.06656112521886826,0.3133727014064789,8.160882949829102,0.013900058344006538,1.5478562116622925,17.954939625245334,467.5843173168182
1777333256.0019782,0.06621183454990387,0.3135235905647278,8.1754150390625,0.02140035107731819,1.4544894695281982,17.96358494027853,468.4169449951172
1777333256.060103,0.0658719539642334,0.31375765800476074,8.19098949432373,0.018921099603176117,1.5581488609313965,17.97699602150917,469.3092958688736
1777333256.060189,0.06562191247940063,0.31383979320526123,8.204493522644043,0.011491965502500534,1.3536261320114136,17.981702023530005,470.0830199747086
1777333256.0609448,0.06536947935819626,0.3138115406036377,8.217888832092285,-0.0053681484423577785,1.3365206718444824,17.980083268117905,470.8505149457931
1777333256.060999,0.06504560261964798,0.3137046992778778,8.231204986572266,-0.020525634288787842,1.3217568397521973,17.97396170888543,471.6134746696472
1777333256.0610409,0.06482648104429245,0.3132481276988983,8.244171142578125,-0.040088407695293427,1.3019733428955078,17.94780207501054,472.35638095092776
1777333256.0610828,0.06458067893981934,0.3127956688404083,8.25714111328125,-0.045721255242824554,1.2961251735687256,17.921878082746268,473.09950579833986
1777333256.119401,0.06441804766654968,0.31261542439460754,8.272300720214844,-0.02251926250755787,1.5111591815948486,17.911550833028556,473.96808760528563
1777333256.120217,0.06416557729244232,0.31258729100227356,8.287613868713379,0.0038419035263359547,1.5378549098968506,17.909938907808066,474.845466699028
1777333256.1202729,0.0639963299036026,0.312831312417984,8.302238464355469,0.029154734686017036,1.467176079750061,17.923920310038326,475.68339460601806
1777333256.1203158,0.0638042762875557,0.3134435713291168,8.317232131958008,0.06318804621696472,1.5009335279464722,17.959000174158813,476.5424687862396
1777333256.120358,0.06377489119768143,0.3142360746860504,8.333364486694336,0.07727889716625214,1.6111488342285156,18.004407287997008,477.4667849567413
1777333256.1204019,0.06374303251504898,0.31491804122924805,8.347469329833984,0.07153604179620743,1.4134635925292969,18.04348110666275,478.274933228302
1777333256.1795719,0.06382782757282257,0.3154439628124237,8.362377166748047,0.04940835386514664,1.4872256517410278,18.073614204508065,479.12908967056273
1777333256.179668,0.06383727490901947,0.31552720069885254,8.37684154510498,0.014454641379415989,1.452487587928772,18.078383385801317,479.9578378000259
1777333256.1797152,0.06387205421924591,0.3153526484966278,8.390089988708496,-0.029381675645709038,1.3125793933868408,18.068382277733086,480.7169179750442
1777333256.179758,0.06409063935279846,0.3147362470626831,8.404814720153809,-0.0555867962539196,1.4785319566726685,18.033065064454078,481.56058324298857
1777333256.179799,0.0643196627497673,0.3140598237514496,8.419478416442871,-0.07169046998023987,1.4618346691131592,17.994308849698307,482.4007514528275
1777333256.180553,0.064716637134552,0.31328248977661133,8.435958862304688,-0.0801805928349495,1.6452523469924927,17.94977087774277,483.34501178283693
1777333256.23882,0.06503421068191528,0.3125970959663391,8.45157241821289,-0.0747770145535469,1.5545636415481567,17.910500691068172,484.23960295944215
1777333256.238893,0.06532516330480576,0.3119158446788788,8.468148231506348,-0.06024090200662613,1.6655281782150269,17.871467853552105,485.1893274427414
1777333256.238935,0.06580538302659988,0.311410516500473,8.482025146484375,-0.05258804187178612,1.3853732347488403,17.842514671307804,485.98441638793946
1777333256.238976,0.06607132405042648,0.3109872043132782,8.499818801879883,-0.04447620362043381,1.776822805404663,17.818260660892726,487.00391810874936
1777333256.239667,0.06642701476812363,0.3104116916656494,8.513623237609863,-0.0585416741669178,1.379072666168213,17.785286203336717,487.7948542974472
1777333256.298765,0.06670885533094406,0.30964723229408264,8.528200149536133,-0.08597218245267868,1.4476865530014038,17.7414858920753,488.63005012779234
1777333256.2988539,0.06703072786331177,0.3084273338317871,8.543279647827148,-0.12338060140609741,1.5060961246490479,17.671590833759307,489.4940420459747
1777333256.298901,0.06709183752536774,0.3069525361061096,8.557144165039062,-0.15182799100875854,1.3818504810333252,17.587091118228436,490.28842065124513
1777333256.333664,0.06727591156959534,0.3052942156791687,8.57274341583252,-0.1696258783340454,1.5561000108718872,17.492076322710513,491.18219220485685
1777333256.334496,0.06734613329172134,0.3039024770259857,8.589569091796875,-0.15008236467838287,1.6714895963668823,17.412335543185474,492.1462327697754
1777333256.334553,0.06731773167848587,0.3025802671909332,8.604545593261719,-0.12825901806354523,1.5012991428375244,17.336578472918273,493.0043234024048
1777333256.3345962,0.06727539002895355,0.30170881748199463,8.620932579040527,-0.09733392298221588,1.6278313398361206,17.28664806468487,493.94322886219027
1777333256.334645,0.0672251433134079,0.30100810527801514,8.63557243347168,-0.06905458867549896,1.4645274877548218,17.246500198388098,494.7820310337067
1777333256.3346848,0.06699614971876144,0.30046844482421875,8.650372505187988,-0.052676860243082047,1.4810014963150024,17.215579920959474,495.6300129827499
1777333256.393022,0.06676722317934036,0.29992881417274475,8.664214134216309,-0.057151518762111664,1.3809893131256104,17.18466135107875,496.4230801912308
1777333256.393122,0.06647295504808426,0.29928380250930786,8.678909301757812,-0.06373222172260284,1.469831109046936,17.1477048918128,497.26505157165525
1777333256.393169,0.0661611333489418,0.29847252368927,8.692480087280273,-0.08226785808801651,1.3550699949264526,17.101222022795678,498.0426005847931
1777333256.3932118,0.06579366326332092,0.29749441146850586,8.707799911499023,-0.0975993275642395,1.5325560569763184,17.04518030061722,498.92036216926573
1777333256.3932538,0.06550627201795578,0.2964249849319458,8.723989486694336,-0.10648475587368011,1.619120717048645,16.98390665166378,499.8479568317413
1777333256.394049,0.06521958112716675,0.29560959339141846,8.739472389221191,-0.09361571073532104,1.5357248783111572,16.937188141036035,500.73506211833956
1777333256.453054,0.06482741981744766,0.2948898673057556,8.755051612854004,-0.07172523438930511,1.557832956314087,16.895950859177113,501.62768619976043
1777333256.45315,0.06459029763936996,0.2945212423801422,8.770981788635254,-0.043071500957012177,1.5866355895996094,16.87483019916415,502.5404183652878
1777333256.453196,0.06424858421087265,0.2945021986961365,8.785346031188965,-0.008174393326044083,1.4297258853912354,16.873739076054097,503.36342913379667
1777333256.453239,0.06407773494720459,0.2944927215576172,8.79971694946289,0.008467870764434338,1.4464774131774902,16.87319607582092,504.18682239303587
1777333256.454009,0.06408632546663284,0.2945759892463684,8.81418228149414,0.011842642910778522,1.4500069618225098,16.877966964662075,505.015625164032
1777333256.454061,0.06408632546663284,0.2945759892463684,8.82856273651123,0.006557014770805836,1.4403012990951538,16.877966964662075,505.83956483860015
1777333256.512502,0.06408632546663284,0.2945759892463684,8.842944145202637,-0.004645584151148796,1.437099575996399,16.877966964662075,506.6635591547012
1777333256.512587,0.06407773494720459,0.2944927215576172,8.858201026916504,-0.013410599902272224,1.5203444957733154,16.87319607582092,507.5377143980026
1777333256.5126321,0.06408561766147614,0.2943219542503357,8.874330520629883,-0.016729746013879776,1.6088201999664307,16.863411826336385,508.46186664390564
1777333256.5133922,0.06410207599401474,0.29423442482948303,8.889582633972168,-0.012332005426287651,1.5251508951187134,16.858396758145094,509.3357486795425
1777333256.5134468,0.06425647437572479,0.294331431388855,8.90597915649414,-0.005833884701132774,1.623887300491333,16.863954826569557,510.275200554657
1777333256.5134878,0.06442732363939285,0.29434096813201904,8.9213285446167,0.002959105186164379,1.5315178632736206,16.864501241898537,511.1546560266495
1777333256.571724,0.06459029763936996,0.2945212423801422,8.935891151428223,0.01860749162733555,1.4578871726989746,16.87483019916415,511.9890322340012
1777333256.57181,0.06466441601514816,0.29470959305763245,8.949501037597656,0.021569285541772842,1.3633009195327759,16.8856219019115,512.7688215499878
1777333256.572578,0.06481093913316727,0.2949773967266083,8.964151382446289,0.021765900775790215,1.4597145318984985,16.900965927368404,513.6082247783661
1777333256.57263,0.06498176604509354,0.29498693346977234,8.97854232788086,0.007653006352484226,1.445434331893921,16.901512342697384,514.4327655097961
1777333256.572673,0.06516844034194946,0.2946549355983734,8.992591857910156,-0.014068991877138615,1.4236046075820923,16.882490259057285,515.2377445724487
1777333256.572714,0.06516775488853455,0.2944009006023407,9.007678031921387,-0.020613940432667732,1.5129112005233765,16.86793512073159,516.1021189813614
1777333256.63075,0.06528092920780182,0.29413455724716187,9.023710250854492,-0.02387433871626854,1.6059690713882446,16.852674765121936,517.0206977909088
1777333256.631548,0.06528027355670929,0.29388052225112915,9.039754867553711,-0.027419721707701683,1.6022467613220215,16.838119626796246,517.939986940384
1777333256.6316009,0.06537704914808273,0.29370176792144775,9.055875778198242,-0.03178316727280617,1.5977749824523926,16.827877754473686,518.8636474124909
1777333256.631644,0.06538495421409607,0.2935309410095215,9.071044921875,-0.031777143478393555,1.502016305923462,16.818090089893342,519.7327756347656
1777333256.631689,0.06557224690914154,0.2934529781341553,9.086308479309082,-0.02388857491314411,1.5101721286773682,16.813623144578933,520.6073133687973
1777333256.631729,0.06556371599435806,0.29336974024772644,9.09964656829834,-0.013042121194303036,1.3290249109268188,16.808853963285685,521.371529847908
1777333256.687805,0.0656604990363121,0.29319095611572266,9.113849639892578,-0.016445308923721313,1.421336054801941,16.798610383415223,522.1853061973571
1777333256.687894,0.06565988808870316,0.29293692111968994,9.12797737121582,-0.024890882894396782,1.4131780862808228,16.78405524508953,522.9947658657074
1777333256.687938,0.06568419933319092,0.2926785945892334,9.14210033416748,-0.028842031955718994,1.4089033603668213,16.7692542198658,523.8039523263931
1777333256.68798,0.06550483405590057,0.2925857603549957,9.157347679138184,-0.03455739468336105,1.4995231628417969,16.763935208147764,524.6775611543655
1777333256.688021,0.06542282551527023,0.29256826639175415,9.172670364379883,-0.02041872777044773,1.51302969455719,16.762932877528666,525.5554866634369
1777333256.688791,0.06529321521520615,0.29292210936546326,9.18836498260498,0.0024949482176452875,1.5361536741256714,16.78320659378171,526.4547223703385
1777333256.746665,0.06501766294240952,0.2932620942592621,9.204045295715332,0.02028854563832283,1.5542353391647339,16.80268630025983,527.3531384542465
1777333256.7467468,0.0648144781589508,0.2936815917491913,9.21884536743164,0.030901072546839714,1.4687902927398682,16.826721744543313,528.2011204032898
1777333256.746791,0.06462778896093369,0.2940135598182678,9.233559608459473,0.03858240693807602,1.4764716625213623,16.84574212063551,529.0441846143723
1777333256.746832,0.06453953683376312,0.2942756414413452,9.247244834899902,0.03510551527142525,1.3774303197860718,16.86075829689503,529.8282906114579
1777333256.7475562,0.064271941781044,0.29444485902786255,9.260836601257324,0.029260195791721344,1.3713942766189575,16.870453753888608,530.6070417383194
1777333256.747604,0.06409318000078201,0.29460614919662476,9.274420738220215,0.013518881984055042,1.355681300163269,16.87969500313997,531.3853557329178
1777333256.805799,0.064028300344944,0.29475513100624084,9.287992477416992,0.014357744716107845,1.3566206693649292,16.888231035107374,532.1629593875884
1777333256.805888,0.06403080374002457,0.2951180934906006,9.302736282348633,0.02318681962788105,1.4609447717666626,16.909027261018753,533.0077174861908
1777333256.8059342,0.0640401691198349,0.2954554259777069,9.318412780761719,0.03373417258262634,1.5672593116760254,16.9283549957335,533.9059150039673
1777333256.806709,0.06412375718355179,0.29598113894462585,9.334280014038086,0.05218501389026642,1.585767149925232,16.958476140743493,534.8150408283234
1777333256.8067598,0.06419958174228668,0.29667752981185913,9.349357604980469,0.07332023233175278,1.5109938383102417,16.998376412594318,535.6789234634399
1777333256.864623,0.06426767259836197,0.2975447177886963,9.3636474609375,0.08979569375514984,1.4318238496780396,17.048062641477586,536.4976721923828
1777333256.864715,0.0642305463552475,0.2985075116157532,9.378992080688477,0.09312952309846878,1.5309468507766724,17.10322668403387,537.3768544567108
1777333256.8647602,0.06430672109127045,0.2992039620876312,9.393110275268555,0.08239763230085373,1.4242968559265137,17.1431303709805,538.1857677097321
1777333256.8655329,0.06437414884567261,0.2998170554637909,9.407147407531738,0.055142469704151154,1.3971654176712036,17.17825804644227,538.9900364324569
1777333256.8655841,0.06439187377691269,0.29998359084129333,9.420736312866211,0.02344619482755661,1.3654125928878784,17.187799824124575,539.7686236347198
1777333256.8656268,0.06457147747278214,0.30007627606391907,9.434252738952637,-0.007009100168943405,1.3341087102890015,17.193110298103093,540.5430580804825
1777333256.923682,0.06459590792655945,0.2998180687427521,9.449334144592285,-0.021341897547245026,1.513717770576477,17.178316103070973,541.4071592817306
1777333256.923774,0.06460367143154144,0.29964739084243774,9.464503288269043,-0.01775846816599369,1.5156899690628052,17.168536976230143,542.2762875040054
1777333256.924512,0.06460367143154144,0.29964739084243774,9.479842185974121,0.0009044536272995174,1.5344874858856201,17.168536976230143,543.1551419191361
1777333256.924565,0.06458812952041626,0.2999888062477112,9.495526313781738,0.034080520272254944,1.5682750940322876,17.18809864500761,544.0537765691757
1777333256.924607,0.06464679539203644,0.3005186915397644,9.509478569030762,0.058285847306251526,1.4002522230148315,17.218458846724033,544.8531821954728
1777333256.924649,0.06461785733699799,0.30131086707115173,9.525609970092773,0.07342291623353958,1.6046136617660522,17.263847177535297,545.7774437244416
1777333256.980139,0.06456109881401062,0.3019977807998657,9.539719581604004,0.0759505033493042,1.4203027486801147,17.303204449152947,546.5858652036667
1777333256.980978,0.06452194601297379,0.30245286226272583,9.55359935760498,0.05318107455968857,1.3953664302825928,17.329278705632685,547.3811180734634
1777333256.981034,0.06449738889932632,0.30271095037460327,9.567278861999512,0.021276935935020447,1.3594303131103516,17.344066070473193,548.1648962213516
1777333256.98109,0.06430870294570923,0.3025349974632263,9.580526351928711,-0.01694457232952118,1.3287500143051147,17.33398470765352,548.923921754837
1777333256.981132,0.06425909698009491,0.30208835005760193,9.594460487365723,-0.045684635639190674,1.3921093940734863,17.30839368723035,549.7222891920089
1777333256.981173,0.06411856412887573,0.30154067277908325,9.609251976013184,-0.055614911019802094,1.4751555919647217,17.2770140794158,550.5697793672562
1777333257.0365849,0.0639544278383255,0.3011065423488617,9.62511920928955,-0.04955843463540077,1.5836602449417114,17.25214022911191,551.4789051916123
1777333257.036673,0.06389694660902023,0.3008306324481964,9.641141891479492,-0.024693191051483154,1.604973316192627,17.23633175062537,552.3969375858306
1777333257.036719,0.06389694660902023,0.3008306324481964,9.655523300170898,0.008007222786545753,1.4457526206970215,17.23633175062537,553.2209319019317
1777333257.036762,0.06379258632659912,0.301180362701416,9.671211242675781,0.036543507128953934,1.5702415704727173,17.256369825267793,554.119785118103
1777333257.036803,0.06387685984373093,0.3017060458660126,9.68612003326416,0.05461805686354637,1.4926384687423706,17.286489262729884,554.9739962018966
1777333257.037579,0.06397020071744919,0.3023150563240051,9.69919204711914,0.05753537267446518,1.3034563064575195,17.321383004128933,555.7229676933289
1777333257.094802,0.06405465304851532,0.3028407394886017,9.712182998657227,0.05234178528189659,1.2987629175186157,17.351502441591023,556.4672946544647
1777333257.094889,0.06406495720148087,0.3031778931617737,9.724983215332031,0.03254266455769539,1.2788373231887817,17.370819931018353,557.200693309021
1777333257.094934,0.0641075074672699,0.3030863404273987,9.737357139587402,3.489281516522169e-05,1.2463645935058594,17.36557434386015,557.9096671983718
1777333257.129461,0.06422072649002075,0.3028198182582855,9.750513076782227,-0.023721860721707344,1.318009853363037,17.350303742963074,558.6634471446991
1777333257.130304,0.06442497670650482,0.30265432596206665,9.764728546142578,-0.026954200118780136,1.410899043083191,17.340821729457378,559.4779338340759
1777333257.130395,0.06443267315626144,0.3024836480617523,9.778939247131348,-0.011416509747505188,1.426580548286438,17.33104260261655,560.2921473157883
1777333257.1304388,0.06479226797819138,0.30266883969306946,9.793505668640137,0.014951900579035282,1.4530928134918213,17.34165330528617,561.1267420892715
1777333257.130481,0.06503864377737045,0.30312061309814453,9.80833911895752,0.04660559445619583,1.4846385717391968,17.36753802394867,561.9766364919662
1777333257.188483,0.06526979058980942,0.3039137125015259,9.822554588317871,0.08023873716592789,1.422305703163147,17.412979288744925,562.7911231813431
1777333257.1892989,0.06546959280967712,0.30499139428138733,9.83609676361084,0.1101163774728775,1.3562259674072266,17.474725928467514,563.567032948494
1777333257.189354,0.06575050204992294,0.3062312602996826,9.849800109863281,0.12979622185230255,1.3757171630859375,17.545765043878554,564.3521771347046
1777333257.189398,0.0662282183766365,0.3074762225151062,9.862549781799316,0.1274046152830124,1.2775434255599976,17.617096149981023,565.0826797880172
1777333257.18944,0.06652610749006271,0.3086286187171936,9.876167297363281,0.11570162326097488,1.3620293140411377,17.68312361229658,565.8629062362671
1777333257.1894798,0.06701929867267609,0.30953237414360046,9.888575553894043,0.10347331315279007,1.2539571523666382,17.7349050024569,566.5738472208023
1777333257.248231,0.06749553233385086,0.3105236291885376,9.902031898498535,0.08931364864110947,1.3353610038757324,17.791699753260612,567.3448392499923
1777333257.248321,0.06807591021060944,0.3111650049686432,9.916094779968262,0.07211590558290482,1.4139481782913208,17.828447891682387,568.1505832941056
1777333257.248366,0.06867342442274094,0.31171879172325134,9.931031227111816,0.05675416812300682,1.4949184656143188,17.860177546817063,569.0063789823532
1777333257.2484071,0.06926145404577255,0.31218963861465454,9.945883750915527,0.04249956086277962,1.4803168773651123,17.887155096137523,569.8573662157058
1777333257.248447,0.06984953582286835,0.31266042590141296,9.960734367370605,0.04388239607214928,1.481640338897705,17.914129230362178,570.7082441659927
1777333257.2491899,0.07043756544589996,0.31313130259513855,9.975587844848633,0.05026048794388771,1.4882451295852661,17.94110848723054,571.5592860408783
1777333257.307792,0.07093661278486252,0.31361109018325806,9.990448951721191,0.06020339950919151,1.4983083009719849,17.96859830092192,572.4107650480271
1777333257.30788,0.07150958478450775,0.31442317366600037,10.0037260055542,0.06818542629480362,1.3143261671066284,18.015127273732425,573.1714844690323
1777333257.307925,0.07206327468156815,0.3150695264339447,10.017793655395508,0.07394656538963318,1.4160470962524414,18.05216057265401,573.97750172081
1777333257.307968,0.07262658327817917,0.315798819065094,10.030987739562988,0.0654798299074173,1.311745285987854,18.09394597738981,574.7334673284531
1777333257.308745,0.07360302656888962,0.31648311018943787,10.044136047363281,0.047073446214199066,1.2933368682861328,18.133152984791995,575.4868101425171
1777333257.3672152,0.0740010216832161,0.31677910685539246,10.05689525604248,0.025584740564227104,1.2719416618347168,18.150112350565195,576.2178592111587
1777333257.3673038,0.07437199354171753,0.31708019971847534,10.070619583129883,0.020243410021066666,1.36250638961792,18.167363707029818,577.0042055110931
1777333257.36735,0.07467876374721527,0.3172750771045685,10.08519458770752,0.02368096262216568,1.4615826606750488,18.178529362767936,577.8392920583725
1777333257.367393,0.07488863915205002,0.3176494836807251,10.100911140441895,0.027144527062773705,1.5608603954315186,18.19998128707409,578.7397845205307
1777333257.368151,0.07508104294538498,0.31811168789863586,10.114795684814453,0.0348401702940464,1.3770025968551636,18.226463647502662,579.535310597992
1777333257.368202,0.07535476237535477,0.31859272718429565,10.129657745361328,0.043807823210954666,1.481529951095581,18.254025178205968,580.3868442466736
1777333257.368244,0.07553922384977341,0.3192256689071655,10.144671440124512,0.04805145785212517,1.4850068092346191,18.290290080571175,581.247065899086
1777333257.42684,0.07556059956550598,0.31967833638191223,10.157588958740234,0.04595496505498886,1.292874813079834,18.316226025670765,581.9871854621887
1777333257.426925,0.0755896046757698,0.31996050477027893,10.170334815979004,0.040659673511981964,1.2867673635482788,18.332393089216946,582.7174695493699
1777333257.427697,0.07555270940065384,0.3198827803134918,10.182720184326172,0.02629750967025757,1.272249460220337,18.327939804285766,583.4270991371155
1777333257.4277492,0.07550804316997528,0.3199755847454071,10.196237564086914,0.009699756279587746,1.3519909381866455,18.333257108455896,584.201588224411
1777333257.4277918,0.07556222379207611,0.31999945640563965,10.209683418273926,-0.0030052117072045803,1.3389275074005127,18.334624854326247,584.9719791967392
1777333257.427845,0.07553504407405853,0.3200044631958008,10.223112106323242,-0.007315158843994141,1.332129955291748,18.334911722373963,585.7413866214753
1777333257.486262,0.07543614506721497,0.32007336616516113,10.237561225891113,-0.006615740247070789,1.4337342977523804,18.338859573125838,586.5692604864121
1777333257.487097,0.07533907145261765,0.32025283575057983,10.253081321716309,0.006082398816943169,1.5401629209518433,18.34914242659807,587.4584967927933
1777333257.4873788,0.07515278458595276,0.3205839693546295,10.267794609069824,0.016677407547831535,1.4488389492034912,18.368114991348982,588.3015063623428
1777333257.487475,0.07507521659135818,0.3209289610385895,10.28252124786377,0.025974398478865623,1.4695881605148315,18.387881565874814,589.145280913353
1777333257.48752,0.07488896697759628,0.3212600648403168,10.29627513885498,0.030935276299715042,1.3728680610656738,18.406852423077822,589.9333211008072
1777333257.4875982,0.07464087009429932,0.3215952515602112,10.310991287231445,0.027068162336945534,1.4623384475708008,18.426057214343547,590.7764945949555
1777333257.546582,0.07448982447385788,0.3217509686946869,10.323610305786133,0.013853026553988457,1.2620823383331299,18.434979152137043,591.4995113582611
1777333257.546669,0.07468775659799576,0.32175585627555847,10.336078643798828,0.0009459989378228784,1.2473030090332031,18.435259189993143,592.2138947593689
1777333257.546713,0.07471510022878647,0.3217509090900421,10.348539352416992,-0.006615675054490566,1.239402413368225,18.434975737041235,592.9278410282135
1777333257.546755,0.07473264634609222,0.32166317105293274,10.361873626708984,-0.006099681369960308,1.3360679149627686,18.429948716014625,593.6918389411926
1777333257.546796,0.07489552348852158,0.3218435049057007,10.375476837158203,0.016336528584361076,1.35829758644104,18.440281088376047,594.471245766449
1777333257.5475452,0.07511439919471741,0.3223009705543518,10.38935661315918,0.043944016098976135,1.3857091665267944,18.46649194868803,595.2664986362457
1777333257.606438,0.07541670650243759,0.32303065061569214,10.404468536376953,0.06996960192918777,1.5080262422561646,18.508299551546575,596.1323483665466
1777333257.606534,0.07580038905143738,0.32392171025276184,10.418782234191895,0.09503984451293945,1.4371068477630615,18.559353526300193,596.952463133812
1777333257.60658,0.07616837322711945,0.3250114619731903,10.433293342590332,0.10502416640520096,1.446956992149353,18.62179172292352,597.7838886983872
1777333257.638528,0.07653426378965378,0.32599034905433655,10.447696685791016,0.10498206317424774,1.4469714164733887,18.677877841347456,598.6091397697448
1777333257.6393569,0.07701686024665833,0.32681286334991455,10.460982322692871,0.08618200570344925,1.3321340084075928,18.725004455924033,599.3703509645462
1777333257.63941,0.07723536342382431,0.32727062702178955,10.473904609680176,0.04295584186911583,1.2890344858169556,18.75123239171505,600.1107437353135
1777333257.6394508,0.07756641507148743,0.32720789313316345,10.487263679504395,-0.0029380046762526035,1.3392632007598877,18.747638003379105,600.8761623281479
1777333257.639492,0.07783181965351105,0.3267851173877716,10.500265121459961,-0.049022648483514786,1.2929331064224243,18.723414728826285,601.6210903461456
1777333257.639533,0.07805121690034866,0.32602551579475403,10.514845848083496,-0.07462583482265472,1.459052562713623,18.67989274787307,602.4565047426224
1777333257.697492,0.07808054238557816,0.32523271441459656,10.528432846069336,-0.08388236910104752,1.3539116382598877,18.63446855855584,603.2349826618195
1777333257.697578,0.07812753319740295,0.32435208559036255,10.543851852416992,-0.08072052896022797,1.5490412712097168,18.584012225568294,604.1184269657135
1777333257.697623,0.07815088331699371,0.3238406777381897,10.559640884399414,-0.06520701199769974,1.5646908283233643,18.55471070355177,605.0230721843719
1777333257.697665,0.07806550711393356,0.3233153223991394,10.575413703918457,-0.05157835781574249,1.578128695487976,18.52461004911661,605.9267884969711
1777333257.697707,0.07790877670049667,0.32285362482070923,10.591251373291016,-0.04094111919403076,1.5885761976242065,18.49815671700239,606.8342204338073
1777333257.756717,0.07773620635271072,0.32259050011634827,10.606328010559082,-0.028915628790855408,1.5047245025634766,18.48308077656627,607.6980484273911
1777333257.756809,0.07747253030538559,0.3222257196903229,10.619385719299316,-0.04059342294931412,1.3017367124557495,18.462180390232803,608.4462002958297
1777333257.756855,0.07722463458776474,0.3215198814868927,10.633061408996582,-0.07129952311515808,1.3664817810058594,18.421738825696707,609.2297598775864
1777333257.756897,0.07709937542676926,0.3203762173652649,10.649175643920898,-0.11224832385778427,1.6133050918579102,18.356211674916743,610.153037858963
1777333257.756941,0.07674755901098251,0.31894534826278687,10.662125587463379,-0.15308675169944763,1.2847305536270142,18.274228884994983,610.8950152341843
1777333257.75773,0.07657415419816971,0.3173539638519287,10.677793502807617,-0.16305984556674957,1.5624163150787354,18.183049242067337,611.7927209781647
1777333257.816559,0.07639284431934357,0.3159332573413849,10.694588661193848,-0.1456289440393448,1.675756812095642,18.10164872598052,612.7550130140305
1777333257.816648,0.07626769691705704,0.31478962302207947,10.710702896118164,-0.11936751008033752,1.6062289476394653,18.03612328274846,613.6782909954071
1777333257.816694,0.07604547590017319,0.3138253688812256,10.726037979125977,-0.0955013856291771,1.5338938236236572,17.980875570344924,614.5569268444061
1777333257.8516579,0.07592345029115677,0.31318849325180054,10.741700172424316,-0.06695535778999329,1.5627249479293823,17.944385271656515,615.4543047391892
1777333257.852473,0.07594701647758484,0.31267663836479187,10.754610061645508,-0.05269896984100342,1.2893345355987549,17.915058136421443,616.1939871700287
1777333257.85253,0.07616636902093887,0.312059611082077,10.768375396728516,-0.06162099912762642,1.376543402671814,17.879705064636468,616.9826830558777
1777333257.852573,0.0762949138879776,0.31119781732559204,10.782854080200195,-0.08373625576496124,1.4497121572494507,17.830327901923656,617.8122508083344
1777333257.852614,0.076717808842659,0.3101615011692047,10.797158241271973,-0.10779687762260437,1.4258235692977905,17.77095133869052,618.6318191602707
1777333257.8526552,0.07696834951639175,0.30886179208755493,10.811198234558105,-0.1296301931142807,1.4043549299240112,17.69648346709013,619.4362518075943
1777333257.911859,0.07756046950817108,0.30758172273635864,10.826216697692871,-0.13571172952651978,1.4937918186187744,17.623140869557858,620.2967466676712
1777333257.911948,0.07796478271484375,0.3063797354698181,10.84227180480957,-0.12688706815242767,1.5983211994171143,17.554272047531605,621.2166368740081
1777333257.9119942,0.07854131609201431,0.3054410517215729,10.857632637023926,-0.10358824580907822,1.5260920524597168,17.500489411228894,622.0967480443954
1777333257.9120362,0.0791914314031601,0.30469128489494324,10.87318229675293,-0.07406219094991684,1.5553737878799438,17.457530921083688,622.9876782382966
1777333257.912092,0.07972744852304459,0.3042086660861969,10.887081146240234,-0.03801072761416435,1.3998425006866455,17.42987889034152,623.7840239387513
1777333257.912883,0.08022326231002808,0.30432644486427307,10.901579856872559,-0.00699573615565896,1.4308216571807861,17.436627119654418,624.6147391633988
1777333257.971713,0.08072689175605774,0.3042736053466797,10.914950370788574,0.0006231471779756248,1.3426512479782104,17.43359963722229,625.380813454628
1777333257.971806,0.08106864988803864,0.30429351329803467,10.929351806640625,0.005252531263977289,1.4433214664459229,17.434740279221536,626.2059552429199
1777333257.971852,0.08138464391231537,0.30431899428367615,10.942800521850586,-0.004208199679851532,1.3350416421890259,17.43620023267865,626.9765101398468
1777333257.971895,0.08164460957050323,0.3041764497756958,10.95799732208252,-0.011686155572533607,1.5252960920333862,17.428033031058312,627.8472229665756
1777333257.9726741,0.08172526955604553,0.3040856122970581,10.973247528076172,-0.01490782666951418,1.5189809799194336,17.422828425049783,628.7209957191467
1777333257.972726,0.08195158839225769,0.3041194975376129,10.98862075805664,-0.009495820850133896,1.5215038061141968,17.424769907015563,629.6018172294616
1777333258.031264,0.08210564404726028,0.30421772599220276,11.003101348876953,-0.0009798832470551133,1.439741611480713,17.43039798490405,630.4314942649842
1777333258.0313458,0.0821610763669014,0.3042416274547577,11.018465042114258,0.008913482539355755,1.5426685810089111,17.431767438322307,631.3117693599701
1777333258.03139,0.08203821629285812,0.3045705258846283,11.03317642211914,0.024921979755163193,1.4588207006454468,17.450611936980486,632.1546696464538
1777333258.032156,0.0817529633641243,0.3048277199268341,11.046855926513672,0.030437476933002472,1.376002550125122,17.4653480753839,632.938447794342
1777333258.032206,0.08145074546337128,0.3051730692386627,11.05966567993164,0.03480619564652443,1.2811962366104126,17.485135140484573,633.6723928642273
1777333258.032249,0.08107621967792511,0.3055826425552368,11.073498725891113,0.029991280287504196,1.3720194101333618,17.508601971316338,634.464968298912
1777333258.090872,0.08017905801534653,0.3056259751319885,11.086963653564453,0.011305330321192741,1.3530704975128174,17.511084745967388,635.2364521018982
1777333258.0909598,0.07965748757123947,0.3055131733417511,11.101232528686523,-0.0062361229211091995,1.4319047927856445,17.5046216771543,636.0539987171173
1777333258.091742,0.07924240082502365,0.30530399084091187,11.116362571716309,-0.013925925828516483,1.5199825763702393,17.492636398422718,636.9208866365433
1777333258.091796,0.07890870422124863,0.30511319637298584,11.132471084594727,-0.021788593381643295,1.60764741897583,17.481704676747324,637.8438367687226
1777333258.091839,0.07846769690513611,0.30490946769714355,11.147607803344727,-0.024035170674324036,1.5097965002059937,17.470031879281997,638.7111071788788
1777333258.091899,0.07815086841583252,0.3046306371688843,11.16266918182373,-0.02481168881058693,1.5090770721435547,17.45405606110096,639.5740609079361
1777333258.150923,0.07788967341184616,0.3045196235179901,11.177898406982422,-0.028226742520928383,1.5056432485580444,17.447695445162058,640.4466315467835
1777333258.151757,0.07753903418779373,0.3044168949127197,11.192177772521973,-0.022016191855072975,1.4158246517181396,17.441809527540208,641.2647792188644
1777333258.151813,0.07736727595329285,0.3041534125804901,11.206295013427734,-0.019882164895534515,1.4180554151535034,17.426713096529244,642.0736378303528
1777333258.151857,0.07729383558034897,0.30396437644958496,11.21953010559082,-0.02761702425777912,1.31470787525177,17.41588212018013,642.8319530239105
1777333258.1518989,0.07733557373285294,0.3036176562309265,11.233564376831055,-0.03574119135737419,1.4023277759552002,17.39601650787592,643.6360578220367
1777333258.151943,0.07761175185441971,0.3032779395580292,11.24760627746582,-0.04205982759594917,1.3957575559616089,17.376552169328928,644.4405997524261
1777333258.211184,0.07816597819328308,0.302961140871048,11.262629508972168,-0.0483291856944561,1.4854258298873901,17.35840093511939,645.3013678201676
1777333258.2112708,0.07860518246889114,0.3028021454811096,11.277810096740723,-0.036206092685461044,1.4974340200424194,17.34929116705656,646.1711517408371
1777333258.211317,0.07913462817668915,0.3027440905570984,11.293091773986816,-0.020638981834053993,1.5130012035369873,17.345964863741397,647.0467276639938
1777333258.21136,0.0797029659152031,0.30279776453971863,11.308486938476562,-0.007223582360893488,1.5264922380447388,17.34904015751481,647.9288059295654
1777333258.211402,0.08021558821201324,0.3028278946876526,11.323857307434082,-0.003568495623767376,1.5304166078567505,17.350766488444805,648.8094635152817
1777333258.2121909,0.08062098920345306,0.30270105600357056,11.337153434753418,-0.002074797870591283,1.3399198055267334,17.343499164569376,649.5712757669448
1777333258.27129,0.08105152100324631,0.30245962738990784,11.351292610168457,-0.011707847937941551,1.4259780645370483,17.32966631900668,650.3813911336899
1777333258.271381,0.08139166980981827,0.3019729554653168,11.36423110961914,-0.04245773330330849,1.2999625205993652,17.301782061749698,651.1227128105163
1777333258.271426,0.08180470764636993,0.30156654119491577,11.378204345703125,-0.053039081394672394,1.3845033645629883,17.278496230995653,651.9233205505371
1777333258.271468,0.08222603797912598,0.30098941922187805,11.392008781433105,-0.05956621468067169,1.3781791925430298,17.24542956585288,652.7142567392349
1777333258.272226,0.0823700800538063,0.30049842596054077,11.40685749053955,-0.04785401374101639,1.485709309577942,17.21729771414995,653.565025406456
1777333258.272276,0.08261269330978394,0.30008211731910706,11.421782493591309,-0.03786125406622887,1.4959509372711182,17.193444977492096,654.4201653963089
1777333258.328423,0.08274088054895401,0.29993289709091187,11.437931060791016,-0.021340038627386093,1.6082857847213745,17.18489528514147,655.3454104728698
1777333258.32851,0.0829676166176796,0.29996708035469055,11.453307151794434,-0.0007769069634377956,1.53324556350708,17.186853842586277,656.2263959077835
1777333258.328557,0.08290857076644897,0.3001493215560913,11.468828201293945,0.013650225475430489,1.547501564025879,17.197295498013496,657.1156868556976
1777333258.32933,0.08303721994161606,0.30025357007980347,11.483315467834473,0.01701364852488041,1.454998254776001,17.203268500578403,657.9457463819504
1777333258.3293812,0.08287972956895828,0.30036115646362305,11.497804641723633,0.006469033658504486,1.4443942308425903,17.209432748508455,658.775915191269
1777333258.3876731,0.0828370526432991,0.3002016544342041,11.512984275817871,-0.017762115225195885,1.5156863927841187,17.200293952131272,659.6456444704056
1777333258.387747,0.08272978663444519,0.29968225955963135,11.526845932006836,-0.04044440761208534,1.3976370096206665,17.170534807276727,660.4398591510773
1777333258.38779,0.08260586112737656,0.2992510199546814,11.541753768920898,-0.05267371982336044,1.4809664487838745,17.145826589119434,661.294015593338
1777333258.388534,0.08258018642663956,0.2987498342990875,11.556593894958496,-0.04518168047070503,1.4886687994003296,17.117110756033657,662.144292486763
1777333258.388583,0.08235849440097809,0.29849714040756226,11.571681022644043,-0.02938629873096943,1.504368782043457,17.102632457363605,663.0087215372085
1777333258.388624,0.08229101449251175,0.29859659075737,11.588081359863281,-0.006110228598117828,1.6240053176879883,17.108330544716118,663.9483919784545
1777333258.445119,0.08212536573410034,0.29862114787101746,11.603446006774902,0.013329677283763885,1.5471996068954468,17.109737564188244,664.8287217149734
1777333258.445197,0.08204931020736694,0.2988913357257843,11.618097305297852,0.02882518619298935,1.4669660329818726,17.12521819347739,665.6681795848847
1777333258.445956,0.08171255141496658,0.2991585433483124,11.630827903747559,0.03631846234202385,1.2825196981430054,17.140528067976238,666.3975894075394
1777333258.44617,0.08146537840366364,0.2994179129600525,11.646428108215332,0.026294944807887077,1.5598387718200684,17.155388857376575,667.291415602684
1777333258.446364,0.08122667670249939,0.2995063066482544,11.65993881225586,-0.006611078046262264,1.3351876735687256,17.160453444457055,668.0655221992492
1777333258.446413,0.08095835149288177,0.29880490899086,11.673620223999023,-0.07235129922628403,1.3627992868423462,17.120266304558516,668.8494096302032
1777333258.50217,0.0806737020611763,0.29793810844421387,11.6871337890625,-0.08438456803560257,1.3565067052841187,17.070602273797988,669.6236801513672
1777333258.5029938,0.08039767295122147,0.29715389013290405,11.700732231140137,-0.09306757152080536,1.3451921939849854,17.025669858276842,670.402813768959
1777333258.503049,0.0801219791173935,0.2963695228099823,11.717206001281738,-0.07890194654464722,1.6438093185424805,16.980728905016182,671.3466916082382
1777333258.561895,0.07983781397342682,0.29575589299201965,11.731932640075684,-0.056868139654397964,1.4792674779891968,16.94557049369216,672.1904661592483
1777333258.561984,0.07962559163570404,0.29558491706848145,11.747100830078125,-0.021014971658587456,1.5125484466552734,16.9357742913723,673.0595397399902
1777333258.56203,0.07938764244318008,0.29567277431488037,11.763487815856934,0.012709924951195717,1.637192726135254,16.940808142590523,673.9984451997757
1777333258.5628328,0.07906807959079742,0.2958506941795349,11.777088165283203,0.03029509261250496,1.3763999938964844,16.951002203571797,674.7776881004334
1777333258.5628889,0.0788121297955513,0.2962799370288849,11.79094123840332,0.035876769572496414,1.377933144569397,16.975596016019583,675.5714110073089
1777333258.562931,0.07847543060779572,0.29654568433761597,11.8046293258667,0.030404401943087578,1.3722032308578491,16.990822220671177,676.3556809289933
1777333258.622288,0.0782543271780014,0.2965450882911682,11.8180513381958,0.007350781001150608,1.3496137857437134,16.990788069713116,677.124705862999
1777333258.622371,0.0780341625213623,0.2962908446788788,11.83217716217041,-0.02478940039873123,1.4130045175552368,16.976220978552103,677.9340562482834
1777333258.623144,0.07774988561868668,0.2959301471710205,11.846198081970215,-0.03764117881655693,1.4000684022903442,16.955554526281357,678.737396064949
1777333258.623198,0.07771795988082886,0.2955988049507141,11.861207962036133,-0.03150099515914917,1.5025410652160645,16.936570008695124,679.5973991512299
1777333258.623277,0.07760358601808548,0.295502632856369,11.87645149230957,-0.013289527967572212,1.5201588869094849,16.931059751611947,680.4707894130706
1777333258.6233191,0.07757855206727982,0.2955077588558197,11.88987922668457,0.00900122057646513,1.3508954048156738,16.931353449851276,681.2401421962738
1777333258.6834502,0.07746275514364243,0.29577386379241943,11.905485153198242,0.029395047575235367,1.562996745109558,16.946600145077706,682.1342962406159
1777333258.684268,0.077687568962574,0.2963157892227173,11.919450759887695,0.048423051834106445,1.3903840780258179,16.977650196146964,682.9344668483734
1777333258.68432,0.0779203474521637,0.2969406247138977,11.932538986206055,0.05965465307235718,1.3058559894561768,17.01345064548254,683.6843672458649
1777333258.684364,0.07799944281578064,0.2974662780761719,11.94552993774414,0.054771170020103455,1.301318883895874,17.043568375396728,684.4286942070007
1777333258.684405,0.07842949777841568,0.29784345626831055,11.958370208740234,0.040570974349975586,1.2868967056274414,17.06517910165787,685.1643878059388
1777333258.744141,0.07895825803279877,0.298042356967926,11.971033096313477,0.027564918622374535,1.273485779762268,17.076575276362895,685.8899180797576
1777333258.7450151,0.07948707789182663,0.2982412874698639,11.984655380249023,0.01349327526986599,1.3557227849960327,17.087973158615828,686.670417735672
1777333258.7450712,0.08009819686412811,0.29820525646209717,11.998042106628418,0.005050278268754482,1.3470113277435303,17.085908733201027,687.4374209329605
1777333258.7451148,0.08070019632577896,0.2983400225639343,12.012558937072754,-0.0006740973331034184,1.437346339225769,17.093630264818668,688.269174346733
1777333258.745157,0.08130256831645966,0.2983660101890564,12.027923583984375,0.006341779604554176,1.5399248600006104,17.095119246590137,689.1495040832519
1777333258.745198,0.0819605141878128,0.29852494597435,12.042464256286621,0.020150914788246155,1.4582557678222656,17.10422559955716,689.982623535347
1777333258.8048809,0.08268997073173523,0.29901814460754395,12.05733871459961,0.04503938928246498,1.4829646348953247,17.132483809804917,690.8348675239563
1777333258.8049762,0.08338483422994614,0.299687922000885,12.071433067321777,0.07181626558303833,1.4138391017913818,17.170859241378306,691.6424147386551
1777333258.805022,0.08404437452554703,0.3006432056427002,12.084851264953613,0.09476855397224426,1.3409074544906616,17.225592981863024,692.4112211065292
1777333258.805065,0.08462240546941757,0.30158013105392456,12.09825325012207,0.1059037297964096,1.3522003889083862,17.27927487283945,693.1790985683441
1777333258.805106,0.08518264442682266,0.3026055693626404,12.111742973327637,0.10082288831472397,1.34696364402771,17.33802818108797,693.9520030511856
1777333258.805869,0.08556331694126129,0.3035373389720917,12.124178886413574,0.09037360548973083,1.2404747009277344,17.39141466627717,694.6645286401748
1777333258.865727,0.08597023785114288,0.3042103946208954,12.138275146484375,0.0696299746632576,1.4117252826690674,17.429977928119897,695.4721851379395
1777333258.865814,0.08644221723079681,0.30542483925819397,12.151952743530273,0.06362423300743103,1.309700846672058,17.49956050516963,696.2558540027618
1777333258.86586,0.08669500797986984,0.30599862337112427,12.166908264160156,0.05993453040719032,1.4980753660202026,17.53243592494726,697.1127425216674
1777333258.8659031,0.08692990988492966,0.30666080117225647,12.181951522827148,0.05881454795598984,1.4964522123336792,17.570375931805373,697.9746580615997
1777333258.866718,0.08692226558923721,0.30712127685546875,12.19583511352539,0.06093598157167435,1.4032660722732544,17.596759254455566,698.770129497528
1777333258.866849,0.08690489083528519,0.30775249004364014,12.210847854614258,0.05222204700112343,1.489859700202942,17.632925119042397,699.6302965084076
1777333258.8668952,0.08673552423715591,0.30803048610687256,12.225506782531738,0.049837298691272736,1.4876186847686768,17.648853125882148,700.4701915105819
1777333258.8669372,0.08649348467588425,0.308371365070343,12.23927116394043,0.03517565876245499,1.3772038221359253,17.668384058797358,701.2588327548981
1777333258.866978,0.0863514244556427,0.308390349149704,12.251753807067871,0.024113092571496964,1.2702207565307617,17.669471766811608,701.9740357789993
1777333258.9238899,0.08603938668966293,0.3082878589630127,12.264114379882812,0.011871036142110825,1.2578853368759155,17.663599509572983,702.6822446868897
1777333258.923977,0.08562935888767242,0.3081102669239044,12.277359962463379,-0.008829312399029732,1.3330981731414795,17.653424231618644,703.4411609373093
1777333258.924022,0.08515635877847672,0.30782487988471985,12.290498733520508,-0.024168280884623528,1.317787528038025,17.63707275289893,704.1939573360443
1777333258.9588962,0.08467450737953186,0.3075663149356842,12.304621696472168,-0.028305627405643463,1.4095475673675537,17.622258067291973,705.00314379673
1777333258.95897,0.0841740220785141,0.30753934383392334,12.318976402282715,-0.028347330167889595,1.4098169803619385,17.620712736439703,705.82560814991
1777333258.959813,0.08358374238014221,0.3075195252895355,12.333337783813477,-0.013922767713665962,1.4238711595535278,17.61957721708417,706.6484549938202
1777333258.9598668,0.08299344033002853,0.307499498128891,12.347699165344238,0.0018190257251262665,1.4396003484725952,17.618429744893312,707.4713018377304
1777333258.9599109,0.08228551596403122,0.30774518847465515,12.362324714660645,0.01012060884386301,1.4480942487716675,17.632506769806145,708.3092843862534
1777333258.9599519,0.0817742794752121,0.30799737572669983,12.37600040435791,0.017035111784934998,1.3559843301773071,17.646956040161847,709.0928439680099
1777333259.019097,0.08135269582271576,0.30824199318885803,12.389667510986328,0.022110845893621445,1.3673670291900635,17.660971593350173,709.8759117759705
1777333259.019914,0.08084134012460709,0.30849382281303406,12.402382850646973,0.025302231311798096,1.271254301071167,17.675400373131037,710.6044473340988
1777333259.019967,0.08042755722999573,0.30882078409194946,12.415176391601562,0.023920832201838493,1.2676410675048828,17.694133881175517,711.3374634979248
1777333259.020011,0.08003183454275131,0.30905982851982117,12.427879333496094,0.026789534837007523,1.2753627300262451,17.70783012290597,712.0652887161255
1777333259.020129,0.07971498370170593,0.30957168340682983,12.4408540725708,0.031920913606882095,1.2781842947006226,17.73715725814104,712.8086867712021
1777333259.020173,0.07965787500143051,0.3101981282234192,12.453944206237793,0.06072283536195755,1.3041266202926636,17.773049915063382,713.5586964517594
1777333259.0795279,0.07966191321611404,0.3110755383968353,12.468243598937988,0.09237925708293915,1.4373713731765747,17.823321832877397,714.3779915960312
1777333259.079617,0.07960863411426544,0.3122912645339966,12.481924057006836,0.127335786819458,1.3736945390701294,17.89297783448696,715.1618243854523
1777333259.079662,0.07958165556192398,0.31379014253616333,12.49588680267334,0.1570308357477188,1.4032320976257324,17.978857248723507,715.9618310686111
1777333259.079704,0.07963358610868454,0.3155621290206909,12.510122299194336,0.17914962768554688,1.4253196716308594,18.0803846319437,716.7774652301788
1777333259.079746,0.07977505773305893,0.31732654571533203,12.524351119995117,0.17671974003314972,1.4230785369873047,18.18147829799652,717.5927169010163
1777333259.0805252,0.07994517683982849,0.3188328742980957,12.537363052368164,0.16156037151813507,1.3117854595184326,18.26778459920883,718.3382459758759
1777333259.139356,0.0801880732178688,0.3201660215854645,12.550201416015625,0.13222268223762512,1.2828307151794434,18.344168339556454,719.0738302917481
1777333259.139443,0.08029069751501083,0.320975661277771,12.562516212463379,0.08641345053911209,1.2368398904800415,18.39055729343891,719.7794164060592
1777333259.139488,0.08044089376926422,0.3213288187980652,12.575333595275879,0.03942713141441345,1.2856284379959106,18.410791736090182,720.5137986082077
1777333259.139531,0.08058425784111023,0.3213462233543396,12.586854934692383,0.001556694507598877,1.1518876552581787,18.41178894406557,721.1739229671479
1777333259.1403048,0.08073776215314865,0.32119330763816833,12.601083755493164,-0.016984617337584496,1.4206531047821045,18.403027515774966,721.9891746379852
1777333259.140409,0.08096380531787872,0.3209780156612396,12.614291191101074,-0.01874491013586521,1.3235516548156738,18.390692189723254,722.7459052270889
1777333259.199422,0.08109875023365021,0.3209128975868225,12.627649307250977,-0.008613928221166134,1.3334141969680786,18.386961197555067,723.5112691783905
1777333259.19951,0.08123189955949783,0.3211008310317993,12.641261100769043,0.020954376086592674,1.3630778789520264,18.397728994631766,724.291167777443
1777333259.199556,0.08121920377016068,0.3215597867965698,12.655142784118652,0.04135190695524216,1.3834471702575684,18.424025232338906,725.0865299303055
1777333259.200329,0.08138527721166611,0.32211393117904663,12.669118881225586,0.05925433710217476,1.401153564453125,18.45577537804842,725.8873015949249
1777333259.200455,0.08143232762813568,0.32293400168418884,12.682402610778809,0.07836893945932388,1.324725866317749,18.50276197369695,726.6484035066604
1777333259.259541,0.0814601331949234,0.32384181022644043,12.69577407836914,0.09923814237117767,1.3451590538024902,18.554775590372085,727.4145324394226
1777333259.2596228,0.0814959704875946,0.3248322308063507,12.707311630249023,0.10299065709114075,1.1575435400009155,18.61152252983451,728.075585704422
1777333259.259667,0.08142466843128204,0.32566526532173157,12.718690872192383,0.09012775868177414,1.144384503364563,18.659251908820867,728.7275684749603
1777333259.260444,0.08145306259393692,0.32632020115852356,12.731809616088867,0.06640645861625671,1.3125765323638916,18.696776981538534,729.4792174015046
1777333259.2604952,0.08140237629413605,0.32670149207115173,12.743696212768555,0.03639834374189377,1.186977505683899,18.718623349410297,730.1602694675446
1777333259.2605371,0.08128131926059723,0.3268917500972748,12.75635051727295,0.01818612590432167,1.264543056488037,18.729524335223438,730.8853079675674
1777333259.319724,0.0812324658036232,0.3270200490951538,12.768941879272461,0.011630289256572723,1.2579560279846191,18.736875328946113,731.606740126419
1777333259.3198159,0.08100233227014542,0.32730549573898315,12.781691551208496,0.03596256673336029,1.2819145917892456,18.75323022276163,732.3372427797317
1777333259.320605,0.0808117687702179,0.32803961634635925,12.794888496398926,0.0674632266163826,1.3135398626327515,18.79529225025773,733.0933723119736
1777333259.320658,0.08041996508836746,0.32901817560195923,12.808333396911621,0.10637612640857697,1.3527991771697998,18.851359585654734,733.8637086427689
1777333259.3207018,0.08008595556020737,0.3303576707839966,12.82117748260498,0.141129270195961,1.2914118766784668,18.92810703370571,734.5996208078384
1777333259.3207428,0.0797196477651596,0.3320661187171936,12.834392547607422,0.1746176779270172,1.3248518705368042,19.02599392479658,735.3567885292053
1777333259.3798091,0.07941047847270966,0.33402398228645325,12.845937728881836,0.19881857931613922,1.1575473546981812,19.138171284288166,736.0182789264679
1777333259.3806348,0.07890936732292175,0.3360551595687866,12.85947322845459,0.21484190225601196,1.3651533126831055,19.254549211621285,736.7938062028885
1777333259.380689,0.07848668098449707,0.3381071090698242,12.872072219848633,0.21280845999717712,1.2671079635620117,19.372117299842834,737.5156754940033
1777333259.3807318,0.07814273983240128,0.34006786346435547,12.883620262145996,0.19973550736904144,1.1582965850830078,19.484460291481017,738.1773298158646
1777333259.3807738,0.07771867513656616,0.34186607599258423,12.895965576171875,0.17786377668380737,1.2324004173278809,19.587490316855906,738.8846644592285
1777333259.380814,0.07723528891801834,0.34330201148986816,12.907946586608887,0.15151508152484894,1.2059826850891113,19.669763389921187,739.5711260370255
1777333259.440162,0.07678274065256119,0.34436750411987305,12.920516967773438,0.10877629369497299,1.2590302228927612,19.730811642551423,740.2913560821534
1777333259.4402509,0.07635283470153809,0.34509262442588806,12.933706283569336,0.07287121564149857,1.3190101385116577,19.772357990580797,741.0470484821319
1777333259.440296,0.07594616711139679,0.34547755122184753,12.946555137634277,0.04421115294098854,1.2905077934265137,19.79441267929673,741.783233854866
1777333259.4403389,0.07536061853170395,0.34576475620269775,12.960265159606934,0.023371651768684387,1.3652039766311646,19.81086831843853,742.5687605318069
1777333259.4403808,0.0748249813914299,0.3458472192287445,12.973771095275879,0.017352286726236343,1.3592746257781982,19.8155931034863,743.3425939207077
1777333259.441163,0.07425974309444427,0.34604617953300476,12.98739242553711,0.021444417536258698,1.36320960521698,19.826992693287135,744.1230389350891
1777333259.4999301,0.07371146231889725,0.3462972342967987,13.001065254211426,0.023583173751831055,1.365683674812317,19.841377076822518,744.906434592247
1777333259.5000188,0.07315433770418167,0.34657788276672363,13.014768600463867,0.03409210219979286,1.376086711883545,19.857457055425645,745.6915787784576
1777333259.500064,0.07242270559072495,0.34709590673446655,13.026790618896484,0.04966224730014801,1.1979265213012695,19.88713765307665,746.3803899421691
1777333259.500106,0.07188991457223892,0.34762436151504517,13.038826942443848,0.05343084782361984,1.2059783935546875,19.917415892493725,747.0700207288742
1777333259.500903,0.07138633728027344,0.34803539514541626,13.050743103027344,0.04887270927429199,1.199097752571106,19.94096639317274,747.7527666824341
1777333259.5009542,0.07091614603996277,0.3483031094074249,13.06347370147705,0.02688852697610855,1.2705714702606201,19.95630529598594,748.4821765050888
1777333259.559784,0.07058573514223099,0.34835925698280334,13.07503604888916,0.006952839903533459,1.1596357822418213,19.959522316235304,749.1446504499436
1777333259.5598662,0.07046719640493393,0.3483705222606659,13.088469505310059,-0.006712878122925758,1.3354547023773193,19.96016776934266,749.914331082344
1777333259.559911,0.07056921720504761,0.3481931686401367,13.101715087890625,-0.020220397040247917,1.3176945447921753,19.950006151771547,750.6732473327637
1777333259.560704,0.07080237567424774,0.34794822335243225,13.11489200592041,-0.01820129156112671,1.3279712200164795,19.935971815556286,751.4282293928146
1777333259.560757,0.0717388466000557,0.34789544343948364,13.128262519836426,-0.012767975218594074,1.329360842704773,19.932947748219966,752.1943036840439
1777333259.560799,0.0726037248969078,0.34813255071640015,13.1428804397583,0.0045512462966144085,1.4425842761993408,19.946532999336718,753.0318491003037
1777333259.619584,0.07351598143577576,0.3485349118709564,13.156704902648926,0.019446806982159615,1.361446738243103,19.969586603575944,753.8239327611923
1777333259.61967,0.07448802143335342,0.3490464687347412,13.170641899108887,0.038560304790735245,1.3808462619781494,19.998896663331987,754.6224641229629
1777333259.62045,0.07551975548267365,0.34966734051704407,13.182767868041992,0.055931318551301956,1.2062714099884033,20.034470008796454,755.3172312137604
1777333259.620502,0.0765819102525711,0.350288450717926,13.195853233337402,0.06490027904510498,1.311165690422058,20.070057014644146,756.0669676866531
1777333259.620546,0.07757568359375,0.35083073377609253,13.207900047302246,0.06533698737621307,1.2153805494308472,20.101127556288244,756.7571995302201
1777333259.620587,0.07844240963459015,0.35118910670280457,13.220721244812012,0.05324898660182953,1.2993566989898682,20.12166081982255,757.4918002985
1777333259.6796339,0.07924061268568039,0.3514687120914459,13.234424591064453,0.03554067015647888,1.3776695728302002,20.137681034249066,758.2769444847107
1777333259.680468,0.07984835654497147,0.3517071604728699,13.247126579284668,0.028561832383275032,1.274576187133789,20.15134312502146,759.0047150613785
1777333259.680523,0.08018814772367477,0.35185593366622925,13.26165771484375,0.023384014144539833,1.4614405632019043,20.15986720415354,759.8372880981445
1777333259.680566,0.0802987664937973,0.3518797755241394,13.27606201171875,0.014467746019363403,1.4525132179260254,20.161233242475987,760.6625938110352
1777333259.680609,0.08014149963855743,0.35181352496147156,13.290377616882324,0.006973461247980595,1.4449939727783203,20.15743736348748,761.4828178613662
1777333259.68065,0.0799335166811943,0.35172000527381897,13.304665565490723,-0.006683939136564732,1.4312412738800049,20.152079078167677,762.3014573072434
1777333259.740412,0.07948818057775497,0.35141849517822266,13.318744659423828,-0.017439698800444603,1.4201385974884033,20.13480381603241,763.1081302574157
1777333259.740509,0.07888583838939667,0.3509320914745331,13.332639694213867,-0.03140594810247421,1.4062676429748535,20.106934926706554,763.9042573917388
1777333259.740555,0.07814314216375351,0.35042619705200195,13.345556259155273,-0.04413054883480072,1.2977635860443115,20.077949301052094,764.6443223133087
1777333259.740598,0.07737519592046738,0.34955403208732605,13.358107566833496,-0.061789147555828094,1.280608057975769,20.027977911669016,765.3634595277787
1777333259.740639,0.07653937488794327,0.3484896719455719,13.371423721313477,-0.08969862759113312,1.347807765007019,19.966994545859098,766.1264192516327
1777333259.741437,0.07573715597391129,0.34716901183128357,13.383527755737305,-0.12726616859436035,1.2149863243103027,19.891326268082857,766.8199295871734
1777333259.8005571,0.07498591393232346,0.34587523341178894,13.398531913757324,-0.12941321730613708,1.5004569292068481,19.817198198515175,767.6796048242569
1777333259.800648,0.07431924343109131,0.3448268473148346,13.412824630737305,-0.11388710141181946,1.4197334051132202,19.7571300783813,768.4985174777985
1777333259.800693,0.07370404899120331,0.3438049852848053,13.427143096923828,-0.09900277107954025,1.4348289966583252,19.698581675881147,769.3189054527282
1777333259.800736,0.07319415360689163,0.3429417312145233,13.441618919372559,-0.09017740935087204,1.4433859586715698,19.649120843321086,770.1483092805862
1777333259.801527,0.07273596525192261,0.34210485219955444,13.457080841064453,-0.08400985598564148,1.5452899932861328,19.601171190655233,771.0342124534607
1777333259.801578,0.07252845168113708,0.34130534529685974,13.469705581665039,-0.08748380094766617,1.2548410892486572,19.555362803059815,771.7575570659637
1777333259.860884,0.07209105044603348,0.34038177132606506,13.483162879943848,-0.0946231484413147,1.343409776687622,19.502445893543957,772.5286037366867
1777333259.8609731,0.07198566198348999,0.33940503001213074,13.49656867980957,-0.09912172704935074,1.3386472463607788,19.44648271856904,773.2966997646332
1777333259.8610198,0.07189314067363739,0.3382584750652313,13.509803771972656,-0.1048637107014656,1.3328816890716553,19.38078993564248,774.0550149581909
1777333259.861857,0.07178786396980286,0.3372817635536194,13.523208618164062,-0.1058422178030014,1.3321189880371094,19.324828468215465,774.8230563446045
1777333259.8619578,0.07203049957752228,0.33641791343688965,13.537684440612793,-0.08875235915184021,1.4448492527008057,19.27533348469734,775.6524601724625
1777333259.920925,0.07217882573604584,0.3358142673969269,13.553380012512207,-0.06924284994602203,1.5606411695480347,19.240747101920842,776.5517505208969
1777333259.921014,0.07236681133508682,0.3354063034057617,13.56831169128418,-0.044718485325574875,1.489074945449829,19.21737247867584,777.4072730014801
1777333259.9210591,0.07271973788738251,0.33526623249053955,13.583512306213379,-0.02244788408279419,1.5111725330352783,19.209347003531455,778.2782043943405
1777333259.921879,0.07305220514535904,0.3352130651473999,13.597840309143066,0.0009310541790910065,1.4389640092849731,19.206300738072397,779.0991387845993
1777333259.921935,0.07322229444980621,0.33522799611091614,13.613195419311523,0.007804615423083305,1.5413297414779663,19.20715621957183,779.9789221057891
1777333259.921978,0.07354187220335007,0.3353447914123535,13.627693176269531,-0.00766781996935606,1.4300181865692139,19.213848099803926,780.8095826889038
1777333259.9810188,0.0737094134092331,0.3350238502025604,13.640795707702637,-0.02451607957482338,1.317406177520752,19.19545951643586,781.5603027093887
1777333259.9811149,0.07363905012607574,0.3344959020614624,13.655607223510742,-0.05424954742193222,1.4794672727584839,19.165210305333137,782.4089403568267
1777333259.98191,0.07357405871152878,0.3337150514125824,13.669208526611328,-0.07790227979421616,1.3598072528839111,19.120470842725037,783.1882378990173
1777333259.981962,0.07359104603528976,0.3328441083431244,13.684636116027832,-0.0907454863190651,1.5391385555267334,19.070569462805988,784.0721739767074
1777333259.982004,0.07316578179597855,0.33212006092071533,13.700212478637695,-0.07521481066942215,1.554275631904602,19.02908458650112,784.9646341335297
1777333259.982045,0.07272031903266907,0.33148279786109924,13.71491527557373,-0.06663217395544052,1.464138388633728,18.99257208968997,785.8070426462174
1777333260.041412,0.07228249311447144,0.3309284448623657,13.730659484863281,-0.061670321971178055,1.5710163116455078,18.960809991145133,786.7091197128295
1777333260.042321,0.07169511914253235,0.3302721083164215,13.745342254638672,-0.06175953149795532,1.4719955921173096,18.923204663676024,787.5503807533264
1777333260.042423,0.07101968675851822,0.3295106589794159,13.759922981262207,-0.0773921012878418,1.4535305500030518,18.879576814752816,788.3857951498031
1777333260.042468,0.07037784159183502,0.3284923732280731,13.773284912109375,-0.10821112990379333,1.332355260848999,18.82123331800103,789.1513776672364
1777333260.042511,0.0697827935218811,0.32704734802246094,13.785264015197754,-0.1493740975856781,1.1926487684249878,18.738439442825317,789.8377299619675
1777333260.042552,0.06941989064216614,0.32524532079696655,13.799759864807129,-0.1872977465391159,1.4336973428726196,18.635190851318836,790.6682812620163
1777333260.102237,0.06900092214345932,0.323193222284317,13.81496524810791,-0.20455844700336456,1.530222773551941,18.51761422535777,791.5394858625411
1777333260.102323,0.06876695901155472,0.3212113082408905,13.830240249633789,-0.2051139920949936,1.5200942754745483,18.404058874708415,792.4146792949676
1777333260.102369,0.06868156790733337,0.3194425702095032,13.845731735229492,-0.178781196475029,1.5468766689300537,18.30271761420965,793.302276355362
1777333260.102411,0.06874686479568481,0.31811219453811646,13.861658096313477,-0.14043548703193665,1.5850225687026978,18.226492675817013,794.2147899547576
1777333260.102453,0.06901033222675323,0.3171619772911072,13.877007484436035,-0.10588989406824112,1.5235599279403687,18.17204921847582,795.0942454267501
1777333260.1032808,0.06934183090925217,0.3164030909538269,13.891589164733887,-0.07549317926168442,1.458070158958435,18.128568218672275,795.9297144647599
1777333260.159749,0.06970798224210739,0.31575608253479004,13.905322074890137,-0.06047874316573143,1.3773152828216553,18.091497353696823,796.7165525384903
1777333260.159845,0.07017690688371658,0.31526920199394226,13.919217109680176,-0.05546535179018974,1.3824238777160645,18.063601143604515,797.5126796728134
1777333260.159892,0.07057124376296997,0.31450775265693665,13.93283748626709,-0.07058265060186386,1.3673300743103027,18.01997329468131,798.2930700456619
1777333260.159936,0.0710400640964508,0.3136844038963318,13.947354316711426,-0.08582287281751633,1.4477022886276245,17.972798868763448,799.1248234594345
1777333260.160759,0.0712510496377945,0.3127417266368866,13.9627103805542,-0.09332363307476044,1.5360716581344604,17.918787421041728,800.0046614221573
1777333260.160827,0.07147379219532013,0.3120759427547455,13.977384567260742,-0.0774441733956337,1.4565025568008423,17.880640800887345,800.8454306888581
1777333260.2172291,0.07143204659223557,0.31154417991638184,13.994112014770508,-0.0450764074921608,1.6803135871887207,17.85017302365303,801.803843175888
1777333260.217313,0.07136410474777222,0.31135284900665283,14.00830078125,-0.018287234008312225,1.419542670249939,17.83921056611538,802.6167999023437
1777333260.2173629,0.07109134644269943,0.3115141689777374,14.023801803588867,0.010560235939919949,1.5443919897079468,17.84845352291465,803.504943378067
1777333260.218129,0.07064997404813766,0.31188663840293884,14.038556098937988,0.040501732379198074,1.4784629344940186,17.869794456607103,804.3503025335311
1777333260.2181811,0.0702003762125969,0.31228649616241455,14.051421165466309,0.04545113444328308,1.291687250137329,17.89270462682247,805.0874168123245
1777333260.218223,0.06966983526945114,0.3126652240753174,14.06522274017334,0.03343632072210312,1.3754980564117432,17.91440414557457,805.8781890764236
1777333260.27694,0.06908286362886429,0.31279313564300537,14.078773498535156,0.016478629782795906,1.358473300933838,17.921732941174508,806.6545906173706
1777333260.311745,0.06847100704908371,0.31281423568725586,14.092216491699219,-0.004825410433113575,1.336939811706543,17.922941885089873,807.4248176651001
1777333260.312551,0.06789196282625198,0.3125782608985901,14.106362342834473,-0.026449616998434067,1.411475658416748,17.909421520793437,808.2353155225753
1777333260.312602,0.06731923669576645,0.31208890676498413,14.12121295928955,-0.04164953902363777,1.492105484008789,17.881383584225176,809.0861934728622
1777333260.312644,0.06682779639959335,0.3116206228733063,14.137043952941895,-0.049286242574453354,1.5802310705184937,17.854552884024383,809.9932429189682
1777333260.312686,0.06642546504735947,0.31114616990089417,14.151908874511719,-0.04487740620970726,1.4888010025024414,17.82736872140765,810.8449404922485
1777333260.3127282,0.06564316153526306,0.31081563234329224,14.165962219238281,-0.02785126306116581,1.4102646112442017,17.808430307614803,811.6501381210327
1777333260.313279,0.06545316427946091,0.31088754534721375,14.181373596191406,-0.010615380480885506,1.5230247974395752,17.81255062070489,812.5331452926636
1777333260.373205,0.06528286635875702,0.3108727037906647,14.19382381439209,0.0013559868093580008,1.2476526498794556,17.811700261849165,813.2464905046463
1777333260.373297,0.06528286635875702,0.3108727037906647,14.207246780395508,-0.002193663502112031,1.3401700258255005,17.811700261849165,814.015570080185
1777333260.373344,0.06532219052314758,0.31069910526275635,14.220495223999023,-0.006925638299435377,1.3350071907043457,17.801753795313836,814.7746502552033
1777333260.373387,0.06535492092370987,0.31044214963912964,14.233659744262695,-0.0138834398239851,1.3279821872711182,17.787031317293643,815.5289219753265
1777333260.374178,0.06546355783939362,0.3103492259979248,14.246990203857422,-0.024683184921741486,1.3171101808547974,17.7817071829319,816.292701322174
1777333260.374229,0.06546355783939362,0.3103492259979248,14.262331008911133,-0.011436388827860355,1.5225290060043335,17.7817071829319,817.1716650203705
1777333260.4336472,0.06563391536474228,0.3103640377521515,14.276725769042969,0.001216708798892796,1.4391902685165405,17.782555834239723,817.9964243179321
1777333260.433738,0.06579116731882095,0.3105490803718567,14.292251586914062,0.010170412249863148,1.5436758995056152,17.793157999169825,818.8859884735108
1777333260.433784,0.0658462718129158,0.3109104335308075,14.306994438171387,0.02001340687274933,1.458154320716858,17.81386201749444,819.7306919305802
1777333260.434567,0.06590137630701065,0.3112717866897583,14.321737289428711,0.026470942422747612,1.464539885520935,17.834566035819055,820.5753953876496
1777333260.434618,0.0659564808011055,0.3116331696510315,14.336479187011719,0.03097173199057579,1.4689453840255737,17.85527176169157,821.4200442031861
1777333260.4346602,0.06607431173324585,0.311991810798645,14.350261688232422,0.036661140620708466,1.3789860010147095,17.875820393157007,822.2097236366272
1777333260.4938838,0.06613583862781525,0.3120996654033661,14.363791465759277,0.02600877173244953,1.3677403926849365,17.88200000901818,822.9849230638504
1777333260.493969,0.06591948866844177,0.3121749758720398,14.377288818359375,0.016172101721167564,1.3579708337783813,17.886314982569218,823.7582646789551
1777333260.494826,0.06589316576719284,0.3121784031391144,14.390717506408691,0.010949171148240566,1.3533693552017212,17.88651135057807,824.5276721036911
1777333260.494879,0.06571627408266068,0.3120800852775574,14.405000686645508,-0.0020484670531004667,1.4359127283096313,17.88087815004587,825.3460383419036
1777333260.494923,0.06549987941980362,0.3121553063392639,14.420415878295898,-0.008953629061579704,1.524954915046692,17.885188000953196,826.2292640796661
1777333260.494964,0.06515271216630936,0.31204208731651306,14.43564224243164,-0.0017492170445621014,1.5294034481048584,17.878701026469468,827.1016707939148
1777333260.5543082,0.06479234248399734,0.3120989501476288,14.45103931427002,-0.006542799528688192,1.5297269821166992,17.881959027868508,827.9838583425521
1777333260.555134,0.0644715204834938,0.3119823932647705,14.465303421020508,-0.012444719672203064,1.4256007671356201,17.87528080801964,828.8011317501068
1777333260.555191,0.0642528310418129,0.311689555644989,14.480351448059082,-0.022218631580471992,1.5070065259933472,17.858502442324163,829.6633204977036
1777333260.555234,0.06393860280513763,0.311319500207901,14.493404388427734,-0.037915073335170746,1.3085556030273438,17.837299820011854,830.4111991584778
1777333260.555277,0.06382197141647339,0.31085047125816345,14.507318496704102,-0.053519073873758316,1.3844170570373535,17.81042643111348,831.2084191234588
1777333260.555318,0.06364911049604416,0.31013068556785583,14.520021438598633,-0.06807655841112137,1.2686108350753784,17.769185734158754,831.9362443416595
1777333260.6133661,0.06356507539749146,0.3094048798084259,14.533677101135254,-0.07678243517875671,1.3668441772460938,17.727600112527607,832.7186564512252
1777333260.613451,0.063739113509655,0.30879825353622437,14.548409461975098,-0.05920016020536423,1.4743632078170776,17.692842974960804,833.5627588514328
1777333260.6134999,0.06370998919010162,0.3084337115287781,14.563385963439941,-0.03597071021795273,1.4981480836868286,17.671956249010563,834.4208494840622
1777333260.613546,0.06388029456138611,0.30844852328300476,14.578741073608398,-0.002726770006120205,1.530836582183838,17.672804900318383,835.3006328052521
1777333260.613587,0.0640440508723259,0.30871695280075073,14.59434986114502,0.024853795766830444,1.5587809085845947,17.688184784281255,836.1949507741928
1777333260.614351,0.06418057531118393,0.30909910798072815,14.610072135925293,0.03910093754529953,1.5725876092910767,17.710080671042203,837.0957710855484
1777333260.672988,0.0643247440457344,0.3094542920589447,14.624807357788086,0.040343910455703735,1.4781378507614136,17.730431226950884,837.9400374103546
1777333260.673076,0.06463269889354706,0.3097408711910248,14.638517379760742,0.02195001021027565,1.36394464969635,17.746851007586717,838.7255640872955
1777333260.6731231,0.06491710245609283,0.3095196485519409,14.653636932373047,-0.013447629287838936,1.52036452293396,17.734175879502295,839.5918509498596
1777333260.673166,0.06522224098443985,0.3091011345386505,14.667598724365234,-0.05499034374952316,1.3829114437103271,17.71019678429961,840.3918029914856
1777333260.6739368,0.06548524647951126,0.30815109610557556,14.681989669799805,-0.08235354721546173,1.4516502618789673,17.655763572245835,841.2163437229157
1777333260.673989,0.0656396821141243,0.30729392170906067,14.69647216796875,-0.09435353428125381,1.439171552658081,17.606651079457997,842.046130041504
1777333260.7335958,0.06590262800455093,0.3063438832759857,14.712779998779297,-0.09762213379144669,1.6276293992996216,17.552217867404224,842.9805002540588
1777333260.733686,0.0660015195608139,0.30546239018440247,14.729155540466309,-0.09119246900081635,1.633963704109192,17.501712015527488,843.9187500154495
1777333260.733732,0.06616216152906418,0.3046885132789612,14.744682312011719,-0.0770389586687088,1.5527504682540894,17.457372119128703,844.8083688125611
1777333260.734563,0.06628412753343582,0.3040883541107178,14.761340141296387,-0.062468744814395905,1.663386583328247,17.422985519456862,845.7627924676896
1777333260.7346601,0.06641862541437149,0.3036549985408783,14.777205467224121,-0.049673907458782196,1.579599142074585,17.398156065398453,846.6718090089798
1777333260.7939909,0.06637643277645111,0.30312350392341614,14.790096282958984,-0.0572812594473362,1.2847522497177124,17.367703656095266,847.4103986091613
1777333260.794077,0.06636032462120056,0.30225133895874023,14.806482315063477,-0.08453451842069626,1.6413730382919312,17.317732266712188,848.349249427414
1777333260.7941241,0.06640344858169556,0.3010086119174957,14.821537971496582,-0.12071844935417175,1.5086628198623657,17.246529226702453,849.2118753072739
1777333260.7949471,0.0665346011519432,0.2995327115058899,14.835402488708496,-0.1582023948431015,1.3757060766220093,17.161966331899166,850.0062539125443
1777333260.795,0.06660333275794983,0.29794934391975403,14.852035522460938,-0.16718913614749908,1.6543331146240234,17.071246019357442,850.9592568878173
1777333260.7950442,0.06684231013059616,0.2963806390762329,14.86772632598877,-0.14973914623260498,1.575961709022522,16.981365820384024,851.8582740285873
1777333260.8544261,0.0669599324464798,0.2950749099254608,14.884636878967285,-0.1407458633184433,1.6806895732879639,16.906553024107218,852.8271776899338
1777333260.8545148,0.06725392490625381,0.29386717081069946,14.89876937866211,-0.12137331813573837,1.4125734567642212,16.837354645335676,853.6369105659485
1777333260.8553002,0.06751599162817001,0.2929169237613678,14.91507625579834,-0.09676297754049301,1.6284362077713013,16.782909480446577,854.5712261369705
1777333260.8553522,0.06778381019830704,0.29204994440078735,14.929549217224121,-0.08903993666172028,1.4446384906768799,16.733235204398632,855.4004660402298
1777333260.855396,0.06802500784397125,0.2912956178188324,14.944135665893555,-0.0890442356467247,1.4447294473648071,16.690015459424256,856.2362082859039
1777333260.855437,0.06838900595903397,0.2901693880558014,14.958349227905273,-0.10548888146877289,1.4285345077514648,16.625487224167586,857.050585692215
1777333260.9147499,0.06874518096446991,0.28906846046447754,14.972588539123535,-0.11511944979429245,1.4186159372329712,16.562408697080613,857.8664384199143
1777333260.915584,0.06893279403448105,0.28784430027008057,14.988622665405273,-0.13561895489692688,1.589805006980896,16.492269459414484,858.7851265125274
1777333260.915638,0.06910700350999832,0.2865619361400604,15.004598617553711,-0.13852505385875702,1.5871237516403198,16.418795380693673,859.7004814716339
1777333260.915682,0.06936319917440414,0.2855282425880432,15.020821571350098,-0.12001658231019974,1.6056139469146729,16.359569081676007,860.629988587761
1777333260.9157481,0.06934095919132233,0.2845723032951355,15.037123680114746,-0.08931136876344681,1.6361557245254517,16.304797775137423,861.5640309511184
1777333260.91579,0.06929837912321091,0.28404077887535095,15.051931381225586,-0.05657777190208435,1.4769855737686157,16.274343658286334,862.4124500324249
1777333260.976133,0.06930584460496902,0.2837868928909302,15.06701946258545,-0.024468393996357918,1.5094391107559204,16.25979705770016,863.2769337244034
1777333260.976223,0.06928194314241409,0.28379082679748535,15.081404685974121,-0.00891789048910141,1.4291150569915771,16.26002245402336,864.101146606636
1777333260.976269,0.06900588423013687,0.28376030921936035,15.095755577087402,-0.003197598736733198,1.4344401359558105,16.258273924970627,864.9233923936844
1777333260.976311,0.06870352476835251,0.28384190797805786,15.11021900177002,-0.007390610873699188,1.430678367614746,16.26294919112921,865.7520858816147
1777333260.976353,0.06842204928398132,0.2837280035018921,15.125444412231445,-0.011699926108121872,1.5219017267227173,16.25642294304371,866.6244379543305
1777333260.977153,0.0680512934923172,0.28361907601356506,15.141633987426758,-0.014744614250957966,1.6146773099899292,16.25018185545802,867.5520326168061
1777333261.036351,0.06768061965703964,0.2835100591182709,15.157825469970703,-0.014010204002261162,1.6155211925506592,16.243935645228625,868.4797365623474
1777333261.036453,0.06740221381187439,0.28358757495880127,15.173242568969727,-0.005727820564061403,1.5280656814575195,16.248376977324487,869.3630715831756
1777333261.0364969,0.06703691184520721,0.28356191515922546,15.1895170211792,0.004086052533239126,1.6290282011032104,16.24690677857995,870.2955293420791
1777333261.036542,0.0666639506816864,0.28379014134407043,15.204127311706543,0.017931440845131874,1.4604358673095703,16.259983180421592,871.1326376260757
1777333261.037308,0.06629099696874619,0.284018337726593,15.218735694885254,0.025234771892428398,1.462813138961792,16.273057874715327,871.9696366270065
1777333261.037358,0.06565816700458527,0.2842369079589844,15.232377052307129,0.01984008401632309,1.3580217361450195,16.285581031036376,872.7512291135788
1777333261.0971599,0.06540597975254059,0.2842024266719818,15.246724128723145,0.00741687323898077,1.4490536451339722,16.283605398112535,873.5732563344956
1777333261.0972428,0.06527233868837357,0.284013569355011,15.260916709899902,-0.010915529914200306,1.4270457029342651,16.27278466705084,874.3864316270829
1777333261.097288,0.06507019698619843,0.2836344838142395,15.275877952575684,-0.021858304738998413,1.5064908266067505,16.251064657723905,875.2436479951858
1777333261.098068,0.06502560526132584,0.28344064950942993,15.29294204711914,-0.030686285346746445,1.6965076923370361,16.239958766162395,876.2213489433288
1777333261.098119,0.06490495055913925,0.2830813527107239,15.308881759643555,-0.035310160368680954,1.5941665172576904,16.21937256864309,877.1346275241851
1777333261.09816,0.06493644416332245,0.28282374143600464,15.324922561645508,-0.03294738009572029,1.5964338779449463,16.204612524569036,878.0536981075287
1777333261.158151,0.06506237387657166,0.28264451026916504,15.341042518615723,-0.03015105240046978,1.5995292663574219,16.194343331480027,878.9773039381028
1777333261.158241,0.06516452878713608,0.28246888518333435,15.356206893920898,-0.025681307539343834,1.5080738067626953,16.18428075168729,879.846158952713
1777333261.159044,0.06537206470966339,0.282309353351593,15.370429039001465,-0.02009817585349083,1.4175394773483276,16.175140247762204,880.6610281328201
1777333261.159155,0.06557415425777435,0.2820662558078766,15.3836088180542,-0.01912633329629898,1.3230360746383667,16.161211779516936,881.4161741174698
1777333261.159204,0.06594160944223404,0.2817542850971222,15.397680282592773,-0.028670791536569595,1.4096966981887817,16.143337168067692,882.222409935379
1777333261.1592472,0.06624585390090942,0.28133559226989746,15.412601470947266,-0.03639623522758484,1.497320532798767,16.11934782757759,883.0773313591003
1777333261.2191172,0.06661324948072433,0.28102362155914307,15.427628517150879,-0.04177269712090492,1.4919253587722778,16.101473216128348,883.9383179929733
1777333261.2199512,0.06687316298484802,0.2810332179069519,15.442977905273438,-0.03255913779139519,1.50096595287323,16.102023046553136,884.8177734649659
1777333261.220005,0.06710707396268845,0.2811546325683594,15.458440780639648,-0.008440069854259491,1.5251991748809814,16.108979596710206,885.7037312793732
1777333261.2200499,0.06741718202829361,0.28144168853759766,15.474066734313965,0.013448234647512436,1.547261357307434,16.125426698112488,886.599032795906
1777333261.2200918,0.06772489100694656,0.2818368375301361,15.489803314208984,0.02753068506717682,1.5616298913955688,16.148067075759172,887.5006727302551
1777333261.220133,0.06803490966558456,0.28212395310401917,15.503512382507324,0.03436202183365822,1.3761943578720093,16.164517592257262,888.2861447656632
1777333261.280475,0.06836331635713577,0.2823238968849182,15.518094062805176,0.02703559398651123,1.465140461921692,16.175973531138897,889.1216138036727
1777333261.28056,0.0686078667640686,0.28261226415634155,15.531804084777832,0.024990474805235863,1.3671916723251343,16.192495764648914,889.9071404806137
1777333261.280604,0.06891787797212601,0.2828994393348694,15.545514106750488,0.024026794359087944,1.365791916847229,16.208949696242808,890.6926671575546
1777333261.2806468,0.0693092793226242,0.28320643305778503,15.559245109558105,0.026183752343058586,1.3687717914581299,16.22653914719224,891.4793959482193
1777333261.280688,0.06949842721223831,0.2837566137313843,15.574175834655762,0.03904106095433235,1.4766912460327148,16.258062189030646,892.3348637872696
1777333261.281489,0.06968202441930771,0.2842235565185547,15.589025497436523,0.05101301148533821,1.4889256954193115,16.284816049575806,893.1856870960236
1777333261.341127,0.0697685107588768,0.28494951128959656,15.605091094970703,0.07177482545375824,1.605338215827942,16.326410208946466,894.1061783592224
1777333261.3412108,0.07000694423913956,0.2857775092124939,15.620301246643066,0.09617236256599426,1.5340850353240967,16.37385101233721,894.9776561674119
1777333261.341256,0.07020022720098495,0.2870340347290039,15.634980201721191,0.1140659898519516,1.4560658931732178,16.44584464702606,895.818698641777
1777333261.3412979,0.07030368596315384,0.2882957458496094,15.650623321533203,0.1217624843120575,1.5594360828399658,16.51813539505005,896.7149837059021
1777333261.3421,0.07032535970211029,0.2895374298095703,15.665287017822266,0.11786247789859772,1.4597281217575073,16.58927867088318,897.5551519157409
1777333261.342153,0.07028616219758987,0.29033464193344116,15.678548812866211,0.09195635467767715,1.338097095489502,16.634955577290057,898.3149970722199
1777333261.399981,0.07024623453617096,0.2909035086631775,15.692540168762207,0.05916343629360199,1.401392936706543,16.667549251663687,899.1166430013657
1777333261.4000509,0.07016504555940628,0.2911689877510071,15.707186698913574,0.02641434781253338,1.464064598083496,16.68276008838415,899.9558276636124
1777333261.4000971,0.07000221312046051,0.2911858558654785,15.720626831054688,0.003701049368828535,1.3458917140960693,16.683726560497284,900.7258907867432
1777333261.4009101,0.06973914057016373,0.2912694811820984,15.736050605773926,-0.003291174303740263,1.5303490161895752,16.68851793991327,901.6096082983017
1777333261.400962,0.06964661926031113,0.29136815667152405,15.751489639282227,0.010807499289512634,1.5446009635925293,16.694171631020307,902.4942000743866

"--- SEND COMMAND: Mode=balance, Value=0.0 ---"
1777333261.4625978,0.06944568455219269,0.29155901074409485,15.767020225524902,0.030750051140785217,1.5644668340682983,16.70510676779151,903.3840374376297
1777333261.462662,0.06912821531295776,0.29209575057029724,15.781940460205078,0.04955679923295975,1.4875649213790894,16.735859705525638,904.2389042198181
1777333261.462707,0.06898095458745956,0.2926476001739502,15.79687213897705,0.061539869755506516,1.4991182088851929,16.767478370046614,905.0944267004013
1777333261.4635022,0.068649061024189,0.2933543622493744,15.811002731323242,0.07047849893569946,1.4125685691833496,16.807972868567706,905.9040502933502
1777333261.463553,0.06823550909757614,0.2940402328968048,15.824152946472168,0.06931833922863007,1.3156129121780396,16.847270376008748,906.6575023904801
1777333261.463595,0.06791115552186966,0.2944927513599396,15.838985443115234,0.042806241661310196,1.4808517694473267,16.873197783368827,907.5073421516419
1777333261.524052,0.06747103482484818,0.2944759726524353,15.852391242980957,0.012289156205952168,1.354485034942627,16.872236433899403,908.2754381795883
1777333261.5241559,0.06702552735805511,0.294375479221344,15.86667251586914,-0.018235163763165474,1.419438362121582,16.86647858237028,909.0936951347351
1777333261.524931,0.06661350280046463,0.2940174341201782,15.881654739379883,-0.040188662707805634,1.4904673099517822,16.845964101862908,909.9521136165619
1777333261.524985,0.0661151334643364,0.29355496168136597,15.89653491973877,-0.04357871040701866,1.493921160697937,16.819466373503207,910.8046854543686
1777333261.525028,0.0656144767999649,0.29320138692855835,15.911520004272461,-0.04046971723437309,1.4932665824890137,16.799208025181294,911.6632678607941
1777333261.525069,0.06519954651594162,0.29317983984947205,15.926839828491211,0.008764629252254963,1.539458155632019,16.79797346804738,912.5410294452668
1777333261.584053,0.0646723210811615,0.2935871183872223,15.941627502441406,0.03638229891657829,1.4770570993423462,16.82130881769061,913.3883010543823
1777333261.584884,0.06432061642408371,0.29409360885620117,15.955556869506836,0.059926051646471024,1.401820182800293,16.850328594303132,914.1863952838897
1777333261.5849369,0.06395971775054932,0.2948538661003113,15.968781471252441,0.07573150098323822,1.3192594051361084,16.893888141310214,914.9441094205856
1777333261.584979,0.0636853501200676,0.29571834206581116,15.983067512512207,0.08383408188819885,1.4284555912017822,16.943418983334304,915.7626395833969
1777333261.5850198,0.06351055949926376,0.2967449128627777,15.995600700378418,0.09746555984020233,1.2478435039520264,17.00223717840314,916.4807386087417
1777333261.585061,0.06346997618675232,0.298153817653656,16.00755500793457,0.13699126243591309,1.191353440284729,17.082961505520345,917.1656702236176
1777333261.644257,0.06353478133678436,0.2998083233833313,16.020713806152344,0.17798367142677307,1.3286402225494385,17.177757734906674,917.9196140945435
1777333261.644347,0.06372548639774323,0.3020990490913391,16.033550262451172,0.2279232293367386,1.2822591066360474,17.309006696927547,918.6550891273498
1777333261.6443908,0.06412002444267273,0.3048538863658905,16.04685401916504,0.2872551381587982,1.341728925704956,17.46684730244279,919.4173385112763
1777333261.6444328,0.06453952193260193,0.30831074714660645,16.060855865478516,0.36065754294395447,1.4150989055633545,17.664910906362532,920.2195854972839
1777333261.644474,0.06514003872871399,0.3126554787158966,16.07478904724121,0.4439355731010437,1.4025205373764038,17.91384577741027,921.017898292923
1777333261.6453109,0.065913625061512,0.3179154694080353,16.087718963623047,0.5405693650245667,1.3075520992279053,18.215221152108906,921.7587281959534
1777333261.7043772,0.06677880883216858,0.3240698277950287,16.10154151916504,0.6385037302970886,1.4052952527999878,18.567840039378403,922.5507025737762
1777333261.70447,0.06761246174573898,0.3312694728374481,16.11449432373047,0.7405837178230286,1.3156819343566895,18.98034946179986,923.2928438735962
1777333261.704515,0.06854213774204254,0.3395593762397766,16.127578735351562,0.8500695824623108,1.3293259143829346,19.455326109158992,924.042525704956
1777333261.7045581,0.06980735063552856,0.34914058446884155,16.140995025634766,0.9956583976745605,1.3791019916534424,20.004289099609853,924.8112227897644
1777333261.7053492,0.07092764973640442,0.36049509048461914,16.1523494720459,1.1780064105987549,1.1780064105987549,20.654854605388643,925.4617848804473
1777333261.7054038,0.07205913960933685,0.3736746311187744,16.16265296936035,1.3492896556854248,1.0617477893829346,21.409986929655076,926.0521320018769
1777333261.764529,0.07402628660202026,0.38809019327163696,16.171316146850586,1.4959468841552734,0.9207336902618408,22.235938095653058,926.5484956867218
1777333261.764619,0.0763501450419426,0.4040607213973999,16.179616928100586,1.6497856378555298,0.8828983306884766,23.150982281041145,927.0240955890655
1777333261.7646668,0.07761683315038681,0.4214725196361542,16.186481475830078,1.7964643239974976,0.7420858144760132,24.148605190569164,927.417405342865
1777333261.765449,0.07903434336185455,0.44009849429130554,16.19168472290039,1.9222369194030762,0.5800693035125732,25.215795309215785,927.7155295463562
1777333261.7654998,0.08072782307863235,0.4599592685699463,16.196205139160156,2.0481629371643066,0.5145041942596436,26.35373426012993,927.9745304122924
1777333261.8246772,0.08234239369630814,0.5026934146881104,16.223600387573242,2.15887713432312,0.6250454187393188,28.802221349287034,929.5441630863189
1777333261.824765,0.08280622214078903,0.5254735350608826,16.23008155822754,2.2549688816070557,0.625669002532959,30.107426570141314,929.9155069438934
1777333261.82481,0.08256138116121292,0.549329400062561,16.236679077148438,2.355412244796753,0.6298929452896118,31.474267440104484,930.2935170684815
1777333261.825564,0.08161070197820663,0.5742555856704712,16.241470336914062,2.466890573501587,0.4541475772857666,32.902433185458186,930.5680361297607
1777333261.8256152,0.0802483782172203,0.6002237796783447,16.244430541992188,2.5731019973754883,0.2727470397949219,34.390301635694506,930.7376434478759
1777333261.8256571,0.07838667184114456,0.6273728609085083,16.24665069580078,2.6827757358551025,0.19034028053283691,35.94582996404171,930.8648489364624
1777333261.8842869,0.0760602056980133,0.6558068990707397,16.24823760986328,2.807310104370117,0.12349390983581543,37.57498092777729,930.9557724472046
1777333261.884371,0.07336034625768661,0.685312032699585,16.250896453857422,2.935560941696167,0.2517058849334717,39.26550116314888,931.1081130409241
1777333261.8851871,0.07009592652320862,0.716116726398468,16.255815505981445,3.051335573196411,0.4634890556335449,41.03048073238134,931.3899540676117
1777333261.8852391,0.06627783924341202,0.7481848001480103,16.25912094116211,3.1697163581848145,0.29343461990356445,42.86784667232037,931.579341620636
1777333261.885282,0.06220286339521408,0.7819359302520752,16.261234283447266,3.3172037601470947,0.15337300300598145,44.80164467253685,931.7004272575379
1777333261.885323,0.05789840966463089,0.817467987537384,16.262248992919922,3.4854655265808105,0.03478097915649414,46.83748232034445,931.7585658485413
1777333261.9435258,0.053758539259433746,0.8546348214149475,16.265859603881836,3.6682116985321045,0.313021183013916,48.96698580082655,931.9654386920929
1777333261.944423,0.04988427832722664,0.8936899900436401,16.27039909362793,3.8473472595214844,0.39606809616088867,51.20468293154239,932.2255323886872
1777333261.944483,0.046066392213106155,0.9345793128013611,16.272937774658203,4.0285325050354,0.19476795196533203,53.547469390404224,932.3709881492615
1777333261.9445271,0.04259564355015755,0.9774319529533386,16.273605346679688,4.220428943634033,0.0029053688049316406,56.0027456900239,932.40923722229
1777333261.944569,0.039769671857357025,1.0224614143371582,16.277406692504883,4.430361747741699,0.30753231048583984,58.582744703578946,932.6270383724212
1777333261.94461,0.037146035581827164,1.0695412158966064,16.28230094909668,4.656599521636963,0.43927621841430664,61.280219597768784,932.9074587192536
1777333262.0031831,0.03484474495053291,1.1189082860946655,16.28181266784668,4.865706920623779,-0.11816740036010742,64.10874537842274,932.8794822544098
1777333262.003316,0.03268050029873848,1.1705527305603027,16.282642364501953,5.334837913513184,0.2537245750427246,67.06775513963699,932.927020388031
1777333262.003361,0.03067988157272339,1.2244441509246826,16.287635803222656,5.560873508453369,0.6717371940612793,70.15550718255044,933.2131234542846
1777333262.003408,0.028941767290234566,1.280457854270935,16.283248901367188,5.797229290008545,-0.2421121597290039,73.36485712673664,932.9617724029541
1777333262.0034502,0.027332818135619164,1.3390769958496094,16.28529930114746,6.0510735511779785,0.39553117752075195,76.72348773880005,933.0792516986847
1777333262.004253,0.02563280425965786,1.4000720977783203,16.285892486572266,6.306972503662109,0.2814478874206543,80.21825089988708,933.1132387321472
1777333262.062485,0.02399248629808426,1.4634978771209717,16.28316307067871,6.558241844177246,-0.0711984634399414,83.85228166794776,932.9568546649933
1777333262.062575,0.021900825202465057,1.529455542564392,16.28584098815918,6.821173667907715,0.4945864677429199,87.6313788756609,933.1102880893707
1777333262.062623,0.019449923187494278,1.5977189540863037,16.282197952270508,7.054434299468994,-0.1223592758178711,91.54258564953804,932.9015574337005
1777333262.062665,0.0167239960283041,1.6684331893920898,16.285799026489258,7.300192832946777,0.5765342712402344,95.5942143327713,933.1078838619233
1777333262.06345,0.013420567847788334,1.7415393590927124,16.280284881591797,7.562445163726807,-0.2981753349304199,99.78289081070423,932.7919465187073
1777333262.0635011,0.009761607274413109,1.8169846534729004,16.282865524291992,7.7892961502075195,0.5440449714660645,104.10558930845261,932.9398065067292
1777333262.121685,0.005771311465650797,1.8946020603179932,16.278987884521484,8.024062156677246,-0.17156696319580078,108.55274072756767,932.7176340339661
1777333262.1217752,0.0014398698695003986,1.9744246006011963,16.282108306884766,8.255044937133789,0.5866537094116211,113.12623703112602,932.8964211296081
1777333262.121821,-0.003365105716511607,2.0564181804656982,16.27493667602539,8.469881057739258,-0.4448089599609375,117.82412478432656,932.4855168022156
1777333262.1226351,-0.008342422544956207,2.140285015106201,16.275390625,8.672162055969238,0.33242225646972656,122.62934216852189,932.511526171875
1777333262.122688,-0.013201858848333359,2.2261242866516113,16.266311645507812,8.875033378601074,-0.614893913269043,127.54757190313339,931.9913387786866
1777333262.122758,-0.01798073947429657,2.313736915588379,16.25900650024414,9.0488920211792,-0.4403696060180664,132.56740756816865,931.5727846366882
1777333262.18101,-0.022877750918269157,2.4028148651123047,16.263713836669922,9.218598365783691,0.7837610244750977,137.6711999485016,931.8424952430726
1777333262.181101,-0.027448315173387527,2.4934263229370117,16.25365447998047,9.360062599182129,-0.7045021057128906,142.86285591373445,931.2661363540649
1777333262.18191,-0.03152028098702431,2.5850470066070557,16.259944915771484,9.470503807067871,0.9376211166381836,148.11233628115653,931.6265519050598
1777333262.181961,-0.03497156873345375,2.6775243282318115,16.24887466430664,9.564812660217285,-0.7870502471923828,153.4108984055042,930.9922729911805
1777333262.182004,-0.03781483694911003,2.7707905769348145,16.241470336914062,9.638666152954102,-0.4270620346069336,158.75466273794174,930.5680361297607
1777333262.182046,-0.039753954857587814,2.8644447326660156,16.241165161132812,9.677264213562012,0.28208351135253906,164.1206525138855,930.5505508392334
1777333262.241459,-0.040956560522317886,2.9581246376037598,16.234174728393555,9.690860748291016,-0.37480640411376953,169.4881176112175,930.1500284030915
1777333262.242317,-0.04124189168214798,3.0516204833984375,16.222206115722656,9.658082962036133,-0.8866376876831055,174.8450368927002,929.4642771652221
1777333262.242435,-0.040928225964307785,3.144517421722412,16.222103118896484,9.60368537902832,0.30657005310058594,180.16764129152298,929.4583758796692
1777333262.242499,-0.03967992588877678,3.2364163398742676,16.218124389648438,9.505221366882324,-0.07942867279052734,185.43306332616805,929.230411404419
1777333262.2425432,-0.03788897767663002,3.3271305561065674,16.208168029785156,9.376502990722656,-0.6899795532226562,190.63060691657066,928.6599538009643
1777333262.2983491,-0.03560079261660576,3.4162092208862305,16.20616340637207,9.210854530334473,0.10363960266113281,195.73444027805328,928.5450972988128
1777333262.299192,-0.03282337635755539,3.503457546234131,16.207122802734375,9.024785041809082,0.39615535736083984,200.7334028775215,928.6000666809082
1777333262.299246,-0.029619494453072548,3.588541269302368,16.1982479095459,8.801244735717773,-0.5941715240478516,205.60834285769462,928.0915725757599
1777333262.2992902,-0.026338523253798485,3.671309232711792,16.19568634033203,8.552756309509277,0.020608901977539062,210.3505995356083,927.944805418396
1777333262.2993312,-0.02296968549489975,3.751451015472412,16.187620162963867,8.284713745117188,-0.5353488922119141,214.94238709230422,927.4826473331451
1777333262.299372,-0.01957523636519909,3.8288795948028564,16.187389373779297,8.005267143249512,0.24027681350708008,219.3787194879055,927.4694240821839
1777333262.357836,-0.016256064176559448,3.903416156768799,16.17659568786621,7.706511497497559,-0.8265848159790039,223.64935143499375,926.8509912128449
1777333262.3579268,-0.01304866187274456,3.975033760070801,16.177265167236328,7.399141788482666,0.3061504364013672,227.7527393102646,926.8893495689392
1777333262.357972,-0.009968922473490238,4.043405532836914,16.171812057495117,7.065998077392578,-0.3159360885620117,231.67015472831727,926.5769092838287
1777333262.389823,-0.007136465050280094,4.108592510223389,16.172760009765625,6.741819381713867,0.31812524795532227,235.40509474725724,926.6312229675293
1777333262.389903,-0.004429235588759184,4.170553207397461,16.166648864746094,6.4014892578125,-0.4048919677734375,238.95518246040345,926.2810800247192
1777333262.390715,-0.001955420942977071,4.229097843170166,16.16575050354004,6.048364639282227,0.10446310043334961,242.3095442027092,926.2296077007294
1777333262.390767,0.00047317150165326893,4.284244060516357,16.159534454345703,5.6987624168396,-0.4353752136230469,245.46919084253312,925.8734541893006
1777333262.39081,0.0026136368978768587,4.3358049392700195,16.155487060546875,5.336301326751709,-0.22322750091552734,248.4234126394272,925.6415555236816
1777333262.390851,0.004554376937448978,4.3841352462768555,16.154922485351562,4.983802318572998,0.09424591064453125,251.19253624362946,925.609207736206
1777333262.448867,0.006400450132787228,4.428825855255127,16.147838592529297,4.6215128898620605,-0.5540781021118164,253.7531204375267,925.2033304298401
1777333262.4496908,0.008203121833503246,4.469865322113037,16.144775390625,4.242839813232422,-0.16643524169921875,256.10450952272413,925.0278218261718
1777333262.449744,0.009975360706448555,4.507290840148926,16.143848419189453,3.8631339073181152,0.028316497802734375,258.24883451900484,924.9747102561951
1777333262.4497879,0.011653984896838665,4.541210174560547,16.140377044677734,3.5009348392486572,-0.23720145225524902,260.1922699195862,924.7758150764465
1777333262.449829,0.013114649802446365,4.571527481079102,16.134260177612305,3.138760805130005,-0.5040147304534912,261.929324250412,924.4253442844391
1777333262.44987,0.014585624448955059,4.598502159118652,16.129596710205078,2.774444341659546,-0.3893864154815674,263.4748600084305,924.1581471885681
1777333262.5059772,0.015836304053664207,4.621659755706787,16.126867294311523,2.4023945331573486,-0.18541789054870605,264.8016930310249,924.0017631214142
1777333262.5060601,0.017145728692412376,4.64144229888916,16.123638153076172,2.0368552207946777,-0.2641124725341797,265.93514966869355,923.8167468910217
1777333262.506104,0.018347756937146187,4.65767240524292,16.118776321411133,1.672506332397461,-0.4360499382019043,266.86506659631726,923.538184356308
1777333262.506146,0.019495351240038872,4.670413494110107,16.113300323486328,1.320439100265503,-0.5009052753448486,267.5950774758339,923.2244326744079
1777333262.506187,0.021414069458842278,4.685995578765869,16.114501953125,0.9784736633300781,-0.4595593214035034,268.4878654818535,923.2932810058594
1777333262.5069509,0.022114112973213196,4.688893795013428,16.10589599609375,0.6343508362770081,-0.5133121609687805,268.65392110033036,922.8001958129882
1777333262.562196,0.022742338478565216,4.688427925109863,16.097759246826172,0.29528117179870605,-0.4733539819717407,268.6272287115097,922.333994254303
1777333262.56229,0.022923093289136887,4.68482780456543,16.09032440185547,-0.04219707474112511,-0.42566952109336853,268.42095692481996,921.9080088638306
1777333262.562335,0.022655876353383064,4.677969455718994,16.082508087158203,-0.37372514605522156,-0.4693494737148285,268.02800234098436,921.460166860199
1777333262.562376,0.02235102467238903,4.668298721313477,16.075712203979492,-0.704185962677002,-0.41602641344070435,267.4739098766327,921.0707912967682
1777333262.5631518,0.021952247247099876,4.655876636505127,16.069042205810547,-1.004489779472351,-0.42936283349990845,266.7621765898705,920.6886284156799
1777333262.5632021,0.0212114118039608,4.640938758850098,16.06177520751953,-1.2811402082443237,-0.5169084668159485,265.90629893932345,920.2722599349976
1777333262.620755,0.020202700048685074,4.6235527992248535,16.05589485168457,-1.5398908853530884,-0.38545310497283936,264.9101564738274,919.9353402431489
1777333262.620836,0.0190887413918972,4.603764533996582,16.049528121948242,-1.7987815141677856,-0.4566473960876465,263.77637198696135,919.5705533695221
1777333262.6208808,0.017631161957979202,4.581446647644043,16.04351043701172,-2.046182632446289,-0.41629862785339355,262.4976508340836,919.2257652969361
1777333262.621672,0.016044411808252335,4.5565948486328125,16.03687286376953,-2.302769422531128,-0.4814293384552002,261.0737471282959,918.8454602279663
1777333262.621727,0.014156874269247055,4.529260635375977,16.029674530029297,-2.567155361175537,-0.5539143085479736,259.50761151237487,918.4330259376526
1777333262.621769,0.01223764568567276,4.499318599700928,16.020824432373047,-2.8268215656280518,-0.7180018424987793,257.7920586247444,917.9259525123596
1777333262.680782,0.010117643512785435,4.466785430908203,16.01321792602539,-3.092775344848633,-0.6007466316223145,255.92804469223023,917.4901316459656
1777333262.680856,0.007757443469017744,4.4317145347595215,16.007869720458984,-3.3640029430389404,-0.3923969268798828,253.9186296406746,917.1837019294738
1777333262.68164,0.00515397684648633,4.3942179679870605,16.002012252807617,-3.6211841106414795,-0.45804858207702637,251.77023385019302,916.8480936344147
1777333262.681694,0.00239312881603837,4.354471206665039,15.99486255645752,-3.869886636734009,-0.6104724407196045,249.49291136283875,916.4384460622788
1777333262.6817348,-0.00036835670471191406,4.312148094177246,15.985138893127441,-4.112235069274902,-0.8530235290527344,247.06797477436066,915.8813209928512
1777333262.681777,-0.003249293426051736,4.2677083015441895,15.978092193603516,-4.602234363555908,-0.8632533550262451,244.52176130361556,915.4775747062683
1777333262.740681,-0.006358010694384575,4.2208075523376465,15.972417831420898,-4.84349250793457,-0.7208538055419922,241.8345453572273,915.1524575855256
1777333262.741559,-0.009555365890264511,4.171809673309326,15.966564178466797,-5.0620036125183105,-0.7479171752929688,239.02717267999648,914.8170678565979
1777333262.741618,-0.01280307024717331,4.120781898498535,15.95676326751709,-5.273186683654785,-1.1512694358825684,236.10349549999236,914.2555168230057
1777333262.7416608,-0.0162200890481472,4.067723274230957,15.951642990112305,-5.482387542724609,-0.6891517639160156,233.06345917568206,913.9621464328766
1777333262.7417028,-0.019527871161699295,4.012763500213623,15.946538925170898,-5.679637908935547,-0.6940193176269531,229.9144949555397,913.6697049488067
1777333262.741744,-0.02283908799290657,3.956045389175415,15.935840606689453,-5.8581767082214355,-1.2563366889953613,226.66478540911675,913.0567362327575
1777333262.800965,-0.0260873232036829,3.8977560997009277,15.93028450012207,-6.023539066314697,-0.7508559226989746,223.3250539372444,912.7383946620942
1777333262.801049,-0.029357120394706726,3.837940216064453,15.92416000366211,-6.1858649253845215,-0.8173108100891113,219.8978550315857,912.3874867378235
1777333262.8010938,-0.03255059942603111,3.776761770248413,15.911879539489746,-6.3205246925354,-1.4320945739746094,216.39258703579904,911.6838677186965
1777333262.801135,-0.03563332557678223,3.7145187854766846,15.90620231628418,-6.435943126678467,-0.7797436714172363,212.82632542891503,911.3585866733551
1777333262.801176,-0.03843490779399872,3.6510705947875977,15.899322509765625,-6.543966770172119,-0.8874349594116211,209.19101058483125,910.9644026550293
1777333262.857415,-0.04106471687555313,3.5869534015655518,15.889854431152344,-6.632091522216797,-1.1675662994384766,205.51736470541954,910.4219215164185
1777333262.857503,-0.04341455176472664,3.522274971008301,15.889412879943848,-6.6857476234436035,-0.26320743560791016,201.8115622838974,910.3966224866867
1777333262.857548,-0.0456407256424427,3.4571568965911865,15.878945350646973,-6.724798679351807,-1.259768009185791,198.0805701157093,909.7968770215988
1777333262.85759,-0.04736277833580971,3.391961097717285,15.874152183532715,-6.741794586181641,-0.7031683921813965,194.34512466259002,909.5222486772537
1777333262.857632,-0.04883170500397682,3.3268344402313232,15.865593910217285,-6.721259593963623,-1.0662827491760254,190.61364072060584,909.0318955610276
1777333262.858399,-0.049959756433963776,3.2620856761932373,15.859329223632812,-6.694538116455078,-0.846714973449707,186.9038084860325,908.6729553314209
1777333262.915664,-0.050661299377679825,3.1978070735931396,15.859286308288574,-6.649305820465088,-0.22686100006103516,183.2209145271778,908.6704964624405
1777333262.915757,-0.05111237242817879,3.1342787742614746,15.846572875976562,-6.561776161193848,-1.4816150665283203,179.58100979433058,907.9420701873779
1777333262.915802,-0.051158808171749115,3.0717079639434814,15.83961009979248,-6.464361190795898,-0.9049715995788574,175.99596516051292,907.54313235569
1777333262.9158452,-0.05100458860397339,3.010287046432495,15.832840919494629,-6.347577095031738,-0.8834071159362793,172.47680455498696,907.1552867551803
1777333262.916642,-0.05045832321047783,2.9503355026245117,15.821785926818848,-6.19796895980835,-1.3093900680541992,169.0418328912735,906.5218821058273
1777333262.9167879,-0.049687743186950684,2.8919665813446045,15.81614875793457,-6.03633975982666,-0.766350269317627,165.6975388514042,906.1988960048676
1777333262.974988,-0.048709578812122345,2.8352155685424805,15.810212135314941,-5.864762306213379,-0.7810115814208984,162.44594417209626,905.8587524625779
1777333262.9750788,-0.0476413257420063,2.7802634239196777,15.801280975341797,-5.668847560882568,-1.0682921409606934,159.29741708421707,905.3470345069885
1777333262.9751391,-0.046331737190485,2.727508544921875,15.788795471191406,-5.44980001449585,-1.4228148460388184,156.27478408813477,904.6316675582885
1777333263.034362,-0.04499167948961258,2.6770520210266113,15.786275863647461,-5.2240190505981445,-0.4317173957824707,153.3838371863365,904.4873046283722
1777333263.034448,-0.04341613128781319,2.628734827041626,15.777270317077637,-4.99091100692749,-1.0600650310516357,150.6154649032116,903.9713246332169
1777333263.034493,-0.04181483015418053,2.5827221870422363,15.766731262207031,-4.74810791015625,-1.201796054840088,147.97913388433457,903.3674810531617
1777333263.034536,-0.04016454145312309,2.53933048248291,15.760730743408203,-4.487976551055908,-0.7484362125396729,145.4929714582443,903.0236765281677
1777333263.0345778,-0.038546837866306305,2.4984548091888428,15.752453804016113,-4.216270446777344,-0.9570727348327637,143.1509670563221,902.5494426641465
1777333263.0354,-0.03691635653376579,2.460265874862671,15.743986129760742,-3.9427366256713867,-0.9788355827331543,140.96290151295662,902.0642804935455
1777333263.0356412,-0.035363294184207916,2.424772262573242,15.733420372009277,-3.6757593154907227,-1.1768276691436768,138.92926660194397,901.4589069505691
1777333263.035699,-0.03402720019221306,2.3918204307556152,15.723478317260742,-3.403165340423584,-1.1027724742889404,137.04126503648757,900.889268970108
1777333263.094317,-0.03268000856041908,2.3644442558288574,15.716236114501953,-2.8309528827667236,-0.8223261833190918,135.47272519311906,900.474321169281
1777333263.0944011,-0.03161059692502022,2.33994197845459,15.71091079711914,-2.531175136566162,-0.6089133024215698,134.0688476091385,900.1692028495788
1777333263.0953112,-0.030441634356975555,2.31834077835083,15.704648971557617,-2.2305610179901123,-0.6971125602722168,132.8311895682335,899.8104265445709
1777333263.095362,-0.02957533858716488,2.2996368408203125,15.698409080505371,-1.9301061630249023,-0.6880652904510498,131.75953250427247,899.4529069948196
1777333263.0954938,-0.028766248375177383,2.2837648391723633,15.691165924072266,-1.6350988149642944,-0.7714153528213501,130.85013347225188,899.0379045524597
1777333263.0956469,-0.028190024197101593,2.2708277702331543,15.684940338134766,-1.3369394540786743,-0.6660400629043579,130.10889375772476,898.6812046257019
1777333263.1545768,-0.027761239558458328,2.2607102394104004,15.677698135375977,-1.0462393760681152,-0.7586974501609802,129.52920173521042,898.2662568248749
1777333263.155446,-0.02751155011355877,2.2533717155456543,15.671318054199219,-0.7587720155715942,-0.6629493236541748,129.1087351395607,897.9007049697876
1777333263.155673,-0.027283327654004097,2.2486653327941895,15.663736343383789,-0.4845942258834839,-0.7721289396286011,128.83907917470933,897.4663047832489
1777333263.1557178,-0.02732008881866932,2.246344804763794,15.656621932983398,-0.23992541432380676,-0.7192061543464661,128.7061226647854,897.0586789478302
1777333263.15576,-0.02738785371184349,2.2463467121124268,15.648953437805176,-0.006234247703105211,-0.7730444669723511,128.7062319478512,896.6193063817977
1777333263.1558,-0.02759723551571369,2.248582363128662,15.642560958862305,0.2207462042570114,-0.6419782042503357,128.8343253613472,896.2530441867829
1777333263.211754,-0.027970265597105026,2.252897262573242,15.63441276550293,0.4454946219921112,-0.8005197048187256,129.08155097694396,895.7861869297028
1777333263.211832,-0.028318673372268677,2.259385347366333,15.626519203186035,0.6746959090232849,-0.7629057765007019,129.45329098563195,895.3339189619064
1777333263.2118762,-0.02887766622006893,2.2681031227111816,15.617977142333984,0.9028609395027161,-0.8225812315940857,129.9527828982353,894.8444947517395
1777333263.211918,-0.029377931728959084,2.279073715209961,15.610732078552246,1.129920244216919,-0.6912833452224731,130.58135177192688,894.4293830263138
1777333263.246387,-0.030159305781126022,2.2928192615509033,15.605301856994629,1.3515615463256836,-0.5658955574035645,131.36891384596825,894.1182541379928
1777333263.2471979,-0.030911868438124657,2.3082363605499268,15.599625587463379,1.5588445663452148,-0.5499124526977539,132.2522488667965,893.7930277341843
1777333263.2472498,-0.031676940619945526,2.325401782989502,15.593782424926758,1.7575033903121948,-0.5429664850234985,133.2357554778099,893.4582390621185
1777333263.247293,-0.03320326656103134,2.365124464035034,15.605701446533203,1.9538211822509766,-0.826103925704956,135.51169826645852,894.141148940277
1777333263.247335,-0.03401905670762062,2.3879878520965576,15.599801063537598,2.1539340019226074,-0.7220838069915771,136.82167437615394,893.8030817762375
1777333263.3059042,-0.03486147150397301,2.412750720977783,15.592924118041992,2.3606016635894775,-0.8027546405792236,138.24048275899887,893.4090616825104
1777333263.306746,-0.03559566289186478,2.439619779586792,15.590072631835938,2.5651473999023438,-0.4061615467071533,139.77996696724892,893.2456834991455
1777333263.306803,-0.03641626238822937,2.468005418777466,15.585859298706055,2.764207363128662,-0.4955606460571289,141.40634487318994,893.0042772068024
1777333263.3068469,-0.037191469222307205,2.4980063438415527,15.579427719116211,2.936037302017212,-0.7073757648468018,143.12527187547684,892.6357747089386
1777333263.3068879,-0.03800347074866295,2.529757499694824,15.572827339172363,3.1022744178771973,-0.7318727970123291,144.9444797510147,892.2576006597519
1777333263.3069289,-0.03882799670100212,2.56305193901062,15.568729400634766,3.277411937713623,-0.4611954689025879,146.8521112871647,892.0228059928894
1777333263.365953,-0.03965868800878525,2.597899913787842,15.566184997558594,3.4449450969696045,-0.29319310188293457,148.84875388040544,891.8770223831177
1777333263.3660522,-0.040396470576524734,2.6338770389556885,15.5590181350708,3.5950067043304443,-0.718768835067749,150.91009204859733,891.4663912633896
1777333263.366098,-0.04118044674396515,2.6711437702178955,15.552181243896484,3.7193593978881836,-0.6899003982543945,153.0453192296505,891.0746661140441
1777333263.36614,-0.04193282872438431,2.709533452987671,15.549345970153809,3.845637083053589,-0.2765967845916748,155.244886815691,890.9122168367386
1777333263.4008489,-0.042596735060214996,2.748979091644287,15.544685363769531,3.9716193675994873,-0.4376108646392822,157.50495623903274,890.6451836654663
1777333263.4016771,-0.043268680572509766,2.7894251346588135,15.536234855651855,4.0836262702941895,-0.8044638633728027,159.82234463038444,890.1610050424575
1777333263.4598248,-0.04402614012360573,2.8304972648620605,15.53512191772461,4.170323371887207,-0.047632694244384766,162.17560518808364,890.0972383735657
1777333263.4599109,-0.04457220807671547,2.872328281402588,15.532848358154297,4.24856424331665,-0.16112184524536133,164.5723467455864,889.9669729591369
1777333263.459955,-0.045169632881879807,2.91473650932312,15.524443626403809,4.3221588134765625,-0.7592086791992188,167.00216009087563,889.4854171297073
1777333263.459997,-0.045609816908836365,2.957474708557129,15.519243240356445,4.37834358215332,-0.41393375396728516,169.45087940654756,889.1874568508148
1777333263.460816,-0.04605589061975479,3.000396966934204,15.515186309814453,4.411593914031982,-0.2852444648742676,171.91014453806878,888.9550117698669
1777333263.4608672,-0.046416379511356354,3.043516159057617,15.505571365356445,4.455643177032471,-0.8141055107116699,174.3806931461334,888.4041158351898
1777333263.460908,-0.046581123024225235,3.086669683456421,15.501747131347656,4.454588413238525,-0.24497365951538086,176.8532088493824,888.1850032882691
1777333263.460953,-0.04672206565737724,3.1295411586761475,15.499555587768555,4.430425643920898,-0.0750880241394043,179.3095643192768,888.0594370456696
1777333263.460993,-0.0466575026512146,3.1720645427703857,15.490307807922363,4.393299579620361,-0.7830405235290527,181.74597562966346,887.5295781011581
1777333263.517249,-0.04655630141496658,3.214167594909668,15.48447036743164,4.350545883178711,-0.4424014091491699,184.15830368442536,887.1951172782898
1777333263.517338,-0.046240951865911484,3.255523681640625,15.480764389038086,4.277113914489746,-0.2285294532775879,186.52783375854492,886.9827802814484
1777333263.517385,-0.04606352746486664,3.2962188720703125,15.471604347229004,4.2024312019348145,-0.7725205421447754,188.85949725036622,886.4579483579636
1777333263.517427,-0.04558771103620529,3.3361265659332275,15.466449737548828,4.1233344078063965,-0.3916764259338379,191.146040496397,886.1626108726501
1777333263.517468,-0.04509314149618149,3.375051975250244,15.465106964111328,4.024316787719727,-0.0025730133056640625,193.37630296354294,886.0856755943298
1777333263.5182762,-0.04454604536294937,3.4127578735351562,15.458709716796875,3.896934986114502,-0.5043091773986816,195.5366925704956,885.7191401916504
1777333263.573788,-0.04391549900174141,3.4492409229278564,15.450130462646484,3.7682578563690186,-0.7452833652496338,197.62701807188986,885.2275849617005
1777333263.573884,-0.04327649623155594,3.484501600265503,15.446081161499023,3.6387219429016113,-0.2914392948150635,199.64730678849222,884.9955770130157
1777333263.573929,-0.042694635689258575,3.518280267715454,15.441510200500488,3.4962716102600098,-0.3310844898223877,201.58268256297112,884.7336801458358
1777333263.6052759,-0.04192009195685387,3.550581693649292,15.43066692352295,3.3362808227539062,-0.9860172271728516,203.4334186029911,884.1124059167862
1777333263.606207,-0.041072919964790344,3.5812199115753174,15.421995162963867,3.1600961685180664,-0.7703628540039062,205.18885980963708,883.6155504581451
1777333263.606345,-0.04020906984806061,3.610187292098999,15.418365478515625,2.9913454055786133,-0.26775693893432617,206.84856905064584,883.4075847839356
1777333263.60639,-0.0392482616007328,3.6374735832214355,15.414012908935547,2.820537805557251,-0.34297680854797363,208.4119589295387,883.1582008277893
1777333263.664784,-0.03840642422437668,3.6630306243896484,15.404093742370605,2.6368093490600586,-0.9102315902709961,209.87627004890442,882.5898742441177
1777333263.664922,-0.03743625804781914,3.6864583492279053,15.396842002868652,2.4324910640716553,-0.634789228439331,211.2185802856922,882.1743800279618
1777333263.66577,-0.03648420050740242,3.7080636024475098,15.390642166137695,2.2225327491760254,-0.5570709705352783,212.45647055311204,881.8191554225922
1777333263.665898,-0.03565184399485588,3.727572202682495,15.386181831359863,2.018148899078369,-0.37857651710510254,213.5742314104557,881.5635969732284
1777333263.665947,-0.03476688265800476,3.7451395988464355,15.382654190063477,1.8161394596099854,-0.292712926864624,214.5807694275856,881.361477943039
1777333263.6659892,-0.034073300659656525,3.7608368396759033,15.378218650817871,1.612958550453186,-0.4001420736312866,215.4801553987026,881.1073401735306
1777333263.724565,-0.03332066163420677,3.774482011795044,15.369812965393066,1.410810947418213,-0.7935583591461182,216.26196645140647,880.625729702568
1777333263.725408,-0.03254314512014389,3.786156177520752,15.363269805908203,1.206346869468689,-0.615270733833313,216.9308471159935,880.2508341453553
1777333263.725465,-0.03195910155773163,3.795745849609375,15.356560707092285,0.9942660331726074,-0.635373592376709,217.48029505004882,879.8664309614181
1777333263.7255082,-0.03140641003847122,3.8032567501068115,15.349690437316895,0.767973005771637,-0.670167863368988,217.91063810276984,879.4727933584213
1777333263.784346,-0.030986588448286057,3.8084118366241455,15.344298362731934,0.5417545437812805,-0.5127556920051575,218.2060029088497,879.1638501314163
1777333263.784435,-0.03063320368528366,3.811511754989624,15.338769912719727,0.3111802339553833,-0.5514455437660217,218.3836152115345,878.847093165207
1777333263.785236,-0.030496466904878616,3.812225580215454,15.333731651306152,0.07849051058292389,-0.49651235342025757,218.42451439890863,878.5584219469071
1777333263.7852879,-0.030362771824002266,3.8107821941375732,15.328453063964844,-0.14654897153377533,-0.530059278011322,218.34181443886757,878.2559810623169
1777333263.785472,-0.030401859432458878,3.8072257041931152,15.322978973388672,-0.36934807896614075,-0.5610078573226929,218.13804250230788,877.9423386634827
1777333263.785579,-0.030606577172875404,3.801450729370117,15.31816291809082,-0.5888522863388062,-0.4930247664451599,217.80716069984436,877.666398922348
1777333263.785621,-0.030800145119428635,3.793870687484741,15.313459396362305,-0.7877405285835266,-0.5002058148384094,217.37285613598823,877.3969068820953
1777333263.786203,-0.031095657497644424,3.7846481800079346,15.307112693786621,-0.9590785503387451,-0.6714791059494019,216.84444519209862,877.0332674806594
1777333263.844488,-0.03143446892499924,3.773728609085083,15.301945686340332,-1.116363286972046,-0.5412363409996033,216.2187996404171,876.7372196554184
1777333263.844564,-0.03194019943475723,3.7615432739257812,15.29647159576416,-1.2659425735473633,-0.5949761867523193,215.5206311141968,876.4235772565842
1777333263.8446069,-0.03225310519337654,3.7479183673858643,15.291475296020508,-1.406854271888733,-0.5440775752067566,214.739981194067,876.1373102657318
1777333263.844648,-0.032916292548179626,3.7329885959625244,15.286133766174316,-1.538031816482544,-0.579471230506897,213.8845679965496,875.8312630399704
1777333263.845618,-0.033525221049785614,3.716801881790161,15.281452178955078,-1.6692029237747192,-0.5188339948654175,212.9571372586727,875.5630277549743
1777333263.84575,-0.03416755795478821,3.699594020843506,15.276708602905273,-1.7828335762023926,-0.5366946458816528,211.97119909944533,875.29124077034
1777333263.90203,-0.034946102648973465,3.681251287460327,15.271788597106934,-1.8921383619308472,-0.5500431060791016,210.92023751606942,875.0093451021195
1777333263.902116,-0.035697948187589645,3.6619889736175537,15.266907691955566,-1.988387942314148,-0.5506424903869629,209.81658783459665,874.7296897367478
1777333263.902165,-0.0365702360868454,3.641841411590576,15.262100219726562,-2.0824296474456787,-0.5485596656799316,208.66221715021135,874.4542417694091
1777333263.902952,-0.03730965778231621,3.620880603790283,15.256479263305664,-2.165661096572876,-0.6321743726730347,207.4612508986473,874.1321845745086
1777333263.9586911,-0.03808387741446495,3.599057197570801,15.24999713897705,-2.255251169204712,-0.721535325050354,206.2108613805771,873.7607860754013
1777333263.9587789,-0.038911476731300354,3.576528787612915,15.24280834197998,-2.3330330848693848,-0.7994697093963623,204.92007810931204,873.3488982004166
1777333263.958824,-0.03975681588053703,3.553220748901367,15.235799789428711,-2.402036190032959,-0.7723559141159058,203.58462538490295,872.9473375751495
1777333263.958866,-0.04050318896770477,3.5292868614196777,15.231040954589844,-2.4722347259521484,-0.555160641670227,202.21331415452957,872.6746763259888
1777333263.9596841,-0.04133516177535057,3.504704236984253,15.225634574890137,-2.5347604751586914,-0.6174956560134888,200.80483302140235,872.3649134759903
1777333263.9597352,-0.0419742614030838,3.4797306060791016,15.221752166748047,-2.589571475982666,-0.4811105728149414,199.373948859787,872.1424677955628
1777333264.018045,-0.0426519475877285,3.454284906387329,15.217398643493652,-2.623623847961426,-0.5146987438201904,197.91601713938712,871.8930291978836
1777333264.0181272,-0.04339208826422691,3.4286162853240967,15.210907936096191,-2.6491596698760986,-0.7319432497024536,196.44531296067237,871.5211389249802
1777333264.0181708,-0.04391833394765854,3.4029195308685303,15.204386711120605,-2.6591415405273438,-0.7416844367980957,194.97299685673713,871.147500123024
1777333264.018968,-0.04498717561364174,3.3514621257781982,15.172103881835938,-2.6571552753448486,-0.7398415803909302,192.02470366616248,869.2978295928955
1777333264.0190191,-0.04541653022170067,3.3257980346679688,15.166573524475098,-2.65633225440979,-0.643287181854248,190.554259034729,868.9809633436203
1777333264.01906,-0.04564693197607994,3.3001708984375,15.161080360412598,-2.6543068885803223,-0.645329475402832,189.0859317626953,868.6662281141281
1777333264.074489,-0.04586280509829521,3.2746405601501465,15.15664291381836,-2.6455371379852295,-0.5322275161743164,187.62315060625076,868.411981061554
1777333264.0745752,-0.046044137328863144,3.249232053756714,15.152327537536621,-2.6357033252716064,-0.5268938541412354,186.16734990563393,868.1647281251908
1777333264.075434,-0.04621744155883789,3.2241764068603516,15.147406578063965,-2.621551036834717,-0.6122779846191406,184.73176657218934,867.8827778154373
1777333264.075487,-0.0462910421192646,3.1994872093200684,15.141891479492188,-2.595517873764038,-0.6741214990615845,183.31717924776078,867.5667858306884
1777333264.0755289,-0.046362437307834625,3.1753249168395996,15.134027481079102,-2.54740571975708,-0.9178614616394043,181.93278137025834,867.1162117504119
1777333264.0755699,-0.046361155807971954,3.151948928833008,15.127909660339355,-2.4882190227508545,-0.7678691148757935,180.59343543663024,866.7656863168717
1777333264.1336892,-0.04637759178876877,3.129351854324341,15.12257194519043,-2.4182047843933105,-0.6873986721038818,179.29871797499658,866.4598576572419
1777333264.134539,-0.04641115665435791,3.1075305938720703,15.11800765991211,-2.3386213779449463,-0.6129045486450195,178.04845140037537,866.1983432807922
1777333264.134592,-0.04629196971654892,3.08648943901062,15.114225387573242,-2.257542133331299,-0.5322384834289551,176.84288159966468,865.981634961319
1777333264.134635,-0.046206284314394,3.0663938522338867,15.109469413757324,-2.167820692062378,-0.6342573165893555,175.69148887882233,865.7091376367569
1777333264.134677,-0.046147897839546204,3.0470690727233887,15.104524612426758,-2.079233169555664,-0.641690731048584,174.58426017694472,865.425821288681
1777333264.134719,-0.046054817736148834,3.02886700630188,15.100704193115234,-1.9872456789016724,-0.5493204593658447,173.54135821967125,865.2069273078919
1777333264.1940181,-0.0459105409681797,3.0115268230438232,15.094870567321777,-1.8888216018676758,-0.7383861541748047,172.54783854775428,864.8726850511551
1777333264.194103,-0.0458185039460659,2.99537992477417,15.089269638061523,-1.7858315706253052,-0.7315747737884521,171.6226890938759,864.5517753284454
1777333264.194148,-0.04561438411474228,2.9803624153137207,15.083841323852539,-1.6722784042358398,-0.7135271430015564,170.7622488753319,864.2407557231903
1777333264.194229,-0.04557070881128311,2.9666378498077393,15.078744888305664,-1.5474228858947754,-0.6847415566444397,169.97588891501428,863.9487513713837
1777333264.19427,-0.04557303339242935,2.954113721847534,15.072933197021484,-1.421791434288025,-0.7507632374763489,169.25830898423195,863.6157658699036
1777333264.1951349,-0.04549442231655121,2.942892074584961,15.067462921142578,-1.1559752225875854,-0.5807998776435852,168.615355727005,863.3023420372009
1777333264.253707,-0.04549475014209747,2.933060884475708,15.06242561340332,-1.0183002948760986,-0.539031982421875,168.05206982474326,863.013725460434
1777333264.253792,-0.04547714814543724,2.924682140350342,15.057882308959961,-0.873056173324585,-0.48967957496643066,167.5720029770851,862.7534131977081
1777333264.253838,-0.04546539485454559,2.917539119720459,15.05361557006836,-0.7285770773887634,-0.4410064220428467,167.16273789567947,862.5089469795226
1777333264.253881,-0.045447077602148056,2.9104807376861572,15.047514915466309,-0.5853278636932373,-0.4894907772541046,166.7583222503185,862.1594050935745
1777333264.254699,-0.04560340568423271,2.9046289920806885,15.04166316986084,-0.4442123770713806,-0.4442123770713806,166.42304180445672,861.8241246477127
1777333264.25475,-0.04556814208626747,2.9014923572540283,15.036609649658203,-0.31506532430648804,-0.5066964030265808,166.24332580275535,861.5345791648865
1777333264.314247,-0.04552324116230011,2.8994858264923096,15.032685279846191,-0.20995914936065674,-0.40170949697494507,166.12836001753806,861.3097292570114
1777333264.3143392,-0.04546476900577545,2.898353338241577,15.028676986694336,-0.1170208603143692,-0.40461307764053345,166.06347319722175,861.0800708942413
1777333264.3143868,-0.04552822560071945,2.8979949951171875,15.024483680725098,-0.03382806107401848,-0.4172717034816742,166.04294164123536,860.8398120740891
1777333264.3151731,-0.04547455534338951,2.898524522781372,15.021178245544434,0.045935045927762985,-0.3374894857406616,166.07328135237694,860.6504245210648
1777333264.3152268,-0.04553302749991417,2.8996567726135254,15.016557693481445,0.1225457638502121,-0.4525667428970337,166.13815451231002,860.3856862941742
1777333264.315294,-0.045391589403152466,2.90158748626709,15.012736320495605,0.19239482283592224,-0.3828183710575104,166.2487762956619,860.1667376718522
1777333264.371569,-0.04529445245862007,2.904118299484253,15.009514808654785,0.26796063780784607,-0.30716630816459656,166.39378126358986,859.9821585737228
1777333264.371659,-0.04547550901770592,2.9042787551879883,15.00200366973877,0.3381805419921875,-0.42885923385620117,166.40297470149994,859.5518018606186
1777333264.372494,-0.04537837207317352,2.9051690101623535,14.995223999023438,0.40804481506347656,-0.3587462306022644,166.45398257246018,859.1633552032471
1777333264.372546,-0.045305222272872925,2.9066569805145264,14.99000072479248,0.4704734683036804,-0.20054328441619873,166.5392370241642,858.864083527565
1777333264.372588,-0.04536411166191101,2.908750534057617,14.983465194702148,0.5250856280326843,-0.3376694917678833,166.6591888492584,858.4896251026154
1777333264.430433,-0.04536384344100952,2.9114575386047363,14.976583480834961,0.5754584074020386,-0.38317400217056274,166.81428884038925,858.0953318012238
1777333264.430519,-0.045406922698020935,2.9147655963897705,14.96838665008545,0.6268494725227356,-0.5236343741416931,167.00382665762902,857.6256878259659
1777333264.431344,-0.0454050749540329,2.918774366378784,14.9618501663208,0.679360032081604,-0.3751603364944458,167.23351234116555,857.2511747594833
1777333264.431398,-0.04535790532827377,2.923483371734619,14.954095840454102,0.7274326682090759,-0.5185505747795105,167.50331857023238,856.8068844554901
1777333264.431442,-0.04526948183774948,2.9288086891174316,14.947916030883789,0.7844351530075073,-0.36567509174346924,167.80843688993454,856.4528073223114
1777333264.4314828,-0.04542697221040726,2.9368999004364014,14.942584037780762,0.8412222266197205,-0.5010743737220764,168.27202931542396,856.1473065118789
1777333264.490061,-0.04553726315498352,2.9456913471221924,14.937952041625977,0.9045428037643433,-0.43731772899627686,168.77574228644372,855.8819125865937
1777333264.4909,-0.045585356652736664,2.9549944400787354,14.93287181854248,0.962359607219696,-0.4757203459739685,169.3087704398632,855.5908371408462
1777333264.490958,-0.04584347456693649,2.9648900032043457,14.929346084594727,1.0227100849151611,-0.31915557384490967,169.87574464559555,855.3888273937225
1777333264.491002,-0.04605484753847122,2.9754018783569336,14.927393913269043,1.0828166007995605,-0.16344678401947021,170.4780309419632,855.2769761758805
1777333264.491044,-0.046104609966278076,2.986435890197754,14.923088073730469,1.1375460624694824,-0.39632391929626465,171.11023347759246,855.0302696548462
1777333264.491085,-0.04618826508522034,2.997891426086426,14.919203758239746,1.1814161539077759,-0.3524538278579712,171.76658757076262,854.8077146913529
1777333264.547531,-0.046361662447452545,3.0096898078918457,14.914703369140625,1.220603346824646,-0.40899550914764404,172.44258529500962,854.5498612976074
1777333264.547622,-0.046451225876808167,3.0217435359954834,14.910457611083984,1.2444759607315063,-0.3852858543395996,173.13321328969002,854.3065971931458
1777333264.547668,-0.04646727442741394,3.033972978591919,14.906387329101562,1.2622039318084717,-0.3645486831665039,173.83390898680688,854.0733871307373
1777333264.547711,-0.0464775376021862,3.0462021827697754,14.90231704711914,1.2686853408813477,-0.3642604351043701,174.5345910235405,853.8401770683289
1777333264.547752,-0.04648004472255707,3.058591842651367,14.898407936096191,1.2740023136138916,-0.35559654235839844,175.2444664981842,853.6162014249802
1777333264.5485618,-0.04648487642407417,3.0709850788116455,14.8964204788208,1.280632495880127,-0.1545426845550537,175.95454687857628,853.5023284704208
1777333264.606696,-0.0463956743478775,3.0833799839019775,14.893475532531738,1.2817867994308472,-0.2548874616622925,176.66472288165093,853.3335954168319
1777333264.606796,-0.04655737429857254,3.0957579612731934,14.891471862792969,1.28316068649292,-0.15460824966430664,177.37392899751663,853.2187935562134
1777333264.606841,-0.04645605757832527,3.108232259750366,14.890523910522461,1.2842124700546265,-0.05028200149536133,178.08865390820503,853.1644798725129
1777333264.606884,-0.04643058031797409,3.1206161975860596,14.887567520141602,1.2818613052368164,-0.26056861877441406,178.79820153365137,852.9950911205292
1777333264.6076841,-0.04639973118901253,3.132999897003174,14.883649826049805,1.2752625942230225,-0.3546491861343384,179.50773549871445,852.7706237033844
1777333264.6077352,-0.04644281044602394,3.145293712615967,14.880603790283203,1.262468934059143,-0.27151620388031006,180.2121194993019,852.5960986473084
1777333264.666827,-0.0464591309428215,3.157238483428955,14.877208709716797,1.2425284385681152,-0.29141831398010254,180.89650469884873,852.4015747901916
1777333264.666914,-0.04646560549736023,3.1690990924835205,14.873729705810547,1.2159924507141113,-0.31753265857696533,181.57606778311728,852.20224247818
1777333264.666959,-0.046351995319128036,3.180447578430176,14.871655464172363,1.1799908876419067,-0.1619032621383667,182.22628836421967,852.0833971441269
1777333264.667784,-0.046313509345054626,3.1916167736053467,14.869402885437012,1.1516200304031372,-0.19027924537658691,182.86623633713722,851.954333843422
1777333264.667895,-0.0463334396481514,3.2024431228637695,14.868722915649414,1.1222699880599976,-0.028309226036071777,183.48654067897797,851.9153744304657
1777333264.667938,-0.046255599707365036,3.2130990028381348,14.867874145507812,1.0926711559295654,-0.05749654769897461,184.0970778468132,851.8667434661866
1777333264.7240021,-0.04623209312558174,3.2233238220214844,14.865633010864258,1.0601412057876587,-0.18628180027008057,184.68291704177855,851.7383358638764
1777333264.724093,-0.046190474182367325,3.2332069873809814,14.864969253540039,1.0249252319335938,-0.029532313346862793,185.24918090758322,851.7003053569794
1777333264.724888,-0.04614046961069107,3.242821455001831,14.864038467407227,0.9875808954238892,-0.06675493717193604,185.80004952149392,851.646975220871
1777333264.724939,-0.04605806991457939,3.2520155906677246,14.860769271850586,0.9504773020744324,-0.295443594455719,186.32683487977982,851.4596640460968
1777333264.725027,-0.04603271186351776,3.2608606815338135,14.859067916870117,0.9134310483932495,-0.14082574844360352,186.83362143702507,851.3621835514068
1777333264.725068,-0.04591161385178566,3.26918888092041,14.856849670410156,0.8617460131645203,-0.19286972284317017,187.31079228343964,851.2350873458862
1777333264.782465,-0.045822978019714355,3.2842864990234375,14.861400604248047,0.8059918284416199,-0.24841290712356567,188.17582239074707,851.4958367408752
1777333264.783319,-0.04578303173184395,3.2908847332000732,14.85841178894043,0.7481012940406799,-0.21053165197372437,188.55387349648475,851.3245901767731
1777333264.783373,-0.04578443244099617,3.2967007160186768,14.855598449707031,0.6790984272956848,-0.18352735042572021,188.8871048848629,851.1633976547241
1777333264.783416,-0.04566584527492523,3.301825761795044,14.853053092956543,0.6037448644638062,-0.16325706243515015,189.18074848265647,851.0175594034195
1777333264.783458,-0.04568980261683464,3.3060779571533203,14.850593566894531,0.5261753797531128,-0.14481931924819946,189.4243814174652,850.8766388900757
1777333264.841812,-0.04557163268327713,3.309471845626831,14.848235130310059,0.440695583820343,-0.13446015119552612,189.61883697266578,850.7415103792191
1777333264.842674,-0.04560871422290802,3.3120768070220947,14.846046447753906,0.3521951735019684,-0.126977801322937,189.76809031977655,850.6161080612183
1777333264.842727,-0.04560641571879387,3.313807487487793,14.844901084899902,0.26457664370536804,-0.022958070039749146,189.86725104160308,850.5504835802078
1777333264.8427699,-0.04529588297009468,3.3107893466949463,14.839006423950195,0.1770898997783661,-0.11048075556755066,189.6943242503643,850.2127442653656
1777333264.8428118,-0.04495406150817871,3.3070688247680664,14.833368301391602,0.08853559195995331,-0.10323391854763031,189.48115397014618,849.8897035228729
1777333264.842853,-0.044746965169906616,3.3027408123016357,14.828082084655762,-0.0021413443610072136,-0.0979832112789154,189.23317703347206,849.5868255060196
1777333264.9019551,-0.04444088786840439,3.297977924346924,14.823318481445312,-0.08408255875110626,-0.08408255875110626,188.9602835577965,849.3138910491944
1777333264.9020412,-0.04451603442430496,3.2958037853240967,14.821145057678223,-0.16295748949050903,-0.16295748949050903,188.83571452317238,849.1893629957199
1777333264.902085,-0.04457620531320572,3.2931973934173584,14.819497108459473,-0.2243405282497406,-0.12851542234420776,188.68637921376228,849.0949424268723
1777333264.902127,-0.04461659863591194,3.290334939956665,14.818552017211914,-0.2712882459163666,-0.07956184446811676,188.5223726527691,849.0407926677703
1777333264.902168,-0.04455723240971565,3.2870376110076904,14.817172050476074,-0.29978832602500916,-0.10810936987400055,188.33344955277443,848.9617263696671
1777333264.90296,-0.044581785798072815,3.2837424278259277,14.816753387451172,-0.3291850984096527,-0.04156413674354553,188.1446493962288,848.9377387367249
1777333264.9030101,-0.04467623308300972,3.28009295463562,14.815979957580566,-0.3489728271961212,-0.0614093542098999,187.93554991021156,848.8934244535446
1777333264.961771,-0.04467545822262764,3.276357889175415,14.814162254333496,-0.36968815326690674,-0.1779569685459137,187.72154634661675,848.7892776918411
1777333264.9618409,-0.04467259347438812,3.27254581451416,14.81418514251709,-0.40244707465171814,-0.01901298761367798,187.5031304792404,848.7905890886307
1777333264.9618828,-0.04473825544118881,3.268468141555786,14.812983512878418,-0.4134523272514343,-0.12583136558532715,187.269496944952,848.7217407571793
1777333264.962677,-0.04469633847475052,3.2619643211364746,14.810314178466797,-0.42088407278060913,-0.03747871518135071,186.8968553509712,848.5687991065979
1777333264.962728,-0.04464878886938095,3.255558729171753,14.807745933532715,-0.4309498071670532,-0.04740166664123535,186.5298418348789,848.4216494585037
1777333265.0213618,-0.044524896889925,3.2492361068725586,14.804299354553223,-0.4364630877971649,-0.14891397953033447,186.16758213214874,848.2241749586105
1777333265.02145,-0.04448718950152397,3.2429935932159424,14.802849769592285,-0.43948036432266235,0.03970456123352051,185.809912318182,848.1411198286056
1777333265.021497,-0.044453807175159454,3.2369320392608643,14.800622940063477,-0.43749669194221497,-0.05408176779747009,185.46261073508262,848.0135318492889
1777333265.022319,-0.04442782327532768,3.230954647064209,14.798480987548828,-0.43416616320610046,-0.050588756799697876,185.1201312672615,847.8908069664002
1777333265.022372,-0.044321175664663315,3.2251574993133545,14.797477722167969,-0.42226389050483704,0.056992918252944946,184.78797904915808,847.8333240737915
1777333265.0224152,-0.044302888214588165,3.219529151916504,14.795683860778809,-0.413197785615921,-0.03047165274620056,184.46549838237763,847.7305433504105
1777333265.081153,-0.044212646782398224,3.2141647338867188,14.79415512084961,-0.397032231092453,-0.012878596782684326,184.15813975982667,847.642952973175
1777333265.081236,-0.044128939509391785,3.2088847160339355,14.79271125793457,-0.38294246792793274,0.0005774199962615967,183.85561691293717,847.5602256923676
1777333265.082041,-0.04405439272522926,3.2038652896881104,14.791525840759277,-0.3675699830055237,0.014593541622161865,183.56802486491202,847.4923062669754
1777333265.082092,-0.0440811812877655,3.1991891860961914,14.790684700012207,-0.348832905292511,0.03575482964515686,183.30010376873017,847.4441124349594
1777333265.082134,-0.044024769216775894,3.194603204727173,14.78897476196289,-0.33143165707588196,-0.04384663701057434,183.03734629740714,847.3461401664733
1777333265.082175,-0.044074647128582,3.1903560161590576,14.78856372833252,-0.3083289861679077,0.0737011730670929,182.79400023064613,847.3225896657943
1777333265.137853,-0.044043831527233124,3.1862878799438477,14.787371635437012,-0.2918788492679596,-0.003153502941131592,182.56091311168672,847.2542877496719
1777333265.138734,-0.04402691870927811,3.1825685501098633,14.786527633666992,-0.2668745517730713,0.020622342824935913,182.3478111333847,847.2059299930572
1777333265.13879,-0.044018566608428955,3.1790213584899902,14.785856246948242,-0.24174191057682037,0.045828744769096375,182.14457195177079,847.1674623538971
1777333265.138834,-0.04403741657733917,3.175900459289551,14.785612106323242,-0.2144252061843872,0.0731167197227478,181.96575753536223,847.1534741214753
1777333265.138876,-0.044067129492759705,3.1731317043304443,14.784761428833008,-0.1880519539117813,0.003698393702507019,181.80711950497627,847.1047338741303
1777333265.1389172,-0.0439363494515419,3.1706321239471436,14.7841796875,-0.15959782898426056,0.03215251863002777,181.66390404725075,847.0714025390625
1777333265.200674,-0.04391418397426605,3.1684682369232178,14.78393268585205,-0.12805584073066711,0.06356564164161682,181.5399224091053,847.057250382042
1777333265.2007868,-0.0439918078482151,3.16664981842041,14.784031867980957,-0.09850890189409256,0.09326060861349106,181.43573466625213,847.0629331014633
1777333265.200835,-0.043917108327150345,3.1651813983917236,14.78352165222168,-0.06787393242120743,0.027963146567344666,181.35160036597253,847.033699881363
1777333265.2008781,-0.04385461285710335,3.163973808288574,14.783272743225098,-0.03955971077084541,0.056260596960783005,181.2824105249405,847.0194384412765
1777333265.200922,-0.043898046016693115,3.1631059646606445,14.783364295959473,-0.013141040690243244,0.08279859274625778,181.23268673000337,847.0246840284348
1777333265.2614982,-0.04386233910918236,3.1624157428741455,14.782673835754395,0.016265621408820152,0.016265621408820152,181.19313992056846,846.9851235586167
1777333265.2615838,-0.043844468891620636,3.1620707511901855,14.782329559326172,0.04586475342512131,0.04586475342512131,181.17337334604264,846.9653979652405
1777333265.2616289,-0.043844468891620636,3.1620707511901855,14.782329559326172,0.07342157512903214,0.07342157512903214,181.17337334604264,846.9653979652405
1777333265.2616692,-0.04385538771748543,3.1622393131256104,14.78249740600586,0.09414736181497574,0.09414736181497574,181.18303123698234,846.9750148750305
1777333265.261709,-0.04377627745270729,3.16241717338562,14.781716346740723,0.10263480246067047,0.00669996440410614,181.19322188286782,846.9302634595871
1777333265.2625458,-0.0437454916536808,3.1634559631347656,14.782754898071289,0.10808879137039185,0.10808879137039185,181.2527401725769,846.9897680889129
1777333265.318778,-0.04371103644371033,3.164496421813965,14.783795356750488,0.1038665696978569,0.1038665696978569,181.31235408496858,847.0493820013046
1777333265.318866,-0.04376133158802986,3.165443181991577,14.783783912658691,0.09409654140472412,-0.0017405375838279724,181.366599466753,847.0487263029098
1777333265.318911,-0.043806079775094986,3.1663057804107666,14.784646034240723,0.08527695387601852,0.08527695387601852,181.4160227332592,847.0981222486496
1777333265.318953,-0.04384515807032585,3.167084217071533,14.785425186157227,0.08081825822591782,0.08081825822591782,181.46062388448715,847.1427643810272
1777333265.319731,-0.04366939142346382,3.1670048236846924,14.786303520202637,0.0755077600479126,0.17132329940795898,181.4560749768734,847.1930892328262
1777333265.319784,-0.04366939142346382,3.1670048236846924,14.786303520202637,0.0732286125421524,0.0732286125421524,181.4560749768734,847.1930892328262
1777333265.3760378,-0.04367506131529808,3.1670889854431152,14.786388397216797,0.08000821620225906,0.08000821620225906,181.46089709215164,847.1979523292541
1777333265.37614,-0.04368970915675163,3.1673460006713867,14.78664493560791,0.08740578591823578,0.08740578591823578,181.47562298526765,847.2126509016038
1777333265.3761868,-0.04352939873933792,3.1676154136657715,14.786914825439453,0.0929589793086052,0.0929589793086052,181.4910592183113,847.2281144554138
1777333265.377014,-0.04355302453041077,3.1680448055267334,14.787343978881836,0.10069014877080917,0.10069014877080917,181.51566156849861,847.2527031452179
1777333265.37714,-0.043576680123806,3.1684741973876953,14.787773132324219,0.10832113027572632,0.10832113027572632,181.54026391868592,847.277291835022
1777333265.377186,-0.04350979998707771,3.168912887573242,14.788211822509766,0.10723424702882767,0.10723424702882767,181.56539902381897,847.302426940155
1777333265.433631,-0.043533485382795334,3.169342279434204,14.788640975952148,0.10381752252578735,0.10381752252578735,181.59000137400628,847.3270156299591
1777333265.433722,-0.04346699267625809,3.1696906089782715,14.788990020751953,0.0982222706079483,0.0982222706079483,181.60995919389725,847.3470144309997
1777333265.434527,-0.04349073767662048,3.1701200008392334,14.789419174194336,0.09836581349372864,0.09836581349372864,181.63456154408456,847.3716031208038
1777333265.49343,-0.04342961311340332,3.1706430912017822,14.789941787719727,0.09945675730705261,0.09945675730705261,181.66453242487907,847.4015466808319
1777333265.493518,-0.04345341771841049,3.171072483062744,14.79037094116211,0.1006421148777008,0.1006421148777008,181.68913477506638,847.426135370636
1777333265.4935622,-0.04348038509488106,3.1715898513793945,14.790888786315918,0.10386597365140915,0.10386597365140915,181.71877780666352,847.4558057229996
1777333265.4936042,-0.04351633042097092,3.1722798347473145,14.79157829284668,0.10941514372825623,0.10941514372825623,181.7583109557152,847.4953115512848
1777333265.494454,-0.04346117377281189,3.1728873252868652,14.792186737060547,0.11045730859041214,0.11045730859041214,181.79311761217116,847.5301728492736
1777333265.49456,-0.0434127002954483,3.1735806465148926,14.792879104614258,0.11159812659025192,0.11159812659025192,181.83284200658798,847.5698426021576
1777333265.554925,-0.04336061701178551,3.174276351928711,14.793575286865234,0.1114511489868164,0.1114511489868164,181.87270300483704,847.6097309211731
1777333265.55501,-0.043345194309949875,3.1755712032318115,14.794870376586914,0.10936690121889114,0.10936690121889114,181.94689254612922,847.6839341228485
1777333265.5550551,-0.04329320043325424,3.176267147064209,14.79556655883789,0.10609108209609985,0.10609108209609985,181.9867672047615,847.7238224418641
1777333265.5558872,-0.04332631081342697,3.1768689155578613,14.796167373657227,0.104810930788517,0.104810930788517,182.0212460120201,847.7582466075897
1777333265.5559402,-0.04327428713440895,3.177564859390259,14.796863555908203,0.1037251204252243,0.1037251204252243,182.0611206706524,847.7981349266053
1777333265.61345,-0.04323204979300499,3.17834210395813,14.797640800476074,0.10727734863758087,0.10727734863758087,182.10565351996422,847.8426677759171
1777333265.6135428,-0.0432681143283844,3.17903208732605,14.798331260681152,0.10732582211494446,0.10732582211494446,182.14518666901589,847.8822282457352
1777333265.6135921,-0.043222442269325256,3.17981219291687,14.799111366271973,0.11031549423933029,0.11031549423933029,182.1898834429264,847.9269250196456
1777333265.614422,-0.04326128214597702,3.1805903911590576,14.79988956451416,0.10609344393014908,0.10609344393014908,182.23447093377112,847.9715125104905
1777333265.614474,-0.043215613812208176,3.181370735168457,14.80066967010498,0.10618805885314941,0.10618805885314941,182.27918136806488,848.0162092844009
1777333265.614517,-0.043167226016521454,3.182063579559326,14.801362991333008,0.10604436695575714,0.10604436695575714,182.31887844171524,848.0559336788177
1777333265.614559,-0.04320332035422325,3.182753562927246,14.80205249786377,0.09958942979574203,0.09958942979574203,182.3584115907669,848.0954395071029
1777333265.671367,-0.04315783083438873,3.1835339069366455,14.80283260345459,0.10063913464546204,0.10063913464546204,182.40312202506064,848.1401362810135
1777333265.672231,-0.0431094765663147,3.1842265129089355,14.803525924682617,0.09845124185085297,0.09845124185085297,182.44280543832778,848.1798606754303
1777333265.672288,-0.043057601898908615,3.184922695159912,14.804222106933594,0.09623217582702637,0.09623217582702637,182.4826937573433,848.2197489944458
1777333265.6723342,-0.0430937260389328,3.185612678527832,14.804911613464355,0.09419114142656326,0.09419114142656326,182.52222690639496,848.259254822731
1777333265.6723762,-0.04304185137152672,3.1863088607788086,14.805607795715332,0.09399733692407608,0.09399733692407608,182.56211522541045,848.2991431417465
1777333265.672416,-0.04308453947305679,3.1870830059051514,14.806382179260254,0.09177058935165405,0.09177058935165405,182.60647048974036,848.3435120664597
1777333265.732425,-0.043033767491579056,3.187687397003174,14.806985855102539,0.09195863455533981,0.09195863455533981,182.64109956121445,848.3781001567841
1777333265.732526,-0.04297533258795738,3.1882991790771484,14.807598114013672,0.08621606230735779,0.08621606230735779,182.67615210456847,848.4131800209045
1777333265.732573,-0.043011486530303955,3.1889891624450684,14.80828857421875,0.08304589986801147,0.08304589986801147,182.71568525362014,848.4527404907227
1777333265.732616,-0.04295734316110611,3.1895973682403564,14.8088960647583,0.07877873629331589,0.07877873629331589,182.75053289122582,848.4875471471787
1777333265.732657,-0.042984489351511,3.190114736557007,14.80941390991211,0.07644957304000854,0.07644957304000854,182.78017592282296,848.5172174995422
1777333265.73348,-0.04293619468808174,3.1908071041107178,14.81010627746582,0.07541017979383469,0.07541017979383469,182.81984567570686,848.5568872524261
1777333265.794658,-0.042875342071056366,3.191330909729004,14.810629844665527,0.07326827943325043,0.07326827943325043,182.84985753765105,848.5868854539871
1777333265.794755,-0.04290245845913887,3.1918482780456543,14.811147689819336,0.06976410746574402,0.06976410746574402,182.8795005692482,848.6165558063507
1777333265.7948,-0.04292736575007439,3.192277431488037,14.811576843261719,0.06662951409816742,0.06662951409816742,182.90408925905228,848.6411444961548
1777333265.826977,-0.042866602540016174,3.1928014755249023,14.812100410461426,0.06454619765281677,0.06454619765281677,182.9341147813797,848.6711426977157
1777333265.827872,-0.04289374500513077,3.1933188438415527,14.812618255615234,0.06036711856722832,0.06036711856722832,182.96375781297684,848.7008130500793
1777333265.827928,-0.04282734543085098,3.1936662197113037,14.812965393066406,0.05468180775642395,0.05468180775642395,182.98366099133492,848.7207025680542
1777333265.827971,-0.04285234212875366,3.1940953731536865,14.813394546508789,0.056868113577365875,0.056868113577365875,183.008249681139,848.7452912578583
1777333265.828012,-0.04278245195746422,3.1944468021392822,14.813745498657227,0.052544258534908295,0.052544258534908295,183.0283850860119,848.7653993419647
1777333265.828107,-0.04280059039592743,3.194791793823242,14.814090728759766,0.04927144572138786,0.04927144572138786,183.0481516605377,848.7851795768738
1777333265.828722,-0.042818695306777954,3.195136785507202,14.814435958862305,0.045952361077070236,0.045952361077070236,183.06791823506356,848.8049598117829
1777333265.828769,-0.04283471405506134,3.1953935623168945,14.814692497253418,0.04159407690167427,0.04159407690167427,183.08263046779632,848.8196583841324
1777333265.82881,-0.04275796189904213,3.1956608295440674,14.814959526062012,0.038368336856365204,0.038368336856365204,183.09794375739096,848.8349580133438
1777333265.885746,-0.0427669994533062,3.195833206176758,14.815132141113281,0.0340021587908268,0.0340021587908268,183.1078202144623,848.8448481307984
1777333265.885838,-0.042698539793491364,3.196092128753662,14.815391540527344,0.03277153521776199,0.03277153521776199,183.12265539064407,848.8597106277466
1777333265.8867252,-0.0427006296813488,3.1961803436279297,14.815479278564453,0.025138182565569878,0.025138182565569878,183.12770973243713,848.8647376487731
1777333265.886855,-0.04270969703793526,3.19635272026062,14.815651893615723,0.027400212362408638,0.027400212362408638,183.13758618950843,848.8746277662277
1777333265.886902,-0.042716678231954575,3.196437120437622,14.815735816955566,0.023039435967803,0.023039435967803,183.14242196516992,848.8794362211228
1777333265.9440808,-0.042718734592199326,3.1965253353118896,14.815824508666992,0.017680956050753593,0.017680956050753593,183.14747630696297,848.8845178836823
1777333265.975855,-0.04272574558854103,3.1966094970703125,14.815908432006836,0.014367028139531612,0.014367028139531612,183.15229842224122,848.8893263385772
1777333265.976843,-0.04263781011104584,3.1966161727905273,14.81591510772705,0.012136266566812992,0.012136266566812992,183.1526809129715,848.8897088293076
1777333265.9769018,-0.04263781011104584,3.1966161727905273,14.81591510772705,0.010915986262261868,0.010915986262261868,183.1526809129715,848.8897088293076
1777333265.9769442,-0.04262873902916908,3.196443796157837,14.815742492675781,0.007547997869551182,0.007547997869551182,183.1428044559002,848.879818711853
1777333265.9769862,-0.04262873902916908,3.196443796157837,14.815742492675781,0.0,0.0,183.1428044559002,848.879818711853
1777333265.977024,-0.042619671672582626,3.1962714195251465,14.815570831298828,2.5508852559141815e-06,2.5508852559141815e-06,183.13292799882888,848.8699832359314
1777333265.97768,-0.04261269420385361,3.1961870193481445,14.815485954284668,-0.0034608326386660337,-0.0034608326386660337,183.1280922231674,848.8651201395035
1777333265.97773,-0.04261060431599617,3.196098804473877,14.815397262573242,-0.003321472555398941,-0.003321472555398941,183.12303788137436,848.8600384769439
1777333266.035073,-0.042601536959409714,3.1959264278411865,14.815225601196289,-0.009863917715847492,-0.009863917715847492,183.11316142430306,848.8502030010224
1777333266.035179,-0.04259246960282326,3.195753812789917,14.81505298614502,-0.011952708475291729,-0.011952708475291729,183.1032713068485,848.8403128835678
1777333266.035224,-0.042574331164360046,3.195409059524536,14.81470775604248,-0.01546486560255289,-0.01546486560255289,183.0835183927059,848.8205326486587
1777333266.092921,-0.042653199285268784,3.1952297687530518,14.814528465270996,-0.01840241625905037,-0.01840241625905037,183.0732457845211,848.810260040474
1777333266.093014,-0.04263506457209587,3.194885015487671,14.814184188842773,-0.024145230650901794,-0.024145230650901794,183.0534928703785,848.7905344470978
1777333266.09306,-0.04261692985892296,3.194540023803711,14.813838958740234,-0.022951437160372734,-0.022951437160372734,183.03372629585266,848.7707542121888
1777333266.0931032,-0.04258972406387329,3.1940226554870605,14.813322067260742,-0.027402736246585846,-0.027402736246585846,183.0040832642555,848.741138501358
1777333266.0931451,-0.04257158935070038,3.1936776638031006,14.812976837158203,-0.02850574068725109,-0.02850574068725109,182.9843166897297,848.721358266449
1777333266.0939488,-0.04254438355565071,3.19316029548645,14.812458992004395,-0.02754919044673443,-0.02754919044673443,182.95467365813255,848.6916879140854
1777333266.153333,-0.04251034930348396,3.192558526992798,14.811857223510742,-0.03613414615392685,-0.03613414615392685,182.92019485087394,848.6572091068268
1777333266.1534321,-0.04256884381175041,3.191946506500244,14.81124496459961,-0.0340474508702755,-0.0340474508702755,182.8851286471367,848.6221292427063
1777333266.153478,-0.04245036095380783,3.191347122192383,14.810646057128906,-0.036229439079761505,-0.036229439079761505,182.85078644371032,848.5878143600464
1777333266.1535208,-0.04242086037993431,3.190741539001465,14.810040473937988,-0.03504541516304016,-0.03504541516304016,182.81608907032012,848.5531169866562
1777333266.154356,-0.04238458722829819,3.190051794052124,14.809350967407227,-0.0361316055059433,-0.0361316055059433,182.7765695816517,848.513611158371
1777333266.1544561,-0.04235070198774338,3.1894500255584717,14.808749198913574,-0.03731704130768776,-0.03731704130768776,182.7420907743931,848.4791323511124
1777333266.2143629,-0.04231445863842964,3.1887600421905518,14.808058738708496,-0.038361553102731705,-0.038361553102731705,182.70255762534143,848.4395718812942
1777333266.2144551,-0.042278219014406204,3.188070297241211,14.807369232177734,-0.04040687158703804,-0.04040687158703804,182.66303813667298,848.400066053009
1777333266.2145011,-0.042248569428920746,3.187464714050293,14.806763648986816,-0.03931600600481033,-0.03931600600481033,182.62834076328278,848.3653686796189
1777333266.215304,-0.04230029135942459,3.1867685317993164,14.80606746673584,-0.04135943949222565,-0.04135943949222565,182.58845244426726,848.3254803606034
1777333266.215355,-0.04226401820778847,3.1860785484313965,14.805377960205078,-0.0394061915576458,-0.0394061915576458,182.5489192952156,848.2859745323182
1777333266.2155268,-0.04222774878144264,3.1853885650634766,14.8046875,-0.04045085608959198,-0.04045085608959198,182.50938614616393,848.2464140625
1777333266.215688,-0.04219147562980652,3.1846988201141357,14.803997993469238,-0.03813706338405609,-0.03813706338405609,182.4698666574955,848.2069082342148
1777333266.215733,-0.042155202478170395,3.184008836746216,14.80330753326416,-0.03827109560370445,-0.03827109560370445,182.43033350844382,848.1673477643967
1777333266.275828,-0.04211893305182457,3.183318853378296,14.802618026733398,-0.036045338958501816,-0.036045338958501816,182.39080035939216,848.1278419361114
1777333266.275915,-0.04213700816035271,3.182021141052246,14.80132007598877,-0.03722987696528435,-0.03722987696528435,182.31644689350128,848.0534748098373
1777333266.27596,-0.04210712015628815,3.181415557861328,14.800714492797852,-0.037226106971502304,-0.037226106971502304,182.28174952011108,848.0187774364472
1777333266.276002,-0.04207084700465202,3.180725574493408,14.800024032592773,-0.03613884374499321,-0.03613884374499321,182.2422163710594,847.979216966629
1777333266.276045,-0.042037349194288254,3.180123805999756,14.799423217773438,-0.03609277680516243,-0.03609277680516243,182.2077375638008,847.9447928009033
1777333266.2769148,-0.0420953668653965,3.1795120239257812,14.798810958862305,-0.03290655463933945,-0.03290655463933945,182.17268502044678,847.9097129367829
1777333266.277049,-0.04206816479563713,3.178994655609131,14.798294067382812,-0.03163234889507294,-0.03163234889507294,182.14304198884963,847.8800972259521
1777333266.337269,-0.042034756392240524,3.1783928871154785,14.797691345214844,-0.0305891465395689,-0.0305891465395689,182.10856318159102,847.8455637771607
1777333266.33736,-0.04200468584895134,3.1777873039245605,14.797086715698242,-0.030679121613502502,-0.030679121613502502,182.07386580820085,847.8109210453033
1777333266.3374069,-0.04197748377919197,3.17726993560791,14.796568870544434,-0.028544867411255836,-0.028544867411255836,182.0442227766037,847.7812506929398
1777333266.338269,-0.0419502817094326,3.1767523288726807,14.796051025390625,-0.027409767732024193,-0.027409767732024193,182.01456608462334,847.7515803405762
1777333266.338324,-0.041923075914382935,3.1762349605560303,14.795534133911133,-0.026227308437228203,-0.026227308437228203,181.9849230530262,847.7219646297455
1777333266.397606,-0.041895873844623566,3.175717353820801,14.795016288757324,-0.025087522342801094,-0.025087522342801094,181.95526636104583,847.6922942773818
1777333266.397703,-0.04195660352706909,3.175194025039673,14.794492721557617,-0.0263674259185791,-0.0263674259185791,181.92528181986808,847.6622960758209
1777333266.397749,-0.04192940145730972,3.1746766567230225,14.793975830078125,-0.022954754531383514,-0.022954754531383514,181.89563878827096,847.6326803649903
1777333266.453896,-0.0419052392244339,3.1742472648620605,14.793546676635742,-0.02186235412955284,-0.02186235412955284,181.87103643808365,847.6080916751862
1777333266.453994,-0.04188406094908714,3.173814296722412,14.793113708496094,-0.020770004019141197,-0.020770004019141197,181.84622918214797,847.5832844192505
1777333266.45404,-0.04186592623591423,3.173469305038452,14.792768478393555,-0.01322704367339611,-0.01322704367339611,181.82646260762215,847.5635041843415
1777333266.454083,-0.04184778779745102,3.173124313354492,14.792423248291016,-0.014135127887129784,-0.014135127887129784,181.8066960330963,847.5437239494323
1777333266.454124,-0.04182368889451027,3.1726949214935303,14.791994094848633,-0.014176479540765285,-0.014176479540765285,181.78209368290902,847.5191352596283
1777333266.454937,-0.041811518371105194,3.1724343299865723,14.791732788085938,-0.007635815534740686,-0.007635815534740686,181.76716288404464,847.5041634796142
1777333266.454989,-0.04180245101451874,3.1722617149353027,14.791561126708984,-0.00763722276315093,-0.00763722276315093,181.75727276659012,847.4943280036927
1777333266.5106041,-0.041784316301345825,3.1719167232513428,14.791215896606445,-0.0077256252989172935,-0.0077256252989172935,181.73750619206427,847.4745477687836
1777333266.5106938,-0.04177524521946907,3.1717443466186523,14.791043281555176,-0.003366428427398205,-0.003366428427398205,181.72762973499297,847.464657651329
1777333266.51074,-0.041766177862882614,3.171571731567383,14.790870666503906,-0.0009996796725317836,-0.0009996796725317836,181.71773961753846,847.4547675338745
1777333266.511564,-0.0417480431497097,3.171226978302002,14.790525436401367,8.976527897175401e-05,8.976527897175401e-05,181.69798670339586,847.4349872989654
1777333266.511619,-0.041738975793123245,3.1710543632507324,14.790353775024414,0.0033166888169944286,0.0033166888169944286,181.6880965859413,847.4251518230438
1777333266.5667572,-0.04172990843653679,3.170881986618042,14.790181159973145,4.41948686784599e-05,4.41948686784599e-05,181.67822012887,847.4152617055893
1777333266.566853,-0.04172084107995033,3.1707093715667725,14.790008544921875,0.004316462203860283,0.004316462203860283,181.6683300114155,847.4053715881348
1777333266.5668979,-0.041708581149578094,3.1704487800598145,14.78974723815918,0.004365974571555853,0.004365974571555853,181.6533992125511,847.3903998081207
1777333266.6231282,-0.04169951379299164,3.170276165008545,14.789575576782227,0.006680184509605169,0.006680184509605169,181.6435090950966,847.3805643321991
1777333266.6232169,-0.04168456792831421,3.1700193881988525,14.789318084716797,0.008816329762339592,0.008816329762339592,181.62879686236383,847.3658111183166
1777333266.623263,-0.04168134555220604,3.169931173324585,14.789230346679688,0.010905721224844456,0.010905721224844456,181.62374252057074,847.3607840972901
1777333266.623306,-0.04168134555220604,3.169931173324585,14.789230346679688,0.013227684423327446,0.013227684423327446,181.62374252057074,847.3607840972901
1777333266.623347,-0.04167550057172775,3.169846773147583,14.789145469665527,0.013086102902889252,0.013086102902889252,181.61890674490928,847.3559210008622
1777333266.624172,-0.04158777743577957,3.169762134552002,14.789060592651367,0.010997960343956947,0.010997960343956947,181.6140573088646,847.3510579044342
1777333266.624223,-0.04158777743577957,3.169762134552002,14.789060592651367,0.014136705547571182,0.014136705547571182,181.6140573088646,847.3510579044342
1777333266.624264,-0.04149399697780609,3.1696834564208984,14.788982391357422,0.012953849509358406,0.012953849509358406,181.6095493824005,847.3465772987365
1777333266.624305,-0.04149984195828438,3.1697678565979004,14.789066314697266,0.015182361006736755,0.015182361006736755,181.614385158062,847.3513857536316
1777333266.682243,-0.04149984195828438,3.1697678565979004,14.789066314697266,0.015362185426056385,0.015362185426056385,181.614385158062,847.3513857536316
1777333266.683108,-0.04149984195828438,3.1697678565979004,14.789066314697266,0.01644918881356716,0.01644918881356716,181.614385158062,847.3513857536316
1777333266.683163,-0.04149984195828438,3.1697678565979004,14.789066314697266,0.018451016396284103,0.018451016396284103,181.614385158062,847.3513857536316
1777333266.6832051,-0.04149984195828438,3.1697678565979004,14.789066314697266,0.01854284666478634,0.01854284666478634,181.614385158062,847.3513857536316
1777333266.6832461,-0.04149984195828438,3.1697678565979004,14.789066314697266,0.01849629357457161,0.01849629357457161,181.614385158062,847.3513857536316
1777333266.683286,-0.04150569066405296,3.1698522567749023,14.789151191711426,0.01740673929452896,0.01740673929452896,181.61922093372345,847.3562488500595
1777333266.740001,-0.041508909314870834,3.169940233230591,14.789238929748535,0.01963239535689354,0.01963239535689354,181.6242616151333,847.3612758710861
1777333266.740095,-0.041508909314870834,3.169940233230591,14.789238929748535,0.018589409068226814,0.018589409068226814,181.6242616151333,847.3612758710861
1777333266.7401412,-0.04151475802063942,3.1700246334075928,14.789323806762695,0.019637523218989372,0.019637523218989372,181.62909739079475,847.3661389675141
1777333266.740182,-0.04151798039674759,3.1701128482818604,14.789411544799805,0.016315879300236702,0.016315879300236702,181.6341517325878,847.3711659885406
1777333266.740252,-0.041439320892095566,3.1702005863189697,14.789499282836914,0.017314817756414413,0.017314817756414413,181.63917875361443,847.3761930095673
1777333266.7957609,-0.041439320892095566,3.1702005863189697,14.789499282836914,0.018497617915272713,0.018497617915272713,181.63917875361443,847.3761930095673
1777333266.795851,-0.041354551911354065,3.1702942848205566,14.789592742919922,0.019593626260757446,0.019593626260757446,181.64454728422166,847.3815478797912
1777333266.7958999,-0.04136042669415474,3.1703786849975586,14.789677619934082,0.013091265223920345,0.013091265223920345,181.64938305988312,847.3864109762192
1777333266.7959418,-0.04136042669415474,3.1703786849975586,14.789677619934082,0.0185428224503994,0.0185428224503994,181.64938305988312,847.3864109762192
1777333266.795983,-0.041369494050741196,3.170551061630249,14.789850234985352,0.018544122576713562,0.018544122576713562,181.65925951695442,847.3963010936737
1777333266.7968159,-0.041369494050741196,3.170551061630249,14.789850234985352,0.014228548854589462,0.014228548854589462,181.65925951695442,847.3963010936737
1777333266.8529081,-0.041369494050741196,3.170551061630249,14.789850234985352,0.01400026399642229,0.01400026399642229,181.65925951695442,847.3963010936737
1777333266.85299,-0.041369494050741196,3.170551061630249,14.789850234985352,0.015227804891765118,0.015227804891765118,181.65925951695442,847.3963010936737
1777333266.853034,-0.04137537255883217,3.170635461807251,14.789934158325195,0.014227241277694702,0.014227241277694702,181.66409529261588,847.4011095485687
1777333266.853075,-0.04137856140732765,3.1707236766815186,14.790022850036621,0.014314909465610981,0.014314909465610981,181.66914963440894,847.4061912111282
1777333266.853909,-0.04137537255883217,3.170635461807251,14.789934158325195,0.008815618231892586,0.008815618231892586,181.66409529261588,847.4011095485687
1777333266.853961,-0.041369494050741196,3.170551061630249,14.789850234985352,0.009859994985163212,0.009859994985163212,181.65925951695442,847.3963010936737
1777333266.908479,-0.04136630520224571,3.1704630851745605,14.789762496948242,0.007589374203234911,0.007589374203234911,181.65421883554458,847.3912740726471
1777333266.908575,-0.04136042669415474,3.1703786849975586,14.789677619934082,0.004408453591167927,0.004408453591167927,181.64938305988312,847.3864109762192
1777333266.908641,-0.04135720804333687,3.170290470123291,14.789588928222656,0.006680357735604048,0.006680357735604048,181.64432871809007,847.3813293136596
1777333266.909527,-0.041351329535245895,3.170206069946289,14.789505004882812,0.006590105593204498,0.006590105593204498,181.63949294242857,847.3765208587646
1777333266.909578,-0.041348107159137726,3.1701180934906006,14.789417266845703,0.005360050592571497,0.005360050592571497,181.63445226101877,847.3714938377381
1777333266.9096189,-0.04125770181417465,3.170037031173706,14.789336204528809,0.003315029200166464,0.003315029200166464,181.62980773072243,847.3668493074417
1777333266.966188,-0.04125447943806648,3.1699488162994385,14.789247512817383,0.0021366490982472897,0.0021366490982472897,181.62475338892938,847.3617676448822
1777333266.9662771,-0.04125447943806648,3.1699488162994385,14.789247512817383,0.0011358398478478193,0.0011358398478478193,181.62475338892938,847.3617676448822
1777333266.967146,-0.041248634457588196,3.1698644161224365,14.789163589477539,-0.0010908307740464807,-0.0010908307740464807,181.6199176132679,847.3569591899872
1777333266.967357,-0.041245412081480026,3.169776439666748,14.78907585144043,0.0020003775134682655,0.0020003775134682655,181.61487693185805,847.3519321689606
1777333266.967477,-0.04123956710100174,3.169692039489746,14.78899097442627,4.2462237615836784e-05,4.2462237615836784e-05,181.6100411561966,847.3470690725327
1777333266.967523,-0.04123631492257118,3.1696038246154785,14.788902282714844,-0.003408736316487193,-0.003408736316487193,181.60498681440353,847.3419874099732
1777333267.034605,-0.0412304662168026,3.1695194244384766,14.788818359375,-0.003407461568713188,-0.003407461568713188,181.60015103874207,847.3371789550781
1777333267.0354571,-0.04122721776366234,3.169431447982788,14.78873062133789,-0.0033624593634158373,-0.0033624593634158373,181.59511035733223,847.3321519340515
1777333267.035511,-0.04122136905789375,3.169347047805786,14.78864574432373,-0.004362070467323065,-0.004362070467323065,181.59027458167077,847.3272888376235
1777333267.035553,-0.0411301888525486,3.169264554977417,14.78856372833252,-0.007680789101868868,-0.007680789101868868,181.58554808907508,847.3225896657943
1777333267.035594,-0.0411243699491024,3.169180154800415,14.78847885131836,-0.007683174218982458,-0.007683174218982458,181.5807123134136,847.3177265693664
1777333267.0356338,-0.04112112149596214,3.1690919399261475,14.78839111328125,-0.006634720601141453,-0.006634720601141453,181.57565797162056,847.3126995483399
1777333267.092848,-0.04112112149596214,3.1690919399261475,14.78839111328125,-0.006543750874698162,-0.006543750874698162,181.57565797162056,847.3126995483399
1777333267.092938,-0.0411120243370533,3.168919563293457,14.78821849822998,-0.00990844052284956,-0.00990844052284956,181.56578151454926,847.3028094308853
1777333267.092984,-0.0411120243370533,3.168919563293457,14.78821849822998,-0.008771500550210476,-0.008771500550210476,181.56578151454926,847.3028094308853
1777333267.0930262,-0.041102923452854156,3.1687469482421875,14.788045883178711,-0.007590960711240768,-0.007590960711240768,181.55589139709474,847.2929193134307
1777333267.0930681,-0.04109382629394531,3.168574571609497,14.787873268127441,-0.009724132716655731,-0.009724132716655731,181.5460149400234,847.2830291959763
1777333267.093892,-0.04117269068956375,3.168396472930908,14.787694931030273,-0.01213364489376545,-0.01213364489376545,181.53581063375472,847.2728112293244
1777333267.149185,-0.04116359353065491,3.1682240962982178,14.78752326965332,-0.011999138630926609,-0.011999138630926609,181.52593417668342,847.2629757534027
1777333267.149272,-0.04115449637174606,3.1680514812469482,14.78735065460205,-0.012088962830603123,-0.012088962830603123,181.5160440592289,847.2530856359482
1777333267.149316,-0.04115449637174606,3.1680514812469482,14.78735065460205,-0.009994709864258766,-0.009994709864258766,181.5160440592289,847.2530856359482
1777333267.149358,-0.041139643639326096,3.167794704437256,14.787094116210938,-0.009908470325171947,-0.009908470325171947,181.5013318264961,847.2383870635987
1777333267.1501682,-0.04112723469734192,3.167534112930298,14.786832809448242,-0.012003844603896141,-0.012003844603896141,181.48640102763176,847.2234152835846
1777333267.150221,-0.041118137538433075,3.1673614978790283,14.786660194396973,-0.012090048752725124,-0.012090048752725124,181.47651091017724,847.21352516613
1777333267.206861,-0.04110904037952423,3.167189121246338,14.786487579345703,-0.010911776684224606,-0.010911776684224606,181.46663445310594,847.2036350486756
1777333267.206951,-0.041103314608335495,3.167104721069336,14.78640365600586,-0.009952038526535034,-0.009952038526535034,181.46179867744445,847.1988265937805
1777333267.206995,-0.04109087586402893,3.166844129562378,14.78614330291748,-0.010909452103078365,-0.010909452103078365,181.4468678785801,847.1839094552994
1777333267.207804,-0.04108177870512009,3.1666715145111084,14.785970687866211,-0.012043972499668598,-0.012043972499668598,181.43697776112558,847.1740193378448
1777333267.2078562,-0.04107604920864105,3.1665871143341064,14.78588581085205,-0.00981635320931673,-0.00981635320931673,181.43214198546409,847.1691562414169
1777333267.2078972,-0.04107268154621124,3.166499137878418,14.785798072814941,-0.007593238260596991,-0.007593238260596991,181.42710130405425,847.1641292203904
1777333267.2657769,-0.041063614189624786,3.1663265228271484,14.785625457763672,-0.011176078580319881,-0.011176078580319881,181.41721118659973,847.1542391029358
1777333267.265866,-0.04105451703071594,3.166154146194458,14.785452842712402,-0.007771338801831007,-0.007771338801831007,181.40733472952843,847.1443489854813
1777333267.324631,-0.04105451703071594,3.166154146194458,14.785452842712402,-0.005544844549149275,-0.005544844549149275,181.40733472952843,847.1443489854813
1777333267.324725,-0.0410454161465168,3.1659815311431885,14.785280227661133,-0.006543884519487619,-0.006543884519487619,181.3974446120739,847.1344588680267
1777333267.324775,-0.0410454161465168,3.1659815311431885,14.785280227661133,-0.006587585434317589,-0.006587585434317589,181.3974446120739,847.1344588680267
1777333267.324817,-0.041036318987607956,3.165809154510498,14.78510856628418,-0.005589602515101433,-0.005589602515101433,181.38756815500258,847.1246233921051
1777333267.324859,-0.041030652821063995,3.165724754333496,14.78502368927002,-0.004363323096185923,-0.004363323096185923,181.38273237934112,847.1197602956772
1777333267.325679,-0.0410272516310215,3.1656365394592285,14.784934997558594,-0.005277236457914114,-0.005277236457914114,181.37767803754807,847.1146786331177
1777333267.325731,-0.041018154472112656,3.165464162826538,14.78476333618164,-0.005362468771636486,-0.005362468771636486,181.36780158047677,847.104843157196
1777333267.3803751,-0.041018154472112656,3.165464162826538,14.78476333618164,-0.0034067612141370773,-0.0034067612141370773,181.36780158047677,847.104843157196
1777333267.380469,-0.04100905731320381,3.1652915477752686,14.784590721130371,-0.0020473927725106478,-0.0020473927725106478,181.35791146302222,847.0949530397415
1777333267.380515,-0.04100905731320381,3.1652915477752686,14.784590721130371,0.0,0.0,181.35791146302222,847.0949530397415
1777333267.3813481,-0.04099996015429497,3.165119171142578,14.784418106079102,-0.002407515188679099,-0.002407515188679099,181.34803500595092,847.085062922287
1777333267.381402,-0.04099996015429497,3.165119171142578,14.784418106079102,0.000958726042881608,0.000958726042881608,181.34803500595092,847.085062922287
1777333267.438868,-0.04099089279770851,3.1649465560913086,14.784245491027832,-0.00017684146587271243,-0.00017684146587271243,181.3381448884964,847.0751728048325
1777333267.43897,-0.04099089279770851,3.1649465560913086,14.784245491027832,0.0010939650237560272,0.0010939650237560272,181.3381448884964,847.0751728048325
1777333267.43902,-0.04098179563879967,3.164774179458618,14.784072875976562,0.0023116637021303177,0.0023116637021303177,181.3282684314251,847.0652826873779
1777333267.439927,-0.04098179563879967,3.164774179458618,14.784072875976562,0.0031809844076633453,0.0031809844076633453,181.3282684314251,847.0652826873779
1777333267.439984,-0.040978334844112396,3.1646862030029297,14.783985137939453,0.006503378041088581,0.006503378041088581,181.32322775001526,847.0602556663513
1777333267.440026,-0.04097269847989082,3.1646015644073486,14.783900260925293,0.0032288117799907923,0.0032288117799907923,181.31837831397056,847.0553925699234
