Timestamp,Theta_rad,Gamma_rad,Phi_rad,Dgamma_radps,Dphi_radps,Gamma_deg,Phi_deg
1778551255.6057453,0.7525426149368286,3.0973711013793945,3.0973711013793945,0.0021563926711678505,0.0021563926711678505,177.4663551504135,177.4663551504135
1778551255.6069896,0.7525426149368286,3.0973711013793945,3.0973711013793945,0.0020408169366419315,0.0020408169366419315,177.4663551504135,177.4663551504135
1778551255.6073654,0.7525426149368286,3.0973711013793945,3.0973711013793945,-0.00014084461145102978,-0.00014084461145102978,177.4663551504135,177.4663551504135
1778551255.6076844,0.7525426149368286,3.0973711013793945,3.0973711013793945,0.0002763050142675638,0.0002763050142675638,177.4663551504135,177.4663551504135
1778551255.607984,0.7525426149368286,3.0973711013793945,3.0973711013793945,0.0011811377480626106,0.0011811377480626106,177.4663551504135,177.4663551504135
1778551255.6188126,0.7525426149368286,3.0973711013793945,3.0973711013793945,-0.0021563926711678505,-0.0021563926711678505,177.4663551504135,177.4663551504135
1778551255.619266,0.7525426149368286,3.0973711013793945,3.0973711013793945,0.008419687859714031,0.008419687859714031,177.4663551504135,177.4663551504135
1778551255.7452428,0.7525426149368286,3.0973711013793945,3.0973711013793945,0.0020607018377631903,0.0020607018377631903,177.4663551504135,177.4663551504135
1778551255.747766,0.7525426149368286,3.0973711013793945,3.0973711013793945,0.0034982599318027496,0.0034982599318027496,177.4663551504135,177.4663551504135
1778551255.7484322,0.7525426149368286,3.0973711013793945,3.0973711013793945,-0.002925765234977007,-0.002925765234977007,177.4663551504135,177.4663551504135
1778551255.750252,0.7525426149368286,3.0973711013793945,3.0973711013793945,0.0011107154423370957,0.0011107154423370957,177.4663551504135,177.4663551504135
1778551255.7523198,0.7525426149368286,3.0973711013793945,3.0973711013793945,-0.0010204084683209658,-0.0010204084683209658,177.4663551504135,177.4663551504135
1778551255.7526648,0.7525426149368286,3.0973711013793945,3.0973711013793945,-0.0007892572320997715,-0.0007892572320997715,177.4663551504135,177.4663551504135
1778551255.753017,0.7525426149368286,3.0973711013793945,3.0973711013793945,-0.000995139591395855,-0.000995139591395855,177.4663551504135,177.4663551504135
1778551255.7533333,0.7525426149368286,3.0973711013793945,3.0973711013793945,0.0009499861625954509,0.0009499861625954509,177.4663551504135,177.4663551504135
1778551255.754454,0.7525426149368286,3.0973711013793945,3.0973711013793945,0.0011811377480626106,0.0011811377480626106,177.4663551504135,177.4663551504135
1778551255.754841,0.7525426149368286,3.0973711013793945,3.0973711013793945,0.002226815093308687,0.002226815093308687,177.4663551504135,177.4663551504135
1778551255.755703,0.7525426149368286,3.0973711013793945,3.0973711013793945,0.0010456773452460766,0.0010456773452460766,177.4663551504135,177.4663551504135
1778551255.7565486,0.7525426149368286,3.0973711013793945,3.0973711013793945,-0.0019956633914262056,-0.0019956633914262056,177.4663551504135,177.4663551504135
1778551255.7572792,0.7525426149368286,3.0973711013793945,3.0973711013793945,0.0,0.0,177.4663551504135,177.4663551504135
1778551255.8408554,0.7525426149368286,3.0973711013793945,3.0973711013793945,-0.004036480560898781,-0.004036480560898781,177.4663551504135,177.4663551504135
1778551255.8446994,0.7525426149368286,3.0973711013793945,3.0973711013793945,0.0021762773394584656,0.0021762773394584656,177.4663551504135,177.4663551504135
1778551255.8454244,0.7525426149368286,3.0973711013793945,3.0973711013793945,0.003221954684704542,0.003221954684704542,177.4663551504135,177.4663551504135
1778551255.8458254,0.7525426149368286,3.0973711013793945,3.0973711013793945,-0.0029004961252212524,-0.0029004961252212524,177.4663551504135,177.4663551504135
1778551255.8462121,0.7525426149368286,3.0973711013793945,3.0973711013793945,-0.0010601780377328396,-0.0010601780377328396,177.4663551504135,177.4663551504135
1778551255.8477342,0.7525426149368286,3.0973711013793945,3.0973711013793945,-0.003106379183009267,-0.003106379183009267,177.4663551504135,177.4663551504135
1778551255.847944,0.7525426149368286,3.0973711013793945,3.0973711013793945,-0.0009752549813129008,-0.0009752549813129008,177.4663551504135,177.4663551504135
1778551255.848092,0.7525426149368286,3.0973711013793945,3.0973711013793945,-4.5153487008064985e-05,-4.5153487008064985e-05,177.4663551504135,177.4663551504135
1778551255.8482378,0.7525426149368286,3.0973711013793945,3.0973711013793945,-0.0020408169366419315,-0.0020408169366419315,177.4663551504135,177.4663551504135
1778551255.91846,0.7525426149368286,3.0973711013793945,3.0973711013793945,0.004177324939519167,0.004177324939519167,177.4663551504135,177.4663551504135
1778551255.9197116,0.7525426149368286,3.0973711013793945,3.0973711013793945,-0.004126787185668945,-0.004126787185668945,177.4663551504135,177.4663551504135
1778551255.9199104,0.7525426149368286,3.0973711013793945,3.0973711013793945,0.004267632029950619,0.004267632029950619,177.4663551504135,177.4663551504135
1778551255.9200609,0.7525426149368286,3.0973711013793945,3.0973711013793945,0.003267108229920268,0.003267108229920268,177.4663551504135,177.4663551504135
1778551255.920206,0.7525426149368286,3.0973711013793945,3.0973711013793945,0.0,0.0,177.4663551504135,177.4663551504135
1778551255.9203568,0.7525426149368286,3.0973711013793945,3.0973711013793945,0.004312785342335701,0.004312785342335701,177.4663551504135,177.4663551504135
1778551255.9213,0.7525426149368286,3.0973711013793945,3.0973711013793945,0.0043380544520914555,0.0043380544520914555,177.4663551504135,177.4663551504135
1778551255.9974067,0.7525426149368286,3.0973711013793945,3.0973711013793945,-0.0022719684056937695,-0.0022719684056937695,177.4663551504135,177.4663551504135
1778551255.9976068,0.7525426149368286,3.0973711013793945,3.0973711013793945,0.0009752549813129008,0.0009752549813129008,177.4663551504135,177.4663551504135
1778551255.9977577,0.7525426149368286,3.0973711013793945,3.0973711013793945,0.0010908307740464807,0.0010908307740464807,177.4663551504135,177.4663551504135
1778551255.9979036,0.7525426149368286,3.0973711013793945,3.0973711013793945,0.0010456773452460766,0.0010456773452460766,177.4663551504135,177.4663551504135
1778551255.9990692,0.7525426149368286,3.0973711013793945,3.0973711013793945,0.0032923768740147352,0.0032923768740147352,177.4663551504135,177.4663551504135
1778551255.9994085,0.7525426149368286,3.0973711013793945,3.0973711013793945,-0.0020408169366419315,-0.0020408169366419315,177.4663551504135,177.4663551504135
1778551255.9995923,0.7525426149368286,3.0973711013793945,3.0973711013793945,-0.0029961871914565563,-0.0029961871914565563,177.4663551504135,177.4663551504135
1778551255.999768,0.7525426149368286,3.0973711013793945,3.0973711013793945,-0.0010204084683209658,-0.0010204084683209658,177.4663551504135,177.4663551504135
1778551256.0749595,0.7525426149368286,3.0973711013793945,3.0973711013793945,-7.042230572551489e-05,-7.042230572551489e-05,177.4663551504135,177.4663551504135
1778551256.0765889,0.7525426149368286,3.0973711013793945,3.0973711013793945,-0.0019252414349466562,-0.0019252414349466562,177.4663551504135,177.4663551504135
1778551256.0768404,0.7525426149368286,3.0973711013793945,3.0973711013793945,-0.003106379183009267,-0.003106379183009267,177.4663551504135,177.4663551504135
1778551256.0770347,0.7525426149368286,3.0973711013793945,3.0973711013793945,-0.0021112393587827682,-0.0021112393587827682,177.4663551504135,177.4663551504135
1778551256.077245,0.7525426149368286,3.0973711013793945,3.0973711013793945,5.384208634495735e-06,5.384208634495735e-06,177.4663551504135,177.4663551504135
1778551256.0774329,0.7525426149368286,3.0973711013793945,3.0973711013793945,-0.0029004961252212524,-0.0029004961252212524,177.4663551504135,177.4663551504135
1778551256.079163,0.7525426149368286,3.0973711013793945,3.0973711013793945,0.0010456773452460766,0.0010456773452460766,177.4663551504135,177.4663551504135
1778551256.0794601,0.7525426149368286,3.0973711013793945,3.0973711013793945,-0.0012967134825885296,-0.0012967134825885296,177.4663551504135,177.4663551504135
1778551256.1509047,0.7525426149368286,3.0973711013793945,3.0973711013793945,0.003156916471198201,0.003156916471198201,177.4663551504135,177.4663551504135
1778551256.1544569,0.7525426149368286,3.0973711013793945,3.0973711013793945,0.00014084461145102978,0.00014084461145102978,177.4663551504135,177.4663551504135
1778551256.1546178,0.7525426149368286,3.0973711013793945,3.0973711013793945,-9.030697401612997e-05,-9.030697401612997e-05,177.4663551504135,177.4663551504135
1778551256.157122,0.7525426149368286,3.0973711013793945,3.0973711013793945,-0.003221954684704542,-0.003221954684704542,177.4663551504135,177.4663551504135
1778551256.1574209,0.7525426149368286,3.0973711013793945,3.0973711013793945,-0.0012515599373728037,-0.0012515599373728037,177.4663551504135,177.4663551504135
1778551256.1577122,0.7525426149368286,3.0973711013793945,3.0973711013793945,-0.0021311240270733833,-0.0021311240270733833,177.4663551504135,177.4663551504135
1778551256.1579933,0.7525426149368286,3.0973711013793945,3.0973711013793945,0.0019252414349466562,0.0019252414349466562,177.4663551504135,177.4663551504135
1778551256.1582773,0.7525426149368286,3.0973711013793945,3.0973711013793945,0.0009301014943048358,0.0009301014943048358,177.4663551504135,177.4663551504135
1778551256.2343771,0.7525426149368286,3.0973711013793945,3.0973711013793945,0.003202070016413927,0.003202070016413927,177.4663551504135,177.4663551504135
1778551256.234645,0.7525426149368286,3.0973711013793945,3.0973711013793945,0.003267108229920268,0.003267108229920268,177.4663551504135,177.4663551504135
1778551256.2347944,0.7525426149368286,3.0973711013793945,3.0973711013793945,0.0020660858135670424,0.0020660858135670424,177.4663551504135,177.4663551504135
1778551256.2349393,0.7525426149368286,3.0973711013793945,3.0973711013793945,-0.0011359842028468847,-0.0011359842028468847,177.4663551504135,177.4663551504135
1778551256.2350845,0.7525426149368286,3.0973711013793945,3.0973711013793945,-0.0010908307740464807,-0.0010908307740464807,177.4663551504135,177.4663551504135
1778551256.2363837,0.7525426149368286,3.0973711013793945,3.0973711013793945,1.9884668290615082e-05,1.9884668290615082e-05,177.4663551504135,177.4663551504135
1778551256.236609,0.7525426149368286,3.0973711013793945,3.0973711013793945,0.0009048327337950468,0.0009048327337950468,177.4663551504135,177.4663551504135
1778551256.309637,0.7525426149368286,3.0973711013793945,3.0973711013793945,0.0010655620135366917,0.0010655620135366917,177.4663551504135,177.4663551504135
1778551256.3098445,0.7525426149368286,3.0973711013793945,3.0973711013793945,0.0030413407366722822,0.0030413407366722822,177.4663551504135,177.4663551504135
1778551256.3099928,0.7525426149368286,3.0973711013793945,3.0973711013793945,-0.0042224787175655365,-0.0042224787175655365,177.4663551504135,177.4663551504135
1778551256.3112261,0.7525426149368286,3.0973711013793945,3.0973711013793945,0.0042224787175655365,0.0042224787175655365,177.4663551504135,177.4663551504135
1778551256.3114352,0.7525426149368286,3.0973711013793945,3.0973711013793945,0.004126787185668945,0.004126787185668945,177.4663551504135,177.4663551504135
1778551256.311588,0.7525426149368286,3.0973711013793945,3.0973711013793945,-0.002226815093308687,-0.002226815093308687,177.4663551504135,177.4663551504135
1778551256.3944616,0.7525426149368286,3.0973711013793945,3.0973711013793945,-0.004081633873283863,-0.004081633873283863,177.4663551504135,177.4663551504135
1778551256.3946762,0.7525426149368286,3.0973711013793945,3.0973711013793945,-0.0010005238000303507,-0.0010005238000303507,177.4663551504135,177.4663551504135
1778551256.3960407,0.7525426149368286,3.0973711013793945,3.0973711013793945,0.0010655620135366917,0.0010655620135366917,177.4663551504135,177.4663551504135
1778551256.3962727,0.7525426149368286,3.0973711013793945,3.0973711013793945,0.005262771621346474,0.005262771621346474,177.4663551504135,177.4663551504135
1778551256.3964248,0.7525426149368286,3.0973711013793945,3.0973711013793945,-0.006212758366018534,-0.006212758366018534,177.4663551504135,177.4663551504135
1778551256.3965747,0.7525426149368286,3.0973711013793945,3.0973711013793945,-0.004292900674045086,-0.004292900674045086,177.4663551504135,177.4663551504135
1778551256.396721,0.7525426149368286,3.0973711013793945,3.0973711013793945,-0.0021112393587827682,-0.0021112393587827682,177.4663551504135,177.4663551504135
1778551256.3976276,0.7525426149368286,3.0973711013793945,3.0973711013793945,0.007263819221407175,0.007263819221407175,177.4663551504135,177.4663551504135
1778551256.397818,0.7525426149368286,3.0973711013793945,3.0973711013793945,-0.0021365080028772354,-0.0021365080028772354,177.4663551504135,177.4663551504135
1778551256.4708374,0.7525426149368286,3.0973711013793945,3.0973711013793945,-0.0011359842028468847,-0.0011359842028468847,177.4663551504135,177.4663551504135
1778551256.4716878,0.7525426149368286,3.0973711013793945,3.0973711013793945,4.5153487008064985e-05,4.5153487008064985e-05,177.4663551504135,177.4663551504135
1778551256.47226,0.7525426149368286,3.0973711013793945,3.0973711013793945,0.0011359842028468847,0.0011359842028468847,177.4663551504135,177.4663551504135
1778551256.4759524,0.7525426149368286,3.0973711013793945,3.0973711013793945,-0.0019505099626258016,-0.0019505099626258016,177.4663551504135,177.4663551504135
1778551256.476783,0.7525426149368286,3.0973711013793945,3.0973711013793945,0.0041520562954247,0.0041520562954247,177.4663551504135,177.4663551504135
1778551256.4771147,0.7525426149368286,3.0973711013793945,3.0973711013793945,-0.0010005238000303507,-0.0010005238000303507,177.4663551504135,177.4663551504135
1778551256.477267,0.7525426149368286,3.0973711013793945,3.0973711013793945,-0.0052176183089613914,-0.0052176183089613914,177.4663551504135,177.4663551504135
1778551256.477404,0.7525426149368286,3.0973711013793945,3.0973711013793945,-0.0009247176349163055,-0.0009247176349163055,177.4663551504135,177.4663551504135
1778551256.4783325,0.7525426149368286,3.0973711013793945,3.0973711013793945,-0.00630844896659255,-0.00630844896659255,177.4663551504135,177.4663551504135
1778551256.5346918,0.7525426149368286,3.0973711013793945,3.0973711013793945,-0.0031768011394888163,-0.0031768011394888163,177.4663551504135,177.4663551504135
1778551256.5348887,0.7525426149368286,3.0973711013793945,3.0973711013793945,9.569106623530388e-05,9.569106623530388e-05,177.4663551504135,177.4663551504135
1778551256.5350552,0.7525426149368286,3.0973711013793945,3.0973711013793945,-0.0009048327337950468,-0.0009048327337950468,177.4663551504135,177.4663551504135
1778551256.5351994,0.7525426149368286,3.0973711013793945,3.0973711013793945,0.0010908307740464807,0.0010908307740464807,177.4663551504135,177.4663551504135
1778551256.536319,0.7525426149368286,3.0973711013793945,3.0973711013793945,-0.0022719684056937695,-0.0022719684056937695,177.4663551504135,177.4663551504135
1778551256.594449,0.7525426149368286,3.0973711013793945,3.0973711013793945,-0.0033627995289862156,-0.0033627995289862156,177.4663551504135,177.4663551504135
1778551256.5946462,0.7525426149368286,3.0973711013793945,3.0973711013793945,0.0011612530797719955,0.0011612530797719955,177.4663551504135,177.4663551504135
1778551256.594791,0.7525426149368286,3.0973711013793945,3.0973711013793945,0.002970918547362089,0.002970918547362089,177.4663551504135,177.4663551504135
1778551256.5949476,0.7525426149368286,3.0973711013793945,3.0973711013793945,0.005172464530915022,0.005172464530915022,177.4663551504135,177.4663551504135
1778551256.596416,0.7525426149368286,3.0973711013793945,3.0973711013793945,0.004961198195815086,0.004961198195815086,177.4663551504135,177.4663551504135
1778551256.5968745,0.7525426149368286,3.0973711013793945,3.0973711013793945,0.0021563926711678505,0.0021563926711678505,177.4663551504135,177.4663551504135
1778551256.66461,0.7525426149368286,3.0973711013793945,3.0973711013793945,-0.00014084461145102978,-0.00014084461145102978,177.4663551504135,177.4663551504135
1778551256.6648169,0.7525426149368286,3.0973711013793945,3.0973711013793945,0.0009247176349163055,0.0009247176349163055,177.4663551504135,177.4663551504135
1778551256.6649613,0.7525426149368286,3.0973711013793945,3.0973711013793945,0.0020660858135670424,0.0020660858135670424,177.4663551504135,177.4663551504135
1778551256.6661608,0.7525426149368286,3.0973711013793945,3.0973711013793945,0.003061225637793541,0.003061225637793541,177.4663551504135,177.4663551504135
1778551256.6664896,0.7525426149368286,3.0973711013793945,3.0973711013793945,0.0020209322683513165,0.0020209322683513165,177.4663551504135,177.4663551504135
1778551256.6666374,0.7525426149368286,3.0973711013793945,3.0973711013793945,0.0009048327337950468,0.0009048327337950468,177.4663551504135,177.4663551504135
1778551256.6668153,0.7525426149368286,3.0973711013793945,3.0973711013793945,0.003267108229920268,0.003267108229920268,177.4663551504135,177.4663551504135
1778551256.7275822,0.7525426149368286,3.0973711013793945,3.0973711013793945,-0.0020155482925474644,-0.0020155482925474644,177.4663551504135,177.4663551504135
1778551256.7289047,0.7525426149368286,3.0973711013793945,3.0973711013793945,-0.004126787185668945,-0.004126787185668945,177.4663551504135,177.4663551504135
1778551256.729125,0.7525426149368286,3.0973711013793945,3.0973711013793945,-0.0012316755019128323,-0.0012316755019128323,177.4663551504135,177.4663551504135
1778551256.7292771,0.7525426149368286,3.0973711013793945,3.0973711013793945,0.0020209322683513165,0.0020209322683513165,177.4663551504135,177.4663551504135
1778551256.7294254,0.7525426149368286,3.0973711013793945,3.0973711013793945,-0.0010456773452460766,-0.0010456773452460766,177.4663551504135,177.4663551504135
1778551256.729585,0.7525426149368286,3.0973711013793945,3.0973711013793945,0.0010908307740464807,0.0010908307740464807,177.4663551504135,177.4663551504135
1778551256.730528,0.7525426149368286,3.0973711013793945,3.0973711013793945,-0.0010908307740464807,-0.0010908307740464807,177.4663551504135,177.4663551504135
1778551256.801651,0.7525426149368286,3.0973711013793945,3.0973711013793945,-0.0020408169366419315,-0.0020408169366419315,177.4663551504135,177.4663551504135
1778551256.8020835,0.7525426149368286,3.0973711013793945,3.0973711013793945,-7.042230572551489e-05,-7.042230572551489e-05,177.4663551504135,177.4663551504135
1778551256.8023343,0.7525426149368286,3.0973711013793945,3.0973711013793945,0.003156916471198201,0.003156916471198201,177.4663551504135,177.4663551504135
1778551256.8025434,0.7525426149368286,3.0973711013793945,3.0973711013793945,-0.007148243486881256,-0.007148243486881256,177.4663551504135,177.4663551504135
1778551256.803967,0.7525426149368286,3.0973711013793945,3.0973711013793945,-0.0022015462163835764,-0.0022015462163835764,177.4663551504135,177.4663551504135
1778551256.804371,0.7525426149368286,3.0973711013793945,3.0973711013793945,0.001970394980162382,0.001970394980162382,177.4663551504135,177.4663551504135
1778551256.8045282,0.7525426149368286,3.0973711013793945,3.0973711013793945,0.0011359842028468847,0.0011359842028468847,177.4663551504135,177.4663551504135
1778551256.8046746,0.7525426149368286,3.0973711013793945,3.0973711013793945,-7.042230572551489e-05,-7.042230572551489e-05,177.4663551504135,177.4663551504135
1778551256.8757286,0.7525426149368286,3.0973711013793945,3.0973711013793945,0.0009752549813129008,0.0009752549813129008,177.4663551504135,177.4663551504135
1778551256.8773656,0.7525426149368286,3.0973711013793945,3.0973711013793945,-0.0021563926711678505,-0.0021563926711678505,177.4663551504135,177.4663551504135
1778551256.8776762,0.7525426149368286,3.0973711013793945,3.0973711013793945,0.0,0.0,177.4663551504135,177.4663551504135
1778551256.8778272,0.7525426149368286,3.0973711013793945,3.0973711013793945,-0.0010655620135366917,-0.0010655620135366917,177.4663551504135,177.4663551504135
1778551256.9333994,0.7525426149368286,3.0973711013793945,3.0973711013793945,-0.0010456773452460766,-0.0010456773452460766,177.4663551504135,177.4663551504135
1778551256.9335914,0.7525426149368286,3.0973711013793945,3.0973711013793945,0.0020660858135670424,0.0020660858135670424,177.4663551504135,177.4663551504135
1778551256.9347272,0.7525426149368286,3.0973711013793945,3.0973711013793945,0.0031515327282249928,0.0031515327282249928,177.4663551504135,177.4663551504135
1778551256.9968443,0.7525426149368286,3.0973711013793945,3.0973711013793945,0.0010655620135366917,0.0010655620135366917,177.4663551504135,177.4663551504135
1778551256.9970431,0.7525426149368286,3.0973711013793945,3.0973711013793945,0.003016072092577815,0.003016072092577815,177.4663551504135,177.4663551504135
1778551256.9971874,0.7525426149368286,3.0973711013793945,3.0973711013793945,0.0010204084683209658,0.0010204084683209658,177.4663551504135,177.4663551504135
1778551256.9973238,0.7525426149368286,3.0973711013793945,3.0973711013793945,-0.005147195421159267,-0.005147195421159267,177.4663551504135,177.4663551504135
1778551257.1074238,0.7525426149368286,3.0973711013793945,3.0973711013793945,0.00020588282495737076,0.00020588282495737076,177.4663551504135,177.4663551504135
1778551257.1092308,0.7525426149368286,3.0973711013793945,3.0973711013793945,0.00011557573452591896,0.00011557573452591896,177.4663551504135,177.4663551504135
1778551257.1096573,0.7525426149368286,3.0973711013793945,3.0973711013793945,0.0010204084683209658,0.0010204084683209658,177.4663551504135,177.4663551504135
1778551257.1099806,0.7525426149368286,3.0973711013793945,3.0973711013793945,-0.003202070016413927,-0.003202070016413927,177.4663551504135,177.4663551504135
1778551257.1103015,0.7525426149368286,3.0973711013793945,3.0973711013793945,-0.003086494281888008,-0.003086494281888008,177.4663551504135,177.4663551504135
1778551257.181205,0.7525426149368286,3.0973711013793945,3.0973711013793945,-0.0041520562954247,-0.0041520562954247,177.4663551504135,177.4663551504135
1778551257.1814072,0.7525426149368286,3.0973711013793945,3.0973711013793945,-0.0012010224163532257,-0.0012010224163532257,177.4663551504135,177.4663551504135
1778551257.1815505,0.7525426149368286,3.0973711013793945,3.0973711013793945,0.0009048327337950468,0.0009048327337950468,177.4663551504135,177.4663551504135
1778551257.1817067,0.7525426149368286,3.0973711013793945,3.0973711013793945,-0.0011359842028468847,-0.0011359842028468847,177.4663551504135,177.4663551504135
1778551257.1818466,0.7525426149368286,3.0973711013793945,3.0973711013793945,0.0031316475942730904,0.0031316475942730904,177.4663551504135,177.4663551504135
1778551257.2440488,0.7525426149368286,3.0973711013793945,3.0973711013793945,-0.004197210073471069,-0.004197210073471069,177.4663551504135,177.4663551504135
1778551257.2442496,0.7525426149368286,3.0973711013793945,3.0973711013793945,-0.0012515599373728037,-0.0012515599373728037,177.4663551504135,177.4663551504135
1778551257.2444215,0.7525426149368286,3.0973711013793945,3.0973711013793945,-0.0041069029830396175,-0.0041069029830396175,177.4663551504135,177.4663551504135
1778551257.2445645,0.7525426149368286,3.0973711013793945,3.0973711013793945,0.003247223561629653,0.003247223561629653,177.4663551504135,177.4663551504135
1778551257.2447033,0.7525426149368286,3.0973711013793945,3.0973711013793945,0.0020859704818576574,0.0020859704818576574,177.4663551504135,177.4663551504135
1778551257.311287,0.7525426149368286,3.0973711013793945,3.0973711013793945,-0.0010908307740464807,-0.0010908307740464807,177.4663551504135,177.4663551504135
1778551257.3114934,0.7525426149368286,3.0973711013793945,3.0973711013793945,-0.0031316475942730904,-0.0031316475942730904,177.4663551504135,177.4663551504135
1778551257.3116813,0.7525426149368286,3.0973711013793945,3.0973711013793945,-6.503815529868007e-05,-6.503815529868007e-05,177.4663551504135,177.4663551504135
1778551257.3118303,0.7525426149368286,3.0973711013793945,3.0973711013793945,0.0019252414349466562,0.0019252414349466562,177.4663551504135,177.4663551504135
1778551257.3119712,0.7525426149368286,3.0973711013793945,3.0973711013793945,-0.0010204084683209658,-0.0010204084683209658,177.4663551504135,177.4663551504135
1778551257.3809772,0.7525426149368286,3.0973711013793945,3.0973711013793945,-0.0021112393587827682,-0.0021112393587827682,177.4663551504135,177.4663551504135
1778551257.3812308,0.7525426149368286,3.0973711013793945,3.0973711013793945,0.0019956633914262056,0.0019956633914262056,177.4663551504135,177.4663551504135
1778551257.3813765,0.7525426149368286,3.0973711013793945,3.0973711013793945,0.0010456773452460766,0.0010456773452460766,177.4663551504135,177.4663551504135
1778551257.3815532,0.7525426149368286,3.0973711013793945,3.0973711013793945,-0.000995139591395855,-0.000995139591395855,177.4663551504135,177.4663551504135
1778551257.407355,0.7525426149368286,3.0973711013793945,3.0973711013793945,0.004177324939519167,0.004177324939519167,177.4663551504135,177.4663551504135
1778551257.4121065,0.7525426149368286,3.0973711013793945,3.0973711013793945,-0.00016072927974164486,-0.00016072927974164486,177.4663551504135,177.4663551504135
1778551257.412515,0.7525426149368286,3.0973711013793945,3.0973711013793945,0.005152580328285694,0.005152580328285694,177.4663551504135,177.4663551504135
1778551257.4127371,0.7525426149368286,3.0973711013793945,3.0973711013793945,0.0010456773452460766,0.0010456773452460766,177.4663551504135,177.4663551504135
1778551257.476661,0.7525426149368286,3.0973711013793945,3.0973711013793945,-0.0008596791885793209,-0.0008596791885793209,177.4663551504135,177.4663551504135
1778551257.4769838,0.7525426149368286,3.0973711013793945,3.0973711013793945,0.0019252414349466562,0.0019252414349466562,177.4663551504135,177.4663551504135
1778551257.5384793,0.7525426149368286,3.0973711013793945,3.0973711013793945,0.0019252414349466562,0.0019252414349466562,177.4663551504135,177.4663551504135
1778551257.5386708,0.7525426149368286,3.0973711013793945,3.0973711013793945,0.0011359842028468847,0.0011359842028468847,177.4663551504135,177.4663551504135
1778551257.538811,0.7525426149368286,3.0973711013793945,3.0973711013793945,0.002226815093308687,0.002226815093308687,177.4663551504135,177.4663551504135
1778551257.566711,0.7525426149368286,3.0973711013793945,3.0973711013793945,-0.003061225637793541,-0.003061225637793541,177.4663551504135,177.4663551504135
1778551257.5670671,0.7525426149368286,3.0973711013793945,3.0973711013793945,0.0021112393587827682,0.0021112393587827682,177.4663551504135,177.4663551504135
1778551257.6261778,0.7525426149368286,3.0973711013793945,3.0973711013793945,0.00020588282495737076,0.00020588282495737076,177.4663551504135,177.4663551504135
1778551257.626429,0.7525426149368286,3.0973711013793945,3.0973711013793945,0.00020049861632287502,0.00020049861632287502,177.4663551504135,177.4663551504135
1778551257.626579,0.7525426149368286,3.0973711013793945,3.0973711013793945,-0.003247223561629653,-0.003247223561629653,177.4663551504135,177.4663551504135
1778551257.626754,0.7525426149368286,3.0973711013793945,3.0973711013793945,-0.0020660858135670424,-0.0020660858135670424,177.4663551504135,177.4663551504135
1778551257.6269002,0.7525426149368286,3.0973711013793945,3.0973711013793945,-0.003111763158813119,-0.003111763158813119,177.4663551504135,177.4663551504135
1778551257.6282775,0.7525426149368286,3.0973711013793945,3.0973711013793945,6.503815529868007e-05,6.503815529868007e-05,177.4663551504135,177.4663551504135
1778551257.686952,0.7525426149368286,3.0973711013793945,3.0973711013793945,-0.0020010476000607014,-0.0020010476000607014,177.4663551504135,177.4663551504135
1778551257.6871443,0.7525426149368286,3.0973711013793945,3.0973711013793945,-0.0021311240270733833,-0.0021311240270733833,177.4663551504135,177.4663551504135
1778551257.6872866,0.7525426149368286,3.0973711013793945,3.0973711013793945,-0.00020588282495737076,-0.00020588282495737076,177.4663551504135,177.4663551504135
1778551257.6874268,0.7525426149368286,3.0973711013793945,3.0973711013793945,0.0007892572320997715,0.0007892572320997715,177.4663551504135,177.4663551504135
1778551257.7494981,0.7525426149368286,3.0973711013793945,3.0973711013793945,0.0021762773394584656,0.0021762773394584656,177.4663551504135,177.4663551504135
1778551257.7500055,0.7525426149368286,3.0973711013793945,3.0973711013793945,0.0020607018377631903,0.0020607018377631903,177.4663551504135,177.4663551504135
1778551257.7502615,0.7525426149368286,3.0973711013793945,3.0973711013793945,-0.0012064066249877214,-0.0012064066249877214,177.4663551504135,177.4663551504135
1778551257.7504845,0.7525426149368286,3.0973711013793945,3.0973711013793945,0.0019505099626258016,0.0019505099626258016,177.4663551504135,177.4663551504135
1778551257.7507894,0.7525426149368286,3.0973711013793945,3.0973711013793945,-0.00234239106066525,-0.00234239106066525,177.4663551504135,177.4663551504135
1778551257.7520018,0.7525426149368286,3.0973711013793945,3.0973711013793945,-0.0009301014943048358,-0.0009301014943048358,177.4663551504135,177.4663551504135
1778551257.8364096,0.7525426149368286,3.0973711013793945,3.0973711013793945,-0.0008091414347290993,-0.0008091414347290993,177.4663551504135,177.4663551504135
1778551257.83661,0.7525426149368286,3.0973711013793945,3.0973711013793945,-0.0008596791885793209,-0.0008596791885793209,177.4663551504135,177.4663551504135
1778551257.836755,0.7525426149368286,3.0973711013793945,3.0973711013793945,-0.0011359842028468847,-0.0011359842028468847,177.4663551504135,177.4663551504135
1778551257.8782125,0.7525426149368286,3.0973711013793945,3.0973711013793945,0.004242363385856152,0.004242363385856152,177.4663551504135,177.4663551504135
1778551257.8834846,0.7525426149368286,3.0973711013793945,3.0973711013793945,0.004217094276100397,0.004217094276100397,177.4663551504135,177.4663551504135
1778551257.9426217,0.7525426149368286,3.0973711013793945,3.0973711013793945,0.0030811100732535124,0.0030811100732535124,177.4663551504135,177.4663551504135
1778551257.942933,0.7525426149368286,3.0973711013793945,3.0973711013793945,0.003427837509661913,0.003427837509661913,177.4663551504135,177.4663551504135
1778551257.9431198,0.7523943185806274,3.0973024368286133,3.0973024368286133,0.0005219571758061647,0.0005219571758061647,177.46242096004485,177.46242096004485
1778551258.0041513,0.7523943185806274,3.0973024368286133,3.0973024368286133,1.9691535271704197e-05,1.9691535271704197e-05,177.46242096004485,177.46242096004485
1778551258.007157,0.7523943185806274,3.0973024368286133,3.0973024368286133,0.0019949940033257008,0.0019949940033257008,177.46242096004485,177.46242096004485
1778551258.008713,0.7523943185806274,3.0973024368286133,3.0973024368286133,-0.00011593883391469717,-0.00011593883391469717,177.46242096004485,177.46242096004485
1778551258.0096402,0.7523943185806274,3.0973024368286133,3.0973024368286133,-9.042021702043712e-05,-9.042021702043712e-05,177.46242096004485,177.46242096004485
1778551258.088345,0.7523943185806274,3.0973024368286133,3.0973024368286133,0.003176244907081127,0.003176244907081127,177.46242096004485,177.46242096004485
1778551258.088656,0.7523943185806274,3.0973024368286133,3.0973024368286133,4.521010851021856e-05,4.521010851021856e-05,177.46242096004485,177.46242096004485
1778551258.090463,0.7523943185806274,3.0973024368286133,3.0973024368286133,0.003221455030143261,0.003221455030143261,177.46242096004485,177.46242096004485
1778551258.0917597,0.7523943185806274,3.0973024368286133,3.0973024368286133,0.0011812510201707482,0.0011812510201707482,177.46242096004485,177.46242096004485
1778551258.1618657,0.7523943185806274,3.0973024368286133,3.0973024368286133,-0.0010711392387747765,-0.0010711392387747765,177.46242096004485,177.46242096004485
1778551258.1620693,0.7523943185806274,3.0973024368286133,3.0973024368286133,0.0008844716940075159,0.0008844716940075159,177.46242096004485,177.46242096004485
1778551258.1622155,0.7523943185806274,3.0973024368286133,3.0973024368286133,0.0012009425554424524,0.0012009425554424524,177.46242096004485,177.46242096004485
1778551258.1634235,0.7523943185806274,3.0973024368286133,3.0973024368286133,-0.0009748919401317835,-0.0009748919401317835,177.46242096004485,177.46242096004485
1778551258.1638205,0.7523943185806274,3.0973024368286133,3.0973024368286133,-0.0030661332421004772,-0.0030661332421004772,177.46242096004485,177.46242096004485
1778551258.2291908,0.7523943185806274,3.0973024368286133,3.0973024368286133,0.0012067696079611778,0.0012067696079611778,177.46242096004485,177.46242096004485
1778551258.2294443,0.7523943185806274,3.0973024368286133,3.0973024368286133,0.0010397935984656215,0.0010397935984656215,177.46242096004485,177.46242096004485
1778551258.2296002,0.7523943185806274,3.0973024368286133,3.0973024368286133,2.5518587790429592e-05,2.5518587790429592e-05,177.46242096004485,177.46242096004485
1778551258.231546,0.7523943185806274,3.0973024368286133,3.0973024368286133,-0.00014145742170512676,-0.00014145742170512676,177.46242096004485,177.46242096004485
1778551258.232332,0.7523943185806274,3.0973024368286133,3.0973024368286133,-0.0010456206509843469,-0.0010456206509843469,177.46242096004485,177.46242096004485
1778551258.2327044,0.7523943185806274,3.0973024368286133,3.0973024368286133,4.521010851021856e-05,4.521010851021856e-05,177.46242096004485,177.46242096004485
1778551258.232859,0.7523943185806274,3.0973024368286133,3.0973024368286133,-0.002272081794217229,-0.002272081794217229,177.46242096004485,177.46242096004485
1778551258.2879622,0.7523943185806274,3.0973024368286133,3.0973024368286133,0.0021561430767178535,0.0021561430767178535,177.46242096004485,177.46242096004485
1778551258.28927,0.7523943185806274,3.0973024368286133,3.0973024368286133,0.0010201020631939173,0.0010201020631939173,177.46242096004485,177.46242096004485
1778551258.3548772,0.7523943185806274,3.0973024368286133,3.0973024368286133,-0.003156553488224745,-0.003156553488224745,177.46242096004485,177.46242096004485
1778551258.3551137,0.7523943185806274,3.0973024368286133,3.0973024368286133,-0.0065391575917601585,-0.0065391575917601585,177.46242096004485,177.46242096004485
1778551258.3552573,0.7523943185806274,3.0973024368286133,3.0973024368286133,0.0028597742784768343,0.0028597742784768343,177.46242096004485,177.46242096004485
1778551258.3553967,0.7523943185806274,3.0973024368286133,3.0973024368286133,-0.00011593883391469717,-0.00011593883391469717,177.46242096004485,177.46242096004485
1778551258.3565347,0.7523943185806274,3.0973024368286133,3.0973024368286133,-0.0007685329765081406,-0.0007685329765081406,177.46242096004485,177.46242096004485
1778551258.3567283,0.7523943185806274,3.0973024368286133,3.0973024368286133,0.0009493733523413539,0.0009493733523413539,177.46242096004485,177.46242096004485
1778551258.4299164,0.7523943185806274,3.0973024368286133,3.0973024368286133,-0.004267076030373573,-0.004267076030373573,177.46242096004485,177.46242096004485
1778551258.4301271,0.7523943185806274,3.0973024368286133,3.0973024368286133,-0.0011105223093181849,-0.0011105223093181849,177.46242096004485,177.46242096004485
1778551258.5427227,0.7523943185806274,3.0973024368286133,3.0973024368286133,-0.004035198129713535,-0.004035198129713535,177.46242096004485,177.46242096004485
1778551258.545526,0.7523943185806274,3.0973024368286133,3.0973024368286133,-4.521010851021856e-05,-4.521010851021856e-05,177.46242096004485,177.46242096004485
1778551258.5459821,0.7523943185806274,3.0973024368286133,3.0973024368286133,0.0009748919401317835,0.0009748919401317835,177.46242096004485,177.46242096004485
1778551258.546342,0.7523943185806274,3.0973024368286133,3.0973024368286133,-0.005196757614612579,-0.005196757614612579,177.46242096004485,177.46242096004485
1778551258.5466619,0.7523943185806274,3.0973024368286133,3.0973024368286133,-0.0010908307740464807,-0.0010908307740464807,177.46242096004485,177.46242096004485
1778551258.613867,0.7523943185806274,3.0973024368286133,3.0973024368286133,0.00011593883391469717,0.00011593883391469717,177.46242096004485,177.46242096004485
1778551258.6150837,0.7523943185806274,3.0973024368286133,3.0973024368286133,-0.0009041632292792201,-0.0009041632292792201,177.46242096004485,177.46242096004485
1778551258.615278,0.7523943185806274,3.0973024368286133,3.0973024368286133,-0.0018790554022416472,-0.0018790554022416472,177.46242096004485,177.46242096004485
1778551258.6791365,0.7523943185806274,3.0973024368286133,3.0973024368286133,0.0020715498831123114,0.0020715498831123114,177.46242096004485,177.46242096004485
1778551258.6793404,0.7523943185806274,3.0973024368286133,3.0973024368286133,-0.0030150962993502617,-0.0030150962993502617,177.46242096004485,177.46242096004485
1778551258.6796582,0.7523943185806274,3.0973024368286133,3.0973024368286133,-0.0021109329536557198,-0.0021109329536557198,177.46242096004485,177.46242096004485
1778551258.6813297,0.7523943185806274,3.0973024368286133,3.0973024368286133,0.001161559484899044,0.001161559484899044,177.46242096004485,177.46242096004485
1778551258.7506275,0.7523943185806274,3.0973024368286133,3.0973024368286133,0.0041059269569814205,0.0041059269569814205,177.46242096004485,177.46242096004485
1778551258.7508843,0.7523943185806274,3.0973024368286133,3.0973024368286133,0.0020402041263878345,0.0020402041263878345,177.46242096004485,177.46242096004485
1778551258.7510805,0.7523943185806274,3.0973024368286133,3.0973024368286133,0.0001356303400825709,0.0001356303400825709,177.46242096004485,177.46242096004485
1778551258.7748637,0.7523943185806274,3.0973024368286133,3.0973024368286133,-0.0032017636112868786,-0.0032017636112868786,177.46242096004485,177.46242096004485
1778551258.779112,0.7523943185806274,3.0973024368286133,3.0973024368286133,-0.002065722830593586,-0.002065722830593586,177.46242096004485,177.46242096004485
1778551258.7795773,0.7523943185806274,3.0973024368286133,3.0973024368286133,0.0032017636112868786,0.0032017636112868786,177.46242096004485,177.46242096004485
1778551258.7798784,0.7523943185806274,3.0973024368286133,3.0973024368286133,0.0010201020631939173,0.0010201020631939173,177.46242096004485,177.46242096004485
1778551258.9003985,0.7523943185806274,3.0973024368286133,3.0973024368286133,-9.042021702043712e-05,-9.042021702043712e-05,177.46242096004485,177.46242096004485
1778551258.9014406,0.7523943185806274,3.0973024368286133,3.0973024368286133,-0.0029188490007072687,-0.0029188490007072687,177.46242096004485,177.46242096004485
1778551258.9042253,0.7523943185806274,3.0973024368286133,3.0973024368286133,-0.0010908307740464807,-0.0010908307740464807,177.46242096004485,177.46242096004485
1778551258.9047155,0.7510488629341125,3.0971596240997314,3.0971596240997314,0.0035990774631500244,0.0035990774631500244,177.4542383904934,177.4542383904934
1778551258.9050376,0.7511854767799377,3.09678316116333,3.09678316116333,-0.00046850391663610935,-0.00046850391663610935,177.43266864538194,177.43266864538194
1778551258.9830408,0.7516855597496033,3.0966954231262207,3.0966954231262207,0.005371377803385258,0.005371377803385258,177.42764162435532,177.42764162435532
1778551258.983239,0.752660870552063,3.0965797901153564,3.0965797901153564,-0.00010210834443569183,-0.00010210834443569183,177.42101633849143,177.42101633849143
1778551258.9844465,0.7535036206245422,3.0964672565460205,3.0964672565460205,-0.009526357054710388,-0.009526357054710388,177.41456863760948,177.41456863760948
1778551258.984674,0.7559303045272827,3.096449851989746,3.096449851989746,-0.011765198782086372,-0.011765198782086372,177.4135714296341,177.4135714296341
1778551258.9848132,0.7566371560096741,3.096442461013794,3.096442461013794,-0.014163605868816376,-0.014163605868816376,177.41314795775415,177.41314795775415
1778551259.0475423,0.7565706968307495,3.0964443683624268,3.0964443683624268,-0.0031144695822149515,-0.0031144695822149515,177.41325724081992,177.41325724081992
1778551259.0477989,0.7562172412872314,3.0964479446411133,3.0964479446411133,0.0007907310500741005,0.0007907310500741005,177.4134621465683,177.4134621465683
1778551259.049396,0.756283700466156,3.0964460372924805,3.0964460372924805,-0.0014884064439684153,-0.0014884064439684153,177.4133528635025,177.4133528635025
1778551259.0497022,0.7566371560096741,3.096442461013794,3.096442461013794,-0.0010688722832128406,-0.0010688722832128406,177.41314795775415,177.41314795775415
1778551259.0499241,0.7566371560096741,3.096442461013794,3.096442461013794,0.003464357228949666,0.003464357228949666,177.41314795775415,177.41314795775415
1778551259.1138937,0.7565706968307495,3.0964443683624268,3.0964443683624268,-0.0005019053351134062,-0.0005019053351134062,177.41325724081992,177.41325724081992
1778551259.1142588,0.7565706968307495,3.0964443683624268,3.0964443683624268,-0.006735721603035927,-0.006735721603035927,177.41325724081992,177.41325724081992
1778551259.1160858,0.7565706968307495,3.0964443683624268,3.0964443683624268,-0.004487019032239914,-0.004487019032239914,177.41325724081992,177.41325724081992
1778551259.116418,0.7568575739860535,3.096442699432373,3.096442699432373,-0.0009358106181025505,-0.0009358106181025505,177.41316161813737,177.41316161813737
1778551259.1813111,0.7566371560096741,3.096442461013794,3.096442461013794,0.0029949923045933247,0.0029949923045933247,177.41314795775415,177.41314795775415
1778551259.18157,0.7564676403999329,3.0966031551361084,3.0966031551361084,0.008647799491882324,0.008647799491882324,177.42235505604745,177.42235505604745
1778551259.1817288,0.7560408115386963,3.0966129302978516,3.0966129302978516,0.005606546998023987,0.005606546998023987,177.42291513175965,177.42291513175965
1778551259.182867,0.7565170526504517,3.097320795059204,3.097320795059204,0.03503155708312988,0.03503155708312988,177.46347280955314,177.46347280955314
1778551259.243811,0.7557195425033569,3.0977625846862793,3.0977625846862793,0.056865476071834564,0.056865476071834564,177.48878549966813,177.48878549966813
1778551259.2440546,0.7556126117706299,3.097686529159546,3.097686529159546,-0.01665113866329193,-0.01665113866329193,177.4844278374195,177.4844278374195
1778551259.2442017,0.7539887428283691,3.0977284908294678,3.0977284908294678,0.007487982511520386,0.007487982511520386,177.48683206486703,177.48683206486703
1778551259.2443397,0.7444255352020264,3.0984928607940674,3.0984928607940674,0.019380778074264526,0.019380778074264526,177.53062725348474,177.53062725348474
1778551259.305377,0.7443576455116272,3.0986931324005127,3.0986931324005127,0.01703178882598877,0.01703178882598877,177.5421019753933,177.5421019753933
1778551259.3058414,0.7457205653190613,3.0988242626190186,3.0988242626190186,0.017661243677139282,0.017661243677139282,177.54961518616676,177.54961518616676
1778551259.30605,0.7364916801452637,3.101928234100342,3.101928234100342,0.10566778481006622,0.10566778481006622,177.72745971536636,177.72745971536636
1778551259.306541,0.7302647233009338,3.1029906272888184,3.1029906272888184,0.105811208486557,0.105811208486557,177.78833038301468,177.78833038301468
1778551259.3423226,0.7229872345924377,3.1039159297943115,3.1039159297943115,0.10754670202732086,0.10754670202732086,177.8413463303089,177.8413463303089
1778551259.3515303,0.6948981285095215,3.1065781116485596,3.1065781116485596,0.08796599507331848,0.08796599507331848,177.99387816939353,177.99387816939353
1778551259.4233994,0.6851164102554321,3.1074726581573486,3.1074726581573486,0.09089672565460205,0.09089672565460205,178.04513192725182,178.04513192725182
1778551259.4237807,0.6753123998641968,3.1082065105438232,3.1082065105438232,0.08182157576084137,0.08182157576084137,178.08717858681678,178.08717858681678
1778551259.423946,0.6651980876922607,3.1088337898254395,3.1088337898254395,0.05764317512512207,0.05764317512512207,178.12311905508042,178.12311905508042
1778551259.4240935,0.6324121356010437,3.1086246967315674,3.1086246967315674,-0.0335564948618412,-0.0335564948618412,178.11113889899255,178.11113889899255
1778551259.4262142,0.6221835017204285,3.1082537174224854,3.1082537174224854,-0.04215270280838013,-0.04215270280838013,178.08988334269523,178.08988334269523
1778551259.426852,0.6130236387252808,3.1073808670043945,3.1073808670043945,-0.0877176970243454,-0.0877176970243454,178.03987267971038,178.03987267971038
1778551259.4980133,0.6044919490814209,3.106076240539551,3.106076240539551,-0.13941508531570435,-0.13941508531570435,177.965123062706,177.965123062706
1778551259.4982398,0.5835431814193726,3.1022908687591553,3.1022908687591553,-0.08930373191833496,-0.08930373191833496,177.74823715825082,177.74823715825082
1778551259.4983976,0.578807532787323,3.1014161109924316,3.1014161109924316,-0.08991160988807678,-0.08991160988807678,177.69811721220017,177.69811721220017
1778551259.4999886,0.5736286640167236,3.1006457805633545,3.1006457805633545,-0.07926470041275024,-0.07926470041275024,177.65398051400186,177.65398051400186
1778551259.5002284,0.5686632990837097,3.0998082160949707,3.0998082160949707,-0.08021357655525208,-0.08021357655525208,177.60599158773422,177.60599158773422
1778551259.5003722,0.5557447671890259,3.0988364219665527,3.0988364219665527,-0.004960160702466965,-0.004960160702466965,177.55031186571122,177.55031186571122
1778551259.5622876,0.5517668724060059,3.098916530609131,3.098916530609131,0.011133700609207153,0.011133700609207153,177.55490175447463,177.55490175447463
1778551259.562595,0.5478425025939941,3.0992016792297363,3.0992016792297363,0.025506332516670227,0.025506332516670227,177.57123957281112,177.57123957281112
1778551259.6317034,0.5434571504592896,3.0995371341705322,3.0995371341705322,0.0392167903482914,0.0392167903482914,177.590459732008,177.590459732008
1778551259.632017,0.5258351564407349,3.101151466369629,3.101151466369629,0.08447698503732681,0.08447698503732681,177.68295418682098,177.68295418682098
1778551259.6321862,0.518273115158081,3.1023027896881104,3.1023027896881104,0.11876777559518814,0.11876777559518814,177.74892017741203,177.74892017741203
1778551259.6323252,0.5103004574775696,3.103883981704712,3.103883981704712,0.16685661673545837,0.16685661673545837,177.83951583895683,177.83951583895683
1778551259.632461,0.49100029468536377,3.1129708290100098,3.1129708290100098,0.2654849886894226,0.2654849886894226,178.3601540247917,178.3601540247917
1778551259.694813,0.4861867129802704,3.115804672241211,3.115804672241211,0.296841561794281,0.296841561794281,178.52252133979798,178.52252133979798
1778551259.6950073,0.4815107583999634,3.119060516357422,3.119060516357422,0.3281742036342621,0.3281742036342621,178.70906753311158,178.70906753311158
1778551259.6951485,0.47747668623924255,3.122448205947876,3.122448205947876,0.3551211953163147,0.3551211953163147,178.90316791834832,178.90316791834832
1778551259.6952865,0.4699099361896515,3.1299684047698975,3.1299684047698975,0.39163723587989807,0.39163723587989807,179.3340437260151,179.3340437260151
1778551259.695423,0.4659450352191925,3.1337053775787354,3.1337053775787354,0.39285585284233093,0.39285585284233093,179.5481565726757,179.5481565726757
1778551259.757039,0.4618639051914215,3.137500524520874,3.137500524520874,0.38688787817955017,0.38688787817955017,179.7656025528431,179.7656025528431
1778551259.7572265,0.45835328102111816,3.141193389892578,3.141193389892578,0.3802196681499481,0.3802196681499481,179.9771882286072,179.9771882286072
1778551259.7573655,0.4556301534175873,3.144686460494995,3.144686460494995,0.3625496029853821,0.3625496029853821,180.17732650322915,180.17732650322915
1778551259.7575023,0.45006608963012695,3.1512296199798584,3.1512296199798584,0.33061549067497253,0.33061549067497253,180.55222206044198,180.55222206044198
1778551259.757639,0.44692760705947876,3.1541554927825928,3.1541554927825928,0.30310776829719543,0.30310776829719543,180.7198622833729,180.7198622833729
1778551259.824029,0.4435393512248993,3.156949996948242,3.156949996948242,0.2808568477630615,0.2808568477630615,180.8799756351471,180.8799756351471
1778551259.8242192,0.4397955536842346,3.159466505050659,3.159466505050659,0.26648586988449097,0.26648586988449097,181.02416098008155,181.02416098008155
1778551259.8243608,0.43670564889907837,3.161525011062622,3.161525011062622,0.2298281192779541,0.2298281192779541,181.1421047288418,181.1421047288418
1778551259.8245144,0.4328819513320923,3.164302110671997,3.164302110671997,0.12648317217826843,0.12648317217826843,181.3012208726406,181.3012208726406
1778551259.8592784,0.4298497140407562,3.165053367614746,3.165053367614746,0.08375874161720276,0.08375874161720276,181.34426474018096,181.34426474018096
1778551259.8617244,0.4259495735168457,3.1653549671173096,3.1653549671173096,0.02698700875043869,0.02698700875043869,181.36154512495995,181.36154512495995
1778551259.8620434,0.42118972539901733,3.1650266647338867,3.1650266647338867,-0.03280871361494064,-0.03280871361494064,181.34273477725984,181.34273477725984
1778551259.8622,0.4070059657096863,3.159978151321411,3.159978151321411,-0.2572259306907654,-0.2572259306907654,181.0534761624813,181.0534761624813
1778551260.0281374,0.40387558937072754,3.156449317932129,3.156449317932129,-0.351840078830719,-0.351840078830719,180.85128883037567,180.85128883037567
1778551260.0297916,0.3997734487056732,3.1521644592285156,3.1521644592285156,-0.44246235489845276,-0.44246235489845276,180.6057844230652,180.6057844230652
1778551260.1180875,0.3950675129890442,3.147143602371216,3.147143602371216,-0.5200678706169128,-0.5200678706169128,180.3181104127407,180.3181104127407
1778551260.1182764,0.40057510137557983,3.0659146308898926,3.0659146308898926,-0.11203247308731079,-0.11203247308731079,175.66403150854111,175.66403150854111
1778551260.1216857,0.39910295605659485,3.0651392936706543,3.0651392936706543,-0.07588017731904984,-0.07588017731904984,175.61960794229506,175.61960794229506
1778551260.1218386,0.39762383699417114,3.0648412704467773,3.0648412704467773,-0.0263684019446373,-0.0263684019446373,175.60253246326445,175.60253246326445
1778551260.1219819,0.3959543704986572,3.0650179386138916,3.0650179386138916,0.010385412722826004,0.010385412722826004,175.6126548072338,175.6126548072338
1778551260.1231494,0.39081552624702454,3.0682225227355957,3.0682225227355957,0.16828492283821106,0.16828492283821106,175.79626401815415,175.79626401815415
1778551260.1847174,0.39010366797447205,3.070523500442505,3.070523500442505,0.24259842932224274,0.24259842932224274,175.92810037665367,175.92810037665367
1778551260.1849058,0.3904234766960144,3.073418617248535,3.073418617248535,0.2924345135688782,0.2924345135688782,176.09397841014862,176.09397841014862
1778551260.1850436,0.390474796295166,3.076679229736328,3.076679229736328,0.3446422815322876,0.3446422815322876,176.28079781112672,176.28079781112672
1778551260.185189,0.38799819350242615,3.088881254196167,3.088881254196167,0.4393264055252075,0.4393264055252075,176.97992256417274,176.97992256417274
1778551260.2393942,0.38700538873672485,3.0933289527893066,3.0933289527893066,0.46675553917884827,0.46675553917884827,177.23475701322556,177.23475701322556
1778551260.2396832,0.38585880398750305,3.097956418991089,3.097956418991089,0.4765698313713074,0.4765698313713074,177.49989139122962,177.49989139122962
1778551260.2398932,0.38471078872680664,3.1025798320770264,3.1025798320770264,0.4818751811981201,0.4818751811981201,177.76479354271888,177.76479354271888
1778551260.2401047,0.3817470967769623,3.116687297821045,3.116687297821045,0.49281617999076843,0.49281617999076843,178.57309207849502,178.57309207849502
1778551260.2667253,0.38040220737457275,3.12158203125,3.12158203125,0.51148921251297,0.51148921251297,178.85353974609376,178.85353974609376
1778551260.2700324,0.37806186079978943,3.126591682434082,3.126591682434082,0.5200843214988708,0.5200843214988708,179.14057171840668,179.14057171840668
1778551260.3450396,0.37553533911705017,3.131662607192993,3.131662607192993,0.5143721699714661,0.5143721699714661,179.4311144092083,179.4311144092083
1778551260.3461459,0.3697524070739746,3.1463875770568848,3.1463875770568848,0.5004540085792542,0.5004540085792542,180.27479333753587,180.27479333753587
1778551260.3465152,0.36847013235092163,3.1513657569885254,3.1513657569885254,0.5158156156539917,0.5158156156539917,180.56002213926314,180.56002213926314
1778551260.3468502,0.3673330247402191,3.1564223766326904,3.1564223766326904,0.5254610180854797,0.5254610180854797,180.8497452070713,180.8497452070713
1778551260.3491952,0.36263370513916016,3.1807332038879395,3.1807332038879395,0.49879997968673706,0.49879997968673706,182.2426535033226,182.2426535033226
1778551260.4160633,0.36077308654785156,3.1845810413360596,3.1845810413360596,0.4650548994541168,0.4650548994541168,182.4631184281826,182.4631184281826
1778551260.4162612,0.3588126301765442,3.1882433891296387,3.1882433891296387,0.42699331045150757,0.42699331045150757,182.67295557489396,182.67295557489396
1778551260.416408,0.3574828803539276,3.1915671825408936,3.1915671825408936,0.39289698004722595,0.39289698004722595,182.86339497742654,182.86339497742654
1778551260.4706132,0.35557273030281067,3.1990487575531006,3.1990487575531006,0.26419708132743835,0.26419708132743835,183.29205780301095,183.29205780301095
1778551260.4739885,0.35535570979118347,3.2002344131469727,3.2002344131469727,0.19565002620220184,0.19565002620220184,183.3599908887863,183.3599908887863
1778551260.4743896,0.35501208901405334,3.200533866882324,3.200533866882324,0.12390691041946411,0.12390691041946411,183.37714833011628,183.37714833011628
1778551260.4746804,0.3564526438713074,3.19284987449646,3.19284987449646,-0.23653383553028107,-0.23653383553028107,182.93688783917426,182.93688783917426
1778551260.5633628,0.35666966438293457,3.1890053749084473,3.1890053749084473,-0.31756535172462463,-0.31756535172462463,182.7166141596794,182.7166141596794
1778551260.5636585,0.3566157817840576,3.1846094131469727,3.1846094131469727,-0.3952116370201111,-0.3952116370201111,182.46474401378632,182.46474401378632
1778551260.5658855,0.35686442255973816,3.179826021194458,3.179826021194458,-0.4494321346282959,-0.4494321346282959,182.1906757451534,182.1906757451534
1778551260.5665245,0.356505423784256,3.1636292934417725,3.1636292934417725,-0.5583686828613281,-0.5583686828613281,181.26267127118112,181.26267127118112
1778551260.5667958,0.356425940990448,3.157648801803589,3.157648801803589,-0.5844526886940002,-0.5844526886940002,180.92001421837807,180.92001421837807
1778551260.6234229,0.35617589950561523,3.151193857192993,3.151193857192993,-0.6246815919876099,-0.6246815919876099,180.5501730029583,180.5501730029583
1778551260.6236992,0.3546823263168335,3.1248726844787598,3.1248726844787598,-0.6865283250808716,-0.6865283250808716,179.0420803553581,179.0420803553581
1778551260.6835904,0.3538551330566406,3.1190621852874756,3.1190621852874756,-0.657346248626709,-0.657346248626709,178.70916315579413,178.70916315579413
1778551260.683775,0.3533710837364197,3.1140196323394775,3.1140196323394775,-0.5995451211929321,-0.5995451211929321,178.42024605059623,178.42024605059623
1778551260.6839144,0.35275354981422424,3.109987735748291,3.109987735748291,-0.5200002193450928,-0.5200002193450928,178.18923530988693,178.18923530988693
1778551260.6840515,0.3516588509082794,3.1057794094085693,3.1057794094085693,-0.15032799541950226,-0.15032799541950226,177.9481158855915,177.9481158855915
1778551260.760292,0.3516294062137604,3.1074304580688477,3.1074304580688477,-0.0016720481216907501,-0.0016720481216907501,178.04271403942107,178.04271403942107
1778551260.7639413,0.35156041383743286,3.110668420791626,3.110668420791626,0.14993004500865936,0.14993004500865936,178.22823570399285,178.22823570399285
1778551260.7644162,0.35163795948028564,3.1149964332580566,3.1149964332580566,0.29712966084480286,0.29712966084480286,178.47621264066697,178.47621264066697
1778551260.7652555,0.3520067632198334,3.1793394088745117,3.1793394088745117,0.9079276323318481,0.9079276323318481,182.16279490299226,182.16279490299226
1778551260.765684,0.3514704704284668,3.1871089935302734,3.1871089935302734,0.8606238961219788,0.8606238961219788,182.60795947151183,182.60795947151183
1778551260.841526,0.350716233253479,3.193819999694824,3.193819999694824,0.7974407076835632,0.7974407076835632,182.9924719385147,182.9924719385147
1778551260.8433068,0.34999844431877136,3.199443817138672,3.199443817138672,0.5751475691795349,0.5751475691795349,183.31469305801392,183.31469305801392
1778551260.8440042,0.3489753305912018,3.2035412788391113,3.2035412788391113,0.4274941384792328,0.4274941384792328,183.54946040410996,183.54946040410996
1778551260.844259,0.34614670276641846,3.20770001411438,3.20770001411438,0.1425998955965042,0.1425998955965042,183.7877384686947,183.7877384686947
1778551260.9045208,0.3448483347892761,3.2078678607940674,3.2078678607940674,0.024352123960852623,0.024352123960852623,183.79735537848472,183.79735537848472
1778551260.9057083,0.34357795119285583,3.2070603370666504,3.2070603370666504,-0.08755894005298615,-0.08755894005298615,183.75108766050337,183.75108766050337
1778551260.9072132,0.34296080470085144,3.2050209045410156,3.2050209045410156,-0.19128501415252686,-0.19128501415252686,183.63423674240113,183.63423674240113
1778551260.907538,0.3409188687801361,3.1938395500183105,3.1938395500183105,-0.4366544783115387,-0.4366544783115387,182.9935920899391,182.9935920899391
1778551260.98016,0.34093043208122253,3.188504695892334,3.188504695892334,-0.5198425054550171,-0.5198425054550171,182.687927354908,182.687927354908
1778551260.9803622,0.3412107825279236,3.182565927505493,3.182565927505493,-0.5960252285003662,-0.5960252285003662,182.34766086916923,182.34766086916923
1778551260.9805005,0.3414328396320343,3.1759743690490723,3.1759743690490723,-0.6610978841781616,-0.6610978841781616,181.96999225416184,181.96999225416184
1778551260.9816751,0.3425256609916687,3.1562836170196533,3.1562836170196533,-0.6142613291740417,-0.6142613291740417,180.84179486403465,180.84179486403465
1778551261.0398078,0.3432760238647461,3.1513664722442627,3.1513664722442627,-0.5070702433586121,-0.5070702433586121,180.56006312041282,180.56006312041282
1778551261.0399988,0.343547523021698,3.147984027862549,3.147984027862549,-0.35115739703178406,-0.35115739703178406,180.36626326360704,180.36626326360704
1778551261.0401356,0.3434111177921295,3.1463539600372314,3.1463539600372314,-0.16548873484134674,-0.16548873484134674,180.2728672235012,180.2728672235012
1778551261.0611763,0.34546518325805664,3.1512324810028076,3.1512324810028076,0.32189643383026123,0.32189643383026123,180.55238598504067,180.55238598504067
1778551261.0644615,0.34632399678230286,3.1556198596954346,3.1556198596954346,0.4543778598308563,0.4543778598308563,180.80376435713768,180.80376435713768
1778551261.0648675,0.3468647599220276,3.1610114574432373,3.1610114574432373,0.5521027445793152,0.5521027445793152,181.11268026337623,181.11268026337623
1778551261.0650737,0.3456435799598694,3.1853201389312744,3.1853201389312744,0.588610827922821,0.588610827922821,182.50546561617853,182.50546561617853
1778551261.065294,0.34494665265083313,3.1902685165405273,3.1902685165405273,0.507940411567688,0.507940411567688,182.78898687000276,182.78898687000276
1778551261.142621,0.3442074954509735,3.1942434310913086,3.1942434310913086,0.40616512298583984,0.40616512298583984,183.0167327791214,183.0167327791214
1778551261.1446626,0.34358441829681396,3.1969289779663086,3.1969289779663086,0.28162142634391785,0.28162142634391785,183.17060333576202,183.17060333576202
1778551261.144909,0.3431919813156128,3.1982645988464355,3.1982645988464355,0.13815082609653473,0.13815082609653473,183.2471288025856,183.2471288025856
1778551261.145049,0.34300994873046875,3.1967082023620605,3.1967082023620605,-0.14921048283576965,-0.14921048283576965,183.15795382089615,183.15795382089615
1778551261.2069328,0.34303176403045654,3.1939146518707275,3.1939146518707275,-0.2841116786003113,-0.2841116786003113,182.99789511065484,182.99789511065484
1778551261.2071161,0.34336286783218384,3.190225601196289,3.190225601196289,-0.38866865634918213,-0.38866865634918213,182.78652800102233,182.78652800102233
1778551261.2082403,0.34342503547668457,3.18573260307312,3.18573260307312,-0.46007341146469116,-0.46007341146469116,182.52909807915688,182.52909807915688
1778551261.2084308,0.34446239471435547,3.172048330307007,3.172048330307007,-0.43392837047576904,-0.43392837047576904,181.7450467236042,181.7450467236042
1778551261.2665977,0.34455227851867676,3.1687350273132324,3.1687350273132324,-0.34028273820877075,-0.34028273820877075,181.5552083779335,181.5552083779335
1778551261.266817,0.3445269763469696,3.166893243789673,3.166893243789673,-0.19029881060123444,-0.19029881060123444,181.44968191752434,181.44968191752434
1778551261.266965,0.34471070766448975,3.166792869567871,3.166792869567871,0.00195822911337018,0.00195822911337018,181.44393089618683,181.44393089618683
1778551261.3294184,0.3456507623195648,3.1769349575042725,3.1769349575042725,0.4895058274269104,0.4895058274269104,182.0250299381733,182.0250299381733
1778551261.329606,0.3460168242454529,3.1825997829437256,3.1825997829437256,0.5768933296203613,0.5768933296203613,182.3496006435871,182.3496006435871
1778551261.3297431,0.3459438383579254,3.1884286403656006,3.1884286403656006,0.6062880754470825,0.6062880754470825,182.68356969265938,182.68356969265938
1778551261.329878,0.3452521860599518,3.2057688236236572,3.2057688236236572,0.2847782075405121,0.2847782075405121,183.67708936457635,183.67708936457635
1778551261.3593187,0.3444128632545471,3.206986427307129,3.206986427307129,0.12739811837673187,0.12739811837673187,183.7468529417038,183.7468529417038
1778551261.3637013,0.3437965512275696,3.206735372543335,3.206735372543335,-0.026573289185762405,-0.026573289185762405,183.73246855816842,183.73246855816842
1778551261.3641155,0.3433290719985962,3.2048604488372803,3.2048604488372803,-0.1927168071269989,-0.1927168071269989,183.62504330449104,183.62504330449104
1778551261.3643818,0.3427169620990753,3.1962292194366455,3.1962292194366455,-0.5282246470451355,-0.5282246470451355,183.13051011099816,183.13051011099816
1778551261.3646514,0.34299755096435547,3.1896276473999023,3.1896276473999023,-0.6817576885223389,-0.6817576885223389,182.75226775989532,182.75226775989532
1778551261.4387248,0.34385234117507935,3.181779384613037,3.181779384613037,-0.8093075752258301,-0.8093075752258301,182.30259526491164,182.30259526491164
1778551261.527127,0.3448082208633423,3.172924041748047,3.172924041748047,-0.9195874929428101,-0.9195874929428101,181.79522131118773,181.79522131118773
1778551261.5609133,0.34541991353034973,3.1633188724517822,3.1633188724517822,-0.9915887713432312,-0.9915887713432312,181.24488545222283,181.24488545222283
1778551261.5629575,0.3460268974304199,3.142979860305786,3.142979860305786,-1.055538535118103,-1.055538535118103,180.07954548010827,180.07954548010827
1778551261.5638814,0.3465406596660614,3.1330149173736572,3.1330149173736572,-1.0363657474517822,-1.0363657474517822,179.50859610285758,179.50859610285758
1778551261.5643258,0.3413933515548706,3.0564920902252197,3.0564920902252197,-0.37373465299606323,-0.37373465299606323,175.12415950312615,175.12415950312615
1778551261.5672164,0.3396669030189514,3.0535032749176025,3.0535032749176025,-0.3163897395133972,-0.3163897395133972,174.95291293902397,174.95291293902397
1778551261.6471107,0.33793970942497253,3.0509095191955566,3.0509095191955566,-0.27130627632141113,-0.27130627632141113,174.80430162992477,174.80430162992477
1778551261.6473088,0.3360412120819092,3.0483479499816895,3.0483479499816895,-0.24935132265090942,-0.24935132265090942,174.65753447256088,174.65753447256088
1778551261.6474545,0.33467867970466614,3.045973062515259,3.045973062515259,-0.25334253907203674,-0.25334253907203674,174.52146339526178,174.52146339526178
1778551261.6475968,0.3306632936000824,3.0415546894073486,3.0415546894073486,-0.22062605619430542,-0.22062605619430542,174.26830917334556,174.26830917334556
1778551261.648825,0.32842758297920227,3.0390594005584717,3.0390594005584717,-0.26668843626976013,-0.26668843626976013,174.12533960251807,174.12533960251807
1778551261.649202,0.3268275856971741,3.03595232963562,3.03595232963562,-0.31249678134918213,-0.31249678134918213,173.94731748833655,173.94731748833655
1778551261.7113051,0.3249053657054901,3.032390594482422,3.032390594482422,-0.3680834174156189,-0.3680834174156189,173.74324502334593,173.74324502334593
1778551261.7120872,0.3163966238498688,3.017775774002075,3.017775774002075,-0.6016919612884521,-0.6016919612884521,172.9058771920681,172.9058771920681
1778551261.7124963,0.3126993477344513,3.0112216472625732,3.0112216472625732,-0.6787895560264587,-0.6787895560264587,172.53035325722695,172.53035325722695
1778551261.714631,0.307841420173645,3.004375696182251,3.004375696182251,-0.7081068158149719,-0.7081068158149719,172.13810901331902,172.13810901331902
1778551261.7766204,0.302590548992157,2.997288703918457,2.997288703918457,-0.7391951680183411,-0.7391951680183411,171.73205412197112,171.73205412197112
1778551261.7775252,0.2877364158630371,2.9757750034332275,2.9757750034332275,-0.728763222694397,-0.728763222694397,170.49940944170953,170.49940944170953
1778551261.7786286,0.28368043899536133,2.9685909748077393,2.9685909748077393,-0.7352001070976257,-0.7352001070976257,170.08779477438927,170.08779477438927
1778551261.7790809,0.28011801838874817,2.9617919921875,2.9617919921875,-0.6998379230499268,-0.6998379230499268,169.69824162597655,169.69824162597655
1778551261.7804472,0.27073293924331665,2.9430923461914062,2.9430923461914062,-0.32052093744277954,-0.32052093744277954,168.62683044891358,168.62683044891358
1778551261.9087958,0.26972106099128723,2.9410815238952637,2.9410815238952637,-0.1990344226360321,-0.1990344226360321,168.51161877679826,168.51161877679826
1778551261.9094167,0.26906031370162964,2.940152168273926,2.940152168273926,-0.09126245975494385,-0.09126245975494385,168.4583706029892,168.4583706029892
1778551261.909743,0.2692800760269165,2.9402990341186523,2.9402990341186523,-0.006342295557260513,-0.006342295557260513,168.46678539905548,168.46678539905548
1778551261.9100678,0.28369343280792236,2.9681577682495117,2.9681577682495117,0.5884239673614502,0.5884239673614502,170.06297385807036,170.06297385807036
1778551262.0054133,0.2840646207332611,2.9746816158294678,2.9746816158294678,0.6773414611816406,0.6773414611816406,170.43676292424203,170.43676292424203
1778551262.0063555,0.2836472988128662,2.9824705123901367,2.9824705123901367,0.7558569312095642,0.7558569312095642,170.8830339838028,170.8830339838028
1778551262.0065563,0.2824353575706482,2.9906187057495117,2.9906187057495117,0.8400120139122009,0.8400120139122009,171.34989124088287,171.34989124088287
1778551262.0066938,0.2778727114200592,3.019197463989258,3.019197463989258,1.0516191720962524,1.0516191720962524,172.98733405723573,172.98733405723573
1778551262.0068283,0.27520912885665894,3.0300087928771973,3.0300087928771973,1.1212456226348877,1.1212456226348877,173.60677779493332,173.60677779493332
1778551262.007933,0.27069932222366333,3.041790246963501,3.041790246963501,1.2138079404830933,1.2138079404830933,174.28180563197137,174.28180563197137
1778551262.0648139,0.26556938886642456,3.0542755126953125,3.0542755126953125,1.2931276559829712,1.2931276559829712,174.9971589202881,174.9971589202881
1778551262.0650406,0.2461758255958557,3.1056649684906006,3.1056649684906006,1.3263920545578003,1.3263920545578003,177.94155890164376,177.94155890164376
1778551262.0652084,0.24173356592655182,3.1185481548309326,3.1185481548309326,1.3288674354553223,1.3288674354553223,178.67971136956214,178.67971136956214
1778551262.0937963,0.23723894357681274,3.131793737411499,3.131793737411499,1.3360388278961182,1.3360388278961182,179.43862761998176,179.43862761998176
1778551262.0977294,0.23289437592029572,3.1449546813964844,3.1449546813964844,1.3524061441421509,1.3524061441421509,180.1926944343567,180.1926944343567
1778551262.1703331,0.22061055898666382,3.184504985809326,3.184504985809326,1.3600642681121826,1.3600642681121826,182.458760765934,182.458760765934
1778551262.1705246,0.2159946709871292,3.1975605487823486,3.1975605487823486,1.3537310361862183,1.3537310361862183,183.2067896909237,183.2067896909237
1778551262.1706629,0.21150851249694824,3.2105000019073486,3.2105000019073486,1.3508981466293335,1.3508981466293335,183.94816600928306,183.94816600928306
1778551262.1707985,0.19629716873168945,3.260507822036743,3.260507822036743,1.278334140777588,1.278334140777588,186.81340406985282,186.81340406985282
1778551262.2321184,0.1927749067544937,3.272538185119629,3.272538185119629,1.2631936073303223,1.2631936073303223,187.50269334697722,187.50269334697722
1778551262.2323136,0.18939797580242157,3.284379005432129,3.284379005432129,1.2419188022613525,1.2419188022613525,188.18112261943818,188.18112261943818
1778551262.2324545,0.18593227863311768,3.2959184646606445,3.2959184646606445,1.215904712677002,1.215904712677002,188.84228516750335,188.84228516750335
1778551262.2325928,0.1751405894756317,3.3293795585632324,3.3293795585632324,1.1443297863006592,1.1443297863006592,190.75946531152726,190.75946531152726
1778551262.2614698,0.17144456505775452,3.3403732776641846,3.3403732776641846,1.1370896100997925,1.1370896100997925,191.38935924239158,191.38935924239158
1778551262.2651637,0.1675615906715393,3.351088523864746,3.351088523864746,1.126046895980835,1.126046895980835,192.0032978456497,192.0032978456497
1778551262.2655468,0.16345913708209991,3.3616390228271484,3.3616390228271484,1.1107001304626465,1.1107001304626465,192.60779712409973,192.60779712409973
1778551262.3308651,0.1504526138305664,3.3909871578216553,3.3909871578216553,1.0129746198654175,1.0129746198654175,194.289321997118,194.289321997118
1778551262.3310623,0.14681081473827362,3.399411678314209,3.399411678314209,0.9652860760688782,0.9652860760688782,194.77201163835525,194.77201163835525
1778551262.3312633,0.14579905569553375,3.406841993331909,3.406841993331909,0.8676671385765076,0.8676671385765076,195.1977374815464,195.1977374815464
1778551262.3326168,0.13840104639530182,3.4297127723693848,3.4297127723693848,0.5567072629928589,0.5567072629928589,196.5081370631218,196.5081370631218
1778551262.4023347,0.13446813821792603,3.4329800605773926,3.4329800605773926,0.4584537148475647,0.4584537148475647,196.69533895483016,196.69533895483016
1778551262.4025245,0.12918183207511902,3.434755563735962,3.434755563735962,0.3328583240509033,0.3328583240509033,196.79706782870292,196.79706782870292
1778551262.402664,0.12464382499456406,3.434821844100952,3.434821844100952,0.18788428604602814,0.18788428604602814,196.80086541523934,196.80086541523934
1778551262.4028008,0.12318237870931625,3.42962384223938,3.42962384223938,-0.17766068875789642,-0.17766068875789642,196.50304174017907,196.50304174017907
1778551262.4039414,0.12381260842084885,3.4240505695343018,3.4240505695343018,-0.3684069812297821,-0.3684069812297821,196.18371662192345,196.18371662192345
1778551262.4662995,0.12412730604410172,3.416555643081665,3.416555643081665,-0.5697832703590393,-0.5697832703590393,195.75428881487846,195.75428881487846
1778551262.4947953,0.12456310540437698,3.407391309738159,3.407391309738159,-0.7671195864677429,-0.7671195864677429,195.22921100449562,195.22921100449562
1778551262.4955506,0.12544287741184235,3.3964176177978516,3.3964176177978516,-0.9514713883399963,-0.9514713883399963,194.60046454582215,194.60046454582215
1778551262.496272,0.1295844316482544,3.370293617248535,3.370293617248535,-1.2875168323516846,-1.2875168323516846,193.1036690351486,193.1036690351486
1778551262.4989965,0.13228359818458557,3.3558881282806396,3.3558881282806396,-1.403933048248291,-1.403933048248291,192.2782950203419,192.2782950203419
1778551262.5659063,0.14308162033557892,3.2624073028564453,3.2624073028564453,-1.6402671337127686,-1.6402671337127686,186.9222363430023,186.9222363430023
1778551262.5660977,0.1449674367904663,3.2466089725494385,3.2466089725494385,-1.6400140523910522,-1.6400140523910522,186.01705836939811,186.01705836939811
1778551262.5662534,0.14707238972187042,3.2308290004730225,3.2308290004730225,-1.6219673156738281,-1.6219673156738281,185.1129322453022,185.1129322453022
1778551262.6288085,0.15144948661327362,3.170412063598633,3.170412063598633,-1.5190088748931885,-1.5190088748931885,181.65129551353454,181.65129551353454
1778551262.633525,0.15152403712272644,3.1559908390045166,3.1559908390045166,-1.4797487258911133,-1.4797487258911133,180.82501991343497,180.82501991343497
1778551262.6339777,0.15138278901576996,3.141990900039673,3.141990900039673,-1.457482099533081,-1.457482099533081,180.0228822104931,180.0228822104931
1778551262.634319,0.15129688382148743,3.101274251937866,3.101274251937866,-1.3701506853103638,-1.3701506853103638,177.6899892841816,177.6899892841816
1778551262.709935,0.15037667751312256,3.0883705615997314,3.0883705615997314,-1.3405020236968994,-1.3405020236968994,176.95066202330588,176.95066202330588
1778551262.710121,0.14950497448444366,3.0756468772888184,3.0756468772888184,-1.3013535737991333,-1.3013535737991333,176.22164835176469,176.22164835176469
1778551262.7693982,0.14918158948421478,3.0636441707611084,3.0636441707611084,-1.24317467212677,-1.24317467212677,175.5339436790943,175.5339436790943
1778551262.7695928,0.1485418975353241,3.031825542449951,3.031825542449951,-1.00863778591156,-1.00863778591156,173.7108699151039,173.7108699151039
1778551262.7697322,0.14879614114761353,3.023036479949951,3.023036479949951,-0.9077247977256775,-0.9077247977256775,173.2072935479164,173.2072935479164
1778551262.794896,0.14944995939731598,3.015305995941162,3.015305995941162,-0.8029437065124512,-0.8029437065124512,172.76436928224564,172.76436928224564
1778551262.7960322,0.1542569100856781,3.0053322315216064,3.0053322315216064,0.09438814222812653,0.09438814222812653,172.19291447081565,172.19291447081565
1778551262.799186,0.15649893879890442,3.008413791656494,3.008413791656494,0.3042019307613373,0.3042019307613373,172.36947492399216,172.36947492399216
1778551262.7999551,0.159217968583107,3.013262987136841,3.013262987136841,0.5032548904418945,0.5032548904418945,172.647313458395,172.647313458395
1778551262.8006077,0.1697433888912201,3.0497448444366455,3.0497448444366455,1.158686876296997,1.158686876296997,174.73757065787316,174.73757065787316
1778551262.8765168,0.17118988931179047,3.0617315769195557,3.0617315769195557,1.241174578666687,1.241174578666687,175.4243600848675,175.4243600848675
1778551262.876766,0.1725970059633255,3.0744376182556152,3.0744376182556152,1.3063828945159912,1.3063828945159912,176.15236288805008,176.15236288805008
1778551262.8790338,0.1736033409833908,3.0874829292297363,3.0874829292297363,1.3551743030548096,1.3551743030548096,176.89980441656112,176.89980441656112
1778551262.8792856,0.16974015533924103,3.12912654876709,3.12912654876709,1.4530812501907349,1.4530812501907349,179.28580891284943,179.28580891284943
1778551262.932809,0.16764214634895325,3.142993450164795,3.142993450164795,1.4269033670425415,1.4269033670425415,180.08032412195206,180.08032412195206
1778551262.933012,0.16598466038703918,3.156317949295044,3.156317949295044,1.374455451965332,1.374455451965332,180.84376195921897,180.84376195921897
1778551262.933152,0.16451133787631989,3.1689345836639404,3.1689345836639404,1.3060113191604614,1.3060113191604614,181.56664211869239,181.56664211869239
1778551262.9924755,0.1618420034646988,3.200125217437744,3.200125217437744,0.917559027671814,0.917559027671814,183.3537344332695,183.3537344332695
1778551262.99274,0.16199958324432373,3.2069015502929688,3.2069015502929688,0.702575147151947,0.702575147151947,183.74198984527587,183.74198984527587
1778551262.9929361,0.16192157566547394,3.211379051208496,3.211379051208496,0.4692326784133911,0.4692326784133911,183.99853184223176,183.99853184223176
1778551262.9931324,0.16292445361614227,3.204620122909546,3.204620122909546,-0.559616208076477,-0.559616208076477,183.61127363820077,183.61127363820077
1778551263.04538,0.16317138075828552,3.197087526321411,3.197087526321411,-0.7820084691047668,-0.7820084691047668,183.1796874906063,183.1796874906063
1778551263.0490012,0.1638258844614029,3.1875717639923096,3.1875717639923096,-0.977632999420166,-0.977632999420166,182.63447427535058,182.63447427535058
1778551263.0496054,0.16495347023010254,3.17648983001709,3.17648983001709,-1.1454311609268188,-1.1454311609268188,181.9995260026932,181.9995260026932
1778551263.1256778,0.1704203188419342,3.1362147331237793,3.1362147331237793,-1.4693372249603271,-1.4693372249603271,179.69193210611343,179.69193210611343
1778551263.125981,0.17269302904605865,3.1219394207000732,3.1219394207000732,-1.4647821187973022,-1.4647821187973022,178.87401666054726,178.87401666054726
1778551263.1262376,0.17463482916355133,3.108612060546875,3.108612060546875,-1.3864117860794067,-1.3864117860794067,178.11041489868165,178.11041489868165
1778551263.1926994,0.175057053565979,3.0744810104370117,3.0744810104370117,-0.44240429997444153,-0.44240429997444153,176.15484907779694,176.15484907779694
1778551263.1928878,0.17342104017734528,3.073636531829834,3.073636531829834,-0.08499085158109665,-0.08499085158109665,176.1064640004158,176.1064640004158
1778551263.1930306,0.17241321504116058,3.076253652572632,3.076253652572632,0.26358678936958313,0.26358678936958313,176.256414027071,176.256414027071
1778551263.1931694,0.17100992798805237,3.101057291030884,3.101057291030884,1.112504243850708,1.112504243850708,177.67755833544732,177.67755833544732
1778551263.2206962,0.17040501534938812,3.1139235496520996,3.1139235496520996,1.331994891166687,1.331994891166687,178.41474091615677,178.41474091615677
1778551263.2254565,0.16998538374900818,3.12837815284729,3.12837815284729,1.490652322769165,1.490652322769165,179.24292896990775,179.24292896990775
1778551263.2822504,0.16939714550971985,3.143888473510742,3.143888473510742,1.595992088317871,1.595992088317871,180.1316052005768,180.1316052005768
1778551263.2824502,0.1636751890182495,3.191102981567383,3.191102981567383,1.5826795101165771,1.5826795101165771,182.83679821128845,182.83679821128845
1778551263.2825966,0.1619734913110733,3.2051234245300293,3.2051234245300293,1.4455498456954956,1.4455498456954956,183.64011070718766,183.64011070718766
1778551263.2827396,0.16059528291225433,3.2171132564544678,3.2171132564544678,1.2348909378051758,1.2348909378051758,184.3270777191639,184.3270777191639
1778551263.2839992,0.15419483184814453,3.2378952503204346,3.2378952503204346,0.05593683198094368,0.05593683198094368,185.51779868330956,185.51779868330956
1778551263.2842023,0.15317025780677795,3.235002040863037,3.235002040863037,-0.29738473892211914,-0.29738473892211914,185.3520299328804,185.3520299328804
1778551263.3508632,0.15196311473846436,3.2286453247070312,3.2286453247070312,-0.6508212089538574,-0.6508212089538574,184.98781679534912,184.98781679534912
1778551263.351058,0.15024340152740479,3.2192177772521973,3.2192177772521973,-0.9702991843223572,-0.9702991843223572,184.44765792188645,184.44765792188645
1778551263.3512044,0.14833976328372955,3.2071526050567627,3.2071526050567627,-1.247986078262329,-1.247986078262329,183.75637422881127,183.75637422881127
1778551263.3524094,0.14837409555912018,3.177720546722412,3.177720546722412,-1.596828579902649,-1.596828579902649,182.070040900898,182.070040900898
1778551263.4106412,0.14992283284664154,3.1613614559173584,3.1613614559173584,-1.6849474906921387,-1.6849474906921387,181.1327337059498,181.1327337059498
1778551263.4111485,0.15186522901058197,3.144683361053467,3.144683361053467,-1.7133077383041382,-1.7133077383041382,180.1771489182472,180.1771489182472
1778551263.411306,0.15365371108055115,3.1283538341522217,3.1283538341522217,-1.690077304840088,-1.690077304840088,179.24153561081886,179.24153561081886
1778551263.4114506,0.1602340042591095,3.0869171619415283,3.0869171619415283,-1.2321511507034302,-1.2321511507034302,176.8673883271694,176.8673883271694
1778551263.4746013,0.16203749179840088,3.07753586769104,3.07753586769104,-0.9762091040611267,-0.9762091040611267,176.3298795680523,176.3298795680523
1778551263.474961,0.1630098968744278,3.0707812309265137,3.0707812309265137,-0.6983803510665894,-0.6983803510665894,175.94286725091933,175.94286725091933
1778551263.520115,0.1635119765996933,3.0670177936553955,3.0670177936553955,-0.3876497447490692,-0.3876497447490692,175.72723810172081,175.72723810172081
1778551263.5209227,0.16403751075267792,3.073782444000244,3.073782444000244,0.5372602343559265,0.5372602343559265,176.1148241549492,176.1148241549492
1778551263.5214672,0.16418804228305817,3.0815787315368652,3.0815787315368652,0.8105264902114868,0.8105264902114868,176.56151868638992,176.56151868638992
1778551263.5245886,0.16400927305221558,3.091836929321289,3.091836929321289,1.0551502704620361,1.0551502704620361,177.14927033500672,177.14927033500672
1778551263.5249815,0.16140539944171906,3.14727520942688,3.14727520942688,1.5588635206222534,1.5588635206222534,180.32565094428062,180.32565094428062
1778551263.5948772,0.15901604294776917,3.162623405456543,3.162623405456543,1.5819610357284546,1.5819610357284546,181.205038114357,181.205038114357
1778551263.595068,0.1561439335346222,3.1777663230895996,3.1777663230895996,1.5689539909362793,1.5689539909362793,182.0726636944771,182.0726636944771
1778551263.5952628,0.15305498242378235,3.192526340484619,3.192526340484619,1.5257089138031006,1.5257089138031006,182.91835069913864,182.91835069913864
1778551263.5973003,0.1436775177717209,3.2325692176818848,3.2325692176818848,1.296614646911621,1.296614646911621,185.21263938245772,185.21263938245772
1778551263.6527393,0.14024321734905243,3.244396924972534,3.244396924972534,1.2303962707519531,1.2303962707519531,185.89031733384132,185.89031733384132
1778551263.7089448,0.1364818960428238,3.255650520324707,3.255650520324707,1.166994333267212,1.166994333267212,186.53510108242034,186.53510108242034
1778551263.710334,0.1330668032169342,3.2665603160858154,3.2665603160858154,1.1183767318725586,1.1183767318725586,187.16018655838965,187.16018655838965
1778551263.710704,0.12544047832489014,3.296600818634033,3.296600818634033,1.000038743019104,1.000038743019104,188.88138118429183,188.88138118429183
1778551263.714167,0.1232406497001648,3.306070327758789,3.306070327758789,0.9755237102508545,0.9755237102508545,189.42394428520203,189.42394428520203
1778551263.714609,0.10304585099220276,3.3606760501861572,3.3606760501861572,0.9291046857833862,0.9291046857833862,192.55262283625603,192.55262283625603
1778551263.7822495,0.09844347089529037,3.369372844696045,3.369372844696045,0.9222652912139893,0.9222652912139893,193.05091263513566,193.05091263513566
1778551263.78253,0.09380726516246796,3.377983331680298,3.377983331680298,0.9063429236412048,0.9063429236412048,193.544257375288,193.544257375288
1778551263.7826836,0.08954211324453354,3.3862533569335938,3.3862533569335938,0.8859291076660156,0.8859291076660156,194.0180950881958,194.0180950881958
1778551263.7840073,0.07812371104955673,3.408695936203003,3.408695936203003,0.7718709111213684,0.7718709111213684,195.3039606215,195.3039606215
1778551263.8616998,0.07427072525024414,3.415661096572876,3.415661096572876,0.7456338405609131,0.7456338405609131,195.70303505702017,195.70303505702017
1778551263.8632667,0.07025745511054993,3.422520637512207,3.422520637512207,0.7178745865821838,0.7178745865821838,196.09605794277192,196.09605794277192
1778551263.8637695,0.06641965359449387,3.4292144775390625,3.4292144775390625,0.699072003364563,0.699072003364563,196.47958686218263,196.47958686218263
1778551263.8639276,0.05470634624361992,3.448650598526001,3.448650598526001,0.6822972297668457,0.6822972297668457,197.59319496302604,197.59319496302604
1778551263.8652718,0.050639063119888306,3.454695701599121,3.454695701599121,0.6810462474822998,0.6810462474822998,197.93955397968293,197.93955397968293
1778551263.9226375,0.04664388298988342,3.460927963256836,3.460927963256836,0.6800823211669922,0.6800823211669922,198.29663639717103,198.29663639717103
1778551263.9230695,0.04294399172067642,3.4669885635375977,3.4669885635375977,0.680766761302948,0.680766761302948,198.64388333873748,198.64388333873748
1778551263.923288,0.030906744301319122,3.48640513420105,3.48640513420105,0.6662008762359619,0.6662008762359619,199.75637128815652,199.75637128815652
1778551263.9447837,0.02747955732047558,3.4921507835388184,3.4921507835388184,0.6581448316574097,0.6581448316574097,200.08557286348343,200.08557286348343
1778551263.9498055,0.023725097998976707,3.498318910598755,3.498318910598755,0.6494103074073792,0.6494103074073792,200.43898063788413,200.43898063788413
1778551264.0314124,0.011070060543715954,3.521827459335327,3.521827459335327,0.6011891961097717,0.6011891961097717,201.78592174458504,201.78592174458504
1778551264.031619,0.00872721429914236,3.5273139476776123,3.5273139476776123,0.5882367491722107,0.5882367491722107,202.10027448334694,202.10027448334694
1778551264.031855,0.006658454425632954,3.5324606895446777,3.5324606895446777,0.5632132291793823,0.5632132291793823,202.39516117601394,202.39516117601394
1778551264.0320106,0.004489302635192871,3.537278175354004,3.537278175354004,0.5359254479408264,0.5359254479408264,202.67118287944794,202.67118287944794
1778551264.0334125,-0.0006495006964541972,3.549233913421631,3.549233913421631,0.4178133010864258,0.4178133010864258,203.35619645662308,203.35619645662308
1778551264.1189632,-0.0019585539121180773,3.5521702766418457,3.5521702766418457,0.3774033188819885,0.3774033188819885,203.52443773641588,203.52443773641588
1778551264.179967,-0.0030760851223021746,3.5547444820404053,3.5547444820404053,0.32390591502189636,0.32390591502189636,203.67192889409066,203.67192889409066
1778551264.180712,-0.004004120361059904,3.5569918155670166,3.5569918155670166,0.28241753578186035,0.28241753578186035,203.80069166636466,203.80069166636466
1778551264.181802,-0.00872128363698721,3.5571329593658447,3.5571329593658447,-0.25607582926750183,-0.25607582926750183,203.80877861323356,203.80877861323356
1778551264.282745,-0.0017370106652379036,3.5292019844055176,3.5292019844055176,-0.6303526759147644,-0.6303526759147644,202.20845105810164,202.20845105810164
1778551264.2830443,-8.815526962280273e-05,3.5223512649536133,3.5223512649536133,-0.7046014070510864,-0.7046014070510864,201.81593360652923,201.81593360652923
1778551264.28327,0.0013921265490353107,3.514845848083496,3.514845848083496,-0.774483859539032,-0.774483859539032,201.3859047426224,201.3859047426224
1778551264.2834845,0.008484852500259876,3.4787049293518066,3.4787049293518066,-1.0095380544662476,-1.0095380544662476,199.31518189115525,199.31518189115525
1778551264.2839258,0.010525484569370747,3.468745470046997,3.468745470046997,-1.0358917713165283,-1.0358917713165283,198.74454670271874,198.74454670271874
1778551264.360197,0.012987207621335983,3.458540916442871,3.458540916442871,-1.0511595010757446,-1.0511595010757446,198.15986864032746,198.15986864032746
1778551264.3603978,0.015885693952441216,3.448289394378662,3.448289394378662,-1.0577366352081299,-1.0577366352081299,197.57249948244095,197.57249948244095
1778551264.3605409,0.020971788093447685,3.4278676509857178,3.4278676509857178,-1.056939721107483,-1.056939721107483,196.4024193573475,196.4024193573475
1778551264.3606787,0.022956976667046547,3.4176692962646484,3.4176692962646484,-1.0572428703308105,-1.0572428703308105,195.81809646492005,195.81809646492005
1778551264.3608167,0.024524405598640442,3.407369613647461,3.407369613647461,-1.0543357133865356,-1.0543357133865356,195.22796790962218,195.22796790962218
1778551264.3620298,0.02626221813261509,3.3971636295318604,3.3971636295318604,-1.0569335222244263,-1.0569335222244263,194.64320788493157,194.64320788493157
1778551264.3622253,0.02858418971300125,3.3869173526763916,3.3869173526763916,-1.0622813701629639,-1.0622813701629639,194.05613925547598,194.05613925547598
1778551264.3624153,0.03198326751589775,3.3658149242401123,3.3658149242401123,-1.099973201751709,-1.099973201751709,192.84705873627664,192.84705873627664
1778551264.426205,0.033473677933216095,3.354991912841797,3.354991912841797,-1.1143970489501953,-1.1143970489501953,192.22694563980102,192.22694563980102
1778551264.4263878,0.035143379122018814,3.344001293182373,3.344001293182373,-1.13304603099823,-1.13304603099823,191.59722929391862,191.59722929391862
1778551264.4274926,0.03681759908795357,3.3328330516815186,3.3328330516815186,-1.1566396951675415,-1.1566396951675415,190.95733596253396,190.95733596253396
1778551264.4276772,0.041814833879470825,3.2983179092407227,3.2983179092407227,-1.19040846824646,-1.19040846824646,188.9797632642746,188.9797632642746
1778551264.5275395,0.043140679597854614,3.2869701385498047,3.2869701385498047,-1.1806395053863525,-1.1806395053863525,188.3295836643219,188.3295836643219
1778551264.528334,0.04410796985030174,3.275514602661133,3.275514602661133,-1.1758344173431396,-1.1758344173431396,187.67322957115172,187.67322957115172
1778551264.5590923,0.044864263385534286,3.2641475200653076,3.2641475200653076,-1.174785852432251,-1.174785852432251,187.02194348015786,187.02194348015786
1778551264.5613928,0.04524505138397217,3.163222551345825,3.163222551345825,-1.1479458808898926,-1.1479458808898926,181.23936665740013,181.23936665740013
1778551264.6434343,0.045581087470054626,3.152040719985962,3.152040719985962,-1.1474359035491943,-1.1474359035491943,180.59869468417168,180.59869468417168
1778551264.6439412,0.04588383808732033,3.1411166191101074,3.1411166191101074,-1.134731411933899,-1.134731411933899,179.9727895852089,179.9727895852089
1778551264.6443229,0.046244412660598755,3.1303675174713135,3.1303675174713135,-1.1130986213684082,-1.1130986213684082,179.35691120753287,179.35691120753287
1778551264.6444736,0.04670708626508713,3.099640369415283,3.099640369415283,-1.0224974155426025,-1.0224974155426025,177.59637467794417,177.59637467794417
1778551264.646021,0.046688590198755264,3.0899126529693604,3.0899126529693604,-0.9969106912612915,-0.9969106912612915,177.03901738200187,177.03901738200187
1778551264.6472538,0.046893469989299774,3.0806188583374023,3.0806188583374023,-0.9643116593360901,-0.9643116593360901,176.50652198352813,176.50652198352813
1778551264.7039387,0.04724624380469322,3.0715906620025635,3.0715906620025635,-0.9318181872367859,-0.9318181872367859,175.98924425196648,175.98924425196648
1778551264.704161,0.04863286390900612,3.046475648880005,3.046475648880005,-0.8291552662849426,-0.8291552662849426,174.55025948309898,174.55025948309898
1778551264.729959,0.048531413078308105,3.0385501384735107,3.0385501384735107,-0.8157510757446289,-0.8157510757446289,174.09616102395057,174.09616102395057
1778551264.7330317,0.048754170536994934,3.03080415725708,3.03080415725708,-0.7934378981590271,-0.7934378981590271,173.6523488333702,173.6523488333702
1778551264.7337413,0.05096597224473953,3.0020790100097656,3.0020790100097656,-0.7075871229171753,-0.7075871229171753,172.00651854171753,172.00651854171753
1778551264.8189497,0.05205678194761276,2.9954638481140137,2.9954638481140137,-0.6852791905403137,-0.6852791905403137,171.6274975487709,171.6274975487709
1778551264.8196197,0.05296241492033005,2.988844394683838,2.988844394683838,-0.6762161254882812,-0.6762161254882812,171.24823066892623,171.24823066892623
1778551264.843263,0.05332193523645401,2.982384443283081,2.982384443283081,-0.6686915755271912,-0.6686915755271912,170.87810258545875,170.87810258545875
1778551264.845338,0.05409494414925575,2.969446897506714,2.969446897506714,-0.6644170880317688,-0.6644170880317688,170.1368355501652,170.1368355501652
1778551264.8455665,0.055028147995471954,2.9631590843200684,2.9631590843200684,-0.6551120281219482,-0.6551120281219482,169.77657026338576,169.77657026338576
1778551264.8457198,0.055806901305913925,2.957050085067749,2.957050085067749,-0.6257718205451965,-0.6257718205451965,169.42655026402474,169.42655026402474
1778551264.8459568,0.05973539873957634,2.935274362564087,2.935274362564087,-0.523678183555603,-0.523678183555603,168.1788928225994,168.1788928225994
1778551264.8462949,0.060984790325164795,2.930278778076172,2.930278778076172,-0.5069130659103394,-0.5069130659103394,167.89266681289672,167.89266681289672
1778551264.9066665,0.06154753267765045,2.925368547439575,2.925368547439575,-0.4998973608016968,-0.4998973608016968,167.61133122038842,167.61133122038842
1778551264.907008,0.06185178458690643,2.920536756515503,2.920536756515503,-0.49157989025115967,-0.49157989025115967,167.33448989396095,167.33448989396095
1778551264.9072058,0.06240999698638916,2.915713310241699,2.915713310241699,-0.47828051447868347,-0.47828051447868347,167.05812668094634,167.05812668094634
1778551264.9073548,0.06424131244421005,2.906677484512329,2.906677484512329,-0.45059481263160706,-0.45059481263160706,166.5404118171215,166.5404118171215
1778551264.9074986,0.06532362103462219,2.902630567550659,2.902630567550659,-0.4162198305130005,-0.4162198305130005,166.30854047226904,166.30854047226904
1778551264.9667408,0.06651952117681503,2.899029493331909,2.899029493331909,-0.373933345079422,-0.373933345079422,166.1022140440464,166.1022140440464
1778551264.9669323,0.06788178533315659,2.8959412574768066,2.8959412574768066,-0.31518635153770447,-0.31518635153770447,165.9252711001396,165.9252711001396
1778551264.9670758,0.0693703442811966,2.8935599327087402,2.8935599327087402,-0.2583502531051636,-0.2583502531051636,165.78883119249343,165.78883119249343
1778551264.9672139,0.07211072742938995,2.8900489807128906,2.8900489807128906,-0.14987891912460327,-0.14987891912460327,165.58766838912965,165.58766838912965
1778551265.0309772,0.07319144904613495,2.8892650604248047,2.8892650604248047,-0.07949338853359222,-0.07949338853359222,165.54275304908754,165.54275304908754
1778551265.0352259,0.07498344779014587,2.889364004135132,2.889364004135132,-0.0071238065138459206,-0.0071238065138459206,165.5484221081257,165.5484221081257
1778551265.035886,0.07712700963020325,2.890065908432007,2.890065908432007,0.06591460853815079,0.06591460853815079,165.58863827633857,165.58863827633857
1778551265.0362287,0.08289472758769989,2.8968658447265625,2.8968658447265625,0.310320109128952,0.310320109128952,165.97824606628419,165.97824606628419
1778551265.1090019,0.08480093628168106,2.900665044784546,2.900665044784546,0.39666807651519775,0.39666807651519775,166.19592427296638,166.19592427296638
1778551265.109309,0.0863993763923645,2.9053635597229004,2.9053635597229004,0.48181086778640747,0.48181086778640747,166.46512944517136,166.46512944517136
1778551265.1116574,0.08760784566402435,2.9106969833374023,2.9106969833374023,0.556248664855957,0.556248664855957,166.77071221790314,166.77071221790314
1778551265.112063,0.08968319743871689,2.9302620887756348,2.9302620887756348,0.7312856316566467,0.7312856316566467,167.891710586071,167.891710586071
1778551265.1815488,0.0902298241853714,2.9375152587890625,2.9375152587890625,0.7633112668991089,0.7633112668991089,168.30728676452637,168.30728676452637
1778551265.181841,0.09066057205200195,2.945204973220825,2.945204973220825,0.7875075340270996,0.7875075340270996,168.74787510466575,168.74787510466575
1778551265.1820376,0.09089267998933792,2.9528777599334717,2.9528777599334717,0.8063567280769348,0.8063567280769348,169.1874935575962,169.1874935575962
1778551265.183317,0.09224012494087219,2.977046012878418,2.977046012878418,0.8475463390350342,0.8475463390350342,170.57223294467926,170.57223294467926
1778551265.240085,0.09213872253894806,2.9854249954223633,2.9854249954223633,0.8651365637779236,0.8651365637779236,171.05231345272065,171.05231345272065
1778551265.263771,0.09269853681325912,2.9940645694732666,2.9940645694732666,0.8789467215538025,0.8789467215538025,171.54732475962638,171.54732475962638
1778551265.328934,0.09289798140525818,3.0026183128356934,3.0026183128356934,0.8970752358436584,0.8970752358436584,172.0374183285713,172.0374183285713
1778551265.3298934,0.09392569959163666,3.0301272869110107,3.0301272869110107,0.9747105240821838,0.9747105240821838,173.61356700539588,173.61356700539588
1778551265.3346426,0.09433842450380325,3.0396382808685303,3.0396382808685303,0.9895296096801758,0.9895296096801758,174.15850701298714,174.15850701298714
1778551265.3352065,0.0951065644621849,3.085876703262329,3.085876703262329,0.9214629530906677,0.9214629530906677,176.80777441477775,176.80777441477775
1778551265.3355305,0.09138059616088867,3.139146089553833,3.139146089553833,0.9009022116661072,0.9009022116661072,179.8598865178585,179.8598865178585
1778551265.4100235,0.09074389934539795,3.1476237773895264,3.1476237773895264,0.8803064823150635,0.8803064823150635,180.34562242455482,180.34562242455482
1778551265.4102108,0.0901796892285347,3.155930757522583,3.155930757522583,0.8628361821174622,0.8628361821174622,180.8215774968624,180.8215774968624
1778551265.411412,0.08934072405099869,3.1642301082611084,3.1642301082611084,0.8558598160743713,0.8558598160743713,181.2970954369068,181.2970954369068
1778551265.4116242,0.08754899352788925,3.1981043815612793,3.1981043815612793,0.8841089010238647,0.8841089010238647,183.23794902505875,183.23794902505875
1778551265.473192,0.08747623860836029,3.206435203552246,3.206435203552246,0.8769333362579346,0.8769333362579346,183.71527013568877,183.71527013568877
1778551265.4733872,0.08686888217926025,3.214569091796875,3.214569091796875,0.8578471541404724,0.8578471541404724,184.1813077697754,184.1813077697754
1778551265.473539,0.08513206988573074,3.2226243019104004,3.2226243019104004,0.8427042961120605,0.8427042961120605,184.6428374773979,184.6428374773979
1778551265.4747617,0.07877159118652344,3.2459001541137695,3.2459001541137695,0.7964856028556824,0.7964856028556824,185.97644605007173,185.97644605007173
1778551265.5358012,0.07638834416866302,3.2538039684295654,3.2538039684295654,0.8006144762039185,0.8006144762039185,186.4293014143467,186.4293014143467
1778551265.5359976,0.0737304538488388,3.261690378189087,3.261690378189087,0.8073299527168274,0.8073299527168274,186.88115957064628,186.88115957064628
1778551265.5361416,0.07096736878156662,3.2698147296905518,3.2698147296905518,0.8200815916061401,0.8200815916061401,187.34665078940392,187.34665078940392
1778551265.5362828,0.06451022624969482,3.2947216033935547,3.2947216033935547,0.8609207272529602,0.8609207272529602,188.77371004371642,188.77371004371642
1778551265.6022875,0.06188621371984482,3.3031768798828125,3.3031768798828125,0.8645970225334167,0.8645970225334167,189.25816187438966,189.25816187438966
1778551265.6024818,0.058663882315158844,3.311589002609253,3.311589002609253,0.8690061569213867,0.8690061569213867,189.74014117569922,189.74014117569922
1778551265.6026223,0.05526603385806084,3.320068359375,3.320068359375,0.8687441945075989,0.8687441945075989,190.22597270507814,190.22597270507814
1778551265.6027608,0.04403335973620415,3.344146728515625,3.344146728515625,0.8346664309501648,0.8346664309501648,191.60556212768554,191.60556212768554
1778551265.671321,0.04042835533618927,3.351228952407837,3.351228952407837,0.7884889245033264,0.7884889245033264,192.01134381136893,192.01134381136893
1778551265.6742997,0.03695261850953102,3.357618808746338,3.357618808746338,0.729021430015564,0.729021430015564,192.37745574216842,192.37745574216842
1778551265.6748526,0.03410887345671654,3.3635246753692627,3.3635246753692627,0.666326105594635,0.666326105594635,192.7158370950222,192.7158370950222
1778551265.7411766,0.020492706447839737,3.402785062789917,3.402785062789917,0.42668285965919495,0.42668285965919495,194.9652924005985,194.9652924005985
1778551265.741362,0.018778638914227486,3.4073777198791504,3.4073777198791504,0.4484235346317291,0.4484235346317291,195.22843236265183,195.22843236265183
1778551265.7414994,0.017115769907832146,3.412242889404297,3.412242889404297,0.4755837619304657,0.4755837619304657,195.50718614273072,195.50718614273072
1778551265.7426767,0.008378458209335804,3.4315452575683594,3.4315452575683594,0.5305348634719849,0.5305348634719849,196.6131307685852,196.6131307685852
1778551265.8119333,0.00611835066229105,3.436201572418213,3.436201572418213,0.5294629335403442,0.5294629335403442,196.87991805295945,196.87991805295945
1778551265.8131392,0.003515582298859954,3.440831184387207,3.440831184387207,0.5250296592712402,0.5250296592712402,197.14517537441253,197.14517537441253
1778551265.8134074,0.0008655936690047383,3.4452719688415527,3.4452719688415527,0.5237604379653931,0.5237604379653931,197.39961367235185,197.39961367235185
1778551265.843855,-0.008172934874892235,3.4594130516052246,3.4594130516052246,0.4827721118927002,0.4827721118927002,198.20983832216262,198.20983832216262
1778551265.9135695,-0.008945271372795105,3.463843822479248,3.463843822479248,0.4535798728466034,0.4535798728466034,198.4637028840065,198.4637028840065
1778551265.9150195,-0.008940517902374268,3.4678924083709717,3.4678924083709717,0.42370834946632385,0.42370834946632385,198.6956698515415,198.6956698515415
1778551265.9154508,-0.011608999222517014,3.4783456325531006,3.4783456325531006,0.13888414204120636,0.13888414204120636,199.29459569363593,199.29459569363593
1778551265.9156013,-0.012797812931239605,3.478605031967163,3.478605031967163,0.018331481143832207,0.018331481143832207,199.3094581905842,199.3094581905842
1778551265.9852734,-0.013901089318096638,3.477464199066162,3.477464199066162,-0.1131560355424881,-0.1131560355424881,199.24409325685502,199.24409325685502
1778551265.988357,-0.014283610507845879,3.4751429557800293,3.4751429557800293,-0.2384965717792511,-0.2384965717792511,199.1110957657814,199.1110957657814
1778551265.9888604,-0.014136238023638725,3.4672484397888184,3.4672484397888184,-0.4570750892162323,-0.4570750892162323,198.65877315645218,198.65877315645218
1778551265.9891798,-0.014148428104817867,3.4619741439819336,3.4619741439819336,-0.5503795146942139,-0.5503795146942139,198.35657815876007,198.35657815876007
1778551265.9894705,-0.006070710718631744,3.4176297187805176,3.4176297187805176,-0.8512299656867981,-0.8512299656867981,195.81582884130478,195.81582884130478
1778551266.0826688,-0.005043289624154568,3.4093241691589355,3.4093241691589355,-0.8633260726928711,-0.8633260726928711,195.33995573129653,195.33995573129653
1778551266.0841517,-0.004041731357574463,3.4011013507843018,3.4011013507843018,-0.8569237589836121,-0.8569237589836121,194.8688227742672,194.8688227742672
1778551266.084399,-0.0033248127438127995,3.39284610748291,3.39284610748291,-0.8472417593002319,-0.8472417593002319,194.39583200511933,194.39583200511933
1778551266.084636,-0.0022406596690416336,3.3770503997802734,3.3770503997802734,-0.8048558235168457,-0.8048558235168457,193.49080429573058,193.49080429573058
1778551266.084804,-0.001972810598090291,3.369576930999756,3.369576930999756,-0.7645472884178162,-0.7645472884178162,193.06260592317582,193.06260592317582
1778551266.0849426,-0.0018317709909752011,3.362600803375244,3.362600803375244,-0.7165685296058655,-0.7165685296058655,192.66290311002732,192.66290311002732
1778551266.1490507,-0.0017501981928944588,3.3562607765197754,3.3562607765197754,-0.6674945950508118,-0.6674945950508118,192.29964619932176,192.29964619932176
1778551266.1492536,-0.0015952109824866056,3.350174903869629,3.350174903869629,-0.6173226833343506,-0.6173226833343506,191.95095125713348,191.95095125713348
1778551266.149398,-0.0014080596156418324,3.33956241607666,3.33956241607666,-0.5256773233413696,-0.5256773233413696,191.3429002790451,191.3429002790451
1778551266.1495802,-0.0011768194381147623,3.334791898727417,3.334791898727417,-0.4896899461746216,-0.4896899461746216,191.06956967110634,191.06956967110634
1778551266.1498642,-0.0008736999006941915,3.3302931785583496,3.3302931785583496,-0.46024054288864136,-0.46024054288864136,190.8118119000435,190.8118119000435
1778551266.21323,-0.0006693341420032084,3.326037883758545,3.326037883758545,-0.4395334720611572,-0.4395334720611572,190.56800138025284,190.56800138025284
1778551266.2134192,0.0004957318305969238,3.3135077953338623,3.3135077953338623,-0.42759472131729126,-0.42759472131729126,189.8500799398899,189.8500799398899
1778551266.2135606,0.001431372482329607,3.3094987869262695,3.3094987869262695,-0.4199952781200409,-0.4199952781200409,189.62038059597015,189.62038059597015
1778551266.2137713,0.002709228079766035,3.3054988384246826,3.3054988384246826,-0.4069577157497406,-0.4069577157497406,189.39120034661292,189.39120034661292
1778551266.2146301,0.003715926082804799,3.3017449378967285,3.3017449378967285,-0.37433359026908875,-0.37433359026908875,189.17611761274338,189.17611761274338
1778551266.2161224,0.00713276956230402,3.2924180030822754,3.2924180030822754,-0.26767590641975403,-0.26767590641975403,188.64172342100144,188.64172342100144
1778551266.2782888,0.00831723865121603,3.2897160053253174,3.2897160053253174,-0.2503092586994171,-0.2503092586994171,188.4869102979183,188.4869102979183
1778551266.278497,0.009317179210484028,3.287259340286255,3.287259340286255,-0.2384655624628067,-0.2384655624628067,188.3461537091732,188.3461537091732
1778551266.2786531,0.010412318632006645,3.2847278118133545,3.2847278118133545,-0.23743724822998047,-0.23743724822998047,188.2011077600956,188.2011077600956
1778551266.2788193,0.01453437004238367,3.2768304347991943,3.2768304347991943,-0.27133697271347046,-0.27133697271347046,187.74862122616767,187.74862122616767
1778551266.3510845,0.016246944665908813,3.273899555206299,3.273899555206299,-0.29106640815734863,-0.29106640815734863,187.58069413518905,187.58069413518905
1778551266.351279,0.018064940348267555,3.2704639434814453,3.2704639434814453,-0.33482563495635986,-0.33482563495635986,187.3838480129242,187.3838480129242
1778551266.3514192,0.019744502380490303,3.26665997505188,3.26665997505188,-0.3688080906867981,-0.3688080906867981,187.1658965985775,187.1658965985775
1778551266.3515568,0.024811724200844765,3.2542223930358887,3.2542223930358887,-0.43779733777046204,-0.43779733777046204,186.45327538690566,186.45327538690566
1778551266.3980021,0.026694145053625107,3.249746322631836,3.249746322631836,-0.4489322006702423,-0.4489322006702423,186.19681535224913,186.19681535224913
1778551266.4010084,0.028672823682427406,3.245012044906616,3.245012044906616,-0.4709877669811249,-0.4709877669811249,185.9255611225605,185.9255611225605
1778551266.4013145,0.030583200976252556,3.2400922775268555,3.2400922775268555,-0.5008954405784607,-0.5008954405784607,185.6436791147232,185.6436791147232
1778551266.5317683,0.03777074068784714,3.223281145095825,3.223281145095825,-0.6228167414665222,-0.6228167414665222,184.68047183318137,184.68047183318137
1778551266.5324676,0.04052241891622543,3.2168617248535156,3.2168617248535156,-0.6619883179664612,-0.6619883179664612,184.31266601486206,184.31266601486206
1778551266.5327084,0.043120257556438446,3.210084915161133,3.210084915161133,-0.6960573792457581,-0.6960573792457581,183.92438328208922,183.92438328208922
1778551266.5350497,0.053395189344882965,3.1376872062683105,3.1376872062683105,-0.7844581007957458,-0.7844581007957458,179.77629863290787,179.77629863290787
1778551266.6226423,0.05451333522796631,3.130026340484619,3.130026340484619,-0.7926778793334961,-0.7926778793334961,179.33736319913865,179.33736319913865
1778551266.6228268,0.055715274065732956,3.122284173965454,3.122284173965454,-0.8014434576034546,-0.8014434576034546,178.89376957468986,178.89376957468986
1778551266.6229641,0.056921396404504776,3.114367961883545,3.114367961883545,-0.8100284934043884,-0.8100284934043884,178.4402038704872,178.4402038704872
1778551266.6232793,0.059659652411937714,3.0986380577087402,3.0986380577087402,-0.8150045275688171,-0.8150045275688171,177.53894642686845,177.53894642686845
1778551266.6246057,0.06188250705599785,3.090679407119751,3.090679407119751,-0.820007860660553,-0.820007860660553,177.08294917445184,177.08294917445184
1778551266.6252592,0.06444601714611053,3.0826456546783447,3.0826456546783447,-0.8262229561805725,-0.8262229561805725,176.6226489013195,176.6226489013195
1778551266.7032602,0.06732778251171112,3.0746963024139404,3.0746963024139404,-0.822746753692627,-0.822746753692627,176.16718440384864,176.16718440384864
1778551266.7035468,0.07001959532499313,3.066725969314575,3.066725969314575,-0.8185919523239136,-0.8185919523239136,175.71051779265403,175.71051779265403
1778551266.7037618,0.07323922216892242,3.051248550415039,3.051248550415039,-0.7990724444389343,-0.7990724444389343,174.82372669487,174.82372669487
1778551266.7057226,0.07394296675920486,3.0434916019439697,3.0434916019439697,-0.7975752353668213,-0.7975752353668213,174.3792861266613,174.3792861266613
1778551266.7061605,0.0742659866809845,3.0357038974761963,3.0357038974761963,-0.8032363057136536,-0.8032363057136536,173.93308336901666,173.93308336901666
1778551266.7063675,0.07465105503797531,3.0277347564697266,3.0277347564697266,-0.8169194459915161,-0.8169194459915161,173.47648505973817,173.47648505973817
1778551266.7065585,0.07500559836626053,3.0198471546173096,3.0198471546173096,-0.8206928372383118,-0.8206928372383118,173.02455860152244,173.02455860152244
1778551266.7067444,0.07449955493211746,3.0039172172546387,3.0039172172546387,-0.8112016916275024,-0.8112016916275024,172.11184009637833,172.11184009637833
1778551266.7909415,0.07369361817836761,2.996488332748413,2.996488332748413,-0.7660674452781677,-0.7660674452781677,171.68619621548652,171.68619621548652
1778551266.791126,0.07290936261415482,2.9896655082702637,2.9896655082702637,-0.7148922085762024,-0.7148922085762024,171.29527702875137,171.29527702875137
1778551266.7913346,0.07164125889539719,2.9831643104553223,2.9831643104553223,-0.6583766341209412,-0.6583766341209412,170.92278569898605,170.92278569898605
1778551266.7914727,0.06522078067064285,2.966668128967285,2.966668128967285,-0.5369952917098999,-0.5369952917098999,169.97762378368378,169.97762378368378
1778551266.8142185,0.06299678236246109,2.961749315261841,2.961749315261841,-0.5136862993240356,-0.5136862993240356,169.69579641737937,169.69579641737937
1778551266.818008,0.06096247583627701,2.956927537918091,2.956927537918091,-0.49734315276145935,-0.49734315276145935,169.41952882704734,169.41952882704734
1778551266.8182514,0.05917096883058548,2.9522976875305176,2.9522976875305176,-0.4803285598754883,-0.4803285598754883,169.15425784521102,169.15425784521102
1778551266.8183966,0.05376268923282623,2.9396824836730957,2.9396824836730957,-0.41177213191986084,-0.41177213191986084,168.43145964803696,168.43145964803696
1778551266.879318,0.05166319012641907,2.935868740081787,2.935868740081787,-0.3986624777317047,-0.3986624777317047,168.21294815797805,168.21294815797805
1778551266.8795092,0.04949835315346718,2.9319701194763184,2.9319701194763184,-0.39038699865341187,-0.39038699865341187,167.98957357149123,167.98957357149123
1778551266.94077,0.04769366234540939,2.928344964981079,2.928344964981079,-0.3781530559062958,-0.3781530559062958,167.78186744456292,167.78186744456292
1778551266.9409604,0.0434068962931633,2.9181225299835205,2.9181225299835205,-0.33021682500839233,-0.33021682500839233,167.1961648534298,167.1961648534298
1778551266.9859395,0.04186243191361427,2.9151268005371094,2.9151268005371094,-0.317743182182312,-0.317743182182312,167.0245221382141,167.0245221382141
1778551266.9873016,0.040343109518289566,2.912224769592285,2.912224769592285,-0.3026740849018097,-0.3026740849018097,166.85824795360566,166.85824795360566
1778551267.015511,0.03489101305603981,2.9034929275512695,2.9034929275512695,-0.17756684124469757,-0.17756684124469757,166.35795007839204,166.35795007839204
1778551267.0201719,0.03372444212436676,2.9021713733673096,2.9021713733673096,-0.1467064470052719,-0.1467064470052719,166.2822305741787,166.2822305741787
1778551267.0206842,0.032278213649988174,2.899912118911743,2.899912118911743,-0.01281347032636404,-0.01281347032636404,166.15278478274345,166.15278478274345
1778551267.0210328,0.03287007287144661,2.9002740383148193,2.9002740383148193,0.01605616882443428,0.01605616882443428,166.17352124447822,166.17352124447822
1778551267.1018717,0.03380749374628067,2.901071071624756,2.901071071624756,0.04271848127245903,0.04271848127245903,166.2191879055977,166.2191879055977
1778551267.102086,0.03518577292561531,2.902402639389038,2.902402639389038,0.09020188450813293,0.09020188450813293,166.29548114590645,166.29548114590645
1778551267.1037252,0.039200928062200546,2.9065144062042236,2.9065144062042236,0.14978645741939545,0.14978645741939545,166.53106811499595,166.53106811499595
1778551267.104067,0.04237116500735283,2.9125208854675293,2.9125208854675293,0.2817133367061615,0.2817133367061615,166.87521414957047,166.87521414957047
1778551267.104218,0.04428296163678169,2.9171018600463867,2.9171018600463867,0.33935192227363586,0.33935192227363586,167.13768475284576,167.13768475284576
1778551267.183578,0.04595931991934776,2.921161651611328,2.921161651611328,0.38064664602279663,0.38064664602279663,167.37029375839234,167.37029375839234
1778551267.1839597,0.04805589094758034,2.9254136085510254,2.9254136085510254,0.4173952639102936,0.4173952639102936,167.61391303281783,167.61391303281783
1778551267.1856604,0.0559694841504097,2.941260576248169,2.941260576248169,0.5416755676269531,0.5416755676269531,168.52187772459985,168.52187772459985
1778551267.185956,0.05833906680345535,2.9479026794433594,2.9479026794433594,0.5942305326461792,0.5942305326461792,168.90244234085083,168.90244234085083
1778551267.1861653,0.06036309152841568,2.954810619354248,2.954810619354248,0.6568430662155151,0.6568430662155151,169.29823828439712,169.29823828439712
1778551267.186376,0.0624646432697773,2.9622485637664795,2.9622485637664795,0.718889057636261,0.718889057636261,169.72440125985145,169.72440125985145
1778551267.186593,0.07053419947624207,2.989225387573242,2.989225387573242,0.9219723343849182,0.9219723343849182,171.27005996131896,171.27005996131896
1778551267.2702606,0.0721011608839035,2.9999165534973145,2.9999165534973145,1.0230121612548828,1.0230121612548828,171.88261886587142,171.88261886587142
1778551267.2705662,0.07300805300474167,3.01111102104187,3.01111102104187,1.1033343076705933,1.1033343076705933,172.52401483941077,172.52401483941077
1778551267.2707987,0.07368076592683792,3.022738456726074,3.022738456726074,1.160320520401001,1.160320520401001,173.1902180688858,173.1902180688858
1778551267.2711108,0.07391443103551865,3.0590109825134277,3.0590109825134277,1.2488930225372314,1.2488930225372314,175.26848145189285,175.26848145189285
1778551267.2972527,0.07339102029800415,3.0713717937469482,3.0713717937469482,1.2660067081451416,1.2660067081451416,175.9767040201664,175.9767040201664
1778551267.3002603,0.07317459583282471,3.083589553833008,3.083589553833008,1.2764309644699097,1.2764309644699097,176.67673035850524,176.67673035850524
1778551267.369718,0.07351195812225342,3.0957682132720947,3.0957682132720947,1.2663829326629639,1.2663829326629639,177.3745163939953,177.3745163939953
1778551267.3699117,0.0760631188750267,3.131680727005005,3.131680727005005,1.2355777025222778,1.2355777025222778,179.43215259833335,179.43215259833335
1778551267.370051,0.07829955965280533,3.1433939933776855,3.1433939933776855,1.231500267982483,1.231500267982483,180.1032735657692,180.1032735657692
1778551267.3701875,0.08109918236732483,3.1545727252960205,3.1545727252960205,1.2077101469039917,1.2077101469039917,180.74376795401574,180.74376795401574
1778551267.435196,0.09064492583274841,3.1932790279388428,3.1932790279388428,0.9592583775520325,0.9592583775520325,182.96147652897835,182.96147652897835
1778551267.4356747,0.09207285195589066,3.2013134956359863,3.2013134956359863,0.8902062773704529,0.8902062773704529,183.42181778326034,183.42181778326034
1778551267.4358656,0.0929705947637558,3.2089550495147705,3.2089550495147705,0.8330749273300171,0.8330749273300171,183.8596467259884,183.8596467259884
1778551267.4361193,0.09376698732376099,3.2164039611816406,3.2164039611816406,0.7920637130737305,0.7920637130737305,184.28643807907105,184.28643807907105
1778551267.4362738,0.09653497487306595,3.236832857131958,3.236832857131958,0.7099717855453491,0.7099717855453491,185.45692801566125,185.45692801566125
1778551267.4971166,0.09669321775436401,3.2413010597229004,3.2413010597229004,0.6762613654136658,0.6762613654136658,185.71293725767134,185.71293725767134
1778551267.4973025,0.09660372138023376,3.2455575466156006,3.2455575466156006,0.6431022882461548,0.6431022882461548,185.95681607937811,185.95681607937811
1778551267.4974418,0.09643469750881195,3.249626398086548,3.249626398086548,0.6199460625648499,0.6199460625648499,186.18994417948724,186.18994417948724
1778551267.592111,0.0937594547867775,3.2642061710357666,3.2642061710357666,0.5223226547241211,0.5223226547241211,187.02530393443107,187.02530393443107
1778551267.5926692,0.09290551394224167,3.268819808959961,3.268819808959961,0.4767859876155853,0.4767859876155853,187.28964601020812,187.28964601020812
1778551267.5961514,0.09256219118833542,3.272876501083374,3.272876501083374,0.42222273349761963,0.42222273349761963,187.52207743077278,187.52207743077278
1778551267.596724,0.0862465500831604,3.262775182723999,3.262775182723999,-0.4729852080345154,-0.4729852080345154,186.9433143143177,186.9433143143177
1778551267.6852937,0.0861624926328659,3.257427930831909,3.257427930831909,-0.5554532408714294,-0.5554532408714294,186.6369392393589,186.6369392393589
1778551267.685484,0.08607586473226547,3.251455545425415,3.251455545425415,-0.6116288900375366,-0.6116288900375366,186.2947466395855,186.2947466395855
1778551267.7792509,0.0856848731637001,3.2450897693634033,3.2450897693634033,-0.6515892148017883,-0.6515892148017883,185.93001440749168,185.93001440749168
1778551267.7829483,0.0862429291009903,3.2319037914276123,3.2319037914276123,-0.6919011473655701,-0.6919011473655701,185.1745132528782,185.1745132528782
1778551267.7839558,0.08736542612314224,3.225020170211792,3.225020170211792,-0.7129040360450745,-0.7129040360450745,184.7801106684208,184.7801106684208
1778551267.7844028,0.08841998875141144,3.2179324626922607,3.2179324626922607,-0.7256143689155579,-0.7256143689155579,184.37401479592324,184.37401479592324
1778551267.7847278,0.10136447846889496,3.1419732570648193,3.1419732570648193,-0.7081270813941956,-0.7081270813941956,180.0218713421345,180.0218713421345
1778551267.8681207,0.10274317115545273,3.1350951194763184,3.1350951194763184,-0.703055739402771,-0.703055739402771,179.62778294649124,179.62778294649124
1778551267.869468,0.10442598909139633,3.1282286643981934,3.1282286643981934,-0.7081755995750427,-0.7081755995750427,179.234363909626,179.234363909626
1778551267.869674,0.10711425542831421,3.1211631298065186,3.1211631298065186,-0.7291569113731384,-0.7291569113731384,178.82953845276833,178.82953845276833
1778551267.8698182,0.11520421504974365,3.1059205532073975,3.1059205532073975,-0.8099931478500366,-0.8099931478500366,177.9562028324604,177.9562028324604
1778551267.9301372,0.11913172155618668,3.0975401401519775,3.0975401401519775,-0.8624387383460999,-0.8624387383460999,177.47604036211968,177.47604036211968
1778551267.9303236,0.12275835126638412,3.088749647140503,3.088749647140503,-0.9006404280662537,-0.9006404280662537,176.97238203263282,176.97238203263282
1778551267.9315531,0.12588083744049072,3.0798861980438232,3.0798861980438232,-0.9165886640548706,-0.9165886640548706,176.4645436258793,176.4645436258793
1778551267.9317422,0.13060946762561798,3.0552542209625244,3.0552542209625244,-0.7931077480316162,-0.7931077480316162,175.0532347934246,175.0532347934246
1778551267.9961889,0.13099004328250885,3.0482070446014404,3.0482070446014404,-0.7337152361869812,-0.7337152361869812,174.6494611860752,174.6494611860752
1778551267.9964585,0.1311262845993042,3.0414960384368896,3.0414960384368896,-0.6811627745628357,-0.6811627745628357,174.26494871907235,174.26494871907235
1778551267.9966958,0.131269633769989,3.0353033542633057,3.0353033542633057,-0.6409062743186951,-0.6409062743186951,173.91013392519952,173.91013392519952
1778551267.998866,0.1299419105052948,3.0170438289642334,3.0170438289642334,-0.6428018808364868,-0.6428018808364868,172.86393981556893,172.86393981556893
1778551268.0681877,0.12877927720546722,3.010568857192993,3.010568857192993,-0.6604694128036499,-0.6604694128036499,172.4929511279583,172.4929511279583
1778551268.0683935,0.1277807503938675,3.0040476322174072,3.0040476322174072,-0.6803519129753113,-0.6803519129753113,172.11931232600213,172.11931232600213
1778551268.0920534,0.12763485312461853,2.9973011016845703,2.9973011016845703,-0.6891587376594543,-0.6891587376594543,171.7327644618988,171.7327644618988
1778551268.1378415,0.12879842519760132,2.9536373615264893,2.9536373615264893,-0.31682682037353516,-0.31682682037353516,169.23101553854943,169.23101553854943
1778551268.1407154,0.12975437939167023,2.9511606693267822,2.9511606693267822,-0.2526112496852875,-0.2526112496852875,169.08911147761344,169.08911147761344
1778551268.1415448,0.13040992617607117,2.949411153793335,2.949411153793335,-0.17555537819862366,-0.17555537819862366,168.98887158551216,168.98887158551216
1778551268.141876,0.13111114501953125,2.950425624847412,2.950425624847412,0.1303282529115677,0.1303282529115677,169.04699651613237,169.04699651613237
1778551268.222858,0.13248425722122192,2.953563690185547,2.953563690185547,0.2276287078857422,0.2276287078857422,169.22679448013307,169.22679448013307
1778551268.2230525,0.1333669275045395,2.957521915435791,2.957521915435791,0.3273201584815979,0.3273201584815979,169.45358416242598,169.45358416242598
1778551268.2243397,0.133408322930336,2.961512327194214,2.961512327194214,0.4117177128791809,0.4117177128791809,169.68221799645423,169.68221799645423
1778551268.2245317,0.133005291223526,2.9712884426116943,2.9712884426116943,0.5307363867759705,0.5307363867759705,170.24234835019112,170.24234835019112
1778551268.2246733,0.13263514637947083,2.97689151763916,2.97689151763916,0.5808312296867371,0.5808312296867371,170.56338101634978,170.56338101634978
1778551268.2881777,0.13183024525642395,2.9830315113067627,2.9830315113067627,0.6223517656326294,0.6223517656326294,170.91517686553001,170.91517686553001
1778551268.2883759,0.1308615356683731,2.9896295070648193,2.9896295070648193,0.6697925329208374,0.6697925329208374,171.29321431088448,171.29321431088448
1778551268.2895625,0.12971964478492737,2.996417760848999,2.996417760848999,0.7057498693466187,0.7057498693466187,171.68215274205207,171.68215274205207
1778551268.2897658,0.12775862216949463,3.0109126567840576,3.0109126567840576,0.7630926370620728,0.7630926370620728,172.512649400568,172.512649400568
1778551268.2899077,0.12691053748130798,3.0186901092529297,3.0186901092529297,0.8008590340614319,0.8008590340614319,172.958264761734,172.958264761734
1778551268.355681,0.12553314864635468,3.0266599655151367,3.0266599655151367,0.8329194784164429,0.8329194784164429,173.41490405216217,173.41490405216217
1778551268.3559191,0.12369401007890701,3.0348942279815674,3.0348942279815674,0.8513028621673584,0.8513028621673584,173.8866927075863,173.8866927075863
1778551268.3577838,0.12155062705278397,3.0433807373046875,3.0433807373046875,0.8775139451026917,0.8775139451026917,174.3729340484619,174.3729340484619
1778551268.3582911,0.1193728968501091,3.060835361480713,3.060835361480713,0.9036136865615845,0.9036136865615845,175.37301070432662,175.37301070432662
1778551268.3584864,0.11967101693153381,3.069636344909668,3.069636344909668,0.9231399297714233,0.9231399297714233,175.87727009067535,175.87727009067535
1778551268.424753,0.12007299810647964,3.078705072402954,3.078705072402954,0.9313874840736389,0.9313874840736389,176.39687008738517,176.39687008738517
1778551268.424938,0.11981549113988876,3.0876684188842773,3.0876684188842773,0.9219105243682861,0.9219105243682861,176.91043219470978,176.91043219470978
1778551268.487042,0.11909258365631104,3.0964603424072266,3.0964603424072266,0.9061466455459595,0.9061466455459595,177.41417248649597,177.41417248649597
1778551268.4872375,0.12004103511571884,3.1129682064056396,3.1129682064056396,0.8627116680145264,0.8627116680145264,178.36000376057623,178.36000376057623
1778551268.5135257,0.1216820701956749,3.1213181018829346,3.1213181018829346,0.8621171116828918,0.8621171116828918,178.83841770186424,178.83841770186424
1778551268.5145712,0.12815484404563904,3.167496681213379,3.167496681213379,0.9978237748146057,0.9978237748146057,181.4842563474655,181.4842563474655
1778551268.5149188,0.1289057582616806,3.177112340927124,3.177112340927124,0.9913747310638428,0.9913747310638428,182.0351932632923,182.0351932632923
1778551268.5182233,0.1325889527797699,3.219919443130493,3.219919443130493,0.8282321095466614,0.8282321095466614,184.4878604297161,184.4878604297161
1778551268.5968666,0.13304077088832855,3.2277603149414062,3.2277603149414062,0.8002347350120544,0.8002347350120544,184.9371094528198,184.9371094528198
1778551268.597333,0.133250430226326,3.235275983810425,3.235275983810425,0.7785420417785645,0.7785420417785645,185.36772571320535,185.36772571320535
1778551268.5975158,0.13336211442947388,3.242675542831421,3.242675542831421,0.7643958926200867,0.7643958926200867,185.79168936696053,185.79168936696053
1778551268.597682,0.13312284648418427,3.264181137084961,3.264181137084961,0.7194119095802307,0.7194119095802307,187.0238695941925,187.0238695941925
1778551268.6689732,0.13267505168914795,3.2691447734832764,3.2691447734832764,0.690944492816925,0.690944492816925,187.3082651125431,187.3082651125431
1778551268.669171,0.1331581175327301,3.2754015922546387,3.2754015922546387,0.6489294767379761,0.6489294767379761,187.66675454950334,187.66675454950334
1778551268.6693156,0.13311098515987396,3.2811272144317627,3.2811272144317627,0.5935120582580566,0.5935120582580566,187.9948086526394,187.9948086526394
1778551268.6694572,0.13200564682483673,3.295189142227173,3.295189142227173,0.43655264377593994,0.43655264377593994,188.80049805521966,188.80049805521966
1778551268.6699164,0.130327969789505,3.298893928527832,3.298893928527832,0.380703330039978,0.380703330039978,189.01276675014495,189.01276675014495
1778551268.6714659,0.12892238795757294,3.3019111156463623,3.3019111156463623,0.31234970688819885,0.31234970688819885,189.18563889985086,189.18563889985086
1778551268.6716678,0.12787948548793793,3.3043251037597656,3.3043251037597656,0.2551165819168091,0.2551165819168091,189.32395027999877,189.32395027999877
1778551268.7366593,0.12648601830005646,3.308145523071289,3.308145523071289,0.06801153719425201,0.06801153719425201,189.54284426078797,189.54284426078797
1778551268.7368581,0.12562769651412964,3.3082125186920166,3.3082125186920166,0.0025082621723413467,0.0025082621723413467,189.54668282847405,189.54668282847405
1778551268.7370043,0.1247745230793953,3.3074917793273926,3.3074917793273926,-0.06684274971485138,-0.06684274971485138,189.50538748998642,189.50538748998642
1778551268.810872,0.12399618327617645,3.305518627166748,3.305518627166748,-0.14592289924621582,-0.14592289924621582,189.39233415842057,189.39233415842057
1778551268.811077,0.11798752099275589,3.2905120849609375,3.2905120849609375,-0.377151221036911,-0.377151221036911,188.53252231750488,188.53252231750488
1778551268.8112216,0.11629869788885117,3.285285711288452,3.285285711288452,-0.44637444615364075,-0.44637444615364075,188.2330730568409,188.2330730568409
1778551268.8113585,0.11506111174821854,3.2797539234161377,3.2797539234161377,-0.4994211196899414,-0.4994211196899414,187.91612484526635,187.91612484526635
1778551268.811495,0.11146271228790283,3.2554965019226074,3.2554965019226074,-0.602169930934906,-0.602169930934906,186.52627647485733,186.52627647485733
1778551268.8815107,0.10981587320566177,3.248767137527466,3.248767137527466,-0.634488046169281,-0.634488046169281,186.14071215834616,186.14071215834616
1778551268.8816955,0.10797452181577682,3.2417819499969482,3.2417819499969482,-0.6789664030075073,-0.6789664030075073,185.74049025063513,185.74049025063513
1778551268.8818455,0.10568258911371231,3.234438180923462,3.234438180923462,-0.7190900444984436,-0.7190900444984436,185.3197231265545,185.3197231265545
1778551268.8819845,0.09714426100254059,3.2116024494171143,3.2116024494171143,-0.7951563000679016,-0.7951563000679016,184.0113316213131,184.0113316213131
1778551268.9069054,0.09318865090608597,3.2039995193481445,3.2039995193481445,-0.7802234888076782,-0.7802234888076782,183.5757156606674,183.5757156606674
1778551268.908294,0.08858424425125122,3.196470022201538,3.196470022201538,-0.7770143747329712,-0.7770143747329712,183.1443070980549,183.1443070980549
1778551268.9695845,0.08358662575483322,3.1887881755828857,3.1887881755828857,-0.7795169949531555,-0.7795169949531555,182.70416955056191,182.70416955056191
1778551268.9699259,0.06852751225233078,3.163268804550171,3.163268804550171,-0.8766202926635742,-0.8766202926635742,181.24201677174568,181.24201677174568
1778551268.9701884,0.06473837792873383,3.1538443565368652,3.1538443565368652,-0.9287065863609314,-0.9287065863609314,180.70203548326492,180.70203548326492
1778551268.9703693,0.06159736588597298,3.1439645290374756,3.1439645290374756,-0.9702005982398987,-0.9702005982398987,180.13596286282538,180.13596286282538
1778551268.9717016,0.058587446808815,3.1334292888641357,3.1334292888641357,-1.0272287130355835,-1.0272287130355835,179.53233784890176,179.53233784890176
1778551268.9720366,0.052516840398311615,3.099829912185669,3.099829912185669,-1.15555739402771,-1.15555739402771,177.60723468260764,177.60723468260764
1778551269.0476274,0.05092823505401611,3.087968349456787,3.087968349456787,-1.1900724172592163,-1.1900724172592163,176.9276169568062,176.9276169568062
1778551269.0478103,0.05070941150188446,3.075800895690918,3.075800895690918,-1.2214634418487549,-1.2214634418487549,176.2304729593277,176.2304729593277
1778551269.0479488,0.052203625440597534,3.0637552738189697,3.0637552738189697,-1.2570955753326416,-1.2570955753326416,175.54030941767692,175.54030941767692
1778551269.0494363,0.05954272672533989,3.031029462814331,3.031029462814331,-1.1339644193649292,-1.1339644193649292,173.66525789551736,173.66525789551736
1778551269.1211782,0.06230070814490318,3.022210121154785,3.022210121154785,-1.0340461730957031,-1.0340461730957031,173.15994665966033,173.15994665966033
1778551269.1213875,0.06506457924842834,3.014695644378662,3.014695644378662,-0.9170387983322144,-0.9170387983322144,172.72939870119095,172.72939870119095
1778551269.1215324,0.06810077279806137,3.008495807647705,3.008495807647705,-0.7797319889068604,-0.7797319889068604,172.3741740958214,172.3741740958214
1778551269.167581,0.07912467420101166,3.0001678466796875,3.0001678466796875,-0.29518094658851624,-0.29518094658851624,171.89701690979004,171.89701690979004
1778551269.1714954,0.08244140446186066,3.0014913082122803,3.0014913082122803,-0.09540344774723053,-0.09540344774723053,171.97284569706918,171.97284569706918
1778551269.171903,0.08538131415843964,3.0051639080047607,3.0051639080047607,0.13402362167835236,0.13402362167835236,172.18327024025916,172.18327024025916
1778551269.1722257,0.09177771210670471,3.0453999042510986,3.0453999042510986,1.4178630113601685,1.4178630113601685,174.4886238339901,174.4886238339901
1778551269.2418725,0.09170838445425034,3.0609097480773926,3.0609097480773926,1.5967656373977661,1.5967656373977661,175.37727274389266,175.37727274389266
1778551269.2420666,0.09149215370416641,3.077533721923828,3.077533721923828,1.7112956047058105,1.7112956047058105,176.32975662460328,176.32975662460328
1778551269.2432988,0.09131498634815216,3.0944974422454834,3.0944974422454834,1.7516505718231201,1.7516505718231201,177.30170655140876,177.30170655140876
1778551269.243504,0.0869690552353859,3.1387407779693604,3.1387407779693604,1.3149665594100952,1.3149665594100952,179.83666386637688,179.83666386637688
1778551269.3052666,0.08256511390209198,3.148195505142212,3.148195505142212,0.9735075831413269,0.9735075831413269,180.37838002352714,180.37838002352714
1778551269.3328302,0.07705646753311157,3.153454065322876,3.153454065322876,0.545576274394989,0.545576274394989,180.67967343592645,180.67967343592645
1778551269.3359349,0.07271496951580048,3.1540586948394775,3.1540586948394775,0.060374923050403595,0.060374923050403595,180.71431616778375,180.71431616778375
1778551269.3391275,0.0690990462899208,3.1299991607666016,3.1299991607666016,-1.2142282724380493,-1.2142282724380493,179.33580591545106,179.33580591545106
1778551269.339804,0.06901615858078003,3.115384817123413,3.115384817123413,-1.503344178199768,-1.503344178199768,178.49846540493965,178.49846540493965
1778551269.3401449,0.07383617758750916,3.03279447555542,3.03279447555542,-1.5127390623092651,-1.5127390623092651,173.76638571252823,173.76638571252823
1778551269.4354477,0.07682787626981735,3.0209875106811523,3.0209875106811523,-1.2110284566879272,-1.2110284566879272,173.08989621448518,173.08989621448518
1778551269.435658,0.08031590282917023,3.0130841732025146,3.0130841732025146,-0.8233785033226013,-0.8233785033226013,172.63706817097665,172.63706817097665
1778551269.509635,0.0838087797164917,3.0092718601226807,3.0092718601226807,-0.3933234214782715,-0.3933234214782715,172.4186386432171,172.4186386432171
1778551269.5098398,0.08971137553453445,3.0148472785949707,3.0148472785949707,0.5173824429512024,0.5173824429512024,172.73808670492173,172.73808670492173
1778551269.5100293,0.09237480908632278,3.02380633354187,3.02380633354187,0.9199582934379578,0.9199582934379578,173.2514029253483,173.2514029253483
1778551269.510274,0.09483958780765533,3.03623104095459,3.03623104095459,1.2795284986495972,1.2795284986495972,173.96328647632598,173.96328647632598
1778551269.5104246,0.10537837445735931,3.119917631149292,3.119917631149292,1.5828776359558105,1.5828776359558105,178.75817661080362,178.75817661080362
1778551269.5118403,0.105984628200531,3.130291223526001,3.130291223526001,1.0756043195724487,1.0756043195724487,179.35253988490103,179.35253988490103
1778551269.5120451,0.10550224781036377,3.134291648864746,3.134291648864746,0.40735360980033875,0.40735360980033875,179.58174745502473,179.58174745502473
1778551269.5122106,0.10466326028108597,3.1311404705047607,3.1311404705047607,-0.3273649215698242,-0.3273649215698242,179.40119816994667,179.40119816994667
1778551269.512351,0.10421590507030487,3.105839252471924,3.105839252471924,-1.5781668424606323,-1.5781668424606323,177.95154464178086,177.95154464178086
1778551269.5725694,0.10351280868053436,3.086845636367798,3.086845636367798,-1.968313217163086,-1.968313217163086,176.86329021220206,176.86329021220206
1778551269.57403,0.10127837210893631,3.065704822540283,3.065704822540283,-2.1864635944366455,-2.1864635944366455,175.65201037130356,175.65201037130356
1778551269.5742545,0.09847238659858704,3.0444579124450684,3.0444579124450684,-2.190730571746826,-2.190730571746826,174.43465165987016,174.43465165987016
1778551269.574397,0.09315472096204758,3.0022764205932617,3.0022764205932617,-0.8932791352272034,-0.8932791352272034,172.0178293390274,172.0178293390274
1778551269.638548,0.09304158389568329,3.000491142272949,3.000491142272949,-0.18857261538505554,-0.18857261538505554,171.91554038944244,171.91554038944244
1778551269.63874,0.09457256644964218,3.0056939125061035,3.0056939125061035,0.5440431833267212,0.5440431833267212,172.2136372721672,172.2136372721672
1778551269.6399932,0.09663837403059006,3.017773389816284,3.017773389816284,1.2437784671783447,1.2437784671783447,172.90574058823586,172.90574058823586
1778551269.6402316,0.10631021857261658,3.0836715698242188,3.0836715698242188,2.615936756134033,2.615936756134033,176.68142953033447,176.68142953033447
1778551269.7041326,0.11002893000841141,3.1096653938293457,3.1096653938293457,2.6839208602905273,2.6839208602905273,178.17076647176742,178.17076647176742
1778551269.7525601,0.11168020963668823,3.1339974403381348,3.1339974403381348,2.5106797218322754,2.5106797218322754,179.5648905421257,179.5648905421257
1778551269.7534235,0.11168418079614639,3.153958797454834,3.153958797454834,2.0603811740875244,2.0603811740875244,180.70859246721267,180.70859246721267
1778551269.7570496,0.11521342396736145,3.1724190711975098,3.1724190711975098,-0.12717033922672272,-0.12717033922672272,181.7662886195183,181.7662886195183
1778551269.7578342,0.11779116094112396,3.164900541305542,3.164900541305542,-0.7806676626205444,-0.7806676626205444,181.33550843453406,181.33550843453406
1778551269.758305,0.12633059918880463,3.0839099884033203,3.0839099884033203,-1.7675106525421143,-1.7675106525421143,176.69508991355897,176.69508991355897
1778551269.828832,0.12369345873594284,3.068915843963623,3.068915843963623,-1.554600715637207,-1.554600715637207,175.83598841257094,175.83598841257094
1778551269.829019,0.12190336734056473,3.060845375061035,3.060845375061035,-0.830748975276947,-0.830748975276947,175.37358444042206,175.37358444042206
1778551269.8302667,0.1204356774687767,3.0575931072235107,3.0575931072235107,-0.3304058909416199,-0.3304058909416199,175.18724315285684,175.18724315285684
1778551269.8910584,0.11793707311153412,3.080085515975952,3.080085515975952,1.3095479011535645,1.3095479011535645,176.47596370625496,176.47596370625496
1778551269.891273,0.11831149458885193,3.097290515899658,3.097290515899658,1.78334641456604,1.78334641456604,177.46173794088364,177.46173794088364
1778551269.8914149,0.11882411688566208,3.1180593967437744,3.1180593967437744,2.1530494689941406,2.1530494689941406,178.65170758395195,178.65170758395195
1778551269.8915524,0.12112641334533691,3.196382999420166,3.196382999420166,1.360530138015747,1.360530138015747,183.13932105817796,183.13932105817796
1778551269.9572299,0.12300048768520355,3.2013957500457764,3.2013957500457764,0.5099174976348877,0.5099174976348877,183.42653061547279,183.42653061547279
1778551269.9574273,0.12577582895755768,3.1975088119506836,3.1975088119506836,-0.3955415189266205,-0.3955415189266205,183.20382538776397,183.20382538776397
1778551269.9575744,0.13029512763023376,3.1859583854675293,3.1859583854675293,-1.1926844120025635,-1.1926844120025635,182.54203446207046,182.54203446207046
1778551269.9577162,0.14217738807201385,3.147240400314331,3.147240400314331,-2.204592227935791,-2.204592227935791,180.32365652832985,180.32365652832985
1778551269.9578562,0.1447683870792389,3.123845338821411,3.123845338821411,-2.410287857055664,-2.410287857055664,178.98321776404381,178.98321776404381
1778551270.0283864,0.14401280879974365,3.100368022918701,3.100368022918701,-2.4294655323028564,-2.4294655323028564,177.6380661675453,177.6380661675453
1778551270.0286505,0.14160364866256714,3.0785133838653564,3.0785133838653564,-2.252997636795044,-2.252997636795044,176.38588713927268,176.38588713927268
1778551270.028864,0.13911841809749603,3.0605034828186035,3.0605034828186035,-1.8729578256607056,-1.8729578256607056,175.35399545087813,175.35399545087813
1778551270.029063,0.13538621366024017,3.0412023067474365,3.0412023067474365,-0.6655131578445435,-0.6655131578445435,174.24811912693977,174.24811912693977
1778551270.0292618,0.1343661993741989,3.04154109954834,3.04154109954834,0.04175487160682678,0.04175487160682678,174.26753053150176,174.26753053150176
1778551270.1037645,0.13360059261322021,3.0488407611846924,3.0488407611846924,0.7523173689842224,0.7523173689842224,174.6857704846859,174.6857704846859
1778551270.1040165,0.1326732039451599,3.0623838901519775,3.0623838901519775,1.3948156833648682,1.3948156833648682,175.46173489336968,175.46173489336968
1778551270.1042032,0.13161993026733398,3.0814926624298096,3.0814926624298096,1.9737565517425537,1.9737565517425537,176.55658728804588,176.55658728804588
1778551270.1043854,0.12954722344875336,3.131080389022827,3.131080389022827,2.686551332473755,2.686551332473755,179.3977557533741,179.3977557533741
1778551270.1045666,0.12893828749656677,3.156829595565796,3.156829595565796,2.6556479930877686,2.6556479930877686,180.87307714161872,180.87307714161872
1778551270.106266,0.12855827808380127,3.179072856903076,3.179072856903076,2.3076119422912598,2.3076119422912598,182.14752259454727,182.14752259454727
1778551270.1706564,0.12907974421977997,3.1950364112854004,3.1950364112854004,1.6395989656448364,1.6395989656448364,183.06216721372604,183.06216721372604
1778551270.1710935,0.13087119162082672,3.2025394439697266,3.2025394439697266,0.7840340733528137,0.7840340733528137,183.49205947380065,183.49205947380065
1778551270.1713119,0.13692821562290192,3.1920838356018066,3.1920838356018066,-0.9631246328353882,-0.9631246328353882,182.892997027874,182.892997027874
1778551270.1956577,0.1415977030992508,3.1762399673461914,3.1762399673461914,-1.6413575410842896,-1.6413575410842896,181.9852099210739,181.9852099210739
1778551270.2057326,0.13510771095752716,3.072660207748413,3.072660207748413,-1.6784765720367432,-1.6784765720367432,176.05052473111152,176.05052473111152
1778551270.2062006,0.13187389075756073,3.0623786449432373,3.0623786449432373,-1.05562162399292,-1.05562162399292,175.46143436493873,175.46143436493873
1778551270.2863567,0.13092082738876343,3.059058427810669,3.059058427810669,-0.34835633635520935,-0.34835633635520935,175.27119986815453,175.27119986815453
1778551270.286647,0.13179057836532593,3.0627388954162598,3.0627388954162598,0.38399961590766907,0.38399961590766907,175.48207520399095,175.48207520399095
1778551270.2868128,0.13294585049152374,3.0730600357055664,3.0730600357055664,1.061858057975769,1.061858057975769,176.07343319377898,176.07343319377898
1778551270.2880971,0.13432365655899048,3.10878586769104,3.10878586769104,2.0677483081817627,2.0677483081817627,178.1203733180523,178.1203733180523
1778551270.2883198,0.1355275958776474,3.1317269802093506,3.1317269802093506,2.364112615585327,2.364112615585327,179.4348027126789,179.4348027126789
1778551270.2884612,0.13672149181365967,3.1558375358581543,3.1558375358581543,2.490100622177124,2.490100622177124,180.81623628702164,180.81623628702164
1778551270.3538723,0.13735619187355042,3.179058313369751,3.179058313369751,2.3979551792144775,2.3979551792144775,182.14668931117058,182.14668931117058
1778551270.3540657,0.13909289240837097,3.2294585704803467,3.2294585704803467,1.3600695133209229,1.3600695133209229,185.03441236252786,185.03441236252786
1778551270.3554208,0.1387767195701599,3.2390999794006348,3.2390999794006348,0.9978613257408142,0.9978613257408142,185.5868245997429,185.5868245997429
1778551270.3556235,0.138498917222023,3.2457470893859863,3.2457470893859863,0.6897699236869812,0.6897699236869812,185.96767608404159,185.96767608404159
1778551270.3559563,0.13788092136383057,3.250265598297119,3.250265598297119,0.4615683853626251,0.4615683853626251,186.22656766691208,186.22656766691208
1778551270.3561041,0.13345104455947876,3.255039691925049,3.255039691925049,0.05324301868677139,0.05324301868677139,186.5001031805992,186.5001031805992
1778551270.4170017,0.13249832391738892,3.2547507286071777,3.2547507286071777,-0.036592110991477966,-0.036592110991477966,186.48354679613112,186.48354679613112
1778551270.4190106,0.13139964640140533,3.253425121307373,3.253425121307373,-0.13362984359264374,-0.13362984359264374,186.40759506540297,186.40759506540297
1778551270.4192355,0.12989430129528046,3.2511391639709473,3.2511391639709473,-0.23470498621463776,-0.23470498621463776,186.2766193110466,186.2766193110466
1778551270.4193752,0.12372726947069168,3.234379291534424,3.234379291534424,-0.4709812104701996,-0.4709812104701996,185.31634901189804,185.31634901189804
1778551270.4807765,0.1218484565615654,3.228769302368164,3.228769302368164,-0.5296709537506104,-0.5296709537506104,184.99492019462585,184.99492019462585
1778551270.4809742,0.11922506988048553,3.222675085067749,3.222675085067749,-0.5812151432037354,-0.5812151432037354,184.64574713902473,184.64574713902473
1778551270.4823153,0.11601819097995758,3.216031074523926,3.216031074523926,-0.631104588508606,-0.631104588508606,184.26507323970796,184.26507323970796
1778551270.482521,0.10645841062068939,3.193535566329956,3.193535566329956,-0.7721038460731506,-0.7721038460731506,182.9761751013279,182.9761751013279
1778551270.6022549,0.102222740650177,3.184910535812378,3.184910535812378,-0.829623818397522,-0.829623818397522,182.48199707779884,182.48199707779884
1778551270.6032894,0.09757987409830093,3.1756575107574463,3.1756575107574463,-0.8888233304023743,-0.8888233304023743,181.95183760485648,181.95183760485648
1778551270.6344335,0.09268365055322647,3.1659629344940186,3.1659629344940186,-0.9489575624465942,-0.9489575624465942,181.39637910218238,181.39637910218238
1778551270.639527,0.04811032488942146,3.0633182525634766,3.0633182525634766,-1.2827332019805908,-1.2827332019805908,175.51526993522643,175.51526993522643
1778551270.7311258,0.043626461178064346,3.0504350662231445,3.0504350662231445,-1.298966407775879,-1.298966407775879,174.77711746730805,174.77711746730805
1778551270.7313955,0.03979770466685295,3.0374908447265625,3.0374908447265625,-1.3290131092071533,-1.3290131092071533,174.03546794128417,174.03546794128417
1778551270.7315373,0.03611436486244202,3.0245676040649414,3.0245676040649414,-1.3436962366104126,-1.3436962366104126,173.29502052898408,173.29502052898408
1778551270.731681,0.025845801457762718,2.9882800579071045,2.9882800579071045,-1.2550432682037354,-1.2550432682037354,171.21589654183387,171.21589654183387
1778551270.7328215,0.023075046017766,2.977294683456421,2.977294683456421,-1.1951595544815063,-1.1951595544815063,170.5864807243824,170.5864807243824
1778551270.7330115,0.020612046122550964,2.9667646884918213,2.9667646884918213,-1.1366355419158936,-1.1366355419158936,169.9831562388897,169.9831562388897
1778551270.7331514,0.018425729125738144,2.9569151401519775,2.9569151401519775,-1.0830248594284058,-1.0830248594284058,169.41881848711967,169.41881848711967
1778551270.7332885,0.010749662294983864,2.9302403926849365,2.9302403926849365,-0.9199272990226746,-0.9199272990226746,167.8904674911976,167.8904674911976
1778551270.8005435,0.008100020699203014,2.9218742847442627,2.9218742847442627,-0.8788806796073914,-0.8788806796073914,167.41112464385031,167.41112464385031
1778551270.8033535,0.005750445649027824,2.9136886596679688,2.9136886596679688,-0.854216456413269,-0.854216456413269,166.942122706604,166.942122706604
1778551270.8038287,0.003452516393736005,2.905586004257202,2.905586004257202,-0.842718243598938,-0.842718243598938,166.4778745827198,166.4778745827198
1778551270.8040965,-0.001912121893838048,2.8802592754364014,2.8802592754364014,-0.8790593147277832,-0.8790593147277832,165.02675939354896,165.02675939354896
1778551270.876443,-0.002902508247643709,2.871901035308838,2.871901035308838,-0.881924033164978,-0.881924033164978,164.5478673388481,164.5478673388481
1778551270.876632,-0.0037324365694075823,2.8639724254608154,2.8639724254608154,-0.856555700302124,-0.856555700302124,164.09359129471778,164.09359129471778
1778551270.8778841,-0.00405646488070488,2.856837511062622,2.856837511062622,-0.8105147480964661,-0.8105147480964661,163.68479066634177,163.68479066634177
1778551270.8781137,-0.004656897857785225,2.8390488624572754,2.8390488624572754,-0.5440515279769897,-0.5440515279769897,162.66557581357955,162.66557581357955
1778551270.9676237,-0.004803139716386795,2.8343448638916016,2.8343448638916016,-0.4894710183143616,-0.4894710183143616,162.39605645256043,162.39605645256043
1778551271.029579,-0.004788834135979414,2.8299810886383057,2.8299810886383057,-0.44141077995300293,-0.44141077995300293,162.14603045840263,162.14603045840263
1778551271.0304065,-0.005265260115265846,2.826134204864502,2.826134204864502,-0.400057315826416,-0.400057315826416,161.92562017507552,161.92562017507552
1778551271.032678,0.002565457485616207,2.8009819984436035,2.8009819984436035,-0.2328333556652069,-0.2328333556652069,160.48450438642502,160.48450438642502
1778551271.0330625,0.008042213506996632,2.7866251468658447,2.7866251468658447,-0.27347081899642944,-0.27347081899642944,159.66191708979608,159.66191708979608
1778551271.1186335,0.007260606158524752,2.7838804721832275,2.7838804721832275,-0.27984359860420227,-0.27984359860420227,159.50465875811577,159.50465875811577
1778551271.1192758,0.005819860380142927,2.781015396118164,2.781015396118164,-0.2854955792427063,-0.2854955792427063,159.3405019329071,159.3405019329071
1778551271.1196363,0.004556969739496708,2.7782328128814697,2.7782328128814697,-0.28810423612594604,-0.28810423612594604,159.1810716002941,159.1810716002941
1778551271.1209764,0.006496564485132694,2.7725820541381836,2.7725820541381836,-0.2858166992664337,-0.2858166992664337,158.85730685749053,158.85730685749053
1778551271.1211987,0.008234091103076935,2.7700579166412354,2.7700579166412354,-0.27113935351371765,-0.27113935351371765,158.7126843802929,158.7126843802929
1778551271.182604,0.009106340818107128,2.7675065994262695,2.7675065994262695,-0.2604832947254181,-0.2604832947254181,158.56650461940765,158.56650461940765
1778551271.1828177,0.00915453303605318,2.7653558254241943,2.7653558254241943,-0.240442156791687,-0.240442156791687,158.44327430233955,158.44327430233955
1778551271.218472,0.008266364224255085,2.7633450031280518,2.7633450031280518,-0.20386342704296112,-0.20386342704296112,158.32806263022422,158.32806263022422
1778551271.2230196,0.008901862427592278,2.760599136352539,2.760599136352539,-0.11606308817863464,-0.11606308817863464,158.1707359966278,158.1707359966278
1778551271.2235305,0.010863029398024082,2.7600202560424805,2.7600202560424805,-0.049414802342653275,-0.049414802342653275,158.13756858615875,158.13756858615875
1778551271.2238793,0.01354613620787859,2.760282516479492,2.760282516479492,0.02202848717570305,0.02202848717570305,158.15259500770568,158.15259500770568
1778551271.2242656,0.029088906943798065,2.77260422706604,2.77260422706604,0.4318999648094177,0.4318999648094177,158.8585772731304,158.8585772731304
1778551271.2245815,0.03394268825650215,2.778456687927246,2.778456687927246,0.5385037064552307,0.5385037064552307,159.19389870014192,159.19389870014192
1778551271.2915022,0.03951321542263031,2.7851924896240234,2.7851924896240234,0.6345438957214355,0.6345438957214355,159.57983184700012,159.57983184700012
1778551271.2917807,0.04494784027338028,2.7922170162200928,2.7922170162200928,0.7175887227058411,0.7175887227058411,159.9823077179432,159.9823077179432
1778551271.2919903,0.05069746449589729,2.799922466278076,2.799922466278076,0.7986012101173401,0.7986012101173401,160.4237976433754,160.4237976433754
1778551271.292196,0.061732497066259384,2.8179469108581543,2.8179469108581543,0.9714131951332092,0.9714131951332092,161.45652261514664,161.45652261514664
1778551271.3144126,0.06725651025772095,2.828131914138794,2.828131914138794,1.0556018352508545,1.0556018352508545,162.0400805261135,162.0400805261135
1778551271.3177996,0.07288393378257751,2.8391361236572266,2.8391361236572266,1.1284091472625732,1.1284091472625732,162.6705755138397,162.6705755138397
1778551271.3196733,0.07889202982187271,2.8504395484924316,2.8504395484924316,1.1736993789672852,1.1736993789672852,163.31821428251266,163.31821428251266
1778551271.3199883,0.09609145671129227,2.8840103149414062,2.8840103149414062,1.1147295236587524,1.1147295236587524,165.24167820281983,165.24167820281983
1778551271.4032059,0.1015370562672615,2.894548177719116,2.894548177719116,1.0856150388717651,1.0856150388717651,165.84545348095895,165.84545348095895
1778551271.4034605,0.1074017733335495,2.9049434661865234,2.9049434661865234,1.077033519744873,1.077033519744873,166.44105984992981,166.44105984992981
1778551271.4051032,0.11376643925905228,2.915684223175049,2.915684223175049,1.0998519659042358,1.0998519659042358,167.05646011419296,167.05646011419296
1778551271.4053104,0.12968112528324127,2.951326847076416,2.951326847076416,1.2966623306274414,1.2966623306274414,169.09863276472092,169.09863276472092
1778551271.461877,0.1337256282567978,2.9644510746002197,2.9644510746002197,1.35773766040802,1.35773766040802,169.85059588007928,169.85059588007928
1778551271.4620597,0.13717424869537354,2.9780499935150146,2.9780499935150146,1.4099451303482056,1.4099451303482056,170.62975681843758,170.62975681843758
1778551271.4621992,0.13976651430130005,2.992121934890747,2.992121934890747,1.4495913982391357,1.4495913982391357,171.43601995711327,171.43601995711327
1778551271.4633498,0.1445762813091278,3.0358147621154785,3.0358147621154785,1.5245261192321777,1.5245261192321777,173.93943544721603,173.93943544721603
1778551271.521364,0.14546963572502136,3.050657033920288,3.050657033920288,1.5392029285430908,1.5392029285430908,174.78983528409003,174.78983528409003
1778551271.521605,0.14648652076721191,3.0656650066375732,3.0656650066375732,1.5457494258880615,1.5457494258880615,175.64972908730508,175.64972908730508
1778551271.521752,0.14764778316020966,3.080582857131958,3.080582857131958,1.5466221570968628,1.5466221570968628,176.50445926566124,176.50445926566124
1778551271.547733,0.14774152636528015,3.1260013580322266,3.1260013580322266,1.5577642917633057,1.5577642917633057,179.10674860954285,179.10674860954285
1778551271.5513303,0.14577414095401764,3.141058921813965,3.141058921813965,1.5503709316253662,1.5503709316253662,179.96948377246858,179.96948377246858
1778551271.5528274,0.1432911604642868,3.1558895111083984,3.1558895111083984,1.5381189584732056,1.5381189584732056,180.81921425056458,180.81921425056458
1778551271.625665,0.1329447329044342,3.213404893875122,3.213404893875122,1.3564645051956177,1.3564645051956177,184.1146041184902,184.1146041184902
1778551271.6258507,0.13096141815185547,3.22408127784729,3.22408127784729,1.1025874614715576,1.1025874614715576,184.72631607928275,184.72631607928275
1778551271.6259897,0.1291956603527069,3.2312562465667725,3.2312562465667725,0.7359740734100342,0.7359740734100342,185.13741165204047,185.13741165204047
1778551271.6273277,0.12748020887374878,3.233942747116089,3.233942747116089,0.2804769277572632,0.2804769277572632,185.291336850214,185.291336850214
1778551271.6839733,0.12497878074645996,3.2130019664764404,3.2130019664764404,-1.1917009353637695,-1.1917009353637695,184.09151807084083,184.09151807084083
1778551271.6841657,0.12566573917865753,3.1977603435516357,3.1977603435516357,-1.5786031484603882,-1.5786031484603882,183.2182370920658,183.2182370920658
1778551271.735779,0.1269696056842804,3.179549217224121,3.179549217224121,-1.8796720504760742,-1.8796720504760742,182.17481604022979,182.17481604022979
1778551271.7368321,0.12926068902015686,3.0980331897735596,3.0980331897735596,-2.0150299072265625,-2.0150299072265625,177.5042900346279,177.5042900346279
1778551271.741002,0.13095439970493317,3.0809669494628906,3.0809669494628906,-1.770730972290039,-1.770730972290039,176.5264661430359,176.5264661430359
1778551271.8075063,0.1555492877960205,3.060291290283203,3.060291290283203,0.7233021855354309,0.7233021855354309,175.34183770980835,175.34183770980835
1778551271.8077123,0.15978960692882538,3.0731863975524902,3.0731863975524902,1.3274139165878296,1.3274139165878296,176.08067319688797,176.08067319688797
1778551271.8078592,0.16315525770187378,3.091188907623291,3.091188907623291,1.8539159297943115,1.8539159297943115,177.11214141340255,177.11214141340255
1778551271.8080013,0.17133209109306335,3.1903584003448486,3.1903584003448486,2.6565518379211426,2.6565518379211426,182.79413683447837,182.79413683447837
1778551271.8682785,0.17059706151485443,3.213078498840332,3.213078498840332,2.345067262649536,2.345067262649536,184.0959030538559,184.0959030538559
1778551271.9192257,0.1682143211364746,3.2304463386535645,3.2304463386535645,1.788588285446167,1.788588285446167,185.0910073302269,185.0910073302269
1778551271.920558,0.16598989069461823,3.2406275272369385,3.2406275272369385,1.052180528640747,1.052180528640747,185.67434667506217,185.67434667506217
1778551271.9215298,0.1638132482767105,3.23699951171875,3.23699951171875,-0.5962547659873962,-0.5962547659873962,185.46647662353516,185.46647662353516
1778551271.9220047,0.1632886677980423,3.224287509918213,3.224287509918213,-1.310823917388916,-1.310823917388916,184.73813231077193,184.73813231077193
1778551271.9252264,0.15197686851024628,3.103634834289551,3.103634834289551,-2.7812111377716064,-2.7812111377716064,177.82524073848725,177.82524073848725
1778551271.925641,0.149099200963974,3.0783843994140625,3.0783843994140625,-2.6112828254699707,-2.6112828254699707,176.37849687194824,176.37849687194824
1778551271.9973214,0.14793989062309265,3.0562126636505127,3.0562126636505127,-2.289585590362549,-2.289585590362549,175.10814953398705,175.10814953398705
1778551271.997583,0.14763760566711426,3.0385982990264893,3.0385982990264893,-1.8231052160263062,-1.8231052160263062,174.09892042136192,174.09892042136192
1778551271.9977806,0.14833401143550873,3.0265095233917236,3.0265095233917236,-1.245432734489441,-1.245432734489441,173.4062843503475,173.4062843503475
1778551271.9993968,0.15233241021633148,3.0207996368408203,3.0207996368408203,0.02324715629220009,0.02324715629220009,173.07913183250426,173.07913183250426
1778551272.0655267,0.1542898416519165,3.0269618034362793,3.0269618034362793,0.6301998496055603,0.6301998496055603,173.43219809732437,173.43219809732437
1778551272.0657666,0.15602485835552216,3.038450002670288,3.038450002670288,1.1901001930236816,1.1901001930236816,174.0904236629963,174.0904236629963
1778551272.0660512,0.15718711912631989,3.0551493167877197,3.0551493167877197,1.7198741436004639,1.7198741436004639,175.04722422480583,175.04722422480583
1778551272.0662296,0.16888955235481262,3.126840353012085,3.126840353012085,2.726073980331421,2.726073980331421,179.15481949810982,179.15481949810982
1778551272.1269383,0.17791561782360077,3.1808836460113525,3.1808836460113525,2.81330943107605,2.81330943107605,182.25127320513724,182.25127320513724
1778551272.1271346,0.17902185022830963,3.2053380012512207,3.2053380012512207,2.764880418777466,2.764880418777466,183.65240505208968,183.65240505208968
1778551272.1530085,0.177609384059906,3.225632667541504,3.225632667541504,2.530133008956909,2.530133008956909,184.8152041929245,184.8152041929245
1778551272.1541696,0.17496439814567566,3.251213312149048,3.251213312149048,0.8871089220046997,0.8871089220046997,186.28086769022943,186.28086769022943
1778551272.1550725,0.17455913126468658,3.2477455139160156,3.2477455139160156,0.2523418068885803,0.2523418068885803,186.08217741622926,186.08217741622926
1778551272.1582155,0.17471788823604584,3.23901104927063,3.23901104927063,-0.36013346910476685,-0.36013346910476685,185.58172927680016,185.58172927680016
1778551272.2552133,0.17502407729625702,3.1686315536499023,3.1686315536499023,-1.9968510866165161,-1.9968510866165161,181.54927977161407,181.54927977161407
1778551272.255452,0.17362867295742035,3.1473138332366943,3.1473138332366943,-2.1569790840148926,-2.1569790840148926,180.327863926363,180.327863926363
1778551272.255651,0.17256653308868408,3.126376152038574,3.126376152038574,-2.210076093673706,-2.210076093673706,179.12822273197173,179.12822273197173
1778551272.2558217,0.1705271452665329,3.058410406112671,3.058410406112671,-1.6665138006210327,-1.6665138006210327,175.23407094655036,175.23407094655036
1778551272.257281,0.17020893096923828,3.0478262901306152,3.0478262901306152,-1.3976672887802124,-1.3976672887802124,174.6276455540657,174.6276455540657
1778551272.321391,0.17032505571842194,3.0404322147369385,3.0404322147369385,-1.0969244241714478,-1.0969244241714478,174.20399608912467,174.20399608912467
1778551272.321644,0.17085987329483032,3.0362982749938965,3.0362982749938965,-0.7674984335899353,-0.7674984335899353,173.9671387043953,173.9671387043953
1778551272.3218238,0.17163731157779694,3.035856008529663,3.035856008529663,-0.41473186016082764,-0.41473186016082764,173.94179869351387,173.94179869351387
1778551272.321993,0.17415185272693634,3.044684410095215,3.044684410095215,0.29773685336112976,0.29773685336112976,174.44762902393342,174.44762902393342
1778551272.3812492,0.17591552436351776,3.053088665008545,3.053088665008545,0.6132374405860901,0.6132374405860901,174.92915753259658,174.92915753259658
1778551272.381504,0.17805524170398712,3.063187837600708,3.063187837600708,0.8667323589324951,0.8667323589324951,175.50779770560266,175.50779770560266
1778551272.3816543,0.18014299869537354,3.074516773223877,3.074516773223877,1.0414142608642578,1.0414142608642578,176.1568981352806,176.1568981352806
1778551272.3817918,0.1861511617898941,3.110366106033325,3.110366106033325,1.2573603391647339,1.2573603391647339,178.21091433806419,178.21091433806419
1778551272.4039905,0.18724453449249268,3.1208407878875732,3.1208407878875732,1.2121127843856812,1.2121127843856812,178.81106961464883,178.81106961464883
1778551272.4064775,0.18796159327030182,3.129408121109009,3.129408121109009,1.0917580127716064,1.0917580127716064,179.30194182543755,179.30194182543755
1778551272.4067602,0.18835388123989105,3.135064125061035,3.135064125061035,0.879623532295227,0.879623532295227,179.62600709667205,179.62600709667205
1778551272.4069607,0.18714278936386108,3.1326346397399902,3.1326346397399902,-0.09011470526456833,-0.09011470526456833,179.48680779161452,179.48680779161452
1778551272.4692314,0.18624244630336761,3.1257247924804688,3.1257247924804688,-0.41755908727645874,-0.41755908727645874,179.09090256500244,179.09090256500244
1778551272.4705076,0.18500986695289612,3.1163172721862793,3.1163172721862793,-0.7174971103668213,-0.7174971103668213,178.55189116373063,178.55189116373063
1778551272.4729955,0.18366047739982605,3.104851722717285,3.104851722717285,-0.9725742936134338,-0.9725742936134338,177.89496333446502,177.89496333446502
1778551272.4733224,0.17360292375087738,3.065075397491455,3.065075397491455,-1.3787556886672974,-1.3787556886672974,175.6159469595909,175.6159469595909
1778551272.544747,0.1693853884935379,3.0517139434814453,3.0517139434814453,-1.3955644369125366,-1.3955644369125366,174.8503917629242,174.8503917629242
1778551272.5449533,0.16527561843395233,3.0390419960021973,3.0390419960021973,-1.3190618753433228,-1.3190618753433228,174.12434239454268,174.12434239454268
1778551272.5451074,0.16007399559020996,3.0271594524383545,3.0271594524383545,-1.2265936136245728,-1.2265936136245728,173.44352255501747,173.44352255501747
1778551272.546411,0.1476515829563141,2.994753360748291,2.994753360748291,-1.0707709789276123,-1.0707709789276123,171.58678960676193,171.58678960676193
1778551272.6088955,0.14428023993968964,2.984433174133301,2.984433174133301,-1.065364122390747,-1.065364122390747,170.9954862585068,170.9954862585068
1778551272.6090884,0.14130815863609314,2.973876714706421,2.973876714706421,-1.0945793390274048,-1.0945793390274048,170.39064547047616,170.39064547047616
1778551272.6092286,0.13826929032802582,2.963047504425049,2.963047504425049,-1.1209596395492554,-1.1209596395492554,169.7701772040367,169.7701772040367
1778551272.609366,0.1336974948644638,2.93161940574646,2.93161940574646,-1.01998770236969,-1.01998770236969,167.96947914776803,167.96947914776803
1778551272.667643,0.13336016237735748,2.9229040145874023,2.9229040145874023,-0.8980140089988708,-0.8980140089988708,167.4701238389969,167.4701238389969
1778551272.6678336,0.13346892595291138,2.915947914123535,2.915947914123535,-0.7177764177322388,-0.7177764177322388,167.07156849803926,167.07156849803926
1778551272.6679733,0.1338537186384201,2.9112911224365234,2.9112911224365234,-0.48724666237831116,-0.48724666237831116,166.80475389289856,166.80475389289856
1778551272.7030563,0.13458342850208282,2.9148476123809814,2.9148476123809814,0.45254039764404297,0.45254039764404297,167.00852582945825,167.00852582945825
1778551272.7057285,0.13399289548397064,2.9223616123199463,2.9223616123199463,0.7689228057861328,0.7689228057861328,167.43904646716118,167.43904646716118
1778551272.7088323,0.13305234909057617,2.9325368404388428,2.9325368404388428,1.053369164466858,1.053369164466858,168.02204430241585,168.02204430241585
1778551272.7093325,0.13559332489967346,2.9927866458892822,2.9927866458892822,1.7779881954193115,1.7779881954193115,171.47410510554315,171.47410510554315
1778551272.7936397,0.13653217256069183,3.010831117630005,3.010831117630005,1.8580520153045654,1.8580520153045654,172.50797754950523,172.50797754950523
1778551272.7938328,0.13710501790046692,3.0289599895477295,3.0289599895477295,1.8822784423828125,1.8822784423828125,173.5466857691288,173.5466857691288
1778551272.7939718,0.13791391253471375,3.0471644401550293,3.0471644401550293,1.871030330657959,1.871030330657959,174.58972433023453,174.58972433023453
1778551272.7952101,0.14172418415546417,3.0816378593444824,3.0816378593444824,1.7449357509613037,1.7449357509613037,176.5649064614296,176.5649064614296
1778551272.7954059,0.14431951940059662,3.097766637802124,3.097766637802124,1.6625518798828125,1.6625518798828125,177.48901772618294,177.48901772618294
1778551272.8617184,0.14718842506408691,3.1127936840057373,3.1127936840057373,1.5520926713943481,1.5520926713943481,178.35000436005592,178.35000436005592
1778551272.8619153,0.1497391015291214,3.1265532970428467,3.1265532970428467,1.4176874160766602,1.4176874160766602,179.13837239670752,179.13837239670752
1778551272.862059,0.1524064987897873,3.1389572620391846,3.1389572620391846,1.2758262157440186,1.2758262157440186,179.84906749434472,179.84906749434472
1778551272.8633738,0.15827657282352448,3.1580874919891357,3.1580874919891357,0.8749521970748901,0.8749521970748901,180.94514932351112,180.94514932351112
1778551272.863723,0.16017799079418182,3.1604888439178467,3.1604888439178467,0.5801210999488831,0.5801210999488831,181.08273670334816,181.08273670334816
1778551272.8639433,0.16329947113990784,3.1622800827026367,3.1622800827026367,0.1870359182357788,0.1870359182357788,181.18536716251373,181.18536716251373
1778551272.9164703,0.16534805297851562,3.159757614135742,3.159757614135742,-0.26185107231140137,-0.26185107231140137,181.04084030799865,181.04084030799865
1778551272.9371483,0.1662646383047104,3.1525585651397705,3.1525585651397705,-0.7369104623794556,-0.7369104623794556,180.62836503653526,180.62836503653526
1778551272.9389608,0.16731798648834229,3.1261990070343018,3.1261990070343018,-1.5489434003829956,-1.5489434003829956,179.11807306723594,179.11807306723594
1778551272.9396799,0.16665944457054138,3.1085236072540283,3.1085236072540283,-1.8278768062591553,-1.8278768062591553,178.10534689650535,178.10534689650535
1778551272.9406693,0.16448907554149628,3.0890815258026123,3.0890815258026123,-2.0160531997680664,-2.0160531997680664,176.9913972860813,176.9913972860813
1778551272.9408257,0.1487552970647812,3.008380174636841,3.008380174636841,-1.967791199684143,-1.967791199684143,172.3675488099575,172.3675488099575
1778551273.001822,0.14526063203811646,2.9911932945251465,2.9911932945251465,-1.7810084819793701,-1.7810084819793701,171.3828127644539,171.3828127644539
1778551273.0036764,0.1412225216627121,2.9761111736297607,2.9761111736297607,-1.5587975978851318,-1.5587975978851318,170.51867058205605,170.51867058205605
1778551273.0039232,0.1366090476512909,2.9634320735931396,2.9634320735931396,-1.3091367483139038,-1.3091367483139038,169.7922114021778,169.7922114021778
1778551273.004083,0.12225130945444107,2.9392788410186768,2.9392788410186768,-0.5951215624809265,-0.5951215624809265,168.4083326192379,168.4083326192379
1778551273.126343,0.1183677390217781,2.9356777667999268,2.9356777667999268,-0.3791585862636566,-0.3791585862636566,168.20200619101524,168.20200619101524
1778551273.1274655,0.11481686681509018,2.9340498447418213,2.9340498447418213,-0.1669127196073532,-0.1669127196073532,168.10873309435846,168.10873309435846
1778551273.130316,0.11130416393280029,2.9345359802246094,2.9345359802246094,0.0490204393863678,0.0490204393863678,168.13658661575317,168.13658661575317
1778551273.130699,0.11596305668354034,3.0159366130828857,3.0159366130828857,1.442307949066162,1.442307949066162,172.80050099587442,172.80050099587442
1778551273.2246652,0.12096342444419861,3.03058123588562,3.03058123588562,1.5139387845993042,1.5139387845993042,173.6395763750553,173.6395763750553
1778551273.2249484,0.12608857452869415,3.045841693878174,3.045841693878174,1.5746192932128906,1.5746192932128906,174.51393652410508,174.51393652410508
1778551273.2251623,0.13055868446826935,3.0613632202148438,3.0613632202148438,1.6023234128952026,1.6023234128952026,175.40325479278565,175.40325479278565
1778551273.226791,0.137950137257576,3.1065497398376465,3.1065497398376465,1.4990441799163818,1.4990441799163818,177.99225258378982,177.99225258378982
1778551273.2272174,0.13909658789634705,3.1200692653656006,3.1200692653656006,1.3940552473068237,1.3940552473068237,178.76686461453437,178.76686461453437
1778551273.2890494,0.14085756242275238,3.13179874420166,3.13179874420166,1.2179360389709473,1.2179360389709473,179.43891448802947,179.43891448802947
1778551273.289256,0.1476910263299942,3.1470162868499756,3.1470162868499756,-0.21570412814617157,-0.21570412814617157,180.31081576809882,180.31081576809882
1778551273.2894053,0.14808706939220428,3.1412558555603027,3.1412558555603027,-0.5991536378860474,-0.5991536378860474,179.980767249012,179.980767249012
1778551273.2907596,0.14901019632816315,3.1321637630462646,3.1321637630462646,-0.9404363036155701,-0.9404363036155701,179.45982853474618,179.45982853474618
1778551273.348404,0.15102869272232056,3.1202571392059326,3.1202571392059326,-1.2234965562820435,-1.2234965562820435,178.77762899651526,178.77762899651526
1778551273.3485913,0.15327374637126923,3.074312210083008,3.074312210083008,-1.701628565788269,-1.701628565788269,176.145177526474,176.145177526474
1778551273.3487303,0.15095685422420502,3.057647705078125,3.057647705078125,-1.7284218072891235,-1.7284218072891235,175.19037138061523,175.19037138061523
1778551273.3707023,0.14902395009994507,3.041364908218384,3.041364908218384,-1.6814122200012207,-1.6814122200012207,174.25743550829887,174.25743550829887
1778551273.441291,0.14422602951526642,2.9900503158569336,2.9900503158569336,-1.035828948020935,-1.035828948020935,171.3173248872757,171.3173248872757
1778551273.4414847,0.14297686517238617,2.9824092388153076,2.9824092388153076,-0.7896984219551086,-0.7896984219551086,170.8795232653141,170.8795232653141
1778551273.4416401,0.1421685665845871,2.9775993824005127,2.9775993824005127,-0.4981268346309662,-0.4981268346309662,170.6039386941433,170.6039386941433
1778551273.4417827,0.14448599517345428,2.9915010929107666,2.9915010929107666,0.8744556903839111,0.8744556903839111,171.4004483191967,171.4004483191967
1778551273.4707131,0.14537940919399261,3.0027108192443848,3.0027108192443848,1.1627331972122192,1.1627331972122192,172.04271855726242,172.04271855726242
1778551273.4788787,0.14690212905406952,3.016310930252075,3.016310930252075,1.4064840078353882,1.4064840078353882,172.82194779753684,172.82194779753684
1778551273.4792752,0.14946146309375763,3.032046318054199,3.032046318054199,1.6124815940856934,1.6124815940856934,173.7235194299698,173.7235194299698
1778551273.479615,0.1567220687866211,3.0668604373931885,3.0668604373931885,1.8462687730789185,1.8462687730789185,175.71822224879264,175.71822224879264
1778551273.4799747,0.1604263037443161,3.0851542949676514,3.0851542949676514,1.885295033454895,1.885295033454895,176.76638345360755,176.76638345360755
1778551273.604181,0.1637668013572693,3.1031172275543213,3.1031172275543213,1.8545962572097778,1.8545962572097778,177.7955840465069,177.7955840465069
1778551273.6081717,0.16613340377807617,3.1201844215393066,3.1201844215393066,1.768755316734314,1.768755316734314,178.7734625796318,178.7734625796318
1778551273.6799157,0.1678161472082138,3.1360936164855957,3.1360936164855957,1.6436257362365723,1.6436257362365723,179.6849926314354,179.6849926314354
1778551273.6801124,0.15455210208892822,3.1716690063476562,3.1716690063476562,-0.6954938173294067,-0.6954938173294067,181.72331305389403,181.72331305389403
1778551273.6802568,0.15290313959121704,3.162325143814087,3.162325143814087,-0.9610040783882141,-0.9610040783882141,181.18794897494317,181.18794897494317
1778551273.7048032,0.1381855607032776,3.079216957092285,3.079216957092285,-1.565079689025879,-1.565079689025879,176.42619893016814,176.42619893016814
1778551273.7138934,0.13673734664916992,3.0645108222961426,3.0645108222961426,-1.523597240447998,-1.523597240447998,175.58359917211533,175.58359917211533
1778551273.7741327,0.13541965186595917,3.0503389835357666,3.0503389835357666,-1.4611077308654785,-1.4611077308654785,174.77161233286859,174.77161233286859
1778551273.7743247,0.13191920518875122,3.013543128967285,3.013543128967285,-1.1633024215698242,-1.1633024215698242,172.66336440868378,172.66336440868378
1778551273.7744632,0.1306065022945404,3.0033416748046875,3.0033416748046875,-1.049810767173767,-1.049810767173767,172.0788639312744,172.0788639312744
1778551273.7745998,0.1289343535900116,2.994203567504883,2.994203567504883,-0.9396187663078308,-0.9396187663078308,171.55528876304626,171.55528876304626
1778551273.7758095,0.1271546483039856,2.9860291481018066,2.9860291481018066,-0.8476593494415283,-0.8476593494415283,171.0869288638115,171.0869288638115
1778551273.8297417,0.11640460044145584,2.9575042724609375,2.9575042724609375,-0.717572033405304,-0.717572033405304,169.45257329406738,169.45257329406738
1778551273.8301728,0.11326836794614792,2.9511144161224365,2.9511144161224365,-0.6889241933822632,-0.6889241933822632,169.0864613632679,169.0864613632679
1778551273.8542602,0.10996855795383453,2.9449195861816406,2.9449195861816406,-0.6613228917121887,-0.6613228917121887,168.73152362594604,168.73152362594604
1778551273.9048328,0.09101778268814087,2.919933795928955,2.919933795928955,-0.4802587032318115,-0.4802587032318115,167.29994278478623,167.29994278478623
1778551273.9088943,0.08934447914361954,2.918012857437134,2.918012857437134,-0.33855870366096497,-0.33855870366096497,167.18988107714654,167.18988107714654
1778551273.9094255,0.08889466524124146,2.9177517890930176,2.9177517890930176,-0.1988404244184494,-0.1988404244184494,167.17492295751572,167.17492295751572
1778551273.9098651,0.08706212043762207,2.928083658218384,2.928083658218384,0.3645854592323303,0.3645854592323303,167.76689566454888,167.76689566454888
1778551273.9768484,0.08785231411457062,2.9347474575042725,2.9347474575042725,0.530752420425415,0.530752420425415,168.1487033756733,168.1487033756733
1778551273.9770381,0.0893140658736229,2.9427390098571777,2.9427390098571777,0.6815272569656372,0.6815272569656372,168.6065857609749,168.6065857609749
1778551273.978305,0.09149715304374695,2.9520487785339355,2.9520487785339355,0.829397976398468,0.829397976398468,169.13999640512466,169.13999640512466
1778551273.9784956,0.10135617852210999,2.985205888748169,2.985205888748169,1.1503639221191406,1.1503639221191406,171.03975956053733,171.03975956053733
1778551274.0392663,0.10557209700345993,2.9970333576202393,2.9970333576202393,1.202248454093933,1.202248454093933,171.71742385153772,171.71742385153772
1778551274.039492,0.1099754273891449,3.0089030265808105,3.0089030265808105,1.2248090505599976,1.2248090505599976,172.39750603036882,172.39750603036882
1778551274.039644,0.11413510143756866,3.020554780960083,3.020554780960083,1.2271476984024048,1.2271476984024048,173.0651026189327,173.0651026189327
1778551274.0409596,0.12550905346870422,3.0544822216033936,3.0544822216033936,1.1697347164154053,1.1697347164154053,175.00900247254373,175.00900247254373
1778551274.098675,0.12881246209144592,3.0653631687164307,3.0653631687164307,1.1495944261550903,1.1495944261550903,175.63243504214287,175.63243504214287
1778551274.0988762,0.13246960937976837,3.076007604598999,3.076007604598999,1.127477765083313,1.127477765083313,176.24231651158334,176.24231651158334
1778551274.0990171,0.13597148656845093,3.0864126682281494,3.0864126682281494,1.104840874671936,1.104840874671936,176.8384829562664,176.8384829562664
1778551274.0991542,0.14193256199359894,3.1162264347076416,3.1162264347076416,1.0218422412872314,1.0218422412872314,178.5466865577221,178.5466865577221
1778551274.1605997,0.14344552159309387,3.125988721847534,3.125988721847534,1.0171393156051636,1.0171393156051636,179.10602460923195,179.10602460923195
1778551274.1607885,0.14506329596042633,3.13594651222229,3.13594651222229,1.0168625116348267,1.0168625116348267,179.67656417498588,179.67656417498588
1778551274.160929,0.14641869068145752,3.146162509918213,3.146162509918213,1.029480218887329,1.029480218887329,180.26189793577194,180.26189793577194
1778551274.1610665,0.15009355545043945,3.177027940750122,3.177027940750122,1.0614913702011108,1.0614913702011108,182.03035748763085,182.03035748763085
1778551274.1942756,0.1523050218820572,3.187523126602173,3.187523126602173,1.0736068487167358,1.0736068487167358,182.63168755717277,182.63168755717277
1778551274.2593133,0.1541970819234848,3.1979258060455322,3.1979258060455322,1.0807180404663086,1.0807180404663086,183.2277173980236,183.2277173980236
1778551274.2595606,0.15566453337669373,3.2085025310516357,3.2085025310516357,1.0824625492095947,1.0824625492095947,183.8337193186283,183.8337193186283
1778551274.2597091,0.15660694241523743,3.239415407180786,3.239415407180786,1.0512953996658325,1.0512953996658325,185.6048972867489,185.6048972867489
1778551274.2598515,0.1559300422668457,3.249511480331421,3.249511480331421,1.0390266180038452,1.0390266180038452,186.18335987477303,186.18335987477303
1778551274.2599971,0.1520329713821411,3.298975706100464,3.298975706100464,1.01011061668396,1.01011061668396,189.01745226159096,189.01745226159096
1778551274.3227625,0.15055492520332336,3.308594226837158,3.308594226837158,0.9930776357650757,0.9930776357650757,189.56855310201644,189.56855310201644
1778551274.3229942,0.14897340536117554,3.318016767501831,3.318016767501831,0.9767948389053345,0.9767948389053345,190.1084251074314,190.1084251074314
1778551274.323179,0.1478213667869568,3.32737135887146,3.32737135887146,0.965558648109436,0.965558648109436,190.6444039036274,190.6444039036274
1778551274.3233285,0.14519286155700684,3.353119373321533,3.353119373321533,0.8342742919921875,0.8342742919921875,192.1196569899559,192.1196569899559
1778551274.3819597,0.1444748193025589,3.360532283782959,3.360532283782959,0.7696027159690857,0.7696027159690857,192.54438562517166,192.54438562517166
1778551274.3854141,0.14395113289356232,3.367471218109131,3.367471218109131,0.7191615700721741,0.7191615700721741,192.94195741853713,192.94195741853713
1778551274.3858087,0.14367081224918365,3.3739676475524902,3.3739676475524902,0.6699520349502563,0.6699520349502563,193.31417554063796,193.31417554063796
1778551274.462923,0.14489279687404633,3.3904972076416016,3.3904972076416016,0.5080326199531555,0.5080326199531555,194.26124990959167,194.26124990959167
1778551274.4631095,0.1456611305475235,3.3948428630828857,3.3948428630828857,0.4446094036102295,0.4446094036102295,194.5102377146244,194.5102377146244
1778551274.463247,0.14619854092597961,3.398505210876465,3.398505210876465,0.38323917984962463,0.38323917984962463,194.72007486133575,194.72007486133575
1778551274.4644792,0.15259301662445068,3.403099298477173,3.403099298477173,0.0005175117403268814,0.0005175117403268814,194.9832967856884,194.9832967856884
1778551274.5202463,0.15282586216926575,3.4027581214904785,3.4027581214904785,-0.03753383457660675,-0.03753383457660675,194.96374877729417,194.96374877729417
1778551274.520444,0.1528170108795166,3.4021406173706055,3.4021406173706055,-0.063060462474823,-0.063060462474823,194.92836838474273,194.92836838474273
1778551274.5205927,0.15193811058998108,3.401177406311035,3.401177406311035,-0.09877176582813263,-0.09877176582813263,194.8731804365158,194.8731804365158
1778551274.5547695,0.1498320996761322,3.394965887069702,3.394965887069702,-0.28226372599601746,-0.28226372599601746,194.51728647236823,194.51728647236823
1778551274.5589828,0.1502535343170166,3.3913402557373047,3.3913402557373047,-0.3760106861591339,-0.3760106861591339,194.30955302467345,194.30955302467345
1778551274.5595534,0.15068314969539642,3.386699914932251,3.386699914932251,-0.4772670567035675,-0.4772670567035675,194.04368098597527,194.04368098597527
1778551274.6229875,0.15110857784748077,3.359626054763794,3.359626054763794,-0.8152244091033936,-0.8152244091033936,192.4924625085354,192.4924625085354
1778551274.6232617,0.15143361687660217,3.3511927127838135,3.3511927127838135,-0.8693968057632446,-0.8693968057632446,192.00926743311882,192.00926743311882
1778551274.6815097,0.15177291631698608,3.3424949645996094,3.3424949645996094,-0.8969401717185974,-0.8969401717185974,191.5109229927063,191.5109229927063
1778551274.6852734,0.15255360305309296,3.3153674602508545,3.3153674602508545,-0.9421696662902832,-0.9421696662902832,189.9566309290409,189.9566309290409
1778551274.6860054,0.1528724879026413,3.306126117706299,3.306126117706299,-0.9482921957969666,-0.9482921957969666,189.42714081487657,189.42714081487657
1778551274.6871572,0.15316984057426453,3.296875476837158,3.296875476837158,-0.9571265578269958,-0.9571265578269958,188.89711794576644,188.89711794576644
1778551274.6876493,0.15501977503299713,3.2583906650543213,3.2583906650543213,-1.010263442993164,-1.010263442993164,186.69209986681938,186.69209986681938
1778551274.6901357,0.1553650051355362,3.2486984729766846,3.2486984729766846,-1.003577470779419,-1.003577470779419,186.13677796797754,186.13677796797754
1778551274.7684433,0.15610939264297485,3.238962173461914,3.238962173461914,-1.0048134326934814,-1.0048134326934814,185.57892889823913,185.57892889823913
1778551274.7686226,0.1572600156068802,3.2291805744171143,3.2291805744171143,-1.0098196268081665,-1.0098196268081665,185.0184843556881,185.0184843556881
1778551274.768759,0.1587262898683548,3.219249963760376,3.219249963760376,-1.022379755973816,-1.022379755973816,184.44950207362174,184.44950207362174
1778551274.7689018,0.1623886227607727,3.1986896991729736,3.1986896991729736,-1.0820423364639282,-1.0820423364639282,183.27148526587487,183.27148526587487
1778551274.7907536,0.1639752984046936,3.1878268718719482,3.1878268718719482,-1.1164673566818237,-1.1164673566818237,182.64909088540077,182.64909088540077
1778551274.7931597,0.1651943027973175,3.1765594482421875,3.1765594482421875,-1.1497910022735596,-1.1497910022735596,182.00351483459474,182.00351483459474
1778551274.7934132,0.16635876893997192,3.1652681827545166,3.1652681827545166,-1.167327880859375,-1.167327880859375,181.35657274546622,181.35657274546622
1778551274.7935858,0.16908350586891174,3.131507158279419,3.131507158279419,-1.1358150243759155,-1.1358150243759155,179.42220783934593,179.42220783934593
1778551274.8579822,0.16932053864002228,3.1207215785980225,3.1207215785980225,-1.1169075965881348,-1.1169075965881348,178.80423942303656,178.80423942303656
1778551274.8581877,0.1691979020833969,3.110156536102295,3.110156536102295,-1.0875663757324219,-1.0875663757324219,178.19890686120988,178.19890686120988
1778551274.859478,0.1685439497232437,3.099982261657715,3.099982261657715,-1.0551048517227173,-1.0551048517227173,177.6159636674881,177.6159636674881
1778551274.8596768,0.16258573532104492,3.0711441040039062,3.0711441040039062,-0.9633174538612366,-0.9633174538612366,175.963658354187,175.963658354187
1778551274.9161987,0.1599092036485672,3.062114953994751,3.062114953994751,-0.9390701055526733,-0.9390701055526733,175.44632598109246,175.44632598109246
1778551274.916411,0.15733644366264343,3.0531272888183594,3.0531272888183594,-0.9256755709648132,-0.9256755709648132,174.93137051467895,174.93137051467895
1778551274.916576,0.15487909317016602,3.0441906452178955,3.0441906452178955,-0.9254067540168762,-0.9254067540168762,174.41933837027548,174.41933837027548
1778551274.9803772,0.14889279007911682,3.0167760848999023,3.0167760848999023,-0.9473137855529785,-0.9473137855529785,172.84859920520782,172.84859920520782
1778551274.980626,0.14685553312301636,3.0076382160186768,3.0076382160186768,-0.9430115222930908,-0.9430115222930908,172.3250376973629,172.3250376973629
1778551274.9807734,0.14441677927970886,2.9987804889678955,2.9987804889678955,-0.9160857200622559,-0.9160857200622559,171.81752713980674,171.81752713980674
1778551274.980932,0.13344717025756836,2.966447591781616,2.966447591781616,-0.7833859920501709,-0.7833859920501709,169.96498792920113,169.96498792920113
1778551275.0398629,0.1312159150838852,2.9591236114501953,2.9591236114501953,-0.756248414516449,-0.756248414516449,169.5453546169281,169.5453546169281
1778551275.043981,0.12902797758579254,2.95190167427063,2.95190167427063,-0.7401230335235596,-0.7401230335235596,169.13156794867515,169.13156794867515
1778551275.0446305,0.12655064463615417,2.9449737071990967,2.9449737071990967,-0.7247122526168823,-0.7247122526168823,168.734624532938,168.734624532938
1778551275.1323838,0.11942363530397415,2.9243791103363037,2.9243791103363037,-0.6925129890441895,-0.6925129890441895,167.5546406300068,167.5546406300068
1778551275.1325788,0.11771107465028763,2.9180445671081543,2.9180445671081543,-0.655635416507721,-0.655635416507721,167.19169790811537,167.19169790811537
1778551275.1327214,0.11651378124952316,2.912059783935547,2.912059783935547,-0.6115323305130005,-0.6115323305130005,166.8487949684143,166.8487949684143
1778551275.1339214,0.11503757536411285,2.897045850753784,2.897045850753784,-0.1899658590555191,-0.1899658590555191,165.98855965561867,165.98855965561867
1778551275.202024,0.11764832586050034,2.8960516452789307,2.8960516452789307,-0.10165684670209885,-0.10165684670209885,165.93159585757255,165.93159585757255
1778551275.202251,0.11961144953966141,2.8959999084472656,2.8959999084472656,-0.020779548212885857,-0.020779548212885857,165.92863155441285,165.92863155441285
1778551275.2025611,0.11995235830545425,2.896719455718994,2.896719455718994,0.0758199393749237,0.0758199393749237,165.96985859098433,165.96985859098433
1778551275.202743,0.11910511553287506,2.9012603759765625,2.9012603759765625,0.28456538915634155,0.28456538915634155,166.23003424987792,166.23003424987792
1778551275.2039716,0.12100587785243988,2.9048242568969727,2.9048242568969727,0.3643418252468109,0.3643418252468109,166.43422965831758,166.43422965831758
1778551275.2041533,0.12490002810955048,2.909102201461792,2.909102201461792,0.4496970772743225,0.4496970772743225,166.67933791451455,166.67933791451455
1778551275.269472,0.1296970397233963,2.914430618286133,2.914430618286133,0.5459985733032227,0.5459985733032227,166.98463381919862,166.98463381919862
1778551275.270004,0.13444316387176514,2.92065167427063,2.92065167427063,0.6435787081718445,0.6435787081718445,167.34107419867516,167.34107419867516
1778551275.270355,0.14311528205871582,2.9354584217071533,2.9354584217071533,0.7992419004440308,0.7992419004440308,168.1894386384487,168.1894386384487
1778551275.2731874,0.14762663841247559,2.9436726570129395,2.9436726570129395,0.8633480668067932,0.8633480668067932,168.660079821682,168.660079821682
1778551275.2742817,0.1521466225385666,2.9526314735412598,2.9526314735412598,0.9179642796516418,0.9179642796516418,169.1733823817253,169.1733823817253
1778551275.2745602,0.15664944052696228,2.9619789123535156,2.9619789123535156,0.9642631411552429,0.9642631411552429,169.70895136642457,169.70895136642457
1778551275.274726,0.1610652506351471,2.9717395305633545,2.9717395305633545,1.0016593933105469,1.0016593933105469,170.26819379525185,170.26819379525185
1778551275.2748718,0.16923613846302032,2.992133378982544,2.992133378982544,1.0655862092971802,1.0655862092971802,171.43667565550805,171.43667565550805
1778551275.335147,0.17266136407852173,3.0027976036071777,3.0027976036071777,1.1077054738998413,1.1077054738998413,172.04769093675614,172.04769093675614
1778551275.335339,0.1755192130804062,3.0138542652130127,3.0138542652130127,1.138066053390503,1.138066053390503,172.68119120879174,172.68119120879174
1778551275.3860226,0.17780713737010956,3.024949073791504,3.024949073791504,1.1477299928665161,1.1477299928665161,173.31687714214326,173.31687714214326
1778551275.4177809,0.17977526783943176,3.0360724925994873,3.0360724925994873,1.1507865190505981,1.1507865190505981,173.95420232148172,173.95420232148172
1778551275.4185565,0.1831887662410736,3.058692455291748,3.058692455291748,1.1724016666412354,1.1724016666412354,175.25023117990494,175.25023117990494
1778551275.4214225,0.1850345879793167,3.070333957672119,3.070333957672119,1.1970101594924927,1.1970101594924927,175.9172403719902,175.9172403719902
1778551275.4224937,0.19050630927085876,3.131295919418335,3.131295919418335,1.2583260536193848,1.2583260536193848,179.41010473980904,179.41010473980904
1778551275.4233603,0.1904727667570114,3.143220901489258,3.143220901489258,1.230574369430542,1.230574369430542,180.09335612754822,180.09335612754822
1778551275.490312,0.1904575377702713,3.154879093170166,3.154879093170166,1.2005510330200195,1.2005510330200195,180.7613215464592,180.7613215464592
1778551275.4905133,0.1905653327703476,3.166179895401001,3.166179895401001,1.1648790836334229,1.1648790836334229,181.40881005091668,181.40881005091668
1778551275.4918966,0.19068723917007446,3.1771414279937744,3.1771414279937744,1.141383171081543,1.141383171081543,182.0368598300457,182.0368598300457
1778551275.4921374,0.19012655317783356,3.2094886302948,3.2094886302948,1.1111398935317993,1.1111398935317993,183.8902186636448,183.8902186636448
1778551275.5491078,0.18978789448738098,3.2199060916900635,3.2199060916900635,1.1008939743041992,1.1008939743041992,184.48709544825553,184.48709544825553
1778551275.5492992,0.18908457458019257,3.229912757873535,3.229912757873535,1.0732834339141846,1.0732834339141846,185.0604353925705,185.0604353925705
1778551275.5494382,0.1883808821439743,3.2392959594726562,3.2392959594726562,1.0315848588943481,1.0315848588943481,185.5980534347534,185.5980534347534
1778551275.5506253,0.18696436285972595,3.263253927230835,3.263253927230835,0.8230170607566833,0.8230170607566833,186.97074436383247,186.97074436383247
1778551275.6122937,0.18703722953796387,3.269587516784668,3.269587516784668,0.7431805729866028,0.7431805729866028,187.33363244419098,187.33363244419098
1778551275.6124818,0.186453714966774,3.275383472442627,3.275383472442627,0.6680982112884521,0.6680982112884521,187.66571636037827,187.66571636037827
1778551275.6126232,0.18557791411876678,3.28051495552063,3.28051495552063,0.5939040184020996,0.5939040184020996,187.9597287885189,187.9597287885189
1778551275.6128411,0.18711061775684357,3.291228771209717,3.291228771209717,0.3970227837562561,0.3970227837562561,188.5735854294777,188.5735854294777
1778551275.6736438,0.18798218667507172,3.293362855911255,3.293362855911255,0.31553536653518677,0.31553536653518677,188.69585951972007,188.69585951972007
1778551275.6739461,0.18837517499923706,3.2944223880767822,3.2944223880767822,0.21966338157653809,0.21966338157653809,188.7565662627697,188.7565662627697
1778551275.6741173,0.1886497586965561,3.2933828830718994,3.2933828830718994,0.10843715071678162,0.10843715071678162,188.69700699191094,188.69700699191094
1778551275.6742785,0.19145698845386505,3.2827184200286865,3.2827184200286865,-0.26526981592178345,-0.26526981592178345,188.0859780502796,188.0859780502796
1778551275.7633734,0.19250844419002533,3.276928424835205,3.276928424835205,-0.38766756653785706,-0.38766756653785706,187.75423564367296,187.75423564367296
1778551275.766496,0.19375450909137726,3.26998233795166,3.26998233795166,-0.5125153064727783,-0.5125153064727783,187.35625403881073,187.35625403881073
1778551275.8889523,0.19524848461151123,3.2622241973876953,3.2622241973876953,-0.6310657858848572,-0.6310657858848572,186.9117451686859,186.9117451686859
1778551275.8901947,0.2070339024066925,3.1768579483032227,3.1768579483032227,-1.0149139165878296,-1.0149139165878296,182.02061763439178,182.02061763439178
1778551275.8905065,0.20748180150985718,3.167954921722412,3.167954921722412,-0.9794900417327881,-0.9794900417327881,181.51051160402298,181.51051160402298
1778551275.890778,0.20725436508655548,3.159458637237549,3.159458637237549,-0.9262157678604126,-0.9262157678604126,181.02371018743514,181.02371018743514
1778551275.8931756,0.2019038200378418,3.1431832313537598,3.1431832313537598,0.4140469431877136,0.4140469431877136,180.09119778699875,180.09119778699875
1778551275.9740417,0.20129239559173584,3.1506195068359375,3.1506195068359375,0.5982540249824524,0.5982540249824524,180.5172651397705,180.5172651397705
1778551275.9743428,0.2009284347295761,3.159240961074829,3.159240961074829,0.8915205001831055,0.8915205001831055,181.01123825755118,181.01123825755118
1778551275.9745588,0.2007424235343933,3.1687889099121094,3.1687889099121094,0.9783516526222229,0.9783516526222229,181.55829562454224,181.55829562454224
1778551275.9747689,0.19924478232860565,3.1998345851898193,3.1998345851898193,1.0855581760406494,1.0855581760406494,183.33708242611885,183.33708242611885
1778551276.0496407,0.19787000119686127,3.210054874420166,3.210054874420166,1.0484950542449951,1.0484950542449951,183.92266207380294,183.92266207380294
1778551276.0498412,0.19643516838550568,3.219470500946045,3.219470500946045,0.9754527807235718,0.9754527807235718,184.4621379281044,184.4621379281044
1778551276.0499983,0.19541124999523163,3.227984666824341,3.227984666824341,0.881611704826355,0.881611704826355,184.94996387343406,184.94996387343406
1778551276.0501385,0.19382847845554352,3.2467892169952393,3.2467892169952393,0.5165188908576965,0.5165188908576965,186.02738561911582,186.02738561911582
1778551276.0502768,0.1929745376110077,3.250276803970337,3.250276803970337,0.35324445366859436,0.35324445366859436,186.22720970492364,186.22720970492364
1778551276.1186686,0.19203583896160126,3.2519357204437256,3.2519357204437256,0.16874322295188904,0.16874322295188904,186.3222586513996,186.3222586513996
1778551276.1188664,0.191250279545784,3.2516469955444336,3.2516469955444336,-0.028710398823022842,-0.028710398823022842,186.30571592731476,186.30571592731476
1778551276.1190147,0.19205644726753235,3.2379703521728516,3.2379703521728516,-0.5618066787719727,-0.5618066787719727,185.52210170402526,185.52210170402526
1778551276.1191602,0.19211025536060333,3.2310822010040283,3.2310822010040283,-0.7029039263725281,-0.7029039263725281,185.12743957228662,185.12743957228662
1778551276.119299,0.1974581629037857,3.1845390796661377,3.1845390796661377,-1.0534865856170654,-1.0534865856170654,182.46071420073508,182.46071420073508
1778551276.1842792,0.19863341748714447,3.1743364334106445,3.1743364334106445,-1.0549527406692505,-1.0549527406692505,181.8761454214096,181.8761454214096
1778551276.2355032,0.20002830028533936,3.164416790008545,3.164416790008545,-1.0248249769210815,-1.0248249769210815,181.30779151697158,181.30779151697158
1778551276.2362003,0.2012743055820465,3.1551079750061035,3.1551079750061035,-0.9595861434936523,-0.9595861434936523,180.7744355143547,180.7744355143547
1778551276.2365317,0.20597508549690247,3.133481025695801,3.133481025695801,-0.609076201915741,-0.609076201915741,179.53530215206146,179.53530215206146
1778551276.2368023,0.2072453796863556,3.1290688514709473,3.1290688514709473,-0.4647827744483948,-0.4647827744483948,179.2825031001091,179.2825031001091
1778551276.3319855,0.21389140188694,3.1271252632141113,3.1271252632141113,0.20715343952178955,0.20715343952178955,179.17114365606307,179.17114365606307
1778551276.3321872,0.21663030982017517,3.1299917697906494,3.1299917697906494,0.30291277170181274,0.30291277170181274,179.3353824435711,179.3353824435711
1778551276.3323338,0.21998639404773712,3.133725166320801,3.133725166320801,0.3834569752216339,0.3834569752216339,179.54929038448333,179.54929038448333
1778551276.332477,0.23346497118473053,3.150965690612793,3.150965690612793,0.4297754764556885,0.4297754764556885,180.53710001621246,180.53710001621246
1778551276.3567407,0.23646053671836853,3.1546883583068848,3.1546883583068848,0.3823576271533966,0.3823576271533966,180.7503932398796,180.7503932398796
1778551276.3595161,0.2395746409893036,3.157680034637451,3.157680034637451,0.3087109625339508,0.3087109625339508,180.92180372858047,180.92180372858047
1778551276.359893,0.24326066672801971,3.1599879264831543,3.1599879264831543,0.2302539050579071,0.2302539050579071,181.0540362381935,181.0540362381935
1778551276.4255724,0.25151172280311584,3.1618707180023193,3.1618707180023193,0.06279506534337997,0.06279506534337997,181.16191228451729,181.16191228451729
1778551276.4257827,0.25569790601730347,3.161888599395752,3.161888599395752,-0.009541552513837814,-0.009541552513837814,181.16293681325914,181.16293681325914
1778551276.425953,0.2595674693584442,3.161306619644165,3.161306619644165,-0.06832817941904068,-0.06832817941904068,181.12959181780815,181.12959181780815
1778551276.4272463,0.2631370723247528,3.1601951122283936,3.1601951122283936,-0.1056872084736824,-0.1056872084736824,181.06590711121558,181.06590711121558
1778551276.4274414,0.2741848826408386,3.1550121307373047,3.1550121307373047,-0.1748197078704834,-0.1748197078704834,180.76894404029846,180.76894404029846
1778551276.427585,0.27779504656791687,3.1532204151153564,3.1532204151153564,-0.18650713562965393,-0.18650713562965393,180.66628626036643,180.66628626036643
1778551276.4921813,0.28113165497779846,3.1513054370880127,3.1513054370880127,-0.19263258576393127,-0.19263258576393127,180.55656606230735,180.55656606230735
1778551276.4923828,0.2842138111591339,3.1493659019470215,3.1493659019470215,-0.19966475665569305,-0.19966475665569305,180.44543884477616,180.44543884477616
1778551276.493649,0.2875491976737976,3.14743709564209,3.14743709564209,-0.20245669782161713,-0.20245669782161713,180.33492634449004,180.33492634449004
1778551276.493852,0.2949413061141968,3.1434218883514404,3.1434218883514404,-0.2059866487979889,-0.2059866487979889,180.10487183060647,180.10487183060647
1778551276.5536585,0.29889822006225586,3.1413559913635254,3.1413559913635254,-0.20525409281253815,-0.20525409281253815,179.9865046099663,179.9865046099663
1778551276.5538473,0.3025148808956146,3.139008045196533,3.139008045196533,-0.21958798170089722,-0.21958798170089722,179.85197715597153,179.85197715597153
1778551276.5539865,0.30588340759277344,3.136561155319214,3.136561155319214,-0.23319020867347717,-0.23319020867347717,179.7117806429386,179.7117806429386
1778551276.5551705,0.31697535514831543,3.128434896469116,3.128434896469116,-0.26732391119003296,-0.26732391119003296,179.2461801411152,179.2461801411152
1778551276.6147382,0.32107844948768616,3.1256065368652344,3.1256065368652344,-0.26963576674461365,-0.26963576674461365,179.0841270149231,179.0841270149231
1778551276.6149435,0.3251452147960663,3.1229519844055176,3.1229519844055176,-0.26983165740966797,-0.26983165740966797,178.93203230810164,178.93203230810164
1778551276.6151626,0.3290644884109497,3.1202824115753174,3.1202824115753174,-0.26990750432014465,-0.26990750432014465,178.77907699713708,178.77907699713708
1778551276.6153152,0.3391086757183075,3.112663984298706,3.112663984298706,-0.25066500902175903,-0.25066500902175903,178.3425731115818,178.3425731115818
1778551276.6776474,0.3422127962112427,3.110231399536133,3.110231399536133,-0.2405511438846588,-0.2405511438846588,178.20319622154236,178.20319622154236
1778551276.6778758,0.34544938802719116,3.1080563068389893,3.1080563068389893,-0.2323300987482071,-0.2323300987482071,178.07857254538536,178.07857254538536
1778551276.6780396,0.34871816635131836,3.105876922607422,3.105876922607422,-0.22176289558410645,-0.22176289558410645,177.95370298233033,177.95370298233033
1778551276.7063684,0.358723908662796,3.100461006164551,3.100461006164551,-0.16299018263816833,-0.16299018263816833,177.64339371700288,177.64339371700288
1778551276.7073283,0.3635362684726715,3.1009132862091064,3.1009132862091064,0.037328463047742844,0.037328463047742844,177.66930746397972,177.66930746397972
1778551276.7711902,0.3712862730026245,3.1016182899475098,3.1016182899475098,0.08263563364744186,0.08263563364744186,177.70970121717454,177.70970121717454
1778551276.7717137,0.3923472762107849,3.10746431350708,3.10746431350708,0.222544327378273,0.222544327378273,178.04465381383895,178.04465381383895
1778551276.7720346,0.39567840099334717,3.109903573989868,3.109903573989868,0.26341208815574646,0.26341208815574646,178.18441319460868,178.18441319460868
1778551276.772571,0.3990010917186737,3.112532377243042,3.112532377243042,0.26406750082969666,0.26406750082969666,178.33503258004188,178.33503258004188
1778551276.7742128,0.401185542345047,3.1152195930480957,3.1152195930480957,0.2765832245349884,0.2765832245349884,178.48899875936507,178.48899875936507
1778551276.8453515,0.40817901492118835,3.116269588470459,3.116269588470459,0.0017739422619342804,0.0017739422619342804,178.5491590870857,178.5491590870857
1778551276.896705,0.41121092438697815,3.1159603595733643,3.1159603595733643,-0.020442090928554535,-0.020442090928554535,178.53144157004357,178.53144157004357
1778551276.8979268,0.41510796546936035,3.1158077716827393,3.1158077716827393,-0.01901864819228649,-0.01901864819228649,178.5226989247799,178.5226989247799
1778551276.8985388,0.4390796720981598,3.114794969558716,3.114794969558716,-0.03214170038700104,-0.03214170038700104,178.46466961684226,178.46466961684226
1778551276.9736416,0.44730257987976074,3.1144611835479736,3.1144611835479736,-0.032791733741760254,-0.032791733741760254,178.44554508032797,178.44554508032797
1778551276.9781723,0.4958970844745636,3.1128454208374023,3.1128454208374023,-0.018676549196243286,-0.018676549196243286,178.35296866321565,178.35296866321565
1778551276.9786212,0.5020093321800232,3.1125917434692383,3.1125917434692383,-0.02676185593008995,-0.02676185593008995,178.33843401546477,178.33843401546477
1778551276.97894,0.5015603303909302,3.1124486923217773,3.1124486923217773,-0.0012302673421800137,-0.0012302673421800137,178.3302377855301,178.3302377855301
1778551277.0548193,0.5027960538864136,3.112513780593872,3.112513780593872,-0.00817844271659851,-0.00817844271659851,178.33396707015038,178.33396707015038
1778551277.0550244,0.5046775341033936,3.1124916076660156,3.1124916076660156,-0.009579834528267384,-0.009579834528267384,178.3326966545105,178.3326966545105
1778551277.0567212,0.5063692927360535,3.112459897994995,3.112459897994995,-0.002463879296556115,-0.002463879296556115,178.33087982354164,178.33087982354164
1778551277.0572832,0.5078790187835693,3.1123480796813965,3.1123480796813965,-0.004191586282104254,-0.004191586282104254,178.32447310380937,178.32447310380937
1778551277.0574348,0.5080699920654297,3.1123573780059814,3.1123573780059814,-0.0019462418276816607,-0.0019462418276816607,178.3250058587551,178.3250058587551
1778551277.1191854,0.5080699920654297,3.1123573780059814,3.1123573780059814,-0.00241165142506361,-0.00241165142506361,178.3250058587551,178.3250058587551
1778551277.1194324,0.5083315968513489,3.1123712062835693,3.1123712062835693,-0.003822074271738529,-0.003822074271738529,178.32579816098215,178.32579816098215
1778551277.1867702,0.5087870359420776,3.112274169921875,3.112274169921875,-0.002120677847415209,-0.002120677847415209,178.32023838500976,178.32023838500976
1778551277.1871567,0.5104888081550598,3.112171173095703,3.112171173095703,-0.007009362801909447,-0.007009362801909447,178.3143370994568,178.3143370994568
1778551277.1873188,0.5112062692642212,3.1120877265930176,3.1120877265930176,-0.004027609713375568,-0.004027609713375568,178.30955596532823,178.30955596532823
1778551277.1874564,0.5119919776916504,3.1121294498443604,3.1121294498443604,-0.0058495947159826756,-0.0058495947159826756,178.3119465323925,178.3119465323925
1778551277.187591,0.514342725276947,3.1119377613067627,3.1119377613067627,-0.004119567573070526,-0.004119567573070526,178.30096358428003,178.30096358428003
1778551277.188911,0.5146781206130981,3.11183500289917,3.11183500289917,-0.0018902162555605173,-0.0018902162555605173,178.29507595911025,178.29507595911025
1778551277.1890955,0.5155960917472839,3.111689805984497,3.111689805984497,-0.005561370402574539,-0.005561370402574539,178.28675678572654,178.28675678572654
1778551277.246581,0.5163120627403259,3.111726760864258,3.111726760864258,-0.005269006825983524,-0.005269006825983524,178.28887414512633,178.28887414512633
1778551277.246778,0.5177469849586487,3.1116793155670166,3.1116793155670166,-0.0015296796336770058,-0.0015296796336770058,178.28615572886466,178.28615572886466
1778551277.2469187,0.5185446739196777,3.1115291118621826,3.1115291118621826,-0.005757022183388472,-0.005757022183388472,178.27754968743324,178.27754968743324
1778551277.2481432,0.5194556713104248,3.1114537715911865,3.1114537715911865,-0.003037617541849613,-0.003037617541849613,178.2732330063343,178.2732330063343
1778551277.3098264,0.5199804902076721,3.1114814281463623,3.1114814281463623,-0.004813861567527056,-0.004813861567527056,178.27481761078835,178.27481761078835
1778551277.3100429,0.5212331414222717,3.111353874206543,3.111353874206543,-0.0024528438225388527,-0.0024528438225388527,178.26750930576324,178.26750930576324
1778551277.3101976,0.5214956402778625,3.111367702484131,3.111367702484131,-0.002341832034289837,-0.002341832034289837,178.26830160799025,178.26830160799025
1778551277.3698752,0.5219528079032898,3.111268997192383,3.111268997192383,-0.0021612977143377066,-0.0021612977143377066,178.26264620933532,178.26264620933532
1778551277.3737242,0.5222153663635254,3.1112825870513916,3.1112825870513916,-0.004265050869435072,-0.004265050869435072,178.2634248511791,178.2634248511791
1778551277.3748,0.5236610174179077,3.111164093017578,3.111164093017578,-0.004222926218062639,-0.004222926218062639,178.25663564071655,178.25663564071655
1778551277.3759222,0.5241184830665588,3.111065149307251,3.111065149307251,-0.006138599012047052,-0.006138599012047052,178.2509665816784,178.2509665816784
1778551277.376241,0.5254347324371338,3.1110117435455322,3.1110117435455322,-0.003813006216660142,-0.003813006216660142,178.24790665583612,178.24790665583612
1778551277.4416196,0.5258302688598633,3.110837697982788,3.110837697982788,-0.002799950074404478,-0.002799950074404478,178.23793457608224,178.23793457608224
1778551277.4433496,0.5260931253433228,3.110851526260376,3.110851526260376,-0.004760657902806997,-0.004760657902806997,178.23872687830925,178.23872687830925
1778551277.4435613,0.5265485048294067,3.1108744144439697,3.1108744144439697,1.0113522876054049e-05,1.0113522876054049e-05,178.2400382750988,178.2400382750988
1778551277.4437103,0.5278680324554443,3.1106982231140137,3.1106982231140137,-0.00490552606061101,-0.00490552606061101,178.22994325189592,178.22994325189592
1778551277.4438503,0.5283318758010864,3.1106510162353516,3.1106510162353516,-0.0002914387732744217,-0.0002914387732744217,178.22723849601746,178.22723849601746
1778551277.5035224,0.5285948514938354,3.1106646060943604,3.1106646060943604,-0.002780520124360919,-0.002780520124360919,178.22801713786126,178.22801713786126
1778551277.5047204,0.528860330581665,3.11055588722229,3.11055588722229,-0.00019605911802500486,-0.00019605911802500486,178.22178800311087,178.22178800311087
1778551277.5682585,0.5290530920028687,3.110564947128296,3.110564947128296,-0.003333147382363677,-0.003333147382363677,178.22230709767342,178.22230709767342
1778551277.568472,0.5293160676956177,3.110578775405884,3.110578775405884,-0.000914750387892127,-0.000914750387892127,178.22309939990043,178.22309939990043
1778551277.5686533,0.5295816659927368,3.1104698181152344,3.1104698181152344,-0.0037343469448387623,-0.0037343469448387623,178.21685660476683,178.21685660476683
1778551277.5688176,0.5298529863357544,3.1104133129119873,3.1104133129119873,-0.001901097595691681,-0.001901097595691681,178.21361909394264,178.21361909394264
1778551277.570292,0.530960202217102,3.1103453636169434,3.1103453636169434,0.0007791791576892138,0.0007791791576892138,178.20972588472367,178.20972588472367
1778551277.6422634,0.5314890742301941,3.1102499961853027,3.1102499961853027,-0.0009500883752480149,-0.0009500883752480149,178.20426173143386,178.20426173143386
1778551277.642459,0.5320237874984741,3.1102070808410645,3.1102070808410645,-0.00032366940286010504,-0.00032366940286010504,178.20180286245346,178.20180286245346
1778551277.6425989,0.5324825048446655,3.110106945037842,3.110106945037842,-0.00017294019926339388,-0.00017294019926339388,178.19606550149916,178.19606550149916
1778551277.6427362,0.5332723259925842,3.110147714614868,3.110147714614868,-0.002240113215520978,-0.002240113215520978,178.19840142703057,178.19840142703057
1778551277.7095704,0.5335382223129272,3.1100382804870605,3.1100382804870605,-0.006976491305977106,-0.006976491305977106,178.1921313111305,178.1921313111305
1778551277.7097666,0.5337312817573547,3.1100475788116455,3.1100475788116455,-0.008572966791689396,-0.008572966791689396,178.19266406607628,178.19266406607628
1778551277.7099066,0.5338014364242554,3.1100518703460693,3.1100518703460693,-0.004358519800007343,-0.004358519800007343,178.19290995297433,178.19290995297433
1778551277.7100441,0.5343389511108398,3.1098859310150146,3.1098859310150146,-0.0033736347686499357,-0.0033736347686499357,178.18340232625008,178.18340232625008
1778551277.7330763,0.5345320701599121,3.1098949909210205,3.1098949909210205,-0.0016587168211117387,-0.0016587168211117387,178.1839214208126,178.1839214208126
1778551277.7853253,0.5347253084182739,3.1099042892456055,3.1099042892456055,-0.0023252798710018396,-0.0023252798710018396,178.18445417575836,178.18445417575836
1778551277.857486,0.5349913239479065,3.1097946166992188,3.1097946166992188,-0.0015821055276319385,-0.0015821055276319385,178.1781703994751,178.1781703994751
1778551277.8588762,0.5355181694030762,3.1098217964172363,3.1098217964172363,-0.0022694116923958063,-0.0022694116923958063,178.1797276831627,178.1797276831627
1778551277.8593125,0.5357221364974976,3.109637498855591,3.109637498855591,-0.0031164258252829313,-0.0031164258252829313,178.16916820693015,178.16916820693015
1778551277.859655,0.5365151762962341,3.1095547676086426,3.1095547676086426,-0.0027614287100732327,-0.0027614287100732327,178.16442805395127,178.16442805395127
1778551277.8620164,0.5384969711303711,3.109337091445923,3.109337091445923,0.0007140649249777198,0.0007140649249777198,178.1519561240673,178.1519561240673
1778551277.928101,0.5384969711303711,3.109337091445923,3.109337091445923,-0.0012379405088722706,-0.0012379405088722706,178.1519561240673,178.1519561240673
1778551277.9284534,0.5384969711303711,3.109337091445923,3.109337091445923,-0.0029170350171625614,-0.0029170350171625614,178.1519561240673,178.1519561240673
1778551277.9288456,0.5384969711303711,3.109337091445923,3.109337091445923,-0.002101041842252016,-0.002101041842252016,178.1519561240673,178.1519561240673
1778551277.9769492,0.5389566421508789,3.109236001968384,3.109236001968384,1.8738501239567995e-05,1.8738501239567995e-05,178.1461641215801,178.1461641215801
1778551277.9803555,0.5392202734947205,3.1092495918273926,3.1092495918273926,-0.0036523560993373394,-0.0036523560993373394,178.1469427634239,178.1469427634239
1778551277.9809477,0.5392987728118896,3.1091837882995605,3.1091837882995605,-0.0005200260784476995,-0.0005200260784476995,178.14317249765395,178.14317249765395
1778551277.9813519,0.5396884679794312,3.1090784072875977,3.1090784072875977,-0.0011436112690716982,-0.0011436112690716982,178.13713460826872,178.13713460826872
1778551278.0461485,0.539758563041687,3.1090826988220215,3.1090826988220215,-0.000533930491656065,-0.000533930491656065,178.13738049516678,178.13738049516678
1778551278.0463452,0.5400223731994629,3.109096050262451,3.109096050262451,-0.00393409188836813,-0.00393409188836813,178.13814547662736,178.13814547662736
1778551278.0476444,0.540288507938385,3.1089859008789062,3.1089859008789062,-0.0025130908470600843,-0.0025130908470600843,178.13183437957764,178.13183437957764
1778551278.0478349,0.5407544374465942,3.108938455581665,3.108938455581665,-0.0032627086620777845,-0.0032627086620777845,178.12911596331597,178.12911596331597
1778551278.1104107,0.5409481525421143,3.108947515487671,3.108947515487671,-0.0010181835386902094,-0.0010181835386902094,178.1296350578785,178.1296350578785
1778551278.1106107,0.5412120223045349,3.1089608669281006,3.1089608669281006,-0.0016734639648348093,-0.0016734639648348093,178.13040003933907,178.13040003933907
1778551278.1107838,0.541282057762146,3.1089651584625244,3.1089651584625244,-0.006520064547657967,-0.006520064547657967,178.1306459262371,178.1306459262371
1778551278.112112,0.5422700643539429,3.1088907718658447,3.1088907718658447,-0.0013010671827942133,-0.0013010671827942133,178.12638388667108,178.12638388667108
1778551278.2354393,0.5424638986587524,3.1088998317718506,3.1088998317718506,0.0002915759978350252,0.0002915759978350252,178.1269029812336,178.1269029812336
1778551278.2364023,0.5424638986587524,3.1088998317718506,3.1088998317718506,0.0004637481179088354,0.0004637481179088354,178.1269029812336,178.1269029812336
1778551278.2367826,0.5424638986587524,3.1088998317718506,3.1088998317718506,-0.004484213888645172,-0.004484213888645172,178.1269029812336,178.1269029812336
1778551278.2371063,0.5435197353363037,3.1089534759521484,3.1089534759521484,-0.0012411677744239569,-0.0012411677744239569,178.1299765674591,178.1299765674591
1778551278.321528,0.5435197353363037,3.1089534759521484,3.1089534759521484,-0.0017162614967674017,-0.0017162614967674017,178.1299765674591,178.1299765674591
1778551278.3223357,0.5436437129974365,3.1089582443237305,3.1089582443237305,-0.0006684483960270882,-0.0006684483960270882,178.1302497751236,178.1302497751236
1778551278.3234046,0.5437161326408386,3.1088385581970215,3.1088385581970215,-0.0039632199332118034,-0.0039632199332118034,178.12339226274491,178.12339226274491
1778551278.3240476,0.5441741943359375,3.108860969543457,3.108860969543457,-0.005100192502140999,-0.005100192502140999,178.124676338768,178.124676338768
1778551278.325286,0.5442442297935486,3.108865261077881,3.108865261077881,-0.0026911082677543163,-0.0026911082677543163,178.12492222566604,178.12492222566604
1778551278.328429,0.5444382429122925,3.1088743209838867,3.1088743209838867,-0.003208732698112726,-0.003208732698112726,178.1254413202286,178.1254413202286
1778551278.3966906,0.5447022914886475,3.1088876724243164,3.1088876724243164,-0.0012136203004047275,-0.0012136203004047275,178.12620630168914,178.12620630168914
1778551278.3971643,0.5448964834213257,3.1088969707489014,3.1088969707489014,-0.0015161280753090978,-0.0015161280753090978,178.1267390566349,178.1267390566349
1778551278.3973846,0.5448964834213257,3.1088969707489014,3.1088969707489014,-0.0019461540505290031,-0.0019461540505290031,178.1267390566349,178.1267390566349
1778551278.3975563,0.544966459274292,3.108901262283325,3.108901262283325,-0.00023774482542648911,-0.00023774482542648911,178.12698494353293,178.12698494353293
1778551278.3990164,0.5451605916023254,3.108910322189331,3.108910322189331,-0.003080321941524744,-0.003080321941524744,178.12750403809548,178.12750403809548
1778551278.4683907,0.5452305674552917,3.108914613723755,3.108914613723755,-0.0028397729620337486,-0.0028397729620337486,178.1277499249935,178.1277499249935
1778551278.4685774,0.5454246997833252,3.1089236736297607,3.1089236736297607,-0.0042272331193089485,-0.0042272331193089485,178.12826901955606,178.12826901955606
1778551278.46881,0.5454947352409363,3.1089279651641846,3.1089279651641846,0.0013038559118285775,0.0013038559118285775,178.1285149064541,178.1285149064541
1778551278.468951,0.5457612872123718,3.1088171005249023,3.1088171005249023,0.00016934162704274058,0.00016934162704274058,178.1221628282547,178.1221628282547
1778551278.5288093,0.54595547914505,3.108826160430908,3.108826160430908,0.00016823905752971768,0.00016823905752971768,178.12268192281724,178.12268192281724
1778551278.5290108,0.5460255146026611,3.108830451965332,3.108830451965332,-0.0032950970344245434,-0.0032950970344245434,178.12292780971526,178.12292780971526
1778551278.5291593,0.5461496114730835,3.108835220336914,3.108835220336914,-0.003295416943728924,-0.003295416943728924,178.12320101737976,178.12320101737976
1778551278.5764296,0.5466780662536621,3.1088621616363525,3.1088621616363525,0.0017907138681039214,0.0017907138681039214,178.12474464068413,178.12474464068413
1778551278.5772493,0.5469423532485962,3.1088755130767822,3.1088755130767822,-0.003837296273559332,-0.003837296273559332,178.1255096221447,178.1255096221447
1778551278.6410995,0.547136664390564,3.108884572982788,3.108884572982788,-0.0006931584794074297,-0.0006931584794074297,178.12602871670722,178.12602871670722
1778551278.6422534,0.5472065806388855,3.108888864517212,3.108888864517212,-0.0042830780148506165,-0.0042830780148506165,178.12627460360528,178.12627460360528
1778551278.642663,0.5472065806388855,3.108888864517212,3.108888864517212,-0.0015240886714309454,-0.0015240886714309454,178.12627460360528,178.12627460360528
1778551278.705983,0.5474709272384644,3.1089024543762207,3.1089024543762207,0.0022245110012590885,0.0022245110012590885,178.12705324544908,178.12705324544908
1778551278.707143,0.5474709272384644,3.1089024543762207,3.1089024543762207,5.7303812354803085e-05,5.7303812354803085e-05,178.12705324544908,178.12705324544908
1778551278.7102537,0.5474709272384644,3.1089024543762207,3.1089024543762207,0.0004907668335363269,0.0004907668335363269,178.12705324544908,178.12705324544908
1778551278.7107255,0.547743558883667,3.1088459491729736,3.1088459491729736,-0.00015250312571879476,-0.00015250312571879476,178.12381573462486,178.12381573462486
1778551278.7853725,0.547743558883667,3.1088459491729736,3.1088459491729736,-0.0032385000959038734,-0.0032385000959038734,178.12381573462486,178.12381573462486
1778551278.7855856,0.5478679537773132,3.1088507175445557,3.1088507175445557,-0.0008829169673845172,-0.0008829169673845172,178.12408894228935,178.12408894228935
1778551278.7857234,0.5482046604156494,3.108743906021118,3.108743906021118,-0.004874636884778738,-0.004874636884778738,178.1179690906048,178.1179690906048
1778551278.786906,0.549386739730835,3.108802318572998,3.108802318572998,-0.0032977918162941933,-0.0032977918162941933,178.12131588449478,178.12131588449478
1778551278.7871058,0.5496512055397034,3.1088156700134277,3.1088156700134277,-0.0037721481639891863,-0.0037721481639891863,178.12208086595535,178.12208086595535
1778551278.8497014,0.5497211217880249,3.1088199615478516,3.1088199615478516,-0.004448196850717068,-0.004448196850717068,178.12232675285338,178.12232675285338
1778551278.8499043,0.5497211217880249,3.1088199615478516,3.1088199615478516,-0.0019821494352072477,-0.0019821494352072477,178.12232675285338,178.12232675285338
1778551278.8712695,0.5497211217880249,3.1088199615478516,3.1088199615478516,-0.0010489188134670258,-0.0010489188134670258,178.12232675285338,178.12232675285338
1778551278.8742938,0.5497211217880249,3.1088199615478516,3.1088199615478516,-0.0019340517465025187,-0.0019340517465025187,178.12232675285338,178.12232675285338
1778551278.875172,0.5499156713485718,3.1088290214538574,3.1088290214538574,0.0006047222996130586,0.0006047222996130586,178.12284584741593,178.12284584741593
1778551278.876304,0.5499156713485718,3.1088290214538574,3.1088290214538574,-0.0030471067875623703,-0.0030471067875623703,178.12284584741593,178.12284584741593
1778551278.8773143,0.5499156713485718,3.1088290214538574,3.1088290214538574,-0.0032052770256996155,-0.0032052770256996155,178.12284584741593,178.12284584741593
1778551278.8783154,0.5499880313873291,3.108708620071411,3.108708620071411,0.0002253857092000544,0.0002253857092000544,178.11594735388755,178.11594735388755
1778551278.9382415,0.550182580947876,3.108717679977417,3.108717679977417,-0.0013107117265462875,-0.0013107117265462875,178.1164664484501,178.1164664484501
1778551278.9384627,0.550182580947876,3.108717679977417,3.108717679977417,-0.0029167344328016043,-0.0029167344328016043,178.1164664484501,178.1164664484501
1778551278.9386318,0.550182580947876,3.108717679977417,3.108717679977417,-0.004632288124412298,-0.004632288124412298,178.1164664484501,178.1164664484501
1778551278.9866588,0.5503771305084229,3.108726739883423,3.108726739883423,-0.005279003642499447,-0.005279003642499447,178.11698554301262,178.11698554301262
1778551279.058766,0.550906240940094,3.1087534427642822,3.1087534427642822,0.000447751022875309,0.000447751022875309,178.11851550593377,178.11851550593377
1778551279.06379,0.5514354109764099,3.1087803840637207,3.1087803840637207,-5.3346273489296436e-05,-5.3346273489296436e-05,178.12005912923811,178.12005912923811
1778551279.0643594,0.5516999363899231,3.1087937355041504,3.1087937355041504,0.0032855356112122536,0.0032855356112122536,178.1208241106987,178.1208241106987
1778551279.0647533,0.5516999363899231,3.1087937355041504,3.1087937355041504,-0.004755531903356314,-0.004755531903356314,178.1208241106987,178.1208241106987
1778551279.136023,0.551964521408081,3.108807325363159,3.108807325363159,0.00014548655599355698,0.00014548655599355698,178.1216027525425,178.1216027525425
1778551279.136214,0.551964521408081,3.108807325363159,3.108807325363159,-4.403894126880914e-05,-4.403894126880914e-05,178.1216027525425,178.1216027525425
1778551279.137407,0.551964521408081,3.108807325363159,3.108807325363159,0.001718176994472742,0.001718176994472742,178.1216027525425,178.1216027525425
1778551279.1959958,0.551964521408081,3.108807325363159,3.108807325363159,-0.002313778270035982,-0.002313778270035982,178.1216027525425,178.1216027525425
1778551279.1961966,0.551964521408081,3.108807325363159,3.108807325363159,-0.002357817254960537,-0.002357817254960537,178.1216027525425,178.1216027525425
1778551279.1963375,0.551964521408081,3.108807325363159,3.108807325363159,0.00011982268188148737,0.00011982268188148737,178.1216027525425,178.1216027525425
1778551279.196476,0.551964521408081,3.108807325363159,3.108807325363159,0.004041681066155434,0.004041681066155434,178.1216027525425,178.1216027525425
1778551279.2581904,0.551964521408081,3.108807325363159,3.108807325363159,-0.004327933769673109,-0.004327933769673109,178.1216027525425,178.1216027525425
1778551279.2590003,0.551964521408081,3.108807325363159,3.108807325363159,-0.002442250493913889,-0.002442250493913889,178.1216027525425,178.1216027525425
1778551279.2865791,0.551964521408081,3.108807325363159,3.108807325363159,-0.0017928851302713156,-0.0017928851302713156,178.1216027525425,178.1216027525425
1778551279.2905505,0.552426278591156,3.1087045669555664,3.1087045669555664,-0.0017191801453009248,-0.0017191801453009248,178.11571512737274,178.11571512737274
1778551279.2909203,0.5524961948394775,3.1087090969085693,3.1087090969085693,-0.0023700131569057703,-0.0023700131569057703,178.115974674654,178.115974674654
1778551279.3660798,0.5526909232139587,3.108718156814575,3.108718156814575,-0.001003858633339405,-0.001003858633339405,178.11649376921653,178.11649376921653
1778551279.3662689,0.5526909232139587,3.108718156814575,3.108718156814575,-0.0021058889105916023,-0.0021058889105916023,178.11649376921653,178.11649376921653
1778551279.3664076,0.5526909232139587,3.108718156814575,3.108718156814575,-0.0014555281959474087,-0.0014555281959474087,178.11649376921653,178.11649376921653
1778551279.3665435,0.5526909232139587,3.108718156814575,3.108718156814575,-0.0028225951828062534,-0.0028225951828062534,178.11649376921653,178.11649376921653
1778551279.366679,0.5526909232139587,3.108718156814575,3.108718156814575,0.00018777523655444384,0.00018777523655444384,178.11649376921653,178.11649376921653
1778551279.367935,0.5526909232139587,3.108718156814575,3.108718156814575,-0.00015480691217817366,-0.00015480691217817366,178.11649376921653,178.11649376921653
