timestamp,theta_rad,gamma_rad,phi_rad,phi_rad/s,dgamma_radps,dphi_radps,gamma_deg
1.0184168,-0.0128640094771981,3.0967152118682861,0.0000000000000000,0.0000000000000000,0.0000000000000000,0.0000000000000000,177.4286956787109375
1.0282582,-0.0126914400607347,3.0967206954956055,0.0000000000000000,0.0108973244205117,-0.0032661966979504,0.0000000000000000,177.4290161132812500
1.0382242,-0.0125189302489161,3.0967259407043457,0.0000000000000000,0.0164438541978598,-0.0087449923157692,0.0000000000000000,177.4293212890625000
1.0482579,-0.0123464213684201,3.0967314243316650,0.0000000000000000,0.0240230523049831,-0.0098176449537277,0.0000000000000000,177.4296264648437500
1.0580738,-0.0121693341061473,3.0966501235961914,0.0000000000000000,0.0238273739814758,-0.0021280082874000,0.0000000000000000,177.4249725341796875
1.0680737,-0.0118243172764778,3.0966608524322510,0.0000000000000000,0.0279899034649134,0.0022900020703673,0.0000000000000000,177.4255828857421875
1.0779170,-0.0115699367597699,3.0966715812683105,0.0000000000000000,0.0266552865505219,0.0067141000181437,0.0000000000000000,177.4262084960937500
1.0878640,-0.0113144246861339,3.0966784954071045,0.0000000000000000,0.0287369322031736,0.0089184697717428,0.0000000000000000,177.4266052246093750
1.0979078,-0.0109694115817547,3.0966892242431641,0.0000000000000000,0.0311613976955414,0.0088536888360977,0.0000000000000000,177.4272155761718750
1.1078275,-0.0106243705376983,3.0966999530792236,0.0000000000000000,0.0323981419205666,0.0044511626474559,0.0000000000000000,177.4278259277343750
1.1176970,-0.0103661483153701,3.0967097282409668,0.0000000000000000,0.0314553603529930,-0.0021318434737623,0.0000000000000000,177.4283905029296875
1.1277225,-0.0100211091339588,3.0967204570770264,0.0000000000000000,0.0303656719624996,-0.0075877187773585,0.0000000000000000,177.4290008544921875
1.1375425,-0.0097565259784460,3.0965540409088135,0.0000000000000000,0.0271454546600580,-0.0119650382548571,0.0000000000000000,177.4194641113281250
1.1475165,-0.0095833111554384,3.0964734554290771,0.0000000000000000,0.0192712526768446,-0.0119160879403353,0.0000000000000000,177.4148559570312500
1.1575450,-0.0095833111554384,3.0964734554290771,0.0000000000000000,0.0052518001757562,-0.0075916838832200,0.0000000000000000,177.4148559570312500
1.1673855,-0.0095833111554384,3.0964734554290771,0.0000000000000000,-0.0035151655320078,0.0011416334891692,0.0000000000000000,177.4148559570312500
1.1773605,-0.0095833111554384,3.0964734554290771,0.0000000000000000,-0.0099550886079669,0.0022087483666837,0.0000000000000000,177.4148559570312500
1.1872690,-0.0097558144479990,3.0964682102203369,0.0000000000000000,-0.0117409238591790,-0.0098748812451959,0.0000000000000000,177.4145507812500000
1.1971900,-0.0098386760801077,3.0964667797088623,0.0000000000000000,-0.0135266808792949,-0.0077802650630474,0.0000000000000000,177.4144744873046875
1.2071825,-0.0100073730573058,3.0964605808258057,0.0000000000000000,-0.0167958214879036,-0.0077829449437559,0.0000000000000000,177.4141082763671875
1.2171898,-0.0101760113611817,3.0964546203613281,0.0000000000000000,-0.0179346613585949,-0.0066842250525951,0.0000000000000000,177.4137725830078125
1.2270062,-0.0102617563679814,3.0964498519897461,0.0000000000000000,-0.0138218076899648,-0.0077199530787766,0.0000000000000000,177.4134979248046875
1.2369905,-0.0104342913255095,3.0964446067810059,0.0000000000000000,-0.0117900082841516,-0.0000502881557622,0.0000000000000000,177.4131927490234375
1.2469633,-0.0106067676097155,3.0964391231536865,0.0000000000000000,-0.0141663495451212,0.0032658141572028,0.0000000000000000,177.4128875732421875
1.2568130,-0.0106067676097155,3.0964391231536865,0.0000000000000000,-0.0042603998444974,0.0087014399468899,0.0000000000000000,177.4128875732421875
1.2668395,-0.0106067676097155,3.0964391231536865,0.0000000000000000,-0.0033676330931485,0.0032940434757620,0.0000000000000000,177.4128875732421875
1.2768327,-0.0106067676097155,3.0964391231536865,0.0000000000000000,-0.0043096379376948,0.0010771828237921,0.0000000000000000,177.4128875732421875
1.2866517,-0.0106067676097155,3.0964391231536865,0.0000000000000000,-0.0052516423165798,-0.0033213391434401,0.0000000000000000,177.4128875732421875
1.2966565,-0.0106067676097155,3.0964391231536865,0.0000000000000000,-0.0071848896332085,-0.0055618393234909,0.0000000000000000,177.4128875732421875
1.3066567,-0.0106942905113101,3.0965242385864258,0.0000000000000000,-0.0113960513845086,-0.0045077740214765,0.0000000000000000,177.4177551269531250
1.3164715,-0.0107800364494324,3.0965197086334229,0.0000000000000000,-0.0116429366171360,-0.0011781920911744,0.0000000000000000,177.4174957275390625
1.3264685,-0.0107800364494324,3.0965197086334229,0.0000000000000000,-0.0042114411480725,-0.0000373625734937,0.0000000000000000,177.4174957275390625
1.3364568,-0.0107800364494324,3.0965197086334229,0.0000000000000000,0.0019336943514645,0.0033322905655950,0.0000000000000000,177.4174957275390625
1.3462692,-0.0107800364494324,3.0965197086334229,0.0000000000000000,0.0083245811983943,0.0033707129769027,0.0000000000000000,177.4174957275390625
1.3563265,-0.0106075014919043,3.0965249538421631,0.0000000000000000,0.0149612193927169,0.0088045503944159,0.0000000000000000,177.4178009033203125
1.3663077,-0.0104396194219589,3.0966169834136963,0.0000000000000000,0.0202132947742939,0.0143063021823764,0.0000000000000000,177.4230804443359375
1.3761033,-0.0102762486785650,3.0967955589294434,0.0000000000000000,0.0221976619213820,0.0154416579753160,0.0000000000000000,177.4333038330078125
1.3861293,-0.0100271329283714,3.0969789028167725,0.0000000000000000,0.0243800412863493,0.0176216214895248,0.0000000000000000,177.4438171386718750
1.3961215,-0.0097723966464400,3.0970716476440430,0.0000000000000000,0.0232446491718292,0.0165371056646109,0.0000000000000000,177.4491271972656250
1.4059408,-0.0096089830622077,3.0972502231597900,0.0000000000000000,0.0179917104542255,0.0175785049796104,0.0000000000000000,177.4593505859375000
1.4159530,-0.0095284832641482,3.0974271297454834,0.0000000000000000,0.0137800266966224,0.0153614459559321,0.0000000000000000,177.4694976806640625
1.4259535,-0.0095337582752109,3.0975997447967529,0.0000000000000000,0.0029803325887769,0.0186078045517206,0.0000000000000000,177.4793853759765625
1.4357660,-0.0095427893102169,3.0977730751037598,0.0000000000000000,-0.0047428882680833,0.0175345838069916,0.0000000000000000,177.4893188476562500
1.4457687,-0.0095427893102169,3.0977730751037598,0.0000000000000000,-0.0082018990069628,0.0099390847608447,0.0000000000000000,177.4893188476562500
1.4557723,-0.0095427893102169,3.0977730751037598,0.0000000000000000,-0.0132685424759984,0.0011269582901150,0.0000000000000000,177.4893188476562500
1.4655763,-0.0098840417340398,3.0977616310119629,0.0000000000000000,-0.0104677770286798,-0.0055523128248751,0.0000000000000000,177.4886627197265625
1.4755718,-0.0098802866414189,3.0977609157562256,0.0000000000000000,-0.0125038344413042,-0.0077707469463348,0.0000000000000000,177.4886169433593750
1.4855733,-0.0098802866414189,3.0977609157562256,0.0000000000000000,-0.0103720556944609,-0.0001231676142197,0.0000000000000000,177.4886169433593750
1.4953878,-0.0098802866414189,3.0977609157562256,0.0000000000000000,-0.0077718743123114,0.0033014896325767,0.0000000000000000,177.4886169433593750
1.5054185,-0.0098848054185510,3.0978474617004395,0.0000000000000000,-0.0057834987528622,0.0077088279649615,0.0000000000000000,177.4935760498046875
1.5154010,-0.0098848054185510,3.0978474617004395,0.0000000000000000,-0.0055920463055372,0.0109382672235370,0.0000000000000000,177.4935760498046875
1.5252337,-0.0098848054185510,3.0978474617004395,0.0000000000000000,-0.0020841676741838,0.0087041575461626,0.0000000000000000,177.4935760498046875
1.5352342,-0.0098900878801942,3.0980200767517090,0.0000000000000000,-0.0055920463055372,0.0087566059082747,0.0000000000000000,177.5034637451171875
1.5452353,-0.0100679351016879,3.0981872081756592,0.0000000000000000,-0.0087183630093932,0.0141770401969552,0.0000000000000000,177.5130462646484375
1.5551428,-0.0102412253618240,3.0982677936553955,0.0000000000000000,-0.0153045803308487,0.0174575932323933,0.0000000000000000,177.5176544189453125
1.5650480,-0.0103269712999463,3.0982632637023926,0.0000000000000000,-0.0154462819918990,0.0142186712473631,0.0000000000000000,177.5173950195312500
1.5750848,-0.0103269712999463,3.0982632637023926,0.0000000000000000,-0.0109453201293945,0.0065513602457941,0.0000000000000000,177.5173950195312500
1.5848647,-0.0103269712999463,3.0982632637023926,0.0000000000000000,-0.0064443415030837,0.0021562241017818,0.0000000000000000,177.5173950195312500
1.5948843,-0.0103269712999463,3.0982632637023926,0.0000000000000000,-0.0083404537290335,0.0031785503961146,0.0000000000000000,177.5173950195312500
1.6048710,-0.0104145538061857,3.0983483791351318,0.0000000000000000,-0.0094302613288164,-0.0011852609459311,0.0000000000000000,177.5222778320312500
1.6146845,-0.0104145538061857,3.0983483791351318,0.0000000000000000,-0.0115163456648588,-0.0023005672264844,0.0000000000000000,177.5222778320312500
1.6246850,-0.0104145538061857,3.0983483791351318,0.0000000000000000,-0.0095253540202975,-0.0022541836369783,0.0000000000000000,177.5222778320312500
1.6347045,-0.0104145538061857,3.0983483791351318,0.0000000000000000,-0.0097611416131258,-0.0043790936470032,0.0000000000000000,177.5222778320312500
1.6445042,-0.0104145538061857,3.0983483791351318,0.0000000000000000,-0.0052132671698928,-0.0022408687509596,0.0000000000000000,177.5222778320312500
1.6545032,-0.0104145538061857,3.0983483791351318,0.0000000000000000,-0.0074872043915093,0.0010533418972045,0.0000000000000000,177.5222778320312500
1.6645060,-0.0104145538061857,3.0983483791351318,0.0000000000000000,-0.0041234563104808,-0.0022403777111322,0.0000000000000000,177.5222778320312500
1.6743603,-0.0104145538061857,3.0983483791351318,0.0000000000000000,-0.0017552045173943,-0.0001031350329868,0.0000000000000000,177.5222778320312500
1.6842177,-0.0104092564433813,3.0981757640838623,0.0000000000000000,-0.0028921731282026,-0.0033647683449090,0.0000000000000000,177.5123901367187500
1.6943382,-0.0104091558605433,3.0977473258972168,0.0000000000000000,-0.0074865831993520,-0.0207632686942816,0.0000000000000000,177.4878387451171875
1.7041595,-0.0105810947716236,3.0972275733947754,0.0000000000000000,-0.0038150954060256,-0.0386237949132919,0.0000000000000000,177.4580535888671875
1.7141820,-0.0105764269828796,3.0966265201568604,0.0000000000000000,-0.0153254773467779,-0.0493881925940514,0.0000000000000000,177.4236145019531250
1.7241898,-0.0107350731268525,3.0957612991333008,0.0000000000000000,-0.0069577097892761,-0.0681135356426239,0.0000000000000000,177.3740539550781250
1.7341940,-0.0107181631028652,3.0949862003326416,0.0000000000000000,-0.0065077417530119,-0.0824022591114044,0.0000000000000000,177.3296356201171875
1.7439878,-0.0107060037553310,3.0942976474761963,0.0000000000000000,-0.0015754618216306,-0.0814502462744713,0.0000000000000000,177.2901916503906250
1.7539885,-0.0106990886852145,3.0937817096710205,0.0000000000000000,-0.0089681390672922,-0.0716953873634338,0.0000000000000000,177.2606201171875000
1.7639962,-0.0107018789276481,3.0935249328613281,0.0000000000000000,-0.0059223501011729,-0.0509215369820595,0.0000000000000000,177.2459106445312500
1.7738135,-0.0107093155384064,3.0933549404144287,0.0000000000000000,-0.0085291406139731,-0.0268310215324163,0.0000000000000000,177.2361755371093750
1.7838132,-0.0107164792716503,3.0930988788604736,0.0000000000000000,-0.0057934271171689,-0.0179857052862644,0.0000000000000000,177.2214965820312500
1.7937603,-0.0107189789414406,3.0926704406738281,0.0000000000000000,-0.0020302401389927,-0.0265812855213881,0.0000000000000000,177.1969604492187500
1.8037138,-0.0107164643704891,3.0918977260589600,0.0000000000000000,0.0007306716870517,-0.0744708627462387,0.0000000000000000,177.1526794433593750
1.8136443,-0.0107968309894204,3.0910379886627197,0.0000000000000000,0.0007816306315362,-0.0897660255432129,0.0000000000000000,177.1034240722656250
1.8235732,-0.0108722243458033,3.0900876522064209,0.0000000000000000,0.0021949226502329,-0.0974777862429619,0.0000000000000000,177.0489654541015625
1.8335075,-0.0108624445274472,3.0891416072845459,0.0000000000000000,-0.0007414687424898,-0.0964668020606041,0.0000000000000000,176.9947662353515625
1.8434743,-0.0108486451208591,3.0882806777954102,0.0000000000000000,0.0063698966987431,-0.0889579877257347,0.0000000000000000,176.9454345703125000
1.8534863,-0.0108352079987526,3.0873336791992188,0.0000000000000000,0.0088583715260029,-0.0890282019972801,0.0000000000000000,176.8911743164062500
1.8634735,-0.0106494054198265,3.0865631103515625,0.0000000000000000,0.0162444412708282,-0.0848384946584702,0.0000000000000000,176.8470306396484375
1.8734758,-0.0105447601526976,3.0857872962951660,0.0000000000000000,0.0131393745541573,-0.0783343166112900,0.0000000000000000,176.8025817871093750
1.8834788,-0.0101821506395936,3.0849344730377197,0.0000000000000000,0.0251657031476498,-0.0870672985911369,0.0000000000000000,176.7537231445312500
1.8934828,-0.0098104858770967,3.0838224887847900,0.0000000000000000,0.0411997400224209,-0.1221158802509308,0.0000000000000000,176.6900024414062500
1.9034867,-0.0091663282364607,3.0821974277496338,0.0000000000000000,0.0733416303992271,-0.1625564992427826,0.0000000000000000,176.5968933105468750
1.9134899,-0.0080769527703524,3.0803263187408447,0.0000000000000000,0.1042232066392899,-0.1942312717437744,0.0000000000000000,176.4896850585937500
1.9234903,-0.0068966397084296,3.0781965255737305,0.0000000000000000,0.1249228641390800,-0.2105743736028671,0.0000000000000000,176.3676605224609375
1.9334903,-0.0057218498550355,3.0760672092437744,0.0000000000000000,0.1257463991641998,-0.2247163951396942,0.0000000000000000,176.2456665039062500
1.9434930,-0.0047916206531227,3.0735888481140137,0.0000000000000000,0.0912017747759819,-0.2563860714435577,0.0000000000000000,176.1036529541015625
1.9535007,-0.0036730587016791,3.0707638263702393,0.0000000000000000,0.1128606498241425,-0.2946184277534485,0.0000000000000000,175.9418029785156250
1.9634968,-0.0022864064667374,3.0676040649414062,0.0000000000000000,0.1472642421722412,-0.3240709006786346,0.0000000000000000,175.7607574462890625
1.9734993,-0.0011485109571368,3.0640897750854492,0.0000000000000000,0.1199871003627777,-0.3556680083274841,0.0000000000000000,175.5594024658203125
1.9835037,0.0000808537006378,3.0604088306427002,0.0000000000000000,0.1219960078597069,-0.3763609230518341,0.0000000000000000,175.3484954833984375
1.9935012,0.0014849161962047,3.0568120479583740,0.0000000000000000,0.1390008777379990,-0.3850610852241516,0.0000000000000000,175.1424255371093750
2.0035033,0.0030639816541225,3.0528824329376221,0.0000000000000000,0.1666178554296494,-0.3981303870677948,0.0000000000000000,174.9172668457031250
2.0135047,0.0046434123069048,3.0489451885223389,0.0000000000000000,0.1585880666971207,-0.4090309441089630,0.0000000000000000,174.6916809082031250
2.0235102,0.0061334311030805,3.0448367595672607,0.0000000000000000,0.1581985503435135,-0.4200024902820587,0.0000000000000000,174.4562835693359375
2.0335088,0.0073624285869300,3.0406303405761719,0.0000000000000000,0.1235623136162758,-0.4353284835815430,0.0000000000000000,174.2152709960937500
2.0435095,0.0083417966961861,3.0360765457153320,0.0000000000000000,0.1077721491456032,-0.4669317603111267,0.0000000000000000,173.9543609619140625
2.0535131,0.0094347763806581,3.0311777591705322,0.0000000000000000,0.1080942675471306,-0.5092847347259521,0.0000000000000000,173.6736755371093750
2.0635123,0.0097678368911147,3.0260827541351318,0.0000000000000000,0.0296241044998169,-0.5264984369277954,0.0000000000000000,173.3817596435546875
2.0735154,0.0104504190385342,3.0210835933685303,0.0000000000000000,0.0758854746818542,-0.5078553557395935,0.0000000000000000,173.0953369140625000
2.0835171,0.0115442713722587,3.0167036056518555,0.0000000000000000,0.1039223000407219,-0.4589004516601562,0.0000000000000000,172.8443756103515625
2.0935173,0.0120975496247411,3.0128257274627686,0.0000000000000000,0.0649588778614998,-0.3945687413215637,0.0000000000000000,172.6221923828125000
2.1035187,0.0121240904554725,3.0095372200012207,0.0000000000000000,0.0111132767051458,-0.3442807793617249,0.0000000000000000,172.4337768554687500
2.1135213,0.0122333839535713,3.0064287185668945,0.0000000000000000,0.0148350242525339,-0.3138095736503601,0.0000000000000000,172.2556610107421875
2.1235282,0.0121617931872606,3.0036602020263672,0.0000000000000000,-0.0127373393625021,-0.2929947972297668,0.0000000000000000,172.0970458984375000
2.1335273,0.0119998799636960,3.0010557174682617,0.0000000000000000,-0.0202013067901134,-0.2744400203227997,0.0000000000000000,171.9478149414062500
2.1435401,0.0116588696837425,2.9985435009002686,0.0000000000000000,-0.0312008857727051,-0.2614555656909943,0.0000000000000000,171.8038787841796875
2.1535320,0.0114686433225870,2.9961080551147461,0.0000000000000000,-0.0220514256507158,-0.2442576736211777,0.0000000000000000,171.6643371582031250
2.1635346,0.0112741775810719,2.9938571453094482,0.0000000000000000,-0.0143472710624337,-0.2323481291532516,0.0000000000000000,171.5353698730468750
2.1735380,0.0114233857020736,2.9916028976440430,0.0000000000000000,0.0124206393957138,-0.2324921339750290,0.0000000000000000,171.4062042236328125
2.1835382,0.0114059653133154,2.9891848564147949,0.0000000000000000,-0.0064715021289885,-0.2454257458448410,0.0000000000000000,171.2676696777343750
2.1935406,0.0115691917017102,2.9866733551025391,0.0000000000000000,0.0135161317884922,-0.2660605013370514,0.0000000000000000,171.1237640380859375
2.2035427,0.0117467958480120,2.9839041233062744,0.0000000000000000,0.0197690054774284,-0.2834601104259491,0.0000000000000000,170.9651031494140625
2.2135460,0.0118347378447652,2.9810526371002197,0.0000000000000000,0.0041606882587075,-0.2932077050209045,0.0000000000000000,170.8017272949218750
2.2235484,0.0118552874773741,2.9782798290252686,0.0000000000000000,0.0074153095483780,-0.2876796722412109,0.0000000000000000,170.6428527832031250
2.2335517,0.0117767900228500,2.9755105972290039,0.0000000000000000,-0.0090017858892679,-0.2790253758430481,0.0000000000000000,170.4841918945312500
2.2435546,0.0114355608820915,2.9728987216949463,0.0000000000000000,-0.0268831364810467,-0.2768616378307343,0.0000000000000000,170.3345336914062500
2.2535555,0.0110999280586839,2.9701149463653564,0.0000000000000000,-0.0388250462710857,-0.2833252549171448,0.0000000000000000,170.1750488281250000
2.2635603,0.0102692376822233,2.9671456813812256,0.0000000000000000,-0.0779644995927811,-0.3094002902507782,0.0000000000000000,170.0049133300781250
2.2735677,0.0097784763202071,2.9640994071960449,0.0000000000000000,-0.0637651085853577,-0.3138732314109802,0.0000000000000000,169.8303833007812500
2.2839212,0.0092835752293468,2.9612247943878174,0.0000000000000000,-0.0396735221147537,-0.2964521348476410,0.0000000000000000,169.6656799316406250
2.2950561,0.0085916528478265,2.9586877822875977,0.0000000000000000,-0.0688700601458549,-0.2626706957817078,0.0000000000000000,169.5203094482421875
2.3055732,0.0076377536170185,2.9565811157226562,0.0000000000000000,-0.1069472953677177,-0.2179294824600220,0.0000000000000000,169.3996124267578125
2.3181393,0.0069964504800737,2.9549987316131592,0.0000000000000000,-0.0652733147144318,-0.1591171175241470,0.0000000000000000,169.3089447021484375
2.3235700,0.0067694704048336,2.9539523124694824,0.0000000000000000,-0.0173526983708143,-0.1047046035528183,0.0000000000000000,169.2489929199218750
2.3383288,0.0066079082898796,2.9536037445068359,0.0000000000000000,-0.0235227793455124,-0.0425497479736805,0.0000000000000000,169.2290191650390625
2.3479950,0.0062643103301525,2.9535934925079346,0.0000000000000000,-0.0262256357818842,0.0021192417480052,0.0000000000000000,169.2284393310546875
2.3587916,0.0059045003727078,2.9535825252532959,0.0000000000000000,-0.0360740981996059,-0.0022360526490957,0.0000000000000000,169.2277984619140625
2.3688529,0.0056570176966488,2.9532232284545898,0.0000000000000000,-0.0274018514901400,-0.0381679609417915,0.0000000000000000,169.2072143554687500
2.3788645,0.0055056791752577,2.9525310993194580,0.0000000000000000,-0.0202051028609276,-0.0730261728167534,0.0000000000000000,169.1675567626953125
2.3888288,0.0054560909047723,2.9515762329101562,0.0000000000000000,-0.0026455111801624,-0.0893964171409607,0.0000000000000000,169.1128540039062500
2.3986487,0.0054122512228787,2.9507074356079102,0.0000000000000000,-0.0123594030737877,-0.0904168933629990,0.0000000000000000,169.0630798339843750
2.4086695,0.0052025252953172,2.9499201774597168,0.0000000000000000,-0.0188022796064615,-0.0849268361926079,0.0000000000000000,169.0179595947265625
2.4186025,0.0052558239549398,2.9489603042602539,0.0000000000000000,-0.0035476977936924,-0.0947888568043709,0.0000000000000000,168.9629669189453125
2.4285135,0.0043751737102866,2.9476370811462402,0.0000000000000000,-0.0842965096235275,-0.1372005492448807,0.0000000000000000,168.8871612548828125
2.4384911,0.0042951274663210,2.9459857940673828,0.0000000000000000,-0.0129784625023603,-0.1678065508604050,0.0000000000000000,168.7925415039062500
2.4484255,0.0048791663721204,2.9440100193023682,0.0000000000000000,0.0639598518610001,-0.1985187530517578,0.0000000000000000,168.6793365478515625
2.4583371,0.0052282339893281,2.9418473243713379,0.0000000000000000,0.0335902534425259,-0.2333511859178543,0.0000000000000000,168.5554199218750000
2.4683366,0.0047125988639891,2.9393141269683838,0.0000000000000000,-0.0478688068687916,-0.2595030367374420,0.0000000000000000,168.4102783203125000
2.4781547,0.0037177030462772,2.9367671012878418,0.0000000000000000,-0.1080109551548958,-0.2572057545185089,0.0000000000000000,168.2643585205078125
2.4881415,0.0030388580635190,2.9345724582672119,0.0000000000000000,-0.0647625625133514,-0.2376641035079956,0.0000000000000000,168.1386108398437500
2.4981372,0.0026923301629722,2.9324738979339600,0.0000000000000000,-0.0387192405760288,-0.2170065790414810,0.0000000000000000,168.0183715820312500
2.5079610,0.0025414256379008,2.9302093982696533,0.0000000000000000,-0.0159064233303070,-0.2235391736030579,0.0000000000000000,167.8886260986328125
2.5179620,0.0024531509261578,2.9281275272369385,0.0000000000000000,-0.0146205108612776,-0.2148289829492569,0.0000000000000000,167.7693328857421875
2.5279627,0.0020101643167436,2.9261205196380615,0.0000000000000000,-0.0443128421902657,-0.2083196341991425,0.0000000000000000,167.6543426513671875
2.5378120,0.0011321867350489,2.9240045547485352,0.0000000000000000,-0.0805195942521095,-0.2181262373924255,0.0000000000000000,167.5331115722656250
2.5477777,-0.0000587664544582,2.9215352535247803,0.0000000000000000,-0.1174084618687630,-0.2497607469558716,0.0000000000000000,167.3916320800781250
2.5577865,-0.0007291250512935,2.9189105033874512,0.0000000000000000,-0.0754412934184074,-0.2770729362964630,0.0000000000000000,167.2412414550781250
2.5676005,-0.0013142678653821,2.9160211086273193,0.0000000000000000,-0.0618466399610043,-0.3032571077346802,0.0000000000000000,167.0756988525390625
2.5776277,-0.0024077505804598,2.9129438400268555,0.0000000000000000,-0.1085332855582237,-0.3032895922660828,0.0000000000000000,166.8993835449218750
2.5876021,-0.0035042425151914,2.9102950096130371,0.0000000000000000,-0.1133604273200035,-0.2771264314651489,0.0000000000000000,166.7476196289062500
2.5974255,-0.0048811929300427,2.9080758094787598,0.0000000000000000,-0.1424672752618790,-0.2280815839767456,0.0000000000000000,166.6204681396484375
2.6073985,-0.0057544913142920,2.9062154293060303,0.0000000000000000,-0.0888388603925705,-0.1986179202795029,0.0000000000000000,166.5138702392578125
2.6174347,-0.0062921573407948,2.9042806625366211,0.0000000000000000,-0.0587638169527054,-0.1887302845716476,0.0000000000000000,166.4030151367187500
2.6272454,-0.0067501543089747,2.9025299549102783,0.0000000000000000,-0.0439490042626858,-0.1931015551090240,0.0000000000000000,166.3027038574218750
2.6372559,-0.0071162772364914,2.9006006717681885,0.0000000000000000,-0.0447170175611973,-0.1887190788984299,0.0000000000000000,166.1921691894531250
2.6472499,-0.0075740683823824,2.8988499641418457,0.0000000000000000,-0.0531719326972961,-0.1843394786119461,0.0000000000000000,166.0918579101562500
2.6570697,-0.0080527896061540,2.8970994949340820,0.0000000000000000,-0.0409927330911160,-0.1842996180057526,0.0000000000000000,165.9915618896484375
2.6670525,-0.0084187528118491,2.8951699733734131,0.0000000000000000,-0.0336000509560108,-0.1919903457164764,0.0000000000000000,165.8810119628906250
2.6768746,-0.0086268065497279,2.8933315277099609,0.0000000000000000,-0.0277904085814953,-0.1984669417142868,0.0000000000000000,165.7756805419921875
2.6868987,-0.0089238872751594,2.8912444114685059,0.0000000000000000,-0.0331060923635960,-0.2049835473299026,0.0000000000000000,165.6560974121093750
2.6968968,-0.0093141989782453,2.8890583515167236,0.0000000000000000,-0.0390013493597507,-0.2234380096197128,0.0000000000000000,165.5308380126953125
2.7067180,-0.0097653819248080,2.8864305019378662,0.0000000000000000,-0.0492677167057991,-0.2715464234352112,0.0000000000000000,165.3802795410156250
2.7167277,-0.0104396864771843,2.8834407329559326,0.0000000000000000,-0.0724170953035355,-0.3164153099060059,0.0000000000000000,165.2089691162109375
2.7267234,-0.0112739689648151,2.8801031112670898,0.0000000000000000,-0.0793205648660660,-0.3384115099906921,0.0000000000000000,165.0177459716796875
2.7365379,-0.0117343971505761,2.8768615722656250,0.0000000000000000,-0.0489471815526485,-0.3341583311557770,0.0000000000000000,164.8320159912109375
2.7465286,-0.0120248114690185,2.8740530014038086,0.0000000000000000,-0.0243606567382812,-0.2906230986118317,0.0000000000000000,164.6710968017578125
2.7565427,-0.0119760250672698,2.8717064857482910,0.0000000000000000,-0.0021414523944259,-0.2470788806676865,0.0000000000000000,164.5366516113281250
2.7665248,-0.0120018953457475,2.8694307804107666,0.0000000000000000,-0.0001768572255969,-0.2253894805908203,0.0000000000000000,164.4062652587890625
2.7763941,-0.0120411142706871,2.8672404289245605,0.0000000000000000,-0.0055458499118686,-0.2231189459562302,0.0000000000000000,164.2807617187500000
2.7863445,-0.0125075150281191,2.8650474548339844,0.0000000000000000,-0.0445537269115448,-0.2285985946655273,0.0000000000000000,164.1551208496093750
2.7961886,-0.0128035657107830,2.8625798225402832,0.0000000000000000,-0.0322888046503067,-0.2568711936473846,0.0000000000000000,164.0137329101562500
2.8061831,-0.0133743286132812,2.8599448204040527,0.0000000000000000,-0.0488215684890747,-0.2687995135784149,0.0000000000000000,163.8627624511718750
2.8162026,-0.0137943234294653,2.8575718402862549,0.0000000000000000,-0.0538552775979042,-0.2512362003326416,0.0000000000000000,163.7267913818359375
2.8261709,-0.0143960062414408,2.8555345535278320,0.0000000000000000,-0.0542751178145409,-0.2129932790994644,0.0000000000000000,163.6100616455078125
2.8359959,-0.0154811963438988,2.8526248931884766,0.0000000000000000,-0.0568189844489098,-0.1660305112600327,0.0000000000000000,163.4433593750000000
2.8460178,-0.0154811963438988,2.8526248931884766,0.0000000000000000,-0.0539474599063396,-0.1343852579593658,0.0000000000000000,163.4433593750000000
2.8558233,-0.0164177529513836,2.8504040241241455,0.0000000000000000,-0.0560386702418327,-0.1180324107408524,0.0000000000000000,163.3161163330078125
2.8658199,-0.0168935079127550,2.8493363857269287,0.0000000000000000,-0.0415856018662453,-0.1102663651108742,0.0000000000000000,163.2549438476562500
2.8758247,-0.0171297825872898,2.8483760356903076,0.0000000000000000,-0.0438812747597694,-0.1080228462815285,0.0000000000000000,163.1999206542968750
2.8856351,-0.0173482354730368,2.8473048210144043,0.0000000000000000,-0.0281170010566711,-0.0969756022095680,0.0000000000000000,163.1385345458984375
2.8956451,-0.0178124792873859,2.8458957672119141,0.0000000000000000,-0.0297682620584965,-0.1036865860223770,0.0000000000000000,163.0578002929687500
2.9056675,-0.0181786902248859,2.8441355228424072,0.0000000000000000,-0.0419192425906658,-0.1443390399217606,0.0000000000000000,162.9569549560546875
2.9154661,-0.0183585211634636,2.8422958850860596,0.0000000000000000,-0.0294533260166645,-0.1857920587062836,0.0000000000000000,162.8515472412109375
2.9254532,-0.0187188256531954,2.8403649330139160,0.0000000000000000,-0.0242179296910763,-0.1942212581634521,0.0000000000000000,162.7409210205078125
2.9354610,-0.0189766045659781,2.8383386135101318,0.0000000000000000,-0.0373601168394089,-0.1909843683242798,0.0000000000000000,162.6248168945312500
2.9452808,-0.0193989556282759,2.8361353874206543,0.0000000000000000,-0.0324003361165524,-0.2130345851182938,0.0000000000000000,162.4985809326171875
2.9553332,-0.0199971571564674,2.8340961933135986,0.0000000000000000,-0.0449592433869839,-0.2241616398096085,0.0000000000000000,162.3817443847656250
2.9653125,-0.0203567203134298,2.8321654796600342,0.0000000000000000,-0.0517022274434566,-0.2120411098003387,0.0000000000000000,162.2711181640625000
2.9751046,-0.0207170508801937,2.8306601047515869,0.0000000000000000,-0.0375324338674545,-0.1935311853885651,0.0000000000000000,162.1848754882812500
2.9851265,-0.0210877303034067,2.8290700912475586,0.0000000000000000,-0.0332700833678246,-0.1628265380859375,0.0000000000000000,162.0937652587890625
2.9951122,-0.0214525181800127,2.8273096084594727,0.0000000000000000,-0.0315069779753685,-0.1551610380411148,0.0000000000000000,161.9929046630859375
3.0049293,-0.0220600347965956,2.8251852989196777,0.0000000000000000,-0.0469429343938828,-0.1877041906118393,0.0000000000000000,161.8711853027343750
3.0149319,-0.0224804151803255,2.8229813575744629,0.0000000000000000,-0.0555860772728920,-0.2161834388971329,0.0000000000000000,161.7449035644531250
3.0249538,-0.0233300030231476,2.8204927444458008,0.0000000000000000,-0.0579796321690083,-0.2292720228433609,0.0000000000000000,161.6023254394531250
3.0347466,-0.0241567324846983,2.8177478313446045,0.0000000000000000,-0.0807292833924294,-0.2534578740596771,0.0000000000000000,161.4450531005859375
3.0447474,-0.0248961392790079,2.8149919509887695,0.0000000000000000,-0.0827374756336212,-0.2831127941608429,0.0000000000000000,161.2871551513671875
3.0547791,-0.0254092998802662,2.8122606277465820,0.0000000000000000,-0.0799206122756004,-0.2896295487880707,0.0000000000000000,161.1306610107421875
3.0645838,-0.0259111654013395,2.8096137046813965,0.0000000000000000,-0.0589404627680779,-0.2815947234630585,0.0000000000000000,160.9790039062500000
3.0745823,-0.0263954792171717,2.8068811893463135,0.0000000000000000,-0.0478645302355289,-0.2740168273448944,0.0000000000000000,160.8224334716796875
3.0845850,-0.0270725321024656,2.8043978214263916,0.0000000000000000,-0.0611904636025429,-0.2709659337997437,0.0000000000000000,160.6801452636718750
3.0944295,-0.0277493000030518,2.8019142150878906,0.0000000000000000,-0.0666567906737328,-0.2655481696128845,0.0000000000000000,160.5378570556640625
3.1044300,-0.0284549836069345,2.7994318008422852,0.0000000000000000,-0.0581451170146465,-0.2489586025476456,0.0000000000000000,160.3956146240234375
3.1144328,-0.0291789155453444,2.7966108322143555,0.0000000000000000,-0.0789561942219734,-0.2629655599594116,0.0000000000000000,160.2339935302734375
3.1242325,-0.0299360714852810,2.7935073375701904,0.0000000000000000,-0.0777449682354927,-0.2961342930793762,0.0000000000000000,160.0561676025390625
3.1342344,-0.0304292868822813,2.7905130386352539,0.0000000000000000,-0.0700562521815300,-0.3162470161914825,0.0000000000000000,159.8846130371093750
3.1442349,-0.0310271587222815,2.7880403995513916,0.0000000000000000,-0.0561083033680916,-0.2986945211887360,0.0000000000000000,159.7429351806640625
3.1540589,-0.0315111726522446,2.7860085964202881,0.0000000000000000,-0.0569067485630512,-0.2608272731304169,0.0000000000000000,159.6265258789062500
3.1640685,-0.0317285880446434,2.7845101356506348,0.0000000000000000,-0.0496084503829479,-0.2077923417091370,0.0000000000000000,159.5406646728515625
3.1739414,-0.0317840091884136,2.7836422920227051,0.0000000000000000,-0.0066352747380733,-0.0926513671875000,0.0000000000000000,159.4909515380859375
3.1839895,-0.0316735729575157,2.7833745479583740,0.0000000000000000,-0.0066371653228998,-0.0926514342427254,0.0000000000000000,159.4756011962890625
3.1939223,-0.0316233895719051,2.7837109565734863,0.0000000000000000,0.0096870623528957,0.0252615120261908,0.0000000000000000,159.4948730468750000
3.2038567,-0.0315083712339401,2.7841520309448242,0.0000000000000000,0.0055904434993863,0.0459402985870838,0.0000000000000000,159.5201568603515625
3.2137876,-0.0313990749418736,2.7847626209259033,0.0000000000000000,0.0143922921270132,0.0657191649079323,0.0000000000000000,159.5551300048828125
3.2237461,-0.0309404060244560,2.7859251499176025,0.0000000000000000,0.0436005890369415,0.1178753152489662,0.0000000000000000,159.6217498779296875
3.2337246,-0.0302866399288177,2.7876865863800049,0.0000000000000000,0.0752921923995018,0.1870942860841751,0.0000000000000000,159.7226715087890625
3.2437298,-0.0295801684260368,2.7898924350738525,0.0000000000000000,0.0715303793549538,0.2276907861232758,0.0000000000000000,159.8490600585937500
3.2537258,-0.0288273263722658,2.7922883033752441,0.0000000000000000,0.0776023194193840,0.2415286451578140,0.0000000000000000,159.9863281250000000
3.2637289,-0.0280451923608780,2.7949593067169189,0.0000000000000000,0.0835985094308853,0.2693424224853516,0.0000000000000000,160.1393585205078125
3.2737353,-0.0269697997719049,2.7981545925140381,0.0000000000000000,0.0994898676872253,0.3300811350345612,0.0000000000000000,160.3224334716796875
3.2837424,-0.0260186493396759,2.8019862174987793,0.0000000000000000,0.1023455858230591,0.4024443030357361,0.0000000000000000,160.5419769287109375
3.2937365,-0.0251844916492701,2.8063950538635254,0.0000000000000000,0.0735059306025505,0.4482175409793854,0.0000000000000000,160.7945861816406250
3.3037369,-0.0243106484413147,2.8109080791473389,0.0000000000000000,0.0676974356174469,0.4686625897884369,0.0000000000000000,161.0531616210937500
3.3137426,-0.0238250941038132,2.8156645298004150,0.0000000000000000,0.0422696694731712,0.4855539202690125,0.0000000000000000,161.3256835937500000
3.3237479,-0.0231422390788794,2.8206160068511963,0.0000000000000000,0.0594906434416771,0.5113580822944641,0.0000000000000000,161.6093902587890625
3.3337436,-0.0222833715379238,2.8259983062744141,0.0000000000000000,0.1008201614022255,0.5536941885948181,0.0000000000000000,161.9177703857421875
3.3437464,-0.0211927704513073,2.8320913314819336,0.0000000000000000,0.1087967231869698,0.6278747916221619,0.0000000000000000,162.2668762207031250
3.3537524,-0.0199494175612926,2.8388714790344238,0.0000000000000000,0.1281350851058960,0.6930378079414368,0.0000000000000000,162.6553497314453125
3.3637562,-0.0189076010137796,2.8455603122711182,0.0000000000000000,0.1118769943714142,0.6978556513786316,0.0000000000000000,163.0385894775390625
3.3737495,-0.0179583244025707,2.8518917560577393,0.0000000000000000,0.0927622914314270,0.6501920819282532,0.0000000000000000,163.4013519287109375
3.3837490,-0.0174075216054916,2.8575124740600586,0.0000000000000000,0.0591031387448311,0.5799286961555481,0.0000000000000000,163.7233886718750000
3.3937528,-0.0166481267660856,2.8625154495239258,0.0000000000000000,0.0712259933352470,0.5197926163673401,0.0000000000000000,164.0100402832031250
3.4037533,-0.0157131757587194,2.8675234317779541,0.0000000000000000,0.1006064042448997,0.5134021639823914,0.0000000000000000,164.2969818115234375
3.4137561,-0.0146076474338770,2.8727068901062012,0.0000000000000000,0.1112860664725304,0.5425586700439453,0.0000000000000000,164.5939788818359375
3.4237583,-0.0139170419424772,2.8779728412628174,0.0000000000000000,0.0743947550654411,0.5401450991630554,0.0000000000000000,164.8956909179687500
3.4337592,-0.0133358910679817,2.8824393749237061,0.0000000000000000,0.0488599091768265,0.4513728618621826,0.0000000000000000,165.1515960693359375
3.4437602,-0.0124739361926913,2.8857901096343994,0.0000000000000000,0.0929250121116638,0.3543747961521149,0.0000000000000000,165.3435821533203125
3.4537630,-0.0116117708384991,2.8888614177703857,0.0000000000000000,0.0809526965022087,0.3118119537830353,0.0000000000000000,165.5195617675781250
3.4637640,-0.0108385272324085,2.8921120166778564,0.0000000000000000,0.0843834877014160,0.3400639593601227,0.0000000000000000,165.7058105468750000
3.4737661,-0.0096463272348046,2.8961553573608398,0.0000000000000000,0.1271630674600601,0.4099251925945282,0.0000000000000000,165.9374694824218750
3.4837723,-0.0082090226933360,2.9007294178009033,0.0000000000000000,0.1457417458295822,0.4839482009410858,0.0000000000000000,166.1995391845703125
3.4937685,-0.0071853124536574,2.9056227207183838,0.0000000000000000,0.1026254445314407,0.5000748634338379,0.0000000000000000,166.4799041748046875
3.5037706,-0.0065515846945345,2.9102568626403809,0.0000000000000000,0.0597297511994839,0.4735801815986633,0.0000000000000000,166.7454223632812500
3.5137727,-0.0057305707596242,2.9143612384796143,0.0000000000000000,0.0869379341602325,0.4278059303760529,0.0000000000000000,166.9805908203125000
3.5237730,-0.0047280257567763,2.9181272983551025,0.0000000000000000,0.0989990755915642,0.3950632512569427,0.0000000000000000,167.1963653564453125
3.5337753,-0.0038154814392328,2.9220719337463379,0.0000000000000000,0.0961204171180725,0.3949522674083710,0.0000000000000000,167.4223785400390625
3.5437777,-0.0029874823521823,2.9260041713714600,0.0000000000000000,0.0804471075534821,0.4058276712894440,0.0000000000000000,167.6476745605468750
3.5537789,-0.0019871308468282,2.9299411773681641,0.0000000000000000,0.0966021493077278,0.3960247635841370,0.0000000000000000,167.8732604980468750
3.5637817,-0.0012226406252012,2.9334328174591064,0.0000000000000000,0.0699299797415733,0.3730984032154083,0.0000000000000000,168.0733032226562500
3.5737839,-0.0006425679312088,2.9367477893829346,0.0000000000000000,0.0429625622928143,0.3370955288410187,0.0000000000000000,168.2632446289062500
3.5837872,-0.0002242028713226,2.9397149085998535,0.0000000000000000,0.0423747785389423,0.3010863959789276,0.0000000000000000,168.4332427978515625
3.5943556,0.0002746619284153,2.9425890445709229,0.0000000000000000,0.0456596352159977,0.2912579178810120,0.0000000000000000,168.5979309082031250
3.6048822,0.0008510054321960,2.9458174705505371,0.0000000000000000,0.0617680996656418,0.3272393941879272,0.0000000000000000,168.7828979492187500
3.6137915,0.0022752303630114,2.9498414993286133,0.0000000000000000,0.1416814625263214,0.4199383854866028,0.0000000000000000,169.0134582519531250
3.6260045,0.0041741589084268,2.9551830291748047,0.0000000000000000,0.2003408968448639,0.5561972856521606,0.0000000000000000,169.3195037841796875
3.6363533,0.0056295841932297,2.9620735645294189,0.0000000000000000,0.1482368409633636,0.7085618972778320,0.0000000000000000,169.7143096923828125
3.6469183,0.0069797942414880,2.9705049991607666,0.0000000000000000,0.1360720992088318,0.8715894222259521,0.0000000000000000,170.1973876953125000
3.6574504,0.0084473341703415,2.9798948764801025,0.0000000000000000,0.1496252119541168,0.9701039791107178,0.0000000000000000,170.7353973388671875
3.6682255,0.0096960430964828,2.9885802268981934,0.0000000000000000,0.1271378993988037,0.9021254777908325,0.0000000000000000,171.2330169677734375
3.6788962,0.0112483231350780,2.9950084686279297,0.0000000000000000,0.1594188958406448,0.6571572422981262,0.0000000000000000,171.6013336181640625
3.6891046,0.0129472240805626,2.9990198612213135,0.0000000000000000,0.1749291718006134,0.4202733337879181,0.0000000000000000,171.8311767578125000
3.6990447,0.0140711544081569,3.0015490055084229,0.0000000000000000,0.1139638125896454,0.2577728629112244,0.0000000000000000,171.9760742187500000
3.7090235,0.0152960009872913,3.0033843517303467,0.0000000000000000,0.1285952031612396,0.1923878937959671,0.0000000000000000,172.0812377929687500
3.7156396,0.0169458892196417,3.0055778026580811,0.0000000000000000,0.1682098954916000,0.2249218076467514,0.0000000000000000,172.2069091796875000
3.7290552,0.0187596362084150,3.0085496902465820,0.0000000000000000,0.1859807968139648,0.2971042096614838,0.0000000000000000,172.3771972656250000
3.7390311,0.0203108638525009,3.0121254920959473,0.0000000000000000,0.1584245562553406,0.3724392056465149,0.0000000000000000,172.5820617675781250
3.7490823,0.0216771904379129,3.0161275863647461,0.0000000000000000,0.1387454122304916,0.4234969913959503,0.0000000000000000,172.8113708496093750
3.7591021,0.0230283532291651,3.0207309722900391,0.0000000000000000,0.1426920592784882,0.4691619277000427,0.0000000000000000,173.0751190185546875
3.7690694,0.0241895765066147,3.0258457660675049,0.0000000000000000,0.1248462796211243,0.5275141596794128,0.0000000000000000,173.3681793212890625
3.7789054,0.0255882646888494,3.0313093662261963,0.0000000000000000,0.1398270428180695,0.5647928118705750,0.0000000000000000,173.6812286376953125
3.7889061,0.0268111489713192,3.0367662906646729,0.0000000000000000,0.1355624347925186,0.5588656067848206,0.0000000000000000,173.9938812255859375
3.7988958,0.0271205771714449,3.0415172576904297,0.0000000000000000,0.0280384011566639,0.4877037107944489,0.0000000000000000,174.2660980224609375
3.8087344,0.0266153234988451,3.0450458526611328,0.0000000000000000,-0.0557988695800304,0.3637757003307343,0.0000000000000000,174.4682617187500000
3.8187003,0.0257209260016680,3.0474569797515869,0.0000000000000000,-0.0930933281779289,0.2515103816986084,0.0000000000000000,174.6064147949218750
3.8287125,0.0249227751046419,3.0494349002838135,0.0000000000000000,-0.0799727216362953,0.2125201225280762,0.0000000000000000,174.7197418212890625
3.8385556,0.0243667289614677,3.0519359111785889,0.0000000000000000,-0.0551774725317955,0.2491915374994278,0.0000000000000000,174.8630371093750000
3.8485775,0.0238055717200041,3.0551290512084961,0.0000000000000000,-0.0583994388580322,0.3334986567497253,0.0000000000000000,175.0459899902343750
3.8585613,0.0232307203114033,3.0596184730529785,0.0000000000000000,-0.0590318106114864,0.4596785306930542,0.0000000000000000,175.3032226562500000
3.8683980,0.0229744371026754,3.0652339458465576,0.0000000000000000,-0.0290422383695841,0.5868488550186157,0.0000000000000000,175.6249542236328125
3.8784037,0.0232907906174660,3.0716345310211182,0.0000000000000000,0.0293607339262962,0.6558644771575928,0.0000000000000000,175.9916839599609375
3.8883774,0.0230884645134211,3.0779383182525635,0.0000000000000000,-0.0170849412679672,0.6564532518386841,0.0000000000000000,176.3528594970703125
3.8981974,0.0214211028069258,3.0839533805847168,0.0000000000000000,-0.1657696515321732,0.6160585284233093,0.0000000000000000,176.6975097656250000
3.9082274,0.0194213036447763,3.0891849994659424,0.0000000000000000,-0.2341184020042419,0.5453069210052490,0.0000000000000000,176.9972534179687500
3.9182098,0.0185566432774067,3.0938313007354736,0.0000000000000000,-0.0902395769953728,0.4829905033111572,0.0000000000000000,177.2634735107421875
3.9280293,0.0170151907950640,3.0978622436523438,0.0000000000000000,-0.1628692448139191,0.4177299737930298,0.0000000000000000,177.4944152832031250
3.9380302,0.0158220864832401,3.1016397476196289,0.0000000000000000,-0.1195021942257881,0.3957818448543549,0.0000000000000000,177.7108612060546875
3.9480309,0.0152373248711228,3.1052567958831787,0.0000000000000000,-0.0627812892198563,0.3684813976287842,0.0000000000000000,177.9181060791015625
3.9578521,0.0146578438580036,3.1086995601654053,0.0000000000000000,-0.0678246244788170,0.3664569258689880,0.0000000000000000,178.1153564453125000
3.9678557,0.0145846446976066,3.1125812530517578,0.0000000000000000,-0.0083491718396544,0.3880198299884796,0.0000000000000000,178.3377532958984375
3.9778495,0.0152045423164964,3.1163902282714844,0.0000000000000000,0.0654368475079536,0.3975843489170074,0.0000000000000000,178.5559997558593750
3.9876726,0.0159982591867447,3.1200258731842041,0.0000000000000000,0.0729984045028687,0.3734301030635834,0.0000000000000000,178.7642974853515625
3.9976962,0.0162871833890676,3.1230490207672119,0.0000000000000000,0.0362327620387077,0.3124274909496307,0.0000000000000000,178.9375152587890625
4.0076704,0.0156387686729431,3.1255402565002441,0.0000000000000000,-0.0713165774941444,0.2592660784721375,0.0000000000000000,179.0802612304687500
4.0174899,0.0150816384702921,3.1277742385864258,0.0000000000000000,-0.0460191071033478,0.2321537584066391,0.0000000000000000,179.2082519531250000
4.0274906,0.0148672088980675,3.1301867961883545,0.0000000000000000,-0.0242371559143066,0.2462695538997650,0.0000000000000000,179.3464813232421875
4.0375018,0.0144774010404944,3.1328573226928711,0.0000000000000000,-0.0426267236471176,0.2780555486679077,0.0000000000000000,179.4994964599609375
4.0473204,0.0135632483288646,3.1358630657196045,0.0000000000000000,-0.1014433950185776,0.3163537681102753,0.0000000000000000,179.6717071533203125
4.0573173,0.0123837813735008,3.1392970085144043,0.0000000000000000,-0.1243089139461517,0.3469974100589752,0.0000000000000000,179.8684539794921875
4.0673199,0.0112019143998623,3.1428165435791016,0.0000000000000000,-0.1319726556539536,0.3666174709796906,0.0000000000000000,180.0701141357421875
4.0771394,0.0101923020556569,3.1464254856109619,0.0000000000000000,-0.1058225184679031,0.3720818161964417,0.0000000000000000,180.2768859863281250
4.0871434,0.0085773030295968,3.1500248908996582,0.0000000000000000,-0.1724494099617004,0.3765393495559692,0.0000000000000000,180.4831237792968750
4.0971413,0.0064389966428280,3.1538746356964111,0.0000000000000000,-0.2216331362724304,0.3950705826282501,0.0000000000000000,180.7036895751953125
4.1070457,0.0052486900240183,3.1579120159149170,0.0000000000000000,-0.1407199501991272,0.4156024456024170,0.0000000000000000,180.9350280761718750
4.1169734,0.0044865049421787,3.1623013019561768,0.0000000000000000,-0.0791750177741051,0.4492723345756531,0.0000000000000000,181.1865081787109375
4.1269684,0.0033755404874682,3.1667711734771729,0.0000000000000000,-0.1157613918185234,0.4668990969657898,0.0000000000000000,181.4426116943359375
4.1367803,0.0013986532576382,3.1713154315948486,0.0000000000000000,-0.1987978219985962,0.4647212028503418,0.0000000000000000,181.7029724121093750
4.1467900,-0.0005753525183536,3.1756844520568848,0.0000000000000000,-0.2129422277212143,0.4494286775588989,0.0000000000000000,181.9533081054687500
4.1567597,-0.0031507662497461,3.1798717975616455,0.0000000000000000,-0.2534834146499634,0.4319645464420319,0.0000000000000000,182.1932220458984375
4.1667933,-0.0052060573361814,3.1838090419769287,0.0000000000000000,-0.2364487349987030,0.4100983440876007,0.0000000000000000,182.4188079833984375
4.1766157,-0.0063971420750022,3.1874146461486816,0.0000000000000000,-0.1308901607990265,0.3838534355163574,0.0000000000000000,182.6253967285156250
4.1866183,-0.0079308571293950,3.1909279823303223,0.0000000000000000,-0.1788679361343384,0.3576703071594238,0.0000000000000000,182.8266906738281250
4.1964273,-0.0102338790893555,3.1942584514617920,0.0000000000000000,-0.2365162223577499,0.3478770554065704,0.0000000000000000,183.0175170898437500
4.2064199,-0.0125427218154073,3.1975834369659424,0.0000000000000000,-0.2455002963542938,0.3358176648616791,0.0000000000000000,183.2080230712890625
4.2164421,-0.0143306693062186,3.2007489204406738,0.0000000000000000,-0.1792360246181488,0.3346273601055145,0.0000000000000000,183.3893890380859375
4.2264166,-0.0150882070884109,3.2040178775787354,0.0000000000000000,-0.0827085077762604,0.3366200923919678,0.0000000000000000,183.5766906738281250
4.2362356,-0.0186618492007256,3.2111251354217529,0.0000000000000000,-0.1560932695865631,0.3600224256515503,0.0000000000000000,183.9839019775390625
4.2462559,-0.0186618492007256,3.2111251354217529,0.0000000000000000,-0.2198153734207153,0.3722590208053589,0.0000000000000000,183.9839019775390625
4.2561774,-0.0232756473124027,3.2184798717498779,0.0000000000000000,-0.2708847522735596,0.3788907825946808,0.0000000000000000,184.4053039550781250
4.2660632,-0.0252305511385202,3.2219924926757812,0.0000000000000000,-0.2066455334424973,0.3745255768299103,0.0000000000000000,184.6065673828125000
4.2760839,-0.0271943341940641,3.2254157066345215,0.0000000000000000,-0.2115508168935776,0.3623926639556885,0.0000000000000000,184.8027038574218750
4.2858992,-0.0289806574583054,3.2287569046020508,0.0000000000000000,-0.2058174312114716,0.3523322939872742,0.0000000000000000,184.9941406250000000
4.2959070,-0.0305041335523129,3.2320139408111572,0.0000000000000000,-0.1890418678522110,0.3470139205455780,0.0000000000000000,185.1807403564453125
4.3059068,-0.0313431881368160,3.2352876663208008,0.0000000000000000,-0.1719397902488708,0.3403470218181610,0.0000000000000000,185.3683166503906250
4.3157277,-0.0317469500005245,3.2384796142578125,0.0000000000000000,-0.1078613102436066,0.3369035720825195,0.0000000000000000,185.5512084960937500
4.3257008,-0.0320632569491863,3.2417564392089844,0.0000000000000000,-0.0533055514097214,0.3328331112861633,0.0000000000000000,185.7389526367187500
4.3357081,-0.0324613526463509,3.2448637485504150,0.0000000000000000,-0.0359206385910511,0.3309539854526520,0.0000000000000000,185.9169921875000000
4.3457327,-0.0338847413659096,3.2476971149444580,0.0000000000000000,-0.0500962920486927,0.3189760744571686,0.0000000000000000,186.0793304443359375
4.3555489,-0.0356589406728745,3.2503497600555420,0.0000000000000000,-0.1548805087804794,0.2929761707782745,0.0000000000000000,186.2313079833984375
4.3655438,-0.0369191579520702,3.2529232501983643,0.0000000000000000,-0.1768545210361481,0.2795501053333282,0.0000000000000000,186.3787689208984375
4.3755255,-0.0378314666450024,3.2555899620056152,0.0000000000000000,-0.1231133863329887,0.2595584988594055,0.0000000000000000,186.5315551757812500
4.3853478,-0.0387540161609650,3.2582533359527588,0.0000000000000000,-0.1090284585952759,0.2715075612068176,0.0000000000000000,186.6841583251953125
4.3953662,-0.0392477214336395,3.2611012458801270,0.0000000000000000,-0.0869188681244850,0.2788385450839996,0.0000000000000000,186.8473205566406250
4.4053516,-0.0397527143359184,3.2637627124786377,0.0000000000000000,-0.0584869012236595,0.2817223966121674,0.0000000000000000,186.9998168945312500
4.4152198,-0.0409509241580963,3.2670283317565918,0.0000000000000000,-0.0476756729185581,0.2864199578762054,0.0000000000000000,187.1869201660156250
4.4251752,-0.0418046303093433,3.2705602645874023,0.0000000000000000,-0.1271988600492477,0.3299175202846527,0.0000000000000000,187.3892822265625000
4.4351959,-0.0431752763688564,3.2743442058563232,0.0000000000000000,-0.0811548531055450,0.3633513748645782,0.0000000000000000,187.6060943603515625
4.4449940,-0.0449743159115314,3.2783877849578857,0.0000000000000000,-0.1555564850568771,0.3972941935062408,0.0000000000000000,187.8377685546875000
4.4549956,-0.0471101291477680,3.2823426723480225,0.0000000000000000,-0.1837789118289948,0.4138200581073761,0.0000000000000000,188.0643768310546875
4.4650164,-0.0487239100039005,3.2863948345184326,0.0000000000000000,-0.2136956006288528,0.4138134419918060,0.0000000000000000,188.2965393066406250
4.4749284,-0.0504380315542221,3.2904355525970459,0.0000000000000000,-0.1642060130834579,0.4160058498382568,0.0000000000000000,188.5280609130859375
4.4848142,-0.0525592379271984,3.2943975925445557,0.0000000000000000,-0.1723332256078720,0.4144509732723236,0.0000000000000000,188.7550659179687500
4.4948158,-0.0538386292755604,3.2980191707611084,0.0000000000000000,-0.2193565666675568,0.4052104055881500,0.0000000000000000,188.9625701904296875
4.5048456,-0.0547705218195915,3.3014740943908691,0.0000000000000000,-0.1336078196763992,0.3752506375312805,0.0000000000000000,189.1605224609375000
4.5146604,-0.0555405579507351,3.3048291206359863,0.0000000000000000,-0.1156813651323318,0.3611790835857391,0.0000000000000000,189.3527526855468750
4.5246611,-0.0571533255279064,3.3081908226013184,0.0000000000000000,-0.0980852246284485,0.3553411662578583,0.0000000000000000,189.5453643798828125
4.5346632,-0.0579220987856388,3.3112990856170654,0.0000000000000000,-0.1751915961503983,0.3464030027389526,0.0000000000000000,189.7234497070312500
4.5444589,-0.0583241246640682,3.3147675991058350,0.0000000000000000,-0.1105242520570755,0.3461854755878448,0.0000000000000000,189.9221801757812500
4.5544639,-0.0576188638806343,3.3183281421661377,0.0000000000000000,-0.0637190490961075,0.3619744777679443,0.0000000000000000,190.1261901855468750
4.5644622,-0.0578740201890469,3.3218774795532227,0.0000000000000000,0.0627811327576637,0.3754980862140656,0.0000000000000000,190.3295440673828125
4.5742855,-0.0595261603593826,3.3255739212036133,0.0000000000000000,-0.0352289155125618,0.3688145577907562,0.0000000000000000,190.5413360595703125
4.5842919,-0.0610811598598957,3.3291959762573242,0.0000000000000000,-0.1677732169628143,0.3788246810436249,0.0000000000000000,190.7488708496093750
4.5942249,-0.0611900426447392,3.3326535224914551,0.0000000000000000,-0.1572117954492569,0.3750338852405548,0.0000000000000000,190.9469757080078125
4.6041789,-0.0608696080744267,3.3359370231628418,0.0000000000000000,0.0195595379918814,0.3439296185970306,0.0000000000000000,191.1351013183593750
4.6141100,-0.0624312646687031,3.3392982482910156,0.0000000000000000,-0.1593382209539413,0.3482669591903687,0.0000000000000000,191.3276824951171875
4.6240478,-0.0653697922825813,3.3426396846771240,0.0000000000000000,-0.2956501543521881,0.3447884917259216,0.0000000000000000,191.5191345214843750
4.6339760,-0.0671688988804817,3.3456511497497559,0.0000000000000000,-0.1961993873119354,0.3093526959419250,0.0000000000000000,191.6916809082031250
4.6439571,-0.0684488117694855,3.3484978675842285,0.0000000000000000,-0.1194184869527817,0.2984518706798553,0.0000000000000000,191.8547821044921875
4.6539588,-0.0698252618312836,3.3512456417083740,0.0000000000000000,-0.1471931338310242,0.2803221344947815,0.0000000000000000,192.0122222900390625
4.6639624,-0.0716976895928383,3.3537497520446777,0.0000000000000000,-0.1942753642797470,0.2562723755836487,0.0000000000000000,192.1557006835937500
4.6739655,-0.0738236755132675,3.3563306331634521,0.0000000000000000,-0.2244309931993484,0.2726846039295197,0.0000000000000000,192.3035736083984375
4.6839662,-0.0757000520825386,3.3590078353881836,0.0000000000000000,-0.1874185949563980,0.2716673910617828,0.0000000000000000,192.4569549560546875
4.6939750,-0.0775791853666306,3.3614947795867920,0.0000000000000000,-0.1884812414646149,0.2553620934486389,0.0000000000000000,192.5994567871093750
4.7039886,-0.0796164423227310,3.3640882968902588,0.0000000000000000,-0.2142521888017654,0.2685433328151703,0.0000000000000000,192.7480468750000000
4.7139716,-0.0815592855215073,3.3665919303894043,0.0000000000000000,-0.1996165663003922,0.2563390731811523,0.0000000000000000,192.8914947509765625
4.7239728,-0.0834039151668549,3.3688333034515381,0.0000000000000000,-0.1876076161861420,0.2366663813591003,0.0000000000000000,193.0199127197265625
4.7339740,-0.0853388309478760,3.3709945678710938,0.0000000000000000,-0.2128958702087402,0.2201288491487503,0.0000000000000000,193.1437530517578125
4.7439761,-0.0874455422163010,3.3731546401977539,0.0000000000000000,-0.2225829064846039,0.2133843749761581,0.0000000000000000,193.2675170898437500
4.7539768,-0.0890325382351875,3.3751497268676758,0.0000000000000000,-0.1797495931386948,0.2063255012035370,0.0000000000000000,193.3818206787109375
4.7639771,-0.0900745317339897,3.3768854141235352,0.0000000000000000,-0.1095061302185059,0.1763580143451691,0.0000000000000000,193.4812774658203125
4.7739797,-0.0907853618264198,3.3782732486724854,0.0000000000000000,-0.0811710059642792,0.1415865123271942,0.0000000000000000,193.5607910156250000
4.7839775,-0.0915706083178520,3.3793268203735352,0.0000000000000000,-0.0832616463303566,0.1002073287963867,0.0000000000000000,193.6211547851562500
4.7939792,-0.0923311710357666,3.3798525333404541,0.0000000000000000,-0.0850037410855293,0.0555053800344467,0.0000000000000000,193.6512756347656250
4.8039970,-0.0931945890188217,3.3800148963928223,0.0000000000000000,-0.0848314166069031,0.0175951458513737,0.0000000000000000,193.6605834960937500
4.8139820,-0.0936943367123604,3.3797554969787598,0.0000000000000000,-0.0545738711953163,-0.0295133907347918,0.0000000000000000,193.6457214355468750
4.8239861,-0.0941006913781166,3.3789710998535156,0.0000000000000000,-0.0320585444569588,-0.0768231227993965,0.0000000000000000,193.6007690429687500
4.8339849,-0.0937258452177048,3.3776688575744629,0.0000000000000000,0.0273097641766071,-0.1338108777999878,0.0000000000000000,193.5261535644531250
4.8439898,-0.0932576581835747,3.3758413791656494,0.0000000000000000,0.0579163134098053,-0.1884414255619049,0.0000000000000000,193.4214477539062500
4.8539901,-0.0921516567468643,3.3735933303833008,0.0000000000000000,0.0980373695492744,-0.2454642802476883,0.0000000000000000,193.2926483154296875
4.8639951,-0.0904954448342323,3.3706710338592529,0.0000000000000000,0.1620344221591949,-0.3097632825374603,0.0000000000000000,193.1252136230468750
4.8739948,-0.0888448581099510,3.3671233654022217,0.0000000000000000,0.1780047118663788,-0.3802990317344666,0.0000000000000000,192.9219512939453125
4.8839970,-0.0868330895900726,3.3627195358276367,0.0000000000000000,0.1983453035354614,-0.4576166868209839,0.0000000000000000,192.6696319580078125
4.8940091,-0.0844412147998810,3.3575387001037598,0.0000000000000000,0.2520585358142853,-0.5395610332489014,0.0000000000000000,192.3727874755859375
4.9039998,-0.0816183686256409,3.3515765666961670,0.0000000000000000,0.2842955291271210,-0.6134612560272217,0.0000000000000000,192.0311889648437500
4.9140019,-0.0787874087691307,3.3450989723205566,0.0000000000000000,0.2952962815761566,-0.6770799756050110,0.0000000000000000,191.6600494384765625
4.9240022,-0.0753561407327652,3.3380160331726074,0.0000000000000000,0.3472050726413727,-0.7255193591117859,0.0000000000000000,191.2542266845703125
4.9340038,-0.0715854614973068,3.3306779861450195,0.0000000000000000,0.4002846181392670,-0.7631309628486633,0.0000000000000000,190.8337860107421875
4.9440050,-0.0674648359417915,3.3230030536651611,0.0000000000000000,0.4171742200851440,-0.7839481234550476,0.0000000000000000,190.3940429687500000
4.9540062,-0.0637731477618217,3.3153328895568848,0.0000000000000000,0.3817535042762756,-0.7985317707061768,0.0000000000000000,189.9545745849609375
4.9640088,-0.0604208223521709,3.3073153495788574,0.0000000000000000,0.3438326120376587,-0.8267835974693298,0.0000000000000000,189.4951934814453125
4.9740100,-0.0570774264633656,3.2989501953125000,0.0000000000000000,0.3489697277545929,-0.8671081066131592,0.0000000000000000,189.0159149169921875
4.9840159,-0.0537938289344311,3.2897231578826904,0.0000000000000000,0.3351403176784515,-0.9522234201431274,0.0000000000000000,188.4872436523437500
4.9940128,-0.0506056137382984,3.2793715000152588,0.0000000000000000,0.3218296468257904,-1.0649362802505493,0.0000000000000000,187.8941345214843750
5.0040178,-0.0481734946370125,3.2682318687438965,0.0000000000000000,0.2570393681526184,-1.1476236581802368,0.0000000000000000,187.2558898925781250
5.0140152,-0.0462381578981876,3.2564954757690430,0.0000000000000000,0.1925928890705109,-1.2211551666259766,0.0000000000000000,186.5834350585937500
5.0241909,-0.0448173098266125,3.2437970638275146,0.0000000000000000,0.1492080092430115,-1.3064465522766113,0.0000000000000000,185.8558654785156250
5.0347371,-0.0431293994188309,3.2302341461181641,0.0000000000000000,0.1723145097494125,-1.4045264720916748,0.0000000000000000,185.0787658691406250
5.0453038,-0.0414125844836235,3.2157342433929443,0.0000000000000000,0.1804642528295517,-1.5004823207855225,0.0000000000000000,184.2479858398437500
5.0558691,-0.0390746034681797,3.2004711627960205,0.0000000000000000,0.2412881702184677,-1.5745786428451538,0.0000000000000000,183.3734741210937500
5.0662050,-0.0369786694645882,3.1849546432495117,0.0000000000000000,0.2054223418235779,-1.6017047166824341,0.0000000000000000,182.4844512939453125
5.0769620,-0.0347097180783749,3.1696188449859619,0.0000000000000000,0.2451138943433762,-1.5831078290939331,0.0000000000000000,181.6057739257812500
5.0873489,-0.0325340703129768,3.1547143459320068,0.0000000000000000,0.2204652130603790,-1.5415664911270142,0.0000000000000000,180.7518005371093750
5.0979028,-0.0313150212168694,3.1403119564056396,0.0000000000000000,0.1294971108436584,-1.4876031875610352,0.0000000000000000,179.9266052246093750
5.1040330,-0.0303633566945791,3.1264269351959229,0.0000000000000000,0.0894690081477165,-1.4338606595993042,0.0000000000000000,179.1310577392578125
5.1191373,-0.0295069124549627,3.1128883361816406,0.0000000000000000,0.0939495414495468,-1.3997908830642700,0.0000000000000000,178.3553466796875000
5.1292672,-0.0288270693272352,3.0996019840240479,0.0000000000000000,0.0612492039799690,-1.3756790161132812,0.0000000000000000,177.5941009521484375
5.1392641,-0.0285799372941256,3.0863053798675537,0.0000000000000000,0.0273383129388094,-1.3635683059692383,0.0000000000000000,176.8322601318359375
5.1492500,-0.0282474476844072,3.0730075836181641,0.0000000000000000,0.0422924086451530,-1.3770300149917603,0.0000000000000000,176.0703582763671875
5.1592669,-0.0277141649276018,3.0591893196105957,0.0000000000000000,0.0488469377160072,-1.4312819242477417,0.0000000000000000,175.2786254882812500
5.1692419,-0.0268976483494043,3.0445039272308350,0.0000000000000000,0.0826631560921669,-1.5059173107147217,0.0000000000000000,174.4372100830078125
5.1792655,-0.0256377533078194,3.0294785499572754,0.0000000000000000,0.1322849243879318,-1.5547657012939453,0.0000000000000000,173.5763244628906250
5.1892557,-0.0236149355769157,3.0145547389984131,0.0000000000000000,0.2154183089733124,-1.5462675094604492,0.0000000000000000,172.7212524414062500
5.1993408,-0.0206553544849157,2.9999051094055176,0.0000000000000000,0.2991285324096680,-1.5116902589797974,0.0000000000000000,171.8818969726562500
5.2093930,-0.0179673712700605,2.9855036735534668,0.0000000000000000,0.2815392613410950,-1.4898371696472168,0.0000000000000000,171.0567474365234375
5.2193122,-0.0152726303786039,2.9710023403167725,0.0000000000000000,0.2690917849540710,-1.4964541196823120,0.0000000000000000,170.2258911132812500
5.2293448,-0.0120009938254952,2.9564208984375000,0.0000000000000000,0.3446629643440247,-1.5124304294586182,0.0000000000000000,169.3904266357421875
5.2391596,-0.0081258714199066,2.9413266181945801,0.0000000000000000,0.4025350213050842,-1.5526112318038940,0.0000000000000000,168.5255889892578125
5.2491431,-0.0042930264025927,2.9260423183441162,0.0000000000000000,0.3968267738819122,-1.5788774490356445,0.0000000000000000,167.6498718261718750
5.2591434,0.0003679729998112,2.9110083580017090,0.0000000000000000,0.4788458943367004,-1.5550171136856079,0.0000000000000000,166.7884826660156250
5.2689571,0.0066201873123646,2.8964345455169678,0.0000000000000000,0.6459856033325195,-1.4999494552612305,0.0000000000000000,165.9534606933593750
5.2789407,0.0131404343992472,2.8825333118438721,0.0000000000000000,0.6717082858085632,-1.4342036247253418,0.0000000000000000,165.1569824218750000
5.2889600,0.0190799795091152,2.8692913055419922,0.0000000000000000,0.6154038906097412,-1.3746242523193359,0.0000000000000000,164.3982696533203125
5.2987819,0.0244389362633228,2.8564524650573730,0.0000000000000000,0.5550180673599243,-1.3191899061203003,0.0000000000000000,163.6626586914062500
5.3088078,0.0296111609786749,2.8441181182861328,0.0000000000000000,0.5305777788162231,-1.2735430002212524,0.0000000000000000,162.9559631347656250
5.3188052,0.0349347107112408,2.8326599597930908,0.0000000000000000,0.5506549477577209,-1.1892895698547363,0.0000000000000000,162.2994537353515625
5.3286180,0.0403494499623775,2.8222141265869141,0.0000000000000000,0.5633955001831055,-1.0718063116073608,0.0000000000000000,161.7009429931640625
5.3386159,0.0454181395471096,2.8133225440979004,0.0000000000000000,0.5169936418533325,-0.9228307008743286,0.0000000000000000,161.1914978027343750
5.3486128,0.0492675676941872,2.8058044910430908,0.0000000000000000,0.4030667841434479,-0.7683978080749512,0.0000000000000000,160.7607421875000000
5.3584299,0.0524285845458508,2.7997841835021973,0.0000000000000000,0.3290046453475952,-0.6224052309989929,0.0000000000000000,160.4158020019531250
5.3684530,0.0555643476545811,2.7953233718872070,0.0000000000000000,0.3244750797748566,-0.4558970332145691,0.0000000000000000,160.1602172851562500
5.3784542,0.0579870976507664,2.7931275367736816,0.0000000000000000,0.2425150126218796,-0.2315548211336136,0.0000000000000000,160.0344085693359375
5.3882575,0.0596379339694977,2.7927896976470947,0.0000000000000000,0.1645881533622742,-0.0367735661566257,0.0000000000000000,160.0150604248046875
5.3982878,0.0608186684548855,2.7927117347717285,0.0000000000000000,0.1248833686113358,-0.0094617465510964,0.0000000000000000,160.0105895996093750
5.4082608,0.0611002221703529,2.7930746078491211,0.0000000000000000,0.0326207280158997,0.0470007620751858,0.0000000000000000,160.0313720703125000
5.4182582,0.0618602782487869,2.7939779758453369,0.0000000000000000,0.0760369896888733,0.0855440571904182,0.0000000000000000,160.0831298828125000
5.4280839,0.0626435428857803,2.7952277660369873,0.0000000000000000,0.0835338905453682,0.1277260631322861,0.0000000000000000,160.1547393798828125
5.4380870,0.0634280070662498,2.7970755100250244,0.0000000000000000,0.0749485343694687,0.1928358078002930,0.0000000000000000,160.2606201171875000
5.4480171,0.0639060661196709,2.7997252941131592,0.0000000000000000,0.0500383079051971,0.2657982409000397,0.0000000000000000,160.4124298095703125
5.4579039,0.0635261386632919,2.8029084205627441,0.0000000000000000,-0.0396322757005692,0.3306914567947388,0.0000000000000000,160.5948181152343750
5.4679270,0.0633012130856514,2.8067746162414551,0.0000000000000000,-0.0264823269098997,0.4045331776142120,0.0000000000000000,160.8163299560546875
5.4778786,0.0633961111307144,2.8118660449981689,0.0000000000000000,0.0298388525843620,0.4874117672443390,0.0000000000000000,161.1080474853515625
5.4877248,0.0637433305382729,2.8181138038635254,0.0000000000000000,0.0491950586438179,0.5945599079132080,0.0000000000000000,161.4660186767578125
5.4977260,0.0640675500035286,2.8255841732025146,0.0000000000000000,0.0384164862334728,0.7268156409263611,0.0000000000000000,161.8940429687500000
5.5076652,0.0641125291585922,2.8340897560119629,0.0000000000000000,0.0112289944663644,0.8553382754325867,0.0000000000000000,162.3813781738281250
5.5175581,0.0635421872138977,2.8432850837707520,0.0000000000000000,-0.0549117773771286,0.9467796087265015,0.0000000000000000,162.9082336425781250
5.5275488,0.0624095350503922,2.8527209758758545,0.0000000000000000,-0.1240035444498062,0.9758795499801636,0.0000000000000000,163.4488677978515625
5.5375552,0.0608714409172535,2.8620512485504150,0.0000000000000000,-0.1483664959669113,0.9624730944633484,0.0000000000000000,163.9834442138671875
5.5473738,0.0593090057373047,2.8713741302490234,0.0000000000000000,-0.1653895527124405,0.9581688046455383,0.0000000000000000,164.5176086425781250
5.5573716,0.0573413297533989,2.8811147212982178,0.0000000000000000,-0.1953049898147583,1.0018601417541504,0.0000000000000000,165.0756988525390625
5.5673761,0.0563237816095352,2.8915684223175049,0.0000000000000000,-0.1103271171450615,1.0860602855682373,0.0000000000000000,165.6746520996093750
5.5771890,0.0564475879073143,2.9054071903228760,0.0000000000000000,0.0100544327870011,1.4319540262222290,0.0000000000000000,166.4675598144531250
5.5871992,0.0570372231304646,2.9218692779541016,0.0000000000000000,0.0557919144630432,1.6933127641677856,0.0000000000000000,167.4107666015625000
5.5971804,0.0589870065450668,2.9410138130187988,0.0000000000000000,0.2017388343811035,1.9802848100662231,0.0000000000000000,168.5076751708984375
5.6070118,0.0602854751050472,2.9615960121154785,0.0000000000000000,0.1441986560821533,2.1262044906616211,0.0000000000000000,169.6869354248046875
5.6170211,0.0599393248558044,2.9823119640350342,0.0000000000000000,-0.0466370172798634,2.1412775516510010,0.0000000000000000,170.8738861083984375
5.6270151,0.0583031773567200,3.0022017955780029,0.0000000000000000,-0.1616268754005432,2.0526750087738037,0.0000000000000000,172.0134887695312500
5.6368318,0.0575630776584148,3.0207014083862305,0.0000000000000000,-0.0815477147698402,1.9151999950408936,0.0000000000000000,173.0734252929687500
5.6468453,0.0583546012639999,3.0381960868835449,0.0000000000000000,0.0848986282944679,1.8075945377349854,0.0000000000000000,174.0758056640625000
5.6568661,0.0589959658682346,3.0550835132598877,0.0000000000000000,0.0607803165912628,1.7464951276779175,0.0000000000000000,175.0433807373046875
5.6667390,0.0576533228158951,3.0714981555938721,0.0000000000000000,-0.1277269721031189,1.6896654367446899,0.0000000000000000,175.9838714599609375
5.6766634,0.0538270771503448,3.0866520404815674,0.0000000000000000,-0.3958953320980072,1.5656304359436035,0.0000000000000000,176.8521270751953125
5.6866589,0.0487331487238407,3.1005730628967285,0.0000000000000000,-0.5309451222419739,1.4409050941467285,0.0000000000000000,177.6497344970703125
5.6966438,0.0435511916875839,3.1140501499176025,0.0000000000000000,-0.5332849025726318,1.3844826221466064,0.0000000000000000,178.4219207763671875
5.7064762,0.0345568880438805,3.1405844688415527,0.0000000000000000,-0.5160855650901794,1.3638339042663574,0.0000000000000000,179.9422302246093750
5.7164793,0.0345568880438805,3.1405844688415527,0.0000000000000000,-0.4067949950695038,1.3817279338836670,0.0000000000000000,179.9422302246093750
5.7264671,0.0287495478987694,3.1692531108856201,0.0000000000000000,-0.2813011109828949,1.4521051645278931,0.0000000000000000,181.5848236083984375
5.7362819,0.0264154653996229,3.1840720176696777,0.0000000000000000,-0.3295935690402985,1.5109689235687256,0.0000000000000000,182.4338836669921875
5.7463021,0.0246700029820204,3.1989881992340088,0.0000000000000000,-0.2401538491249084,1.5294374227523804,0.0000000000000000,183.2885131835937500
5.7562895,0.0224909335374832,3.2138898372650146,0.0000000000000000,-0.1789506375789642,1.5386017560958862,0.0000000000000000,184.1423187255859375
5.7661114,0.0206806045025587,3.2286248207092285,0.0000000000000000,-0.2182235866785049,1.5428828001022339,0.0000000000000000,184.9865722656250000
5.7761121,0.0183972846716642,3.2426531314849854,0.0000000000000000,-0.1974079161882401,1.5163288116455078,0.0000000000000000,185.7903289794921875
5.7861066,0.0152061479166150,3.2552852630615234,0.0000000000000000,-0.2267593741416931,1.4463024139404297,0.0000000000000000,186.5140991210937500
5.7959280,0.0112602896988392,3.2660031318664551,0.0000000000000000,-0.3305892646312714,1.3068979978561401,0.0000000000000000,187.1281890869140625
5.8059568,0.0069071603938937,3.2748119831085205,0.0000000000000000,-0.4087429642677307,1.1069766283035278,0.0000000000000000,187.6328887939453125
5.8159590,0.0030734736938030,3.2821686267852783,0.0000000000000000,-0.4511018693447113,0.9108366370201111,0.0000000000000000,188.0543975830078125
5.8257780,-0.0012553598498926,3.2887370586395264,0.0000000000000000,-0.3910159468650818,0.7593359947204590,0.0000000000000000,188.4307403564453125
5.8357525,-0.0059956186451018,3.2946858406066895,0.0000000000000000,-0.4429337978363037,0.6751806735992432,0.0000000000000000,188.7715759277343750
5.8457546,-0.0103896791115403,3.3002109527587891,0.0000000000000000,-0.4858362674713135,0.6173170804977417,0.0000000000000000,189.0881500244140625
5.8555670,-0.0145004224032164,3.3052334785461426,0.0000000000000000,-0.4563151001930237,0.5703561305999756,0.0000000000000000,189.3759155273437500
5.8655734,-0.0187147147953510,3.3097274303436279,0.0000000000000000,-0.4283983707427979,0.5179038047790527,0.0000000000000000,189.6334075927734375
5.8755941,-0.0231707375496626,3.3140368461608887,0.0000000000000000,-0.4320996999740601,0.4641407430171967,0.0000000000000000,189.8803100585937500
5.8853979,-0.0275315959006548,3.3182706832885742,0.0000000000000000,-0.4542776346206665,0.4389750659465790,0.0000000000000000,190.1228942871093750
5.8953910,-0.0318106450140476,3.3226861953735352,0.0000000000000000,-0.4568819701671600,0.4371977746486664,0.0000000000000000,190.3758850097656250
5.9053998,-0.0358265265822411,3.3274469375610352,0.0000000000000000,-0.4403200149536133,0.4581383764743805,0.0000000000000000,190.6486511230468750
5.9152241,-0.0395715273916721,3.3323981761932373,0.0000000000000000,-0.4181336164474487,0.4867823123931885,0.0000000000000000,190.9323425292968750
5.9252381,-0.0433727279305458,3.3372776508331299,0.0000000000000000,-0.3835507333278656,0.5126854181289673,0.0000000000000000,191.2119140625000000
5.9352221,-0.0473110713064671,3.3419055938720703,0.0000000000000000,-0.3933021426200867,0.5108419060707092,0.0000000000000000,191.4770812988281250
5.9450350,-0.0509885214269161,3.3461024761199951,0.0000000000000000,-0.4087993204593658,0.4783357679843903,0.0000000000000000,191.7175445556640625
5.9550366,-0.0539719648659229,3.3499543666839600,0.0000000000000000,-0.3811687827110291,0.4354918599128723,0.0000000000000000,191.9382324218750000
5.9650388,-0.0565303154289722,3.3530445098876953,0.0000000000000000,-0.3123712241649628,0.3837860822677612,0.0000000000000000,192.1152954101562500
5.9748840,-0.0588195286691189,3.3556163311004639,0.0000000000000000,-0.2594025433063507,0.3239991962909698,0.0000000000000000,192.2626495361328125
5.9848857,-0.0606826953589916,3.3574950695037842,0.0000000000000000,-0.2466951608657837,0.2665860056877136,0.0000000000000000,192.3702850341796875
5.9948902,-0.0617694593966007,3.3587746620178223,0.0000000000000000,-0.1923056393861771,0.2004882991313934,0.0000000000000000,192.4436035156250000
6.0046868,-0.0620523430407047,3.3591170310974121,0.0000000000000000,-0.1022148728370667,0.1227934658527374,0.0000000000000000,192.4632110595703125
6.0146914,-0.0623414479196072,3.3587477207183838,0.0000000000000000,-0.0399693846702576,0.0369926765561104,0.0000000000000000,192.4420623779296875
6.0246930,-0.0622503943741322,3.3577032089233398,0.0000000000000000,-0.0193631611764431,-0.0431373268365860,0.0000000000000000,192.3822174072265625
6.0345130,-0.0617099218070507,3.3557984828948975,0.0000000000000000,0.0124989412724972,-0.1240147724747658,0.0000000000000000,192.2730865478515625
6.0445218,-0.0606265626847744,3.3533756732940674,0.0000000000000000,0.0508827269077301,-0.2111581116914749,0.0000000000000000,192.1342620849609375
6.0544839,-0.0589939355850220,3.3500208854675293,0.0000000000000000,0.1023800745606422,-0.2914971709251404,0.0000000000000000,191.9420471191406250
6.0644164,-0.0573017895221710,3.3451955318450928,0.0000000000000000,0.1649877727031708,-0.3860047757625580,0.0000000000000000,191.6655731201171875
6.0743680,-0.0562894865870476,3.3391311168670654,0.0000000000000000,0.1052034944295883,-0.6266160607337952,0.0000000000000000,191.3181152343750000
6.0843058,-0.0557543970644474,3.3315088748931885,0.0000000000000000,0.0517681911587715,-0.7832109928131104,0.0000000000000000,190.8813934326171875
6.0942321,-0.0557315014302731,3.3214201927185059,0.0000000000000000,0.0042890338227153,-1.0461040735244751,0.0000000000000000,190.3033447265625000
6.1041880,-0.0562332980334759,3.3086252212524414,0.0000000000000000,-0.0479011833667755,-1.3135496377944946,0.0000000000000000,189.5702514648437500
6.1141863,-0.0573537014424801,3.2942683696746826,0.0000000000000000,-0.1173768937587738,-1.4906035661697388,0.0000000000000000,188.7476654052734375
6.1241865,-0.0587522275745869,3.2788772583007812,0.0000000000000000,-0.1454698145389557,-1.5893046855926514,0.0000000000000000,187.8658142089843750
6.1341891,-0.0601100437343121,3.2631502151489258,0.0000000000000000,-0.1455633938312531,-1.6268415451049805,0.0000000000000000,186.9647216796875000
6.1441898,-0.0607537999749184,3.2476320266723633,0.0000000000000000,-0.0654806345701218,-1.6065450906753540,0.0000000000000000,186.0755920410156250
6.1541915,-0.0613712109625340,3.2323997020721436,0.0000000000000000,-0.0650366097688675,-1.5677032470703125,0.0000000000000000,185.2028503417968750
6.1641912,-0.0624345913529396,3.2175943851470947,0.0000000000000000,-0.1027055978775024,-1.5342381000518799,0.0000000000000000,184.3545684814453125
6.1741920,-0.0641089156270027,3.2029552459716797,0.0000000000000000,-0.1819132566452026,-1.4985440969467163,0.0000000000000000,183.5158081054687500
6.1841960,-0.0661493688821793,3.1888306140899658,0.0000000000000000,-0.2053292244672775,-1.4636529684066772,0.0000000000000000,182.7065277099609375
6.1941957,-0.0678591802716255,3.1750624179840088,0.0000000000000000,-0.1782410144805908,-1.4175331592559814,0.0000000000000000,181.9176635742187500
6.2041979,-0.0686441659927368,3.1617448329925537,0.0000000000000000,-0.0798731967806816,-1.3769963979721069,0.0000000000000000,181.1546173095703125
6.2142043,-0.0691789388656616,3.1487810611724854,0.0000000000000000,-0.0476351119577885,-1.3459097146987915,0.0000000000000000,180.4118499755859375
6.2242012,-0.0693785399198532,3.1359024047851562,0.0000000000000000,-0.0272857472300529,-1.3276785612106323,0.0000000000000000,179.6739654541015625
6.2341990,-0.0688934996724129,3.1232025623321533,0.0000000000000000,0.0470601394772530,-1.3163275718688965,0.0000000000000000,178.9463195800781250
6.2442026,-0.0667669549584389,3.1105508804321289,0.0000000000000000,0.2197615057229996,-1.3052964210510254,0.0000000000000000,178.2214202880859375
6.2542057,-0.0630002319812775,3.0981092453002930,0.0000000000000000,0.3945142924785614,-1.2828773260116577,0.0000000000000000,177.5085754394531250
6.2642097,-0.0584616251289845,3.0856099128723145,0.0000000000000000,0.4714106917381287,-1.2829117774963379,0.0000000000000000,176.7924194335937500
6.2742105,-0.0536582134664059,3.0733659267425537,0.0000000000000000,0.4890442490577698,-1.2748484611511230,0.0000000000000000,176.0908813476562500
6.2842131,-0.0486013591289520,3.0614771842956543,0.0000000000000000,0.5177916288375854,-1.2283041477203369,0.0000000000000000,175.4097137451171875
6.2942243,-0.0434606671333313,3.0501065254211426,0.0000000000000000,0.5329508781433105,-1.1763900518417358,0.0000000000000000,174.7582244873046875
6.3042150,-0.0385723672807217,3.0391566753387451,0.0000000000000000,0.5062012076377869,-1.1212744712829590,0.0000000000000000,174.1308441162109375
6.3142171,-0.0338545851409435,3.0286276340484619,0.0000000000000000,0.4875493049621582,-1.0968241691589355,0.0000000000000000,173.5275726318359375
6.3242230,-0.0295717045664787,3.0181834697723389,0.0000000000000000,0.4418810009956360,-1.0755093097686768,0.0000000000000000,172.9291687011718750
6.3342218,-0.0260749198496342,3.0081484317779541,0.0000000000000000,0.3620122075080872,-1.0346798896789551,0.0000000000000000,172.3542022705078125
6.3442245,-0.0229523107409477,2.9984540939331055,0.0000000000000000,0.3236878514289856,-1.0022587776184082,0.0000000000000000,171.7987518310546875
6.3542275,-0.0200079884380102,2.9888305664062500,0.0000000000000000,0.3005183339118958,-0.9982291460037231,0.0000000000000000,171.2473602294921875
6.3642297,-0.0178439989686012,2.9791069030761719,0.0000000000000000,0.2132243216037750,-0.9992287755012512,0.0000000000000000,170.6902465820312500
6.3742294,-0.0162050072103739,2.9699714183807373,0.0000000000000000,0.1782161742448807,-0.9492904543876648,0.0000000000000000,170.1668243408203125
6.3842301,-0.0133732706308365,2.9621586799621582,0.0000000000000000,0.2940806150436401,-0.7955916523933411,0.0000000000000000,169.7191772460937500
6.3942304,-0.0100908055901527,2.9567828178405762,0.0000000000000000,0.3383537530899048,-0.5642211437225342,0.0000000000000000,169.4111633300781250
6.4042335,-0.0077342269942164,2.9535477161407471,0.0000000000000000,0.2380724400281906,-0.3296425044536591,0.0000000000000000,169.2258148193359375
6.4142375,-0.0057863914407790,2.9532563686370850,0.0000000000000000,0.1961426734924316,-0.0296618677675724,0.0000000000000000,169.2091217041015625
6.4242387,-0.0052448790520430,2.9563043117523193,0.0000000000000000,0.0847075432538986,0.2376567721366882,0.0000000000000000,169.3837432861328125
6.4342413,-0.0044902712106705,2.9609296321868896,0.0000000000000000,0.0736422762274742,0.4733474552631378,0.0000000000000000,169.6487579345703125
6.4442430,-0.0043553737923503,2.9672489166259766,0.0000000000000000,0.0200458280742168,0.6618868112564087,0.0000000000000000,170.0108337402343750
6.4542441,-0.0059399916790426,2.9741361141204834,0.0000000000000000,-0.1623713970184326,0.7063815593719482,0.0000000000000000,170.4054412841796875
6.4642487,-0.0068604294210672,2.9812891483306885,0.0000000000000000,-0.0901470333337784,0.7450585961341858,0.0000000000000000,170.8152770996093750
6.4746094,-0.0077013201080263,2.9901800155639648,0.0000000000000000,-0.0863003879785538,0.9163150191307068,0.0000000000000000,171.3246917724609375
6.4851742,-0.0096554355695844,3.0010161399841309,0.0000000000000000,-0.2046994864940643,1.1191418170928955,0.0000000000000000,171.9455566406250000
6.4942532,-0.0129030011594296,3.0137171745300293,0.0000000000000000,-0.3301651775836945,1.3043477535247803,0.0000000000000000,172.6732635498046875
6.5064416,-0.0165576450526714,3.0276844501495361,0.0000000000000000,-0.3802804350852966,1.4469422101974487,0.0000000000000000,173.4735260009765625
6.5170178,-0.0194911789149046,3.0421133041381836,0.0000000000000000,-0.2971942126750946,1.4943659305572510,0.0000000000000000,174.3002471923828125
6.5275531,-0.0217466950416565,3.0563843250274658,0.0000000000000000,-0.2314211279153824,1.4715728759765625,0.0000000000000000,175.1179199218750000
6.5377412,-0.0244178753346205,3.0701177120208740,0.0000000000000000,-0.2787151336669922,1.4179387092590332,0.0000000000000000,175.9047851562500000
6.5486598,-0.0263738799840212,3.0830028057098389,0.0000000000000000,-0.1966923028230667,1.3354386091232300,0.0000000000000000,176.6430358886718750
6.5592213,-0.0272005777806044,3.0953204631805420,0.0000000000000000,-0.0795032605528831,1.2681338787078857,0.0000000000000000,177.3487854003906250
6.5695672,-0.0280193686485291,3.1071200370788574,0.0000000000000000,-0.0894425660371780,1.2175643444061279,0.0000000000000000,178.0248565673828125
6.5794921,-0.0299477037042379,3.1184413433074951,0.0000000000000000,-0.2010820209980011,1.1701849699020386,0.0000000000000000,178.6735229492187500
6.5894742,-0.0329950265586376,3.1292109489440918,0.0000000000000000,-0.3082987964153290,1.1116938591003418,0.0000000000000000,179.2905731201171875
6.5964389,-0.0355142839252949,3.1395642757415771,0.0000000000000000,-0.2611040472984314,1.0649255514144897,0.0000000000000000,179.8837738037109375
6.6095028,-0.0370060317218304,3.1499538421630859,0.0000000000000000,-0.1580395847558975,1.0754426717758179,0.0000000000000000,180.4790496826171875
6.6195040,-0.0385205037891865,3.1607761383056641,0.0000000000000000,-0.1541300863027573,1.1177860498428345,0.0000000000000000,181.0991210937500000
6.6295109,-0.0397986620664597,3.1723091602325439,0.0000000000000000,-0.1375867873430252,1.1876800060272217,0.0000000000000000,181.7599182128906250
6.6395640,-0.0413570404052734,3.1845290660858154,0.0000000000000000,-0.1511184424161911,1.2650226354598999,0.0000000000000000,182.4600677490234375
6.6495271,-0.0428382344543934,3.1969237327575684,0.0000000000000000,-0.1487910449504852,1.2835785150527954,0.0000000000000000,183.1702270507812500
6.6595740,-0.0440605618059635,3.2092428207397461,0.0000000000000000,-0.1303944438695908,1.2683370113372803,0.0000000000000000,183.8760528564453125
6.6693912,-0.0455302223563194,3.2212114334106445,0.0000000000000000,-0.1549123674631119,1.2328604459762573,0.0000000000000000,184.5618133544921875
6.6793699,-0.0460718497633934,3.2332012653350830,0.0000000000000000,-0.0576655939221382,1.2364078760147095,0.0000000000000000,185.2487792968750000
6.6893659,-0.0467155501246452,3.2454559803009033,0.0000000000000000,-0.0716388821601868,1.2776762247085571,0.0000000000000000,185.9509124755859375
6.6991792,-0.0480329841375351,3.2578730583190918,0.0000000000000000,-0.1304875761270523,1.2783576250076294,0.0000000000000000,186.6623687744140625
6.7091961,-0.0494922623038292,3.2694227695465088,0.0000000000000000,-0.1465208083391190,1.1864501237869263,0.0000000000000000,187.3241119384765625
6.7191858,-0.0519339218735695,3.2794826030731201,0.0000000000000000,-0.2499870657920837,1.0391907691955566,0.0000000000000000,187.9004974365234375
6.7290134,-0.0552128143608570,3.2882037162780762,0.0000000000000000,-0.3433752954006195,0.9061522483825684,0.0000000000000000,188.4001922607421875
6.7390270,-0.0586579479277134,3.2961366176605225,0.0000000000000000,-0.3513989448547363,0.8187848329544067,0.0000000000000000,188.8547058105468750
6.7490349,-0.0618197321891785,3.3037464618682861,0.0000000000000000,-0.3261443078517914,0.7839733958244324,0.0000000000000000,189.2907257080078125
6.7588701,-0.0650772750377655,3.3112585544586182,0.0000000000000000,-0.3386697173118591,0.7759235501289368,0.0000000000000000,189.7211303710937500
6.7688298,-0.0694549158215523,3.3187417984008789,0.0000000000000000,-0.4478136897087097,0.7785876393318176,0.0000000000000000,190.1498870849609375
6.7788382,-0.0743419229984283,3.3263146877288818,0.0000000000000000,-0.5092281103134155,0.7718545794487000,0.0000000000000000,190.5837860107421875
6.7886581,-0.0792054384946823,3.3334646224975586,0.0000000000000000,-0.5006364583969116,0.7506650686264038,0.0000000000000000,190.9934387207031250
6.7986631,-0.0832095518708229,3.3404567241668701,0.0000000000000000,-0.4086511135101318,0.7117896080017090,0.0000000000000000,191.3940582275390625
6.8086610,-0.0865961685776711,3.3471345901489258,0.0000000000000000,-0.3581006526947021,0.6882306933403015,0.0000000000000000,191.7766723632812500
6.8185048,-0.0897870138287544,3.3536562919616699,0.0000000000000000,-0.3254400193691254,0.6770516633987427,0.0000000000000000,192.1503448486328125
6.8284779,-0.0921949967741966,3.3601133823394775,0.0000000000000000,-0.2497146874666214,0.6689269542694092,0.0000000000000000,192.5203094482421875
6.8384881,-0.0945964977145195,3.3664002418518066,0.0000000000000000,-0.2392417937517166,0.6452418565750122,0.0000000000000000,192.8805084228515625
6.8483009,-0.0971498414874077,3.3724303245544434,0.0000000000000000,-0.2650581002235413,0.6229008436203003,0.0000000000000000,193.2260131835937500
6.8583322,-0.0997779518365860,3.3782982826232910,0.0000000000000000,-0.2777129411697388,0.6035889983177185,0.0000000000000000,193.5622253417968750
6.8683057,-0.1021377816796303,3.3838219642639160,0.0000000000000000,-0.2354816198348999,0.5727413296699524,0.0000000000000000,193.8787078857421875
6.8781338,-0.1034377217292786,3.3889520168304443,0.0000000000000000,-0.1577516049146652,0.5262117385864258,0.0000000000000000,194.1726379394531250
6.8881092,-0.1036191880702972,3.3934760093688965,0.0000000000000000,-0.0211311541497707,0.4727271795272827,0.0000000000000000,194.4318389892578125
6.8981361,-0.1033700183033943,3.3973040580749512,0.0000000000000000,0.0351644270122051,0.4032519757747650,0.0000000000000000,194.6511688232421875
6.9079561,-0.1037057042121887,3.4005196094512939,0.0000000000000000,-0.0309433601796627,0.3291767239570618,0.0000000000000000,194.8354187011718750
6.9179621,-0.1046932712197304,3.4031882286071777,0.0000000000000000,-0.0978549718856812,0.2754231095314026,0.0000000000000000,194.9883117675781250
6.9279528,-0.1059586405754089,3.4055886268615723,0.0000000000000000,-0.1336654126644135,0.2522282898426056,0.0000000000000000,195.1258392333984375
6.9378037,-0.1080592796206474,3.4082379341125488,0.0000000000000000,-0.2151059210300446,0.2710523605346680,0.0000000000000000,195.2776336669921875
6.9477758,-0.1104859113693237,3.4112553596496582,0.0000000000000000,-0.2568638324737549,0.3163995146751404,0.0000000000000000,195.4505310058593750
6.9577742,-0.1125665232539177,3.4148101806640625,0.0000000000000000,-0.2075977772474289,0.3567732870578766,0.0000000000000000,195.6542053222656250
6.9677796,-0.1140169724822044,3.4184725284576416,0.0000000000000000,-0.1501968950033188,0.3821144402027130,0.0000000000000000,195.8640441894531250
6.9776030,-0.1153665706515312,3.4222416877746582,0.0000000000000000,-0.1379768252372742,0.3843589425086975,0.0000000000000000,196.0800018310546875
6.9876108,-0.1166025325655937,3.4255790710449219,0.0000000000000000,-0.1268562972545624,0.3515873849391937,0.0000000000000000,196.2712097167968750
6.9975877,-0.1173233538866043,3.4286673069000244,0.0000000000000000,-0.0791813433170319,0.3133307993412018,0.0000000000000000,196.4481506347656250
7.0074143,-0.1178916320204735,3.4313817024230957,0.0000000000000000,-0.0642064884305000,0.2808587551116943,0.0000000000000000,196.6036834716796875
7.0174279,-0.1182570531964302,3.4336767196655273,0.0000000000000000,-0.0439615808427334,0.2433983087539673,0.0000000000000000,196.7351684570312500
7.0274272,-0.1182419285178185,3.4357759952545166,0.0000000000000000,0.0006353501230478,0.2132224887609482,0.0000000000000000,196.8554534912109375
7.0374250,-0.1179742962121964,3.4378025531768799,0.0000000000000000,0.0240112598985434,0.2053027898073196,0.0000000000000000,196.9715728759765625
7.0472488,-0.1181473881006241,3.4399778842926025,0.0000000000000000,-0.0176484268158674,0.2238531559705734,0.0000000000000000,197.0962066650390625
7.0572495,-0.1186683923006058,3.4425139427185059,0.0000000000000000,-0.0590286180377007,0.2615018188953400,0.0000000000000000,197.2415161132812500
7.0672269,-0.1194462701678276,3.4454915523529053,0.0000000000000000,-0.0741124078631401,0.3035378456115723,0.0000000000000000,197.4121093750000000
7.0770769,-0.1197803542017937,3.4486491680145264,0.0000000000000000,-0.0345756709575653,0.3214840888977051,0.0000000000000000,197.5930328369140625
7.0870748,-0.1194752231240273,3.4516730308532715,0.0000000000000000,0.0293435174971819,0.3076513409614563,0.0000000000000000,197.7662811279296875
7.0970664,-0.1189224272966385,3.4542284011840820,0.0000000000000000,0.0564500987529755,0.2710043191909790,0.0000000000000000,197.9127044677734375
7.1068721,-0.1183380410075188,3.4563603401184082,0.0000000000000000,0.0597297176718712,0.2242049872875214,0.0000000000000000,198.0348510742187500
7.1168923,-0.1178548112511635,3.4583213329315186,0.0000000000000000,0.0446980148553848,0.1944841295480728,0.0000000000000000,198.1472015380859375
7.1268950,-0.1175553575158119,3.4599888324737549,0.0000000000000000,0.0344080477952957,0.1755047440528870,0.0000000000000000,198.2427520751953125
7.1366920,-0.1172904819250107,3.4639759063720703,0.0000000000000000,0.0209689959883690,0.1825619339942932,0.0000000000000000,198.4711914062500000
7.1467729,-0.1177386716008186,3.4668884277343750,0.0000000000000000,0.0113918920978904,0.2241138219833374,0.0000000000000000,198.6380615234375000
7.1567078,-0.1177386716008186,3.4668884277343750,0.0000000000000000,-0.0432042926549911,0.2977385222911835,0.0000000000000000,198.6380615234375000
7.1665387,-0.1186794489622116,3.4732172489166260,0.0000000000000000,-0.0510023757815361,0.3404499888420105,0.0000000000000000,199.0006713867187500
7.1765099,-0.1192505657672882,3.4757966995239258,0.0000000000000000,-0.0520708188414574,0.3181631565093994,0.0000000000000000,199.1484680175781250
7.1865206,-0.1196965798735619,3.4780330657958984,0.0000000000000000,-0.0502639338374138,0.2640188336372375,0.0000000000000000,199.2766113281250000
7.1963382,-0.1196507140994072,3.4800968170166016,0.0000000000000000,-0.0459408015012741,0.2257213443517685,0.0000000000000000,199.3948516845703125
7.2063398,-0.1192204877734184,3.4822688102722168,0.0000000000000000,0.0044737253338099,0.2181698530912399,0.0000000000000000,199.5193023681640625
7.2163334,-0.1187886521220207,3.4844403266906738,0.0000000000000000,0.0311760660260916,0.2211474776268005,0.0000000000000000,199.6437072753906250
7.2263322,-0.1181936338543892,3.4865682125091553,0.0000000000000000,0.0425435006618500,0.2165194004774094,0.0000000000000000,199.7656250000000000
7.2361846,-0.1177851706743240,3.4894061088562012,0.0000000000000000,0.0568763464689255,0.2253535389900208,0.0000000000000000,199.9282379150390625
7.2461786,-0.1178610995411873,3.4926178455352783,0.0000000000000000,0.0520602017641068,0.2881103754043579,0.0000000000000000,200.1122436523437500
7.2561541,-0.1194972991943359,3.4964451789855957,0.0000000000000000,-0.0168943163007498,0.3356847465038300,0.0000000000000000,200.3315429687500000
7.2659945,-0.1206884011626244,3.5001866817474365,0.0000000000000000,-0.1664490699768066,0.3904131948947906,0.0000000000000000,200.5459136962890625
7.2759819,-0.1207991763949394,3.5036873817443848,0.0000000000000000,-0.1209313869476318,0.3919432461261749,0.0000000000000000,200.7464904785156250
7.2859783,-0.1212519556283951,3.5069823265075684,0.0000000000000000,-0.0085928179323673,0.3638200461864471,0.0000000000000000,200.9352722167968750
7.2958226,-0.1213418617844582,3.5100150108337402,0.0000000000000000,-0.0502352789044380,0.3391735851764679,0.0000000000000000,201.1090393066406250
7.3058009,-0.1218690201640129,3.5127651691436768,0.0000000000000000,-0.0142609272152185,0.3112868368625641,0.0000000000000000,201.2666015625000000
7.3158212,-0.1235179081559181,3.5155987739562988,0.0000000000000000,-0.0450570955872536,0.2900647521018982,0.0000000000000000,201.4289550781250000
7.3256302,-0.1248707994818687,3.5183351039886475,0.0000000000000000,-0.1659888476133347,0.2864683866500854,0.0000000000000000,201.5857391357421875
7.3356457,-0.1263230741024017,3.5211675167083740,0.0000000000000000,-0.1524621695280075,0.2826411724090576,0.0000000000000000,201.7480316162109375
7.3456292,-0.1277009993791580,3.5241558551788330,0.0000000000000000,-0.1434411555528641,0.2982117831707001,0.0000000000000000,201.9192504882812500
7.3554668,-0.1288809478282928,3.5273289680480957,0.0000000000000000,-0.1395033895969391,0.3082279860973358,0.0000000000000000,202.1010589599609375
7.3654470,-0.1298657655715942,3.5306289196014404,0.0000000000000000,-0.1223842501640320,0.3226746320724487,0.0000000000000000,202.2901306152343750
7.3754425,-0.1304713040590286,3.5340027809143066,0.0000000000000000,-0.0991766378283501,0.3401685655117035,0.0000000000000000,202.4834289550781250
7.3852639,-0.1306587010622025,3.5373063087463379,0.0000000000000000,-0.0698910877108574,0.3536101281642914,0.0000000000000000,202.6727142333984375
7.3952651,-0.1307736486196518,3.5403323173522949,0.0000000000000000,-0.0173267219215631,0.3322360515594482,0.0000000000000000,202.8460845947265625
7.4052658,-0.1308023035526276,3.5431718826293945,0.0000000000000000,-0.0104152085259557,0.3106802701950073,0.0000000000000000,203.0087890625000000
7.4150910,-0.1299944669008255,3.5459268093109131,0.0000000000000000,-0.0065607512369752,0.2958277761936188,0.0000000000000000,203.1666259765625000
7.4251080,-0.1290875822305679,3.5486593246459961,0.0000000000000000,0.0940975025296211,0.2873587012290955,0.0000000000000000,203.3231964111328125
7.4351091,-0.1298907250165939,3.5514185428619385,0.0000000000000000,0.0891869738698006,0.2753291130065918,0.0000000000000000,203.4812774658203125
7.4451118,-0.1307082027196884,3.5540876388549805,0.0000000000000000,-0.0795150771737099,0.2705229520797729,0.0000000000000000,203.6342163085937500
7.4549108,-0.1307867914438248,3.5568237304687500,0.0000000000000000,-0.0920020416378975,0.2725411951541901,0.0000000000000000,203.7909698486328125
7.4649110,-0.1305600106716156,3.5598523616790771,0.0000000000000000,0.0107433898374438,0.2770752608776093,0.0000000000000000,203.9645080566406250
7.4749131,-0.1312522739171982,3.5631535053253174,0.0000000000000000,0.0175008215010166,0.3098973035812378,0.0000000000000000,204.1536407470703125
7.4847412,-0.1316678822040558,3.5665659904479980,0.0000000000000000,-0.0663743242621422,0.3435350656509399,0.0000000000000000,204.3491668701171875
7.4947438,-0.1315931975841522,3.5696845054626465,0.0000000000000000,-0.0546519532799721,0.3448203802108765,0.0000000000000000,204.5278472900390625
7.5046878,-0.1320056766271591,3.5726251602172852,0.0000000000000000,0.0067445337772369,0.3264862596988678,0.0000000000000000,204.6963348388671875
7.5146360,-0.1328575015068054,3.5752849578857422,0.0000000000000000,-0.0890146419405937,0.2808870077133179,0.0000000000000000,204.8487243652343750
7.5245728,-0.1337035447359085,3.5777754783630371,0.0000000000000000,-0.0965131968259811,0.2612532377243042,0.0000000000000000,204.9914245605468750
7.5345020,-0.1349268257617950,3.5802526473999023,0.0000000000000000,-0.1192144453525543,0.2515664696693420,0.0000000000000000,205.1333618164062500
7.5444350,-0.1360440850257874,3.5828406810760498,0.0000000000000000,-0.1350024640560150,0.2667998969554901,0.0000000000000000,205.2816314697265625
7.5544171,-0.1372635513544083,3.5857491493225098,0.0000000000000000,-0.1172952279448509,0.3019124269485474,0.0000000000000000,205.4482879638671875
7.5644112,-0.1371921598911285,3.5888164043426514,0.0000000000000000,0.0022418862208724,0.3190179765224457,0.0000000000000000,205.6240234375000000
7.5744128,-0.1361929476261139,3.5918247699737549,0.0000000000000000,0.1076295524835587,0.3073456287384033,0.0000000000000000,205.7963867187500000
7.5844126,-0.1370915174484253,3.5946877002716064,0.0000000000000000,-0.0989983305335045,0.2914534807205200,0.0000000000000000,205.9604187011718750
7.5944238,-0.1386548876762390,3.5972106456756592,0.0000000000000000,-0.1532447785139084,0.2689124047756195,0.0000000000000000,206.1049804687500000
7.6044159,-0.1392129659652710,3.5996980667114258,0.0000000000000000,-0.0611535981297493,0.2495228201150894,0.0000000000000000,206.2474975585937500
7.6144180,-0.1395513266324997,3.6021938323974609,0.0000000000000000,-0.0385707654058933,0.2593171894550323,0.0000000000000000,206.3904876708984375
7.6244168,-0.1400821954011917,3.6047673225402832,0.0000000000000000,-0.0527289658784866,0.2670364975929260,0.0000000000000000,206.5379486083984375
7.6344199,-0.1406350135803223,3.6074645519256592,0.0000000000000000,-0.0629391595721245,0.2741577923297882,0.0000000000000000,206.6924896240234375
7.6444187,-0.1408725380897522,3.6102409362792969,0.0000000000000000,-0.0365712121129036,0.2704826593399048,0.0000000000000000,206.8515625000000000
7.6544209,-0.1409463733434677,3.6128084659576416,0.0000000000000000,-0.0146470451727509,0.2680088579654694,0.0000000000000000,206.9986724853515625
7.6644235,-0.1408608853816986,3.6152801513671875,0.0000000000000000,0.0022360421717167,0.2547174394130707,0.0000000000000000,207.1402893066406250
7.6744242,-0.1405903398990631,3.6178431510925293,0.0000000000000000,0.0205154363065958,0.2410866171121597,0.0000000000000000,207.2871246337890625
7.6844330,-0.1404723376035690,3.6204965114593506,0.0000000000000000,-0.0110327536240220,0.2518908083438873,0.0000000000000000,207.4391632080078125
7.6944299,-0.1404241621494293,3.6236448287963867,0.0000000000000000,-0.0148010905832052,0.2898869812488556,0.0000000000000000,207.6195373535156250
7.7044311,-0.1403399556875229,3.6269745826721191,0.0000000000000000,-0.0021813493221998,0.3286160528659821,0.0000000000000000,207.8103179931640625
7.7144337,-0.1402609646320343,3.6304731369018555,0.0000000000000000,-0.0050787217915058,0.3485577106475830,0.0000000000000000,208.0107727050781250
7.7244411,-0.1403194367885590,3.6337244510650635,0.0000000000000000,-0.0143626071512699,0.3375316560268402,0.0000000000000000,208.1970672607421875
7.7344375,-0.1406608372926712,3.6368157863616943,0.0000000000000000,-0.0430133379995823,0.3047253787517548,0.0000000000000000,208.3741912841796875
7.7444410,-0.1411089450120926,3.6394162178039551,0.0000000000000000,-0.0475270338356495,0.2675407528877258,0.0000000000000000,208.5231781005859375
7.7544422,-0.1409233063459396,3.6418387889862061,0.0000000000000000,-0.0207729004323483,0.2362107336521149,0.0000000000000000,208.6619873046875000
7.7644472,-0.1383783072233200,3.6436622142791748,0.0000000000000000,0.2433230876922607,0.1886111795902252,0.0000000000000000,208.7664489746093750
7.7744451,-0.1370078325271606,3.6453180313110352,0.0000000000000000,0.1218698844313622,0.1814042180776596,0.0000000000000000,208.8613281250000000
7.7844639,-0.1374188810586929,3.6469042301177979,0.0000000000000000,-0.0771172940731049,0.1641201078891754,0.0000000000000000,208.9522094726562500
7.7944541,-0.1379927545785904,3.6483216285705566,0.0000000000000000,-0.0664915889501572,0.1524558812379837,0.0000000000000000,209.0334167480468750
7.8044486,-0.1386361867189407,3.6498045921325684,0.0000000000000000,-0.0612171180546284,0.1497215032577515,0.0000000000000000,209.1183929443359375
7.8144565,-0.1398890763521194,3.6513864994049072,0.0000000000000000,-0.1375696659088135,0.1503037512302399,0.0000000000000000,209.2090301513671875
7.8244510,-0.1409242600202560,3.6528124809265137,0.0000000000000000,-0.1249187439680099,0.1492463797330856,0.0000000000000000,209.2907257080078125
7.8344560,-0.1416222602128983,3.6544537544250488,0.0000000000000000,-0.0868286192417145,0.1548414975404739,0.0000000000000000,209.3847656250000000
7.8444562,-0.1419737637042999,3.6561391353607178,0.0000000000000000,-0.0560519173741341,0.1561262309551239,0.0000000000000000,209.4813232421875000
7.8544588,-0.1423456519842148,3.6577374935150146,0.0000000000000000,-0.0427772924304008,0.1557327210903168,0.0000000000000000,209.5729064941406250
7.8644609,-0.1425242573022842,3.6592583656311035,0.0000000000000000,-0.0343309454619884,0.1433787345886230,0.0000000000000000,209.6600494384765625
7.8744612,-0.1430774778127670,3.6606016159057617,0.0000000000000000,-0.0491334088146687,0.1196631491184235,0.0000000000000000,209.7370147705078125
7.8844676,-0.1432157754898071,3.6613278388977051,0.0000000000000000,-0.0273296516388655,0.0773502811789513,0.0000000000000000,209.7786254882812500
7.8944612,-0.1433780342340469,3.6617510318756104,0.0000000000000000,-0.0185462627559900,0.0291773062199354,0.0000000000000000,209.8028717041015625
7.9044633,-0.1435014158487320,3.6617603302001953,0.0000000000000000,-0.0220730751752853,-0.0070752147585154,0.0000000000000000,209.8034057617187500
7.9144678,-0.1436228156089783,3.6613886356353760,0.0000000000000000,-0.0088125225156546,-0.0483551248908043,0.0000000000000000,209.7821044921875000
7.9244685,-0.1434890180826187,3.6604461669921875,0.0000000000000000,0.0145948231220245,-0.0977457910776138,0.0000000000000000,209.7281036376953125
7.9344730,-0.1431927531957626,3.6590771675109863,0.0000000000000000,0.0311328656971455,-0.1550959050655365,0.0000000000000000,209.6496734619140625
7.9444695,-0.1426617950201035,3.6574277877807617,0.0000000000000000,0.0543572083115578,-0.1942456513643265,0.0000000000000000,209.5551605224609375
7.9544721,-0.1416318565607071,3.6553564071655273,0.0000000000000000,0.1009934917092323,-0.2243904322385788,0.0000000000000000,209.4364776611328125
7.9644742,-0.1403322368860245,3.6529715061187744,0.0000000000000000,0.1309785842895508,-0.2574238777160645,0.0000000000000000,209.2998352050781250
7.9744778,-0.1390378028154373,3.6501643657684326,0.0000000000000000,0.1269378662109375,-0.2884010970592499,0.0000000000000000,209.1390075683593750
7.9844790,-0.1378873586654663,3.6470651626586914,0.0000000000000000,0.1318882107734680,-0.3305595219135284,0.0000000000000000,208.9614257812500000
7.9944792,-0.1367146968841553,3.6434621810913086,0.0000000000000000,0.1198669373989105,-0.3764841854572296,0.0000000000000000,208.7549896240234375
8.0044813,-0.1355831623077393,3.6394715309143066,0.0000000000000000,0.1136737540364265,-0.4187773168087006,0.0000000000000000,208.5263519287109375
8.0144873,-0.1342068016529083,3.6350359916687012,0.0000000000000000,0.1471763998270035,-0.4642110168933868,0.0000000000000000,208.2722167968750000
8.0244856,-0.1326389312744141,3.6300978660583496,0.0000000000000000,0.1619953811168671,-0.5064911842346191,0.0000000000000000,207.9892730712890625
8.0344915,-0.1304146051406860,3.6248669624328613,0.0000000000000000,0.2316294312477112,-0.5500059127807617,0.0000000000000000,207.6895599365234375
8.0497274,-0.1275869607925415,3.6192884445190430,0.0000000000000000,0.2919910848140717,-0.5777548551559448,0.0000000000000000,207.3699340820312500
8.0597219,-0.1244751587510109,3.6134507656097412,0.0000000000000000,0.3224590122699738,-0.6060634851455688,0.0000000000000000,207.0354614257812500
8.0697803,-0.1209270581603050,3.6072671413421631,0.0000000000000000,0.3558370471000671,-0.6389411687850952,0.0000000000000000,206.6811676025390625
8.0797129,-0.1170776635408401,3.6006574630737305,0.0000000000000000,0.4055105149745941,-0.6744101643562317,0.0000000000000000,206.3024597167968750
8.0844965,-0.1128999814391136,3.5937647819519043,0.0000000000000000,0.4277448654174805,-0.7175796031951904,0.0000000000000000,205.9075469970703125
8.0997181,-0.1081772744655609,3.5862164497375488,0.0000000000000000,0.4800887107849121,-0.7835960984230042,0.0000000000000000,205.4750518798828125
8.1097679,-0.1028504893183708,3.5778703689575195,0.0000000000000000,0.5472084879875183,-0.8587805032730103,0.0000000000000000,204.9968566894531250
8.1197948,-0.0974889919161797,3.5687398910522461,0.0000000000000000,0.5511472821235657,-0.9511048197746277,0.0000000000000000,204.4737243652343750
8.1297731,-0.0923456326127052,3.5589611530303955,0.0000000000000000,0.5301664471626282,-1.0031666755676270,0.0000000000000000,203.9134368896484375
8.1396027,-0.0874926000833511,3.5490770339965820,0.0000000000000000,0.5038263201713562,-1.0288666486740112,0.0000000000000000,203.3471221923828125
8.1496201,-0.0827749595046043,3.5389862060546875,0.0000000000000000,0.4842790663242340,-1.0390963554382324,0.0000000000000000,202.7689666748046875
8.1596136,-0.0774783119559288,3.5287313461303711,0.0000000000000000,0.5436671376228333,-1.0611770153045654,0.0000000000000000,202.1813964843750000
8.1694117,-0.0723487660288811,3.5180881023406982,0.0000000000000000,0.5250359177589417,-1.0910737514495850,0.0000000000000000,201.5715942382812500
8.1794214,-0.0687262415885925,3.5071852207183838,0.0000000000000000,0.3798680007457733,-1.1363382339477539,0.0000000000000000,200.9468994140625000
8.1894121,-0.0658226758241653,3.4956564903259277,0.0000000000000000,0.2984427809715271,-1.1838709115982056,0.0000000000000000,200.2863464355468750
8.1992359,-0.0628620684146881,3.4836287498474121,0.0000000000000000,0.2971882820129395,-1.2516844272613525,0.0000000000000000,199.5972137451171875
8.2092657,-0.0595530569553375,3.4707303047180176,0.0000000000000000,0.3438624739646912,-1.3278250694274902,0.0000000000000000,198.8581848144531250
8.2192602,-0.0566499494016171,3.4572372436523438,0.0000000000000000,0.3008724451065063,-1.3958368301391602,0.0000000000000000,198.0850982666015625
8.2290621,-0.0541356839239597,3.4430644512176514,0.0000000000000000,0.2543888986110687,-1.4609053134918213,0.0000000000000000,197.2730560302734375
8.2390366,-0.0522021166980267,3.4282598495483398,0.0000000000000000,0.2077050209045410,-1.5252321958541870,0.0000000000000000,196.4248046875000000
8.2490597,-0.0510400868952274,3.4128360748291016,0.0000000000000000,0.1105653196573257,-1.5984965562820435,0.0000000000000000,195.5410919189453125
8.2588911,-0.0509289093315601,3.3967039585113525,0.0000000000000000,0.0159823242574930,-1.6642229557037354,0.0000000000000000,194.6167907714843750
8.2688789,-0.0506938248872757,3.3799681663513184,0.0000000000000000,0.0256571657955647,-1.7305730581283569,0.0000000000000000,193.6578979492187500
8.2788572,-0.0506399013102055,3.3625776767730713,0.0000000000000000,0.0044181295670569,-1.7947472333908081,0.0000000000000000,192.6614990234375000
8.2888203,-0.0507216937839985,3.3446700572967529,0.0000000000000000,-0.0123167401179671,-1.8568503856658936,0.0000000000000000,191.6354675292968750
8.2986927,-0.0492019653320312,3.3261461257934570,0.0000000000000000,0.1549845635890961,-1.9102680683135986,0.0000000000000000,190.5741271972656250
8.3087091,-0.0449779815971851,3.3071420192718506,0.0000000000000000,0.4403758645057678,-1.9618626832962036,0.0000000000000000,189.4852752685546875
8.3186388,-0.0392520949244499,3.2877862453460693,0.0000000000000000,0.5918180942535400,-1.9978661537170410,0.0000000000000000,188.3762664794921875
8.3285303,-0.0335843637585640,3.2684597969055176,0.0000000000000000,0.5776945352554321,-2.0040338039398193,0.0000000000000000,187.2689361572265625
8.3385324,-0.0293086897581816,3.2490918636322021,0.0000000000000000,0.4480631053447723,-1.9940801858901978,0.0000000000000000,186.1592407226562500
8.3483534,-0.0267978496849537,3.2297499179840088,0.0000000000000000,0.2600934803485870,-1.9961901903152466,0.0000000000000000,185.0510253906250000
8.3562222,0.3445619046688080,6.2827997207641602,0.0000000000000000,-2.0515570640563965,0.0174741595983505,0.0000000000000000,359.9778747558593750
8.3657999,-0.0000000000000000,6.2831854820251465,0.0000000000000000,-0.0468459911644459,-2.1718804836273193,0.0000000000000000,360.0000000000000000
8.3782768,-0.0246388241648674,3.1734490394592285,0.0000000000000000,-0.0141808213666081,-1.8915005922317505,0.0000000000000000,181.8252258300781250
8.3881807,-0.0238896682858467,3.1552605628967285,0.0000000000000000,0.0766967013478279,-1.8723741769790649,0.0000000000000000,180.7830963134765625
8.3981781,-0.0232616588473320,3.1374168395996094,0.0000000000000000,0.0649320781230927,-1.8406056165695190,0.0000000000000000,179.7607269287109375
8.4081602,-0.0228344369679689,3.1197381019592285,0.0000000000000000,0.0453134365379810,-1.8308905363082886,0.0000000000000000,178.7478179931640625
8.4179993,-0.0228605959564447,3.1019585132598877,0.0000000000000000,0.0024969740770757,-1.8338677883148193,0.0000000000000000,177.7291259765625000
8.4280005,-0.0222213827073574,3.0840268135070801,0.0000000000000000,0.0736465752124786,-1.8520168066024780,0.0000000000000000,176.7017059326171875
8.4378223,-0.0203237030655146,3.0663912296295166,0.0000000000000000,0.1963894218206406,-1.8214784860610962,0.0000000000000000,175.6912689208984375
8.4478264,-0.0173530802130699,3.0496466159820557,0.0000000000000000,0.2988995611667633,-1.7348119020462036,0.0000000000000000,174.7318725585937500
8.4578247,-0.0136545263230801,3.0339527130126953,0.0000000000000000,0.3857856988906860,-1.6187411546707153,0.0000000000000000,173.8326721191406250
8.4677496,-0.0093009509146214,3.0192124843597412,0.0000000000000000,0.4510163366794586,-1.5255087614059448,0.0000000000000000,172.9881286621093750
8.4776440,-0.0042676310986280,3.0047459602355957,0.0000000000000000,0.5167878866195679,-1.4880043268203735,0.0000000000000000,172.1592559814453125
8.4876518,0.0008574911626056,2.9904448986053467,0.0000000000000000,0.5304808020591736,-1.4777264595031738,0.0000000000000000,171.3398590087890625
8.4975748,0.0052835778333247,2.9763658046722412,0.0000000000000000,0.4521042704582214,-1.4541411399841309,0.0000000000000000,170.5331878662109375
8.5074606,0.0089167384430766,2.9625980854034424,0.0000000000000000,0.3844813108444214,-1.4315321445465088,0.0000000000000000,169.7443542480468750
8.5174694,0.0119290202856064,2.9488883018493652,0.0000000000000000,0.3034055233001709,-1.4068075418472290,0.0000000000000000,168.9588470458984375
8.5274639,0.0153677547350526,2.9357843399047852,0.0000000000000000,0.3637037873268127,-1.3586753606796265,0.0000000000000000,168.2080383300781250
8.5372686,0.0187417212873697,2.9230141639709473,0.0000000000000000,0.3491297364234924,-1.3161245584487915,0.0000000000000000,167.4763641357421875
8.5472717,0.0215860940515995,2.9102928638458252,0.0000000000000000,0.2858699262142181,-1.3144004344940186,0.0000000000000000,166.7474822998046875
8.5572901,0.0237294360995293,2.8973786830902100,0.0000000000000000,0.2270087003707886,-1.3312840461730957,0.0000000000000000,166.0075683593750000
8.5671082,0.0252936892211437,2.8844225406646729,0.0000000000000000,0.1652406454086304,-1.3366171121597290,0.0000000000000000,165.2652282714843750
8.5771437,0.0270573087036610,2.8713667392730713,0.0000000000000000,0.1796498149633408,-1.3521314859390259,0.0000000000000000,164.5171813964843750
8.5871220,0.0290323793888092,2.8579542636871338,0.0000000000000000,0.2012259364128113,-1.3879837989807129,0.0000000000000000,163.7487030029296875
8.5969162,0.0334895811975002,2.8312392234802246,0.0000000000000000,0.2146344482898712,-1.3863335847854614,0.0000000000000000,162.2180480957031250
8.6069336,0.0368610247969627,2.8181192874908447,0.0000000000000000,0.2578459680080414,-1.3685910701751709,0.0000000000000000,161.4663391113281250
8.6169443,0.0368610247969627,2.8181192874908447,0.0000000000000000,0.3319034874439240,-1.3552018404006958,0.0000000000000000,161.4663391113281250
8.6267490,0.0422422587871552,2.7920727729797363,0.0000000000000000,0.3178181648254395,-1.3626935482025146,0.0000000000000000,159.9739837646484375
8.6367960,0.0446127019822598,2.7801828384399414,0.0000000000000000,0.2464590370655060,-1.3231104612350464,0.0000000000000000,159.2927398681640625
8.6467476,0.0477555803954601,2.7689054012298584,0.0000000000000000,0.2384479939937592,-1.2256201505661011,0.0000000000000000,158.6465911865234375
8.6565666,0.0514228306710720,2.7579383850097656,0.0000000000000000,0.3242736458778381,-1.1665405035018921,0.0000000000000000,158.0182189941406250
8.6665802,0.0550199672579765,2.7476639747619629,0.0000000000000000,0.3789456486701965,-1.1343890428543091,0.0000000000000000,157.4295349121093750
8.6765738,0.0580528825521469,2.7384202480316162,0.0000000000000000,0.3710998296737671,-1.0609738826751709,0.0000000000000000,156.8999176025390625
8.6865044,0.0600402392446995,2.7302186489105225,0.0000000000000000,0.3079205453395844,-0.9640666842460632,0.0000000000000000,156.4299926757812500
8.6964121,0.0627171471714973,2.7234377861022949,0.0000000000000000,0.2117241919040680,-0.8384661078453064,0.0000000000000000,156.0414886474609375
8.7063856,0.0661354139447212,2.7177584171295166,0.0000000000000000,0.2668327391147614,-0.7043396830558777,0.0000000000000000,155.7160797119140625
8.7164001,0.0697874054312706,2.7131669521331787,0.0000000000000000,0.3543301224708557,-0.5829911231994629,0.0000000000000000,155.4530029296875000
8.7262239,0.0745739862322807,2.7095465660095215,0.0000000000000000,0.3813172578811646,-0.4739280641078949,0.0000000000000000,155.2455749511718750
8.7362452,0.0785794332623482,2.7059009075164795,0.0000000000000000,0.4883465170860291,-0.3809334039688110,0.0000000000000000,155.0366973876953125
8.7462463,0.0812339708209038,2.7017564773559570,0.0000000000000000,0.4156211912631989,-0.3748354017734528,0.0000000000000000,154.7992401123046875
8.7560444,0.0832594037055969,2.6967449188232422,0.0000000000000000,0.2700913548469543,-0.4307435750961304,0.0000000000000000,154.5121002197265625
8.7660570,0.0838715508580208,2.6909382343292236,0.0000000000000000,0.2106728702783585,-0.5088708996772766,0.0000000000000000,154.1793975830078125
8.7760382,0.0853334143757820,2.6852583885192871,0.0000000000000000,0.0643007308244705,-0.5978786945343018,0.0000000000000000,153.8539581298828125
8.7858610,0.0886360034346581,2.6802220344543457,0.0000000000000000,0.1418803632259369,-0.5910124778747559,0.0000000000000000,153.5653991699218750
8.7958603,0.0919046252965927,2.6758353710174561,0.0000000000000000,0.3425296843051910,-0.5169746279716492,0.0000000000000000,153.3140716552734375
8.8058834,0.0944912880659103,2.6719958782196045,0.0000000000000000,0.3367294967174530,-0.4555414915084839,0.0000000000000000,153.0940856933593750
8.8156891,0.0959220677614212,2.6688451766967773,0.0000000000000000,0.2685658633708954,-0.3944067358970642,0.0000000000000000,152.9135589599609375
8.8256960,0.0964849218726158,2.6678812503814697,0.0000000000000000,0.1429867595434189,-0.3264734745025635,0.0000000000000000,152.8583221435546875
8.8356953,0.0980134680867195,2.6667776107788086,0.0000000000000000,0.0620205588638783,-0.1052099466323853,0.0000000000000000,152.7950897216796875
8.8455286,0.0996431112289429,2.6656954288482666,0.0000000000000000,0.1569564342498779,-0.1046229153871536,0.0000000000000000,152.7330932617187500
8.8555117,0.1004749089479446,2.6645119190216064,0.0000000000000000,0.1691292971372604,-0.1172220557928085,0.0000000000000000,152.6652832031250000
8.8655109,0.1004126816987991,2.6634969711303711,0.0000000000000000,0.0819602608680725,-0.1204803884029388,0.0000000000000000,152.6071319580078125
8.8753462,0.0992751270532608,2.6628181934356689,0.0000000000000000,-0.0038837604224682,-0.1049734354019165,0.0000000000000000,152.5682373046875000
8.8853493,0.0981371402740479,2.6623077392578125,0.0000000000000000,-0.1150197982788086,-0.0635539665818214,0.0000000000000000,152.5389862060546875
8.8953485,0.0964951217174530,2.6623504161834717,0.0000000000000000,-0.1150156632065773,-0.0635574758052826,0.0000000000000000,152.5414276123046875
8.9051590,0.0950107052922249,2.6627159118652344,0.0000000000000000,-0.1698464155197144,0.0002332418225706,0.0000000000000000,152.5623779296875000
8.9151592,0.0940018370747566,2.6636519432067871,0.0000000000000000,-0.1583815664052963,0.0421571843326092,0.0000000000000000,152.6160125732421875
8.9251604,0.0938407257199287,2.6653225421905518,0.0000000000000000,-0.1038763225078583,0.1004764214158058,0.0000000000000000,152.7117309570312500
8.9349823,0.0940777063369751,2.6685070991516113,0.0000000000000000,-0.0062160827219486,0.1711153090000153,0.0000000000000000,152.8941802978515625
8.9449844,0.0953582227230072,2.6722631454467773,0.0000000000000000,0.0797765478491783,0.2680821418762207,0.0000000000000000,153.1093902587890625
8.9549561,0.0963548570871353,2.6769692897796631,0.0000000000000000,0.1174775138497353,0.3841451704502106,0.0000000000000000,153.3790283203125000
8.9648895,0.0965981334447861,2.6824259757995605,0.0000000000000000,0.1090397536754608,0.4831759631633759,0.0000000000000000,153.6916809082031250
8.9748449,0.0959270074963570,2.6888482570648193,0.0000000000000000,-0.0693453699350357,0.6673411726951599,0.0000000000000000,154.0596466064453125
8.9847822,0.0944882929325104,2.6963119506835938,0.0000000000000000,-0.1454215049743652,0.7745370864868164,0.0000000000000000,154.4872894287109375
8.9947157,0.0933861583471298,2.7046537399291992,0.0000000000000000,-0.1181159317493439,0.8588585853576660,0.0000000000000000,154.9652404785156250
9.0046520,0.0925205126404762,2.7138543128967285,0.0000000000000000,-0.0912143439054489,0.9528901576995850,0.0000000000000000,155.4923858642578125
9.0146456,0.0917078107595444,2.7242901325225830,0.0000000000000000,-0.0802794322371483,1.0788542032241821,0.0000000000000000,156.0903167724609375
9.0246477,0.0910499244928360,2.7361893653869629,0.0000000000000000,-0.0671843364834785,1.2230966091156006,0.0000000000000000,156.7720947265625000
9.0346527,0.0911382660269737,2.7498452663421631,0.0000000000000000,0.0082360208034515,1.4084525108337402,0.0000000000000000,157.5545196533203125
9.0446482,0.0913942903280258,2.7653236389160156,0.0000000000000000,0.0377022475004196,1.6018484830856323,0.0000000000000000,158.4413604736328125
9.0546494,0.0905794054269791,2.7820880413055420,0.0000000000000000,-0.0798937827348709,1.7375346422195435,0.0000000000000000,159.4019012451171875
9.0646524,0.0887873992323875,2.7993354797363281,0.0000000000000000,-0.1800012439489365,1.7849467992782593,0.0000000000000000,160.3901062011718750
9.0746508,0.0862469375133514,2.8164067268371582,0.0000000000000000,-0.2547428309917450,1.7547192573547363,0.0000000000000000,161.3682098388671875
9.0846577,0.0836693197488785,2.8331391811370850,0.0000000000000000,-0.2668059170246124,1.7302837371826172,0.0000000000000000,162.3269042968750000
9.0946522,0.0820924937725067,2.8496332168579102,0.0000000000000000,-0.1591431796550751,1.7012304067611694,0.0000000000000000,163.2719421386718750
9.1046553,0.0822007432579994,2.8659989833831787,0.0000000000000000,0.0103041529655457,1.6926774978637695,0.0000000000000000,164.2096405029296875
9.1146545,0.0843966454267502,2.8828029632568359,0.0000000000000000,0.2217295765876770,1.7322660684585571,0.0000000000000000,165.1724395751953125
9.1246567,0.0864728763699532,2.9003677368164062,0.0000000000000000,0.2248605191707611,1.8159167766571045,0.0000000000000000,166.1788177490234375
9.1346617,0.0878067612648010,2.9181022644042969,0.0000000000000000,0.1326642781496048,1.8323165178298950,0.0000000000000000,167.1949310302734375
9.1446590,0.0879008993506432,2.9348337650299072,0.0000000000000000,0.0036275051534176,1.7259626388549805,0.0000000000000000,168.1535797119140625
9.1546659,0.0846556946635246,2.9495763778686523,0.0000000000000000,-0.3233935236930847,1.5272630453109741,0.0000000000000000,168.9982757568359375
9.1646652,0.0814181342720985,2.9623858928680420,0.0000000000000000,-0.3410736024379730,1.3232153654098511,0.0000000000000000,169.7321929931640625
9.1746655,0.0777001082897186,2.9744002819061279,0.0000000000000000,-0.3747043311595917,1.2419023513793945,0.0000000000000000,170.4205780029296875
9.1846704,0.0743278786540031,2.9865803718566895,0.0000000000000000,-0.3448432087898254,1.2562885284423828,0.0000000000000000,171.1184387207031250
9.1946735,0.0725198462605476,2.9994075298309326,0.0000000000000000,-0.1809599548578262,1.3322114944458008,0.0000000000000000,171.8533782958984375
9.2046680,0.0719632357358932,3.0134606361389160,0.0000000000000000,-0.0706233307719231,1.4498574733734131,0.0000000000000000,172.6585693359375000
9.2146711,0.0709974095225334,3.0288724899291992,0.0000000000000000,-0.0842609554529190,1.5831189155578613,0.0000000000000000,173.5415954589843750
9.2246742,0.0698335170745850,3.0447897911071777,0.0000000000000000,-0.1263676434755325,1.6501258611679077,0.0000000000000000,174.4535980224609375
9.2346754,0.0676066800951958,3.0607426166534424,0.0000000000000000,-0.2281388342380524,1.6483032703399658,0.0000000000000000,175.3676300048828125
9.2446766,0.0653788298368454,3.0765080451965332,0.0000000000000000,-0.2298238277435303,1.6275206804275513,0.0000000000000000,176.2709197998046875
9.2546787,0.0647986456751823,3.0921297073364258,0.0000000000000000,-0.0646950453519821,1.6142219305038452,0.0000000000000000,177.1659698486328125
9.2646799,0.0653548613190651,3.1077897548675537,0.0000000000000000,0.0631799846887589,1.6145532131195068,0.0000000000000000,178.0632324218750000
9.2746849,0.0653924345970154,3.1236102581024170,0.0000000000000000,-0.0022752350196242,1.6316349506378174,0.0000000000000000,178.9696807861328125
9.2846842,0.0640411376953125,3.1395616531372070,0.0000000000000000,-0.1418831497430801,1.6480551958084106,0.0000000000000000,179.8836212158203125
9.2946882,0.0616848282516003,3.1545271873474121,0.0000000000000000,-0.2313043922185898,1.5463800430297852,0.0000000000000000,180.7410888671875000
9.3046913,0.0586740188300610,3.1679344177246094,0.0000000000000000,-0.3210583627223969,1.3869178295135498,0.0000000000000000,181.5092620849609375
9.3146877,0.0540624707937241,3.1797451972961426,0.0000000000000000,-0.4766439199447632,1.2236849069595337,0.0000000000000000,182.1859741210937500
9.3246899,0.0487067140638828,3.1901514530181885,0.0000000000000000,-0.5499529242515564,1.0724227428436279,0.0000000000000000,182.7822113037109375
9.3346939,0.0438025780022144,3.1994512081146240,0.0000000000000000,-0.5084080696105957,0.9550564289093018,0.0000000000000000,183.3150482177734375
9.3446941,0.0394363813102245,3.2078132629394531,0.0000000000000000,-0.4415018260478973,0.8710969090461731,0.0000000000000000,183.7941589355468750
9.3546963,0.0350636579096317,3.2157480716705322,0.0000000000000000,-0.4588486552238464,0.8135570287704468,0.0000000000000000,184.2487792968750000
9.3646965,0.0294055398553610,3.2232141494750977,0.0000000000000000,-0.5791939496994019,0.7800899147987366,0.0000000000000000,184.6765594482421875
9.3746986,0.0236728545278311,3.2301523685455322,0.0000000000000000,-0.5934510827064514,0.7041576504707336,0.0000000000000000,185.0740814208984375
9.3847008,0.0190121773630381,3.2356562614440918,0.0000000000000000,-0.4790652394294739,0.5739866495132446,0.0000000000000000,185.3894348144531250
9.3954496,0.0153434667736292,3.2397055625915527,0.0000000000000000,-0.3811276555061340,0.4140536785125732,0.0000000000000000,185.6214447021484375
9.4061537,0.0124280080199242,3.2421321868896484,0.0000000000000000,-0.2972922027111053,0.2520206272602081,0.0000000000000000,185.7604827880859375
9.4167271,0.0100797368213534,3.2430212497711182,0.0000000000000000,-0.2475629597902298,0.0967871695756912,0.0000000000000000,185.8114166259765625
9.4272814,0.0081226080656052,3.2425317764282227,0.0000000000000000,-0.1940149813890457,-0.0516007207334042,0.0000000000000000,185.7833709716796875
9.4378328,0.0067074205726385,3.2409367561340332,0.0000000000000000,-0.1525706499814987,-0.1682381331920624,0.0000000000000000,185.6919860839843750
9.4483757,0.0060167377814651,3.2383258342742920,0.0000000000000000,-0.0719750970602036,-0.2675001919269562,0.0000000000000000,185.5423889160156250
9.4589262,0.0063825086690485,3.2348721027374268,0.0000000000000000,0.0388522408902645,-0.3602086305618286,0.0000000000000000,185.3445129394531250
9.4696798,0.0068688523024321,3.2304756641387939,0.0000000000000000,0.0567360147833824,-0.4519616663455963,0.0000000000000000,185.0926055908203125
9.4750910,0.0065153068862855,3.2249362468719482,0.0000000000000000,-0.0410830900073051,-0.5687015652656555,0.0000000000000000,184.7752227783203125
9.4899702,0.0058360020630062,3.2180023193359375,0.0000000000000000,-0.0732806995511055,-0.7124879360198975,0.0000000000000000,184.3779449462890625
9.4999609,0.0056216716766357,3.2097890377044678,0.0000000000000000,-0.0169130582362413,-0.8477873802185059,0.0000000000000000,183.9073486328125000
9.5099430,0.0063804374076426,3.2006480693817139,0.0000000000000000,0.0832841619849205,-0.9535815119743347,0.0000000000000000,183.3836212158203125
9.5199757,0.0079336548224092,3.1906664371490479,0.0000000000000000,0.1506696343421936,-1.0245120525360107,0.0000000000000000,182.8117065429687500
9.5299482,0.0093239406123757,3.1801621913909912,0.0000000000000000,0.1440452188253403,-1.0835287570953369,0.0000000000000000,182.2098541259765625
9.5400209,0.0102967983111739,3.1688721179962158,0.0000000000000000,0.0960935726761818,-1.1685506105422974,0.0000000000000000,181.5629882812500000
9.5500212,0.0107742846012115,3.1565339565277100,0.0000000000000000,0.0565042793750763,-1.2667758464813232,0.0000000000000000,180.8560638427734375
9.5600109,0.0117822745814919,3.1435177326202393,0.0000000000000000,0.1086972951889038,-1.3444032669067383,0.0000000000000000,180.1102905273437500
9.5700130,0.0134848309680820,3.1300849914550781,0.0000000000000000,0.1779310703277588,-1.3937580585479736,0.0000000000000000,179.3406524658203125
9.5796576,0.0156966373324394,3.1164865493774414,0.0000000000000000,0.2225761860609055,-1.4029583930969238,0.0000000000000000,178.5615234375000000
9.5898304,0.0176266916096210,3.1033120155334473,0.0000000000000000,0.1990017443895340,-1.3631482124328613,0.0000000000000000,177.8066711425781250
9.5996771,0.0199578236788511,3.0909171104431152,0.0000000000000000,0.2320652753114700,-1.2779874801635742,0.0000000000000000,177.0964965820312500
9.6096697,0.0236557424068451,3.0801143646240234,0.0000000000000000,0.3863767087459564,-1.1171184778213501,0.0000000000000000,176.4775390625000000
9.6196480,0.0273259915411472,3.0713887214660645,0.0000000000000000,0.3855598270893097,-0.8965827226638794,0.0000000000000000,175.9776000976562500
9.6296463,0.0309437718242407,3.0645561218261719,0.0000000000000000,0.3679118454456329,-0.7121229767799377,0.0000000000000000,175.5861206054687500
9.6394749,0.0347919315099716,3.0587642192840576,0.0000000000000000,0.3993230164051056,-0.5879636406898499,0.0000000000000000,175.2542724609375000
9.6495037,0.0392133146524429,3.0537517070770264,0.0000000000000000,0.4589328765869141,-0.5183036923408508,0.0000000000000000,174.9670715332031250
9.6594343,0.0438840761780739,3.0490028858184814,0.0000000000000000,0.4844433665275574,-0.4959061145782471,0.0000000000000000,174.6949920654296875
9.6692934,0.0483014807105064,3.0442459583282471,0.0000000000000000,0.4506781101226807,-0.4878670871257782,0.0000000000000000,174.4224395751953125
9.6793060,0.0525482110679150,3.0395715236663818,0.0000000000000000,0.4380281567573547,-0.4866927266120911,0.0000000000000000,174.1546173095703125
9.6893044,0.0569621659815311,3.0347208976745605,0.0000000000000000,0.4500334262847900,-0.4994383752346039,0.0000000000000000,173.8766937255859375
9.6991434,0.0614560805261135,3.0297751426696777,0.0000000000000000,0.4665348529815674,-0.5105908513069153,0.0000000000000000,173.5933227539062500
9.7090969,0.0658570528030396,3.0251736640930176,0.0000000000000000,0.4576763212680817,-0.4754818379878998,0.0000000000000000,173.3296661376953125
9.7191277,0.0706525668501854,3.0210769176483154,0.0000000000000000,0.5002549886703491,-0.4204023182392120,0.0000000000000000,173.0949401855468750
9.7289658,0.0753255486488342,3.0173926353454590,0.0000000000000000,0.4760986268520355,-0.3803284466266632,0.0000000000000000,172.8838500976562500
9.7389498,0.0799053683876991,3.0134313106536865,0.0000000000000000,0.4768253266811371,-0.4124599099159241,0.0000000000000000,172.6568908691406250
9.7489672,0.0844874233007431,3.0085906982421875,0.0000000000000000,0.4746849536895752,-0.4899581968784332,0.0000000000000000,172.3795471191406250
9.7587776,0.0884864628314972,3.0033962726593018,0.0000000000000000,0.4093024730682373,-0.5475055575370789,0.0000000000000000,172.0819244384765625
9.7687693,0.0925779342651367,2.9977617263793945,0.0000000000000000,0.4236355423927307,-0.5776218175888062,0.0000000000000000,171.7590789794921875
9.7786140,0.0963482409715652,2.9919593334197998,0.0000000000000000,0.3941088318824768,-0.5996345281600952,0.0000000000000000,171.4266357421875000
9.7885723,0.0994619280099869,2.9856424331665039,0.0000000000000000,0.3137653768062592,-0.6442004442214966,0.0000000000000000,171.0646972656250000
9.7986002,0.1024814993143082,2.9790499210357666,0.0000000000000000,0.3101910054683685,-0.6812041401863098,0.0000000000000000,170.6869812011718750
9.8085737,0.1059239655733109,2.9721868038177490,0.0000000000000000,0.3598153889179230,-0.7103604674339294,0.0000000000000000,170.2937469482421875
9.8184118,0.1095367819070816,2.9648828506469727,0.0000000000000000,0.3736377358436584,-0.7530310153961182,0.0000000000000000,169.8752593994140625
9.8284464,0.1130711212754250,2.9571373462677002,0.0000000000000000,0.3611182570457458,-0.8040255308151245,0.0000000000000000,169.4314727783203125
9.8382444,0.1161652207374573,2.9489364624023438,0.0000000000000000,0.3234179615974426,-0.8404631018638611,0.0000000000000000,168.9616088867187500
9.8482704,0.1190854236483574,2.9405553340911865,0.0000000000000000,0.3038839697837830,-0.8714966773986816,0.0000000000000000,168.4813995361328125
9.8582582,0.1218204572796822,2.9315397739410400,0.0000000000000000,0.2774633169174194,-0.9228869676589966,0.0000000000000000,167.9648437500000000
9.8680716,0.1231103464961052,2.9223575592041016,0.0000000000000000,0.1397525072097778,-0.9522732496261597,0.0000000000000000,167.4387512207031250
9.8780508,0.1224302202463150,2.9130926132202148,0.0000000000000000,-0.0738699808716774,-0.9610448479652405,0.0000000000000000,166.9078979492187500
9.8880672,0.1204694956541061,2.9045343399047852,0.0000000000000000,-0.1781505048274994,-0.9609429836273193,0.0000000000000000,166.4175567626953125
9.8978901,0.1185585260391235,2.8960390090942383,0.0000000000000000,-0.1836413592100143,-0.9381492733955383,0.0000000000000000,165.9308013916015625
9.9078903,0.1172855645418167,2.8872647285461426,0.0000000000000000,-0.1302198171615601,-0.9066876769065857,0.0000000000000000,165.4280700683593750
9.9178896,0.1159239336848259,2.8787453174591064,0.0000000000000000,-0.1354247480630875,-0.8789700269699097,0.0000000000000000,164.9399414062500000
9.9277124,0.1135887578129768,2.8705718517303467,0.0000000000000000,-0.2419265806674957,-0.8507752418518066,0.0000000000000000,164.4716491699218750
9.9377136,0.1107622012495995,2.8622398376464844,0.0000000000000000,-0.3021776676177979,-0.8543423414230347,0.0000000000000000,163.9942474365234375
9.9476862,0.1080184653401375,2.8537290096282959,0.0000000000000000,-0.2705286145210266,-0.8814061284065247,0.0000000000000000,163.5066223144531250
9.9575109,0.1060403883457184,2.8452105522155762,0.0000000000000000,-0.2057531028985977,-0.8791741132736206,0.0000000000000000,163.0185546875000000
9.9675245,0.1043968647718430,2.8370385169982910,0.0000000000000000,-0.1740309149026871,-0.8372143507003784,0.0000000000000000,162.5503234863281250
9.9775057,0.1019696369767189,2.8289639949798584,0.0000000000000000,-0.2477365583181381,-0.8329225778579712,0.0000000000000000,162.0876922607421875
9.9873495,0.0980506166815758,2.8207125663757324,0.0000000000000000,-0.4044564664363861,-0.8595001101493835,0.0000000000000000,161.6149139404296875
9.9973326,0.0929356664419174,2.8120710849761963,0.0000000000000000,-0.5326545238494873,-0.8975529670715332,0.0000000000000000,161.1197967529296875
10.0073357,0.0879098773002625,2.8024919033050537,0.0000000000000000,-0.5159320235252380,-0.9786820411682129,0.0000000000000000,160.5709533691406250
10.0171766,0.0758291706442833,2.7834448814392090,0.0000000000000000,-0.6636878252029419,-0.9825034141540527,0.0000000000000000,159.4796295166015625
10.0271692,0.0758291706442833,2.7834448814392090,0.0000000000000000,-0.5812351107597351,-0.9915506243705750,0.0000000000000000,159.4796295166015625
10.0371799,0.0700623020529747,2.7738840579986572,0.0000000000000000,-0.6053715348243713,-0.9875032901763916,0.0000000000000000,158.9318389892578125
10.0469761,0.0588104091584682,2.7545628547668457,0.0000000000000000,-0.6195653676986694,-0.9898589849472046,0.0000000000000000,157.8248138427734375
10.0569811,0.0539230033755302,2.7446179389953613,0.0000000000000000,-0.5336689352989197,-1.0106757879257202,0.0000000000000000,157.2550201416015625
10.0670023,0.0494469702243805,2.7354488372802734,0.0000000000000000,-0.4994259178638458,-1.0136164426803589,0.0000000000000000,156.7296600341796875
10.0768099,0.0463081188499928,2.7265965938568115,0.0000000000000000,-0.4621778130531311,-0.9517659544944763,0.0000000000000000,156.2224731445312500
10.0868082,0.0426903963088989,2.7178609371185303,0.0000000000000000,-0.3250991106033325,-0.9138444662094116,0.0000000000000000,155.7219543457031250
10.0968094,0.0387384667992592,2.7092528343200684,0.0000000000000000,-0.3741957247257233,-0.9004114866256714,0.0000000000000000,155.2287445068359375
10.1066217,0.0350518338382244,2.7004570960998535,0.0000000000000000,-0.4092831313610077,-0.8970586657524109,0.0000000000000000,154.7247924804687500
10.1166430,0.0312713384628296,2.6917595863342285,0.0000000000000000,-0.3821997642517090,-0.9032402038574219,0.0000000000000000,154.2264556884765625
10.1266489,0.0275767073035240,2.6833779811859131,0.0000000000000000,-0.3892738819122314,-0.8956552147865295,0.0000000000000000,153.7462310791015625
10.1364546,0.0245978310704231,2.6753814220428467,0.0000000000000000,-0.3757141828536987,-0.8698008656501770,0.0000000000000000,153.2880554199218750
10.1464739,0.0218257345259190,2.6678917407989502,0.0000000000000000,-0.3114662468433380,-0.8243455886840820,0.0000000000000000,152.8589324951171875
10.1564655,0.0186150502413511,2.6608314514160156,0.0000000000000000,-0.2813776135444641,-0.7742988467216492,0.0000000000000000,152.4544067382812500
10.1662722,0.0153866186738014,2.6540000438690186,0.0000000000000000,-0.3270277082920074,-0.7337994575500488,0.0000000000000000,152.0629882812500000
10.1762686,0.0128116533160210,2.6474866867065430,0.0000000000000000,-0.3347135484218597,-0.7013674974441528,0.0000000000000000,151.6898040771484375
10.1862726,0.0105734691023827,2.6411027908325195,0.0000000000000000,-0.2688344120979309,-0.6728653907775879,0.0000000000000000,151.3240356445312500
10.1960888,0.0076887807808816,2.6349983215332031,0.0000000000000000,-0.2272984087467194,-0.6514229774475098,0.0000000000000000,150.9742736816406250
10.2060833,0.0045606987550855,2.6288645267486572,0.0000000000000000,-0.2916325628757477,-0.6372850537300110,0.0000000000000000,150.6228332519531250
10.2161131,0.0012289400910959,2.6227223873138428,0.0000000000000000,-0.3290338516235352,-0.6332133412361145,0.0000000000000000,150.2709197998046875
10.2259188,-0.0008866452844813,2.6164143085479736,0.0000000000000000,-0.3359846174716949,-0.6369004249572754,0.0000000000000000,149.9094848632812500
10.2359238,-0.0015272801974788,2.6100323200225830,0.0000000000000000,-0.2208293527364731,-0.6534652113914490,0.0000000000000000,149.5438232421875000
10.2459269,-0.0023984038271010,2.6037511825561523,0.0000000000000000,-0.0675265789031982,-0.6599185466766357,0.0000000000000000,149.1839447021484375
10.2557592,-0.0044568590819836,2.5978820323944092,0.0000000000000000,-0.0852841585874557,-0.6424781680107117,0.0000000000000000,148.8476715087890625
10.2657423,-0.0075748879462481,2.5922598838806152,0.0000000000000000,-0.2127053290605545,-0.6111201643943787,0.0000000000000000,148.5255432128906250
10.2757416,-0.0106985783204436,2.5866127014160156,0.0000000000000000,-0.3239438831806183,-0.5843022465705872,0.0000000000000000,148.2019805908203125
10.2855768,-0.0132289510220289,2.5810632705688477,0.0000000000000000,-0.3278049826622009,-0.5744546055793762,0.0000000000000000,147.8840179443359375
10.2955837,-0.0158033501356840,2.5753474235534668,0.0000000000000000,-0.2553839087486267,-0.5762221813201904,0.0000000000000000,147.5565338134765625
10.3055840,-0.0186251588165760,2.5696010589599609,0.0000000000000000,-0.2550878822803497,-0.5792199373245239,0.0000000000000000,147.2272949218750000
10.3153934,-0.0216350741684437,2.5637669563293457,0.0000000000000000,-0.3012861609458923,-0.5936658382415771,0.0000000000000000,146.8930206298828125
10.3253918,-0.0242583695799112,2.5577256679534912,0.0000000000000000,-0.3044584989547729,-0.6132286190986633,0.0000000000000000,146.5468750000000000
10.3353930,-0.0266306400299072,2.5518262386322021,0.0000000000000000,-0.2768873870372772,-0.6177568435668945,0.0000000000000000,146.2088623046875000
10.3452120,-0.0289473421871662,2.5457103252410889,0.0000000000000000,-0.2393295764923096,-0.6225854754447937,0.0000000000000000,145.8584442138671875
10.3552160,-0.0316243134438992,2.5398328304290771,0.0000000000000000,-0.2450967133045197,-0.6227537989616394,0.0000000000000000,145.5216979980468750
10.3651896,-0.0344731248915195,2.5341660976409912,0.0000000000000000,-0.2745614647865295,-0.6112623214721680,0.0000000000000000,145.1970214843750000
10.3751221,-0.0374404340982437,2.5288214683532715,0.0000000000000000,-0.2922796607017517,-0.5787326693534851,0.0000000000000000,144.8907928466796875
10.3850756,-0.0400278866291046,2.5237615108489990,0.0000000000000000,-0.2702097892761230,-0.5241215825080872,0.0000000000000000,144.6008758544921875
10.3950062,-0.0428202785551548,2.5193252563476562,0.0000000000000000,-0.2539186179637909,-0.4819052815437317,0.0000000000000000,144.3466949462890625
10.4049339,-0.0455117523670197,2.5152118206024170,0.0000000000000000,-0.2621467709541321,-0.4524156749248505,0.0000000000000000,144.1110076904296875
10.4148951,-0.0482154116034508,2.5114164352416992,0.0000000000000000,-0.2643471360206604,-0.4133448600769043,0.0000000000000000,143.8935546875000000
10.4248791,-0.0505091808736324,2.5079336166381836,0.0000000000000000,-0.2257581651210785,-0.3749023377895355,0.0000000000000000,143.6940002441406250
10.4348793,-0.0524919256567955,2.5050599575042725,0.0000000000000000,-0.1914229243993759,-0.3310021460056305,0.0000000000000000,143.5293579101562500
10.4448795,-0.0541249401867390,2.5026047229766846,0.0000000000000000,-0.1628946959972382,-0.2830349206924438,0.0000000000000000,143.3886871337890625
10.4548817,-0.0556065700948238,2.5007004737854004,0.0000000000000000,-0.1363243311643600,-0.2345948666334152,0.0000000000000000,143.2795715332031250
10.4648838,-0.0568297542631626,2.4992940425872803,0.0000000000000000,-0.1019794344902039,-0.1776612997055054,0.0000000000000000,143.1989898681640625
10.4748859,-0.0578284971415997,2.4987971782684326,0.0000000000000000,-0.0694164037704468,-0.1065891757607460,0.0000000000000000,143.1705169677734375
10.4848881,-0.0588368587195873,2.4987292289733887,0.0000000000000000,-0.0689769685268402,-0.0389879830181599,0.0000000000000000,143.1666259765625000
10.4948902,-0.0595141202211380,2.4995176792144775,0.0000000000000000,-0.0443219393491745,0.0361102148890495,0.0000000000000000,143.2118072509765625
10.5048904,-0.0598015412688255,2.5010581016540527,0.0000000000000000,-0.0089952060952783,0.1167954206466675,0.0000000000000000,143.3000640869140625
10.5148916,-0.0597018152475357,2.5035150051116943,0.0000000000000000,0.0368265546858311,0.1998311430215836,0.0000000000000000,143.4408416748046875
10.5248938,-0.0588407739996910,2.5073416233062744,0.0000000000000000,0.1040017455816269,0.3682067692279816,0.0000000000000000,143.6600799560546875
10.5348978,-0.0578720197081566,2.5120759010314941,0.0000000000000000,0.1207535117864609,0.4536459445953369,0.0000000000000000,143.9313354492187500
10.5448961,-0.0566097870469093,2.5174448490142822,0.0000000000000000,0.1403250694274902,0.5320779085159302,0.0000000000000000,144.2389526367187500
10.5548992,-0.0552020259201527,2.5234181880950928,0.0000000000000000,0.1559399217367172,0.6033746004104614,0.0000000000000000,144.5812072753906250
10.5649023,-0.0532271079719067,2.5299296379089355,0.0000000000000000,0.2060632705688477,0.6677538752555847,0.0000000000000000,144.9542846679687500
10.5749025,-0.0507685467600822,2.5370018482208252,0.0000000000000000,0.2547946274280548,0.7284380197525024,0.0000000000000000,145.3594970703125000
10.5849075,-0.0478510446846485,2.5447165966033936,0.0000000000000000,0.3084168434143066,0.7874286174774170,0.0000000000000000,145.8015136718750000
10.5949154,-0.0444422326982021,2.5528233051300049,0.0000000000000000,0.3505654931068420,0.8420755267143250,0.0000000000000000,146.2659912109375000
10.6049089,-0.0408715233206749,2.5615909099578857,0.0000000000000000,0.3777832388877869,0.8987178206443787,0.0000000000000000,146.7683410644531250
10.6149111,-0.0371478050947189,2.5706744194030762,0.0000000000000000,0.3813989758491516,0.9432377219200134,0.0000000000000000,147.2887878417968750
10.6249113,-0.0333662740886211,2.5803120136260986,0.0000000000000000,0.3976804614067078,0.9917624592781067,0.0000000000000000,147.8409729003906250
10.6349115,-0.0291227027773857,2.5903098583221436,0.0000000000000000,0.4322821795940399,1.0376313924789429,0.0000000000000000,148.4138183593750000
10.6449118,-0.0244309362024069,2.6008613109588623,0.0000000000000000,0.4776993393898010,1.0854381322860718,0.0000000000000000,149.0183715820312500
10.6549158,-0.0198798757046461,2.6118178367614746,0.0000000000000000,0.4751394689083099,1.1359915733337402,0.0000000000000000,149.6461334228515625
10.6649151,-0.0147937005385756,2.6232848167419434,0.0000000000000000,0.5230438709259033,1.1858612298965454,0.0000000000000000,150.3031463623046875
10.6749163,-0.0090961260721087,2.6352171897888184,0.0000000000000000,0.5885978341102600,1.2280744314193726,0.0000000000000000,150.9868164062500000
10.6849222,-0.0036318865604699,2.6474461555480957,0.0000000000000000,0.5583906769752502,1.2703412771224976,0.0000000000000000,151.6874847412109375
10.6949186,0.0018247972475365,2.6601042747497559,0.0000000000000000,0.5700280666351318,1.3030363321304321,0.0000000000000000,152.4127349853515625
10.7049208,0.0071263061836362,2.6728994846343994,0.0000000000000000,0.5376922488212585,1.3197070360183716,0.0000000000000000,153.1458435058593750
10.7149210,0.0133001739159226,2.6857471466064453,0.0000000000000000,0.6418641805648804,1.3299351930618286,0.0000000000000000,153.8819732666015625
10.7249231,0.0207115057855844,2.6987910270690918,0.0000000000000000,0.7588549256324768,1.3450874090194702,0.0000000000000000,154.6293334960937500
10.7349243,0.0281199011951685,2.7120394706726074,0.0000000000000000,0.7691909074783325,1.3778874874114990,0.0000000000000000,155.3884124755859375
10.7449255,0.0346524044871330,2.7254247665405273,0.0000000000000000,0.6626003384590149,1.3768982887268066,0.0000000000000000,156.1553344726562500
10.7549295,0.0399978682398796,2.7388787269592285,0.0000000000000000,0.5593689084053040,1.3838287591934204,0.0000000000000000,156.9261779785156250
10.7649317,0.0446576923131943,2.7523736953735352,0.0000000000000000,0.4771104454994202,1.3979971408843994,0.0000000000000000,157.6993865966796875
10.7749348,0.0493634492158890,2.7661333084106445,0.0000000000000000,0.4866507947444916,1.4241412878036499,0.0000000000000000,158.4877624511718750
10.7849340,0.0542114041745663,2.7803661823272705,0.0000000000000000,0.4986134469509125,1.4698437452316284,0.0000000000000000,159.3032379150390625
10.7956820,0.0576274096965790,2.7949438095092773,0.0000000000000000,0.3531167805194855,1.5128753185272217,0.0000000000000000,160.1384735107421875
10.8062019,0.0604534558951855,2.8098442554473877,0.0000000000000000,0.2863018512725830,1.5245419740676880,0.0000000000000000,160.9922027587890625
10.8169546,0.0629641339182854,2.8244626522064209,0.0000000000000000,0.2622290253639221,1.5177608728408813,0.0000000000000000,161.8297729492187500
10.8276701,0.0652996674180031,2.8391637802124023,0.0000000000000000,0.2443438172340393,1.5146729946136475,0.0000000000000000,162.6720886230468750
10.8380518,0.0671524554491043,2.8538432121276855,0.0000000000000000,0.1891044825315475,1.5172234773635864,0.0000000000000000,163.5131683349609375
10.8488007,0.0689133927226067,2.8684229850769043,0.0000000000000000,0.1845429688692093,1.5114314556121826,0.0000000000000000,164.3485260009765625
10.8593512,0.0711081102490425,2.8829956054687500,0.0000000000000000,0.2160077840089798,1.5008680820465088,0.0000000000000000,165.1834716796875000
10.8649530,0.0731153860688210,2.8973684310913086,0.0000000000000000,0.2061904966831207,1.4890832901000977,0.0000000000000000,166.0069732666015625
10.8802052,0.0756422951817513,2.9117262363433838,0.0000000000000000,0.2624676823616028,1.4740676879882812,0.0000000000000000,166.8296203613281250
10.8901320,0.0785428509116173,2.9260959625244141,0.0000000000000000,0.3063229918479919,1.4880514144897461,0.0000000000000000,167.6529388427734375
10.9001856,0.0804275870323181,2.9406213760375977,0.0000000000000000,0.1922844797372818,1.5001984834671021,0.0000000000000000,168.4851837158203125
10.9101706,0.0815529003739357,2.9556756019592285,0.0000000000000000,0.1093037799000740,1.5512841939926147,0.0000000000000000,169.3477325439453125
10.9201956,0.0819029062986374,2.9709784984588623,0.0000000000000000,0.0408516153693199,1.5856990814208984,0.0000000000000000,170.2245178222656250
10.9301748,0.0824885889887810,2.9865179061889648,0.0000000000000000,0.0615245513617992,1.6003756523132324,0.0000000000000000,171.1148681640625000
10.9402332,0.0834190919995308,3.0020630359649658,0.0000000000000000,0.0898966118693352,1.6122953891754150,0.0000000000000000,172.0055389404296875
10.9502583,0.0852893963456154,3.0176959037780762,0.0000000000000000,0.1981062442064285,1.6189188957214355,0.0000000000000000,172.9012298583984375
10.9600782,0.0867378115653992,3.0333263874053955,0.0000000000000000,0.1517669260501862,1.6056615114212036,0.0000000000000000,173.7967834472656250
10.9700546,0.0871448591351509,3.0486845970153809,0.0000000000000000,0.0414677858352661,1.5861502885818481,0.0000000000000000,174.6767578125000000
10.9800510,0.0863397717475891,3.0638546943664551,0.0000000000000000,-0.0774512887001038,1.5628370046615601,0.0000000000000000,175.5459289550781250
10.9899921,0.0846769884228706,3.0784997940063477,0.0000000000000000,-0.1700402945280075,1.5224590301513672,0.0000000000000000,176.3850402832031250
10.9998798,0.0817094668745995,3.0927717685699463,0.0000000000000000,-0.3132571280002594,1.4736685752868652,0.0000000000000000,177.2027587890625000
11.0098763,0.0783858224749565,3.1066815853118896,0.0000000000000000,-0.3366296291351318,1.4340931177139282,0.0000000000000000,177.9997406005859375
11.0197220,0.0754079744219780,3.1201605796813965,0.0000000000000000,-0.3131262958049774,1.3932915925979614,0.0000000000000000,178.7720184326171875
11.0297012,0.0717267468571663,3.1333563327789307,0.0000000000000000,-0.3739826083183289,1.3601409196853638,0.0000000000000000,179.5280761718750000
11.0397291,0.0667489394545555,3.1462585926055908,0.0000000000000000,-0.5075103044509888,1.3348170518875122,0.0000000000000000,180.2673339843750000
11.0495510,0.0628843009471893,3.1589169502258301,0.0000000000000000,-0.4041068851947784,1.3128174543380737,0.0000000000000000,180.9925994873046875
11.0595436,0.0588483065366745,3.1713824272155762,0.0000000000000000,-0.4113191068172455,1.2868335247039795,0.0000000000000000,181.7068176269531250
11.0695486,0.0543789416551590,3.1836621761322021,0.0000000000000000,-0.4634260535240173,1.2623773813247681,0.0000000000000000,182.4104003906250000
11.0793467,0.0498296394944191,3.1955027580261230,0.0000000000000000,-0.4740680456161499,1.2256189584732056,0.0000000000000000,183.0888061523437500
11.0893497,0.0457217432558537,3.2070012092590332,0.0000000000000000,-0.4142036736011505,1.1879973411560059,0.0000000000000000,183.7476196289062500
11.0993681,0.0414413809776306,3.2184088230133057,0.0000000000000000,-0.4463697671890259,1.1692926883697510,0.0000000000000000,184.4012298583984375
11.1093302,0.0368112325668335,3.2297282218933105,0.0000000000000000,-0.4777161777019501,1.1703410148620605,0.0000000000000000,185.0497894287109375
11.1191778,0.0316729731857777,3.2410321235656738,0.0000000000000000,-0.5309361219406128,1.1736596822738647,0.0000000000000000,185.6974487304687500
11.1291857,0.0259395092725754,3.2522389888763428,0.0000000000000000,-0.5845017433166504,1.1632845401763916,0.0000000000000000,186.3395538330078125
11.1390877,0.0200452636927366,3.2633552551269531,0.0000000000000000,-0.6145979762077332,1.1402341127395630,0.0000000000000000,186.9764709472656250
11.1490116,0.0141501268371940,3.2741394042968750,0.0000000000000000,-0.6119071841239929,1.1153440475463867,0.0000000000000000,187.5943603515625000
11.1589928,0.0077461814507842,3.2847425937652588,0.0000000000000000,-0.6680758595466614,1.0957098007202148,0.0000000000000000,188.2018737792968750
11.1688251,0.0026091367471963,3.2951202392578125,0.0000000000000000,-0.5215982198715210,1.0702396631240845,0.0000000000000000,188.7964782714843750
11.1788158,-0.0025219309609383,3.3051528930664062,0.0000000000000000,-0.5328516364097595,1.0362843275070190,0.0000000000000000,189.3713073730468750
11.1888256,-0.0079138176515698,3.3149294853210449,0.0000000000000000,-0.5474763512611389,1.0111631155014038,0.0000000000000000,189.9314575195312500
11.1986427,-0.0132936127483845,3.3244490623474121,0.0000000000000000,-0.5623940825462341,0.9817557930946350,0.0000000000000000,190.4768829345703125
11.2086401,-0.0184247680008411,3.3336367607116699,0.0000000000000000,-0.5326406359672546,0.9478403925895691,0.0000000000000000,191.0033111572265625
11.2186460,-0.0228771995753050,3.3423199653625488,0.0000000000000000,-0.4593926668167114,0.9005631208419800,0.0000000000000000,191.5008239746093750
11.2286301,-0.0267113316804171,3.3504049777984619,0.0000000000000000,-0.3898772001266479,0.8327391743659973,0.0000000000000000,191.9640502929687500
11.2384863,-0.0299604088068008,3.3577144145965576,0.0000000000000000,-0.3370289504528046,0.7569669485092163,0.0000000000000000,192.3828582763671875
11.2484751,-0.0324979126453400,3.3640925884246826,0.0000000000000000,-0.2562331259250641,0.6558756232261658,0.0000000000000000,192.7482910156250000
11.2582922,-0.0342617928981781,3.3692698478698730,0.0000000000000000,-0.1899448335170746,0.5408495664596558,0.0000000000000000,193.0449371337890625
11.2682962,-0.0358378291130066,3.3734004497528076,0.0000000000000000,-0.1573789119720459,0.4117740988731384,0.0000000000000000,193.2816009521484375
11.2782927,-0.0368618257343769,3.3760635852813721,0.0000000000000000,-0.1100520044565201,0.2817804813385010,0.0000000000000000,193.4341888427734375
11.2881174,-0.0373602993786335,3.3775990009307861,0.0000000000000000,-0.0524217933416367,0.1523972898721695,0.0000000000000000,193.5221557617187500
11.2981157,-0.0373874269425869,3.3776764869689941,0.0000000000000000,0.0040695536881685,0.0213622283190489,0.0000000000000000,193.5265960693359375
11.3081083,-0.0369646698236465,3.3767035007476807,0.0000000000000000,0.0517075844109058,-0.1019973754882812,0.0000000000000000,193.4708557128906250
11.3179398,-0.0359039418399334,3.3746204376220703,0.0000000000000000,0.1122293770313263,-0.2201313078403473,0.0000000000000000,193.3515014648437500
11.3279419,-0.0345543846487999,3.3713335990905762,0.0000000000000000,0.1465164721012115,-0.3255811631679535,0.0000000000000000,193.1631774902343750
11.3379364,-0.0330677218735218,3.3672733306884766,0.0000000000000000,0.1652102619409561,-0.4242938458919525,0.0000000000000000,192.9305419921875000
11.3477659,-0.0312028750777245,3.3622610569000244,0.0000000000000000,0.1916471421718597,-0.5194348692893982,0.0000000000000000,192.6433563232421875
11.3577604,-0.0291854552924633,3.3562192916870117,0.0000000000000000,0.2128558158874512,-0.6126696467399597,0.0000000000000000,192.2971954345703125
11.3677616,-0.0275666452944279,3.3493890762329102,0.0000000000000000,0.1872124522924423,-0.7090427875518799,0.0000000000000000,191.9058532714843750
11.3776102,-0.0259019080549479,3.3415319919586182,0.0000000000000000,0.1762887388467789,-0.8034151792526245,0.0000000000000000,191.4556732177734375
11.3875914,-0.0242187511175871,3.3329877853393555,0.0000000000000000,0.1655504405498505,-0.8871666789054871,0.0000000000000000,190.9661254882812500
11.3975639,-0.0230402462184429,3.3236410617828369,0.0000000000000000,0.1293060928583145,-0.9657499194145203,0.0000000000000000,190.4305877685546875
11.4075098,-0.0224291421473026,3.3136029243469238,0.0000000000000000,0.0537791326642036,-1.0273561477661133,0.0000000000000000,189.8554534912109375
11.4173899,-0.0221594423055649,3.3031249046325684,0.0000000000000000,0.0310260746628046,-1.0799192190170288,0.0000000000000000,189.2551116943359375
11.4273901,-0.0220495555549860,3.2923862934112549,0.0000000000000000,0.0111411772668362,-1.1171489953994751,0.0000000000000000,188.6398315429687500
11.4373941,-0.0230321977287531,3.2699418067932129,0.0000000000000000,-0.0216376669704914,-1.1509243249893188,0.0000000000000000,187.3538513183593750
11.4472313,-0.0257623977959156,3.2584497928619385,0.0000000000000000,-0.0817329809069633,-1.1705224514007568,0.0000000000000000,186.6954040527343750
11.4572315,-0.0281391926109791,3.2466311454772949,0.0000000000000000,-0.2821857631206512,-1.1800196170806885,0.0000000000000000,186.0182495117187500
11.4671707,-0.0295566320419312,3.2342338562011719,0.0000000000000000,-0.2392941862344742,-1.2275242805480957,0.0000000000000000,185.3079376220703125
11.4770546,-0.0301993787288666,3.2213280200958252,0.0000000000000000,-0.1505423337221146,-1.2767654657363892,0.0000000000000000,184.5684967041015625
11.4870596,-0.0309936814010143,3.2079069614410400,0.0000000000000000,-0.0673667117953300,-1.3348821401596069,0.0000000000000000,183.7995147705078125
11.4970598,-0.0313409045338631,3.1938900947570801,0.0000000000000000,-0.0763905271887779,-1.3862422704696655,0.0000000000000000,182.9964141845703125
11.5068474,-0.0318373031914234,3.1793503761291504,0.0000000000000000,-0.0360955521464348,-1.4392703771591187,0.0000000000000000,182.1633453369140625
11.5168629,-0.0328331552445889,3.1645390987396240,0.0000000000000000,-0.0427831858396530,-1.5006490945816040,0.0000000000000000,181.3147277832031250
11.5268879,-0.0331977307796478,3.1492259502410889,0.0000000000000000,-0.1082855761051178,-1.5317560434341431,0.0000000000000000,180.4373474121093750
11.5366793,-0.0329297371208668,3.1334087848663330,0.0000000000000000,-0.0433738157153130,-1.5864073038101196,0.0000000000000000,179.5310821533203125
11.5466814,-0.0324592702090740,3.1172485351562500,0.0000000000000000,0.0337325930595398,-1.6337527036666870,0.0000000000000000,178.6051788330078125
11.5566835,-0.0315462499856949,3.1012763977050781,0.0000000000000000,0.0447052679955959,-1.6656577587127686,0.0000000000000000,177.6900329589843750
11.5665026,-0.0291451942175627,3.0852618217468262,0.0000000000000000,0.0959611684083939,-1.6546112298965454,0.0000000000000000,176.7724761962890625
11.5765047,-0.0258747451007366,3.0694482326507568,0.0000000000000000,0.2527244985103607,-1.6463571786880493,0.0000000000000000,175.8664245605468750
11.5865316,-0.0232041403651237,3.0540466308593750,0.0000000000000000,0.3366855680942535,-1.6400189399719238,0.0000000000000000,174.9839782714843750
11.5963278,-0.0208931863307953,3.0393209457397461,0.0000000000000000,0.2815448939800262,-1.5884169340133667,0.0000000000000000,174.1402587890625000
11.6063490,-0.0185908507555723,3.0250287055969238,0.0000000000000000,0.2338112592697144,-1.5224539041519165,0.0000000000000000,173.3213653564453125
11.6163683,-0.0166407153010368,3.0115883350372314,0.0000000000000000,0.2395720481872559,-1.4740399122238159,0.0000000000000000,172.5512847900390625
11.6261683,-0.0143101662397385,2.9991083145141602,0.0000000000000000,0.2047406136989594,-1.3888123035430908,0.0000000000000000,171.8362426757812500
11.6361504,-0.0121851563453674,2.9875705242156982,0.0000000000000000,0.2321972697973251,-1.2888984680175781,0.0000000000000000,171.1751708984375000
11.6461496,-0.0107134729623795,2.9772250652313232,0.0000000000000000,0.2223906815052032,-1.1872102022171021,0.0000000000000000,170.5824279785156250
11.6559896,-0.0097137428820133,2.9679765701293945,0.0000000000000000,0.1486531347036362,-1.0724607706069946,0.0000000000000000,170.0525207519531250
11.6659651,-0.0095492675900459,2.9601001739501953,0.0000000000000000,0.1065373048186302,-0.9523074030876160,0.0000000000000000,169.6012420654296875
11.6759672,-0.0101061062887311,2.9534900188446045,0.0000000000000000,0.0187417697161436,-0.8203566074371338,0.0000000000000000,169.2225036621093750
11.6857872,-0.0116746248677373,2.9486598968505859,0.0000000000000000,-0.0565385669469833,-0.6741972565650940,0.0000000000000000,168.9457550048828125
11.6958094,-0.0138960368931293,2.9458947181701660,0.0000000000000000,-0.1624463200569153,-0.4965168535709381,0.0000000000000000,168.7873229980468750
11.7058134,-0.0163516830652952,2.9450285434722900,0.0000000000000000,-0.2272472977638245,-0.2949649095535278,0.0000000000000000,168.7377014160156250
11.7156096,-0.0193803813308477,2.9461352825164795,0.0000000000000000,-0.2537523508071899,-0.0889835506677628,0.0000000000000000,168.8011016845703125
11.7256126,-0.0231665819883347,2.9492943286895752,0.0000000000000000,-0.3090032041072845,0.1212889999151230,0.0000000000000000,168.9821014404296875
11.7356157,-0.0276554878801107,2.9551188945770264,0.0000000000000000,-0.3949554264545441,0.3304744958877563,0.0000000000000000,169.3158264160156250
11.7454414,-0.0332361869513988,2.9628810882568359,0.0000000000000000,-0.4547364413738251,0.5451463460922241,0.0000000000000000,169.7605743408203125
11.7554426,-0.0400037318468094,2.9726006984710693,0.0000000000000000,-0.5665360093116760,0.7584912180900574,0.0000000000000000,170.3174591064453125
11.7654133,-0.0475412867963314,2.9842736721038818,0.0000000000000000,-0.6934257149696350,0.9836788177490234,0.0000000000000000,170.9862823486328125
11.7753439,-0.0556062534451485,2.9979245662689209,0.0000000000000000,-0.7840363979339600,1.2011576890945435,0.0000000000000000,171.7684173583984375
11.7852974,-0.0644290149211884,3.0133554935455322,0.0000000000000000,-0.9107835888862610,1.5988792181015015,0.0000000000000000,172.6525421142578125
11.7952271,-0.0739237070083618,3.0305056571960449,0.0000000000000000,-0.9804449081420898,1.7646578550338745,0.0000000000000000,173.6351776123046875
11.8051577,-0.0827752724289894,3.0490665435791016,0.0000000000000000,-0.9174601435661316,1.9168744087219238,0.0000000000000000,174.6986389160156250
11.8151112,-0.0903851017355919,3.0689129829406738,0.0000000000000000,-0.7859143018722534,2.0567994117736816,0.0000000000000000,175.8357543945312500
11.8251162,-0.0969939604401588,3.0901210308074951,0.0000000000000000,-0.6793920993804932,2.1867902278900146,0.0000000000000000,177.0508880615234375
11.8351135,-0.1033507660031319,3.1122398376464844,0.0000000000000000,-0.6619577407836914,2.2852652072906494,0.0000000000000000,178.3181915283203125
11.8451157,-0.1099590882658958,3.1349160671234131,0.0000000000000000,-0.6843474507331848,2.3322708606719971,0.0000000000000000,179.6174468994140625
11.8551149,-0.1155528649687767,3.1575903892517090,0.0000000000000000,-0.5802322030067444,2.3393034934997559,0.0000000000000000,180.9165954589843750
11.8651171,-0.1198799237608910,3.1798899173736572,0.0000000000000000,-0.4443740248680115,2.3016057014465332,0.0000000000000000,182.1942596435546875
11.8751221,-0.1231784895062447,3.2012705802917480,0.0000000000000000,-0.3463787138462067,2.2107336521148682,0.0000000000000000,183.4192810058593750
11.8851223,-0.1261433362960815,3.2215542793273926,0.0000000000000000,-0.3100113272666931,2.0909619331359863,0.0000000000000000,184.5814514160156250
11.8951283,-0.1278275847434998,3.2402079105377197,0.0000000000000000,-0.1760757565498352,1.9337580204010010,0.0000000000000000,185.6502227783203125
11.9051256,-0.1279870718717575,3.2574117183685303,0.0000000000000000,-0.0217267815023661,1.7729738950729370,0.0000000000000000,186.6359405517578125
11.9151268,-0.1278456747531891,3.2730419635772705,0.0000000000000000,0.0203461218625307,1.6185154914855957,0.0000000000000000,187.5314788818359375
11.9251289,-0.1279910951852798,3.2872912883758545,0.0000000000000000,-0.0234194770455360,1.4663801193237305,0.0000000000000000,188.3479003906250000
11.9351320,-0.1286082118749619,3.3001475334167480,0.0000000000000000,-0.0614776276051998,1.3258892297744751,0.0000000000000000,189.0845184326171875
11.9451323,-0.1283193677663803,3.3115398883819580,0.0000000000000000,0.0154516510665417,1.1768188476562500,0.0000000000000000,189.7372436523437500
11.9551401,-0.1262001246213913,3.3213627338409424,0.0000000000000000,0.2283197343349457,1.0220596790313721,0.0000000000000000,190.3000488281250000
11.9651337,-0.1225151419639587,3.3297889232635498,0.0000000000000000,0.3784556090831757,0.8647717237472534,0.0000000000000000,190.7828369140625000
11.9751348,-0.1191489920020103,3.3367314338684082,0.0000000000000000,0.3407564163208008,0.7164965867996216,0.0000000000000000,191.1806182861328125
11.9851360,-0.1169579178094864,3.3421761989593506,0.0000000000000000,0.2302494198083878,0.5611807703971863,0.0000000000000000,191.4925842285156250
11.9951448,-0.1142992600798607,3.3458881378173828,0.0000000000000000,0.2711830437183380,0.3888728320598602,0.0000000000000000,191.7052612304687500
12.0051384,-0.1102687940001488,3.3479244709014893,0.0000000000000000,0.4162674248218536,0.2042552530765533,0.0000000000000000,191.8219299316406250
12.0151386,-0.1052106097340584,3.3482112884521484,0.0000000000000000,0.5188992619514465,0.0292780660092831,0.0000000000000000,191.8383636474609375
12.0251436,-0.1003879308700562,3.3468472957611084,0.0000000000000000,0.4956364035606384,-0.1378373354673386,0.0000000000000000,191.7602081298828125
12.0351458,-0.0959753617644310,3.3440036773681641,0.0000000000000000,0.4571628272533417,-0.2942620217800140,0.0000000000000000,191.5972900390625000
12.0451431,-0.0912895426154137,3.3396742343902588,0.0000000000000000,0.4936752915382385,-0.4526307880878448,0.0000000000000000,191.3492279052734375
12.0551472,-0.0863202586770058,3.3338789939880371,0.0000000000000000,0.5056476593017578,-0.5956057310104370,0.0000000000000000,191.0171813964843750
12.0651484,-0.0819971561431885,3.3267924785614014,0.0000000000000000,0.4457728266716003,-0.7319482564926147,0.0000000000000000,190.6111602783203125
12.0751514,-0.0781546831130981,3.3183996677398682,0.0000000000000000,0.3912820518016815,-0.8669707179069519,0.0000000000000000,190.1302795410156250
12.0851612,-0.0742944702506065,3.3085384368896484,0.0000000000000000,0.3965819180011749,-1.0128451585769653,0.0000000000000000,189.5652770996093750
12.0951529,-0.0700454562902451,3.2972154617309570,0.0000000000000000,0.4427278935909271,-1.1752738952636719,0.0000000000000000,188.9165191650390625
12.1051550,-0.0650812461972237,3.2841796875000000,0.0000000000000000,0.5127046704292297,-1.3468630313873291,0.0000000000000000,188.1696319580078125
12.1151562,-0.0587062165141106,3.2693612575531006,0.0000000000000000,0.6502460837364197,-1.5297363996505737,0.0000000000000000,187.3205871582031250
12.1251583,-0.0512293204665184,3.2528607845306396,0.0000000000000000,0.7803227305412292,-1.7128397226333618,0.0000000000000000,186.3751831054687500
12.1351585,-0.0442028343677521,3.2344682216644287,0.0000000000000000,0.7164897322654724,-1.8999304771423340,0.0000000000000000,185.3213653564453125
12.1451626,-0.0381263457238674,3.2141804695129395,0.0000000000000000,0.6257426738739014,-2.0911030769348145,0.0000000000000000,184.1589660644531250
12.1551619,-0.0313662178814411,3.1922066211700439,0.0000000000000000,0.6904004812240601,-2.2697572708129883,0.0000000000000000,182.8999633789062500
12.1651640,-0.0218267887830734,3.1678228378295898,0.0000000000000000,0.9904280900955200,-2.5204403400421143,0.0000000000000000,181.5028686523437500
12.1751680,-0.0131708169355989,3.1431026458740234,0.0000000000000000,0.8873865604400635,-2.5547058582305908,0.0000000000000000,180.0865020751953125
12.1857052,-0.0063874148763716,3.1186864376068115,0.0000000000000000,0.7022653222084045,-2.5251028537750244,0.0000000000000000,178.6875610351562500
12.1957178,-0.0010749662760645,3.0951807498931885,0.0000000000000000,0.5511673092842102,-2.4321129322052002,0.0000000000000000,177.3407897949218750
12.2062578,0.0042903069406748,3.0728826522827148,0.0000000000000000,0.5502463579177856,-2.2984278202056885,0.0000000000000000,176.0632019042968750
12.2168303,0.0086438581347466,3.0521032810211182,0.0000000000000000,0.4492605328559875,-2.1457405090332031,0.0000000000000000,174.8726196289062500
12.2271748,0.0113539751619101,3.0330734252929688,0.0000000000000000,0.2778016924858093,-1.9598020315170288,0.0000000000000000,173.7823028564453125
12.2382917,0.0123321264982224,3.0161390304565430,0.0000000000000000,0.1037030965089798,-1.7607098817825317,0.0000000000000000,172.8120269775390625
12.2486706,0.0121855661273003,3.0011632442474365,0.0000000000000000,-0.0198792275041342,-1.5416593551635742,0.0000000000000000,171.9539794921875000
12.2551832,0.0122231757268310,2.9886007308959961,0.0000000000000000,0.0063223587349057,-1.3004388809204102,0.0000000000000000,171.2341918945312500
12.2699671,0.0122710866853595,2.9785561561584473,0.0000000000000000,-0.0006137834861875,-1.0342029333114624,0.0000000000000000,170.6586914062500000
12.2804823,0.0111146811395884,2.9714989662170410,0.0000000000000000,-0.1171276122331619,-0.7306689023971558,0.0000000000000000,170.2543334960937500
12.2904234,0.0087544992566109,2.9673569202423096,0.0000000000000000,-0.2456124424934387,-0.4238806366920471,0.0000000000000000,170.0170135498046875
12.3004026,0.0055526071228087,2.9661412239074707,0.0000000000000000,-0.3258545100688934,-0.1301503330469131,0.0000000000000000,169.9473571777343750
12.3103809,0.0018543350743130,2.9676022529602051,0.0000000000000000,-0.3832626640796661,0.1580679118633270,0.0000000000000000,170.0310821533203125
12.3204355,-0.0023447594139725,2.9719114303588867,0.0000000000000000,-0.4353124499320984,0.4395926296710968,0.0000000000000000,170.2779693603515625
12.3304567,-0.0071260938420892,2.9788861274719238,0.0000000000000000,-0.4881173670291901,0.7133889198303223,0.0000000000000000,170.6775970458984375
12.3404093,-0.0127481101080775,2.9882545471191406,0.0000000000000000,-0.5821345448493958,0.9794994592666626,0.0000000000000000,171.2143707275390625
12.3504858,-0.0186909772455692,3.0001180171966553,0.0000000000000000,-0.6118814945220947,1.2183077335357666,0.0000000000000000,171.8940887451171875
12.3605013,-0.0246857479214668,3.0139737129211426,0.0000000000000000,-0.6164517402648926,1.4300031661987305,0.0000000000000000,172.6879577636718750
12.3704739,-0.0308291763067245,3.0297203063964844,0.0000000000000000,-0.6350097060203552,1.6321790218353271,0.0000000000000000,173.5901794433593750
12.3803120,-0.0379765257239342,3.0474243164062500,0.0000000000000000,-0.7448601126670837,1.8216719627380371,0.0000000000000000,174.6045379638671875
12.3903303,-0.0467230491340160,3.0668992996215820,0.0000000000000000,-0.9059216976165771,2.0147023200988770,0.0000000000000000,175.7203826904296875
12.4002981,-0.0559464544057846,3.0878520011901855,0.0000000000000000,-0.9434912204742432,2.1584379673004150,0.0000000000000000,176.9208831787109375
12.4101210,-0.0635320618748665,3.1096479892730713,0.0000000000000000,-0.7912158966064453,2.2521722316741943,0.0000000000000000,178.1696929931640625
12.4201117,-0.0691890791058540,3.1315171718597412,0.0000000000000000,-0.5838624835014343,2.2644517421722412,0.0000000000000000,179.4227142333984375
12.4301014,-0.0720341727137566,3.1530401706695557,0.0000000000000000,-0.2967733740806580,2.2264797687530518,0.0000000000000000,180.6558837890625000
12.4399414,-0.0733517706394196,3.1737360954284668,0.0000000000000000,-0.1372071951627731,2.1347901821136475,0.0000000000000000,181.8416748046875000
12.4499598,-0.0733138695359230,3.1929945945739746,0.0000000000000000,0.0035302592441440,1.9823182821273804,0.0000000000000000,182.9450988769531250
12.4599562,-0.0731150582432747,3.2101790904998779,0.0000000000000000,0.0106732789427042,1.7764602899551392,0.0000000000000000,183.9297027587890625
12.4697809,-0.0726739168167114,3.2252087593078613,0.0000000000000000,0.0534231774508953,1.5518978834152222,0.0000000000000000,184.7908325195312500
12.4797926,-0.0707221254706383,3.2379093170166016,0.0000000000000000,0.1954588294029236,1.3213572502136230,0.0000000000000000,185.5185241699218750
12.4897671,-0.0685520842671394,3.2483568191528320,0.0000000000000000,0.2232654243707657,1.0738443136215210,0.0000000000000000,186.1171264648437500
12.4995880,-0.0655673146247864,3.2560346126556396,0.0000000000000000,0.3064072728157043,0.7960520982742310,0.0000000000000000,186.5570373535156250
12.5095921,-0.0616010390222073,3.2606863975524902,0.0000000000000000,0.4102472364902496,0.4758317470550537,0.0000000000000000,186.8235626220703125
12.5195951,-0.0572566837072372,3.2625579833984375,0.0000000000000000,0.4559405446052551,0.1869815737009048,0.0000000000000000,186.9307861328125000
12.5294113,-0.0517698489129543,3.2619326114654541,0.0000000000000000,0.5530655980110168,-0.0660537853837013,0.0000000000000000,186.8949584960937500
12.5394115,-0.0453379787504673,3.2594120502471924,0.0000000000000000,0.6736206412315369,-0.2574758827686310,0.0000000000000000,186.7505493164062500
12.5494137,-0.0395727865397930,3.2547163963317871,0.0000000000000000,0.5895057916641235,-0.4869354665279388,0.0000000000000000,186.4815063476562500
12.5592384,-0.0348743088543415,3.2467527389526367,0.0000000000000000,0.4819002449512482,-0.8111169338226318,0.0000000000000000,186.0252227783203125
12.5692358,-0.0283927023410797,3.2366700172424316,0.0000000000000000,0.6692525148391724,-1.0438630580902100,0.0000000000000000,185.4475250244140625
12.5792379,-0.0222126897424459,3.2252967357635498,0.0000000000000000,0.6445567607879639,-1.1820540428161621,0.0000000000000000,184.7958831787109375
12.5892344,-0.0170966964215040,3.2127068042755127,0.0000000000000000,0.5304617285728455,-1.2947139739990234,0.0000000000000000,184.0745239257812500
12.5990362,-0.0129018984735012,3.1990656852722168,0.0000000000000000,0.4342993795871735,-1.4122884273529053,0.0000000000000000,183.2929534912109375
12.6090393,-0.0083273006603122,3.1841411590576172,0.0000000000000000,0.4635506868362427,-1.5406817197799683,0.0000000000000000,182.4378356933593750
12.6190605,-0.0039039168041199,3.1681814193725586,0.0000000000000000,0.4544410109519958,-1.6540787220001221,0.0000000000000000,181.5234069824218750
12.6288795,-0.0004069246351719,3.1515123844146729,0.0000000000000000,0.3557055890560150,-1.7236773967742920,0.0000000000000000,180.5683441162109375
12.6388845,0.0020670606754720,3.1345620155334473,0.0000000000000000,0.2602304518222809,-1.7420768737792969,0.0000000000000000,179.5971679687500000
12.6488609,0.0038515313062817,3.1179409027099609,0.0000000000000000,0.1868878901004791,-1.7212277650833130,0.0000000000000000,178.6448516845703125
12.6587019,0.0058053014799953,3.1018397808074951,0.0000000000000000,0.1988298147916794,-1.6578456163406372,0.0000000000000000,177.7223205566406250
12.6686811,0.0079107219353318,3.0868644714355469,0.0000000000000000,0.2126616835594177,-1.5497837066650391,0.0000000000000000,176.8643035888671875
12.6786995,0.0093849040567875,3.0732533931732178,0.0000000000000000,0.1562619805335999,-1.4090321063995361,0.0000000000000000,176.0844421386718750
12.6885242,0.0097834952175617,3.0610818862915039,0.0000000000000000,0.0441563315689564,-1.2487936019897461,0.0000000000000000,175.3870697021484375
12.6985235,0.0090968487784266,3.0508675575256348,0.0000000000000000,-0.0751458033919334,-1.0590195655822754,0.0000000000000000,174.8018188476562500
12.7085257,0.0070674819871783,3.0426940917968750,0.0000000000000000,-0.2072933614253998,-0.8450927734375000,0.0000000000000000,174.3335266113281250
12.7183523,0.0041331616230309,3.0368266105651855,0.0000000000000000,-0.3114393949508667,-0.6051074266433716,0.0000000000000000,173.9973449707031250
12.7283487,0.0013056996976957,3.0334694385528564,0.0000000000000000,-0.2921132445335388,-0.3488210141658783,0.0000000000000000,173.8049926757812500
12.7383699,-0.0016777672572061,3.0328702926635742,0.0000000000000000,-0.3034636080265045,-0.0621056891977787,0.0000000000000000,173.7706604003906250
12.7481689,-0.0050823460333049,3.0351998805999756,0.0000000000000000,-0.3454660773277283,0.2344414144754410,0.0000000000000000,173.9041290283203125
12.7581711,-0.0097789419814944,3.0405206680297852,0.0000000000000000,-0.4845704436302185,0.5441005825996399,0.0000000000000000,174.2089996337890625
12.7681732,-0.0156026855111122,3.0485804080963135,0.0000000000000000,-0.5976016521453857,0.8342788219451904,0.0000000000000000,174.6707763671875000
12.7779665,-0.0218422785401344,3.0591313838958740,0.0000000000000000,-0.6439043283462524,1.0875099897384644,0.0000000000000000,175.2753143310546875
12.7879839,-0.0280503202229738,3.0716676712036133,0.0000000000000000,-0.6414484977722168,1.2951166629791260,0.0000000000000000,175.9935913085937500
12.7979631,-0.0339576266705990,3.0858578681945801,0.0000000000000000,-0.6165577173233032,1.4607744216918945,0.0000000000000000,176.8066253662109375
12.8078184,-0.0402430891990662,3.1013400554656982,0.0000000000000000,-0.6509625315666199,1.5977691411972046,0.0000000000000000,177.6936798095703125
12.8178120,-0.0461144708096981,3.1177914142608643,0.0000000000000000,-0.5995886921882629,1.7019349336624146,0.0000000000000000,178.6362762451171875
12.8277960,-0.0509575270116329,3.1349744796752930,0.0000000000000000,-0.5049890279769897,1.7829041481018066,0.0000000000000000,179.6208038330078125
12.8376389,-0.0554905831813812,3.1697621345520020,0.0000000000000000,-0.3195912539958954,1.8102343082427979,0.0000000000000000,181.6139831542968750
12.8476286,-0.0554905831813812,3.1697621345520020,0.0000000000000000,-0.1499206721782684,1.7781699895858765,0.0000000000000000,181.6139831542968750
12.8576183,-0.0560972429811954,3.1863012313842773,0.0000000000000000,-0.0611682943999767,1.6992491483688354,0.0000000000000000,182.5615997314453125
12.8674393,-0.0551468953490257,3.2154643535614014,0.0000000000000000,0.0244707353413105,1.5932321548461914,0.0000000000000000,184.2325286865234375
12.8774300,-0.0535779595375061,3.2269535064697266,0.0000000000000000,0.0727506577968597,1.4266470670700073,0.0000000000000000,184.8908081054687500
12.8874416,-0.0515944808721542,3.2358551025390625,0.0000000000000000,0.1648612022399902,1.1876990795135498,0.0000000000000000,185.4008331298828125
12.8972635,-0.0490281917154789,3.2415573596954346,0.0000000000000000,0.2067083567380905,0.9109939932823181,0.0000000000000000,185.7275390625000000
12.9072599,-0.0466733984649181,3.2436990737915039,0.0000000000000000,0.2597887814044952,0.5872588157653809,0.0000000000000000,185.8502502441406250
12.9172554,-0.0436787270009518,3.2425484657287598,0.0000000000000000,0.2514616847038269,0.2325523793697357,0.0000000000000000,185.7843322753906250
12.9270964,-0.0399561151862144,3.2382013797760010,0.0000000000000000,0.3026034533977509,-0.1254095286130905,0.0000000000000000,185.5352630615234375
12.9371004,-0.0362047068774700,3.2313473224639893,0.0000000000000000,0.3834873437881470,-0.4459223151206970,0.0000000000000000,185.1425476074218750
12.9470797,-0.0323589295148849,3.2225849628448486,0.0000000000000000,0.3887172043323517,-0.7058048844337463,0.0000000000000000,184.6405029296875000
12.9568977,-0.0278795007616282,3.2120196819305420,0.0000000000000000,0.3947017788887024,-0.9155784249305725,0.0000000000000000,184.0351562500000000
12.9669189,-0.0244172457605600,3.2003216743469238,0.0000000000000000,0.4642597734928131,-1.0879601240158081,0.0000000000000000,183.3649139404296875
12.9769020,-0.0214504320174456,3.1877548694610596,0.0000000000000000,0.3581380248069763,-1.2062058448791504,0.0000000000000000,182.6448974609375000
12.9867220,-0.0179580077528954,3.1748523712158203,0.0000000000000000,0.3075856864452362,-1.2910490036010742,0.0000000000000000,181.9056243896484375
12.9967432,-0.0161816719919443,3.1620981693267822,0.0000000000000000,0.3610889613628387,-1.3315850496292114,0.0000000000000000,181.1748657226562500
13.0067282,-0.0158693604171276,3.1497497558593750,0.0000000000000000,0.1768680214881897,-1.3248078823089600,0.0000000000000000,180.4673614501953125
13.0165682,-0.0155645748600364,3.1384389400482178,0.0000000000000000,0.0351776108145714,-1.2691426277160645,0.0000000000000000,179.8192901611328125
13.0265522,-0.0157164949923754,3.1287603378295898,0.0000000000000000,0.0319229103624821,-1.1686136722564697,0.0000000000000000,179.2647552490234375
13.0365705,-0.0166796240955591,3.1211366653442383,0.0000000000000000,-0.0141785684973001,-1.0027230978012085,0.0000000000000000,178.8279418945312500
13.0463762,-0.0182927064597607,3.1159167289733887,0.0000000000000000,-0.0945004075765610,-0.7888133525848389,0.0000000000000000,178.5288696289062500
13.0563726,-0.0206512697041035,3.1132738590240479,0.0000000000000000,-0.1697757244110107,-0.5356050133705139,0.0000000000000000,178.3774414062500000
13.0663939,-0.0230659879744053,3.1133065223693848,0.0000000000000000,-0.2432906329631805,-0.2680945992469788,0.0000000000000000,178.3793182373046875
13.0761957,-0.0250144191086292,3.1155977249145508,0.0000000000000000,-0.2458121180534363,-0.0061181169003248,0.0000000000000000,178.5105895996093750
13.0861893,-0.0278733447194099,3.1200325489044189,0.0000000000000000,-0.2109128683805466,0.2326465696096420,0.0000000000000000,178.7646942138671875
13.0961914,-0.0317230969667435,3.1264367103576660,0.0000000000000000,-0.2877389490604401,0.4569806754589081,0.0000000000000000,179.1316223144531250
13.1060543,-0.0357703566551208,3.1343080997467041,0.0000000000000000,-0.3978764414787292,0.6561073064804077,0.0000000000000000,179.5826110839843750
13.1160383,-0.0392402261495590,3.1436619758605957,0.0000000000000000,-0.4172028005123138,0.8238242268562317,0.0000000000000000,180.1185607910156250
13.1260395,-0.0424682684242725,3.1541447639465332,0.0000000000000000,-0.3609445989131927,0.9655026793479919,0.0000000000000000,180.7191772460937500
13.1360407,-0.0453570447862148,3.1653299331665039,0.0000000000000000,-0.3275474309921265,1.0772389173507690,0.0000000000000000,181.3600311279296875
13.1458521,-0.0478183552622795,3.1766941547393799,0.0000000000000000,-0.2987029850482941,1.1556081771850586,0.0000000000000000,182.0111541748046875
13.1558533,-0.0498335622251034,3.1875514984130859,0.0000000000000000,-0.2469866424798965,1.1719272136688232,0.0000000000000000,182.6332397460937500
13.1657810,-0.0512233115732670,3.1975603103637695,0.0000000000000000,-0.2182608693838120,1.1304347515106201,0.0000000000000000,183.2066955566406250
13.1756697,-0.0512085370719433,3.2061192989349365,0.0000000000000000,-0.1362439393997192,1.0320401191711426,0.0000000000000000,183.6970977783203125
13.1856613,-0.0505486205220222,3.2128803730010986,0.0000000000000000,-0.0042805224657059,0.8831982612609863,0.0000000000000000,184.0844726562500000
13.1955919,-0.0496747940778732,3.2174818515777588,0.0000000000000000,0.0677699148654938,0.6942031979560852,0.0000000000000000,184.3481140136718750
13.2055435,-0.0487559139728546,3.2195773124694824,0.0000000000000000,0.1039671748876572,0.2185315042734146,0.0000000000000000,184.4681854248046875
13.2154722,-0.0474398471415043,3.2190868854522705,0.0000000000000000,0.1297037750482559,-0.0425795093178749,0.0000000000000000,184.4400787353515625
13.2254057,-0.0457386821508408,3.2159199714660645,0.0000000000000000,0.1739349514245987,-0.3327212631702423,0.0000000000000000,184.2586364746093750
13.2353439,-0.0432960316538811,3.2098243236541748,0.0000000000000000,0.2560772597789764,-0.6241376996040344,0.0000000000000000,183.9093780517578125
13.2453337,-0.0403054356575012,3.2012214660644531,0.0000000000000000,0.3027609586715698,-0.8951380848884583,0.0000000000000000,183.4164733886718750
13.2553415,-0.0371883697807789,3.1904633045196533,0.0000000000000000,0.3211582899093628,-1.1142356395721436,0.0000000000000000,182.8000793457031250
13.2653379,-0.0339493490755558,3.1781558990478516,0.0000000000000000,0.3290260434150696,-1.2649310827255249,0.0000000000000000,182.0949096679687500
13.2753401,-0.0317224413156509,3.1651422977447510,0.0000000000000000,0.2341331243515015,-1.3518201112747192,0.0000000000000000,181.3492889404296875
13.2853394,-0.0303423199802637,3.1519439220428467,0.0000000000000000,0.1405217498540878,-1.3646128177642822,0.0000000000000000,180.5930786132812500
13.2953396,-0.0297382790595293,3.1392488479614258,0.0000000000000000,0.0567382611334324,-1.2990701198577881,0.0000000000000000,179.8657073974609375
13.3053408,-0.0297602340579033,3.1280956268310547,0.0000000000000000,-0.0008530552731827,-1.1614801883697510,0.0000000000000000,179.2266693115234375
13.3153429,-0.0310237221419811,3.1188998222351074,0.0000000000000000,-0.1317294985055923,-0.9487585425376892,0.0000000000000000,178.6997833251953125
13.3253422,-0.0332841984927654,3.1122698783874512,0.0000000000000000,-0.2290926724672318,-0.6826270818710327,0.0000000000000000,178.3199157714843750
13.3353424,-0.0350007824599743,3.1084175109863281,0.0000000000000000,-0.1810700148344040,-0.4007282853126526,0.0000000000000000,178.0991973876953125
13.3453436,-0.0368682183325291,3.1073288917541504,0.0000000000000000,-0.1889812499284744,-0.1144860014319420,0.0000000000000000,178.0368194580078125
13.3553476,-0.0388811267912388,3.1087439060211182,0.0000000000000000,-0.2041710764169693,0.1461585760116577,0.0000000000000000,178.1178894042968750
13.3653460,-0.0406901761889458,3.1123297214508057,0.0000000000000000,-0.1868613511323929,0.3787888884544373,0.0000000000000000,178.3233489990234375
13.3753471,-0.0424697808921337,3.1181712150573730,0.0000000000000000,-0.1899415105581284,0.5960980057716370,0.0000000000000000,178.6580352783203125
13.3853502,-0.0444576516747475,3.1256523132324219,0.0000000000000000,-0.2022927850484848,0.7783468961715698,0.0000000000000000,179.0866699218750000
13.3953524,-0.0466445498168468,3.1346044540405273,0.0000000000000000,-0.2239443659782410,0.9245306849479675,0.0000000000000000,179.5995941162109375
13.4053516,-0.0491127073764801,3.1447637081146240,0.0000000000000000,-0.2548205554485321,1.0384545326232910,0.0000000000000000,180.1816711425781250
13.4153547,-0.0517571456730366,3.1556146144866943,0.0000000000000000,-0.2734892964363098,1.1272794008255005,0.0000000000000000,180.8033905029296875
13.4253540,-0.0541516542434692,3.1671652793884277,0.0000000000000000,-0.2396580576896667,1.1866866350173950,0.0000000000000000,181.4651947021484375
13.4353571,-0.0552400760352612,3.1787452697753906,0.0000000000000000,-0.1240125671029091,1.1966233253479004,0.0000000000000000,182.1286773681640625
13.4453621,-0.0558791682124138,3.1899914741516113,0.0000000000000000,-0.0638977065682411,1.1629954576492310,0.0000000000000000,182.7730407714843750
13.4553576,-0.0556243434548378,3.2003953456878662,0.0000000000000000,0.0306538045406342,1.0775882005691528,0.0000000000000000,183.3691406250000000
13.4653597,-0.0542990006506443,3.2093462944030762,0.0000000000000000,0.1299102753400803,0.9300182461738586,0.0000000000000000,183.8819885253906250
13.4753628,-0.0526644699275494,3.2162294387817383,0.0000000000000000,0.1713728308677673,0.7127630710601807,0.0000000000000000,184.2763671875000000
13.4853649,-0.0505465306341648,3.2205240726470947,0.0000000000000000,0.2196540981531143,0.4317611753940582,0.0000000000000000,184.5224304199218750
13.4953680,-0.0479383021593094,3.2214512825012207,0.0000000000000000,0.2648056447505951,0.1012832596898079,0.0000000000000000,184.5755462646484375
13.5053682,-0.0455499738454819,3.2190744876861572,0.0000000000000000,0.2499190270900726,-0.2449672967195511,0.0000000000000000,184.4393768310546875
13.5153713,-0.0429542697966099,3.2135818004608154,0.0000000000000000,0.2664517462253571,-0.5670841336250305,0.0000000000000000,184.1246643066406250
13.5253706,-0.0398066677153111,3.2054142951965332,0.0000000000000000,0.3213906288146973,-0.8454678654670715,0.0000000000000000,183.6567077636718750
13.5353775,-0.0361166447401047,3.1951725482940674,0.0000000000000000,0.3832522034645081,-1.0609482526779175,0.0000000000000000,183.0698852539062500
13.5453749,-0.0327359773218632,3.1834635734558105,0.0000000000000000,0.3416715264320374,-1.2041425704956055,0.0000000000000000,182.3990173339843750
13.5553761,-0.0306205917149782,3.1710462570190430,0.0000000000000000,0.2225725054740906,-1.2815114259719849,0.0000000000000000,181.6875610351562500
13.5653830,-0.0291775781661272,3.1583561897277832,0.0000000000000000,0.1468374431133270,-1.3162248134613037,0.0000000000000000,180.9604644775390625
13.5753803,-0.0283220726996660,3.1458323001861572,0.0000000000000000,0.0922375768423080,-1.2852973937988281,0.0000000000000000,180.2429046630859375
13.5853815,-0.0281625669449568,3.1344158649444580,0.0000000000000000,0.0124053927138448,-1.1826723814010620,0.0000000000000000,179.5887908935546875
13.5953836,-0.0286328159272671,3.1247982978820801,0.0000000000000000,-0.0523141846060753,-0.9916682243347168,0.0000000000000000,179.0377502441406250
13.6053858,-0.0298410542309284,3.1177568435668945,0.0000000000000000,-0.1287195980548859,-0.7247881293296814,0.0000000000000000,178.6342926025390625
13.6161470,-0.0319016091525555,3.1139814853668213,0.0000000000000000,-0.2139732539653778,-0.4029299616813660,0.0000000000000000,178.4179840087890625
13.6264868,-0.0339555852115154,3.1133232116699219,0.0000000000000000,-0.2031848281621933,-0.0544655695557594,0.0000000000000000,178.3802642822265625
13.6372280,-0.0358372032642365,3.1161317825317383,0.0000000000000000,-0.1928036659955978,0.2855966389179230,0.0000000000000000,178.5411834716796875
13.6454020,-0.0384838208556175,3.1218688488006592,0.0000000000000000,-0.2692774832248688,0.5928668379783630,0.0000000000000000,178.8699035644531250
13.6583176,-0.0417909473180771,3.1301908493041992,0.0000000000000000,-0.3458038270473480,0.8549962043762207,0.0000000000000000,179.3467102050781250
13.6690741,-0.0453055202960968,3.1404175758361816,0.0000000000000000,-0.3593238592147827,1.0603641271591187,0.0000000000000000,179.9326629638671875
13.6796217,-0.0487518124282360,3.1521229743957520,0.0000000000000000,-0.3601584732532501,1.2004711627960205,0.0000000000000000,180.6033325195312500
13.6901741,-0.0521092526614666,3.1644401550292969,0.0000000000000000,-0.3486095368862152,1.2780759334564209,0.0000000000000000,181.3090515136718750
13.7005262,-0.0551948323845863,3.1769433021545410,0.0000000000000000,-0.3249897360801697,1.2950227260589600,0.0000000000000000,182.0254364013671875
13.7106800,-0.0584359094500542,3.1891882419586182,0.0000000000000000,-0.3244830071926117,1.2592346668243408,0.0000000000000000,182.7270202636718750
13.7206268,-0.0611280873417854,3.2006726264953613,0.0000000000000000,-0.2859912812709808,1.1830327510833740,0.0000000000000000,183.3850250244140625
13.7307281,-0.0631899461150169,3.2109553813934326,0.0000000000000000,-0.2135869115591049,1.0633186101913452,0.0000000000000000,183.9741821289062500
13.7405939,-0.0645234733819962,3.2196974754333496,0.0000000000000000,-0.1366124004125595,0.9036979079246521,0.0000000000000000,184.4750671386718750
13.7481518,-0.0650460496544838,3.2266333103179932,0.0000000000000000,-0.0546870790421963,0.7122958302497864,0.0000000000000000,184.8724670410156250
13.7606316,-0.0646811425685883,3.2314095497131348,0.0000000000000000,0.0472066290676594,0.4954107701778412,0.0000000000000000,185.1461181640625000
13.7706614,-0.0635812357068062,3.2339489459991455,0.0000000000000000,0.1008998751640320,0.2642612755298615,0.0000000000000000,185.2916107177734375
13.7807064,-0.0625376552343369,3.2342317104339600,0.0000000000000000,0.1093632802367210,0.0242852196097374,0.0000000000000000,185.3078155517578125
13.7907000,-0.0607444122433662,3.2299251556396484,0.0000000000000000,0.1834589987993240,-0.4407406747341156,0.0000000000000000,185.0610656738281250
13.8006649,-0.0589437037706375,3.2257158756256104,0.0000000000000000,0.1835354268550873,-0.4406599700450897,0.0000000000000000,184.8199005126953125
13.8105354,-0.0571894012391567,3.2176811695098877,0.0000000000000000,0.1843672394752502,-0.8311263918876648,0.0000000000000000,184.3595428466796875
13.8205376,-0.0551441684365273,3.2079246044158936,0.0000000000000000,0.2110671997070312,-0.9962809681892395,0.0000000000000000,183.8005371093750000
13.8305387,-0.0529940761625767,3.1971287727355957,0.0000000000000000,0.2186534404754639,-1.1244552135467529,0.0000000000000000,183.1819763183593750
13.8403282,-0.0513362921774387,3.1854639053344727,0.0000000000000000,0.1750458031892776,-1.2015242576599121,0.0000000000000000,182.5136260986328125
13.8503370,-0.0504383891820908,3.1734387874603271,0.0000000000000000,0.0875975638628006,-1.2400174140930176,0.0000000000000000,181.8246459960937500
13.8603449,-0.0499636232852936,3.1614902019500732,0.0000000000000000,0.0471581295132637,-1.2354695796966553,0.0000000000000000,181.1400299072265625
13.8701591,-0.0495682694017887,3.1501417160034180,0.0000000000000000,0.0412860698997974,-1.1714868545532227,0.0000000000000000,180.4898223876953125
13.8801880,-0.0495262481272221,3.1399111747741699,0.0000000000000000,0.0007174836937338,-1.0535125732421875,0.0000000000000000,179.9036560058593750
13.8901787,-0.0499363020062447,3.1313097476959229,0.0000000000000000,-0.0367947183549404,-0.8911362290382385,0.0000000000000000,179.4108276367187500
13.9000006,-0.0503804385662079,3.1246962547302246,0.0000000000000000,-0.0441972650587559,-0.6896429061889648,0.0000000000000000,179.0318908691406250
13.9100037,-0.0512110032141209,3.1200666427612305,0.0000000000000000,-0.0938415005803108,-0.4667918086051941,0.0000000000000000,178.7666473388671875
13.9199886,-0.0531353913247585,3.1178376674652100,0.0000000000000000,-0.1846339702606201,-0.2369687110185623,0.0000000000000000,178.6389312744140625
13.9298124,-0.0549400262534618,3.1176936626434326,0.0000000000000000,-0.1931285113096237,-0.0166300907731056,0.0000000000000000,178.6306762695312500
13.9398317,-0.0567109845578671,3.1194620132446289,0.0000000000000000,-0.1779892444610596,0.1846564859151840,0.0000000000000000,178.7319946289062500
13.9498434,-0.0590486302971840,3.1230447292327881,0.0000000000000000,-0.2408895641565323,0.3665125370025635,0.0000000000000000,178.9372711181640625
13.9596338,-0.0618489943444729,3.1280052661895752,0.0000000000000000,-0.2980104088783264,0.5232300162315369,0.0000000000000000,179.2214965820312500
13.9696312,-0.0647671818733215,3.1342663764953613,0.0000000000000000,-0.3010919988155365,0.6452663540840149,0.0000000000000000,179.5802307128906250
13.9796152,-0.0674440339207649,3.1415739059448242,0.0000000000000000,-0.2711661159992218,0.7451851963996887,0.0000000000000000,179.9989166259765625
13.9894695,-0.0694370791316032,3.1494197845458984,0.0000000000000000,-0.2138043791055679,0.8171775937080383,0.0000000000000000,180.4484558105468750
13.9994383,-0.0710902288556099,3.1577050685882568,0.0000000000000000,-0.1596983224153519,0.8468834161758423,0.0000000000000000,180.9231567382812500
14.0094614,-0.0720435678958893,3.1658344268798828,0.0000000000000000,-0.0957004725933075,0.8384733796119690,0.0000000000000000,181.3889465332031250
14.0192804,-0.0724590867757797,3.1733739376068115,0.0000000000000000,-0.0447766557335854,0.7808679342269897,0.0000000000000000,181.8209228515625000
14.0293121,-0.0721519887447357,3.1798071861267090,0.0000000000000000,0.0259461514651775,0.6690457463264465,0.0000000000000000,182.1895141601562500
14.0392904,-0.0709426775574684,3.1847012042999268,0.0000000000000000,0.1210577487945557,0.5033962726593018,0.0000000000000000,182.4699249267578125
14.0491066,-0.0690881833434105,3.1876127719879150,0.0000000000000000,0.1876108199357986,0.2996132075786591,0.0000000000000000,182.6367492675781250
14.0591049,-0.0671016350388527,3.1882753372192383,0.0000000000000000,0.2176269143819809,0.0692145824432373,0.0000000000000000,182.6747131347656250
14.0690870,-0.0653345659375191,3.1866774559020996,0.0000000000000000,0.1733645498752594,-0.1608664989471436,0.0000000000000000,182.5831604003906250
14.0789280,-0.0637858510017395,3.1829965114593506,0.0000000000000000,0.1544374674558640,-0.3854668438434601,0.0000000000000000,182.3722534179687500
14.0889320,-0.0617693290114403,3.1771540641784668,0.0000000000000000,0.2077185958623886,-0.5968405604362488,0.0000000000000000,182.0375061035156250
14.0989180,-0.0595469214022160,3.1695828437805176,0.0000000000000000,0.2326738685369492,-0.7845171689987183,0.0000000000000000,181.6037139892578125
14.1087523,-0.0575538165867329,3.1605279445648193,0.0000000000000000,0.2070372998714447,-0.9379503130912781,0.0000000000000000,181.0848999023437500
14.1187544,-0.0554500930011272,3.1504352092742920,0.0000000000000000,0.2106084823608398,-1.0438961982727051,0.0000000000000000,180.5066375732421875
14.1287546,-0.0539276897907257,3.1397218704223633,0.0000000000000000,0.1592173129320145,-1.1001750230789185,0.0000000000000000,179.8928070068359375
14.1385756,-0.0532558187842369,3.1290800571441650,0.0000000000000000,0.0776916965842247,-1.1011024713516235,0.0000000000000000,179.2830657958984375
14.1485767,-0.0531069450080395,3.1190340518951416,0.0000000000000000,0.0145766614004970,-1.0447998046875000,0.0000000000000000,178.7074737548828125
14.1585541,-0.0535717792809010,3.1098365783691406,0.0000000000000000,-0.0574952661991119,-0.9396781325340271,0.0000000000000000,178.1804962158203125
14.1685600,-0.0541609637439251,3.1022858619689941,0.0000000000000000,-0.0583888515830040,-0.7856405973434448,0.0000000000000000,177.7478790283203125
14.1783743,-0.0552240647375584,3.0966267585754395,0.0000000000000000,-0.1098254173994064,-0.5828387737274170,0.0000000000000000,177.4236297607421875
14.1884022,-0.0573788397014141,3.0932748317718506,0.0000000000000000,-0.2227678149938583,-0.3484601676464081,0.0000000000000000,177.2315826416015625
14.1984043,-0.0596795789897442,3.0921721458435059,0.0000000000000000,-0.2378755360841751,-0.1040770858526230,0.0000000000000000,177.1684112548828125
14.2082157,-0.0616928599774837,3.0934123992919922,0.0000000000000000,-0.2053107917308807,0.1254260987043381,0.0000000000000000,177.2394714355468750
14.2182264,-0.0640217587351799,3.0966436862945557,0.0000000000000000,-0.2410176843404770,0.3336720466613770,0.0000000000000000,177.4246063232421875
14.2282219,-0.0668275132775307,3.1017620563507080,0.0000000000000000,-0.2883142530918121,0.5295808315277100,0.0000000000000000,177.7178649902343750
14.2380247,-0.0697634890675545,3.1085348129272461,0.0000000000000000,-0.3043963611125946,0.6971212029457092,0.0000000000000000,178.1059112548828125
14.2480431,-0.0730714276432991,3.1165130138397217,0.0000000000000000,-0.3406407833099365,0.8295245170593262,0.0000000000000000,178.5630340576171875
14.2580471,-0.0759651288390160,3.1255424022674561,0.0000000000000000,-0.2988557517528534,0.9288439154624939,0.0000000000000000,179.0803833007812500
14.2678518,-0.0791873037815094,3.1451482772827148,0.0000000000000000,-0.1988155245780945,0.9957835078239441,0.0000000000000000,180.2037048339843750
14.2778692,-0.0797529965639114,3.1549322605133057,0.0000000000000000,-0.1273199766874313,1.0257102251052856,0.0000000000000000,180.7642974853515625
14.2878666,-0.0798678174614906,3.1642973423004150,0.0000000000000000,-0.0632328763604164,1.0114362239837646,0.0000000000000000,181.3008728027343750
14.2976894,-0.0789208039641380,3.1728193759918213,0.0000000000000000,-0.0100396228954196,0.9668484330177307,0.0000000000000000,181.7891540527343750
14.3076725,-0.0771719515323639,3.1803164482116699,0.0000000000000000,0.0965243726968765,0.8859623074531555,0.0000000000000000,182.2187042236328125
14.3176727,-0.0747773572802544,3.1863579750061035,0.0000000000000000,0.1800872534513474,0.7678666114807129,0.0000000000000000,182.5648498535156250
14.3276081,-0.0715675652027130,3.1908602714538574,0.0000000000000000,0.2503812611103058,0.6234415173530579,0.0000000000000000,182.8228149414062500
14.3375196,-0.0678106248378754,3.1937191486358643,0.0000000000000000,0.3335437178611755,0.4646376669406891,0.0000000000000000,182.9866180419921875
14.3475218,-0.0642697140574455,3.1946711540222168,0.0000000000000000,0.3839245140552521,0.2907429337501526,0.0000000000000000,183.0411682128906250
14.3573399,-0.0609470717608929,3.1938076019287109,0.0000000000000000,0.3709221482276917,0.1061547473073006,0.0000000000000000,182.9916839599609375
14.3673344,-0.0580188743770123,3.1908574104309082,0.0000000000000000,0.3359998166561127,-0.0957622155547142,0.0000000000000000,182.8226470947265625
14.3773184,-0.0542022995650768,3.1858346462249756,0.0000000000000000,0.3091983199119568,-0.3047059774398804,0.0000000000000000,182.5348663330078125
14.3873253,-0.0503612942993641,3.1792533397674561,0.0000000000000000,0.3809262216091156,-0.5093502402305603,0.0000000000000000,182.1577911376953125
14.3971491,-0.0469312071800232,3.1714534759521484,0.0000000000000000,0.4050683975219727,-0.6794764399528503,0.0000000000000000,181.7108917236328125
14.4071722,-0.0441761240363121,3.1627788543701172,0.0000000000000000,0.3552894592285156,-0.8112419843673706,0.0000000000000000,181.2138671875000000
14.4171724,-0.0415889099240303,3.1537532806396484,0.0000000000000000,0.2843194007873535,-0.8932411074638367,0.0000000000000000,180.6967468261718750
14.4269724,-0.0393442995846272,3.1448118686676025,0.0000000000000000,0.2692030370235443,-0.9335228800773621,0.0000000000000000,180.1844329833984375
14.4369879,-0.0385760366916656,3.1361882686614990,0.0000000000000000,0.2235559374094009,-0.9290981888771057,0.0000000000000000,179.6903381347656250
14.4469948,-0.0383390225470066,3.1284182071685791,0.0000000000000000,0.0797296985983849,-0.8886353373527527,0.0000000000000000,179.2451477050781250
14.4567976,-0.0375257879495621,3.1220421791076660,0.0000000000000000,0.0263357441872358,-0.7967534661293030,0.0000000000000000,178.8798370361328125
14.4667902,-0.0374370515346527,3.1174645423889160,0.0000000000000000,0.0909055024385452,-0.6638956665992737,0.0000000000000000,178.6175537109375000
14.4768133,-0.0386835262179375,3.1149356365203857,0.0000000000000000,0.0036136626731604,-0.4750394225120544,0.0000000000000000,178.4726562500000000
14.4866199,-0.0402338989078999,3.1146478652954102,0.0000000000000000,-0.1220424175262451,-0.2555070221424103,0.0000000000000000,178.4561614990234375
14.4966230,-0.0416539311408997,3.1165237426757812,0.0000000000000000,-0.1694876104593277,-0.0234793126583099,0.0000000000000000,178.5636444091796875
14.5066423,-0.0429370179772377,3.1203031539916992,0.0000000000000000,-0.1466175615787506,0.1915607601404190,0.0000000000000000,178.7801971435546875
14.5165462,-0.0445965826511383,3.1257195472717285,0.0000000000000000,-0.1314970105886459,0.3851177990436554,0.0000000000000000,179.0905303955078125
14.5264378,-0.0469716973602772,3.1325056552886963,0.0000000000000000,-0.1642446219921112,0.5547361969947815,0.0000000000000000,179.4793395996093750
14.5364408,-0.0499734841287136,3.1406683921813965,0.0000000000000000,-0.2480544149875641,0.7068782448768616,0.0000000000000000,179.9470367431640625
14.5464478,-0.0528156720101833,3.1496970653533936,0.0000000000000000,-0.3142085671424866,0.8382351398468018,0.0000000000000000,180.4643402099609375
14.5563059,-0.0548059493303299,3.1594300270080566,0.0000000000000000,-0.2886451482772827,0.9333127140998840,0.0000000000000000,181.0220031738281250
14.5663071,-0.0565369985997677,3.1693425178527832,0.0000000000000000,-0.2109065204858780,0.9993206262588501,0.0000000000000000,181.5899353027343750
14.5762815,-0.0575822144746780,3.1796143054962158,0.0000000000000000,-0.1691052913665771,1.0375022888183594,0.0000000000000000,182.1784667968750000
14.5860901,-0.0583648234605789,3.1898927688598633,0.0000000000000000,-0.1153076514601707,1.0581907033920288,0.0000000000000000,182.7673797607421875
14.5961246,-0.0586208701133728,3.1999239921569824,0.0000000000000000,-0.0699095353484154,1.0607281923294067,0.0000000000000000,183.3421325683593750
14.6060963,-0.0583416447043419,3.2094502449035645,0.0000000000000000,-0.0323034748435020,1.0378743410110474,0.0000000000000000,183.8879394531250000
14.6159201,-0.0569128580391407,3.2177875041961670,0.0000000000000000,0.0267008729279041,0.9762357473373413,0.0000000000000000,184.3656311035156250
14.6259203,-0.0544211938977242,3.2246675491333008,0.0000000000000000,0.1524812728166580,0.8609681725502014,0.0000000000000000,184.7598266601562500
14.6359138,-0.0518126413226128,3.2295551300048828,0.0000000000000000,0.2512895762920380,0.7083246707916260,0.0000000000000000,185.0398712158203125
14.6458502,-0.0493399985134602,3.2323672771453857,0.0000000000000000,0.2794804573059082,0.5147628188133240,0.0000000000000000,185.2009887695312500
14.6558027,-0.0468321442604065,3.2326660156250000,0.0000000000000000,0.2562814056873322,0.0267588198184967,0.0000000000000000,185.2181091308593750
14.6657295,-0.0440365187823772,3.2304563522338867,0.0000000000000000,0.2913344800472260,-0.2263815551996231,0.0000000000000000,185.0915069580078125
14.6756620,-0.0406023934483528,3.2259218692779541,0.0000000000000000,0.3482909798622131,-0.4641209840774536,0.0000000000000000,184.8316955566406250
14.6856003,-0.0370521396398544,3.2194006443023682,0.0000000000000000,0.3665480315685272,-0.6675994396209717,0.0000000000000000,184.4580535888671875
14.6955795,-0.0334776565432549,3.2114138603210449,0.0000000000000000,0.3669770359992981,-0.8298123478889465,0.0000000000000000,184.0004577636718750
14.7055807,-0.0303918123245239,3.2022159099578857,0.0000000000000000,0.3173126578330994,-0.9559525251388550,0.0000000000000000,183.4734497070312500
14.7155819,-0.0279767904430628,3.1919727325439453,0.0000000000000000,0.2495710402727127,-1.0546349287033081,0.0000000000000000,182.8865509033203125
14.7255840,-0.0255460813641548,3.1810445785522461,0.0000000000000000,0.2496938407421112,-1.1200337409973145,0.0000000000000000,182.2604217529296875
14.7355881,-0.0231957379728556,3.1698565483093262,0.0000000000000000,0.2468235641717911,-1.1601926088333130,0.0000000000000000,181.6193847656250000
14.7455883,-0.0209311004728079,3.1585803031921387,0.0000000000000000,0.2346929907798767,-1.1625723838806152,0.0000000000000000,180.9733123779296875
14.7555914,-0.0190984327346087,3.1475584506988525,0.0000000000000000,0.1914211511611938,-1.1428302526473999,0.0000000000000000,180.3418121337890625
14.7655935,-0.0180411282926798,3.1366093158721924,0.0000000000000000,0.1001463979482651,-1.1275063753128052,0.0000000000000000,179.7144622802734375
14.7755957,-0.0181075837463140,3.1259000301361084,0.0000000000000000,-0.0009657902992330,-1.1141909360885620,0.0000000000000000,179.1008758544921875
14.7855968,-0.0177371893078089,3.1151103973388672,0.0000000000000000,0.0310701373964548,-1.1143417358398438,0.0000000000000000,178.4826660156250000
14.7956047,-0.0173609331250191,3.1041479110717773,0.0000000000000000,0.0382883809506893,-1.1243506669998169,0.0000000000000000,177.8545684814453125
14.8056002,-0.0168045926839113,3.0932734012603760,0.0000000000000000,0.0666007399559021,-1.1245737075805664,0.0000000000000000,177.2315063476562500
14.8156013,-0.0160668846219778,3.0825698375701904,0.0000000000000000,0.0691142827272415,-1.1084401607513428,0.0000000000000000,176.6182250976562500
14.8256016,-0.0157572142779827,3.0720338821411133,0.0000000000000000,0.0300644487142563,-1.0812635421752930,0.0000000000000000,176.0145721435546875
14.8356037,-0.0152730327099562,3.0618410110473633,0.0000000000000000,0.0425331033766270,-1.0549536943435669,0.0000000000000000,175.4305572509765625
14.8456087,-0.0154807083308697,3.0518934726715088,0.0000000000000000,-0.0124019458889961,-1.0331110954284668,0.0000000000000000,174.8606109619140625
14.8556080,-0.0156710930168629,3.0420303344726562,0.0000000000000000,-0.0241782553493977,-1.0168688297271729,0.0000000000000000,174.2954864501953125
14.8656139,-0.0150053324177861,3.0322647094726562,0.0000000000000000,0.0635972619056702,-1.0145879983901978,0.0000000000000000,173.7359619140625000
14.8756142,-0.0145029295235872,3.0225808620452881,0.0000000000000000,0.0556712634861469,-1.0003608465194702,0.0000000000000000,173.1811218261718750
14.8856163,-0.0146013023331761,3.0130617618560791,0.0000000000000000,-0.0076161753386259,-0.9742292761802673,0.0000000000000000,172.6357116699218750
14.8956203,-0.0152112785726786,3.0039501190185547,0.0000000000000000,-0.0640568882226944,-0.9415091276168823,0.0000000000000000,172.1136474609375000
14.9056206,-0.0156715326011181,2.9952859878540039,0.0000000000000000,-0.0462756194174290,-0.8999304771423340,0.0000000000000000,171.6172332763671875
14.9156208,-0.0159692689776421,2.9870440959930420,0.0000000000000000,-0.0300128683447838,-0.8505523204803467,0.0000000000000000,171.1450042724609375
14.9256220,-0.0164657216519117,2.9792292118072510,0.0000000000000000,-0.0528567172586918,-0.8076813220977783,0.0000000000000000,170.6972503662109375
14.9356327,-0.0173468198627234,2.9719383716583252,0.0000000000000000,-0.0878820642828941,-0.7560007572174072,0.0000000000000000,170.2795104980468750
14.9456253,-0.0186745990067720,2.9650611877441406,0.0000000000000000,-0.1390604674816132,-0.7120153903961182,0.0000000000000000,169.8854827880859375
14.9556246,-0.0202044099569321,2.9584395885467529,0.0000000000000000,-0.1588473916053772,-0.6779912114143372,0.0000000000000000,169.5060882568359375
14.9656277,-0.0219259243458509,2.9522445201873779,0.0000000000000000,-0.1701865792274475,-0.6471781134605408,0.0000000000000000,169.1511383056640625
14.9756279,-0.0234037991613150,2.9461510181427002,0.0000000000000000,-0.1596181392669678,-0.6293929815292358,0.0000000000000000,168.8020172119140625
14.9856348,-0.0245390422642231,2.9400491714477539,0.0000000000000000,-0.1137091293931007,-0.6205564737319946,0.0000000000000000,168.4523925781250000
14.9956312,-0.0254249256104231,2.9341337680816650,0.0000000000000000,-0.0956140607595444,-0.6151319742202759,0.0000000000000000,168.1134796142578125
15.0056381,-0.0266392733901739,2.9282088279724121,0.0000000000000000,-0.1231466904282570,-0.6067211627960205,0.0000000000000000,167.7740020751953125
15.0156317,-0.0281948577612638,2.9225330352783203,0.0000000000000000,-0.1597367674112320,-0.5906655192375183,0.0000000000000000,167.4488067626953125
15.0256367,-0.0296681243926287,2.9170210361480713,0.0000000000000000,-0.1469568461179733,-0.5710997581481934,0.0000000000000000,167.1329803466796875
15.0356359,-0.0305438935756683,2.9115326404571533,0.0000000000000000,-0.0921790897846222,-0.5578684210777283,0.0000000000000000,166.8185272216796875
15.0456390,-0.0310009606182575,2.9064073562622070,0.0000000000000000,-0.0496302321553230,-0.5391867756843567,0.0000000000000000,166.5248718261718750
15.0556402,-0.0314481221139431,2.9013462066650391,0.0000000000000000,-0.0386430956423283,-0.5238984227180481,0.0000000000000000,166.2348785400390625
15.0656424,-0.0318247936666012,2.8963842391967773,0.0000000000000000,-0.0453670062124729,-0.5139498710632324,0.0000000000000000,165.9505767822265625
15.0756426,-0.0321283228695393,2.8913505077362061,0.0000000000000000,-0.0264653451740742,-0.5092877149581909,0.0000000000000000,165.6621704101562500
15.0856428,-0.0322598330676556,2.8862991333007812,0.0000000000000000,-0.0211036801338196,-0.5114526152610779,0.0000000000000000,165.3727569580078125
15.0965528,-0.0316931456327438,2.8810050487518311,0.0000000000000000,0.0571755096316338,-0.5274798870086670,0.0000000000000000,165.0694274902343750
15.1080523,-0.0302832815796137,2.8756451606750488,0.0000000000000000,0.1528306752443314,-0.5501314997673035,0.0000000000000000,164.7623291015625000
15.1182203,-0.0286696515977383,2.8701994419097900,0.0000000000000000,0.1589246988296509,-0.5691930651664734,0.0000000000000000,164.4503021240234375
15.1287746,-0.0272131804376841,2.8644926548004150,0.0000000000000000,0.1539072245359421,-0.5774317383766174,0.0000000000000000,164.1233367919921875
15.1356573,-0.0254903174936771,2.8588638305664062,0.0000000000000000,0.1849323213100433,-0.5806602239608765,0.0000000000000000,163.8008270263671875
15.1502380,-0.0237831547856331,2.8533210754394531,0.0000000000000000,0.1637881398200989,-0.5762707591056824,0.0000000000000000,163.4832458496093750
15.1556578,-0.0220894180238247,2.8476932048797607,0.0000000000000000,0.1778685003519058,-0.5759842991828918,0.0000000000000000,163.1607971191406250
15.1709700,-0.0198256541043520,2.8420655727386475,0.0000000000000000,0.2299126237630844,-0.5734311938285828,0.0000000000000000,162.8383483886718750
15.1808977,-0.0166289303451777,2.8364679813385010,0.0000000000000000,0.3284047245979309,-0.5741741061210632,0.0000000000000000,162.5176391601562500
15.1908836,-0.0126112466678023,2.8308846950531006,0.0000000000000000,0.4228465557098389,-0.5772825479507446,0.0000000000000000,162.1977386474609375
15.1958780,-0.0086699621751904,2.8251967430114746,0.0000000000000000,0.4024524092674255,-0.5821669101715088,0.0000000000000000,161.8718414306640625
15.2064056,-0.0059126103296876,2.8193991184234619,0.0000000000000000,0.2967574894428253,-0.5817906260490417,0.0000000000000000,161.5396575927734375
15.2171116,-0.0040710680186749,2.8137400150299072,0.0000000000000000,0.2055660039186478,-0.5723552107810974,0.0000000000000000,161.2154235839843750
15.2277060,-0.0025860844179988,2.8079891204833984,0.0000000000000000,0.1607965230941772,-0.5735777616500854,0.0000000000000000,160.8859100341796875
15.2356749,-0.0012613948201761,2.8023197650909424,0.0000000000000000,0.1463582217693329,-0.5747366547584534,0.0000000000000000,160.5610809326171875
15.2482243,-0.0000959672033787,2.7967324256896973,0.0000000000000000,0.1212598234415054,-0.5682600736618042,0.0000000000000000,160.2409515380859375
15.2586174,0.0007111281738617,2.7912242412567139,0.0000000000000000,0.0942085832357407,-0.5508652925491333,0.0000000000000000,159.9253540039062500
15.2691336,0.0013269338523969,2.7859675884246826,0.0000000000000000,0.0721514448523521,-0.5356315374374390,0.0000000000000000,159.6241760253906250
15.2807722,0.0020109540782869,2.7806420326232910,0.0000000000000000,0.0761384144425392,-0.5345801711082458,0.0000000000000000,159.3190460205078125
15.2907696,0.0027745401021093,2.7754719257354736,0.0000000000000000,0.0813321396708488,-0.5324387550354004,0.0000000000000000,159.0228118896484375
15.3005838,0.0035351552069187,2.7703013420104980,0.0000000000000000,0.0810396969318390,-0.5313920974731445,0.0000000000000000,158.7265625000000000
15.3105993,0.0044624358415604,2.7651324272155762,0.0000000000000000,0.0936179459095001,-0.5423876047134399,0.0000000000000000,158.4304046630859375
15.3205299,0.0054434845224023,2.7596080303192139,0.0000000000000000,0.0926929786801338,-0.5577717423439026,0.0000000000000000,158.1138916015625000
15.3304968,0.0058094700798392,2.7541427612304688,0.0000000000000000,0.0505237132310867,-0.5687532424926758,0.0000000000000000,157.8007507324218750
15.3404522,0.0059220278635621,2.7483520507812500,0.0000000000000000,0.0185551475733519,-0.5850920081138611,0.0000000000000000,157.4689636230468750
15.3504295,0.0058794361539185,2.7424411773681641,0.0000000000000000,-0.0059354845434427,-0.6036344766616821,0.0000000000000000,157.1302947998046875
15.3602409,0.0053630615584552,2.7363557815551758,0.0000000000000000,-0.0527783110737801,-0.6274518370628357,0.0000000000000000,156.7816314697265625
15.3702345,0.0051517714746296,2.7299358844757080,0.0000000000000000,-0.0339649729430676,-0.6656978726387024,0.0000000000000000,156.4138031005859375
15.3802366,0.0048377406783402,2.7232081890106201,0.0000000000000000,-0.0350588895380497,-0.7006146311759949,0.0000000000000000,156.0283203125000000
15.3900375,0.0042075454257429,2.7158863544464111,0.0000000000000000,-0.0641364008188248,-0.7452806234359741,0.0000000000000000,155.6088104248046875
15.4000340,0.0031916254665703,2.7083740234375000,0.0000000000000000,-0.1079500764608383,-0.7789546251296997,0.0000000000000000,155.1783905029296875
15.4100580,0.0019701842684299,2.7006540298461914,0.0000000000000000,-0.1285483539104462,-0.8040248751640320,0.0000000000000000,154.7360687255859375
15.4198866,0.0004500448994804,2.6927621364593506,0.0000000000000000,-0.1543931514024734,-0.8094215989112854,0.0000000000000000,154.2838897705078125
15.4298811,-0.0015584832290187,2.6851172447204590,0.0000000000000000,-0.1963480859994888,-0.7853916287422180,0.0000000000000000,153.8458709716796875
15.4398870,-0.0034634727053344,2.6775767803192139,0.0000000000000000,-0.1962303221225739,-0.7854233384132385,0.0000000000000000,153.4138336181640625
15.4498596,-0.0056240409612656,2.6705169677734375,0.0000000000000000,-0.2209774404764175,-0.7178750634193420,0.0000000000000000,153.0093383789062500
15.4597025,-0.0080218575894833,2.6641011238098145,0.0000000000000000,-0.2416946291923523,-0.6743438243865967,0.0000000000000000,152.6417388916015625
15.4697561,-0.0102944998070598,2.6580219268798828,0.0000000000000000,-0.2279874384403229,-0.6230618953704834,0.0000000000000000,152.2934265136718750
15.4795246,-0.0125099960714579,2.6525506973266602,0.0000000000000000,-0.2312379777431488,-0.5653238296508789,0.0000000000000000,151.9799499511718750
15.4895201,-0.0150886802002788,2.6477205753326416,0.0000000000000000,-0.2636442780494690,-0.4991673529148102,0.0000000000000000,151.7032012939453125
15.4995298,-0.0178835205733776,2.6437427997589111,0.0000000000000000,-0.2901333272457123,-0.4112569093704224,0.0000000000000000,151.4752960205078125
15.5095024,-0.0209163185209036,2.6405746936798096,0.0000000000000000,-0.3163419067859650,-0.3311959207057953,0.0000000000000000,151.2937774658203125
15.5193577,-0.0234340410679579,2.6382067203521729,0.0000000000000000,-0.2642485797405243,-0.2341773808002472,0.0000000000000000,151.1580963134765625
15.5293474,-0.0253378450870514,2.6368961334228516,0.0000000000000000,-0.1902719736099243,-0.1375839263200760,0.0000000000000000,151.0830078125000000
15.5391684,-0.0264178253710270,2.6363539695739746,0.0000000000000000,-0.1071870028972626,-0.0531025119125843,0.0000000000000000,151.0519409179687500
15.5491724,-0.0268614664673805,2.6366198062896729,0.0000000000000000,-0.0443951040506363,0.0196119397878647,0.0000000000000000,151.0671844482421875
15.5591669,-0.0268508270382881,2.6374144554138184,0.0000000000000000,-0.0070858532562852,0.0874291285872459,0.0000000000000000,151.1127014160156250
15.5691481,-0.0270380843430758,2.6388354301452637,0.0000000000000000,-0.0113623728975654,0.1481176912784576,0.0000000000000000,151.1941223144531250
15.5789642,-0.0271704364567995,2.6408820152282715,0.0000000000000000,-0.0052116215229034,0.2141091525554657,0.0000000000000000,151.3113861083984375
15.5889778,-0.0269585978239775,2.6437292098999023,0.0000000000000000,0.0216318666934967,0.2904245257377625,0.0000000000000000,151.4745178222656250
15.5989227,-0.0263808760792017,2.6472928524017334,0.0000000000000000,0.0635076761245728,0.3733448684215546,0.0000000000000000,151.6786956787109375
15.6088152,-0.0255252085626125,2.6517601013183594,0.0000000000000000,0.0942838042974472,0.4561427235603333,0.0000000000000000,151.9346466064453125
15.6188059,-0.0246843844652176,2.6571066379547119,0.0000000000000000,0.0954736322164536,0.5517943501472473,0.0000000000000000,152.2409820556640625
15.6288157,-0.0239451341331005,2.6633272171020508,0.0000000000000000,0.0849974602460861,0.6515600085258484,0.0000000000000000,152.5973968505859375
15.6386280,-0.0231442954391241,2.6706175804138184,0.0000000000000000,0.0835618674755096,0.7530379891395569,0.0000000000000000,153.0151062011718750
15.6486063,-0.0220482926815748,2.6788787841796875,0.0000000000000000,0.1087931841611862,0.8591142296791077,0.0000000000000000,153.4884338378906250
15.6586218,-0.0209745019674301,2.6881885528564453,0.0000000000000000,0.1136125177145004,0.9543175101280212,0.0000000000000000,154.0218505859375000
15.6684542,-0.0202737674117088,2.6981205940246582,0.0000000000000000,0.0827556848526001,1.0381929874420166,0.0000000000000000,154.5909118652343750
15.6784430,-0.0195898246020079,2.7087264060974121,0.0000000000000000,0.0755016654729843,1.1006296873092651,0.0000000000000000,155.1985778808593750
15.6884689,-0.0184722319245338,2.7199709415435791,0.0000000000000000,0.1114731207489967,1.1503288745880127,0.0000000000000000,155.8428497314453125
15.6982746,-0.0171063877642155,2.7313709259033203,0.0000000000000000,0.1434766352176666,1.1778504848480225,0.0000000000000000,156.4960174560546875
15.7082615,-0.0157623142004013,2.7428560256958008,0.0000000000000000,0.1447061300277710,1.2019715309143066,0.0000000000000000,157.1540679931640625
15.7182760,-0.0146438647061586,2.7545921802520752,0.0000000000000000,0.1261974275112152,1.2315649986267090,0.0000000000000000,157.8264923095703125
15.7280998,-0.0140913287177682,2.7666385173797607,0.0000000000000000,0.0594547018408775,1.2531329393386841,0.0000000000000000,158.5167083740234375
15.7380857,-0.0126183517277241,2.7914221286773682,0.0000000000000000,0.0356121584773064,1.2707179784774780,0.0000000000000000,159.9366912841796875
15.7480831,-0.0113952839747071,2.8036375045776367,0.0000000000000000,0.1175565719604492,1.2778753042221069,0.0000000000000000,160.6365814208984375
15.7578993,-0.0101820351555943,2.8159084320068359,0.0000000000000000,0.1249978914856911,1.2657719850540161,0.0000000000000000,161.3396606445312500
15.7679090,-0.0088779302313924,2.8281667232513428,0.0000000000000000,0.1285286694765091,1.2646327018737793,0.0000000000000000,162.0420074462890625
15.7779150,-0.0078985355794430,2.8405039310455322,0.0000000000000000,0.1359946429729462,1.2712702751159668,0.0000000000000000,162.7488708496093750
15.7877293,-0.0075269197113812,2.8529033660888672,0.0000000000000000,0.0933251082897186,1.2733275890350342,0.0000000000000000,163.4593200683593750
15.7977200,-0.0068233245983720,2.8653936386108398,0.0000000000000000,0.0438679866492748,1.2786973714828491,0.0000000000000000,164.1749572753906250
15.8077221,-0.0057617146521807,2.8779506683349609,0.0000000000000000,0.0765055343508720,1.2951033115386963,0.0000000000000000,164.8944244384765625
15.8175888,-0.0045245443470776,2.8905103206634521,0.0000000000000000,0.1024712771177292,1.2950406074523926,0.0000000000000000,165.6140289306640625
15.8275709,-0.0039184084162116,2.9031434059143066,0.0000000000000000,0.1302635669708252,1.2916692495346069,0.0000000000000000,166.3378601074218750
15.8373928,-0.0032192040234804,2.9158327579498291,0.0000000000000000,0.0636794194579124,1.3045842647552490,0.0000000000000000,167.0648956298828125
15.8473673,-0.0016004338394850,2.9287185668945312,0.0000000000000000,0.0686574727296829,1.3165646791458130,0.0000000000000000,167.8032073974609375
15.8573875,-0.0004916042089462,2.9418354034423828,0.0000000000000000,0.1679112464189529,1.3340905904769897,0.0000000000000000,168.5547485351562500
15.8673162,-0.0007405616925098,2.9547588825225830,0.0000000000000000,0.1087112575769424,1.3417147397994995,0.0000000000000000,169.2951965332031250
15.8771906,-0.0015046341577545,2.9677438735961914,0.0000000000000000,-0.0224560257047415,1.3384199142456055,0.0000000000000000,170.0391845703125000
15.8872213,-0.0028613435570151,2.9805393218994141,0.0000000000000000,-0.0780839622020721,1.3383687734603882,0.0000000000000000,170.7723083496093750
15.8972197,-0.0036018567625433,2.9930789470672607,0.0000000000000000,-0.1355607211589813,1.3262101411819458,0.0000000000000000,171.4907836914062500
15.9070158,-0.0027051302604377,3.0052101612091064,0.0000000000000000,-0.0740388035774231,1.2901110649108887,0.0000000000000000,172.1858520507812500
15.9170198,-0.0022298600524664,3.0170698165893555,0.0000000000000000,0.0811986774206161,1.2618144750595093,0.0000000000000000,172.8653564453125000
15.9270182,-0.0021935421973467,3.0285718441009521,0.0000000000000000,0.0590113587677479,1.2181899547576904,0.0000000000000000,173.5243682861328125
15.9368382,-0.0027806235011667,3.0398845672607422,0.0000000000000000,-0.0059536639600992,1.1854450702667236,0.0000000000000000,174.1725463867187500
15.9468613,-0.0038918540813029,3.0510916709899902,0.0000000000000000,-0.0583545193076134,1.1690186262130737,0.0000000000000000,174.8146667480468750
15.9568405,-0.0050273933447897,3.0624706745147705,0.0000000000000000,-0.1093459129333496,1.1645295619964600,0.0000000000000000,175.4666290283203125
15.9666557,-0.0067807845771313,3.0736606121063232,0.0000000000000000,-0.1263376176357269,1.1633930206298828,0.0000000000000000,176.1077728271484375
15.9766560,-0.0083767967298627,3.0848538875579834,0.0000000000000000,-0.1772094368934631,1.1632711887359619,0.0000000000000000,176.7490997314453125
15.9866590,-0.0094557208940387,3.0958833694458008,0.0000000000000000,-0.1641297936439514,1.1556717157363892,0.0000000000000000,177.3810424804687500
15.9965057,-0.0101907635107636,3.1065704822540283,0.0000000000000000,-0.1099883764982224,1.1337246894836426,0.0000000000000000,177.9933624267578125
16.0065022,-0.0110179623588920,3.1171672344207764,0.0000000000000000,-0.0820915773510933,1.1128523349761963,0.0000000000000000,178.6005096435546875
16.0165081,-0.0122793531045318,3.1274089813232422,0.0000000000000000,-0.0775022208690643,1.0811333656311035,0.0000000000000000,179.1873321533203125
16.0264091,-0.0138118788599968,3.1378142833709717,0.0000000000000000,-0.1350714713335037,1.0722554922103882,0.0000000000000000,179.7835083007812500
16.0363102,-0.0147525807842612,3.1483206748962402,0.0000000000000000,-0.1621781736612320,1.0677099227905273,0.0000000000000000,180.3854827880859375
16.0463066,-0.0152702899649739,3.1588366031646729,0.0000000000000000,-0.0998137816786766,1.0830886363983154,0.0000000000000000,180.9879913330078125
16.0561314,-0.0158853773027658,3.1696121692657471,0.0000000000000000,-0.0405807234346867,1.0896751880645752,0.0000000000000000,181.6053924560546875
16.0661373,-0.0173663888126612,3.1803677082061768,0.0000000000000000,-0.0702233910560608,1.1030851602554321,0.0000000000000000,182.2216339111328125
16.0761185,-0.0189374238252640,3.1910352706909180,0.0000000000000000,-0.1499329209327698,1.1163533926010132,0.0000000000000000,182.8328399658203125
16.0860939,-0.0200772061944008,3.2015430927276611,0.0000000000000000,-0.1688496172428131,1.1010698080062866,0.0000000000000000,183.4348907470703125
16.0960045,-0.0207889452576637,3.2117114067077637,0.0000000000000000,-0.0780299901962280,1.0546797513961792,0.0000000000000000,184.0175018310546875
16.1059341,-0.0217675287276506,3.2216203212738037,0.0000000000000000,-0.0993892177939415,1.0150713920593262,0.0000000000000000,184.5852355957031250
16.1158733,-0.0230801925063133,3.2309978008270264,0.0000000000000000,-0.1361952722072601,0.9757638573646545,0.0000000000000000,185.1225280761718750
16.1258087,-0.0242314804345369,3.2401244640350342,0.0000000000000000,-0.1181099340319633,0.9438204765319824,0.0000000000000000,185.6454467773437500
16.1358032,-0.0246053021401167,3.2490091323852539,0.0000000000000000,-0.0376795753836632,0.9164975881576538,0.0000000000000000,186.1544952392578125
16.1458054,-0.0247158501297235,3.2576475143432617,0.0000000000000000,-0.0008284510113299,0.8925393223762512,0.0000000000000000,186.6494445800781250
16.1558056,-0.0252450108528137,3.2661969661712646,0.0000000000000000,-0.0520019456744194,0.8766396641731262,0.0000000000000000,187.1392974853515625
16.1658077,-0.0267224106937647,3.2745435237884521,0.0000000000000000,-0.1473515182733536,0.8706796169281006,0.0000000000000000,187.6175079345703125
16.1758060,-0.0284493193030357,3.2828907966613770,0.0000000000000000,-0.1805808842182159,0.8621689677238464,0.0000000000000000,188.0957794189453125
16.1858082,-0.0302599947899580,3.2913296222686768,0.0000000000000000,-0.1892770677804947,0.8689982295036316,0.0000000000000000,188.5792846679687500
16.1958122,-0.0317284651100636,3.2997782230377197,0.0000000000000000,-0.1483389437198639,0.8690677881240845,0.0000000000000000,189.0633544921875000
16.2058105,-0.0330075360834599,3.3080625534057617,0.0000000000000000,-0.1395552158355713,0.8640835881233215,0.0000000000000000,189.5380096435546875
16.2158127,-0.0346212536096573,3.3165135383605957,0.0000000000000000,-0.1597621589899063,0.8677681684494019,0.0000000000000000,190.0222167968750000
16.2258148,-0.0365648046135902,3.3248872756958008,0.0000000000000000,-0.2016921192407608,0.8621686100959778,0.0000000000000000,190.5019989013671875
16.2358150,-0.0389865152537823,3.3330690860748291,0.0000000000000000,-0.2512502670288086,0.8483557105064392,0.0000000000000000,190.9707794189453125
16.2458191,-0.0412123464047909,3.3410181999206543,0.0000000000000000,-0.2253918796777725,0.8228252530097961,0.0000000000000000,191.4262390136718750
16.2558193,-0.0424632206559181,3.3483853340148926,0.0000000000000000,-0.1380201280117035,0.7628465890884399,0.0000000000000000,191.8483428955078125
16.2658234,-0.0427603051066399,3.3549041748046875,0.0000000000000000,-0.0271823983639479,0.6660720109939575,0.0000000000000000,192.2218322753906250
16.2758293,-0.0427506044507027,3.3603942394256592,0.0000000000000000,-0.0013893824070692,0.5698236823081970,0.0000000000000000,192.5363922119140625
16.2858276,-0.0425792820751667,3.3648309707641602,0.0000000000000000,0.0213018059730530,0.4520313739776611,0.0000000000000000,192.7906036376953125
16.2958317,-0.0419460944831371,3.3680665493011475,0.0000000000000000,0.0568047277629375,0.3339172601699829,0.0000000000000000,192.9759826660156250
16.3058338,-0.0411105006933212,3.3700850009918213,0.0000000000000000,0.0860868319869041,0.2104392796754837,0.0000000000000000,193.0916290283203125
16.3158340,-0.0399856679141521,3.3708984851837158,0.0000000000000000,0.1282138675451279,0.0799243971705437,0.0000000000000000,193.1382446289062500
16.3258343,-0.0384106561541557,3.3704037666320801,0.0000000000000000,0.1569011509418488,-0.0501645095646381,0.0000000000000000,193.1098937988281250
16.3358383,-0.0368148386478424,3.3687920570373535,0.0000000000000000,0.1668553948402405,-0.1683621853590012,0.0000000000000000,193.0175628662109375
16.3458366,-0.0349955596029758,3.3655371665954590,0.0000000000000000,0.2012918591499329,-0.2818287909030914,0.0000000000000000,192.8310699462890625
16.3558407,-0.0326405018568039,3.3614175319671631,0.0000000000000000,0.2500086128711700,-0.3891151249408722,0.0000000000000000,192.5950317382812500
16.3658428,-0.0300193503499031,3.3562626838684082,0.0000000000000000,0.2941085994243622,-0.4916692078113556,0.0000000000000000,192.2996826171875000
16.3758430,-0.0270808655768633,3.3502535820007324,0.0000000000000000,0.3006809055805206,-0.5849440693855286,0.0000000000000000,191.9553833007812500
16.3858471,-0.0241889394819736,3.3433785438537598,0.0000000000000000,0.3011411726474762,-0.6847453117370605,0.0000000000000000,191.5614624023437500
16.3958473,-0.0209368858486414,3.3358247280120850,0.0000000000000000,0.3445114791393280,-0.7838573455810547,0.0000000000000000,191.1286621093750000
16.4058495,-0.0173908006399870,3.3274118900299072,0.0000000000000000,0.3621003031730652,-0.8688350319862366,0.0000000000000000,190.6466522216796875
16.4158516,-0.0139156896620989,3.3183166980743408,0.0000000000000000,0.3564390540122986,-0.9363936781883240,0.0000000000000000,190.1255340576171875
16.4258499,-0.0105895595625043,3.3086867332458496,0.0000000000000000,0.3409461379051208,-0.9952646493911743,0.0000000000000000,189.5737762451171875
16.4358501,-0.0075141005218029,3.2985405921936035,0.0000000000000000,0.3178954720497131,-1.0432744026184082,0.0000000000000000,188.9924468994140625
16.4458523,-0.0046003735624254,3.2879590988159180,0.0000000000000000,0.3044972717761993,-1.0914123058319092,0.0000000000000000,188.3861694335937500
16.4558544,-0.0019525414099917,3.2771174907684326,0.0000000000000000,0.2704334855079651,-1.1177828311920166,0.0000000000000000,187.7649841308593750
16.4658546,-0.0000835098326206,3.2660892009735107,0.0000000000000000,0.1996090710163116,-1.1397714614868164,0.0000000000000000,187.1331176757812500
16.4758625,0.0016058392357081,3.2547967433929443,0.0000000000000000,0.1638594120740891,-1.1748187541961670,0.0000000000000000,186.4860992431640625
16.4858570,0.0028616825584322,3.2430670261383057,0.0000000000000000,0.1378500312566757,-1.2054697275161743,0.0000000000000000,185.8140411376953125
16.4958572,0.0039182705804706,3.2311606407165527,0.0000000000000000,0.1103097647428513,-1.2359606027603149,0.0000000000000000,185.1318511962890625
16.5064011,0.0057501960545778,3.2189311981201172,0.0000000000000000,0.1828045248985291,-1.2511786222457886,0.0000000000000000,184.4311676025390625
16.5165806,0.0078365448862314,3.2067975997924805,0.0000000000000000,0.2150098383426666,-1.2576886415481567,0.0000000000000000,183.7359619140625000
16.5258694,0.0100115612149239,3.1949267387390137,0.0000000000000000,0.2183198630809784,-1.2294601202011108,0.0000000000000000,183.0558013916015625
16.5378685,0.0108863478526473,3.1832861900329590,0.0000000000000000,0.0924455001950264,-1.2046105861663818,0.0000000000000000,182.3888549804687500
16.5484447,0.0103783681988716,3.1718709468841553,0.0000000000000000,-0.0414570085704327,-1.1713241338729858,0.0000000000000000,181.7348022460937500
16.5591621,0.0097685707733035,3.1608860492706299,0.0000000000000000,-0.0665118470788002,-1.1356062889099121,0.0000000000000000,181.1054229736328125
16.5695267,0.0094001339748502,3.1502528190612793,0.0000000000000000,-0.0412260331213474,-1.1051435470581055,0.0000000000000000,180.4961853027343750
16.5804501,0.0090177385136485,3.1397051811218262,0.0000000000000000,-0.0325675271451473,-1.0921870470046997,0.0000000000000000,179.8918457031250000
16.5904408,0.0086222207173705,3.1290719509124756,0.0000000000000000,-0.0362629517912865,-1.0953716039657593,0.0000000000000000,179.2826080322265625
16.6011181,0.0084742875769734,3.1184453964233398,0.0000000000000000,-0.0221582092344761,-1.0929068326950073,0.0000000000000000,178.6737518310546875
16.6111183,0.0079682609066367,3.1079843044281006,0.0000000000000000,-0.0513717569410801,-1.0763905048370361,0.0000000000000000,178.0743713378906250
16.6210938,0.0067628393881023,3.0976841449737549,0.0000000000000000,-0.1132639497518539,-1.0664592981338501,0.0000000000000000,177.4842224121093750
16.6277351,0.0076194843277335,3.0873355865478516,0.0000000000000000,0.0812680497765541,-1.0707050561904907,0.0000000000000000,176.8912963867187500
16.6411152,0.0078610805794597,3.0768818855285645,0.0000000000000000,0.0239075571298599,-1.0741615295410156,0.0000000000000000,176.2923431396484375
16.6511288,0.0064526088535786,3.0663158893585205,0.0000000000000000,-0.1445636302232742,-1.0905685424804688,0.0000000000000000,175.6869506835937500
16.6611729,0.0043444470502436,3.0554816722869873,0.0000000000000000,-0.2150994092226028,-1.1264514923095703,0.0000000000000000,175.0661926269531250
16.6711349,0.0027559732552618,3.0440473556518555,0.0000000000000000,-0.1615321040153503,-1.1785123348236084,0.0000000000000000,174.4110565185546875
16.6811562,0.0014325384981930,3.0320973396301270,0.0000000000000000,-0.1433081328868866,-1.2350597381591797,0.0000000000000000,173.7263641357421875
16.6909885,0.0001976750791073,3.0197143554687500,0.0000000000000000,-0.1150707155466080,-1.2796567678451538,0.0000000000000000,173.0168762207031250
16.7009640,-0.0020808926783502,3.0070474147796631,0.0000000000000000,-0.2395979762077332,-1.3057368993759155,0.0000000000000000,172.2911224365234375
16.7108040,-0.0052290237508714,2.9943692684173584,0.0000000000000000,-0.3276753723621368,-1.3055945634841919,0.0000000000000000,171.5647125244140625
16.7208252,-0.0088173067197204,2.9818525314331055,0.0000000000000000,-0.3708836734294891,-1.2988557815551758,0.0000000000000000,170.8475494384765625
16.7308006,-0.0123348087072372,2.9694180488586426,0.0000000000000000,-0.3608598709106445,-1.2844785451889038,0.0000000000000000,170.1351165771484375
16.7406425,-0.0158717446029186,2.9572439193725586,0.0000000000000000,-0.3603969812393188,-1.2590847015380859,0.0000000000000000,169.4375915527343750
16.7506504,-0.0189119186252356,2.9453213214874268,0.0000000000000000,-0.3176180422306061,-1.2238470315933228,0.0000000000000000,168.7544708251953125
16.7606258,-0.0220448020845652,2.9338359832763672,0.0000000000000000,-0.3178254663944244,-1.1844881772994995,0.0000000000000000,168.0964050292968750
16.7704506,-0.0255393143743277,2.9225873947143555,0.0000000000000000,-0.3613706827163696,-1.1624990701675415,0.0000000000000000,167.4519195556640625
16.7804470,-0.0292153973132372,2.9115087985992432,0.0000000000000000,-0.3779257535934448,-1.1438099145889282,0.0000000000000000,166.8171539306640625
16.7904491,-0.0332422368228436,2.9004261493682861,0.0000000000000000,-0.4162506461143494,-1.1493539810180664,0.0000000000000000,166.1821746826171875
16.8002663,-0.0366635508835316,2.8892552852630615,0.0000000000000000,-0.3545989990234375,-1.1524791717529297,0.0000000000000000,165.5421295166015625
16.8102722,-0.0392548367381096,2.8780777454376221,0.0000000000000000,-0.2610453665256500,-1.1518986225128174,0.0000000000000000,164.9017028808593750
16.8202667,-0.0415662154555321,2.8669965267181396,0.0000000000000000,-0.2404693067073822,-1.1487151384353638,0.0000000000000000,164.2667846679687500
16.8300858,-0.0437473729252815,2.8559844493865967,0.0000000000000000,-0.2240882217884064,-1.1298174858093262,0.0000000000000000,163.6358489990234375
16.8400936,-0.0460162125527859,2.8454093933105469,0.0000000000000000,-0.2263885736465454,-1.0980838537216187,0.0000000000000000,163.0299377441406250
16.8500881,-0.0477961897850037,2.8350999355316162,0.0000000000000000,-0.1956072151660919,-1.0614650249481201,0.0000000000000000,162.4392547607421875
16.8599377,-0.0501009896397591,2.8252961635589600,0.0000000000000000,-0.2363302558660507,-1.0199904441833496,0.0000000000000000,161.8775329589843750
16.8699131,-0.0528400987386703,2.8158140182495117,0.0000000000000000,-0.2767111659049988,-0.9801855683326721,0.0000000000000000,161.3342437744140625
16.8799381,-0.0559052675962448,2.8066916465759277,0.0000000000000000,-0.3157595694065094,-0.9462659955024719,0.0000000000000000,160.8115844726562500
16.8897362,-0.0584451518952847,2.7976305484771729,0.0000000000000000,-0.2697145640850067,-0.9270861744880676,0.0000000000000000,160.2924194335937500
16.8997440,-0.0610635429620743,2.7888350486755371,0.0000000000000000,-0.2595535516738892,-0.9129798412322998,0.0000000000000000,159.7884674072265625
16.9097195,-0.0635826960206032,2.7801074981689453,0.0000000000000000,-0.2667730152606964,-0.8970779776573181,0.0000000000000000,159.2884216308593750
16.9195862,-0.0662914440035820,2.7716331481933594,0.0000000000000000,-0.2786057889461517,-0.8764582872390747,0.0000000000000000,158.8028717041015625
16.9295597,-0.0692062303423882,2.7633304595947266,0.0000000000000000,-0.2945919632911682,-0.8607969284057617,0.0000000000000000,158.3271636962890625
16.9395695,-0.0719392299652100,2.7551114559173584,0.0000000000000000,-0.2780794501304626,-0.8507301807403564,0.0000000000000000,157.8562469482421875
16.9493847,-0.0743367224931717,2.7468967437744141,0.0000000000000000,-0.2557269334793091,-0.8421398997306824,0.0000000000000000,157.3855743408203125
16.9593830,-0.0766504779458046,2.7388353347778320,0.0000000000000000,-0.2391416728496552,-0.8340185880661011,0.0000000000000000,156.9236907958984375
16.9693832,-0.0787176638841629,2.7307944297790527,0.0000000000000000,-0.2103480994701385,-0.8246260881423950,0.0000000000000000,156.4629821777343750
16.9792080,-0.0803985446691513,2.7229185104370117,0.0000000000000000,-0.1725711971521378,-0.8201211690902710,0.0000000000000000,156.0117340087890625
16.9891834,-0.0822547748684883,2.7150390148162842,0.0000000000000000,-0.1931770145893097,-0.8129588365554810,0.0000000000000000,155.5602722167968750
16.9992085,-0.0841864794492722,2.7072572708129883,0.0000000000000000,-0.1927409768104553,-0.8026726245880127,0.0000000000000000,155.1144104003906250
17.0090275,-0.0858471766114235,2.6995425224304199,0.0000000000000000,-0.1712594032287598,-0.7890071868896484,0.0000000000000000,154.6723785400390625
17.0190353,-0.0871055796742439,2.6920719146728516,0.0000000000000000,-0.1278311312198639,-0.7760110497474670,0.0000000000000000,154.2443542480468750
17.0290108,-0.0882887616753578,2.6847903728485107,0.0000000000000000,-0.1203781962394714,-0.7564964890480042,0.0000000000000000,153.8271484375000000
17.0388432,-0.0895457044243813,2.6776072978973389,0.0000000000000000,-0.1265668123960495,-0.7349610328674316,0.0000000000000000,153.4155883789062500
17.0488548,-0.0914800167083740,2.6707484722137451,0.0000000000000000,-0.1956276595592499,-0.7139703035354614,0.0000000000000000,153.0226135253906250
17.0588551,-0.0935257673263550,2.6641643047332764,0.0000000000000000,-0.2162665128707886,-0.6776716709136963,0.0000000000000000,152.6453552246093750
17.0686588,-0.0953379422426224,2.6579883098602295,0.0000000000000000,-0.1894730925559998,-0.6292582154273987,0.0000000000000000,152.2915039062500000
17.0786648,-0.0971817150712013,2.6522774696350098,0.0000000000000000,-0.1802066862583160,-0.5879700183868408,0.0000000000000000,151.9642944335937500
17.0886574,-0.0990574806928635,2.6470329761505127,0.0000000000000000,-0.1674992740154266,-0.5339578986167908,0.0000000000000000,151.6638031005859375
17.0984955,-0.1016478091478348,2.6429629325866699,0.0000000000000000,-0.2325906455516815,-0.4077142775058746,0.0000000000000000,151.4306182861328125
17.1084995,-0.1044162064790726,2.6394388675689697,0.0000000000000000,-0.2628330290317535,-0.3476730287075043,0.0000000000000000,151.2286987304687500
17.1184864,-0.1066802218556404,2.6364300251007080,0.0000000000000000,-0.2330862730741501,-0.2933184206485748,0.0000000000000000,151.0563049316406250
17.1283016,-0.1089205220341682,2.6319406032562256,0.0000000000000000,-0.1510983407497406,-0.2504723966121674,0.0000000000000000,150.7990875244140625
17.1383247,-0.1093068495392799,2.6300537586212158,0.0000000000000000,-0.0770760700106621,-0.2116809189319611,0.0000000000000000,150.6909790039062500
17.1482544,-0.1095326095819473,2.6285498142242432,0.0000000000000000,-0.0400998368859291,-0.1885683238506317,0.0000000000000000,150.6047973632812500
17.1581707,-0.1094205379486084,2.6273884773254395,0.0000000000000000,-0.0219925306737423,-0.1559637784957886,0.0000000000000000,150.5382690429687500
17.1681309,-0.1087556928396225,2.6265585422515869,0.0000000000000000,0.0177192874252796,-0.1160116493701935,0.0000000000000000,150.4907073974609375
17.1780815,-0.1078019142150879,2.6255731582641602,0.0000000000000000,0.0674575194716454,-0.0933056101202965,0.0000000000000000,150.4342498779296875
17.1879482,-0.1060901582241058,2.6244015693664551,0.0000000000000000,0.0955649018287659,-0.1001246720552444,0.0000000000000000,150.3671264648437500
17.1979771,-0.1021924391388893,2.6223015785217285,0.0000000000000000,0.1769803762435913,-0.1196124330163002,0.0000000000000000,150.2468109130859375
17.2077980,-0.0986996740102768,2.6192874908447266,0.0000000000000000,0.3962072730064392,-0.2173031866550446,0.0000000000000000,150.0741119384765625
17.2178020,-0.0963106080889702,2.6154570579528809,0.0000000000000000,0.3633417487144470,-0.3116025030612946,0.0000000000000000,149.8546447753906250
17.2278042,-0.1007699146866798,2.6143803596496582,0.0000000000000000,0.2392530739307404,-0.4017510712146759,0.0000000000000000,149.7929534912109375
17.2377796,-0.1004645600914955,2.6165347099304199,0.0000000000000000,-0.4517877995967865,-0.1051630154252052,0.0000000000000000,149.9163818359375000
17.2476006,-0.0985107943415642,2.6180651187896729,0.0000000000000000,0.0238383766263723,0.2147181183099747,0.0000000000000000,150.0040740966796875
17.2576256,-0.0982512086629868,2.6195302009582520,0.0000000000000000,0.2075396180152893,0.1606551408767700,0.0000000000000000,150.0880126953125000
17.2676086,-0.0980711728334427,2.6209645271301270,0.0000000000000000,0.0282719321548939,0.1612289696931839,0.0000000000000000,150.1701965332031250
17.2774277,-0.0981772541999817,2.6221761703491211,0.0000000000000000,0.0175023209303617,0.1374982446432114,0.0000000000000000,150.2396240234375000
17.2874298,-0.0986667126417160,2.6232266426086426,0.0000000000000000,-0.0090545881539583,0.1281389743089676,0.0000000000000000,150.2998046875000000
17.2974319,-0.0991951748728752,2.6240782737731934,0.0000000000000000,-0.0465828701853752,0.1019093468785286,0.0000000000000000,150.3486022949218750
17.3072529,-0.0995213910937309,2.6249620914459229,0.0000000000000000,-0.0588183142244816,0.0944008007645607,0.0000000000000000,150.3992462158203125
17.3172722,-0.0999918952584267,2.6259238719940186,0.0000000000000000,-0.0403115376830101,0.0909504890441895,0.0000000000000000,150.4543457031250000
17.3272552,-0.1003364101052284,2.6270630359649658,0.0000000000000000,-0.0426385439932346,0.0970097482204437,0.0000000000000000,150.5196228027343750
17.3370972,-0.1006168797612190,2.6281054019927979,0.0000000000000000,-0.0310456566512585,0.1157014220952988,0.0000000000000000,150.5793457031250000
17.3470726,-0.1000405251979828,2.6299881935119629,0.0000000000000000,-0.0121367471292615,0.1497024446725845,0.0000000000000000,150.6872100830078125
17.3570728,-0.0980595052242279,2.6327061653137207,0.0000000000000000,0.0589405372738838,0.1956530362367630,0.0000000000000000,150.8429412841796875
17.3668976,-0.0955126136541367,2.6360783576965332,0.0000000000000000,0.2101155966520309,0.2831809520721436,0.0000000000000000,151.0361633300781250
17.3768978,-0.0934973284602165,2.6399266719818115,0.0000000000000000,0.2544462382793427,0.3382489383220673,0.0000000000000000,151.2566528320312500
17.3867435,-0.0917748510837555,2.6441378593444824,0.0000000000000000,0.2143065929412842,0.4015570282936096,0.0000000000000000,151.4979248046875000
17.3967686,-0.0912788733839989,2.6488759517669678,0.0000000000000000,0.1693560481071472,0.4377129673957825,0.0000000000000000,151.7694091796875000
17.4067516,-0.0915083289146423,2.6541361808776855,0.0000000000000000,0.0549583807587624,0.4911812245845795,0.0000000000000000,152.0707855224609375
17.4167519,-0.0933933779597282,2.6597778797149658,0.0000000000000000,-0.0268571898341179,0.5392850041389465,0.0000000000000000,152.3940429687500000
17.4265728,-0.0956439450383186,2.6661949157714844,0.0000000000000000,-0.1917291581630707,0.5804175138473511,0.0000000000000000,152.7617034912109375
17.4365520,-0.0944631174206734,2.6736009120941162,0.0000000000000000,-0.2392466068267822,0.6662260293960571,0.0000000000000000,153.1860351562500000
17.4465027,-0.0830637067556381,2.6816618442535400,0.0000000000000000,0.1131795644760132,0.7580746412277222,0.0000000000000000,153.6479034423828125
17.4564037,-0.0715523436665535,2.6904482841491699,0.0000000000000000,1.1907335519790649,0.8392983078956604,0.0000000000000000,154.1513214111328125
17.4663715,-0.0694698244333267,2.7000880241394043,0.0000000000000000,1.1886994838714600,0.9017400741577148,0.0000000000000000,154.7036437988281250
17.4763165,-0.0679294466972351,2.7103524208068848,0.0000000000000000,0.2034160792827606,0.9950596094131470,0.0000000000000000,155.2917480468750000
17.4862766,-0.0659812092781067,2.7216544151306152,0.0000000000000000,0.1676491051912308,1.0601534843444824,0.0000000000000000,155.9393005371093750
17.4962063,-0.0623118765652180,2.7339649200439453,0.0000000000000000,0.3849473893642426,1.2736355066299438,0.0000000000000000,156.6446380615234375
17.5061398,-0.0591085217893124,2.7470555305480957,0.0000000000000000,0.3304786682128906,1.3430216312408447,0.0000000000000000,157.3946838378906250
17.5160694,-0.0572003088891506,2.7604234218597412,0.0000000000000000,0.1922989785671234,1.3876600265502930,0.0000000000000000,158.1605987548828125
17.5260525,-0.0543927215039730,2.7742457389831543,0.0000000000000000,0.2957752346992493,1.4194735288619995,0.0000000000000000,158.9525604248046875
17.5360432,-0.0495157353579998,2.7883369922637939,0.0000000000000000,0.4935533404350281,1.4543634653091431,0.0000000000000000,159.7599334716796875
17.5460453,-0.0456770509481430,2.8026444911956787,0.0000000000000000,0.4052968025207520,1.4893492460250854,0.0000000000000000,160.5796966552734375
17.5560474,-0.0444570034742355,2.8173310756683350,0.0000000000000000,0.1288180649280548,1.5131053924560547,0.0000000000000000,161.4211730957031250
17.5660477,-0.0437798611819744,2.8323254585266113,0.0000000000000000,0.0708912163972855,1.5408403873443604,0.0000000000000000,162.2802886962890625
17.5761051,-0.0418090857565403,2.8474292755126953,0.0000000000000000,0.2018995285034180,1.5692939758300781,0.0000000000000000,163.1456756591796875
17.5860519,-0.0392687097191811,2.8628716468811035,0.0000000000000000,0.2623377144336700,1.5962666273117065,0.0000000000000000,164.0304565429687500
17.5960484,-0.0358610115945339,2.8786647319793701,0.0000000000000000,0.3572566509246826,1.6255155801773071,0.0000000000000000,164.9353332519531250
17.6060524,-0.0335775092244148,2.8945171833038330,0.0000000000000000,0.2303040027618408,1.6432958841323853,0.0000000000000000,165.8436126708984375
17.6160526,-0.0331763587892056,2.9105758666992188,0.0000000000000000,0.0371583774685860,1.6530065536499023,0.0000000000000000,166.7637023925781250
17.6260624,-0.0331781022250652,2.9266998767852783,0.0000000000000000,-0.0053847208619118,1.6630899906158447,0.0000000000000000,167.6875457763671875
17.6360607,-0.0332872644066811,2.9428980350494385,0.0000000000000000,-0.0124660693109035,1.6753953695297241,0.0000000000000000,168.6156311035156250
17.6460590,-0.0324184745550156,2.9591865539550781,0.0000000000000000,0.0977374166250229,1.6783974170684814,0.0000000000000000,169.5488891601562500
17.6560688,-0.0303752012550831,2.9752395153045654,0.0000000000000000,0.2158263474702835,1.6586090326309204,0.0000000000000000,170.4686584472656250
17.6660633,-0.0278306026011705,2.9909436702728271,0.0000000000000000,0.2560609281063080,1.6203440427780151,0.0000000000000000,171.3684387207031250
17.6760635,-0.0269095785915852,3.0060803890228271,0.0000000000000000,0.0985192582011223,1.5628108978271484,0.0000000000000000,172.2357025146484375
17.6860676,-0.0272998735308647,3.0206708908081055,0.0000000000000000,-0.0360632538795471,1.5166577100753784,0.0000000000000000,173.0716857910156250
17.6960678,-0.0283972043544054,3.0349769592285156,0.0000000000000000,-0.1148612648248672,1.4738643169403076,0.0000000000000000,173.8913574218750000
17.7060719,-0.0295179244130850,3.0488421916961670,0.0000000000000000,-0.1130565255880356,1.4332892894744873,0.0000000000000000,174.6857757568359375
17.7160759,-0.0298872943967581,3.0624613761901855,0.0000000000000000,-0.0438760966062546,1.4019726514816284,0.0000000000000000,175.4660949707031250
17.7260742,-0.0301988534629345,3.0757386684417725,0.0000000000000000,-0.0223277360200882,1.3755297660827637,0.0000000000000000,176.2268371582031250
17.7360744,-0.0302671696990728,3.0888462066650391,0.0000000000000000,-0.0092321252450347,1.3532103300094604,0.0000000000000000,176.9778442382812500
17.7460766,-0.0290625020861626,3.1017284393310547,0.0000000000000000,0.1254030466079712,1.3310785293579102,0.0000000000000000,177.7159423828125000
17.7560844,-0.0268283225595951,3.1142902374267578,0.0000000000000000,0.2316716611385345,1.3031685352325439,0.0000000000000000,178.4356842041015625
17.7660751,-0.0252093132585287,3.1267521381378174,0.0000000000000000,0.1650044023990631,1.2728130817413330,0.0000000000000000,179.1496887207031250
17.7760792,-0.0253169015049934,3.1387414932250977,0.0000000000000000,-0.0150818172842264,1.2424591779708862,0.0000000000000000,179.8366241455078125
17.7860832,-0.0262905880808830,3.1503648757934570,0.0000000000000000,-0.0968627259135246,1.2110356092453003,0.0000000000000000,180.5025939941406250
17.7960892,-0.0274426098912954,3.1618990898132324,0.0000000000000000,-0.1118824258446693,1.1838942766189575,0.0000000000000000,181.1634674072265625
17.8060837,-0.0279061645269394,3.1731922626495361,0.0000000000000000,-0.0472008585929871,1.1675100326538086,0.0000000000000000,181.8105163574218750
17.8160858,-0.0282824784517288,3.1842312812805176,0.0000000000000000,-0.0411113649606705,1.1404911279678345,0.0000000000000000,182.4430084228515625
17.8260899,-0.0283123534172773,3.1949338912963867,0.0000000000000000,-0.0096282651647925,1.1058766841888428,0.0000000000000000,183.0562133789062500
17.8360920,-0.0279950294643641,3.2053873538970947,0.0000000000000000,0.0324142724275589,1.0731198787689209,0.0000000000000000,183.6551513671875000
17.8460999,-0.0275002811104059,3.2155055999755859,0.0000000000000000,0.0483830757439137,1.0491590499877930,0.0000000000000000,184.2348937988281250
17.8560963,-0.0275101605802774,3.2254436016082764,0.0000000000000000,-0.0006843161536381,1.0279928445816040,0.0000000000000000,184.8042907714843750
17.8660965,-0.0283721312880516,3.2351901531219482,0.0000000000000000,-0.0807939842343330,1.0039921998977661,0.0000000000000000,185.3627319335937500
17.8763046,-0.0295569002628326,3.2447609901428223,0.0000000000000000,-0.1287620812654495,0.9883533716201782,0.0000000000000000,185.9111022949218750
17.8868427,-0.0309942327439785,3.2540705204010010,0.0000000000000000,-0.1374591141939163,0.9646618962287903,0.0000000000000000,186.4445037841796875
17.8972054,-0.0320620611310005,3.2631351947784424,0.0000000000000000,-0.1208393573760986,0.9377174377441406,0.0000000000000000,186.9638671875000000
17.9077358,-0.0328647941350937,3.2719523906707764,0.0000000000000000,-0.0751002356410027,0.9081138968467712,0.0000000000000000,187.4690551757812500
17.9161072,-0.0332341901957989,3.2805147171020508,0.0000000000000000,-0.0414920002222061,0.8809437155723572,0.0000000000000000,187.9596405029296875
17.9292297,-0.0335008166730404,3.2888281345367432,0.0000000000000000,-0.0289813131093979,0.8621551394462585,0.0000000000000000,188.4359588623046875
17.9397659,-0.0340259745717049,3.2970550060272217,0.0000000000000000,-0.0581028275191784,0.8434449434280396,0.0000000000000000,188.9073333740234375
17.9503117,-0.0348037816584110,3.3050973415374756,0.0000000000000000,-0.0835355371236801,0.8307924866676331,0.0000000000000000,189.3681182861328125
17.9608421,-0.0358262509107590,3.3130574226379395,0.0000000000000000,-0.0999712273478508,0.8220723271369934,0.0000000000000000,189.8242034912109375
17.9714050,-0.0367664061486721,3.3209245204925537,0.0000000000000000,-0.0954507440328598,0.8068159222602844,0.0000000000000000,190.2749481201171875
17.9813099,-0.0373384691774845,3.3283870220184326,0.0000000000000000,-0.0538805201649666,0.7783356904983521,0.0000000000000000,190.7025146484375000
17.9913445,-0.0374137088656425,3.3355817794799805,0.0000000000000000,-0.0132160522043705,0.7420114874839783,0.0000000000000000,191.1147460937500000
18.0013351,-0.0375425182282925,3.3422708511352539,0.0000000000000000,-0.0095177814364433,0.6949203014373779,0.0000000000000000,191.4980010986328125
18.0113640,-0.0376790389418602,3.3486130237579346,0.0000000000000000,-0.0195844974368811,0.6501556038856506,0.0000000000000000,191.8613891601562500
18.0161381,-0.0382441245019436,3.3545062541961670,0.0000000000000000,-0.0484341531991959,0.6091930866241455,0.0000000000000000,192.1990356445312500
18.0313377,-0.0383542627096176,3.3589379787445068,0.0000000000000000,-0.0178085733205080,0.5480005741119385,0.0000000000000000,192.4529571533203125
18.0413914,-0.0380222648382187,3.3635447025299072,0.0000000000000000,0.0389141142368317,0.4759583175182343,0.0000000000000000,192.7169036865234375
18.0514164,-0.0377378612756729,3.3674762248992920,0.0000000000000000,0.0245727151632309,0.4012725055217743,0.0000000000000000,192.9421691894531250
18.0614185,-0.0377771966159344,3.3705234527587891,0.0000000000000000,-0.0046951854601502,0.3166853785514832,0.0000000000000000,193.1167602539062500
18.0712032,-0.0374543927609921,3.3726999759674072,0.0000000000000000,0.0304789058864117,0.2182038575410843,0.0000000000000000,193.2414703369140625
18.0811501,-0.0363434404134750,3.3737652301788330,0.0000000000000000,0.1193001419305801,0.1102557554841042,0.0000000000000000,193.3025054931640625
18.0912285,-0.0346094071865082,3.3724923133850098,0.0000000000000000,0.2217719703912735,-0.0423391871154308,0.0000000000000000,193.2295684814453125
18.1010647,-0.0318109281361103,3.3701083660125732,0.0000000000000000,0.2921366691589355,-0.2424427568912506,0.0000000000000000,193.0929718017578125
18.1110458,-0.0314075984060764,3.3666424751281738,0.0000000000000000,0.0435364171862602,-0.3629413247108459,0.0000000000000000,192.8943939208984375
18.1208858,-0.0305059067904949,3.3617904186248779,0.0000000000000000,0.0919072031974792,-0.4986433088779449,0.0000000000000000,192.6163940429687500
18.1308422,-0.0266466345638037,3.3552665710449219,0.0000000000000000,0.3928743898868561,-0.6796451210975647,0.0000000000000000,192.2425994873046875
18.1408672,-0.0209337305277586,3.3467149734497070,0.0000000000000000,0.5890186429023743,-0.8773503303527832,0.0000000000000000,191.7526397705078125
18.1506939,-0.0154397552832961,3.3365895748138428,0.0000000000000000,0.5638194084167480,-1.0491813421249390,0.0000000000000000,191.1724853515625000
18.1607075,-0.0108244596049190,3.3248076438903809,0.0000000000000000,0.4792305231094360,-1.2142684459686279,0.0000000000000000,190.4974365234375000
18.1707191,-0.0066104973666370,3.3118212223052979,0.0000000000000000,0.4287201762199402,-1.3460564613342285,0.0000000000000000,189.7533721923828125
18.1805115,-0.0040800049901009,3.2980215549468994,0.0000000000000000,0.2706151008605957,-1.4254817962646484,0.0000000000000000,188.9627075195312500
18.1905327,-0.0022456180304289,3.2836885452270508,0.0000000000000000,0.1825405508279800,-1.4724416732788086,0.0000000000000000,188.1414794921875000
18.2005310,-0.0004322044551373,3.2695388793945312,0.0000000000000000,0.1903709471225739,-1.4692840576171875,0.0000000000000000,187.3307647705078125
18.2103386,0.0001634098589420,3.2557163238525391,0.0000000000000000,0.0630165487527847,-1.4224311113357544,0.0000000000000000,186.5387878417968750
18.2203121,0.0003878176212311,3.2426609992980957,0.0000000000000000,0.0136943990364671,-1.3580881357192993,0.0000000000000000,185.7907867431640625
18.2303429,0.0000720210373402,3.2301201820373535,0.0000000000000000,-0.0199443083256483,-1.2871878147125244,0.0000000000000000,185.0722503662109375
18.2401791,-0.0012132975971326,3.2184240818023682,0.0000000000000000,-0.1361349076032639,-1.2042785882949829,0.0000000000000000,184.4020996093750000
18.2501640,-0.0030411193147302,3.2077581882476807,0.0000000000000000,-0.1852282285690308,-1.1071639060974121,0.0000000000000000,183.7910003662109375
18.2601585,-0.0053249849006534,3.1981201171875000,0.0000000000000000,-0.2402576208114624,-0.9882310032844543,0.0000000000000000,183.2387695312500000
18.2700043,-0.0080760698765516,3.1901142597198486,0.0000000000000000,-0.2781287431716919,-0.8365193605422974,0.0000000000000000,182.7800750732421875
18.2799816,-0.0111191589385271,3.1835684776306152,0.0000000000000000,-0.3187081813812256,-0.6651936173439026,0.0000000000000000,182.4050292968750000
18.2899895,-0.0148129817098379,3.1790866851806641,0.0000000000000000,-0.3829018175601959,-0.4588666856288910,0.0000000000000000,182.1482391357421875
18.2997875,-0.0188991650938988,3.1767561435699463,0.0000000000000000,-0.4286674857139587,-0.2394211292266846,0.0000000000000000,182.0147094726562500
18.3098030,-0.0232074931263924,3.1765799522399902,0.0000000000000000,-0.4507879018783569,-0.0223188772797585,0.0000000000000000,182.0046081542968750
18.3198071,-0.0274697262793779,3.1782197952270508,0.0000000000000000,-0.4309414625167847,0.1655722856521606,0.0000000000000000,182.0985717773437500
18.3296261,-0.0316741988062859,3.1813330650329590,0.0000000000000000,-0.4366104900836945,0.3269878923892975,0.0000000000000000,182.2769470214843750
18.3396301,-0.0361754223704338,3.1859040260314941,0.0000000000000000,-0.4621904194355011,0.4696049094200134,0.0000000000000000,182.5388488769531250
18.3496380,-0.0408764258027077,3.1917698383331299,0.0000000000000000,-0.4898821115493774,0.6046321392059326,0.0000000000000000,182.8749237060546875
18.3594437,-0.0456095226109028,3.1987535953521729,0.0000000000000000,-0.4926585555076599,0.7144339680671692,0.0000000000000000,183.2750701904296875
18.3694534,-0.0498435795307159,3.2064406871795654,0.0000000000000000,-0.4372726678848267,0.8028901219367981,0.0000000000000000,183.7155151367187500
18.3794537,-0.0533317737281322,3.2150003910064697,0.0000000000000000,-0.3543970882892609,0.8795401453971863,0.0000000000000000,184.2059478759765625
18.3892765,-0.0564049296081066,3.2240011692047119,0.0000000000000000,-0.3197613358497620,0.9321852326393127,0.0000000000000000,184.7216491699218750
18.3992672,-0.0590664185583591,3.2333548069000244,0.0000000000000000,-0.2715449035167694,0.9634162783622742,0.0000000000000000,185.2575683593750000
18.4092693,-0.0611334294080734,3.2428975105285645,0.0000000000000000,-0.2119100540876389,0.9855486750602722,0.0000000000000000,185.8043365478515625
18.4190998,-0.0628775358200073,3.2526149749755859,0.0000000000000000,-0.1827944666147232,1.0045853853225708,0.0000000000000000,186.3610992431640625
18.4290829,-0.0646318346261978,3.2623319625854492,0.0000000000000000,-0.1713226288557053,1.0057142972946167,0.0000000000000000,186.9178466796875000
18.4390965,-0.0658675208687782,3.2720649242401123,0.0000000000000000,-0.1360264867544174,1.0072188377380371,0.0000000000000000,187.4754943847656250
18.4489231,-0.0667577683925629,3.2819056510925293,0.0000000000000000,-0.0855359435081482,1.0134757757186890,0.0000000000000000,188.0393371582031250
18.4589233,-0.0669622942805290,3.2918508052825928,0.0000000000000000,-0.0195212326943874,1.0267615318298340,0.0000000000000000,188.6091461181640625
18.4689007,-0.0667279139161110,3.3018937110900879,0.0000000000000000,0.0199722014367580,1.0442022085189819,0.0000000000000000,189.1845703125000000
18.4787388,-0.0657990798354149,3.3123147487640381,0.0000000000000000,0.0956651419401169,1.0646340847015381,0.0000000000000000,189.7816467285156250
18.4887505,-0.0647807270288467,3.3228340148925781,0.0000000000000000,0.1058289185166359,1.0823606252670288,0.0000000000000000,190.3843536376953125
18.4987259,-0.0639156997203827,3.3334441184997559,0.0000000000000000,0.0805230587720871,1.0977017879486084,0.0000000000000000,190.9922637939453125
18.5085487,-0.0631666705012321,3.3545863628387451,0.0000000000000000,0.0663211271166801,1.0954594612121582,0.0000000000000000,192.2036285400390625
18.5185604,-0.0633632987737656,3.3648672103881836,0.0000000000000000,0.0208373311907053,1.0902768373489380,0.0000000000000000,192.7926788330078125
18.5285645,-0.0633632987737656,3.3648672103881836,0.0000000000000000,-0.0176619775593281,1.0592752695083618,0.0000000000000000,192.7926788330078125
18.5383816,-0.0644769594073296,3.3839302062988281,0.0000000000000000,-0.0477862283587456,1.0097439289093018,0.0000000000000000,193.8849029541015625
18.5483894,-0.0655943006277084,3.3928065299987793,0.0000000000000000,-0.0684392899274826,0.9599974751472473,0.0000000000000000,194.3934783935546875
18.5583572,-0.0675302669405937,3.4011611938476562,0.0000000000000000,-0.1202550828456879,0.9138514399528503,0.0000000000000000,194.8721771240234375
18.5681820,-0.0696472823619843,3.4091665744781494,0.0000000000000000,-0.1853754967451096,0.8660559654235840,0.0000000000000000,195.3308410644531250
18.5781918,-0.0721045136451721,3.4167375564575195,0.0000000000000000,-0.2236724793910980,0.8258448839187622,0.0000000000000000,195.7646331787109375
18.5882225,-0.0746674835681915,3.4241199493408203,0.0000000000000000,-0.2559905052185059,0.7914632558822632,0.0000000000000000,196.1876068115234375
18.5980053,-0.0768143236637115,3.4311735630035400,0.0000000000000000,-0.2628753781318665,0.7558464407920837,0.0000000000000000,196.5917510986328125
18.6080284,-0.0788954198360443,3.4378681182861328,0.0000000000000000,-0.2256340682506561,0.7222316861152649,0.0000000000000000,196.9753265380859375
18.6180286,-0.0809713900089264,3.4445898532867432,0.0000000000000000,-0.2055746465921402,0.6924002766609192,0.0000000000000000,197.3604431152343750
18.6278477,-0.0831638127565384,3.4512915611267090,0.0000000000000000,-0.2185160964727402,0.6943036913871765,0.0000000000000000,197.7444305419921875
18.6378365,-0.0856842175126076,3.4579081535339355,0.0000000000000000,-0.2270277738571167,0.6950911879539490,0.0000000000000000,198.1235351562500000
18.6478844,-0.0880861058831215,3.4635407924652100,0.0000000000000000,-0.2618945538997650,0.6840118765830994,0.0000000000000000,198.4462585449218750
18.6576595,-0.0897668674588203,3.4688394069671631,0.0000000000000000,-0.2397467195987701,0.5821000337600708,0.0000000000000000,198.7498474121093750
18.6676579,-0.0921843498945236,3.4742112159729004,0.0000000000000000,-0.1798268258571625,0.5489609241485596,0.0000000000000000,199.0576324462890625
18.6776600,-0.0949824601411819,3.4795196056365967,0.0000000000000000,-0.2464566230773926,0.5554109215736389,0.0000000000000000,199.3617706298828125
18.6874828,-0.0977208688855171,3.4844648838043213,0.0000000000000000,-0.2941722869873047,0.5429373979568481,0.0000000000000000,199.6451263427734375
18.6974773,-0.1002938747406006,3.4889817237854004,0.0000000000000000,-0.2765549421310425,0.5102190375328064,0.0000000000000000,199.9039154052734375
18.7075043,-0.1016935631632805,3.4927914142608643,0.0000000000000000,-0.2602376043796539,0.4625815749168396,0.0000000000000000,200.1221923828125000
18.7173080,-0.1026714891195297,3.4959895610809326,0.0000000000000000,-0.1549007743597031,0.3954098820686340,0.0000000000000000,200.3054351806640625
18.7273121,-0.1039548367261887,3.4986495971679688,0.0000000000000000,-0.0910837948322296,0.3306416571140289,0.0000000000000000,200.4578399658203125
18.7373161,-0.1050297692418098,3.5005486011505127,0.0000000000000000,-0.1371098905801773,0.2774080634117126,0.0000000000000000,200.5666503906250000
18.7471504,-0.1047633960843086,3.5004906654357910,0.0000000000000000,-0.1104500517249107,0.1972856372594833,0.0000000000000000,200.5633239746093750
18.7571354,-0.1038972958922386,3.4994058609008789,0.0000000000000000,0.0362470597028732,-0.0130325965583324,0.0000000000000000,200.5011749267578125
18.7671356,-0.1026701107621193,3.4973962306976318,0.0000000000000000,0.0829301699995995,-0.1113553345203400,0.0000000000000000,200.3860321044921875
18.7769585,-0.1018033474683762,3.4944109916687012,0.0000000000000000,0.1214159876108170,-0.2073035985231400,0.0000000000000000,200.2149963378906250
18.7869740,-0.0996418669819832,3.4901170730590820,0.0000000000000000,0.0942780897021294,-0.3063665628433228,0.0000000000000000,199.9689636230468750
18.7969742,-0.0950134173035622,3.4843575954437256,0.0000000000000000,0.2255481630563736,-0.4452453851699829,0.0000000000000000,199.6389770507812500
18.8069744,-0.0898430794477463,3.4773628711700439,0.0000000000000000,0.4790388047695160,-0.5921980142593384,0.0000000000000000,199.2382049560546875
18.8167839,-0.0864586830139160,3.4686434268951416,0.0000000000000000,0.5291202664375305,-0.7250422239303589,0.0000000000000000,198.7386169433593750
18.8267860,-0.0829225853085518,3.4593927860260010,0.0000000000000000,0.4179790318012238,-0.8440648317337036,0.0000000000000000,198.2086029052734375
18.8367882,-0.0789826959371567,3.4491364955902100,0.0000000000000000,0.3734711706638336,-0.9549795985221863,0.0000000000000000,197.6209564208984375
18.8466091,-0.0748500078916550,3.4380080699920654,0.0000000000000000,0.3974376618862152,-1.0543918609619141,0.0000000000000000,196.9833374023437500
18.8566074,-0.0707818791270256,3.4259517192840576,0.0000000000000000,0.4288562536239624,-1.1514743566513062,0.0000000000000000,196.2925567626953125
18.8665352,-0.0666964724659920,3.4131917953491211,0.0000000000000000,0.4167139530181885,-1.2414909601211548,0.0000000000000000,195.5614776611328125
18.8764896,-0.0621716976165771,3.3998572826385498,0.0000000000000000,0.4589661955833435,-1.3778846263885498,0.0000000000000000,194.7974700927734375
18.8864174,-0.0573692210018635,3.3860321044921875,0.0000000000000000,0.5030702352523804,-1.4346294403076172,0.0000000000000000,194.0053405761718750
18.8963470,-0.0524775721132755,3.3717739582061768,0.0000000000000000,0.4995350837707520,-1.4764199256896973,0.0000000000000000,193.1884002685546875
18.9062786,-0.0473001524806023,3.3571133613586426,0.0000000000000000,0.5420964956283569,-1.5121724605560303,0.0000000000000000,192.3484191894531250
18.9162693,-0.0417631082236767,3.3421435356140137,0.0000000000000000,0.5739005804061890,-1.5407413244247437,0.0000000000000000,191.4907073974609375
18.9262714,-0.0356105528771877,3.3271203041076660,0.0000000000000000,0.6241055727005005,-1.5552490949630737,0.0000000000000000,190.6299438476562500
18.9362736,-0.0292650219053030,3.3119387626647949,0.0000000000000000,0.6616436839103699,-1.5685474872589111,0.0000000000000000,189.7601013183593750
18.9462757,-0.0233299396932125,3.2966015338897705,0.0000000000000000,0.6164695024490356,-1.5844199657440186,0.0000000000000000,188.8813476562500000
18.9562778,-0.0171109847724438,3.2808511257171631,0.0000000000000000,0.6393442749977112,-1.6255911588668823,0.0000000000000000,187.9789123535156250
18.9662781,-0.0110729066655040,3.2644901275634766,0.0000000000000000,0.6220820546150208,-1.6859184503555298,0.0000000000000000,187.0415039062500000
18.9762802,-0.0056414306163788,3.2478680610656738,0.0000000000000000,0.5579345822334290,-1.7242467403411865,0.0000000000000000,186.0891265869140625
18.9862823,-0.0011540467385203,3.2309637069702148,0.0000000000000000,0.4703167378902435,-1.7439644336700439,0.0000000000000000,185.1205749511718750
18.9962883,0.0021221803035587,3.2140305042266846,0.0000000000000000,0.3389385342597961,-1.7474195957183838,0.0000000000000000,184.1503753662109375
19.0062866,0.0040948507376015,3.1971478462219238,0.0000000000000000,0.1932618021965027,-1.7455756664276123,0.0000000000000000,183.1830749511718750
19.0162888,0.0057023027911782,3.1802585124969482,0.0000000000000000,0.1733640134334564,-1.7458668947219849,0.0000000000000000,182.2153778076171875
19.0262928,0.0069490596652031,3.1632742881774902,0.0000000000000000,0.1302495300769806,-1.7538203001022339,0.0000000000000000,181.2422637939453125
19.0362968,0.0073940833099186,3.1462693214416504,0.0000000000000000,0.0493514984846115,-1.7562766075134277,0.0000000000000000,180.2679443359375000
19.0463142,0.0074683190323412,3.1292555332183838,0.0000000000000000,0.0116683021187782,-1.7574388980865479,0.0000000000000000,179.2931213378906250
19.0562916,0.0080362828448415,3.1120793819427490,0.0000000000000000,0.0546195320785046,-1.7695126533508301,0.0000000000000000,178.3090057373046875
19.0662937,0.0088266087695956,3.0951652526855469,0.0000000000000000,0.0796399489045143,-1.7566390037536621,0.0000000000000000,177.3398895263671875
19.0762939,0.0092334533110261,3.0784966945648193,0.0000000000000000,0.0474987290799618,-1.7143684625625610,0.0000000000000000,176.3848571777343750
19.0862942,0.0093192914500833,3.0626800060272217,0.0000000000000000,0.0152248637750745,-1.6416065692901611,0.0000000000000000,175.4786224365234375
19.0963001,0.0087490119040012,3.0473644733428955,0.0000000000000000,-0.0589256398379803,-1.5763708353042603,0.0000000000000000,174.6011199951171875
19.1063004,0.0082136308774352,3.0326514244079590,0.0000000000000000,-0.0655921697616577,-1.5217450857162476,0.0000000000000000,173.7581176757812500
19.1163025,0.0074568893760443,3.0180983543395996,0.0000000000000000,-0.0691788420081139,-1.5053108930587769,0.0000000000000000,172.9242858886718750
19.1263027,0.0063335760496557,3.0033705234527588,0.0000000000000000,-0.1096528172492981,-1.5115427970886230,0.0000000000000000,172.0804443359375000
19.1363068,0.0041640223935246,2.9885339736938477,0.0000000000000000,-0.2204585224390030,-1.5404747724533081,0.0000000000000000,171.2303771972656250
19.1463013,0.0018291744636372,2.9731705188751221,0.0000000000000000,-0.2414113283157349,-1.5791686773300171,0.0000000000000000,170.3501129150390625
19.1563053,-0.0010436179582030,2.9576175212860107,0.0000000000000000,-0.2983751893043518,-1.6125295162200928,0.0000000000000000,169.4589996337890625
19.1663055,-0.0040928279049695,2.9418950080871582,0.0000000000000000,-0.3134031295776367,-1.6295490264892578,0.0000000000000000,168.5581512451171875
19.1763077,-0.0071680750697851,2.9258847236633301,0.0000000000000000,-0.3188519477844238,-1.6476941108703613,0.0000000000000000,167.6408386230468750
19.1863098,-0.0101700983941555,2.9099543094635010,0.0000000000000000,-0.3068816661834717,-1.6516658067703247,0.0000000000000000,166.7280883789062500
19.1963100,-0.0130947995930910,2.8939318656921387,0.0000000000000000,-0.3000035583972931,-1.6448227167129517,0.0000000000000000,165.8100738525390625
19.2063160,-0.0159660242497921,2.8781599998474121,0.0000000000000000,-0.2894846498966217,-1.6259878873825073,0.0000000000000000,164.9064178466796875
19.2163143,-0.0182734951376915,2.8628146648406982,0.0000000000000000,-0.2484790086746216,-1.5981798171997070,0.0000000000000000,164.0271911621093750
19.2263165,-0.0211754217743874,2.8476228713989258,0.0000000000000000,-0.2862425744533539,-1.5632936954498291,0.0000000000000000,163.1567687988281250
19.2363186,-0.0242214929312468,2.8328495025634766,0.0000000000000000,-0.3212542831897736,-1.5247814655303955,0.0000000000000000,162.3103179931640625
19.2463264,-0.0268488004803658,2.8184947967529297,0.0000000000000000,-0.2695022821426392,-1.4880887269973755,0.0000000000000000,161.4878540039062500
19.2563190,-0.0291004274040461,2.8043327331542969,0.0000000000000000,-0.2299174666404724,-1.4603087902069092,0.0000000000000000,160.6764221191406250
19.2663269,-0.0314259380102158,2.7904667854309082,0.0000000000000000,-0.2403279095888138,-1.4275327920913696,0.0000000000000000,159.8819580078125000
19.2770596,-0.0340275578200817,2.7771244049072266,0.0000000000000000,-0.2655656337738037,-1.3800232410430908,0.0000000000000000,159.1174926757812500
19.2876034,-0.0374308153986931,2.7642793655395508,0.0000000000000000,-0.3492851257324219,-1.3298034667968750,0.0000000000000000,158.3815307617187500
19.2981415,-0.0406091324985027,2.7520487308502197,0.0000000000000000,-0.3305896222591400,-1.2641545534133911,0.0000000000000000,157.6807708740234375
19.3063297,-0.0435952357947826,2.7404949665069580,0.0000000000000000,-0.3029548525810242,-1.1866804361343384,0.0000000000000000,157.0187835693359375
19.3190842,-0.0466116443276405,2.7299087047576904,0.0000000000000000,-0.3136383295059204,-1.1028540134429932,0.0000000000000000,156.4122314453125000
19.3296318,-0.0497872009873390,2.7199110984802246,0.0000000000000000,-0.3270136117935181,-1.0222891569137573,0.0000000000000000,155.8394165039062500
19.3403702,-0.0531233884394169,2.7107055187225342,0.0000000000000000,-0.3438993394374847,-0.9485668540000916,0.0000000000000000,155.3119812011718750
19.3509407,-0.0562761276960373,2.7020897865295410,0.0000000000000000,-0.3301587700843811,-0.8921402692794800,0.0000000000000000,154.8183288574218750
19.3614578,-0.0594801604747772,2.6939921379089355,0.0000000000000000,-0.3253024220466614,-0.8373429775238037,0.0000000000000000,154.3543701171875000
19.3716164,-0.0625842213630676,2.6863315105438232,0.0000000000000000,-0.3197251856327057,-0.7903275489807129,0.0000000000000000,153.9154510498046875
19.3815784,-0.0652708932757378,2.6790308952331543,0.0000000000000000,-0.2780762612819672,-0.7624974250793457,0.0000000000000000,153.4971618652343750
19.3915577,-0.0675210431218147,2.6720042228698730,0.0000000000000000,-0.2322053015232086,-0.7186177968978882,0.0000000000000000,153.0945587158203125
19.4015789,-0.0697713494300842,2.6654810905456543,0.0000000000000000,-0.2278696894645691,-0.6714165210723877,0.0000000000000000,152.7208099365234375
19.4099979,-0.0721953734755516,2.6594998836517334,0.0000000000000000,-0.2483370453119278,-0.6173537969589233,0.0000000000000000,152.3781127929687500
19.4215794,-0.0747049003839493,2.6542088985443115,0.0000000000000000,-0.2574967145919800,-0.5502634048461914,0.0000000000000000,152.0749664306640625
19.4278259,-0.0768830701708794,2.6496348381042480,0.0000000000000000,-0.2266734540462494,-0.4704364240169525,0.0000000000000000,151.8128814697265625
19.4386959,-0.0783773288130760,2.6458990573883057,0.0000000000000000,-0.1369583010673523,-0.3793832659721375,0.0000000000000000,151.5988464355468750
19.4494476,-0.0795632675290108,2.6431441307067871,0.0000000000000000,-0.1050714999437332,-0.2818838655948639,0.0000000000000000,151.4409942626953125
19.4600086,-0.0809198096394539,2.6412680149078369,0.0000000000000000,-0.1168876439332962,-0.1925085484981537,0.0000000000000000,151.3334960937500000
19.4709492,-0.0820680409669876,2.6402692794799805,0.0000000000000000,-0.1064998656511307,-0.0980209112167358,0.0000000000000000,151.2762756347656250
19.4813137,-0.0826997309923172,2.6402823925018311,0.0000000000000000,-0.0595362335443497,-0.0044876006431878,0.0000000000000000,151.2770233154296875
19.4912758,-0.0828085690736771,2.6410965919494629,0.0000000000000000,-0.0037500951439142,0.0912202894687653,0.0000000000000000,151.3236846923828125
19.5012398,-0.0825467556715012,2.6428329944610596,0.0000000000000000,0.0456523671746254,0.1892679482698441,0.0000000000000000,151.4231719970703125
19.5081959,-0.0817803964018822,2.6456246376037598,0.0000000000000000,0.0965728610754013,0.2894303202629089,0.0000000000000000,151.5831146240234375
19.5211983,-0.0803832337260246,2.6492838859558105,0.0000000000000000,0.1507229208946228,0.3845104873180389,0.0000000000000000,151.7927703857421875
19.5310783,-0.0784680843353271,2.6539523601531982,0.0000000000000000,0.1997465342283249,0.4779506325721741,0.0000000000000000,152.0602569580078125
19.5410957,-0.0761162638664246,2.6594395637512207,0.0000000000000000,0.2610022127628326,0.5750038623809814,0.0000000000000000,152.3746490478515625
19.5509090,-0.0733605846762657,2.6658768653869629,0.0000000000000000,0.2844315171241760,0.6717109084129333,0.0000000000000000,152.7434844970703125
19.5609226,-0.0707367956638336,2.6733939647674561,0.0000000000000000,0.2673482596874237,0.7698519825935364,0.0000000000000000,153.1741790771484375
19.5709133,-0.0686407163739204,2.6816713809967041,0.0000000000000000,0.2195009738206863,0.8610819578170776,0.0000000000000000,153.6484375000000000
19.5809040,-0.0669477805495262,2.6907181739807129,0.0000000000000000,0.1765148192644119,0.9365935921669006,0.0000000000000000,154.1667938232421875
19.5907078,-0.0653253719210625,2.7002015113830566,0.0000000000000000,0.1791594624519348,0.9993974566459656,0.0000000000000000,154.7101440429687500
19.6007404,-0.0636050328612328,2.7104606628417969,0.0000000000000000,0.1768437623977661,1.0547465085983276,0.0000000000000000,155.2979431152343750
19.6107368,-0.0617900341749191,2.7211580276489258,0.0000000000000000,0.1881329566240311,1.1014791727066040,0.0000000000000000,155.9108581542968750
19.6205730,-0.0599641650915146,2.7322754859924316,0.0000000000000000,0.1847483664751053,1.1519464254379272,0.0000000000000000,156.5478515625000000
19.6305485,-0.0582335554063320,2.7439169883728027,0.0000000000000000,0.1758467257022858,1.1999138593673706,0.0000000000000000,157.2148590087890625
19.6405792,-0.0563424006104469,2.7560675144195557,0.0000000000000000,0.1993371993303299,1.2637485265731812,0.0000000000000000,157.9110260009765625
19.6503754,-0.0546145997941494,2.7688081264495850,0.0000000000000000,0.1666043996810913,1.3154568672180176,0.0000000000000000,158.6410064697265625
19.6604061,-0.0530844181776047,2.7819740772247314,0.0000000000000000,0.1671150922775269,1.3584624528884888,0.0000000000000000,159.3953704833984375
19.6703796,-0.0513283386826515,2.7955844402313232,0.0000000000000000,0.1813354194164276,1.4024204015731812,0.0000000000000000,160.1751861572265625
19.6802254,-0.0494229383766651,2.8095936775207520,0.0000000000000000,0.1969119906425476,1.4455797672271729,0.0000000000000000,160.9778442382812500
19.6902046,-0.0465317443013191,2.8239560127258301,0.0000000000000000,0.2959665358066559,1.4836115837097168,0.0000000000000000,161.8007507324218750
19.7001858,-0.0450000017881393,2.8385603427886963,0.0000000000000000,0.1584916263818741,1.5119545459747314,0.0000000000000000,162.6375122070312500
19.7100315,-0.0432207398116589,2.8534944057464600,0.0000000000000000,0.1844222992658615,1.5357685089111328,0.0000000000000000,163.4931793212890625
19.7200356,-0.0400423705577850,2.8684329986572266,0.0000000000000000,0.3299960792064667,1.5472877025604248,0.0000000000000000,164.3490905761718750
19.7300320,-0.0360830947756767,2.8834462165832520,0.0000000000000000,0.4026050865650177,1.5511401891708374,0.0000000000000000,165.2092895507812500
19.7398624,-0.0327352285385132,2.8983573913574219,0.0000000000000000,0.3454505503177643,1.5459860563278198,0.0000000000000000,166.0636444091796875
19.7498608,-0.0308352578431368,2.9134824275970459,0.0000000000000000,0.2039449661970139,1.5570449829101562,0.0000000000000000,166.9302368164062500
19.7598572,-0.0294581819325686,2.9287755489349365,0.0000000000000000,0.1395201086997986,1.5765095949172974,0.0000000000000000,167.8064727783203125
19.7696819,-0.0281827803701162,2.9441454410552979,0.0000000000000000,0.1283435076475143,1.5929424762725830,0.0000000000000000,168.6871032714843750
19.7796860,-0.0264898370951414,2.9597513675689697,0.0000000000000000,0.1717863827943802,1.6029847860336304,0.0000000000000000,169.5812530517578125
19.7896500,-0.0245456602424383,2.9753665924072266,0.0000000000000000,0.2036538571119308,1.6194652318954468,0.0000000000000000,170.4759368896484375
19.7995071,-0.0225923806428909,2.9911360740661621,0.0000000000000000,0.1987254321575165,1.6312892436981201,0.0000000000000000,171.3794708251953125
19.8094826,-0.0202210880815983,3.0071487426757812,0.0000000000000000,0.2436828613281250,1.6443367004394531,0.0000000000000000,172.2969207763671875
19.8195000,-0.0174261499196291,3.0229976177215576,0.0000000000000000,0.2924301028251648,1.6389160156250000,0.0000000000000000,173.2050018310546875
19.8293304,-0.0141948573291302,3.0386595726013184,0.0000000000000000,0.3239784240722656,1.6225271224975586,0.0000000000000000,174.1023559570312500
19.8393078,-0.0115785244852304,3.0540561676025391,0.0000000000000000,0.2776125669479370,1.5929276943206787,0.0000000000000000,174.9845123291015625
19.8493233,-0.0102525511756539,3.0691745281219482,0.0000000000000000,0.1383138447999954,1.5622487068176270,0.0000000000000000,175.8507385253906250
19.8593159,-0.0096262842416763,3.0840301513671875,0.0000000000000000,0.0624321177601814,1.5316767692565918,0.0000000000000000,176.7019042968750000
19.8691463,-0.0091843856498599,3.0985348224639893,0.0000000000000000,0.0418368875980377,1.5043808221817017,0.0000000000000000,177.5329589843750000
19.8791351,-0.0083221299573779,3.1127820014953613,0.0000000000000000,0.0984668806195259,1.4727383852005005,0.0000000000000000,178.3492584228515625
19.8890877,-0.0068670418113470,3.1267738342285156,0.0000000000000000,0.1533097028732300,1.4344348907470703,0.0000000000000000,179.1509399414062500
19.8989735,-0.0054265824146569,3.1403343677520752,0.0000000000000000,0.1407348066568375,1.3963421583175659,0.0000000000000000,179.9279022216796875
19.9089603,-0.0046927952207625,3.1534585952758789,0.0000000000000000,0.0765584930777550,1.3594021797180176,0.0000000000000000,180.6798553466796875
19.9189720,-0.0044951257295907,3.1663200855255127,0.0000000000000000,0.0188345853239298,1.3322466611862183,0.0000000000000000,181.4167633056640625
19.9287777,-0.0048305690288544,3.1790900230407715,0.0000000000000000,-0.0307955928146839,1.3203568458557129,0.0000000000000000,182.1484375000000000
19.9387836,-0.0062234653159976,3.2045426368713379,0.0000000000000000,-0.0686485096812248,1.3182679414749146,0.0000000000000000,183.6067657470703125
19.9487801,-0.0065010609105229,3.2170605659484863,0.0000000000000000,-0.0675532817840576,1.3083704710006714,0.0000000000000000,184.3239898681640625
19.9586201,-0.0072094937786460,3.2289726734161377,0.0000000000000000,-0.0408747829496861,1.2843999862670898,0.0000000000000000,185.0065002441406250
19.9685955,-0.0087858969345689,3.2402684688568115,0.0000000000000000,-0.0699365586042404,1.2352921962738037,0.0000000000000000,185.6537017822265625
19.9786205,-0.0106275258585811,3.2507007122039795,0.0000000000000000,-0.1532833725214005,1.1686081886291504,0.0000000000000000,186.2514190673828125
19.9884396,-0.0123709617182612,3.2602672576904297,0.0000000000000000,-0.1994698047637939,1.0768067836761475,0.0000000000000000,186.7995452880859375
19.9984093,-0.0133515391498804,3.2690715789794922,0.0000000000000000,-0.1734807491302490,0.9904347658157349,0.0000000000000000,187.3040008544921875
20.0084171,-0.0143222641199827,3.2773597240447998,0.0000000000000000,-0.1034225523471832,0.9105550050735474,0.0000000000000000,187.7788696289062500
20.0182438,-0.0157358590513468,3.2851161956787109,0.0000000000000000,-0.1010329276323318,0.8537374734878540,0.0000000000000000,188.2232818603515625
20.0282440,-0.0173808746039867,3.2923603057861328,0.0000000000000000,-0.1374553143978119,0.8013255000114441,0.0000000000000000,188.6383361816406250
20.0382385,-0.0189368873834610,3.2990820407867432,0.0000000000000000,-0.1822339892387390,0.7513899803161621,0.0000000000000000,189.0234680175781250
20.0480804,-0.0201329216361046,3.3050348758697510,0.0000000000000000,-0.1538600623607635,0.6902295947074890,0.0000000000000000,189.3645324707031250
20.0580482,-0.0210574734956026,3.3103830814361572,0.0000000000000000,-0.1189663633704185,0.6193858981132507,0.0000000000000000,189.6709747314453125
20.0680637,-0.0221205092966557,3.3136491775512695,0.0000000000000000,-0.0967030525207520,0.5408585667610168,0.0000000000000000,189.8581085205078125
20.0779324,-0.0231567751616240,3.3157978057861328,0.0000000000000000,-0.0921834409236908,0.4537121057510376,0.0000000000000000,189.9812164306640625
20.0879154,-0.0240007545799017,3.3167300224304199,0.0000000000000000,-0.0707498043775558,0.3490084707736969,0.0000000000000000,190.0346221923828125
20.0978909,-0.0244928356260061,3.3164613246917725,0.0000000000000000,-0.0359194427728653,0.2200222611427307,0.0000000000000000,190.0192260742187500
20.1077347,-0.0246868953108788,3.3148009777069092,0.0000000000000000,0.0003039706498384,0.0835909694433212,0.0000000000000000,189.9241027832031250
20.1177120,-0.0245008505880833,3.3116712570190430,0.0000000000000000,0.0349774882197380,-0.0507150590419769,0.0000000000000000,189.7447814941406250
20.1277199,-0.0238663852214813,3.3074376583099365,0.0000000000000000,0.0608666129410267,-0.1825003623962402,0.0000000000000000,189.5022125244140625
20.1375408,-0.0226028133183718,3.3022494316101074,0.0000000000000000,0.0901601240038872,-0.3189272582530975,0.0000000000000000,189.2049407958984375
20.1475334,-0.0208711009472609,3.2957878112792969,0.0000000000000000,0.1502305269241333,-0.4487902522087097,0.0000000000000000,188.8347167968750000
20.1575356,-0.0188587792217731,3.2880213260650635,0.0000000000000000,0.2046596109867096,-0.5784739255905151,0.0000000000000000,188.3897399902343750
20.1673565,-0.0166294928640127,3.2793281078338623,0.0000000000000000,0.2393088787794113,-0.7079815864562988,0.0000000000000000,187.8916473388671875
20.1773605,-0.0140276048332453,3.2699439525604248,0.0000000000000000,0.2578544020652771,-0.8353912830352783,0.0000000000000000,187.3539733886718750
20.1873608,-0.0108800996094942,3.2591073513031006,0.0000000000000000,0.2717904448509216,-0.9736056923866272,0.0000000000000000,186.7330932617187500
20.1971798,-0.0075212493538857,3.2470707893371582,0.0000000000000000,0.3125041425228119,-1.1097284555435181,0.0000000000000000,186.0434417724609375
20.2072048,-0.0041322824545205,3.2339153289794922,0.0000000000000000,0.3498184382915497,-1.2458918094635010,0.0000000000000000,185.2896881103515625
20.2172050,-0.0014034104533494,3.2197189331054688,0.0000000000000000,0.3534525632858276,-1.3657376766204834,0.0000000000000000,184.4763031005859375
20.2272053,0.0013467076933011,3.2046592235565186,0.0000000000000000,0.2802931368350983,-1.4627811908721924,0.0000000000000000,183.6134338378906250
20.2370052,0.0048000253736973,3.1888365745544434,0.0000000000000000,0.2811838090419769,-1.5566681623458862,0.0000000000000000,182.7068634033203125
20.2470055,0.0088699432089925,3.1721673011779785,0.0000000000000000,0.3636500537395477,-1.6375584602355957,0.0000000000000000,181.7517852783203125
20.2570286,0.0134599432349205,3.1549003124237061,0.0000000000000000,0.4113046824932098,-1.7153810262680054,0.0000000000000000,180.7624664306640625
20.2668419,0.0189158916473389,3.1366953849792480,0.0000000000000000,0.4746560454368591,-1.7945330142974854,0.0000000000000000,179.7193908691406250
20.2768383,0.0246239788830280,3.1177952289581299,0.0000000000000000,0.5601032972335815,-1.8719646930694580,0.0000000000000000,178.6365051269531250
20.2867756,0.0295466855168343,3.0980930328369141,0.0000000000000000,0.5870133638381958,-1.9538131952285767,0.0000000000000000,177.5076446533203125
20.2967300,0.0334147363901138,3.0778386592864990,0.0000000000000000,0.3985282182693481,-2.0966632366180420,0.0000000000000000,176.3471527099609375
20.3066559,0.0375266559422016,3.0569686889648438,0.0000000000000000,0.4350044131278992,-2.1497399806976318,0.0000000000000000,175.1513977050781250
20.3165855,0.0423881709575653,3.0359156131744385,0.0000000000000000,0.4992580711841583,-2.1759378910064697,0.0000000000000000,173.9451446533203125
20.3265152,0.0480570644140244,3.0150160789489746,0.0000000000000000,0.5806164741516113,-2.1591067314147949,0.0000000000000000,172.7476806640625000
20.3365135,0.0533216558396816,2.9945969581604004,0.0000000000000000,0.5583685040473938,-2.1098113059997559,0.0000000000000000,171.5777587890625000
20.3465099,0.0573049262166023,2.9749031066894531,0.0000000000000000,0.4076242446899414,-2.0320873260498047,0.0000000000000000,170.4493865966796875
20.3565121,0.0598653443157673,2.9561338424682617,0.0000000000000000,0.2607086896896362,-1.9434161186218262,0.0000000000000000,169.3739776611328125
20.3665123,0.0613340176641941,2.9381053447723389,0.0000000000000000,0.1500055193901062,-1.8652397394180298,0.0000000000000000,168.3410339355468750
20.3765202,0.0620721802115440,2.9207558631896973,0.0000000000000000,0.0875021591782570,-1.7811175584793091,0.0000000000000000,167.3469696044921875
20.3865166,0.0628403574228287,2.9043371677398682,0.0000000000000000,0.0746973454952240,-1.7011760473251343,0.0000000000000000,166.4062500000000000
20.3965168,0.0633858740329742,2.8886852264404297,0.0000000000000000,0.0581049248576164,-1.6177594661712646,0.0000000000000000,165.5094604492187500
20.4065151,0.0633776783943176,2.8738889694213867,0.0000000000000000,0.0111868344247341,-1.5249639749526978,0.0000000000000000,164.6616973876953125
20.4165192,0.0607139132916927,2.8612794876098633,0.0000000000000000,-0.2818338871002197,-1.3066359758377075,0.0000000000000000,163.9392242431640625
20.4265232,0.0574309527873993,2.8495457172393799,0.0000000000000000,-0.3417979478836060,-1.2051637172698975,0.0000000000000000,163.2669372558593750
20.4365234,0.0535708665847778,2.8387804031372070,0.0000000000000000,-0.3879213929176331,-1.1151574850082397,0.0000000000000000,162.6501312255859375
20.4465313,0.0497839450836182,2.8288891315460205,0.0000000000000000,-0.3942721486091614,-1.0172801017761230,0.0000000000000000,162.0834045410156250
20.4565296,0.0458270348608494,2.8199450969696045,0.0000000000000000,-0.4078919589519501,-0.9266625642776489,0.0000000000000000,161.5709381103515625
20.4665298,0.0414092242717743,2.8118946552276611,0.0000000000000000,-0.4522242546081543,-0.8341100811958313,0.0000000000000000,161.1096801757812500
20.4765320,0.0364921875298023,2.8048162460327148,0.0000000000000000,-0.5013871192932129,-0.7273144125938416,0.0000000000000000,160.7041168212890625
20.4865360,0.0317304953932762,2.7988681793212891,0.0000000000000000,-0.5014088153839111,-0.6169084906578064,0.0000000000000000,160.3633270263671875
20.4965382,0.0269848667085171,2.7938864231109619,0.0000000000000000,-0.4800420701503754,-0.5150848031044006,0.0000000000000000,160.0778961181640625
20.5065403,0.0224097985774279,2.7899541854858398,0.0000000000000000,-0.4738480746746063,-0.4069680571556091,0.0000000000000000,159.8525848388671875
20.5165405,0.0178649835288525,2.7870724201202393,0.0000000000000000,-0.4699411094188690,-0.2988745868206024,0.0000000000000000,159.6874847412109375
20.5265427,0.0132342157885432,2.7852232456207275,0.0000000000000000,-0.4708598852157593,-0.1865454614162445,0.0000000000000000,159.5815277099609375
20.5365448,0.0088186031207442,2.7843379974365234,0.0000000000000000,-0.4658002555370331,-0.0884626060724258,0.0000000000000000,159.5308074951171875
20.5465431,0.0045714946463704,2.7843298912048340,0.0000000000000000,-0.4377880990505219,0.0018337143119425,0.0000000000000000,159.5303497314453125
20.5565453,0.0007770769880153,2.7852156162261963,0.0000000000000000,-0.3886393010616302,0.0876688435673714,0.0000000000000000,159.5810852050781250
20.5665455,-0.0021716484334320,2.7869503498077393,0.0000000000000000,-0.3014864623546600,0.1767728477716446,0.0000000000000000,159.6804809570312500
20.5765476,-0.0046848380006850,2.7894952297210693,0.0000000000000000,-0.2621768414974213,0.2692672908306122,0.0000000000000000,159.8262939453125000
20.5865498,-0.0069190706126392,2.7930738925933838,0.0000000000000000,-0.2334514409303665,0.3715714812278748,0.0000000000000000,160.0313415527343750
20.5965557,-0.0093016773462296,2.7976992130279541,0.0000000000000000,-0.2414972782135010,0.4683296382427216,0.0000000000000000,160.2963409423828125
20.6065598,-0.0115641849115491,2.8031020164489746,0.0000000000000000,-0.2370471805334091,0.5606217384338379,0.0000000000000000,160.6059112548828125
20.6165543,-0.0136686200276017,2.8093831539154053,0.0000000000000000,-0.2133252918720245,0.6476943492889404,0.0000000000000000,160.9657897949218750
20.6265564,-0.0156419835984707,2.8163459300994873,0.0000000000000000,-0.2006849199533463,0.7239355444908142,0.0000000000000000,161.3647308349609375
20.6365662,-0.0172858498990536,2.8238492012023926,0.0000000000000000,-0.1697329431772232,0.7893806695938110,0.0000000000000000,161.7946319580078125
20.6465607,-0.0183438509702682,2.8318812847137451,0.0000000000000000,-0.1120507270097733,0.8430703878402710,0.0000000000000000,162.2548370361328125
20.6565628,-0.0192682147026062,2.8405978679656982,0.0000000000000000,-0.0863555967807770,0.9150764942169189,0.0000000000000000,162.7542572021484375
20.6665611,-0.0196057297289371,2.8500154018402100,0.0000000000000000,-0.0282690227031708,0.9895348548889160,0.0000000000000000,163.2938385009765625
20.6765633,-0.0196987017989159,2.8603019714355469,0.0000000000000000,-0.0165029969066381,1.0681577920913696,0.0000000000000000,163.8832244873046875
20.6865654,-0.0200605578720570,2.8714525699615479,0.0000000000000000,-0.0401697643101215,1.1390184164047241,0.0000000000000000,164.5221099853515625
20.6965656,-0.0200360976159573,2.8830258846282959,0.0000000000000000,0.0033153218682855,1.2050458192825317,0.0000000000000000,165.1852111816406250
20.7076721,-0.0195284374058247,2.8953125476837158,0.0000000000000000,0.0516738668084145,1.2689100503921509,0.0000000000000000,165.8891754150390625
20.7182217,-0.0192047841846943,2.9081764221191406,0.0000000000000000,0.0404491946101189,1.3203455209732056,0.0000000000000000,166.6262207031250000
20.7285938,-0.0189784504473209,2.9213075637817383,0.0000000000000000,0.0187538750469685,1.3628348112106323,0.0000000000000000,167.3785858154296875
20.7393074,-0.0185711141675711,2.9348495006561279,0.0000000000000000,0.0408941060304642,1.3945950269699097,0.0000000000000000,168.1544799804687500
20.7498417,-0.0178205296397209,2.9485661983489990,0.0000000000000000,0.0733885690569878,1.4250351190567017,0.0000000000000000,168.9403839111328125
20.7607899,-0.0162268131971359,2.9626345634460449,0.0000000000000000,0.1655687540769577,1.4461653232574463,0.0000000000000000,169.7464447021484375
20.7707844,-0.0132440179586411,2.9767823219299316,0.0000000000000000,0.3031924962997437,1.4539306163787842,0.0000000000000000,170.5570526123046875
20.7815266,-0.0102529870346189,2.9905705451965332,0.0000000000000000,0.3107948303222656,1.4349660873413086,0.0000000000000000,171.3470611572265625
20.7918682,-0.0074062128551304,3.0043551921844482,0.0000000000000000,0.2935166358947754,1.4126992225646973,0.0000000000000000,172.1368560791015625
20.7976913,-0.0059355138801038,3.0177729129791260,0.0000000000000000,0.1540439724922180,1.3874251842498779,0.0000000000000000,172.9056396484375000
20.8117981,-0.0054945661686361,3.0309238433837891,0.0000000000000000,0.0420678593218327,1.3656010627746582,0.0000000000000000,173.6591339111328125
20.8218136,-0.0048054829239845,3.0438902378082275,0.0000000000000000,0.0690250098705292,1.3394377231597900,0.0000000000000000,174.4020538330078125
20.8318043,-0.0037602572701871,3.0566008090972900,0.0000000000000000,0.1114142984151840,1.3121271133422852,0.0000000000000000,175.1303100585937500
20.8417797,-0.0028894471470267,3.0689580440521240,0.0000000000000000,0.0901241749525070,1.2684757709503174,0.0000000000000000,175.8383331298828125
20.8518772,-0.0020088865421712,3.0807979106903076,0.0000000000000000,0.0922610834240913,1.2259047031402588,0.0000000000000000,176.5167083740234375
20.8618622,-0.0008753278525546,3.0922923088073730,0.0000000000000000,0.1109834536910057,1.1822962760925293,0.0000000000000000,177.1752929687500000
20.8718662,0.0002610385417938,3.1032660007476807,0.0000000000000000,0.1208094656467438,1.1398288011550903,0.0000000000000000,177.8040313720703125
20.8818607,0.0021638029720634,3.1140770912170410,0.0000000000000000,0.1945136934518814,1.1126785278320312,0.0000000000000000,178.4234619140625000
20.8917065,0.0043199532665312,3.1244587898254395,0.0000000000000000,0.2285575121641159,1.0791274309158325,0.0000000000000000,179.0182952880859375
20.9016819,0.0056872041895986,3.1346631050109863,0.0000000000000000,0.1433877646923065,1.0500473976135254,0.0000000000000000,179.6029510498046875
20.9115257,0.0060943332500756,3.1445138454437256,0.0000000000000000,0.0415162816643715,1.0186927318572998,0.0000000000000000,180.1673583984375000
20.9214783,0.0058844392187893,3.1540122032165527,0.0000000000000000,-0.0256307087838650,0.9785141348838806,0.0000000000000000,180.7115783691406250
20.9315357,0.0053159845992923,3.1630749702453613,0.0000000000000000,-0.0604648403823376,0.9350049495697021,0.0000000000000000,181.2308349609375000
20.9413567,0.0049072215333581,3.1716210842132568,0.0000000000000000,-0.0375208854675293,0.8825760483741760,0.0000000000000000,181.7204895019531250
20.9513321,0.0054340329952538,3.1796653270721436,0.0000000000000000,0.0528289265930653,0.8378424048423767,0.0000000000000000,182.1813964843750000
20.9613438,0.0072350054979324,3.1875629425048828,0.0000000000000000,0.1852767765522003,0.8032048940658569,0.0000000000000000,182.6338958740234375
20.9711742,0.0093665113672614,3.1950409412384033,0.0000000000000000,0.2309173941612244,0.7742890715599060,0.0000000000000000,183.0623474121093750
20.9811878,0.0109693333506584,3.2023410797119141,0.0000000000000000,0.1550843566656113,0.7573474049568176,0.0000000000000000,183.4806213378906250
20.9911613,0.0116941463202238,3.2093684673309326,0.0000000000000000,0.0812094137072563,0.7261162400245667,0.0000000000000000,183.8832550048828125
21.0009804,0.0120651964098215,3.2161304950714111,0.0000000000000000,0.0340861305594444,0.6945673823356628,0.0000000000000000,184.2706909179687500
21.0110188,0.0133813405409455,3.2224876880645752,0.0000000000000000,0.1401849687099457,0.6563847661018372,0.0000000000000000,184.6349334716796875
21.0209923,0.0160818472504616,3.2283647060394287,0.0000000000000000,0.2772835195064545,0.6031429171562195,0.0000000000000000,184.9716644287109375
21.0308247,0.0192264579236507,3.2335646152496338,0.0000000000000000,0.3227987587451935,0.5445326566696167,0.0000000000000000,185.2695922851562500
21.0408096,0.0219566319137812,3.2381579875946045,0.0000000000000000,0.2825809121131897,0.4751314222812653,0.0000000000000000,185.5327758789062500
21.0507927,0.0237174369394779,3.2405612468719482,0.0000000000000000,0.2513554096221924,0.3788850903511047,0.0000000000000000,185.6704711914062500
21.0607204,0.0260358061641455,3.2418589591979980,0.0000000000000000,0.2799183428287506,0.2662019133567810,0.0000000000000000,185.7448272705078125
21.0706463,0.0290844272822142,3.2422201633453369,0.0000000000000000,0.3442225754261017,0.1416642814874649,0.0000000000000000,185.7655181884765625
21.0806351,0.0327750667929649,3.2416553497314453,0.0000000000000000,0.4009756743907928,0.0135214924812317,0.0000000000000000,185.7331542968750000
21.0904598,0.0366155989468098,3.2395341396331787,0.0000000000000000,0.4327331483364105,-0.1224629878997803,0.0000000000000000,185.6116180419921875
21.1004581,0.0410811416804790,3.2370808124542236,0.0000000000000000,0.4599377810955048,-0.2531906962394714,0.0000000000000000,185.4710540771484375
21.1104527,0.0454276278614998,3.2334930896759033,0.0000000000000000,0.4473995864391327,-0.3731945455074310,0.0000000000000000,185.2655029296875000
21.1202698,0.0494698733091354,3.2285971641540527,0.0000000000000000,0.4146282076835632,-0.4987692236900330,0.0000000000000000,184.9849853515625000
21.1302776,0.0532969795167446,3.2225589752197266,0.0000000000000000,0.3917585015296936,-0.6291072964668274,0.0000000000000000,184.6390228271484375
21.1402817,0.0569938160479069,3.2151262760162354,0.0000000000000000,0.3876290321350098,-0.7658522725105286,0.0000000000000000,184.2131500244140625
21.1501026,0.0603937394917011,3.2060294151306152,0.0000000000000000,0.3709542751312256,-0.9092623591423035,0.0000000000000000,183.6919403076171875
21.1601048,0.0638234615325928,3.1957132816314697,0.0000000000000000,0.3793496191501617,-1.0325262546539307,0.0000000000000000,183.1008758544921875
21.1700802,0.0674327462911606,3.1847031116485596,0.0000000000000000,0.3733632564544678,-1.1303009986877441,0.0000000000000000,182.4700317382812500
21.1799183,0.0710468441247940,3.1730771064758301,0.0000000000000000,0.3677256703376770,-1.2060712575912476,0.0000000000000000,181.8039093017578125
21.1899281,0.0742260366678238,3.1609077453613281,0.0000000000000000,0.3288381099700928,-1.2544535398483276,0.0000000000000000,181.1066589355468750
21.1999035,0.0766130536794662,3.1484489440917969,0.0000000000000000,0.2547840476036072,-1.2888959646224976,0.0000000000000000,180.3928222656250000
21.2097359,0.0785493105649948,3.1357998847961426,0.0000000000000000,0.1978033483028412,-1.3023142814636230,0.0000000000000000,179.6680908203125000
21.2197304,0.0804660096764565,3.1231448650360107,0.0000000000000000,0.1885628700256348,-1.3128218650817871,0.0000000000000000,178.9430084228515625
21.2297211,0.0824504196643829,3.1102223396301270,0.0000000000000000,0.2152354568243027,-1.3267371654510498,0.0000000000000000,178.2026062011718750
21.2395592,0.0842295959591866,3.0973703861236572,0.0000000000000000,0.1836165040731430,-1.3262310028076172,0.0000000000000000,177.4662475585937500
21.2495518,0.0854597166180611,3.0847587585449219,0.0000000000000000,0.1246180981397629,-1.3175604343414307,0.0000000000000000,176.7436523437500000
21.2595711,0.0863179489970207,3.0719571113586426,0.0000000000000000,0.0889003425836563,-1.3074281215667725,0.0000000000000000,176.0101623535156250
21.2694778,0.0869642123579979,3.0594902038574219,0.0000000000000000,0.0767600536346436,-1.2990661859512329,0.0000000000000000,175.2958679199218750
21.2794018,0.0864627510309219,3.0469200611114502,0.0000000000000000,-0.0521789863705635,-1.2936316728591919,0.0000000000000000,174.5756530761718750
21.2893753,0.0857649520039558,3.0343499183654785,0.0000000000000000,-0.0797189846634865,-1.2947579622268677,0.0000000000000000,173.8554382324218750
21.2993107,0.0843607559800148,3.0219554901123047,0.0000000000000000,-0.1305395364761353,-1.2868061065673828,0.0000000000000000,173.1452789306640625
21.3091888,0.0826852992177010,3.0095658302307129,0.0000000000000000,-0.1780538260936737,-1.2780504226684570,0.0000000000000000,172.4354095458984375
21.3192310,0.0817603468894958,2.9970912933349609,0.0000000000000000,-0.0891989395022392,-1.2876226902008057,0.0000000000000000,171.7206726074218750
21.3291321,0.0805594101548195,2.9847018718719482,0.0000000000000000,-0.1282732188701630,-1.2801696062088013,0.0000000000000000,171.0108184814453125
21.3390083,0.0768852680921555,2.9604325294494629,0.0000000000000000,-0.1669531613588333,-1.2616072893142700,0.0000000000000000,169.6202850341796875
21.3490334,0.0742332637310028,2.9486367702484131,0.0000000000000000,-0.2128430455923080,-1.2437912225723267,0.0000000000000000,168.9444274902343750
21.3588600,0.0716431140899658,2.9371118545532227,0.0000000000000000,-0.2691690623760223,-1.2146170139312744,0.0000000000000000,168.2841033935546875
21.3688679,0.0685417279601097,2.9256713390350342,0.0000000000000000,-0.2678742408752441,-1.1924705505371094,0.0000000000000000,167.6286163330078125
21.3788433,0.0654369071125984,2.9143264293670654,0.0000000000000000,-0.3146497309207916,-1.1823008060455322,0.0000000000000000,166.9785919189453125
21.3886604,0.0624909661710262,2.9031605720520020,0.0000000000000000,-0.3239248394966125,-1.1691713333129883,0.0000000000000000,166.3388366699218750
21.3986855,0.0596864446997643,2.8924064636230469,0.0000000000000000,-0.3088710308074951,-1.1456456184387207,0.0000000000000000,165.7226715087890625
21.4086876,0.0568613670766354,2.8821060657501221,0.0000000000000000,-0.2842404544353485,-1.1258717775344849,0.0000000000000000,165.1325073242187500
21.4185143,0.0539663210511208,2.8736298084259033,0.0000000000000000,-0.2995893061161041,-1.0514127016067505,0.0000000000000000,164.6468505859375000
21.4285126,0.0512821897864342,2.8652245998382568,0.0000000000000000,-0.2961102128028870,-0.8777533173561096,0.0000000000000000,164.1652679443359375
21.4384880,0.0476855151355267,2.8571021556854248,0.0000000000000000,-0.2769041061401367,-0.8663250803947449,0.0000000000000000,163.6998901367187500
21.4484940,0.0427646636962891,2.8493385314941406,0.0000000000000000,-0.3788050413131714,-0.8380880355834961,0.0000000000000000,163.2550659179687500
21.4583416,0.0380128361284733,2.8417489528656006,0.0000000000000000,-0.5022812485694885,-0.8133493065834045,0.0000000000000000,162.8202056884765625
21.4683399,0.0336341224610806,2.8345098495483398,0.0000000000000000,-0.4928792417049408,-0.7792621850967407,0.0000000000000000,162.4054412841796875
21.4783401,0.0297027397900820,2.8274340629577637,0.0000000000000000,-0.4494051337242126,-0.7487645149230957,0.0000000000000000,162.0000305175781250
21.4881401,0.0257262196391821,2.8206143379211426,0.0000000000000000,-0.4003343582153320,-0.7219449877738953,0.0000000000000000,161.6092834472656250
21.4981518,0.0225965082645416,2.8139655590057373,0.0000000000000000,-0.4128473401069641,-0.7055557370185852,0.0000000000000000,161.2283477783203125
21.5079575,0.0195021517574787,2.8072183132171631,0.0000000000000000,-0.3310735821723938,-0.6895494461059570,0.0000000000000000,160.8417510986328125
21.5179806,0.0161605626344681,2.8005766868591309,0.0000000000000000,-0.3120858073234558,-0.6897034049034119,0.0000000000000000,160.4612121582031250
21.5279522,0.0123713491484523,2.7938406467437744,0.0000000000000000,-0.3499320149421692,-0.6901234388351440,0.0000000000000000,160.0752716064453125
21.5377750,0.0087453164160252,2.7871084213256836,0.0000000000000000,-0.3873153030872345,-0.6971701979637146,0.0000000000000000,159.6895446777343750
21.5477886,0.0056979814544320,2.7803449630737305,0.0000000000000000,-0.3755015730857849,-0.6925989985466003,0.0000000000000000,159.3020172119140625
21.5577831,0.0023626445326954,2.7734184265136719,0.0000000000000000,-0.3088608682155609,-0.7001522183418274,0.0000000000000000,158.9051666259765625
21.5676041,-0.0006047525093891,2.7665948867797852,0.0000000000000000,-0.3428559601306915,-0.7060986757278442,0.0000000000000000,158.5142059326171875
21.5776062,-0.0038031989242882,2.7599306106567383,0.0000000000000000,-0.3001581430435181,-0.7024012804031372,0.0000000000000000,158.1323699951171875
21.5876274,-0.0072459913790226,2.7535424232482910,0.0000000000000000,-0.3258733451366425,-0.6867194771766663,0.0000000000000000,157.7663574218750000
21.5974541,-0.0107793100178242,2.7473113536834717,0.0000000000000000,-0.3604911565780640,-0.6645105481147766,0.0000000000000000,157.4093322753906250
21.6074562,-0.0142992502078414,2.7415404319763184,0.0000000000000000,-0.3641952872276306,-0.6347221732139587,0.0000000000000000,157.0786895751953125
21.6174583,-0.0168585274368525,2.7361907958984375,0.0000000000000000,-0.3693327307701111,-0.5984811782836914,0.0000000000000000,156.7721710205078125
21.6273632,-0.0188309457153082,2.7311959266662598,0.0000000000000000,-0.2587537467479706,-0.5560346841812134,0.0000000000000000,156.4859924316406250
21.6372776,-0.0211924239993095,2.7267298698425293,0.0000000000000000,-0.2087750434875488,-0.5105631947517395,0.0000000000000000,156.2301025390625000
21.6472797,-0.0241121128201485,2.7224206924438477,0.0000000000000000,-0.2442280203104019,-0.4684912562370300,0.0000000000000000,155.9832000732421875
21.6570873,-0.0271487683057785,2.7184007167816162,0.0000000000000000,-0.2998028993606567,-0.4372103214263916,0.0000000000000000,155.7528839111328125
21.6670876,-0.0299119856208563,2.7148191928863525,0.0000000000000000,-0.3156118392944336,-0.4101839959621429,0.0000000000000000,155.5476684570312500
21.6770763,-0.0323181971907616,2.7114880084991455,0.0000000000000000,-0.2804135978221893,-0.3719466030597687,0.0000000000000000,155.3568115234375000
21.6870079,-0.0346869640052319,2.7083232402801514,0.0000000000000000,-0.2511130869388580,-0.3447496891021729,0.0000000000000000,155.1754760742187500
21.6969604,-0.0373369269073009,2.7054471969604492,0.0000000000000000,-0.2690269649028778,-0.2995423674583435,0.0000000000000000,155.0106964111328125
21.7068939,-0.0390998795628548,2.7023799419403076,0.0000000000000000,-0.1784939914941788,-0.2803729772567749,0.0000000000000000,154.8349609375000000
21.7168217,-0.0403297767043114,2.6998972892761230,0.0000000000000000,-0.1220026463270187,-0.2529233396053314,0.0000000000000000,154.6927185058593750
21.7267513,-0.0417947284877300,2.6977248191833496,0.0000000000000000,-0.1474306732416153,-0.2197722345590591,0.0000000000000000,154.5682373046875000
21.7367458,-0.0432164184749126,2.6958856582641602,0.0000000000000000,-0.1427873671054840,-0.1731292903423309,0.0000000000000000,154.4628601074218750
21.7467518,-0.0443989746272564,2.6944873332977295,0.0000000000000000,-0.1179033070802689,-0.1325826793909073,0.0000000000000000,154.3827362060546875
21.7567482,-0.0453215390443802,2.6936113834381104,0.0000000000000000,-0.0792030766606331,-0.0752664729952812,0.0000000000000000,154.3325500488281250
21.7667484,-0.0458627454936504,2.6932723522186279,0.0000000000000000,-0.0603222176432610,-0.0253470893949270,0.0000000000000000,154.3131256103515625
21.7767487,-0.0464416332542896,2.6934540271759033,0.0000000000000000,-0.0513155646622181,0.0339253954589367,0.0000000000000000,154.3235321044921875
21.7867527,-0.0470138974487782,2.6941797733306885,0.0000000000000000,-0.0361670702695847,0.0939937978982925,0.0000000000000000,154.3651275634765625
21.7967548,-0.0474108569324017,2.6952409744262695,0.0000000000000000,-0.0156133212149143,0.1475834995508194,0.0000000000000000,154.4259185791015625
21.8067532,-0.0476564876735210,2.6965939998626709,0.0000000000000000,0.0016589295119047,0.1873149722814560,0.0000000000000000,154.5034484863281250
21.8167553,-0.0476882271468639,2.6982779502868652,0.0000000000000000,0.0206163302063942,0.2186393588781357,0.0000000000000000,154.5999298095703125
21.8267574,-0.0477435588836670,2.7002274990081787,0.0000000000000000,0.0181056503206491,0.2455590665340424,0.0000000000000000,154.7116241455078125
21.8367577,-0.0477715432643890,2.7025964260101318,0.0000000000000000,0.0233993660658598,0.2737502753734589,0.0000000000000000,154.8473663330078125
21.8467579,-0.0474217347800732,2.7053325176239014,0.0000000000000000,0.0441148951649666,0.3081398606300354,0.0000000000000000,155.0041198730468750
21.8567600,-0.0469003990292549,2.7084412574768066,0.0000000000000000,0.0606892481446266,0.3463421165943146,0.0000000000000000,155.1822509765625000
21.8667603,-0.0457570590078831,2.7123198509216309,0.0000000000000000,0.1145877689123154,0.3914441764354706,0.0000000000000000,155.4044647216796875
21.8767624,-0.0437799766659737,2.7166142463684082,0.0000000000000000,0.2092887461185455,0.4451137185096741,0.0000000000000000,155.6505279541015625
21.8867645,-0.0403307937085629,2.7215609550476074,0.0000000000000000,0.3503468334674835,0.5114545822143555,0.0000000000000000,155.9339447021484375
21.8967648,-0.0359608083963394,2.7270090579986572,0.0000000000000000,0.4564830064773560,0.5636646747589111,0.0000000000000000,156.2460937500000000
21.9067631,-0.0312854573130608,2.7329678535461426,0.0000000000000000,0.4807645082473755,0.6105361580848694,0.0000000000000000,156.5875091552734375
21.9167633,-0.0267493855208158,2.7391736507415771,0.0000000000000000,0.4642882049083710,0.6434723734855652,0.0000000000000000,156.9430847167968750
21.9267654,-0.0225040242075920,2.7457146644592285,0.0000000000000000,0.4391333162784576,0.6770092844963074,0.0000000000000000,157.3178558349609375
21.9367657,-0.0178566407412291,2.7526011466979980,0.0000000000000000,0.4831798076629639,0.7119886279106140,0.0000000000000000,157.7124176025390625
21.9467678,-0.0127042336389422,2.7597277164459229,0.0000000000000000,0.5283492207527161,0.7442216873168945,0.0000000000000000,158.1207427978515625
21.9567719,-0.0072633964009583,2.7672810554504395,0.0000000000000000,0.5659648776054382,0.7719686031341553,0.0000000000000000,158.5535125732421875
21.9667721,-0.0021032707300037,2.7749171257019043,0.0000000000000000,0.5252709984779358,0.7948574423789978,0.0000000000000000,158.9910278320312500
21.9767761,0.0024046660400927,2.7827856540679932,0.0000000000000000,0.4693099558353424,0.8128120303153992,0.0000000000000000,159.4418640136718750
21.9867840,0.0073478883132339,2.7908580303192139,0.0000000000000000,0.5095362663269043,0.8299232125282288,0.0000000000000000,159.9043731689453125
21.9967785,0.0125965680927038,2.7989616394042969,0.0000000000000000,0.5382719635963440,0.8362101912498474,0.0000000000000000,160.3686828613281250
22.0067787,0.0176539048552513,2.8072369098663330,0.0000000000000000,0.5231308341026306,0.8511492609977722,0.0000000000000000,160.8428192138671875
22.0167809,0.0228153485804796,2.8154380321502686,0.0000000000000000,0.5361706614494324,0.8587122559547424,0.0000000000000000,161.3127136230468750
22.0267982,0.0280846729874611,2.8238775730133057,0.0000000000000000,0.5345017313957214,0.8662908077239990,0.0000000000000000,161.7962646484375000
22.0367851,0.0333501510322094,2.8325710296630859,0.0000000000000000,0.5434673428535461,0.8987856507301331,0.0000000000000000,162.2943572998046875
22.0467892,0.0381265543401241,2.8415341377258301,0.0000000000000000,0.5011970400810242,0.9199072122573853,0.0000000000000000,162.8079071044921875
22.0567894,0.0424914248287678,2.8505830764770508,0.0000000000000000,0.4503169655799866,0.9347540140151978,0.0000000000000000,163.3263702392578125
22.0667915,0.0459302589297295,2.8595862388610840,0.0000000000000000,0.3524106740951538,0.9259108304977417,0.0000000000000000,163.8422088623046875
22.0767937,0.0488343760371208,2.8683221340179443,0.0000000000000000,0.3012805283069611,0.9110651612281799,0.0000000000000000,164.3427429199218750
22.0867958,0.0515668578445911,2.8770642280578613,0.0000000000000000,0.2821531593799591,0.9013301730155945,0.0000000000000000,164.8436279296875000
22.0967979,0.0542105361819267,2.8857991695404053,0.0000000000000000,0.2699380218982697,0.8992294669151306,0.0000000000000000,165.3441009521484375
22.1073437,0.0563388690352440,2.8945496082305908,0.0000000000000000,0.2245744317770004,0.9044977426528931,0.0000000000000000,165.8454742431640625
22.1180801,0.0584803894162178,2.9035615921020508,0.0000000000000000,0.2125563621520996,0.9247562289237976,0.0000000000000000,166.3618164062500000
22.1286526,0.0597722977399826,2.9126846790313721,0.0000000000000000,0.1423287838697433,0.9535727500915527,0.0000000000000000,166.8845367431640625
22.1393871,0.0604811161756516,2.9224369525909424,0.0000000000000000,0.0665049627423286,1.0036845207214355,0.0000000000000000,167.4432983398437500
22.1499062,0.0614312365651131,2.9322578907012939,0.0000000000000000,0.1026221364736557,1.0174034833908081,0.0000000000000000,168.0059967041015625
22.1608753,0.0619533210992813,2.9421696662902832,0.0000000000000000,0.0529983192682266,1.0229581594467163,0.0000000000000000,168.5738983154296875
22.1711998,0.0622420646250248,2.9523620605468750,0.0000000000000000,0.0169345587491989,1.0449687242507935,0.0000000000000000,169.1578826904296875
22.1816063,0.0619004406034946,2.9625542163848877,0.0000000000000000,-0.0365137234330177,1.0504688024520874,0.0000000000000000,169.7418365478515625
22.1871758,0.0617285668849945,2.9726583957672119,0.0000000000000000,-0.0108333490788937,1.0450594425201416,0.0000000000000000,170.3207702636718750
22.2020435,0.0617063231766224,2.9826557636260986,0.0000000000000000,0.0018691197037697,1.0324742794036865,0.0000000000000000,170.8935852050781250
22.2120533,0.0639853850007057,2.9924247264862061,0.0000000000000000,0.2231185436248779,1.0130215883255005,0.0000000000000000,171.4532928466796875
22.2220402,0.0668706893920898,3.0024406909942627,0.0000000000000000,0.3024517893791199,1.0290815830230713,0.0000000000000000,172.0271759033203125
22.2320690,0.0676824301481247,3.0122427940368652,0.0000000000000000,0.0853064805269241,1.0199002027511597,0.0000000000000000,172.5887908935546875
22.2420483,0.0661843419075012,3.0220196247100830,0.0000000000000000,-0.1496559679508209,1.0035200119018555,0.0000000000000000,173.1489562988281250
22.2521000,0.0636465549468994,3.0313854217529297,0.0000000000000000,-0.2700861096382141,0.9755508303642273,0.0000000000000000,173.6855773925781250
22.2621326,0.0612622834742069,3.0404765605926514,0.0000000000000000,-0.2371627390384674,0.9316931366920471,0.0000000000000000,174.2064666748046875
22.2719460,0.0597275309264660,3.0492937564849854,0.0000000000000000,-0.1653344184160233,0.9126665592193604,0.0000000000000000,174.7116546630859375
22.2819271,0.0586007162928581,3.0578362941741943,0.0000000000000000,-0.1147391349077225,0.8830834031105042,0.0000000000000000,175.2011108398437500
22.2919216,0.0579768605530262,3.0661971569061279,0.0000000000000000,-0.0576807558536530,0.8661562204360962,0.0000000000000000,175.6801452636718750
22.3017521,0.0567341186106205,3.0747318267822266,0.0000000000000000,-0.1291820108890533,0.8715180158615112,0.0000000000000000,176.1691436767578125
22.3117561,0.0546948611736298,3.0831797122955322,0.0000000000000000,-0.2073978781700134,0.8776856064796448,0.0000000000000000,176.6531677246093750
22.3217468,0.0529043972492218,3.0916233062744141,0.0000000000000000,-0.1840933114290237,0.8704080581665039,0.0000000000000000,177.1369628906250000
22.3315716,0.0521309711039066,3.0999624729156494,0.0000000000000000,-0.0810002088546753,0.8675471544265747,0.0000000000000000,177.6147613525390625
22.3416023,0.0515178143978119,3.1083836555480957,0.0000000000000000,-0.0587195828557014,0.8669856190681458,0.0000000000000000,178.0972595214843750
22.3515968,0.0507222339510918,3.1166357994079590,0.0000000000000000,-0.0774246156215668,0.8496048450469971,0.0000000000000000,178.5700683593750000
22.3614483,0.0493953227996826,3.1247155666351318,0.0000000000000000,-0.1417432278394699,0.8381295204162598,0.0000000000000000,179.0330047607421875
22.3714199,0.0477081872522831,3.1328852176666260,0.0000000000000000,-0.1680328398942947,0.8396468758583069,0.0000000000000000,179.5010833740234375
22.3814316,0.0462681017816067,3.1409623622894287,0.0000000000000000,-0.1489047408103943,0.8390903472900391,0.0000000000000000,179.9638824462890625
22.3912220,0.0450722128152847,3.1489479541778564,0.0000000000000000,-0.1264228969812393,0.8231878876686096,0.0000000000000000,180.4214172363281250
22.4012260,0.0440370328724384,3.1564967632293701,0.0000000000000000,-0.1071074977517128,0.7813339829444885,0.0000000000000000,180.8539276123046875
22.4112206,0.0429898388683796,3.1637861728668213,0.0000000000000000,-0.1007650345563889,0.7548446059226990,0.0000000000000000,181.2715911865234375
22.4210472,0.0421875081956387,3.1709902286529541,0.0000000000000000,-0.0825873166322708,0.7386628389358521,0.0000000000000000,181.6843414306640625
22.4310703,0.0415508486330509,3.1782736778259277,0.0000000000000000,-0.0635606274008751,0.7462301254272461,0.0000000000000000,182.1016540527343750
22.4410496,0.0418523550033569,3.1855604648590088,0.0000000000000000,0.0325128585100174,0.7634850144386292,0.0000000000000000,182.5191650390625000
22.4508686,0.0417983643710613,3.1928467750549316,0.0000000000000000,-0.0028807385824621,0.7508457303047180,0.0000000000000000,182.9366302490234375
22.4608765,0.0414747893810272,3.1997885704040527,0.0000000000000000,-0.0373494364321232,0.7187191247940063,0.0000000000000000,183.3343658447265625
22.4708691,0.0414062924683094,3.2064681053161621,0.0000000000000000,-0.0067044817842543,0.6848287582397461,0.0000000000000000,183.7170867919921875
22.4806976,0.0429637879133224,3.2126462459564209,0.0000000000000000,0.1667958348989487,0.6370630860328674,0.0000000000000000,184.0710601806640625
22.4906712,0.0460780411958694,3.2184014320373535,0.0000000000000000,0.3209406733512878,0.5949105620384216,0.0000000000000000,184.4008026123046875
22.5006981,0.0492682121694088,3.2237362861633301,0.0000000000000000,0.3262796700000763,0.5513848066329956,0.0000000000000000,184.7064666748046875
22.5105114,0.0513452142477036,3.2286252975463867,0.0000000000000000,0.2206177860498428,0.4992400705814362,0.0000000000000000,184.9865875244140625
22.5205231,0.0531684868037701,3.2329044342041016,0.0000000000000000,0.1812599450349808,0.4391620755195618,0.0000000000000000,185.2317657470703125
22.5305157,0.0550767444074154,3.2365002632141113,0.0000000000000000,0.1972434222698212,0.3782976567745209,0.0000000000000000,185.4377899169921875
22.5403156,0.0576019473373890,3.2394056320190430,0.0000000000000000,0.2622792124748230,0.3043721914291382,0.0000000000000000,185.6042633056640625
22.5503387,0.0610861890017986,3.2416331768035889,0.0000000000000000,0.3540989458560944,0.2237256765365601,0.0000000000000000,185.7318878173828125
22.5603371,0.0648541226983070,3.2431614398956299,0.0000000000000000,0.4004958868026733,0.1521527618169785,0.0000000000000000,185.8194580078125000
22.5701599,0.0687162950634956,3.2439169883728027,0.0000000000000000,0.3945736587047577,0.0792547538876534,0.0000000000000000,185.8627471923828125
22.5801620,0.0725957900285721,3.2438852787017822,0.0000000000000000,0.4030562639236450,-0.0003898065770045,0.0000000000000000,185.8609313964843750
22.5901642,0.0771818310022354,3.2431654930114746,0.0000000000000000,0.4730910062789917,-0.0795024186372757,0.0000000000000000,185.8196868896484375
22.5999718,0.0825555920600891,3.2415060997009277,0.0000000000000000,0.5428192615509033,-0.1614889204502106,0.0000000000000000,185.7246093750000000
22.6099834,0.0881161317229271,3.2393219470977783,0.0000000000000000,0.5793997645378113,-0.2337093204259872,0.0000000000000000,185.5994720458984375
22.6199780,0.0939549282193184,3.2364346981048584,0.0000000000000000,0.6051620244979858,-0.2932468652725220,0.0000000000000000,185.4340362548828125
22.6297874,0.1000620126724243,3.2330231666564941,0.0000000000000000,0.6297225952148438,-0.3519778847694397,0.0000000000000000,185.2385711669921875
22.6398048,0.1068703606724739,3.2290034294128418,0.0000000000000000,0.7031209468841553,-0.4095713198184967,0.0000000000000000,185.0082550048828125
22.6497879,0.1145595461130142,3.2245378494262695,0.0000000000000000,0.7886963486671448,-0.4646125137805939,0.0000000000000000,184.7523956298828125
22.6596413,0.1230224817991257,3.2193899154663086,0.0000000000000000,0.8789627552032471,-0.5309363007545471,0.0000000000000000,184.4574432373046875
22.6696148,0.1306461989879608,3.2121953964233398,0.0000000000000000,0.7900910377502441,-0.7473136186599731,0.0000000000000000,184.0452270507812500
22.6796341,0.1365220844745636,3.2038841247558594,0.0000000000000000,0.5978264212608337,-0.8514832854270935,0.0000000000000000,183.5690307617187500
22.6894646,0.1441308856010437,3.1952214241027832,0.0000000000000000,0.7988930940628052,-0.8989890217781067,0.0000000000000000,183.0726928710937500
22.6994686,0.1527715176343918,3.1861245632171631,0.0000000000000000,0.8902547955513000,-0.9309244155883789,0.0000000000000000,182.5514831542968750
22.7094612,0.1614912152290344,3.1767683029174805,0.0000000000000000,0.9019411802291870,-0.9641860127449036,0.0000000000000000,182.0154113769531250
22.7192688,0.1798819750547409,3.1578390598297119,0.0000000000000000,0.9005199074745178,-0.9763083457946777,0.0000000000000000,180.9308471679687500
22.7292919,0.1898895502090454,3.1482639312744141,0.0000000000000000,1.0008944272994995,-0.9850439429283142,0.0000000000000000,180.3822326660156250
22.7392883,0.1898895502090454,3.1482639312744141,0.0000000000000000,1.0271912813186646,-0.9909083843231201,0.0000000000000000,180.3822326660156250
22.7491055,0.2065258473157883,3.1311035156250000,0.0000000000000000,1.1177500486373901,-0.9990571141242981,0.0000000000000000,179.3990020751953125
22.7591000,0.2152079790830612,3.1305994987487793,0.0000000000000000,0.5976775288581848,-0.7705259323120117,0.0000000000000000,179.3701324462890625
22.7691116,0.2179813385009766,3.1306045055389404,0.0000000000000000,0.8958052992820740,-0.0464913174510002,0.0000000000000000,179.3704223632812500
22.7789154,0.2192948311567307,3.1305086612701416,0.0000000000000000,0.2879859209060669,-0.0067626680247486,0.0000000000000000,179.3649291992187500
22.7889156,0.2205142676830292,3.1304714679718018,0.0000000000000000,0.1317138075828552,-0.0066994391381741,0.0000000000000000,179.3627929687500000
22.7989254,0.2231202870607376,3.1303229331970215,0.0000000000000000,0.1321775019168854,-0.0093153789639473,0.0000000000000000,179.3542785644531250
22.8087482,0.2267865836620331,3.1302411556243896,0.0000000000000000,0.2694705724716187,-0.0136668533086777,0.0000000000000000,179.3495941162109375
22.8187485,0.2312193959951401,3.1300120353698730,0.0000000000000000,0.3757529258728027,-0.0138222649693489,0.0000000000000000,179.3364715576171875
22.8287659,0.2342897802591324,3.1298453807830811,0.0000000000000000,0.4600256681442261,-0.0202867574989796,0.0000000000000000,179.3269195556640625
22.8385792,0.2381268739700317,3.1298308372497559,0.0000000000000000,0.3189074993133545,-0.0061135292053223,0.0000000000000000,179.3260803222656250
22.8485527,0.2444942742586136,3.1297488212585449,0.0000000000000000,0.4001269340515137,-0.0071392059326172,0.0000000000000000,179.3213958740234375
22.8585777,0.2514788806438446,3.1295342445373535,0.0000000000000000,0.6466326713562012,-0.0110397562384605,0.0000000000000000,179.3090972900390625
22.8683758,0.2593389749526978,3.1292164325714111,0.0000000000000000,0.7275604605674744,-0.0202625617384911,0.0000000000000000,179.2908782958984375
22.8783798,0.2665030360221863,3.1289608478546143,0.0000000000000000,0.8044289350509644,-0.0265421047806740,0.0000000000000000,179.2762451171875000
22.8883801,0.2735989093780518,3.1288294792175293,0.0000000000000000,0.7492769956588745,-0.0198389142751694,0.0000000000000000,179.2687072753906250
22.8982201,0.2815461158752441,3.1286602020263672,0.0000000000000000,0.7254633307456970,-0.0152824223041534,0.0000000000000000,179.2590179443359375
22.9082050,0.2895281910896301,3.1284945011138916,0.0000000000000000,0.8422586321830750,-0.0187297910451889,0.0000000000000000,179.2495269775390625
22.9182243,0.2972415983676910,3.1283504962921143,0.0000000000000000,0.8257685303688049,-0.0188707336783409,0.0000000000000000,179.2412719726562500
22.9280262,0.3045343160629272,3.1281208992004395,0.0000000000000000,0.8018918633460999,-0.0121928155422211,0.0000000000000000,179.2281188964843750
22.9380283,0.3112945556640625,3.1280543804168701,0.0000000000000000,0.7461354732513428,-0.0141434893012047,0.0000000000000000,179.2243041992187500
22.9480495,0.3168312013149261,3.1278936862945557,0.0000000000000000,0.6892763376235962,-0.0077593177556992,0.0000000000000000,179.2151031494140625
22.9578514,0.3213150799274445,3.1278131008148193,0.0000000000000000,0.5827929377555847,-0.0109588429331779,0.0000000000000000,179.2104797363281250
22.9678440,0.3259753882884979,3.1277625560760498,0.0000000000000000,0.4652490019798279,-0.0080430209636688,0.0000000000000000,179.2075805664062500
22.9778519,0.3307086825370789,3.1276321411132812,0.0000000000000000,0.4669425189495087,-0.0104885734617710,0.0000000000000000,179.2001190185546875
22.9876862,0.3355412185192108,3.1274929046630859,0.0000000000000000,0.4913037717342377,-0.0139558054506779,0.0000000000000000,179.1921386718750000
22.9976883,0.3404569029808044,3.1269040107727051,0.0000000000000000,0.5003505945205688,-0.0143115315586329,0.0000000000000000,179.1583862304687500
23.0076904,0.3451162576675415,3.1264872550964355,0.0000000000000000,0.5194036960601807,-0.0169272758066654,0.0000000000000000,179.1345214843750000
23.0174961,0.3500259518623352,3.1263318061828613,0.0000000000000000,0.5027827024459839,-0.0155140869319439,0.0000000000000000,179.1256103515625000
23.0274925,0.3555577993392944,3.1261918544769287,0.0000000000000000,0.5038052201271057,-0.0161048471927643,0.0000000000000000,179.1175842285156250
23.0375423,0.3616105020046234,3.1259901523590088,0.0000000000000000,0.5628690719604492,-0.0157795958220959,0.0000000000000000,179.1060333251953125
23.0473175,0.3682909011840820,3.1256964206695557,0.0000000000000000,0.6358598470687866,-0.0205279625952244,0.0000000000000000,179.0892028808593750
23.0573215,0.3753415048122406,3.1256272792816162,0.0000000000000000,0.6894046068191528,-0.0217593312263489,0.0000000000000000,179.0852355957031250
23.0672874,0.3817489743232727,3.1253232955932617,0.0000000000000000,0.7211213707923889,-0.0198730435222387,0.0000000000000000,179.0678253173828125
23.0772419,0.3871356546878815,3.1252088546752930,0.0000000000000000,0.5510628223419189,-0.0112107712775469,0.0000000000000000,179.0612640380859375
23.0871716,0.3909128904342651,3.1251256465911865,0.0000000000000000,0.3905901014804840,-0.0104040028527379,0.0000000000000000,179.0565032958984375
23.0971031,0.3929335474967957,3.1249957084655762,0.0000000000000000,0.2138277143239975,-0.0055565601214767,0.0000000000000000,179.0490570068359375
23.1070347,0.3939964175224304,3.1250236034393311,0.0000000000000000,0.0971067771315575,-0.0019453460117802,0.0000000000000000,179.0506591796875000
23.1169968,0.3946929574012756,3.1250422000885010,0.0000000000000000,0.0719849541783333,-0.0015867317561060,0.0000000000000000,179.0517120361328125
23.1269932,0.3955729305744171,3.1250653266906738,0.0000000000000000,0.0928162261843681,0.0009959215531126,0.0000000000000000,179.0530395507812500
23.1370010,0.3970046639442444,3.1249926090240479,0.0000000000000000,0.1472961157560349,-0.0029224287718534,0.0000000000000000,179.0488739013671875
23.1469975,0.3988389074802399,3.1250410079956055,0.0000000000000000,0.1832524240016937,-0.0051814373582602,0.0000000000000000,179.0516510009765625
23.1570015,0.4006019532680511,3.1249768733978271,0.0000000000000000,0.1941773891448975,-0.0047983555123210,0.0000000000000000,179.0479736328125000
23.1670055,0.4023696184158325,3.1248395442962646,0.0000000000000000,0.1800166070461273,-0.0031532538123429,0.0000000000000000,179.0401000976562500
23.1770058,0.4037702679634094,3.1246924400329590,0.0000000000000000,0.1560217291116714,0.0002804030664265,0.0000000000000000,179.0316772460937500
23.1870079,0.4050211012363434,3.1246142387390137,0.0000000000000000,0.1472595632076263,-0.0049605974927545,0.0000000000000000,179.0271911621093750
23.1970100,0.4066064953804016,3.1244714260101318,0.0000000000000000,0.1658564507961273,-0.0047906162217259,0.0000000000000000,179.0190124511718750
23.2070141,0.4080082476139069,3.1243238449096680,0.0000000000000000,0.1593126505613327,-0.0036588278599083,0.0000000000000000,179.0105590820312500
23.2170143,0.4092603325843811,3.1242449283599854,0.0000000000000000,0.1309178471565247,-0.0033066559117287,0.0000000000000000,179.0060424804687500
23.2270164,0.4101484715938568,3.1240837574005127,0.0000000000000000,0.0992695912718773,-0.0024554803967476,0.0000000000000000,178.9968109130859375
23.2370243,0.4108484387397766,3.1239905357360840,0.0000000000000000,0.0840192958712578,-0.0007817866280675,0.0000000000000000,178.9914703369140625
23.2470207,0.4115525186061859,3.1238243579864502,0.0000000000000000,0.0807857736945152,-0.0009000726277009,0.0000000000000000,178.9819488525390625
23.2570190,0.4122526347637177,3.1237308979034424,0.0000000000000000,0.0862395465373993,-0.0009457642445341,0.0000000000000000,178.9765930175781250
23.2670212,0.4130696952342987,3.1234555244445801,0.0000000000000000,0.0993082150816917,-0.0026169586926699,0.0000000000000000,178.9608154296875000
23.2770233,0.4139585196971893,3.1232936382293701,0.0000000000000000,0.1058920994400978,-0.0006326450966299,0.0000000000000000,178.9515380859375000
23.2870274,0.4152854382991791,3.1232156753540039,0.0000000000000000,0.1408532857894897,0.0005204649642110,0.0000000000000000,178.9470672607421875
23.2970295,0.4166167676448822,3.1230647563934326,0.0000000000000000,0.1495388597249985,0.0005836915224791,0.0000000000000000,178.9384155273437500
23.3070316,0.4177597463130951,3.1229817867279053,0.0000000000000000,0.1233437657356262,-0.0018699108622968,0.0000000000000000,178.9336700439453125
23.3170357,0.4185375273227692,3.1228168010711670,0.0000000000000000,0.0862419083714485,0.0001337934518233,0.0000000000000000,178.9242095947265625
23.3270359,0.4189810752868652,3.1227159500122070,0.0000000000000000,0.0555611215531826,-0.0019200189271942,0.0000000000000000,178.9184417724609375
23.3370419,0.4194286763668060,3.1225421428680420,0.0000000000000000,0.0622486323118210,0.0014201850863174,0.0000000000000000,178.9084777832031250
23.3470402,0.4202406704425812,3.1225624084472656,0.0000000000000000,0.0883620381355286,-0.0035366881638765,0.0000000000000000,178.9096374511718750
23.3570499,0.4212037026882172,3.1224017143249512,0.0000000000000000,0.0992891341447830,-0.0009601989877410,0.0000000000000000,178.9004364013671875
23.3670464,0.4220900535583496,3.1223113536834717,0.0000000000000000,0.0970870032906532,-0.0025277044624090,0.0000000000000000,178.8952484130859375
23.3770485,0.4227957427501678,3.1221439838409424,0.0000000000000000,0.0807695612311363,0.0029520906973630,0.0000000000000000,178.8856658935546875
23.3870487,0.4234246909618378,3.1220471858978271,0.0000000000000000,0.0643680542707443,-0.0011632668320090,0.0000000000000000,178.8801116943359375
23.3970528,0.4238727390766144,3.1218729019165039,0.0000000000000000,0.0566910430788994,-0.0009911648230627,0.0000000000000000,178.8701324462890625
23.4070530,0.4243156015872955,3.1218838691711426,0.0000000000000000,0.0578243024647236,0.0010685466695577,0.0000000000000000,178.8707580566406250
23.4170532,0.4248363971710205,3.1217117309570312,0.0000000000000000,0.0654371380805969,-0.0016735334647819,0.0000000000000000,178.8609008789062500
23.4270554,0.4254657030105591,3.1216144561767578,0.0000000000000000,0.0675747692584991,-0.0026858167257160,0.0000000000000000,178.8553161621093750
23.4370613,0.4259866476058960,3.1214420795440674,0.0000000000000000,0.0709552243351936,0.0008407637942582,0.0000000000000000,178.8454437255859375
23.4470615,0.4266160428524017,3.1213445663452148,0.0000000000000000,0.0687743201851845,-0.0013253352371976,0.0000000000000000,178.8398590087890625
23.4570637,0.4272485673427582,3.1212875843048096,0.0000000000000000,0.0687082484364510,-0.0006324356654659,0.0000000000000000,178.8365936279296875
23.4670658,0.4277655184268951,3.1211874485015869,0.0000000000000000,0.0698652267456055,-0.0002465525176376,0.0000000000000000,178.8308563232421875
23.4770718,0.4283952414989471,3.1210896968841553,0.0000000000000000,0.0654139667749405,-0.0021969040390104,0.0000000000000000,178.8252563476562500
23.4870720,0.4289164245128632,3.1209170818328857,0.0000000000000000,0.0600278079509735,0.0004343941691332,0.0000000000000000,178.8153686523437500
23.4970722,0.4293608665466309,3.1208148002624512,0.0000000000000000,0.0676621571183205,-0.0018235992174596,0.0000000000000000,178.8095092773437500
23.5070782,0.4304373562335968,3.1207683086395264,0.0000000000000000,0.1081049218773842,0.0019686929881573,0.0000000000000000,178.8068389892578125
23.5170765,0.4315836429595947,3.1206829547882080,0.0000000000000000,0.1288718432188034,0.0016844943165779,0.0000000000000000,178.8019561767578125
23.5270786,0.4327301979064941,3.1205973625183105,0.0000000000000000,0.1091732755303383,-0.0007207237649709,0.0000000000000000,178.7970428466796875
23.5370846,0.4332505762577057,3.1205372810363770,0.0000000000000000,0.0632542371749878,0.0004772790125571,0.0000000000000000,178.7936096191406250
23.5470791,0.4334374070167542,3.1204285621643066,0.0000000000000000,0.0261052362620831,-0.0006775197107345,0.0000000000000000,178.7873840332031250
23.5570812,0.4334374070167542,3.1204285621643066,0.0000000000000000,0.0130408694967628,-0.0011376206530258,0.0000000000000000,178.7873840332031250
23.5679893,0.4336283802986145,3.1202471256256104,0.0000000000000000,0.0185861401259899,0.0008278040913865,0.0000000000000000,178.7769775390625000
23.5770893,0.4338876008987427,3.1201400756835938,0.0000000000000000,0.0404213927686214,0.0032976742368191,0.0000000000000000,178.7708435058593750
23.5883675,0.4343314766883850,3.1201505661010742,0.0000000000000000,0.0600754879415035,0.0025157497730106,0.0000000000000000,178.7714538574218750
23.5987453,0.4350389540195465,3.1199815273284912,0.0000000000000000,0.0720952227711678,0.0018134218407795,0.0000000000000000,178.7617645263671875
23.6074562,0.4356698393821716,3.1198830604553223,0.0000000000000000,0.0731864497065544,-0.0003814958035946,0.0000000000000000,178.7561187744140625
23.6181965,0.4363721907138824,3.1198997497558594,0.0000000000000000,0.0808445289731026,0.0011394561734051,0.0000000000000000,178.7570800781250000
23.6289158,0.4371522367000580,3.1197321414947510,0.0000000000000000,0.0884548127651215,0.0016491729766130,0.0000000000000000,178.7474822998046875
23.6403885,0.4379684031009674,3.1197514533996582,0.0000000000000000,0.0731397271156311,-0.0003084910567850,0.0000000000000000,178.7485809326171875
23.6500378,0.4382278025150299,3.1196436882019043,0.0000000000000000,0.0415369756519794,-0.0005627439823002,0.0000000000000000,178.7424011230468750
23.6617031,0.4384903311729431,3.1195776462554932,0.0000000000000000,0.0250351838767529,0.0019923369400203,0.0000000000000000,178.7386169433593750
23.6713181,0.4384914040565491,3.1194636821746826,0.0000000000000000,0.0185876544564962,0.0008313874132000,0.0000000000000000,178.7320861816406250
23.6771088,0.4387508630752563,3.1193559169769287,0.0000000000000000,0.0261976644396782,0.0035122497938573,0.0000000000000000,178.7259216308593750
23.6921997,0.4391229748725891,3.1193647384643555,0.0000000000000000,0.0369820594787598,-0.0046156411990523,0.0000000000000000,178.7264251708984375
23.7020798,0.4393865466117859,3.1191847324371338,0.0000000000000000,0.0436709411442280,0.0016598026268184,0.0000000000000000,178.7161102294921875
23.7119923,0.4398310780525208,3.1191949844360352,0.0000000000000000,0.0556917265057564,0.0009518930455670,0.0000000000000000,178.7167053222656250
23.7220268,0.4403531253337860,3.1190209388732910,0.0000000000000000,0.0589878074824810,-0.0007497007027268,0.0000000000000000,178.7067260742187500
23.7318401,0.4409849643707275,3.1189217567443848,0.0000000000000000,0.0753220021724701,-0.0014404966495931,0.0000000000000000,178.7010498046875000
23.7418613,0.4416880905628204,3.1189379692077637,0.0000000000000000,0.0818654671311378,-0.0015128351515159,0.0000000000000000,178.7019653320312500
23.7517757,0.4423201382160187,3.1188385486602783,0.0000000000000000,0.0632025301456451,-0.0038906629197299,0.0000000000000000,178.6962738037109375
23.7616692,0.4425828456878662,3.1187722682952881,0.0000000000000000,0.0338069982826710,0.0007264381856658,0.0000000000000000,178.6924743652343750
23.7716656,0.4427702426910400,3.1186623573303223,0.0000000000000000,0.0175234209746122,0.0013618108350784,0.0000000000000000,178.6861877441406250
23.7815914,0.4428424537181854,3.1186640262603760,0.0000000000000000,0.0109554613009095,0.0009156106971204,0.0000000000000000,178.6862792968750000
23.7914925,0.4430339932441711,3.1184821128845215,0.0000000000000000,0.0229014251381159,-0.0002490754995961,0.0000000000000000,178.6758575439453125
23.8014927,0.4432925581932068,3.1184880733489990,0.0000000000000000,0.0425310432910919,0.0006243619718589,0.0000000000000000,178.6761932373046875
23.8113155,0.4437384903430939,3.1183838844299316,0.0000000000000000,0.0479333400726318,-0.0015620843041688,0.0000000000000000,178.6702270507812500
23.8213062,0.4441877305507660,3.1183221340179443,0.0000000000000000,0.0478823706507683,-0.0036938735283911,0.0000000000000000,178.6666870117187500
23.8313332,0.4443751275539398,3.1182119846343994,0.0000000000000000,0.0338065996766090,0.0007163689006120,0.0000000000000000,178.6603698730468750
23.8411293,0.4446337521076202,3.1182179450988770,0.0000000000000000,0.0228501819074154,-0.0023843066301197,0.0000000000000000,178.6607208251953125
23.8511353,0.4447069466114044,3.1181051731109619,0.0000000000000000,0.0217086728662252,-0.0012304714182392,0.0000000000000000,178.6542510986328125
23.8611126,0.4449697732925415,3.1180388927459717,0.0000000000000000,0.0359362512826920,-0.0014422450913116,0.0000000000000000,178.6504516601562500
23.8709583,0.4453437030315399,3.1179330348968506,0.0000000000000000,0.0468927100300789,-0.0005267958622426,0.0000000000000000,178.6443939208984375
23.8809700,0.4457888305187225,3.1179432868957520,0.0000000000000000,0.0489446148276329,-0.0042478153482080,0.0000000000000000,178.6449737548828125
23.8909626,0.4462350606918335,3.1178388595581055,0.0000000000000000,0.0448147356510162,-0.0016933623701334,0.0000000000000000,178.6389923095703125
23.9007759,0.4464980363845825,3.1177725791931152,0.0000000000000000,0.0360131710767746,0.0001126814458985,0.0000000000000000,178.6351928710937500
23.9108047,0.4469442963600159,3.1176681518554688,0.0000000000000000,0.0654832422733307,-0.0007929712301120,0.0000000000000000,178.6292114257812500
23.9207802,0.4478359818458557,3.1175734996795654,0.0000000000000000,0.0873197689652443,-0.0027050357311964,0.0000000000000000,178.6237945556640625
23.9305744,0.4485444724559784,3.1175172328948975,0.0000000000000000,0.0773742496967316,-0.0030321362428367,0.0000000000000000,178.6205749511718750
23.9406109,0.4488042294979095,3.1174082756042480,0.0000000000000000,0.0349489897489548,-0.0004455943126231,0.0000000000000000,178.6143341064453125
23.9506035,0.4488042294979095,3.1174082756042480,0.0000000000000000,-0.0010905117960647,-0.0010781274177134,0.0000000000000000,178.6143341064453125
23.9604340,0.4488042294979095,3.1174082756042480,0.0000000000000000,-0.0033506709150970,-0.0037190611474216,0.0000000000000000,178.6143341064453125
23.9704342,0.4488051831722260,3.1172935962677002,0.0000000000000000,0.0164368133991957,0.0013849590905011,0.0000000000000000,178.6077575683593750
23.9804287,0.4490683078765869,3.1172273159027100,0.0000000000000000,0.0305607486516237,0.0001677877735347,0.0000000000000000,178.6039581298828125
23.9902515,0.4494427442550659,3.1171209812164307,0.0000000000000000,0.0426360778510571,0.0005117831751704,0.0000000000000000,178.5978698730468750
24.0002575,0.4498883485794067,3.1171309947967529,0.0000000000000000,0.0501364991068840,-0.0032999480608851,0.0000000000000000,178.5984344482421875
24.0102577,0.4502202570438385,3.1170232295989990,0.0000000000000000,0.0425563566386700,0.0011149528436363,0.0000000000000000,178.5922698974609375
24.0200710,0.4504833519458771,3.1169569492340088,0.0000000000000000,0.0261720381677151,-0.0003108570526820,0.0000000000000000,178.5884704589843750
24.0300636,0.4506702125072479,3.1169612407684326,0.0000000000000000,0.0151863852515817,0.0004174518398941,0.0000000000000000,178.5887145996093750
24.0400524,0.4505991041660309,3.1168448925018311,0.0000000000000000,0.0098144989460707,-0.0001169996976387,0.0000000000000000,178.5820465087890625
24.0499001,0.4506711363792419,3.1168463230133057,0.0000000000000000,0.0196559354662895,0.0013833448756486,0.0000000000000000,178.5821228027343750
24.0598755,0.4508579969406128,3.1168506145477295,0.0000000000000000,0.0239639375358820,-0.0029966684523970,0.0000000000000000,178.5823822021484375
24.0698700,0.4511221647262573,3.1166694164276123,0.0000000000000000,0.0326879210770130,-0.0020106933079660,0.0000000000000000,178.5719909667968750
24.0797138,0.4515680074691772,3.1166791915893555,0.0000000000000000,0.0403753891587257,-0.0032314721029252,0.0000000000000000,178.5725555419921875
24.0897026,0.4518277943134308,3.1165697574615479,0.0000000000000000,0.0403753854334354,0.0000412584340665,0.0000000000000000,178.5662841796875000
24.0995235,0.4524606764316559,3.1165838241577148,0.0000000000000000,0.0359861478209496,0.0006537275621668,0.0000000000000000,178.5670928955078125
24.1095123,0.4525379240512848,3.1163980960845947,0.0000000000000000,0.0283800102770329,-0.0009054963593371,0.0000000000000000,178.5564422607421875
24.1195374,0.4527249038219452,3.1164023876190186,0.0000000000000000,0.0207466855645180,0.0013671624474227,0.0000000000000000,178.5567016601562500
24.1293621,0.4527977705001831,3.1162886619567871,0.0000000000000000,0.0163847468793392,-0.0007608658634126,0.0000000000000000,178.5501708984375000
24.1393623,0.4529891014099121,3.1162209510803223,0.0000000000000000,0.0207467488944530,-0.0029970826581120,0.0000000000000000,178.5462951660156250
24.1493645,0.4532489776611328,3.1161112785339355,0.0000000000000000,0.0240735728293657,0.0034776874817908,0.0000000000000000,178.5400085449218750
24.1591568,0.4535080194473267,3.1161170005798340,0.0000000000000000,0.0306167267262936,0.0012143737403676,0.0000000000000000,178.5403442382812500
24.1692047,0.4536950588226318,3.1161210536956787,0.0000000000000000,0.0294706597924232,0.0034383207093924,0.0000000000000000,178.5405731201171875
24.1790066,0.4541411399841309,3.1161308288574219,0.0000000000000000,0.0262270122766495,0.0007383457268588,0.0000000000000000,178.5411376953125000
24.1890068,0.4548463821411133,3.1161460876464844,0.0000000000000000,0.0414381325244904,0.0016664837021381,0.0000000000000000,178.5420074462890625
24.1990070,0.4554798007011414,3.1161599159240723,0.0000000000000000,0.0710198208689690,0.0017841972876340,0.0000000000000000,178.5428009033203125
24.2089825,0.4558108448982239,3.1161668300628662,0.0000000000000000,0.0644214227795601,0.0008007690194063,0.0000000000000000,178.5431976318359375
24.2188015,0.4558108448982239,3.1161668300628662,0.0000000000000000,0.0381944663822651,-0.0021229069679976,0.0000000000000000,178.5431976318359375
24.2288208,0.4558108448982239,3.1161668300628662,0.0000000000000000,0.0086960932239890,0.0004474682500586,0.0000000000000000,178.5431976318359375
24.2386360,0.4558108448982239,3.1161668300628662,0.0000000000000000,-0.0021254918538034,0.0043688798323274,0.0000000000000000,178.5431976318359375
24.2486286,0.4559988975524902,3.1160557270050049,0.0000000000000000,0.0087792901322246,0.0009604322258383,0.0000000000000000,178.5368347167968750
24.2586288,0.4563733637332916,3.1160638332366943,0.0000000000000000,0.0229278318583965,0.0024296226911247,0.0000000000000000,178.5372924804687500
24.2684479,0.4566325247287750,3.1160693168640137,0.0000000000000000,0.0306168440729380,0.0023141438141465,0.0000000000000000,178.5376129150390625
24.2784500,0.4568916559219360,3.1160750389099121,0.0000000000000000,0.0285193938761950,0.0017678448930383,0.0000000000000000,178.5379333496093750
24.2884693,0.4570790529251099,3.1160790920257568,0.0000000000000000,0.0251922700554132,0.0029203849844635,0.0000000000000000,178.5381774902343750
24.2982712,0.4571509063243866,3.1160805225372314,0.0000000000000000,0.0185380876064301,-0.0024143275804818,0.0000000000000000,178.5382537841796875
24.3082905,0.4574100673198700,3.1160860061645508,0.0000000000000000,0.0162736568599939,-0.0018145517678931,0.0000000000000000,178.5385742187500000
24.3182640,0.4576692879199982,3.1160914897918701,0.0000000000000000,0.0196007471531630,-0.0018740841187537,0.0000000000000000,178.5388793945312500
24.3280830,0.4580439329147339,3.1160998344421387,0.0000000000000000,0.0262548699975014,0.0034642016980797,0.0000000000000000,178.5393524169921875
24.3380871,0.4583031833171844,3.1161053180694580,0.0000000000000000,0.0305889490991831,0.0006914056721143,0.0000000000000000,178.5396728515625000
24.3481026,0.4585624039173126,3.1161110401153564,0.0000000000000000,0.0304499436169863,-0.0052704149857163,0.0000000000000000,178.5400085449218750
24.3579102,0.4587498009204865,3.1161150932312012,0.0000000000000000,0.0262270271778107,0.0007473602890968,0.0000000000000000,178.5402374267578125
24.3679276,0.4588216841220856,3.1161165237426758,0.0000000000000000,0.0175032056868076,0.0019483934156597,0.0000000000000000,178.5403137207031250
24.3779297,0.4590091705322266,3.1161205768585205,0.0000000000000000,0.0142039852216840,0.0003602334181778,0.0000000000000000,178.5405426025390625
24.3877316,0.4591965377330780,3.1161246299743652,0.0000000000000000,0.0142595479264855,0.0003474621335045,0.0000000000000000,178.5407867431640625
24.3977318,0.4594558477401733,3.1161303520202637,0.0000000000000000,0.0218095388263464,-0.0013655296061188,0.0000000000000000,178.5411071777343750
24.4077320,0.4597150981426239,3.1161358356475830,0.0000000000000000,0.0261714532971382,-0.0003297796065453,0.0000000000000000,178.5414276123046875
24.4175625,0.4599035084247589,3.1160242557525635,0.0000000000000000,0.0238794367760420,-0.0035528158769011,0.0000000000000000,178.5350341796875000
24.4275627,0.4601628184318542,3.1160297393798828,0.0000000000000000,0.0163850020617247,0.0025146005209535,0.0000000000000000,178.5353393554687500
24.4375381,0.4607972800731659,3.1160435676574707,0.0000000000000000,0.0294706895947456,0.0001673649530858,0.0000000000000000,178.5361328125000000
24.4474678,0.4613160192966461,3.1160545349121094,0.0000000000000000,0.0631639361381531,-0.0035172873176634,0.0000000000000000,178.5367584228515625
24.4574261,0.4616912007331848,3.1160628795623779,0.0000000000000000,0.0349230542778969,0.0022806436754763,0.0000000000000000,178.5372467041015625
24.4673653,0.4617630243301392,3.1160643100738525,0.0000000000000000,0.0141761787235737,-0.0023617737460881,0.0000000000000000,178.5373229980468750
24.4772911,0.4617630243301392,3.1160643100738525,0.0000000000000000,0.0043619014322758,0.0010354047408327,0.0000000000000000,178.5373229980468750
24.4872417,0.4617630243301392,3.1160643100738525,0.0000000000000000,0.0054245321080089,0.0004788770456798,0.0000000000000000,178.5373229980468750
24.4972363,0.4620224237442017,3.1160697937011719,0.0000000000000000,0.0175032932311296,0.0030453000217676,0.0000000000000000,178.5376434326171875
24.5072384,0.4622100591659546,3.1160738468170166,0.0000000000000000,0.0217538326978683,-0.0013632993213832,0.0000000000000000,178.5378723144531250
24.5172443,0.4624694883823395,3.1160793304443359,0.0000000000000000,0.0272618923336267,-0.0003466714988463,0.0000000000000000,178.5381774902343750
24.5272884,0.4627289772033691,3.1160848140716553,0.0000000000000000,0.0250531136989594,-0.0019535403698683,0.0000000000000000,178.5384979248046875
24.5372429,0.4629166722297668,3.1160891056060791,0.0000000000000000,0.0186215545982122,0.0024868482723832,0.0000000000000000,178.5387420654296875
24.5472431,0.4629166722297668,3.1160891056060791,0.0000000000000000,0.0097864679992199,-0.0017600208520889,0.0000000000000000,178.5387420654296875
24.5572453,0.4629166722297668,3.1160891056060791,0.0000000000000000,0.0087238084524870,0.0009797659004107,0.0000000000000000,178.5387420654296875
24.5672493,0.4629166722297668,3.1160891056060791,0.0000000000000000,0.0097864679992199,0.0004216406377964,0.0000000000000000,178.5387420654296875
24.5772552,0.4631043970584869,3.1160931587219238,0.0000000000000000,0.0163571406155825,0.0008825840195641,0.0000000000000000,178.5389709472656250
24.5872574,0.4632920920848846,3.1160972118377686,0.0000000000000000,0.0229000002145767,-0.0024732975289226,0.0000000000000000,178.5392150878906250
24.5972519,0.4635516107082367,3.1161026954650879,0.0000000000000000,0.0272619072347879,0.0007435372099280,0.0000000000000000,178.5395202636718750
24.6072559,0.4638837277889252,3.1159937381744385,0.0000000000000000,0.0371318012475967,0.0006176903843880,0.0000000000000000,178.5332794189453125
24.6172581,0.4642592966556549,3.1160018444061279,0.0000000000000000,0.0360693857073784,0.0033573680557311,0.0000000000000000,178.5337524414062500
24.6272602,0.4645188748836517,3.1160073280334473,0.0000000000000000,0.0261713676154613,-0.0003354587533977,0.0000000000000000,178.5340576171875000
24.6372623,0.4647066891193390,3.1160113811492920,0.0000000000000000,0.0153503511101007,0.0014435059856623,0.0000000000000000,178.5342864990234375
24.6472664,0.4647066891193390,3.1160113811492920,0.0000000000000000,0.0076054153032601,0.0004462345386855,0.0000000000000000,178.5342864990234375
24.6572685,0.4647066891193390,3.1160113811492920,0.0000000000000000,0.0098142651841044,-0.0023075521457940,0.0000000000000000,178.5342864990234375
24.6672840,0.4649662673473358,3.1160168647766113,0.0000000000000000,0.0316237434744835,-0.0014964785659686,0.0000000000000000,178.5346069335937500
24.6772671,0.4654137194156647,3.1160266399383545,0.0000000000000000,0.0447652265429497,-0.0005705101648346,0.0000000000000000,178.5351715087890625
24.6872711,0.4657450318336487,3.1160335540771484,0.0000000000000000,0.0326026901602745,-0.0037015432026237,0.0000000000000000,178.5355682373046875
24.6972752,0.4657450318336487,3.1160335540771484,0.0000000000000000,0.0098142707720399,-0.0001261077704839,0.0000000000000000,178.5355682373046875
24.7072830,0.4657450318336487,3.1160335540771484,0.0000000000000000,-0.0011183520546183,0.0016475743614137,0.0000000000000000,178.5355682373046875
24.7172813,0.4657450318336487,3.1160335540771484,0.0000000000000000,0.0043340199626982,0.0004866836825386,0.0000000000000000,178.5355682373046875
24.7272797,0.4659329354763031,3.1160376071929932,0.0000000000000000,0.0186216980218887,0.0035877556074411,0.0000000000000000,178.5357971191406250
24.7372818,0.4661208391189575,3.1160416603088379,0.0000000000000000,0.0228999666869640,-0.0024760041851550,0.0000000000000000,178.5360260009765625
24.7472839,0.4663088619709015,3.1160457134246826,0.0000000000000000,0.0163292530924082,-0.0018497533164918,0.0000000000000000,178.5362548828125000
24.7572842,0.4664522111415863,3.1160485744476318,0.0000000000000000,0.0206354297697544,-0.0030039153061807,0.0000000000000000,178.5364227294921875
24.7672863,0.4666401445865631,3.1160526275634766,0.0000000000000000,0.0229835584759712,0.0013526005204767,0.0000000000000000,178.5366516113281250
24.7772903,0.4670205116271973,3.1159892082214355,0.0000000000000000,0.0294706821441650,0.0012612687423825,0.0000000000000000,178.5330200195312500
24.7872906,0.4673527777194977,3.1158797740936279,0.0000000000000000,0.0415496863424778,0.0005734621081501,0.0000000000000000,178.5267486572265625
24.7972965,0.4677288234233856,3.1158881187438965,0.0000000000000000,0.0316797271370888,0.0006901591550559,0.0000000000000000,178.5272216796875000
24.8073120,0.4678004682064056,3.1158893108367920,0.0000000000000000,0.0119671383872628,0.0014750761911273,0.0000000000000000,178.5272979736328125
24.8172989,0.4678004682064056,3.1158893108367920,0.0000000000000000,0.0064587178640068,-0.0006468724459410,0.0000000000000000,178.5272979736328125
24.8272972,0.4679885208606720,3.1158936023712158,0.0000000000000000,0.0108205992728472,-0.0017943563871086,0.0000000000000000,178.5275421142578125
24.8373013,0.4679885208606720,3.1158936023712158,0.0000000000000000,0.0086957346647978,0.0004263251903467,0.0000000000000000,178.5275421142578125
24.8473034,0.4680601954460144,3.1158947944641113,0.0000000000000000,0.0109047051519156,-0.0001416754093952,0.0000000000000000,178.5276184082031250
24.8573017,0.4682483375072479,3.1158990859985352,0.0000000000000000,0.0141200600191951,-0.0001958983484656,0.0000000000000000,178.5278625488281250
24.8673058,0.4683199524879456,3.1159005165100098,0.0000000000000000,0.0119951777160168,-0.0001559102820465,0.0000000000000000,178.5279388427734375
24.8773060,0.4685080647468567,3.1159045696258545,0.0000000000000000,0.0175035782158375,0.0019672629423440,0.0000000000000000,178.5281677246093750
24.8873081,0.4686961770057678,3.1159086227416992,0.0000000000000000,0.0175315905362368,0.0014287541853264,0.0000000000000000,178.5283966064453125
24.8985920,0.4687677919864655,3.1159100532531738,0.0000000000000000,0.0175035651773214,-0.0002135080285370,0.0000000000000000,178.5284881591796875
24.9080486,0.4691440463066101,3.1159181594848633,0.0000000000000000,0.0316796824336052,-0.0003977561136708,0.0000000000000000,178.5289459228515625
24.9198761,0.4696636795997620,3.1159291267395020,0.0000000000000000,0.0610663928091526,-0.0007949008722790,0.0000000000000000,178.5295715332031250
24.9293385,0.4702999293804169,3.1159429550170898,0.0000000000000000,0.0535170808434486,-0.0012174157891423,0.0000000000000000,178.5303649902343750
24.9409676,0.4703715443611145,3.1159443855285645,0.0000000000000000,0.0207469444721937,0.0002841232635546,0.0000000000000000,178.5304565429687500
24.9518986,0.4705598354339600,3.1159484386444092,0.0000000000000000,0.0108767449855804,-0.0006966658984311,0.0000000000000000,178.5306854248046875
24.9624348,0.4705598354339600,3.1159484386444092,0.0000000000000000,0.0096743972972035,-0.0050831655971706,0.0000000000000000,178.5306854248046875
24.9675350,0.4705598354339600,3.1159484386444092,0.0000000000000000,0.0076053347438574,0.0004365457571112,0.0000000000000000,178.5306854248046875
24.9825706,0.4706313908100128,3.1159498691558838,0.0000000000000000,0.0120231639593840,-0.0006926449132152,0.0000000000000000,178.5307617187500000
24.9925652,0.4706313908100128,3.1159498691558838,0.0000000000000000,0.0098422178998590,0.0004267239710316,0.0000000000000000,178.5307617187500000
25.0026016,0.4708196520805359,3.1159539222717285,0.0000000000000000,0.0109326895326376,0.0047758175060153,0.0000000000000000,178.5310058593750000
25.0126286,0.4708912372589111,3.1159553527832031,0.0000000000000000,0.0130297392606735,-0.0023717321455479,0.0000000000000000,178.5310821533203125
25.0224361,0.4710795283317566,3.1159594058990479,0.0000000000000000,0.0154064279049635,0.0003947701770812,0.0000000000000000,178.5313110351562500
25.0324268,0.4710803925991058,3.1158425807952881,0.0000000000000000,0.0110165579244494,0.0042608804069459,0.0000000000000000,178.5246124267578125
25.0424194,0.4710803925991058,3.1158425807952881,0.0000000000000000,0.0076894559897482,0.0021015049424022,0.0000000000000000,178.5246124267578125
25.0523624,0.4712686836719513,3.1158466339111328,0.0000000000000000,0.0109327770769596,0.0004123555554543,0.0000000000000000,178.5248565673828125
25.0622501,0.4713402688503265,3.1158480644226074,0.0000000000000000,0.0142041817307472,0.0014604730531573,0.0000000000000000,178.5249328613281250
25.0722427,0.4716002047061920,3.1158535480499268,0.0000000000000000,0.0197969283908606,0.0030769687145948,0.0000000000000000,178.5252532958984375
25.0820751,0.4719769060611725,3.1158616542816162,0.0000000000000000,0.0315955393016338,-0.0031529772095382,0.0000000000000000,178.5257110595703125
25.0920906,0.4722367823123932,3.1158671379089355,0.0000000000000000,0.0381383709609509,0.0000327857560478,0.0000000000000000,178.5260314941406250
25.1020966,0.4726851284503937,3.1158769130706787,0.0000000000000000,0.0392288565635681,0.0000178814516403,0.0000000000000000,178.5265808105468750
25.1119404,0.4729450941085815,3.1158823966979980,0.0000000000000000,0.0250527653843164,-0.0008874882478267,0.0000000000000000,178.5269012451171875
25.1219139,0.4729450941085815,3.1158823966979980,0.0000000000000000,0.0075772069394588,-0.0023072073236108,0.0000000000000000,178.5269012451171875
25.1319218,0.4729450941085815,3.1158823966979980,0.0000000000000000,0.0032714109402150,-0.0000430459876952,0.0000000000000000,178.5269012451171875
25.1417141,0.4729450941085815,3.1158823966979980,0.0000000000000000,0.0076332916505635,-0.0001004406367429,0.0000000000000000,178.5269012451171875
25.1517200,0.4730166792869568,3.1158835887908936,0.0000000000000000,0.0130576016381383,0.0003606788231991,0.0000000000000000,178.5269622802734375
25.1617126,0.4731335937976837,3.1158864498138428,0.0000000000000000,0.0130856437608600,-0.0001722063752823,0.0000000000000000,178.5271301269531250
25.1715355,0.4733220338821411,3.1158905029296875,0.0000000000000000,0.0152665851637721,-0.0012917737476528,0.0000000000000000,178.5273590087890625
25.1815586,0.4734650850296021,3.1158933639526367,0.0000000000000000,0.0173073597252369,-0.0008404923137277,0.0000000000000000,178.5275268554687500
25.1915417,0.4736535549163818,3.1158974170684814,0.0000000000000000,0.0141480863094330,-0.0007453760481440,0.0000000000000000,178.5277557373046875
25.2013836,0.4736535549163818,3.1158974170684814,0.0000000000000000,0.0120512302964926,0.0020506987348199,0.0000000000000000,178.5277557373046875
25.2113647,0.4738420844078064,3.1159014701843262,0.0000000000000000,0.0152385635301471,0.0003307726001367,0.0000000000000000,178.5279998779296875
25.2213573,0.4740306138992310,3.1159055233001709,0.0000000000000000,0.0119111146777868,-0.0029265070334077,0.0000000000000000,178.5282287597656250
25.2312050,0.4741020798683167,3.1159069538116455,0.0000000000000000,0.0130856512114406,-0.0001724898756947,0.0000000000000000,178.5283050537109375
25.2411594,0.4742906689643860,3.1159110069274902,0.0000000000000000,0.0141761228442192,-0.0023685479536653,0.0000000000000000,178.5285339355468750
25.2511883,0.4743621647357941,3.1159124374389648,0.0000000000000000,0.0175875928252935,0.0025690211914480,0.0000000000000000,178.5286254882812500
25.2609844,0.4745506644248962,3.1159164905548096,0.0000000000000000,0.0153786344453692,0.0042199920862913,0.0000000000000000,178.5288543701171875
25.2710056,0.4748107492923737,3.1159219741821289,0.0000000000000000,0.0238783452659845,-0.0058297114446759,0.0000000000000000,178.5291748046875000
25.2810211,0.4750716984272003,3.1158103942871094,0.0000000000000000,0.0230118967592716,0.0052124010398984,0.0000000000000000,178.5227813720703125
25.2908287,0.4752602577209473,3.1158144474029541,0.0000000000000000,0.0207470171153545,0.0002860730746761,0.0000000000000000,178.5230102539062500
25.3008327,0.4754489064216614,3.1158185005187988,0.0000000000000000,0.0153509071096778,0.0036625671200454,0.0000000000000000,178.5232391357421875
25.3108368,0.4755203425884247,3.1158199310302734,0.0000000000000000,0.0120232654735446,0.0014930417528376,0.0000000000000000,178.5233154296875000
25.3206730,0.4757090210914612,3.1158239841461182,0.0000000000000000,0.0185379646718502,-0.0013369054067880,0.0000000000000000,178.5235595703125000
25.3306618,0.4761578440666199,3.1158335208892822,0.0000000000000000,0.0469463616609573,0.0015917671844363,0.0000000000000000,178.5240936279296875
25.3406563,0.4767495691776276,3.1158456802368164,0.0000000000000000,0.0621848218142986,-0.0013543665409088,0.0000000000000000,178.5247955322265625
25.3504543,0.4771270453929901,3.1158540248870850,0.0000000000000000,0.0360978133976460,0.0017742105992511,0.0000000000000000,178.5252685546875000
25.3604774,0.4771270453929901,3.1158540248870850,0.0000000000000000,0.0043899510055780,0.0005056823720224,0.0000000000000000,178.5252685546875000
25.3704700,0.4771270453929901,3.1158540248870850,0.0000000000000000,-0.0097580784931779,0.0034397463314235,0.0000000000000000,178.5252685546875000
25.3802986,0.4773157835006714,3.1158580780029297,0.0000000000000000,0.0163289681077003,-0.0007814284181222,0.0000000000000000,178.5255126953125000
25.3902950,0.4774586558341980,3.1158607006072998,0.0000000000000000,0.0231244135648012,0.0052979267202318,0.0000000000000000,178.5256652832031250
25.4002914,0.4774586558341980,3.1158607006072998,0.0000000000000000,0.0088079553097486,0.0015764100244269,0.0000000000000000,178.5256652832031250
25.4101219,0.4774586558341980,3.1158607006072998,0.0000000000000000,-0.0010624035494402,0.0016695442609489,0.0000000000000000,178.5256652832031250
25.4200935,0.4774586558341980,3.1158607006072998,0.0000000000000000,0.0053962161764503,-0.0022918209433556,0.0000000000000000,178.5256652832031250
25.4300976,0.4775760471820831,3.1158635616302490,0.0000000000000000,0.0109608294442296,0.0020740060135722,0.0000000000000000,178.5258178710937500
25.4399395,0.4778362512588501,3.1158690452575684,0.0000000000000000,0.0164131708443165,0.0030925183091313,0.0000000000000000,178.5261383056640625
25.4499378,0.4778362512588501,3.1158690452575684,0.0000000000000000,0.0087237590923905,-0.0001162376647699,0.0000000000000000,178.5261383056640625
25.4599247,0.4778362512588501,3.1158690452575684,0.0000000000000000,0.0086676450446248,0.0009359942050651,0.0000000000000000,178.5261383056640625
25.4697361,0.4778362512588501,3.1158690452575684,0.0000000000000000,0.0075771757401526,-0.0001403068890795,0.0000000000000000,178.5261383056640625
25.4797535,0.4778362512588501,3.1158690452575684,0.0000000000000000,0.0086957020685077,0.0004098782665096,0.0000000000000000,178.5261383056640625
25.4897652,0.4779076874256134,3.1158702373504639,0.0000000000000000,0.0152104655280709,-0.0024236761964858,0.0000000000000000,178.5261993408203125
25.4995651,0.4782852828502655,3.1158785820007324,0.0000000000000000,0.0196565147489309,0.0003032452077605,0.0000000000000000,178.5266876220703125
25.5095692,0.4783567190170288,3.1158800125122070,0.0000000000000000,0.0164131466299295,0.0020033987239003,0.0000000000000000,178.5267639160156250
25.5195446,0.4783567190170288,3.1158800125122070,0.0000000000000000,0.0119951721280813,-0.0001599623210495,0.0000000000000000,178.5267639160156250
25.5293961,0.4783567190170288,3.1158800125122070,0.0000000000000000,0.0075491559691727,-0.0017980990232900,0.0000000000000000,178.5267639160156250
25.5393906,0.4783567190170288,3.1158800125122070,0.0000000000000000,0.0076332911849022,-0.0001017942049657,0.0000000000000000,178.5267639160156250
25.5493927,0.4785456061363220,3.1158840656280518,0.0000000000000000,0.0098422765731812,0.0015253874007612,0.0000000000000000,178.5269927978515625
25.5592232,0.4786169826984406,3.1158852577209473,0.0000000000000000,0.0131978066638112,0.0042698895558715,0.0000000000000000,178.5270690917968750
25.5692234,0.4788067340850830,3.1157720088958740,0.0000000000000000,0.0119390953332186,-0.0002007911680266,0.0000000000000000,178.5205688476562500
25.5792236,0.4789955914020538,3.1157760620117188,0.0000000000000000,0.0164696592837572,0.0009541063336655,0.0000000000000000,178.5208129882812500
25.5890465,0.4790669679641724,3.1157772541046143,0.0000000000000000,0.0163006931543350,-0.0035336515866220,0.0000000000000000,178.5208740234375000
25.5990295,0.4792558550834656,3.1157815456390381,0.0000000000000000,0.0173630062490702,-0.0008424272527918,0.0000000000000000,178.5211181640625000
25.6090508,0.4794448316097260,3.1157855987548828,0.0000000000000000,0.0185942500829697,0.0019754800014198,0.0000000000000000,178.5213623046875000
25.6188602,0.4795162379741669,3.1157867908477783,0.0000000000000000,0.0130011662840843,0.0003052301472053,0.0000000000000000,178.5214233398437500
25.6288738,0.4797051548957825,3.1157908439636230,0.0000000000000000,0.0140916379168630,-0.0018913869280368,0.0000000000000000,178.5216522216796875
25.6388531,0.4797765016555786,3.1157922744750977,0.0000000000000000,0.0141479372978210,0.0003332018386573,0.0000000000000000,178.5217437744140625
25.6486778,0.4799655377864838,3.1157963275909424,0.0000000000000000,0.0119670042768121,-0.0007284656167030,0.0000000000000000,178.5219726562500000
25.6586704,0.4801544249057770,3.1158003807067871,0.0000000000000000,0.0152946859598160,-0.0007282248698175,0.0000000000000000,178.5222015380859375
25.6687298,0.4802258014678955,3.1158018112182617,0.0000000000000000,0.0152102876454592,-0.0002501343260519,0.0000000000000000,178.5222778320312500
25.6785030,0.4804148077964783,3.1158058643341064,0.0000000000000000,0.0131418760865927,0.0009602086502127,0.0000000000000000,178.5225219726562500
25.6885090,0.4806038141250610,3.1158099174499512,0.0000000000000000,0.0130574917420745,0.0014374870806932,0.0000000000000000,178.5227508544921875
25.6985264,0.4809355735778809,3.1158168315887451,0.0000000000000000,0.0239059366285801,-0.0042098648846149,0.0000000000000000,178.5231475830078125
25.7083263,0.4813850522041321,3.1158263683319092,0.0000000000000000,0.0305612310767174,0.0012490813387558,0.0000000000000000,178.5236968994140625
25.7183285,0.4819059669971466,3.1158373355865479,0.0000000000000000,0.0457434803247452,-0.0028466745279729,0.0000000000000000,178.5243225097656250
25.7283325,0.4822841584682465,3.1158454418182373,0.0000000000000000,0.0568167530000210,-0.0006642753724009,0.0000000000000000,178.5247802734375000
25.7381630,0.4822841584682465,3.1158454418182373,0.0000000000000000,0.0327140763401985,-0.0004410543770064,0.0000000000000000,178.5247802734375000
25.7481632,0.4820949733257294,3.1158413887023926,0.0000000000000000,-0.0044461251236498,0.0016186602879316,0.0000000000000000,178.5245513916015625
25.7581654,0.4820949733257294,3.1158413887023926,0.0000000000000000,-0.0131418043747544,0.0001259651035070,0.0000000000000000,178.5245513916015625
25.7679768,0.4822841584682465,3.1158454418182373,0.0000000000000000,-0.0032714074477553,0.0033165845088661,0.0000000000000000,178.5247802734375000
25.7779808,0.4825446009635925,3.1158509254455566,0.0000000000000000,0.0164132043719292,-0.0001695983810350,0.0000000000000000,178.5251007080078125
25.7879791,0.4825454652309418,3.1157329082489014,0.0000000000000000,0.0240464806556702,0.0008189075742848,0.0000000000000000,178.5183410644531250
25.7978020,0.4825454652309418,3.1157329082489014,0.0000000000000000,0.0109610715880990,0.0009947279468179,0.0000000000000000,178.5183410644531250
25.8078041,0.4825454652309418,3.1157329082489014,0.0000000000000000,-0.0010622605914250,0.0016768474597484,0.0000000000000000,178.5183410644531250
25.8177738,0.4825454652309418,3.1157329082489014,0.0000000000000000,-0.0000282054625131,0.0016104204114527,0.0000000000000000,178.5183410644531250
25.8277035,0.4827346205711365,3.1157369613647461,0.0000000000000000,0.0076050572097301,-0.0006746693397872,0.0000000000000000,178.5185699462890625
25.8376560,0.4828059375286102,3.1157383918762207,0.0000000000000000,0.0120515292510390,0.0009804291184992,0.0000000000000000,178.5186462402343750
25.8475857,0.4828059375286102,3.1157383918762207,0.0000000000000000,0.0098705952987075,0.0010101714869961,0.0000000000000000,178.5186462402343750
25.8575172,0.4829951226711273,3.1157424449920654,0.0000000000000000,0.0109328618273139,0.0004237865796313,0.0000000000000000,178.5188751220703125
25.8674755,0.4829951226711273,3.1157424449920654,0.0000000000000000,0.0087237311527133,0.0020633721724153,0.0000000000000000,178.5188751220703125
25.8774662,0.4830664694309235,3.1157438755035400,0.0000000000000000,0.0109892487525940,-0.0006139239994809,0.0000000000000000,178.5189666748046875
25.8874683,0.4830664694309235,3.1157438755035400,0.0000000000000000,0.0086955372244120,0.0014913924969733,0.0000000000000000,178.5189666748046875
25.8974705,0.4830664694309235,3.1157438755035400,0.0000000000000000,0.0065991850569844,0.0021460345014930,0.0000000000000000,178.5189666748046875
25.9074726,0.4830664694309235,3.1157438755035400,0.0000000000000000,0.0065146046690643,0.0004301376757212,0.0000000000000000,178.5189666748046875
25.9174767,0.4831843972206116,3.1157464981079102,0.0000000000000000,0.0119669362902641,-0.0040071248076856,0.0000000000000000,178.5191192626953125
25.9274731,0.4831843972206116,3.1157464981079102,0.0000000000000000,0.0088083036243916,0.0005072330823168,0.0000000000000000,178.5191192626953125
25.9374752,0.4831843972206116,3.1157464981079102,0.0000000000000000,0.0097860088571906,0.0014764161314815,0.0000000000000000,178.5191192626953125
25.9474773,0.4833270311355591,3.1157491207122803,0.0000000000000000,0.0152383409440517,0.0024932937230915,0.0000000000000000,178.5192718505859375
25.9574795,0.4835161864757538,3.1157531738281250,0.0000000000000000,0.0217811428010464,0.0013134479522705,0.0000000000000000,178.5195007324218750
25.9674797,0.4837054312229156,3.1157572269439697,0.0000000000000000,0.0208034142851830,0.0014365974348038,0.0000000000000000,178.5197296142578125
25.9774818,0.4839659631252289,3.1157627105712891,0.0000000000000000,0.0218656919896603,-0.0002411863533780,0.0000000000000000,178.5200500488281250
25.9874821,0.4841552674770355,3.1157667636871338,0.0000000000000000,0.0164415240287781,0.0014975097728893,0.0000000000000000,178.5202789306640625
25.9974899,0.4842265844345093,3.1157681941986084,0.0000000000000000,0.0131701100617647,0.0048151672817767,0.0000000000000000,178.5203552246093750
26.0074883,0.4844158291816711,3.1157722473144531,0.0000000000000000,0.0109610045328736,0.0020898343063891,0.0000000000000000,178.5205841064453125
26.0174904,0.4844871461391449,3.1157736778259277,0.0000000000000000,0.0131700942292809,0.0026345194783062,0.0000000000000000,178.5206756591796875
26.0274963,0.4846764504909515,3.1157777309417725,0.0000000000000000,0.0163288470357656,-0.0007962716626935,0.0000000000000000,178.5209045410156250
26.0374947,0.4848657250404358,3.1157817840576172,0.0000000000000000,0.0185097884386778,0.0013554061297327,0.0000000000000000,178.5211334228515625
26.0474968,0.4849370121955872,3.1157832145690918,0.0000000000000000,0.0131700662896037,0.0026362715288997,0.0000000000000000,178.5212249755859375
26.0574970,0.4849370121955872,3.1157832145690918,0.0000000000000000,0.0054523372091353,0.0021074984688312,0.0000000000000000,178.5212249755859375
26.0675011,0.4849370121955872,3.1157832145690918,0.0000000000000000,0.0054804878309369,0.0005004066042602,0.0000000000000000,178.5212249755859375
26.0775013,0.4849370121955872,3.1157832145690918,0.0000000000000000,0.0076332720927894,-0.0011946590384468,0.0000000000000000,178.5212249755859375
26.0875053,0.4849370121955872,3.1157832145690918,0.0000000000000000,0.0065709557384253,0.0026672354433686,0.0000000000000000,178.5212249755859375
26.0975132,0.4849370121955872,3.1157832145690918,0.0000000000000000,0.0097579061985016,0.0008990287315100,0.0000000000000000,178.5212249755859375
26.1075077,0.4849370121955872,3.1157832145690918,0.0000000000000000,0.0065146544948220,0.0015180960763246,0.0000000000000000,178.5212249755859375
26.1175098,0.4851264059543610,3.1157872676849365,0.0000000000000000,0.0109328245744109,0.0026079050730914,0.0000000000000000,178.5214538574218750
26.1275120,0.4851264059543610,3.1157872676849365,0.0000000000000000,0.0065428055822849,-0.0011798533378169,0.0000000000000000,178.5214538574218750
26.1375122,0.4851264059543610,3.1157872676849365,0.0000000000000000,0.0087237404659390,-0.0012095276033506,0.0000000000000000,178.5214538574218750
26.1475143,0.4851264059543610,3.1157872676849365,0.0000000000000000,0.0108483834192157,-0.0012980382889509,0.0000000000000000,178.5214538574218750
26.1575165,0.4851264059543610,3.1157872676849365,0.0000000000000000,0.0098986467346549,0.0026817978359759,0.0000000000000000,178.5214538574218750
26.1675186,0.4851264059543610,3.1157872676849365,0.0000000000000000,0.0098423548042774,0.0037137921899557,0.0000000000000000,178.5214538574218750
26.1775208,0.4851264059543610,3.1157872676849365,0.0000000000000000,0.0098423548042774,-0.0006495309644379,0.0000000000000000,178.5214538574218750
26.1875210,0.4851264059543610,3.1157872676849365,0.0000000000000000,0.0097860619425774,0.0003824632149190,0.0000000000000000,178.5214538574218750
26.1975231,0.4851264059543610,3.1157872676849365,0.0000000000000000,0.0087237404659390,0.0031537956092507,0.0000000000000000,178.5214538574218750
26.2075272,0.4853157699108124,3.1157913208007812,0.0000000000000000,0.0130574647337198,-0.0040253712795675,0.0000000000000000,178.5216827392578125
26.2175312,0.4853870570659637,3.1157925128936768,0.0000000000000000,0.0109328189864755,0.0015175126027316,0.0000000000000000,178.5217437744140625
26.2275391,0.4854582846164703,3.1157939434051514,0.0000000000000000,0.0120232859626412,0.0015027497429401,0.0000000000000000,178.5218353271484375
26.2375336,0.4854582846164703,3.1157939434051514,0.0000000000000000,0.0076895523816347,0.0010466761887074,0.0000000000000000,178.5218353271484375
26.2475376,0.4858370721340179,3.1158020496368408,0.0000000000000000,0.0250526200979948,-0.0009167357347906,0.0000000000000000,178.5222930908203125
26.2575397,0.4862871766090393,3.1158115863800049,0.0000000000000000,0.0544952712953091,-0.0035001940559596,0.0000000000000000,178.5228424072265625
26.2675381,0.4868138432502747,3.1156330108642578,0.0000000000000000,0.0513082519173622,-0.0017274046549574,0.0000000000000000,178.5126190185546875
26.2775421,0.4870034158229828,3.1156370639801025,0.0000000000000000,0.0186228174716234,0.0014767777174711,0.0000000000000000,178.5128479003906250
26.2879066,0.4870034158229828,3.1156370639801025,0.0000000000000000,-0.0022092366125435,0.0027250256389380,0.0000000000000000,178.5128479003906250
26.2986355,0.4870034158229828,3.1156370639801025,0.0000000000000000,-0.0077181737869978,0.0005542526487261,0.0000000000000000,178.5128479003906250
26.3090363,0.4870034158229828,3.1156370639801025,0.0000000000000000,0.0054523167200387,0.0010158737422898,0.0000000000000000,178.5128479003906250
26.3215828,0.4870746433734894,3.1156384944915771,0.0000000000000000,0.0186228062957525,0.0014774947194383,0.0000000000000000,178.5129241943359375
26.3323288,0.4872640967369080,3.1156425476074219,0.0000000000000000,0.0142892580479383,0.0032061159145087,0.0000000000000000,178.5131530761718750
26.3428879,0.4872640967369080,3.1156425476074219,0.0000000000000000,0.0031864787451923,-0.0006876034894958,0.0000000000000000,178.5131530761718750
26.3528767,0.4872640967369080,3.1156425476074219,0.0000000000000000,0.0000000000000000,0.0021816615480930,0.0000000000000000,178.5131530761718750
26.3581123,0.4872640967369080,3.1156425476074219,0.0000000000000000,0.0064861732535064,-0.0012456134427339,0.0000000000000000,178.5131530761718750
26.3727055,0.4873353540897369,3.1156437397003174,0.0000000000000000,0.0120234023779631,0.0004128390573896,0.0000000000000000,178.5132293701171875
26.3827972,0.4875248968601227,3.1156477928161621,0.0000000000000000,0.0109895430505276,0.0048562362790108,0.0000000000000000,178.5134582519531250
26.3927784,0.4875248968601227,3.1156477928161621,0.0000000000000000,0.0076615442521870,0.0015639800112695,0.0000000000000000,178.5134582519531250
26.4028606,0.4875248968601227,3.1156477928161621,0.0000000000000000,0.0065427822992206,0.0020916368812323,0.0000000000000000,178.5134582519531250
26.4128647,0.4875248968601227,3.1156477928161621,0.0000000000000000,0.0054806163534522,0.0037756499368697,0.0000000000000000,178.5134582519531250
26.4228420,0.4875248968601227,3.1156477928161621,0.0000000000000000,0.0045033460482955,0.0050125354900956,0.0000000000000000,178.5134582519531250
26.4326839,0.4875248968601227,3.1156477928161621,0.0000000000000000,0.0076898424886167,0.0021421581041068,0.0000000000000000,178.5134582519531250
26.4426861,0.4875248968601227,3.1156477928161621,0.0000000000000000,0.0076332460157573,0.0020766328088939,0.0000000000000000,178.5134582519531250
26.4525032,0.4875248968601227,3.1156477928161621,0.0000000000000000,0.0087237097322941,0.0020616287365556,0.0000000000000000,178.5134582519531250
26.4624939,0.4875248968601227,3.1156477928161621,0.0000000000000000,0.0043901531025767,0.0026998231187463,0.0000000000000000,178.5134582519531250
26.4724884,0.4875248968601227,3.1156477928161621,0.0000000000000000,0.0098424721509218,-0.0017385205719620,0.0000000000000000,178.5134582519531250
26.4824791,0.4875248968601227,3.1156477928161621,0.0000000000000000,0.0087520079687238,0.0026398068293929,0.0000000000000000,178.5134582519531250
26.4923248,0.4875248968601227,3.1156477928161621,0.0000000000000000,0.0077464389614761,0.0032985142897815,0.0000000000000000,178.5134582519531250
26.5023136,0.4875248968601227,3.1156477928161621,0.0000000000000000,0.0088369026780128,0.0032835102174431,0.0000000000000000,178.5134582519531250
26.5122871,0.4875248968601227,3.1156477928161621,0.0000000000000000,0.0077464389614761,0.0022076836321503,0.0000000000000000,178.5134582519531250
26.5221291,0.4875248968601227,3.1156477928161621,0.0000000000000000,0.0065144840627909,-0.0006682027596980,0.0000000000000000,178.5134582519531250
26.5321274,0.4875248968601227,3.1156477928161621,0.0000000000000000,0.0043901531025767,0.0026998231187463,0.0000000000000000,178.5134582519531250
26.5419693,0.4875248968601227,3.1156477928161621,0.0000000000000000,0.0065144840627909,-0.0006682027596980,0.0000000000000000,178.5134582519531250
26.5519714,0.4875248968601227,3.1156477928161621,0.0000000000000000,0.0076049477793276,-0.0006832068902440,0.0000000000000000,178.5134582519531250
26.5619354,0.4875248968601227,3.1156477928161621,0.0000000000000000,0.0075483513064682,-0.0007487323600799,0.0000000000000000,178.5134582519531250
26.5718040,0.4875248968601227,3.1156477928161621,0.0000000000000000,0.0076332460157573,-0.0011958596296608,0.0000000000000000,178.5134582519531250
26.5817795,0.4875248968601227,3.1156477928161621,0.0000000000000000,0.0065710805356503,0.0026698149740696,0.0000000000000000,178.5134582519531250
26.5918083,0.4875248968601227,3.1156477928161621,0.0000000000000000,0.0086954114958644,-0.0006982110207900,0.0000000000000000,178.5134582519531250
26.6016006,0.4875248968601227,3.1156477928161621,0.0000000000000000,0.0076615442521870,0.0004731492663268,0.0000000000000000,178.5134582519531250
26.6116028,0.4875248968601227,3.1156477928161621,0.0000000000000000,0.0098424721509218,0.0015339718665928,0.0000000000000000,178.5134582519531250
26.6215973,0.4875248968601227,3.1156477928161621,0.0000000000000000,0.0097858756780624,0.0036501078866422,0.0000000000000000,178.5134582519531250
26.6315289,0.4877143502235413,3.1156518459320068,0.0000000000000000,0.0142326243221760,0.0020521334372461,0.0000000000000000,178.5136871337890625
26.6414204,0.4877856075763702,3.1156532764434814,0.0000000000000000,0.0174474194645882,0.0041231848299503,0.0000000000000000,178.5137786865234375
26.6514168,0.4879751503467560,3.1156573295593262,0.0000000000000000,0.0153513709083200,0.0015254816971719,0.0000000000000000,178.5140075683593750
26.6612434,0.4881647825241089,3.1156613826751709,0.0000000000000000,0.0175322871655226,0.0047686756588519,0.0000000000000000,178.5142364501953125
26.6712399,0.4882359802722931,3.1156628131866455,0.0000000000000000,0.0142043158411980,0.0036563118919730,0.0000000000000000,178.5143127441406250
26.6812477,0.4884255826473236,3.1156668663024902,0.0000000000000000,0.0131704146042466,0.0015572619158775,0.0000000000000000,178.5145568847656250
26.6910763,0.4884967803955078,3.1156682968139648,0.0000000000000000,0.0185378901660442,-0.0002554374514148,0.0000000000000000,178.5146331787109375
26.7010365,0.4886864125728607,3.1156723499298096,0.0000000000000000,0.0153513271361589,0.0026190564967692,0.0000000000000000,178.5148620605468750
26.7110634,0.4888760447502136,3.1156761646270752,0.0000000000000000,0.0131703866645694,0.0004681914579123,0.0000000000000000,178.5150909423828125
26.7208843,0.4888760447502136,3.1156761646270752,0.0000000000000000,0.0076049836352468,0.0004055065801367,0.0000000000000000,178.5150909423828125
26.7308979,0.4888760447502136,3.1156761646270752,0.0000000000000000,0.0076897856779397,0.0021457087714225,0.0000000000000000,178.5150909423828125
26.7408772,0.4889472723007202,3.1156775951385498,0.0000000000000000,0.0163852348923683,0.0025361785665154,0.0000000000000000,178.5151672363281250
26.7507000,0.4892081022262573,3.1156830787658691,0.0000000000000000,0.0261994153261185,-0.0019624168053269,0.0000000000000000,178.5154876708984375
26.7606869,0.4894689619541168,3.1156885623931885,0.0000000000000000,0.0207470878958702,0.0013855134602636,0.0000000000000000,178.5157928466796875
26.7707100,0.4895874261856079,3.1156911849975586,0.0000000000000000,0.0108481394127011,-0.0024031354114413,0.0000000000000000,178.5159454345703125
26.7805252,0.4895874261856079,3.1156911849975586,0.0000000000000000,0.0054240738973022,0.0037069907411933,0.0000000000000000,178.5159454345703125
26.7905388,0.4895874261856079,3.1156911849975586,0.0000000000000000,0.0043618595227599,0.0021214464213699,0.0000000000000000,178.5159454345703125
26.8005199,0.4895874261856079,3.1156911849975586,0.0000000000000000,0.0044748634099960,0.0033548688516021,0.0000000000000000,178.5159454345703125
26.8103542,0.4896585941314697,3.1156926155090332,0.0000000000000000,0.0109329000115395,0.0004305256879888,0.0000000000000000,178.5160217285156250
26.8203621,0.4898483455181122,3.1156966686248779,0.0000000000000000,0.0109328990802169,-0.0006602228968404,0.0000000000000000,178.5162658691406250
26.8303642,0.4898483455181122,3.1156966686248779,0.0000000000000000,0.0076897451654077,0.0010574371553957,0.0000000000000000,178.5162658691406250
26.8402634,0.4899194538593292,3.1156980991363525,0.0000000000000000,0.0108764050528407,-0.0029136906377971,0.0000000000000000,178.5163421630859375
26.8501759,0.4901092350482941,3.1157021522521973,0.0000000000000000,0.0120233595371246,0.0015066794585437,0.0000000000000000,178.5165710449218750
26.8601723,0.4901092350482941,3.1157021522521973,0.0000000000000000,0.0076332562603056,0.0020761974155903,0.0000000000000000,178.5165710449218750
26.8700886,0.4901092350482941,3.1157021522521973,0.0000000000000000,0.0075203003361821,-0.0046143028885126,0.0000000000000000,178.5165710449218750
26.8799973,0.4901092350482941,3.1157021522521973,0.0000000000000000,0.0076050171628594,0.0014944032300264,0.0000000000000000,178.5165710449218750
26.8899841,0.4901812076568604,3.1155848503112793,0.0000000000000000,0.0077179730869830,0.0016399184241891,0.0000000000000000,178.5098571777343750
26.8999252,0.4905607104301453,3.1155929565429688,0.0000000000000000,0.0185662172734737,0.0025062228087336,0.0000000000000000,178.5103149414062500
26.9098091,0.4908216893672943,3.1155982017517090,0.0000000000000000,0.0348947867751122,0.0006061494350433,0.0000000000000000,178.5106201171875000
