timestamp,theta_rad,gamma_rad,phi_rad,phi_rad/s,dgamma_radps,dphi_radps,gamma_deg
2.1313648,0.0000000000000000,0.0000000000000000,3.1415927410125732,0.0000000000000000,0.0000000000000000,-0.0000000000000000,0.0000000000000000
2.1461830,0.0000000000000000,0.0000000000000000,3.1415927410125732,0.0000000000000000,0.0000000000000000,-0.0000000000000000,0.0000000000000000
2.1513331,0.0000000000000000,0.0000000000000000,3.1415927410125732,0.0000000000000000,0.0000000000000000,-0.0000000000000000,0.0000000000000000
2.1615365,0.0000000000000000,0.0000000000000000,3.1415927410125732,0.0000000000000000,0.0000000000000000,-0.0000000000000000,0.0000000000000000
2.1722858,0.0000000000000000,0.0000000000000000,3.1654694080352783,0.0000000000000000,0.0000000000000000,-0.0000000000000000,0.0000000000000000
2.1819155,0.0000000000000000,0.0000000000000000,3.1654694080352783,0.0000000000000000,0.0000000000000000,-0.0000000000000000,0.0000000000000000
2.1920159,0.0000000000000000,0.0000000000000000,3.1654708385467529,0.0000000000000000,0.0000000000000000,-0.0000000000000000,0.0000000000000000
2.2018843,0.0000000000000000,0.0000000000000000,3.1654694080352783,0.0000000000000000,0.0000000000000000,-0.0000000000000000,0.0000000000000000
2.2118771,0.0000000000000000,0.0000000000000000,3.1654667854309082,0.0000000000000000,0.0000000000000000,-0.0000000000000000,0.0000000000000000
2.2221720,0.0000000000000000,0.0000000000000000,3.1654667854309082,0.0000000000000000,0.0000000000000000,-0.0000000000000000,0.0000000000000000
2.2318487,0.0000000000000000,0.0000000000000000,3.1654667854309082,0.0000000000000000,0.0000000000000000,-0.0078125000000000,0.0000000000000000
2.2415342,0.0000000000000000,0.0000000000000000,3.1654667854309082,0.0000000000000000,0.0000000000000000,0.0019531250000000,0.0000000000000000
2.2518837,0.0000000000000000,0.0000000000000000,3.1654667854309082,0.0000000000000000,0.0000000000000000,0.0019531250000000,0.0000000000000000
2.2621894,0.0000000000000000,0.0000000000000000,3.1654667854309082,0.0000000000000000,0.0000000000000000,0.0019531250000000,0.0000000000000000
2.2718651,0.0000000000000000,0.0000000000000000,3.1654667854309082,0.0000000000000000,0.0000000000000000,-0.0000000000000000,0.0000000000000000
2.2818487,0.0000000000000000,0.0000000000000000,3.1654667854309082,0.0000000000000000,0.0000000000000000,-0.0000000000000000,0.0000000000000000
2.2918508,0.0000000000000000,0.0000000000000000,3.1654667854309082,0.0000000000000000,0.0000000000000000,-0.0000000000000000,0.0000000000000000
2.3018830,0.0000000000000000,0.0000000000000000,3.1654667854309082,0.0000000000000000,0.0000000000000000,-0.0000000000000000,0.0000000000000000
2.3118532,0.0000000000000000,0.0000000000000000,3.1654667854309082,0.0000000000000000,0.0000000000000000,-0.0000000000000000,0.0000000000000000
2.3218806,0.0000000000000000,0.0000000000000000,3.1654667854309082,0.0000000000000000,0.0000000000000000,-0.0000000000000000,0.0000000000000000
2.3318834,0.0000000000000000,0.0000000000000000,3.1654667854309082,0.0000000000000000,0.0000000000000000,-0.0000000000000000,0.0000000000000000
2.3418577,0.0000000000000000,0.0000000000000000,3.1654667854309082,0.0000000000000000,0.0000000000000000,-0.0000000000000000,0.0000000000000000
2.3519099,0.0000000000000000,0.0000000000000000,3.1654667854309082,0.0000000000000000,0.0000000000000000,-0.0000000000000000,0.0000000000000000
2.3618853,0.0000000000000000,0.0000000000000000,3.1654667854309082,0.0000000000000000,0.0000000000000000,-0.0000000000000000,0.0000000000000000
2.3723216,0.0000000000000000,0.0000000000000000,3.1654667854309082,0.0000000000000000,0.0000000000000000,-0.0000000000000000,0.0000000000000000
2.3823938,0.0000000000000000,0.0000000000000000,3.1654667854309082,0.0000000000000000,0.0000000000000000,-0.0000000000000000,0.0000000000000000
2.3919177,0.0000000000000000,0.0000000000000000,3.1654667854309082,0.0000000000000000,0.0000000000000000,-0.0000000000000000,0.0000000000000000
2.4019611,0.0000000000000000,0.0000000000000000,3.1654667854309082,0.0000000000000000,0.0000000000000000,-0.0000000000000000,0.0000000000000000
2.4124229,0.0000000000000000,0.0000000000000000,3.1654667854309082,0.0000000000000000,0.0000000000000000,-0.0000000000000000,0.0000000000000000
2.4223912,0.0000000000000000,0.0000000000000000,3.1654667854309082,0.0000000000000000,0.0000000000000000,-0.0000000000000000,0.0000000000000000
2.4323266,0.0000000000000000,0.0000000000000000,3.1654667854309082,0.0000000000000000,0.0000000000000000,-0.0000000000000000,0.0000000000000000
2.4419725,0.0000000000000000,0.0000000000000000,3.1654667854309082,0.0000000000000000,0.0000000000000000,-0.0000000000000000,0.0000000000000000
2.4523060,0.0000000000000000,0.0000000000000000,3.1654667854309082,0.0000000000000000,0.0000000000000000,-0.0000000000000000,0.0000000000000000
2.4623303,0.0000000000000000,0.0000000000000000,3.1654667854309082,0.0000000000000000,0.0000000000000000,-0.0000000000000000,0.0000000000000000
2.4723318,0.0000000000000000,0.0000000000000000,3.1654667854309082,0.0000000000000000,0.0000000000000000,-0.0000000000000000,0.0000000000000000
2.4823239,0.0000000000000000,0.0000000000000000,3.1654667854309082,0.0000000000000000,0.0000000000000000,-0.0000000000000000,0.0000000000000000
2.4919455,0.0000000000000000,0.0000000000000000,3.1654667854309082,0.0000000000000000,0.0000000000000000,-0.0000000000000000,0.0000000000000000
2.5023696,0.0000000000000000,0.0000000000000000,3.1654667854309082,0.0000000000000000,0.0000000000000000,-0.0000000000000000,0.0000000000000000
2.5119355,0.0000000000000000,0.0000000000000000,3.1654667854309082,0.0000000000000000,0.0000000000000000,-0.0000000000000000,0.0000000000000000
2.5223892,0.0000000000000000,0.0000000000000000,3.1654667854309082,0.0000000000000000,0.0000000000000000,-0.0000000000000000,0.0000000000000000
2.5323570,0.0000000000000000,0.0000000000000000,3.1654667854309082,0.0000000000000000,0.0000000000000000,-0.0000000000000000,0.0000000000000000
2.5422506,0.0000000000000000,0.0000000000000000,3.1654667854309082,0.0000000000000000,0.0000000000000000,-0.0000000000000000,0.0000000000000000
2.5522392,0.0000000000000000,0.0000000000000000,3.1654667854309082,0.0000000000000000,0.0000000000000000,-0.0000000000000000,0.0000000000000000
2.5618832,0.0000000000000000,0.0000000000000000,3.1654667854309082,0.0000000000000000,0.0000000000000000,-0.0000000000000000,0.0000000000000000
2.5719793,0.0000000000000000,0.0000000000000000,3.1654667854309082,0.0000000000000000,0.0000000000000000,-0.0000000000000000,0.0000000000000000
2.5819709,0.0000000000000000,0.0000000000000000,3.1654667854309082,0.0000000000000000,0.0000000000000000,-0.0000000000000000,0.0000000000000000
2.5919635,0.0000000000000000,0.0000000000000000,3.1654667854309082,0.0000000000000000,0.0000000000000000,-0.0000000000000000,0.0000000000000000
2.6022716,0.0000000000000000,0.0000000000000000,3.1654667854309082,0.0000000000000000,0.0000000000000000,-0.0000000000000000,0.0000000000000000
2.6125064,0.0000000000000000,0.0000000000000000,3.1654667854309082,0.0000000000000000,0.0000000000000000,-0.0000000000000000,0.0000000000000000
2.6234608,0.0000000000000000,0.0000000000000000,3.1657338142395020,0.0000000000000000,0.0000000000000000,-0.0000000000000000,0.0000000000000000
2.6313612,0.0000000000000000,0.0000000000000000,3.1657338142395020,0.0000000000000000,0.0000000000000000,-0.0000000000000000,0.0000000000000000
2.6414454,0.0000000000000000,0.0000000000000000,3.1657338142395020,0.0000000000000000,0.0000000000000000,-0.0000000000000000,0.0000000000000000
2.6519234,0.0000000000000000,0.0000000000000000,3.1657338142395020,0.0000000000000000,0.0000000000000000,-0.0000000000000000,0.0000000000000000
2.6621847,0.0000000000000000,0.0000000000000000,3.1657338142395020,0.0000000000000000,0.0000000000000000,-0.0000000000000000,0.0000000000000000
2.6722629,0.0000000000000000,0.0000000000000000,3.1657338142395020,0.0000000000000000,0.0000000000000000,-0.0000000000000000,0.0000000000000000
2.6813703,0.0000000000000000,0.0000000000000000,3.1657326221466064,0.0000000000000000,0.0000000000000000,-0.0000000000000000,0.0000000000000000
2.6919451,0.0000000000000000,0.0000000000000000,3.1657326221466064,0.0000000000000000,0.0000000000000000,-0.0000000000000000,0.0000000000000000
2.7025433,0.0000000000000000,0.0000000000000000,3.1657326221466064,0.0000000000000000,0.0000000000000000,-0.0000000000000000,0.0000000000000000
2.7119420,0.0000000000000000,0.0000000000000000,3.1657326221466064,0.0000000000000000,0.0000000000000000,-0.0000000000000000,0.0000000000000000
2.7219710,0.0000000000000000,0.0000000000000000,3.1657326221466064,0.0000000000000000,0.0000000000000000,-0.0000000000000000,0.0000000000000000
2.7319193,0.0000000000000000,0.0000000000000000,3.1657326221466064,0.0000000000000000,0.0000000000000000,-0.0000000000000000,0.0000000000000000
2.7419643,0.0000000000000000,0.0000000000000000,3.1657326221466064,0.0000000000000000,0.0000000000000000,-0.0000000000000000,0.0000000000000000
2.7519507,0.0000000000000000,0.0000000000000000,3.1657326221466064,0.0000000000000000,0.0000000000000000,-0.0000000000000000,0.0000000000000000
2.7619493,0.0000000000000000,0.0000000000000000,3.1657326221466064,0.0000000000000000,0.0000000000000000,-0.0000000000000000,0.0000000000000000
2.7719986,0.0000000000000000,0.0000000000000000,3.1657326221466064,0.0000000000000000,0.0000000000000000,-0.0000000000000000,0.0000000000000000
2.7819765,0.0000000000000000,0.0000000000000000,3.1657326221466064,0.0000000000000000,0.0000000000000000,-0.0000000000000000,0.0000000000000000
2.7924464,0.0000000000000000,0.0000000000000000,3.1657326221466064,0.0000000000000000,0.0000000000000000,-0.0000000000000000,0.0000000000000000
2.8019860,0.0000000000000000,0.0000000000000000,3.1657326221466064,0.0000000000000000,0.0000000000000000,-0.0000000000000000,0.0000000000000000
2.8119903,0.0000000000000000,0.0000000000000000,3.1657326221466064,0.0000000000000000,0.0000000000000000,-0.0000000000000000,0.0000000000000000
2.8220017,0.0000000000000000,0.0000000000000000,3.1657326221466064,0.0000000000000000,0.0000000000000000,-0.0000000000000000,0.0000000000000000
2.8320198,0.0000000000000000,0.0000000000000000,3.1657326221466064,0.0000000000000000,0.0000000000000000,-0.0000000000000000,0.0000000000000000
2.8424981,0.0000000000000000,0.0000000000000000,3.1657326221466064,0.0000000000000000,0.0000000000000000,-0.0000000000000000,0.0000000000000000
2.8525441,0.0000000000000000,0.0000000000000000,3.1657326221466064,0.0000000000000000,0.0000000000000000,-0.0000000000000000,0.0000000000000000
2.8621902,0.0000000000000000,0.0000000000000000,3.1657299995422363,0.0000000000000000,0.0000000000000000,-0.0000000000000000,0.0000000000000000
2.8724744,0.0000000000000000,0.0000000000000000,3.1657299995422363,0.0000000000000000,0.0000000000000000,-0.0000000000000000,0.0000000000000000
2.8824439,0.0000000000000000,0.0000000000000000,3.1657299995422363,0.0000000000000000,0.0000000000000000,-0.0000000000000000,0.0000000000000000
2.8924675,0.0000000000000000,0.0000000000000000,3.1657299995422363,0.0000000000000000,0.0000000000000000,-0.0000000000000000,0.0000000000000000
2.9023919,0.0000000000000000,0.0000000000000000,3.1658351421356201,0.0000000000000000,0.0000000000000000,-0.0000000000000000,0.0000000000000000
2.9125226,0.0000000000000000,0.0000000000000000,3.1658351421356201,0.0000000000000000,0.0000000000000000,-0.0000000000000000,0.0000000000000000
2.9227581,0.0000000000000000,0.0000000000000000,3.1658351421356201,0.0000000000000000,0.0000000000000000,-0.0000000000000000,0.0000000000000000
2.9320443,0.0000000000000000,0.0000000000000000,3.1658351421356201,0.0000000000000000,0.0000000000000000,-0.0000000000000000,0.0000000000000000
2.9424734,0.0000000000000000,0.0000000000000000,3.1658351421356201,0.0000000000000000,0.0000000000000000,-0.0000000000000000,0.0000000000000000
2.9524307,0.0000000000000000,0.0000000000000000,3.1658351421356201,0.0000000000000000,0.0000000000000000,-0.0000000000000000,0.0000000000000000
2.9626060,0.0000000000000000,0.0000000000000000,3.1658971309661865,0.0000000000000000,0.0000000000000000,-0.0000000000000000,0.0000000000000000
2.9722321,0.0000000000000000,0.0000000000000000,3.1660022735595703,0.0000000000000000,0.0000000000000000,-0.0000000000000000,0.0000000000000000
2.9820528,0.0000000000000000,0.0000000000000000,3.1660008430480957,0.0000000000000000,0.0000000000000000,-0.0000000000000000,0.0000000000000000
2.9920683,0.0000000000000000,0.0000000000000000,3.1660008430480957,0.0000000000000000,0.0000000000000000,-0.0000000000000000,0.0000000000000000
3.0021966,0.0000000000000000,0.0000000000000000,3.1660008430480957,0.0000000000000000,0.0000000000000000,-0.0000000000000000,0.0000000000000000
3.0120683,0.0000000000000000,0.0000000000000000,3.1660008430480957,0.0000000000000000,0.0000000000000000,-0.0000000000000000,0.0000000000000000
3.0220497,0.0000000000000000,0.0000000000000000,3.1660008430480957,0.0000000000000000,0.0000000000000000,-0.0000000000000000,0.0000000000000000
3.0337808,0.0000000000000000,0.0000000000000000,3.1660008430480957,0.0000000000000000,0.0000000000000000,-0.0000000000000000,0.0000000000000000
3.0418534,0.0000000000000000,0.0000000000000000,3.1660008430480957,0.0000000000000000,0.0000000000000000,-0.0000000000000000,0.0000000000000000
3.0516703,0.0000000000000000,0.0000000000000000,3.1660008430480957,0.0000000000000000,0.0000000000000000,-0.0000000000000000,0.0000000000000000
3.0622561,0.0000000000000000,0.0000000000000000,3.1661059856414795,0.0000000000000000,0.0000000000000000,-0.0000000000000000,0.0000000000000000
3.0723102,0.0000000000000000,0.0000000000000000,3.1661059856414795,0.0000000000000000,0.0000000000000000,-0.0000000000000000,0.0000000000000000
3.0820088,0.0000000000000000,0.0000000000000000,3.1661059856414795,0.0000000000000000,0.0000000000000000,-0.0000000000000000,0.0000000000000000
3.0920177,0.0000000000000000,0.0000000000000000,3.1661059856414795,0.0000000000000000,0.0000000000000000,-0.0000000000000000,0.0000000000000000
3.1019962,0.0000000000000000,0.0000000000000000,3.1661059856414795,0.0000000000000000,0.0000000000000000,-0.0000000000000000,0.0000000000000000
3.1120138,0.0000000000000000,0.0000000000000000,3.1661059856414795,0.0000000000000000,0.0000000000000000,-0.0000000000000000,0.0000000000000000
3.1219990,0.0000000000000000,0.0000000000000000,3.1661059856414795,0.0000000000000000,0.0000000000000000,-0.0000000000000000,0.0000000000000000
3.1319995,0.0000000000000000,0.0000000000000000,3.1661059856414795,0.0000000000000000,0.0000000000000000,-0.0000000000000000,0.0000000000000000
3.1420352,0.0000000000000000,0.0000000000000000,3.1661059856414795,0.0000000000000000,0.0000000000000000,-0.0000000000000000,0.0000000000000000
3.1520512,0.0000000000000000,0.0000000000000000,3.1661059856414795,0.0000000000000000,0.0000000000000000,-0.0000000000000000,0.0000000000000000
3.1620343,0.0000000000000000,0.0000000000000000,3.1661059856414795,0.0000000000000000,0.0000000000000000,-0.0000000000000000,0.0000000000000000
3.1719928,0.0000000000000000,0.0000000000000000,3.1661059856414795,0.0000000000000000,0.0000000000000000,-0.0000000000000000,0.0000000000000000
3.1819999,0.0000000000000000,0.0000000000000000,3.1661059856414795,0.0000000000000000,0.0000000000000000,-0.0000000000000000,0.0000000000000000
3.1920040,0.0000000000000000,0.0000000000000000,3.1661059856414795,0.0000000000000000,0.0000000000000000,-0.0000000000000000,0.0000000000000000
3.2020128,0.0000000000000000,0.0000000000000000,3.1661059856414795,0.0000000000000000,0.0000000000000000,-0.0000000000000000,0.0000000000000000
3.2120428,0.0000000000000000,0.0000000000000000,3.1661059856414795,0.0000000000000000,0.0000000000000000,-0.0000000000000000,0.0000000000000000
3.2220438,0.0000000000000000,0.0000000000000000,3.1661059856414795,0.0000000000000000,0.0000000000000000,-0.0000000000000000,0.0000000000000000
3.2320559,0.0000000000000000,0.0000000000000000,3.1661059856414795,0.0000000000000000,0.0000000000000000,-0.0000000000000000,0.0000000000000000
3.2420580,0.0000000000000000,0.0000000000000000,3.1661059856414795,0.0000000000000000,0.0000000000000000,-0.0000000000000000,0.0000000000000000
3.2520521,0.0000000000000000,0.0000000000000000,3.1661059856414795,0.0000000000000000,0.0000000000000000,-0.0000000000000000,0.0000000000000000
3.2626550,0.0000000000000000,0.0000000000000000,3.1661059856414795,0.0000000000000000,0.0000000000000000,-0.0000000000000000,0.0000000000000000
3.2720494,0.0000000000000000,0.0000000000000000,3.1661059856414795,0.0000000000000000,0.0000000000000000,-0.0000000000000000,0.0000000000000000
3.2824798,0.0000000000000000,0.0000000000000000,3.1661059856414795,0.0000000000000000,0.0000000000000000,-0.0000000000000000,0.0000000000000000
3.2925334,0.0000000000000000,0.0000000000000000,3.1661059856414795,0.0000000000000000,0.0000000000000000,-0.0000000000000000,0.0000000000000000
3.3026853,0.0000000000000000,0.0000000000000000,3.1661059856414795,0.0000000000000000,0.0000000000000000,-0.0000000000000000,0.0000000000000000
3.3127317,0.0000000000000000,0.0000000000000000,3.1661059856414795,0.0000000000000000,0.0000000000000000,-0.0000000000000000,0.0000000000000000
3.3224838,0.0000000000000000,0.0000000000000000,3.1661059856414795,0.0000000000000000,0.0000000000000000,-0.0000000000000000,0.0000000000000000
3.3324978,0.0000000000000000,0.0000000000000000,3.1661059856414795,0.0000000000000000,0.0000000000000000,-0.0000000000000000,0.0000000000000000
3.3424652,0.0000000000000000,0.0000000000000000,3.1661059856414795,0.0000000000000000,0.0000000000000000,-0.0000000000000000,0.0000000000000000
3.3520715,0.0000000000000000,0.0000000000000000,3.1661059856414795,0.0000000000000000,0.0000000000000000,-0.0000000000000000,0.0000000000000000
3.3625040,0.0000000000000000,0.0000000000000000,3.1661059856414795,0.0000000000000000,0.0000000000000000,-0.0000000000000000,0.0000000000000000
3.3725789,0.0000000000000000,0.0000000000000000,3.1661059856414795,0.0000000000000000,0.0000000000000000,-0.0000000000000000,0.0000000000000000
3.3826561,0.0000000000000000,0.0000000000000000,3.1661059856414795,0.0000000000000000,0.0000000000000000,-0.0000000000000000,0.0000000000000000
3.3925221,0.0000000000000000,0.0000000000000000,3.1661059856414795,0.0000000000000000,0.0000000000000000,-0.0000000000000000,0.0000000000000000
3.4022617,0.0000000000000000,0.0000000000000000,3.1661059856414795,0.0000000000000000,0.0000000000000000,-0.0000000000000000,0.0000000000000000
3.4125128,0.0000000000000000,0.0000000000000000,3.1661059856414795,0.0000000000000000,0.0000000000000000,-0.0000000000000000,0.0000000000000000
3.4225230,0.0000000000000000,0.0000000000000000,3.1661059856414795,0.0000000000000000,0.0000000000000000,-0.0000000000000000,0.0000000000000000
3.4323080,0.0000000000000000,0.0000000000000000,3.1661059856414795,0.0000000000000000,0.0000000000000000,-0.0000000000000000,0.0000000000000000
3.4421461,0.0000000000000000,0.0000000000000000,3.1661059856414795,0.0000000000000000,0.0000000000000000,-0.0000000000000000,0.0000000000000000
3.4522111,0.0000000000000000,0.0000000000000000,3.1661059856414795,0.0000000000000000,0.0000000000000000,-0.0000000000000000,0.0000000000000000
3.4621518,0.0000000000000000,0.0000000000000000,3.1661059856414795,0.0000000000000000,0.0000000000000000,-0.0000000000000000,0.0000000000000000
3.4721544,0.0000000000000000,0.0000000000000000,3.1661059856414795,0.0000000000000000,0.0000000000000000,-0.0000000000000000,0.0000000000000000
3.4826102,0.0000000000000000,0.0000000000000000,3.1661059856414795,0.0000000000000000,0.0000000000000000,-0.0000000000000000,0.0000000000000000
3.4920967,0.0000000000000000,0.0000000000000000,3.1661694049835205,0.0000000000000000,0.0000000000000000,-0.0000000000000000,0.0000000000000000
3.5025542,0.0000000000000000,0.0000000000000000,3.1661694049835205,0.0000000000000000,0.0000000000000000,-0.0000000000000000,0.0000000000000000
3.5120857,0.0000000000000000,0.0000000000000000,3.1661694049835205,0.0000000000000000,0.0000000000000000,-0.0000000000000000,0.0000000000000000
3.5217762,0.0000000000000000,0.0000000000000000,3.1662745475769043,0.0000000000000000,0.0000000000000000,-0.0000000000000000,0.0000000000000000
3.5318515,0.0000000000000000,0.0000000000000000,3.1662745475769043,0.0000000000000000,0.0000000000000000,-0.0000000000000000,0.0000000000000000
3.5420873,0.0000000000000000,0.0000000000000000,3.1662745475769043,0.0000000000000000,0.0000000000000000,-0.0000000000000000,0.0000000000000000
3.5526328,0.0000000000000000,0.0000000000000000,3.1662745475769043,0.0000000000000000,0.0000000000000000,-0.0000000000000000,0.0000000000000000
3.5621037,0.0000000000000000,0.0000000000000000,3.1662745475769043,0.0000000000000000,0.0000000000000000,-0.0000000000000000,0.0000000000000000
3.5721118,0.0000000000000000,0.0000000000000000,3.1662745475769043,0.0000000000000000,0.0000000000000000,-0.0000000000000000,0.0000000000000000
3.5821495,0.0000000000000000,0.0000000000000000,3.1661694049835205,0.0000000000000000,0.0000000000000000,-0.0000000000000000,0.0000000000000000
3.5921054,0.0000000000000000,0.0000000000000000,3.1661694049835205,0.0000000000000000,0.0000000000000000,-0.0000000000000000,0.0000000000000000
3.6021333,0.0000000000000000,0.0000000000000000,3.1661694049835205,0.0000000000000000,0.0000000000000000,-0.0000000000000000,0.0000000000000000
3.6121120,0.0000000000000000,0.0000000000000000,3.1661694049835205,0.0000000000000000,0.0000000000000000,-0.0000000000000000,0.0000000000000000
3.6221061,0.0000000000000000,0.0000000000000000,3.1661694049835205,0.0000000000000000,0.0000000000000000,-0.0000000000000000,0.0000000000000000
3.6321619,0.0000000000000000,0.0000000000000000,3.1661720275878906,0.0000000000000000,0.0000000000000000,-0.0000000000000000,0.0000000000000000
3.6421235,0.0000000000000000,0.0000000000000000,3.1661720275878906,0.0000000000000000,0.0000000000000000,-0.0000000000000000,0.0000000000000000
3.6521728,0.0000000000000000,0.0000000000000000,3.1661100387573242,0.0000000000000000,0.0000000000000000,-0.0000000000000000,0.0000000000000000
3.6621382,0.0000000000000000,0.0000000000000000,3.1661100387573242,0.0000000000000000,0.0000000000000000,-0.0000000000000000,0.0000000000000000
3.6721501,0.0000000000000000,0.0000000000000000,3.1661100387573242,0.0000000000000000,0.0000000000000000,-0.0000000000000000,0.0000000000000000
3.6821518,0.0000000000000000,0.0000000000000000,3.1661100387573242,0.0000000000000000,0.0000000000000000,-0.0000000000000000,0.0000000000000000
3.6921678,0.0000000000000000,0.0000000000000000,3.1661100387573242,0.0000000000000000,0.0000000000000000,-0.0000000000000000,0.0000000000000000
3.7025647,0.0000000000000000,0.0000000000000000,3.1661100387573242,0.0000000000000000,0.0000000000000000,-0.0000000000000000,0.0000000000000000
3.7128327,0.0000000000000000,0.0000000000000000,3.1661100387573242,0.0000000000000000,0.0000000000000000,-0.0000000000000000,0.0000000000000000
3.7221556,0.0000000000000000,0.0000000000000000,3.1661100387573242,0.0000000000000000,0.0000000000000000,-0.0000000000000000,0.0000000000000000
3.7325475,0.0000000000000000,0.0000000000000000,3.1661100387573242,0.0000000000000000,0.0000000000000000,-0.0000000000000000,0.0000000000000000
3.7425704,0.0000000000000000,0.0000000000000000,3.1661100387573242,0.0000000000000000,0.0000000000000000,-0.0000000000000000,0.0000000000000000
3.7525473,0.0000000000000000,0.0000000000000000,3.1661100387573242,0.0000000000000000,0.0000000000000000,-0.0000000000000000,0.0000000000000000
3.7626081,0.0000000000000000,0.0000000000000000,3.1661100387573242,0.0000000000000000,0.0000000000000000,-0.0000000000000000,0.0000000000000000
3.7721887,0.0000000000000000,0.0000000000000000,3.1661100387573242,0.0000000000000000,0.0000000000000000,-0.0000000000000000,0.0000000000000000
3.7825751,0.0000000000000000,0.0000000000000000,3.1661100387573242,0.0000000000000000,0.0000000000000000,-0.0000000000000000,0.0000000000000000
3.7926152,0.0000000000000000,0.0000000000000000,3.1661100387573242,0.0000000000000000,0.0000000000000000,-0.0000000000000000,0.0000000000000000
3.8024454,0.0000000000000000,0.0000000000000000,3.1661100387573242,0.0000000000000000,0.0000000000000000,-0.0000000000000000,0.0000000000000000
3.8125889,0.0000000000000000,0.0000000000000000,3.1661100387573242,0.0000000000000000,0.0000000000000000,-0.0000000000000000,0.0000000000000000
3.8225868,0.0000000000000000,0.0000000000000000,3.1661100387573242,0.0000000000000000,0.0000000000000000,-0.0000000000000000,0.0000000000000000
3.8326085,0.0000000000000000,0.0000000000000000,3.1661100387573242,0.0000000000000000,0.0000000000000000,-0.0000000000000000,0.0000000000000000
3.8422182,0.0000000000000000,0.0000000000000000,3.1661720275878906,0.0000000000000000,0.0000000000000000,-0.0000000000000000,0.0000000000000000
3.8524868,0.0000000000000000,0.0000000000000000,3.1661720275878906,0.0000000000000000,0.0000000000000000,-0.0000000000000000,0.0000000000000000
3.8622799,0.0000000000000000,0.0000000000000000,3.1661720275878906,0.0000000000000000,0.0000000000000000,-0.0000000000000000,0.0000000000000000
3.8724077,0.0000000000000000,0.0000000000000000,3.1661720275878906,0.0000000000000000,0.0000000000000000,-0.0000000000000000,0.0000000000000000
3.8821995,0.0000000000000000,0.0000000000000000,3.1661720275878906,0.0000000000000000,0.0000000000000000,-0.0000000000000000,0.0000000000000000
3.8924272,0.0000000000000000,0.0000000000000000,3.1662771701812744,0.0000000000000000,0.0000000000000000,-0.0000000000000000,0.0000000000000000
3.9021809,0.0000000000000000,0.0000000000000000,3.1662771701812744,0.0000000000000000,0.0000000000000000,-0.0000000000000000,0.0000000000000000
3.9121623,0.0000000000000000,0.0000000000000000,3.1662771701812744,0.0000000000000000,0.0000000000000000,-0.0000000000000000,0.0000000000000000
3.9224656,0.0000000000000000,0.0000000000000000,3.1662771701812744,0.0000000000000000,0.0000000000000000,-0.0000000000000000,0.0000000000000000
3.9322073,0.0000000000000000,0.0000000000000000,3.1662771701812744,0.0000000000000000,0.0000000000000000,-0.0000000000000000,0.0000000000000000
3.9421377,0.0000000000000000,0.0000000000000000,3.1662771701812744,0.0000000000000000,0.0000000000000000,-0.0000000000000000,0.0000000000000000
3.9521759,0.0000000000000000,0.0000000000000000,3.1662771701812744,0.0000000000000000,0.0000000000000000,-0.0000000000000000,0.0000000000000000
3.9618411,0.0000000000000000,0.0000000000000000,3.1662771701812744,0.0000000000000000,0.0000000000000000,-0.0000000000000000,0.0000000000000000
3.9725523,0.0000000000000000,0.0000000000000000,3.1662771701812744,0.0000000000000000,0.0000000000000000,-0.0000000000000000,0.0000000000000000
3.9821551,0.0000000000000000,0.0000000000000000,3.1662771701812744,0.0000000000000000,0.0000000000000000,-0.0000000000000000,0.0000000000000000
3.9921625,0.0000000000000000,0.0000000000000000,3.1662771701812744,0.0000000000000000,0.0000000000000000,-0.0000000000000000,0.0000000000000000
4.0021782,0.0000000000000000,0.0000000000000000,3.1662771701812744,0.0000000000000000,0.0000000000000000,-0.0000000000000000,0.0000000000000000
4.0121675,0.0000000000000000,0.0000000000000000,3.1662771701812744,0.0000000000000000,0.0000000000000000,-0.0000000000000000,0.0000000000000000
4.0221429,0.0000000000000000,0.0000000000000000,3.1662771701812744,0.0000000000000000,0.0000000000000000,-0.0000000000000000,0.0000000000000000
4.0321541,0.0000000000000000,0.0000000000000000,3.1662771701812744,0.0000000000000000,0.0000000000000000,-0.0000000000000000,0.0000000000000000
4.0421519,0.0000000000000000,0.0000000000000000,3.1662771701812744,0.0000000000000000,0.0000000000000000,-0.0000000000000000,0.0000000000000000
4.0521903,0.0000000000000000,0.0000000000000000,3.1662771701812744,0.0000000000000000,0.0000000000000000,-0.0000000000000000,0.0000000000000000
4.0621758,0.0000000000000000,0.0000000000000000,3.1662771701812744,0.0000000000000000,0.0000000000000000,-0.0000000000000000,0.0000000000000000
4.0721693,0.0000000000000000,0.0000000000000000,3.1662771701812744,0.0000000000000000,0.0000000000000000,-0.0000000000000000,0.0000000000000000
4.0821590,0.0000000000000000,0.0000000000000000,3.1662771701812744,0.0000000000000000,0.0000000000000000,-0.0000000000000000,0.0000000000000000
4.0921993,0.0000000000000000,0.0000000000000000,3.1662771701812744,0.0000000000000000,0.0000000000000000,-0.0000000000000000,0.0000000000000000
4.1022158,0.0000000000000000,0.0000000000000000,3.1662771701812744,0.0000000000000000,0.0000000000000000,-0.0000000000000000,0.0000000000000000
4.1122251,0.0000000000000000,0.0000000000000000,3.1662771701812744,0.0000000000000000,0.0000000000000000,-0.0000000000000000,0.0000000000000000
4.1222458,0.0000000000000000,0.0000000000000000,3.1662771701812744,0.0000000000000000,0.0000000000000000,-0.0000000000000000,0.0000000000000000
4.1329017,0.0000000000000000,0.0000000000000000,3.1662771701812744,0.0000000000000000,0.0000000000000000,-0.0000000000000000,0.0000000000000000
4.1425371,0.0000000000000000,0.0000000000000000,3.1662771701812744,0.0000000000000000,0.0000000000000000,-0.0000000000000000,0.0000000000000000
4.1526308,0.0000000000000000,0.0000000000000000,3.1662771701812744,0.0000000000000000,0.0000000000000000,-0.0000000000000000,0.0000000000000000
4.1626530,0.0000000000000000,0.0000000000000000,3.1662771701812744,0.0000000000000000,0.0000000000000000,-0.0000000000000000,0.0000000000000000
4.1726718,0.0000000000000000,0.0000000000000000,3.1662771701812744,0.0000000000000000,0.0000000000000000,-0.0000000000000000,0.0000000000000000
4.1826530,0.0000000000000000,0.0000000000000000,3.1662771701812744,0.0000000000000000,0.0000000000000000,-0.0000000000000000,0.0000000000000000
4.1923776,0.0000000000000000,0.0000000000000000,3.1662771701812744,0.0000000000000000,0.0000000000000000,-0.0000000000000000,0.0000000000000000
4.2026310,0.0000000000000000,0.0000000000000000,3.1662771701812744,0.0000000000000000,0.0000000000000000,-0.0000000000000000,0.0000000000000000
4.2127981,0.0000000000000000,0.0000000000000000,3.1662771701812744,0.0000000000000000,0.0000000000000000,-0.0000000000000000,0.0000000000000000
4.2226725,0.0000000000000000,0.0000000000000000,3.1662771701812744,0.0000000000000000,0.0000000000000000,-0.0000000000000000,0.0000000000000000
4.2327070,0.0000000000000000,0.0000000000000000,3.1662771701812744,0.0000000000000000,0.0000000000000000,-0.0000000000000000,0.0000000000000000
4.2425098,0.0000000000000000,0.0000000000000000,3.1662771701812744,0.0000000000000000,0.0000000000000000,-0.0000000000000000,0.0000000000000000
4.2526851,0.0000000000000000,0.0000000000000000,3.1662771701812744,0.0000000000000000,0.0000000000000000,-0.0000000000000000,0.0000000000000000
4.2629709,0.0000000000000000,0.0000000000000000,3.1662771701812744,0.0000000000000000,0.0000000000000000,-0.0000000000000000,0.0000000000000000
4.2726698,0.0000000000000000,0.0000000000000000,3.1662771701812744,0.0000000000000000,0.0000000000000000,-0.0000000000000000,0.0000000000000000
4.2825708,0.0000000000000000,0.0000000000000000,3.1662771701812744,0.0000000000000000,0.0000000000000000,-0.0000000000000000,0.0000000000000000
4.2926464,0.0000000000000000,0.0000000000000000,3.1662771701812744,0.0000000000000000,0.0000000000000000,-0.0000000000000000,0.0000000000000000
4.3023782,0.0000000000000000,0.0000000000000000,3.1662771701812744,0.0000000000000000,0.0000000000000000,-0.0000000000000000,0.0000000000000000
4.3122501,0.0000000000000000,0.0000000000000000,3.1662771701812744,0.0000000000000000,0.0000000000000000,-0.0000000000000000,0.0000000000000000
4.3223424,0.0000000000000000,0.0000000000000000,3.1662771701812744,0.0000000000000000,0.0000000000000000,-0.0000000000000000,0.0000000000000000
4.3322740,0.0000000000000000,0.0000000000000000,3.1662771701812744,0.0000000000000000,0.0000000000000000,-0.0000000000000000,0.0000000000000000
4.3424654,0.0000000000000000,0.0000000000000000,3.1662771701812744,0.0000000000000000,0.0000000000000000,-0.0000000000000000,0.0000000000000000
4.3522072,0.0000000000000000,0.0000000000000000,3.1665415763854980,0.0000000000000000,0.0000000000000000,-0.0000000000000000,0.0000000000000000
4.3624358,0.0000000000000000,0.0000000000000000,3.1665415763854980,0.0000000000000000,0.0000000000000000,-0.0000000000000000,0.0000000000000000
4.3725305,0.0000000000000000,0.0000000000000000,3.1665415763854980,0.0000000000000000,0.0000000000000000,0.3554687500000000,0.0000000000000000
4.3825612,0.0000000000000000,0.0000000000000000,3.1661620140075684,0.0000000000000000,0.0000000000000000,0.3554687500000000,0.0000000000000000
4.3922682,0.0000000000000000,0.0000000000000000,3.1659026145935059,0.0000000000000000,0.0000000000000000,0.3554687500000000,0.0000000000000000
4.4019580,0.0000000000000000,0.0000000000000000,3.1631424427032471,0.0000000000000000,0.0000000000000000,0.3554687500000000,0.0000000000000000
4.4125609,0.0000000000000000,0.0000000000000000,3.1610958576202393,0.0000000000000000,0.0000000000000000,0.3554687500000000,0.0000000000000000
4.4222898,0.0000000000000000,0.0000000000000000,3.1529276371002197,0.0000000000000000,0.0000000000000000,0.3554687500000000,0.0000000000000000
4.4322648,0.0000000000000000,0.0000000000000000,3.1465814113616943,0.0000000000000000,0.0000000000000000,0.3554687500000000,0.0000000000000000
4.4422584,0.0000000000000000,0.0000000000000000,3.1382787227630615,0.0000000000000000,0.0000000000000000,0.3554687500000000,0.0000000000000000
4.4522882,0.0000000000000000,0.0000000000000000,3.1294400691986084,0.0000000000000000,0.0000000000000000,0.3554687500000000,0.0000000000000000
4.4622979,0.0000000000000000,0.0000000000000000,3.1188499927520752,0.0000000000000000,0.0000000000000000,0.3554687500000000,0.0000000000000000
4.4737539,0.0000000000000000,0.0000000000000000,3.0970036983489990,0.0000000000000000,0.0000000000000000,0.3554687500000000,0.0000000000000000
4.4816780,0.0000000000000000,0.0000000000000000,3.0869393348693848,0.0000000000000000,0.0000000000000000,0.3554687500000000,0.0000000000000000
4.4919581,0.0000000000000000,0.0000000000000000,3.0869393348693848,0.0000000000000000,0.0000000000000000,-1.1074218750000000,0.0000000000000000
4.5022531,0.0000000000000000,0.0000000000000000,3.0767431259155273,0.0000000000000000,0.0000000000000000,-1.1074218750000000,0.0000000000000000
4.5122781,0.0000000000000000,0.0000000000000000,3.0676403045654297,0.0000000000000000,0.0000000000000000,-1.1074218750000000,0.0000000000000000
4.5223012,0.0000000000000000,0.0000000000000000,3.0590488910675049,0.0000000000000000,0.0000000000000000,-1.1074218750000000,0.0000000000000000
4.5323014,0.0000000000000000,0.0000000000000000,3.0506558418273926,0.0000000000000000,0.0000000000000000,-1.1074218750000000,0.0000000000000000
4.5428977,0.0000000000000000,0.0000000000000000,3.0423030853271484,0.0000000000000000,0.0000000000000000,-1.1074218750000000,0.0000000000000000
4.5523229,0.0000000000000000,0.0000000000000000,3.0350968837738037,0.0000000000000000,0.0000000000000000,-1.1074218750000000,0.0000000000000000
4.5625925,0.0000000000000000,0.0000000000000000,3.0286309719085693,0.0000000000000000,0.0000000000000000,-1.1074218750000000,0.0000000000000000
4.5746450,0.0000000000000000,0.0000000000000000,3.0193903446197510,0.0000000000000000,0.0000000000000000,-1.1074218750000000,0.0000000000000000
4.5824218,0.0000000000000000,0.0000000000000000,3.0168175697326660,0.0000000000000000,0.0000000000000000,-1.1074218750000000,0.0000000000000000
4.5923676,0.0000000000000000,0.0000000000000000,3.0168175697326660,0.0000000000000000,0.0000000000000000,-0.0878906250000000,0.0000000000000000
4.6027212,0.0000000000000000,0.0000000000000000,3.0152256488800049,0.0000000000000000,0.0000000000000000,-0.0878906250000000,0.0000000000000000
4.6127458,0.0000000000000000,0.0000000000000000,3.0146379470825195,0.0000000000000000,0.0000000000000000,-0.0878906250000000,0.0000000000000000
4.6227241,0.0000000000000000,0.0000000000000000,3.0141506195068359,0.0000000000000000,0.0000000000000000,-0.0878906250000000,0.0000000000000000
4.6340032,0.0000000000000000,0.0000000000000000,3.0121710300445557,0.0000000000000000,0.0000000000000000,-0.0878906250000000,0.0000000000000000
4.6421571,0.0000000000000000,0.0000000000000000,3.0094063282012939,0.0000000000000000,0.0000000000000000,-0.0878906250000000,0.0000000000000000
4.6523881,0.0000000000000000,0.0000000000000000,3.0094063282012939,0.0000000000000000,0.0000000000000000,-0.3769531250000000,0.0000000000000000
4.6627259,0.0000000000000000,0.0000000000000000,3.0057272911071777,0.0000000000000000,0.0000000000000000,-0.3769531250000000,0.0000000000000000
4.6726141,0.0000000000000000,0.0000000000000000,3.0011293888092041,0.0000000000000000,0.0000000000000000,-0.3769531250000000,0.0000000000000000
4.6823163,0.0000000000000000,0.0000000000000000,2.9957046508789062,0.0000000000000000,0.0000000000000000,-0.3769531250000000,0.0000000000000000
4.6924090,0.0000000000000000,0.0000000000000000,2.9896321296691895,0.0000000000000000,0.0000000000000000,-0.3769531250000000,0.0000000000000000
4.7027493,0.0000000000000000,0.0000000000000000,2.9831955432891846,0.0000000000000000,0.0000000000000000,-0.3769531250000000,0.0000000000000000
4.7124925,0.0000000000000000,0.0000000000000000,2.9767613410949707,0.0000000000000000,0.0000000000000000,-0.3769531250000000,0.0000000000000000
4.7226992,0.0000000000000000,0.0000000000000000,2.9703738689422607,0.0000000000000000,0.0000000000000000,-0.3769531250000000,0.0000000000000000
4.7324800,0.0000000000000000,0.0000000000000000,2.9644529819488525,0.0000000000000000,0.0000000000000000,-0.3769531250000000,0.0000000000000000
4.7425232,0.0000000000000000,0.0000000000000000,2.9586024284362793,0.0000000000000000,0.0000000000000000,-0.3769531250000000,0.0000000000000000
4.7525725,0.0000000000000000,0.0000000000000000,2.9530391693115234,0.0000000000000000,0.0000000000000000,-0.3769531250000000,0.0000000000000000
4.7624030,0.0000000000000000,0.0000000000000000,2.9473972320556641,0.0000000000000000,0.0000000000000000,-0.3769531250000000,0.0000000000000000
4.7737641,0.0000000000000000,0.0000000000000000,2.9372982978820801,0.0000000000000000,0.0000000000000000,-0.3769531250000000,0.0000000000000000
4.7818489,0.0000000000000000,0.0000000000000000,2.9329054355621338,0.0000000000000000,0.0000000000000000,-0.3769531250000000,0.0000000000000000
4.7920175,0.0000000000000000,0.0000000000000000,2.9329054355621338,0.0000000000000000,0.0000000000000000,-0.0683593750000000,0.0000000000000000
4.8025060,0.0000000000000000,0.0000000000000000,2.9290530681610107,0.0000000000000000,0.0000000000000000,-0.0683593750000000,0.0000000000000000
4.8123522,0.0000000000000000,0.0000000000000000,2.9253265857696533,0.0000000000000000,0.0000000000000000,-0.0683593750000000,0.0000000000000000
4.8223209,0.0000000000000000,0.0000000000000000,2.9222998619079590,0.0000000000000000,0.0000000000000000,-0.0683593750000000,0.0000000000000000
4.8326249,0.0000000000000000,0.0000000000000000,2.9206402301788330,0.0000000000000000,0.0000000000000000,-0.0683593750000000,0.0000000000000000
4.8423009,0.0000000000000000,0.0000000000000000,2.9206402301788330,0.0000000000000000,0.0000000000000000,0.0800781250000000,0.0000000000000000
4.8523088,0.0000000000000000,0.0000000000000000,2.9206402301788330,0.0000000000000000,0.0000000000000000,0.0351562500000000,0.0000000000000000
4.8623300,0.0000000000000000,0.0000000000000000,2.9206402301788330,0.0000000000000000,0.0000000000000000,-0.0234375000000000,0.0000000000000000
4.8723121,0.0000000000000000,0.0000000000000000,2.9206402301788330,0.0000000000000000,0.0000000000000000,0.1503906250000000,0.0000000000000000
4.8823400,0.0000000000000000,0.0000000000000000,2.9206402301788330,0.0000000000000000,0.0000000000000000,0.6269531250000000,0.0000000000000000
4.8923130,0.0000000000000000,0.0000000000000000,2.9206402301788330,0.0000000000000000,0.0000000000000000,1.0195312500000000,0.0000000000000000
4.9023128,0.0000000000000000,0.0000000000000000,2.9206402301788330,0.0000000000000000,0.0000000000000000,1.2617187500000000,0.0000000000000000
4.9123321,0.0000000000000000,0.0000000000000000,2.9206402301788330,0.0000000000000000,0.0000000000000000,1.4687500000000000,0.0000000000000000
4.9223051,0.0000000000000000,0.0000000000000000,2.9206402301788330,0.0000000000000000,0.0000000000000000,1.6718750000000000,0.0000000000000000
4.9323516,0.0000000000000000,0.0000000000000000,2.9206402301788330,0.0000000000000000,0.0000000000000000,1.8476562500000000,0.0000000000000000
4.9423280,0.0000000000000000,0.0000000000000000,2.9206402301788330,0.0000000000000000,0.0000000000000000,2.0859375000000000,0.0000000000000000
4.9523029,0.0000000000000000,0.0000000000000000,2.9206402301788330,0.0000000000000000,0.0000000000000000,2.4101562500000000,0.0000000000000000
4.9623871,0.0000000000000000,0.0000000000000000,2.9206402301788330,0.0000000000000000,0.0000000000000000,2.7929687500000000,0.0000000000000000
4.9723439,0.0000000000000000,0.0000000000000000,2.9206402301788330,0.0000000000000000,0.0000000000000000,3.2011718750000000,0.0000000000000000
4.9827828,0.0000000000000000,0.0000000000000000,2.9206402301788330,0.0000000000000000,0.0000000000000000,3.4492187500000000,0.0000000000000000
4.9923134,0.0000000000000000,0.0000000000000000,2.9206402301788330,0.0000000000000000,0.0000000000000000,3.4042968750000000,0.0000000000000000
5.0023332,0.0000000000000000,0.0000000000000000,2.9206402301788330,0.0000000000000000,0.0000000000000000,3.1777343750000000,0.0000000000000000
5.0128031,0.0000000000000000,0.0000000000000000,2.9206402301788330,0.0000000000000000,0.0000000000000000,2.9687500000000000,0.0000000000000000
5.0229011,0.0000000000000000,0.0000000000000000,2.9206402301788330,0.0000000000000000,0.0000000000000000,2.8652343750000000,0.0000000000000000
5.0323734,0.0000000000000000,0.0000000000000000,2.9206402301788330,0.0000000000000000,0.0000000000000000,2.8066406250000000,0.0000000000000000
5.0428281,0.0000000000000000,0.0000000000000000,2.9206402301788330,0.0000000000000000,0.0000000000000000,2.6855468750000000,0.0000000000000000
5.0524669,0.0000000000000000,0.0000000000000000,2.9206402301788330,0.0000000000000000,0.0000000000000000,2.6386718750000000,0.0000000000000000
5.0627875,0.0000000000000000,0.0000000000000000,2.9206402301788330,0.0000000000000000,0.0000000000000000,2.5781250000000000,0.0000000000000000
5.0723839,0.0000000000000000,0.0000000000000000,2.9206402301788330,0.0000000000000000,0.0000000000000000,2.4667968750000000,0.0000000000000000
5.0828066,0.0000000000000000,0.0000000000000000,2.9206402301788330,0.0000000000000000,0.0000000000000000,2.2851562500000000,0.0000000000000000
5.0927792,0.0000000000000000,0.0000000000000000,2.9206402301788330,0.0000000000000000,0.0000000000000000,1.9335937500000000,0.0000000000000000
5.1024971,0.0000000000000000,0.0000000000000000,2.9206402301788330,0.0000000000000000,0.0000000000000000,1.4882812500000000,0.0000000000000000
5.1127973,0.0000000000000000,0.0000000000000000,2.9206402301788330,0.0000000000000000,0.0000000000000000,1.0039062500000000,0.0000000000000000
5.1229949,0.0000000000000000,0.0000000000000000,2.9206402301788330,0.0000000000000000,0.0000000000000000,0.4785156250000000,0.0000000000000000
5.1328130,0.0000000000000000,0.0000000000000000,2.9206402301788330,0.0000000000000000,0.0000000000000000,-0.0683593750000000,0.0000000000000000
5.1427989,0.0000000000000000,0.0000000000000000,2.9206402301788330,0.0000000000000000,0.0000000000000000,-0.6367187500000000,0.0000000000000000
5.1527700,0.0000000000000000,0.0000000000000000,2.9206402301788330,0.0000000000000000,0.0000000000000000,-1.2011718750000000,0.0000000000000000
5.1628351,0.0000000000000000,0.0000000000000000,2.9206402301788330,0.0000000000000000,0.0000000000000000,-1.7812500000000000,0.0000000000000000
5.1724582,0.0000000000000000,0.0000000000000000,2.9206402301788330,0.0000000000000000,0.0000000000000000,-2.3710937500000000,0.0000000000000000
5.1825643,0.0000000000000000,0.0000000000000000,2.9206402301788330,0.0000000000000000,0.0000000000000000,-2.9589843750000000,0.0000000000000000
5.1924229,0.0000000000000000,0.0000000000000000,2.9206402301788330,0.0000000000000000,0.0000000000000000,-3.5078125000000000,0.0000000000000000
5.2024322,0.0000000000000000,0.0000000000000000,2.9206402301788330,0.0000000000000000,0.0000000000000000,-3.9492187500000000,0.0000000000000000
5.2124310,0.0000000000000000,0.0000000000000000,2.9206402301788330,0.0000000000000000,0.0000000000000000,-4.2988281250000000,0.0000000000000000
5.2223797,0.0000000000000000,0.0000000000000000,2.9206402301788330,0.0000000000000000,0.0000000000000000,-4.5332031250000000,0.0000000000000000
5.2323856,0.0000000000000000,0.0000000000000000,2.9206402301788330,0.0000000000000000,0.0000000000000000,-4.6894531250000000,0.0000000000000000
5.2423711,0.0000000000000000,0.0000000000000000,2.9206402301788330,0.0000000000000000,0.0000000000000000,-4.7382812500000000,0.0000000000000000
5.2530556,0.0000000000000000,0.0000000000000000,2.9206402301788330,0.0000000000000000,0.0000000000000000,-4.7070312500000000,0.0000000000000000
5.2624750,0.0000000000000000,0.0000000000000000,3.0392374992370605,0.0000000000000000,0.0000000000000000,-4.7070312500000000,0.0000000000000000
5.2721334,0.0000000000000000,0.0000000000000000,2.9931759834289551,0.0000000000000000,0.0000000000000000,-4.7070312500000000,0.0000000000000000
5.2837725,0.0000000000000000,0.0000000000000000,2.9713861942291260,0.0000000000000000,0.0000000000000000,-3.8593750000000000,0.0000000000000000
5.2918220,0.0000000000000000,0.0000000000000000,2.8931729793548584,0.0000000000000000,0.0000000000000000,-3.8593750000000000,0.0000000000000000
5.3032174,0.0000000000000000,0.0000000000000000,2.8769259452819824,0.0000000000000000,0.0000000000000000,-3.2265625000000000,0.0000000000000000
5.3120770,0.0000000000000000,0.0000000000000000,2.8769259452819824,0.0000000000000000,0.0000000000000000,-2.8437500000000000,0.0000000000000000
5.3224010,0.0000000000000000,0.0000000000000000,2.8135168552398682,0.0000000000000000,0.0000000000000000,-2.8437500000000000,0.0000000000000000
5.3324356,0.0000000000000000,0.0000000000000000,2.7888445854187012,0.0000000000000000,0.0000000000000000,-2.8437500000000000,0.0000000000000000
5.3423676,0.0000000000000000,0.0000000000000000,2.7697489261627197,0.0000000000000000,0.0000000000000000,-2.8437500000000000,0.0000000000000000
5.3524303,0.0000000000000000,0.0000000000000000,2.7558288574218750,0.0000000000000000,0.0000000000000000,-2.8437500000000000,0.0000000000000000
5.3623748,0.0000000000000000,0.0000000000000000,2.7539753913879395,0.0000000000000000,0.0000000000000000,-2.8437500000000000,0.0000000000000000
5.3723931,0.0000000000000000,0.0000000000000000,2.7578613758087158,0.0000000000000000,0.0000000000000000,-2.8437500000000000,0.0000000000000000
5.3824396,0.0000000000000000,0.0000000000000000,2.7665603160858154,0.0000000000000000,0.0000000000000000,-2.8437500000000000,0.0000000000000000
5.3924088,0.0000000000000000,0.0000000000000000,2.7843196392059326,0.0000000000000000,0.0000000000000000,-2.8437500000000000,0.0000000000000000
5.4029989,0.0000000000000000,0.0000000000000000,2.8076369762420654,0.0000000000000000,0.0000000000000000,-2.8437500000000000,0.0000000000000000
5.4124279,0.0000000000000000,0.0000000000000000,2.8406422138214111,0.0000000000000000,0.0000000000000000,-2.8437500000000000,0.0000000000000000
5.4224277,0.0000000000000000,0.0000000000000000,2.8780877590179443,0.0000000000000000,0.0000000000000000,-2.8437500000000000,0.0000000000000000
5.4323945,0.0000000000000000,0.0000000000000000,2.9250171184539795,0.0000000000000000,0.0000000000000000,-2.8437500000000000,0.0000000000000000
5.4424419,0.0000000000000000,0.0000000000000000,2.9762973785400391,0.0000000000000000,0.0000000000000000,-2.8437500000000000,0.0000000000000000
5.4530072,0.0000000000000000,0.0000000000000000,3.0338418483734131,0.0000000000000000,0.0000000000000000,-2.8437500000000000,0.0000000000000000
5.4648118,0.0000000000000000,0.0000000000000000,3.1590075492858887,0.0000000000000000,0.0000000000000000,-2.8437500000000000,0.0000000000000000
5.4718819,0.0000000000000000,0.0000000000000000,3.2218842506408691,0.0000000000000000,0.0000000000000000,-2.8437500000000000,0.0000000000000000
5.4822593,0.0000000000000000,0.0000000000000000,3.2218842506408691,0.0000000000000000,0.0000000000000000,5.8320312500000000,0.0000000000000000
5.4933062,0.0000000000000000,0.0000000000000000,3.2513048648834229,0.0000000000000000,0.0000000000000000,5.8320312500000000,0.0000000000000000
5.5029211,0.0000000000000000,0.0000000000000000,3.3319683074951172,0.0000000000000000,0.0000000000000000,5.8320312500000000,0.0000000000000000
5.5124369,0.0000000000000000,0.0000000000000000,3.3777995109558105,0.0000000000000000,0.0000000000000000,5.8320312500000000,0.0000000000000000
5.5227489,0.0000000000000000,0.0000000000000000,3.4151687622070312,0.0000000000000000,0.0000000000000000,5.8320312500000000,0.0000000000000000
5.5331655,0.0000000000000000,0.0000000000000000,3.4311134815216064,0.0000000000000000,0.0000000000000000,5.8320312500000000,0.0000000000000000
5.5424328,0.0000000000000000,0.0000000000000000,3.4699749946594238,0.0000000000000000,0.0000000000000000,5.8320312500000000,0.0000000000000000
5.5528984,0.0000000000000000,0.0000000000000000,3.4888341426849365,0.0000000000000000,0.0000000000000000,5.8320312500000000,0.0000000000000000
5.5627475,0.0000000000000000,0.0000000000000000,3.5028762817382812,0.0000000000000000,0.0000000000000000,5.8320312500000000,0.0000000000000000
5.5730519,0.0000000000000000,0.0000000000000000,3.5122873783111572,0.0000000000000000,0.0000000000000000,5.8320312500000000,0.0000000000000000
5.5826478,0.0000000000000000,0.0000000000000000,3.5166997909545898,0.0000000000000000,0.0000000000000000,5.8320312500000000,0.0000000000000000
5.5924850,0.0000000000000000,0.0000000000000000,3.5159766674041748,0.0000000000000000,0.0000000000000000,5.8320312500000000,0.0000000000000000
5.6025438,0.0000000000000000,0.0000000000000000,3.5096540451049805,0.0000000000000000,0.0000000000000000,5.8320312500000000,0.0000000000000000
5.6127849,0.0000000000000000,0.0000000000000000,3.4973542690277100,0.0000000000000000,0.0000000000000000,5.8320312500000000,0.0000000000000000
5.6225419,0.0000000000000000,0.0000000000000000,3.4785187244415283,0.0000000000000000,0.0000000000000000,5.8320312500000000,0.0000000000000000
5.6325889,0.0000000000000000,0.0000000000000000,3.4516096115112305,0.0000000000000000,0.0000000000000000,5.8320312500000000,0.0000000000000000
5.6425028,0.0000000000000000,0.0000000000000000,3.4193756580352783,0.0000000000000000,0.0000000000000000,5.8320312500000000,0.0000000000000000
5.6526122,0.0000000000000000,0.0000000000000000,3.3791439533233643,0.0000000000000000,0.0000000000000000,5.8320312500000000,0.0000000000000000
5.6624479,0.0000000000000000,0.0000000000000000,3.3351681232452393,0.0000000000000000,0.0000000000000000,5.8320312500000000,0.0000000000000000
5.6743164,0.0000000000000000,0.0000000000000000,3.2377455234527588,0.0000000000000000,0.0000000000000000,5.8320312500000000,0.0000000000000000
5.6818838,0.0000000000000000,0.0000000000000000,3.1839494705200195,0.0000000000000000,0.0000000000000000,5.8320312500000000,0.0000000000000000
5.6923633,0.0000000000000000,0.0000000000000000,3.1839494705200195,0.0000000000000000,0.0000000000000000,-5.1289062500000000,0.0000000000000000
5.7024698,0.0000000000000000,0.0000000000000000,3.1345992088317871,0.0000000000000000,0.0000000000000000,-5.1289062500000000,0.0000000000000000
5.7127800,0.0000000000000000,0.0000000000000000,3.0829107761383057,0.0000000000000000,0.0000000000000000,-5.1289062500000000,0.0000000000000000
5.7224798,0.0000000000000000,0.0000000000000000,3.0829107761383057,0.0000000000000000,0.0000000000000000,-4.2304687500000000,0.0000000000000000
5.7324343,0.0000000000000000,0.0000000000000000,3.0829107761383057,0.0000000000000000,0.0000000000000000,-3.8007812500000000,0.0000000000000000
5.7421422,0.0000000000000000,0.0000000000000000,3.0829107761383057,0.0000000000000000,0.0000000000000000,-3.3476562500000000,0.0000000000000000
5.7527685,0.0000000000000000,0.0000000000000000,2.9230921268463135,0.0000000000000000,0.0000000000000000,-3.3476562500000000,0.0000000000000000
5.7624512,0.0000000000000000,0.0000000000000000,2.9230921268463135,0.0000000000000000,0.0000000000000000,-2.5214843750000000,0.0000000000000000
5.7724767,0.0000000000000000,0.0000000000000000,2.9230921268463135,0.0000000000000000,0.0000000000000000,-2.1582031250000000,0.0000000000000000
5.7824450,0.0000000000000000,0.0000000000000000,2.9230921268463135,0.0000000000000000,0.0000000000000000,-1.8105468750000000,0.0000000000000000
5.7924991,0.0000000000000000,0.0000000000000000,2.9230921268463135,0.0000000000000000,0.0000000000000000,-1.4433593750000000,0.0000000000000000
5.8024430,0.0000000000000000,0.0000000000000000,2.9230921268463135,0.0000000000000000,0.0000000000000000,-0.2890625000000000,0.0000000000000000
5.8124599,0.0000000000000000,0.0000000000000000,2.9230921268463135,0.0000000000000000,0.0000000000000000,-0.2617187500000000,0.0000000000000000
5.8224726,0.0000000000000000,0.0000000000000000,2.9230921268463135,0.0000000000000000,0.0000000000000000,-0.1152343750000000,0.0000000000000000
5.8324718,0.0000000000000000,0.0000000000000000,2.9230921268463135,0.0000000000000000,0.0000000000000000,0.4550781250000000,0.0000000000000000
5.8425059,0.0000000000000000,0.0000000000000000,2.9230921268463135,0.0000000000000000,0.0000000000000000,1.1601562500000000,0.0000000000000000
5.8524971,0.0000000000000000,0.0000000000000000,2.9230921268463135,0.0000000000000000,0.0000000000000000,1.8750000000000000,0.0000000000000000
5.8624973,0.0000000000000000,0.0000000000000000,2.9230921268463135,0.0000000000000000,0.0000000000000000,2.6757812500000000,0.0000000000000000
5.8732371,0.0000000000000000,0.0000000000000000,2.9230921268463135,0.0000000000000000,0.0000000000000000,3.4921875000000000,0.0000000000000000
5.8824611,0.0000000000000000,0.0000000000000000,2.9230921268463135,0.0000000000000000,0.0000000000000000,4.2597656250000000,0.0000000000000000
5.8924999,0.0000000000000000,0.0000000000000000,2.9230921268463135,0.0000000000000000,0.0000000000000000,4.8964843750000000,0.0000000000000000
5.9029288,0.0000000000000000,0.0000000000000000,2.9230921268463135,0.0000000000000000,0.0000000000000000,5.4121093750000000,0.0000000000000000
5.9125280,0.0000000000000000,0.0000000000000000,2.9230921268463135,0.0000000000000000,0.0000000000000000,5.7109375000000000,0.0000000000000000
5.9225311,0.0000000000000000,0.0000000000000000,2.9230921268463135,0.0000000000000000,0.0000000000000000,5.8242187500000000,0.0000000000000000
5.9329329,0.0000000000000000,0.0000000000000000,2.9230921268463135,0.0000000000000000,0.0000000000000000,5.7656250000000000,0.0000000000000000
5.9425302,0.0000000000000000,0.0000000000000000,2.9230921268463135,0.0000000000000000,0.0000000000000000,5.5449218750000000,0.0000000000000000
5.9530711,0.0000000000000000,0.0000000000000000,2.9230921268463135,0.0000000000000000,0.0000000000000000,5.2148437500000000,0.0000000000000000
5.9625859,0.0000000000000000,0.0000000000000000,2.9230921268463135,0.0000000000000000,0.0000000000000000,4.7871093750000000,0.0000000000000000
5.9729066,0.0000000000000000,0.0000000000000000,2.9230921268463135,0.0000000000000000,0.0000000000000000,4.2792968750000000,0.0000000000000000
5.9829388,0.0000000000000000,0.0000000000000000,2.9230921268463135,0.0000000000000000,0.0000000000000000,3.7109375000000000,0.0000000000000000
5.9931240,0.0000000000000000,0.0000000000000000,2.9230921268463135,0.0000000000000000,0.0000000000000000,3.1171875000000000,0.0000000000000000
6.0029740,0.0000000000000000,0.0000000000000000,2.9230921268463135,0.0000000000000000,0.0000000000000000,2.5507812500000000,0.0000000000000000
6.0125360,0.0000000000000000,0.0000000000000000,2.9230921268463135,0.0000000000000000,0.0000000000000000,2.0234375000000000,0.0000000000000000
6.0229750,0.0000000000000000,0.0000000000000000,2.9230921268463135,0.0000000000000000,0.0000000000000000,1.5195312500000000,0.0000000000000000
6.0329924,0.0000000000000000,0.0000000000000000,2.9230921268463135,0.0000000000000000,0.0000000000000000,1.0683593750000000,0.0000000000000000
6.0425682,0.0000000000000000,0.0000000000000000,2.9230921268463135,0.0000000000000000,0.0000000000000000,0.6464843750000000,0.0000000000000000
6.0525188,0.0000000000000000,0.0000000000000000,2.9230921268463135,0.0000000000000000,0.0000000000000000,0.2011718750000000,0.0000000000000000
6.0627494,0.0000000000000000,0.0000000000000000,2.9230921268463135,0.0000000000000000,0.0000000000000000,-0.2734375000000000,0.0000000000000000
6.0726309,0.0000000000000000,0.0000000000000000,2.9230921268463135,0.0000000000000000,0.0000000000000000,-0.7539062500000000,0.0000000000000000
6.0826421,0.0000000000000000,0.0000000000000000,2.9230921268463135,0.0000000000000000,0.0000000000000000,-1.2226562500000000,0.0000000000000000
6.0931411,0.0000000000000000,0.0000000000000000,2.9230921268463135,0.0000000000000000,0.0000000000000000,-1.6972656250000000,0.0000000000000000
6.1028409,0.0000000000000000,0.0000000000000000,3.5168337821960449,0.0000000000000000,0.0000000000000000,-1.6972656250000000,0.0000000000000000
6.1127620,0.0000000000000000,0.0000000000000000,3.4781563282012939,0.0000000000000000,0.0000000000000000,-1.6972656250000000,0.0000000000000000
6.1225910,0.0000000000000000,0.0000000000000000,3.4446163177490234,0.0000000000000000,0.0000000000000000,-1.6972656250000000,0.0000000000000000
6.1325436,0.0000000000000000,0.0000000000000000,3.4099898338317871,0.0000000000000000,0.0000000000000000,-1.6972656250000000,0.0000000000000000
6.1422715,0.0000000000000000,0.0000000000000000,3.3684475421905518,0.0000000000000000,0.0000000000000000,-1.6972656250000000,0.0000000000000000
6.1522999,0.0000000000000000,0.0000000000000000,3.3475096225738525,0.0000000000000000,0.0000000000000000,-1.6972656250000000,0.0000000000000000
6.1630950,0.0000000000000000,0.0000000000000000,3.3475096225738525,0.0000000000000000,0.0000000000000000,-4.4453125000000000,0.0000000000000000
6.1725740,0.0000000000000000,0.0000000000000000,3.2380747795104980,0.0000000000000000,0.0000000000000000,-4.4453125000000000,0.0000000000000000
6.1825562,0.0000000000000000,0.0000000000000000,3.1904315948486328,0.0000000000000000,0.0000000000000000,-4.4453125000000000,0.0000000000000000
6.1925788,0.0000000000000000,0.0000000000000000,3.1462981700897217,0.0000000000000000,0.0000000000000000,-4.4453125000000000,0.0000000000000000
6.2025757,0.0000000000000000,0.0000000000000000,3.1029706001281738,0.0000000000000000,0.0000000000000000,-4.4453125000000000,0.0000000000000000
6.2126064,0.0000000000000000,0.0000000000000000,3.0605907440185547,0.0000000000000000,0.0000000000000000,-4.4453125000000000,0.0000000000000000
6.2225609,0.0000000000000000,0.0000000000000000,3.0195891857147217,0.0000000000000000,0.0000000000000000,-4.4453125000000000,0.0000000000000000
6.2325559,0.0000000000000000,0.0000000000000000,2.9801943302154541,0.0000000000000000,0.0000000000000000,-4.4453125000000000,0.0000000000000000
6.2425900,0.0000000000000000,0.0000000000000000,2.9391157627105713,0.0000000000000000,0.0000000000000000,-4.4453125000000000,0.0000000000000000
6.2519951,0.0000000000000000,0.0000000000000000,2.9038841724395752,0.0000000000000000,0.0000000000000000,-4.4453125000000000,0.0000000000000000
6.2631402,0.0000000000000000,0.0000000000000000,2.9038841724395752,0.0000000000000000,0.0000000000000000,-3.4296875000000000,0.0000000000000000
6.2726002,0.0000000000000000,0.0000000000000000,2.8548865318298340,0.0000000000000000,0.0000000000000000,-3.4296875000000000,0.0000000000000000
6.2826672,0.0000000000000000,0.0000000000000000,2.8507366180419922,0.0000000000000000,0.0000000000000000,-3.4296875000000000,0.0000000000000000
6.2933841,0.0000000000000000,0.0000000000000000,2.8471941947937012,0.0000000000000000,0.0000000000000000,-3.4296875000000000,0.0000000000000000
6.3026404,0.0000000000000000,0.0000000000000000,2.8426103591918945,0.0000000000000000,0.0000000000000000,-3.4296875000000000,0.0000000000000000
6.3130250,0.0000000000000000,0.0000000000000000,2.8374972343444824,0.0000000000000000,0.0000000000000000,-3.4296875000000000,0.0000000000000000
6.3232818,0.0000000000000000,0.0000000000000000,2.8308568000793457,0.0000000000000000,0.0000000000000000,-3.4296875000000000,0.0000000000000000
6.3326693,0.0000000000000000,0.0000000000000000,2.8245012760162354,0.0000000000000000,0.0000000000000000,-3.4296875000000000,0.0000000000000000
6.3446970,0.0000000000000000,0.0000000000000000,2.8138461112976074,0.0000000000000000,0.0000000000000000,-3.4296875000000000,0.0000000000000000
6.3524380,0.0000000000000000,0.0000000000000000,2.8103814125061035,0.0000000000000000,0.0000000000000000,-3.4296875000000000,0.0000000000000000
6.3626952,0.0000000000000000,0.0000000000000000,2.8103814125061035,0.0000000000000000,0.0000000000000000,-0.2265625000000000,0.0000000000000000
6.3730278,0.0000000000000000,0.0000000000000000,2.8080723285675049,0.0000000000000000,0.0000000000000000,-0.2265625000000000,0.0000000000000000
6.3826194,0.0000000000000000,0.0000000000000000,2.8075728416442871,0.0000000000000000,0.0000000000000000,-0.2265625000000000,0.0000000000000000
6.3930449,0.0000000000000000,0.0000000000000000,2.8095943927764893,0.0000000000000000,0.0000000000000000,-0.2265625000000000,0.0000000000000000
6.4030452,0.0000000000000000,0.0000000000000000,2.8142592906951904,0.0000000000000000,0.0000000000000000,-0.2265625000000000,0.0000000000000000
6.4128771,0.0000000000000000,0.0000000000000000,2.8205809593200684,0.0000000000000000,0.0000000000000000,-0.2265625000000000,0.0000000000000000
6.4230852,0.0000000000000000,0.0000000000000000,2.8283953666687012,0.0000000000000000,0.0000000000000000,-0.2265625000000000,0.0000000000000000
6.4330702,0.0000000000000000,0.0000000000000000,2.8374674320220947,0.0000000000000000,0.0000000000000000,-0.2265625000000000,0.0000000000000000
6.4431005,0.0000000000000000,0.0000000000000000,2.8479089736938477,0.0000000000000000,0.0000000000000000,-0.2265625000000000,0.0000000000000000
6.4526920,0.0000000000000000,0.0000000000000000,2.8595705032348633,0.0000000000000000,0.0000000000000000,-0.2265625000000000,0.0000000000000000
6.4630170,0.0000000000000000,0.0000000000000000,2.8728835582733154,0.0000000000000000,0.0000000000000000,-0.2265625000000000,0.0000000000000000
6.4727869,0.0000000000000000,0.0000000000000000,2.8864369392395020,0.0000000000000000,0.0000000000000000,-0.2265625000000000,0.0000000000000000
6.4826069,0.0000000000000000,0.0000000000000000,2.9023234844207764,0.0000000000000000,0.0000000000000000,-0.2265625000000000,0.0000000000000000
6.4928980,0.0000000000000000,0.0000000000000000,2.9185593128204346,0.0000000000000000,0.0000000000000000,-0.2265625000000000,0.0000000000000000
6.5029478,0.0000000000000000,0.0000000000000000,2.9351933002471924,0.0000000000000000,0.0000000000000000,-0.2265625000000000,0.0000000000000000
6.5126591,0.0000000000000000,0.0000000000000000,2.9536378383636475,0.0000000000000000,0.0000000000000000,-0.2265625000000000,0.0000000000000000
6.5226202,0.0000000000000000,0.0000000000000000,2.9729473590850830,0.0000000000000000,0.0000000000000000,-0.2265625000000000,0.0000000000000000
6.5343552,0.0000000000000000,0.0000000000000000,2.9935271739959717,0.0000000000000000,0.0000000000000000,2.3789062500000000,0.0000000000000000
6.5421238,0.0000000000000000,0.0000000000000000,2.9935271739959717,0.0000000000000000,0.0000000000000000,2.5371093750000000,0.0000000000000000
6.5520525,0.0000000000000000,0.0000000000000000,3.0524609088897705,0.0000000000000000,0.0000000000000000,2.5371093750000000,0.0000000000000000
6.5626388,0.0000000000000000,0.0000000000000000,3.0663895606994629,0.0000000000000000,0.0000000000000000,2.5371093750000000,0.0000000000000000
6.5726161,0.0000000000000000,0.0000000000000000,3.0921416282653809,0.0000000000000000,0.0000000000000000,2.5371093750000000,0.0000000000000000
6.5829582,0.0000000000000000,0.0000000000000000,3.1211507320404053,0.0000000000000000,0.0000000000000000,2.5371093750000000,0.0000000000000000
6.5923104,0.0000000000000000,0.0000000000000000,3.1211507320404053,0.0000000000000000,0.0000000000000000,2.8964843750000000,0.0000000000000000
6.6029401,0.0000000000000000,0.0000000000000000,3.1774067878723145,0.0000000000000000,0.0000000000000000,2.8964843750000000,0.0000000000000000
6.6126318,0.0000000000000000,0.0000000000000000,3.1774067878723145,0.0000000000000000,0.0000000000000000,2.8730468750000000,0.0000000000000000
6.6226149,0.0000000000000000,0.0000000000000000,3.1774067878723145,0.0000000000000000,0.0000000000000000,2.8437500000000000,0.0000000000000000
6.6326318,0.0000000000000000,0.0000000000000000,3.1774067878723145,0.0000000000000000,0.0000000000000000,2.7988281250000000,0.0000000000000000
6.6425948,0.0000000000000000,0.0000000000000000,3.1774067878723145,0.0000000000000000,0.0000000000000000,2.7558593750000000,0.0000000000000000
6.6526151,0.0000000000000000,0.0000000000000000,3.1774067878723145,0.0000000000000000,0.0000000000000000,2.6953125000000000,0.0000000000000000
6.6626396,0.0000000000000000,0.0000000000000000,3.1774067878723145,0.0000000000000000,0.0000000000000000,2.5937500000000000,0.0000000000000000
6.6723108,0.0000000000000000,0.0000000000000000,3.1774067878723145,0.0000000000000000,0.0000000000000000,2.5000000000000000,0.0000000000000000
6.6829948,0.0000000000000000,0.0000000000000000,3.3980884552001953,0.0000000000000000,0.0000000000000000,2.5000000000000000,0.0000000000000000
6.6926160,0.0000000000000000,0.0000000000000000,3.3980884552001953,0.0000000000000000,0.0000000000000000,2.3867187500000000,0.0000000000000000
6.7026458,0.0000000000000000,0.0000000000000000,3.3980884552001953,0.0000000000000000,0.0000000000000000,2.3144531250000000,0.0000000000000000
6.7126684,0.0000000000000000,0.0000000000000000,3.3980884552001953,0.0000000000000000,0.0000000000000000,2.2617187500000000,0.0000000000000000
6.7227306,0.0000000000000000,0.0000000000000000,3.3980884552001953,0.0000000000000000,0.0000000000000000,2.2226562500000000,0.0000000000000000
6.7326498,0.0000000000000000,0.0000000000000000,3.3980884552001953,0.0000000000000000,0.0000000000000000,2.1972656250000000,0.0000000000000000
6.7426462,0.0000000000000000,0.0000000000000000,3.3980884552001953,0.0000000000000000,0.0000000000000000,2.1230468750000000,0.0000000000000000
6.7529969,0.0000000000000000,0.0000000000000000,3.3980884552001953,0.0000000000000000,0.0000000000000000,2.0859375000000000,0.0000000000000000
6.7631321,0.0000000000000000,0.0000000000000000,3.3980884552001953,0.0000000000000000,0.0000000000000000,2.0351562500000000,0.0000000000000000
6.7732458,0.0000000000000000,0.0000000000000000,3.3980884552001953,0.0000000000000000,0.0000000000000000,1.9804687500000000,0.0000000000000000
6.7831268,0.0000000000000000,0.0000000000000000,3.3980884552001953,0.0000000000000000,0.0000000000000000,1.9335937500000000,0.0000000000000000
6.7931013,0.0000000000000000,0.0000000000000000,3.3980884552001953,0.0000000000000000,0.0000000000000000,1.8925781250000000,0.0000000000000000
6.8028932,0.0000000000000000,0.0000000000000000,3.3980884552001953,0.0000000000000000,0.0000000000000000,1.8398437500000000,0.0000000000000000
6.8126950,0.0000000000000000,0.0000000000000000,3.3980884552001953,0.0000000000000000,0.0000000000000000,1.7734375000000000,0.0000000000000000
6.8234096,0.0000000000000000,0.0000000000000000,3.3980884552001953,0.0000000000000000,0.0000000000000000,1.6816406250000000,0.0000000000000000
6.8330679,0.0000000000000000,0.0000000000000000,3.3980884552001953,0.0000000000000000,0.0000000000000000,1.6132812500000000,0.0000000000000000
6.8430929,0.0000000000000000,0.0000000000000000,3.3980884552001953,0.0000000000000000,0.0000000000000000,1.4785156250000000,0.0000000000000000
6.8532119,0.0000000000000000,0.0000000000000000,3.3980884552001953,0.0000000000000000,0.0000000000000000,1.3808593750000000,0.0000000000000000
6.8631601,0.0000000000000000,0.0000000000000000,3.3980884552001953,0.0000000000000000,0.0000000000000000,1.2792968750000000,0.0000000000000000
6.8727293,0.0000000000000000,0.0000000000000000,3.3980884552001953,0.0000000000000000,0.0000000000000000,1.1660156250000000,0.0000000000000000
6.8831315,0.0000000000000000,0.0000000000000000,3.3980884552001953,0.0000000000000000,0.0000000000000000,1.0195312500000000,0.0000000000000000
6.8927259,0.0000000000000000,0.0000000000000000,3.3980884552001953,0.0000000000000000,0.0000000000000000,0.8535156250000000,0.0000000000000000
6.9030881,0.0000000000000000,0.0000000000000000,3.3980884552001953,0.0000000000000000,0.0000000000000000,0.6621093750000000,0.0000000000000000
6.9128342,0.0000000000000000,0.0000000000000000,3.3980884552001953,0.0000000000000000,0.0000000000000000,0.4082031250000000,0.0000000000000000
6.9227490,0.0000000000000000,0.0000000000000000,3.3980884552001953,0.0000000000000000,0.0000000000000000,0.1308593750000000,0.0000000000000000
6.9327731,0.0000000000000000,0.0000000000000000,3.3980884552001953,0.0000000000000000,0.0000000000000000,-0.2148437500000000,0.0000000000000000
6.9427280,0.0000000000000000,0.0000000000000000,3.3980884552001953,0.0000000000000000,0.0000000000000000,-0.5839843750000000,0.0000000000000000
6.9533186,0.0000000000000000,0.0000000000000000,3.3980884552001953,0.0000000000000000,0.0000000000000000,-0.9863281250000000,0.0000000000000000
6.9632392,0.0000000000000000,0.0000000000000000,3.7822678089141846,0.0000000000000000,0.0000000000000000,-0.9863281250000000,0.0000000000000000
6.9729428,0.0000000000000000,0.0000000000000000,3.7563326358795166,0.0000000000000000,0.0000000000000000,-0.9863281250000000,0.0000000000000000
6.9823990,0.0000000000000000,0.0000000000000000,3.7347996234893799,0.0000000000000000,0.0000000000000000,-0.9863281250000000,0.0000000000000000
6.9924397,0.0000000000000000,0.0000000000000000,3.7210443019866943,0.0000000000000000,0.0000000000000000,-0.9863281250000000,0.0000000000000000
7.0027108,0.0000000000000000,0.0000000000000000,3.7210443019866943,0.0000000000000000,0.0000000000000000,-2.9375000000000000,0.0000000000000000
7.0129519,0.0000000000000000,0.0000000000000000,3.7210443019866943,0.0000000000000000,0.0000000000000000,-3.1972656250000000,0.0000000000000000
7.0230141,0.0000000000000000,0.0000000000000000,3.6304340362548828,0.0000000000000000,0.0000000000000000,-3.1972656250000000,0.0000000000000000
7.0327253,0.0000000000000000,0.0000000000000000,3.5780732631683350,0.0000000000000000,0.0000000000000000,-3.1972656250000000,0.0000000000000000
7.0437646,0.0000000000000000,0.0000000000000000,3.5420763492584229,0.0000000000000000,0.0000000000000000,-3.8378906250000000,0.0000000000000000
7.0522013,0.0000000000000000,0.0000000000000000,3.4830343723297119,0.0000000000000000,0.0000000000000000,-3.8378906250000000,0.0000000000000000
7.0626931,0.0000000000000000,0.0000000000000000,3.4651198387145996,0.0000000000000000,0.0000000000000000,-3.8378906250000000,0.0000000000000000
7.0727448,0.0000000000000000,0.0000000000000000,3.4240984916687012,0.0000000000000000,0.0000000000000000,-3.8378906250000000,0.0000000000000000
7.0842462,0.0000000000000000,0.0000000000000000,3.3423192501068115,0.0000000000000000,0.0000000000000000,-3.8378906250000000,0.0000000000000000
7.0921578,0.0000000000000000,0.0000000000000000,3.3026204109191895,0.0000000000000000,0.0000000000000000,-3.8378906250000000,0.0000000000000000
7.1024432,0.0000000000000000,0.0000000000000000,3.3026204109191895,0.0000000000000000,0.0000000000000000,-4.1933593750000000,0.0000000000000000
7.1127448,0.0000000000000000,0.0000000000000000,3.2591514587402344,0.0000000000000000,0.0000000000000000,-4.1933593750000000,0.0000000000000000
7.1233735,0.0000000000000000,0.0000000000000000,3.2182719707489014,0.0000000000000000,0.0000000000000000,-4.1933593750000000,0.0000000000000000
7.1327558,0.0000000000000000,0.0000000000000000,3.1764371395111084,0.0000000000000000,0.0000000000000000,-4.1933593750000000,0.0000000000000000
7.1427560,0.0000000000000000,0.0000000000000000,3.1344032287597656,0.0000000000000000,0.0000000000000000,-4.1933593750000000,0.0000000000000000
7.1534982,0.0000000000000000,0.0000000000000000,3.0914778709411621,0.0000000000000000,0.0000000000000000,-4.1933593750000000,0.0000000000000000
7.1627650,0.0000000000000000,0.0000000000000000,3.0534298419952393,0.0000000000000000,0.0000000000000000,-4.1933593750000000,0.0000000000000000
7.1731811,0.0000000000000000,0.0000000000000000,3.0157635211944580,0.0000000000000000,0.0000000000000000,-4.1933593750000000,0.0000000000000000
7.1834102,0.0000000000000000,0.0000000000000000,2.9792475700378418,0.0000000000000000,0.0000000000000000,-4.1933593750000000,0.0000000000000000
7.1927099,0.0000000000000000,0.0000000000000000,2.9450845718383789,0.0000000000000000,0.0000000000000000,-4.1933593750000000,0.0000000000000000
7.2031693,0.0000000000000000,0.0000000000000000,2.9125065803527832,0.0000000000000000,0.0000000000000000,-4.1933593750000000,0.0000000000000000
7.2131586,0.0000000000000000,0.0000000000000000,2.8812234401702881,0.0000000000000000,0.0000000000000000,-4.1933593750000000,0.0000000000000000
7.2233729,0.0000000000000000,0.0000000000000000,2.8517849445343018,0.0000000000000000,0.0000000000000000,-4.1933593750000000,0.0000000000000000
7.2331748,0.0000000000000000,0.0000000000000000,2.8247191905975342,0.0000000000000000,0.0000000000000000,-4.1933593750000000,0.0000000000000000
7.2443953,0.0000000000000000,0.0000000000000000,2.8087327480316162,0.0000000000000000,0.0000000000000000,-4.1933593750000000,0.0000000000000000
7.2525878,0.0000000000000000,0.0000000000000000,2.8045628070831299,0.0000000000000000,0.0000000000000000,-4.1933593750000000,0.0000000000000000
7.2628622,0.0000000000000000,0.0000000000000000,2.8045628070831299,0.0000000000000000,0.0000000000000000,-0.3925781250000000,0.0000000000000000
7.2731986,0.0000000000000000,0.0000000000000000,2.8004629611968994,0.0000000000000000,0.0000000000000000,-0.3925781250000000,0.0000000000000000
7.2830062,0.0000000000000000,0.0000000000000000,2.7965271472930908,0.0000000000000000,0.0000000000000000,-0.3925781250000000,0.0000000000000000
7.2928338,0.0000000000000000,0.0000000000000000,2.7916533946990967,0.0000000000000000,0.0000000000000000,-0.3925781250000000,0.0000000000000000
7.3027644,0.0000000000000000,0.0000000000000000,2.7870280742645264,0.0000000000000000,0.0000000000000000,-0.3925781250000000,0.0000000000000000
7.3132076,0.0000000000000000,0.0000000000000000,2.7829403877258301,0.0000000000000000,0.0000000000000000,-0.3925781250000000,0.0000000000000000
7.3229351,0.0000000000000000,0.0000000000000000,2.7799992561340332,0.0000000000000000,0.0000000000000000,-0.3925781250000000,0.0000000000000000
7.3330665,0.0000000000000000,0.0000000000000000,2.7801454067230225,0.0000000000000000,0.0000000000000000,-0.3925781250000000,0.0000000000000000
7.3429332,0.0000000000000000,0.0000000000000000,2.7849969863891602,0.0000000000000000,0.0000000000000000,-0.3925781250000000,0.0000000000000000
7.3529129,0.0000000000000000,0.0000000000000000,2.7944216728210449,0.0000000000000000,0.0000000000000000,-0.3925781250000000,0.0000000000000000
7.3629379,0.0000000000000000,0.0000000000000000,2.8071935176849365,0.0000000000000000,0.0000000000000000,-0.3925781250000000,0.0000000000000000
7.3728218,0.0000000000000000,0.0000000000000000,2.8241381645202637,0.0000000000000000,0.0000000000000000,-0.3925781250000000,0.0000000000000000
7.3827510,0.0000000000000000,0.0000000000000000,2.8429358005523682,0.0000000000000000,0.0000000000000000,-0.3925781250000000,0.0000000000000000
7.3946142,0.0000000000000000,0.0000000000000000,2.8890609741210938,0.0000000000000000,0.0000000000000000,-0.3925781250000000,0.0000000000000000
7.4022589,0.0000000000000000,0.0000000000000000,2.9167852401733398,0.0000000000000000,0.0000000000000000,-0.3925781250000000,0.0000000000000000
7.4124236,0.0000000000000000,0.0000000000000000,2.9167852401733398,0.0000000000000000,0.0000000000000000,2.8691406250000000,0.0000000000000000
7.4241891,0.0000000000000000,0.0000000000000000,2.9747517108917236,0.0000000000000000,0.0000000000000000,2.8691406250000000,0.0000000000000000
7.4321909,0.0000000000000000,0.0000000000000000,3.0065722465515137,0.0000000000000000,0.0000000000000000,2.8691406250000000,0.0000000000000000
7.4424582,0.0000000000000000,0.0000000000000000,3.0065722465515137,0.0000000000000000,0.0000000000000000,3.3437500000000000,0.0000000000000000
7.4527640,0.0000000000000000,0.0000000000000000,3.0401687622070312,0.0000000000000000,0.0000000000000000,3.3437500000000000,0.0000000000000000
7.4630761,0.0000000000000000,0.0000000000000000,3.0745983123779297,0.0000000000000000,0.0000000000000000,3.3437500000000000,0.0000000000000000
7.4727888,0.0000000000000000,0.0000000000000000,3.0745983123779297,0.0000000000000000,0.0000000000000000,3.6914062500000000,0.0000000000000000
7.4824519,0.0000000000000000,0.0000000000000000,3.0745983123779297,0.0000000000000000,0.0000000000000000,3.7363281250000000,0.0000000000000000
7.4931269,0.0000000000000000,0.0000000000000000,3.1848025321960449,0.0000000000000000,0.0000000000000000,3.7363281250000000,0.0000000000000000
7.5027390,0.0000000000000000,0.0000000000000000,3.1848025321960449,0.0000000000000000,0.0000000000000000,3.6894531250000000,0.0000000000000000
7.5127420,0.0000000000000000,0.0000000000000000,3.1848025321960449,0.0000000000000000,0.0000000000000000,3.5898437500000000,0.0000000000000000
7.5227923,0.0000000000000000,0.0000000000000000,3.1848025321960449,0.0000000000000000,0.0000000000000000,3.4062500000000000,0.0000000000000000
7.5327601,0.0000000000000000,0.0000000000000000,3.1848025321960449,0.0000000000000000,0.0000000000000000,3.1757812500000000,0.0000000000000000
7.5427670,0.0000000000000000,0.0000000000000000,3.1848025321960449,0.0000000000000000,0.0000000000000000,2.9589843750000000,0.0000000000000000
7.5524549,0.0000000000000000,0.0000000000000000,3.1848025321960449,0.0000000000000000,0.0000000000000000,2.7304687500000000,0.0000000000000000
7.5631118,0.0000000000000000,0.0000000000000000,3.4186327457427979,0.0000000000000000,0.0000000000000000,2.7304687500000000,0.0000000000000000
7.5728178,0.0000000000000000,0.0000000000000000,3.4186327457427979,0.0000000000000000,0.0000000000000000,2.4960937500000000,0.0000000000000000
7.5827518,0.0000000000000000,0.0000000000000000,3.4186327457427979,0.0000000000000000,0.0000000000000000,2.4101562500000000,0.0000000000000000
7.5932221,0.0000000000000000,0.0000000000000000,3.4186327457427979,0.0000000000000000,0.0000000000000000,2.4277343750000000,0.0000000000000000
7.6028171,0.0000000000000000,0.0000000000000000,3.4186327457427979,0.0000000000000000,0.0000000000000000,2.4199218750000000,0.0000000000000000
7.6127963,0.0000000000000000,0.0000000000000000,3.4186327457427979,0.0000000000000000,0.0000000000000000,2.3339843750000000,0.0000000000000000
7.6227899,0.0000000000000000,0.0000000000000000,3.4186327457427979,0.0000000000000000,0.0000000000000000,2.2910156250000000,0.0000000000000000
7.6327796,0.0000000000000000,0.0000000000000000,3.4186327457427979,0.0000000000000000,0.0000000000000000,2.1855468750000000,0.0000000000000000
7.6432476,0.0000000000000000,0.0000000000000000,3.4186327457427979,0.0000000000000000,0.0000000000000000,2.1777343750000000,0.0000000000000000
7.6532440,0.0000000000000000,0.0000000000000000,3.4186327457427979,0.0000000000000000,0.0000000000000000,2.1367187500000000,0.0000000000000000
7.6629934,0.0000000000000000,0.0000000000000000,3.4186327457427979,0.0000000000000000,0.0000000000000000,2.1230468750000000,0.0000000000000000
7.6732178,0.0000000000000000,0.0000000000000000,3.4186327457427979,0.0000000000000000,0.0000000000000000,2.0312500000000000,0.0000000000000000
7.6833839,0.0000000000000000,0.0000000000000000,3.4186327457427979,0.0000000000000000,0.0000000000000000,1.9375000000000000,0.0000000000000000
7.6932268,0.0000000000000000,0.0000000000000000,3.4186327457427979,0.0000000000000000,0.0000000000000000,1.7910156250000000,0.0000000000000000
7.7032294,0.0000000000000000,0.0000000000000000,3.4186327457427979,0.0000000000000000,0.0000000000000000,1.6171875000000000,0.0000000000000000
7.7130971,0.0000000000000000,0.0000000000000000,3.4186327457427979,0.0000000000000000,0.0000000000000000,1.3710937500000000,0.0000000000000000
7.7232761,0.0000000000000000,0.0000000000000000,3.4186327457427979,0.0000000000000000,0.0000000000000000,1.1171875000000000,0.0000000000000000
7.7335649,0.0000000000000000,0.0000000000000000,3.4186327457427979,0.0000000000000000,0.0000000000000000,0.8203125000000000,0.0000000000000000
7.7432432,0.0000000000000000,0.0000000000000000,3.4186327457427979,0.0000000000000000,0.0000000000000000,0.5136718750000000,0.0000000000000000
7.7532792,0.0000000000000000,0.0000000000000000,3.4186327457427979,0.0000000000000000,0.0000000000000000,0.1757812500000000,0.0000000000000000
7.7633290,0.0000000000000000,0.0000000000000000,3.4186327457427979,0.0000000000000000,0.0000000000000000,-0.1464843750000000,0.0000000000000000
7.7731071,0.0000000000000000,0.0000000000000000,3.4186327457427979,0.0000000000000000,0.0000000000000000,-0.4804687500000000,0.0000000000000000
7.7828460,0.0000000000000000,0.0000000000000000,3.4186327457427979,0.0000000000000000,0.0000000000000000,-0.8378906250000000,0.0000000000000000
7.7928791,0.0000000000000000,0.0000000000000000,3.4186327457427979,0.0000000000000000,0.0000000000000000,-1.2207031250000000,0.0000000000000000
7.8029928,0.0000000000000000,0.0000000000000000,3.4186327457427979,0.0000000000000000,0.0000000000000000,-1.6210937500000000,0.0000000000000000
7.8128600,0.0000000000000000,0.0000000000000000,3.4186327457427979,0.0000000000000000,0.0000000000000000,-2.0097656250000000,0.0000000000000000
7.8231440,0.0000000000000000,0.0000000000000000,3.4186327457427979,0.0000000000000000,0.0000000000000000,-2.3574218750000000,0.0000000000000000
7.8333993,0.0000000000000000,0.0000000000000000,3.4186327457427979,0.0000000000000000,0.0000000000000000,-2.6875000000000000,0.0000000000000000
7.8431602,0.0000000000000000,0.0000000000000000,3.6628503799438477,0.0000000000000000,0.0000000000000000,-2.6875000000000000,0.0000000000000000
7.8522549,0.0000000000000000,0.0000000000000000,3.6170532703399658,0.0000000000000000,0.0000000000000000,-2.6875000000000000,0.0000000000000000
7.8628368,0.0000000000000000,0.0000000000000000,3.6170532703399658,0.0000000000000000,0.0000000000000000,-3.3632812500000000,0.0000000000000000
7.8728108,0.0000000000000000,0.0000000000000000,3.6170532703399658,0.0000000000000000,0.0000000000000000,-3.5078125000000000,0.0000000000000000
7.8833709,0.0000000000000000,0.0000000000000000,3.6170532703399658,0.0000000000000000,0.0000000000000000,-3.6269531250000000,0.0000000000000000
7.8928638,0.0000000000000000,0.0000000000000000,3.4733800888061523,0.0000000000000000,0.0000000000000000,-3.6269531250000000,0.0000000000000000
7.9028311,0.0000000000000000,0.0000000000000000,3.4339098930358887,0.0000000000000000,0.0000000000000000,-3.6269531250000000,0.0000000000000000
7.9128580,0.0000000000000000,0.0000000000000000,3.3955564498901367,0.0000000000000000,0.0000000000000000,-3.6269531250000000,0.0000000000000000
7.9228210,0.0000000000000000,0.0000000000000000,3.3556494712829590,0.0000000000000000,0.0000000000000000,-3.6269531250000000,0.0000000000000000
7.9322796,0.0000000000000000,0.0000000000000000,3.3148734569549561,0.0000000000000000,0.0000000000000000,-3.6269531250000000,0.0000000000000000
7.9434381,0.0000000000000000,0.0000000000000000,3.3148734569549561,0.0000000000000000,0.0000000000000000,-4.0527343750000000,0.0000000000000000
7.9528518,0.0000000000000000,0.0000000000000000,3.2341740131378174,0.0000000000000000,0.0000000000000000,-4.0527343750000000,0.0000000000000000
7.9628687,0.0000000000000000,0.0000000000000000,3.1921203136444092,0.0000000000000000,0.0000000000000000,-4.0527343750000000,0.0000000000000000
7.9728379,0.0000000000000000,0.0000000000000000,3.1543030738830566,0.0000000000000000,0.0000000000000000,-4.0527343750000000,0.0000000000000000
7.9828434,0.0000000000000000,0.0000000000000000,3.1134583950042725,0.0000000000000000,0.0000000000000000,-4.0527343750000000,0.0000000000000000
7.9928660,0.0000000000000000,0.0000000000000000,3.0771636962890625,0.0000000000000000,0.0000000000000000,-4.0527343750000000,0.0000000000000000
8.0028324,0.0000000000000000,0.0000000000000000,3.0384285449981689,0.0000000000000000,0.0000000000000000,-4.0527343750000000,0.0000000000000000
8.0129976,0.0000000000000000,0.0000000000000000,3.0031056404113770,0.0000000000000000,0.0000000000000000,-4.0527343750000000,0.0000000000000000
8.0234537,0.0000000000000000,0.0000000000000000,3.0031056404113770,0.0000000000000000,0.0000000000000000,-3.3867187500000000,0.0000000000000000
8.0332384,0.0000000000000000,0.0000000000000000,2.9385714530944824,0.0000000000000000,0.0000000000000000,-3.3867187500000000,0.0000000000000000
8.0428991,0.0000000000000000,0.0000000000000000,2.9085640907287598,0.0000000000000000,0.0000000000000000,-3.3867187500000000,0.0000000000000000
8.0529213,0.0000000000000000,0.0000000000000000,2.8813810348510742,0.0000000000000000,0.0000000000000000,-3.3867187500000000,0.0000000000000000
8.0633650,0.0000000000000000,0.0000000000000000,2.8557279109954834,0.0000000000000000,0.0000000000000000,-3.3867187500000000,0.0000000000000000
8.0734272,0.0000000000000000,0.0000000000000000,2.8346524238586426,0.0000000000000000,0.0000000000000000,-3.3867187500000000,0.0000000000000000
8.0829134,0.0000000000000000,0.0000000000000000,2.8155765533447266,0.0000000000000000,0.0000000000000000,-3.3867187500000000,0.0000000000000000
8.0930052,0.0000000000000000,0.0000000000000000,2.7996115684509277,0.0000000000000000,0.0000000000000000,-3.3867187500000000,0.0000000000000000
8.1032391,0.0000000000000000,0.0000000000000000,2.7931544780731201,0.0000000000000000,0.0000000000000000,-3.3867187500000000,0.0000000000000000
8.1133270,0.0000000000000000,0.0000000000000000,2.7790446281433105,0.0000000000000000,0.0000000000000000,-3.3867187500000000,0.0000000000000000
8.1233110,0.0000000000000000,0.0000000000000000,2.7744951248168945,0.0000000000000000,0.0000000000000000,-3.3867187500000000,0.0000000000000000
8.1335907,0.0000000000000000,0.0000000000000000,2.7738342285156250,0.0000000000000000,0.0000000000000000,-3.3867187500000000,0.0000000000000000
8.1433153,0.0000000000000000,0.0000000000000000,2.7774844169616699,0.0000000000000000,0.0000000000000000,-3.3867187500000000,0.0000000000000000
8.1529751,0.0000000000000000,0.0000000000000000,2.7851507663726807,0.0000000000000000,0.0000000000000000,-3.3867187500000000,0.0000000000000000
8.1633224,0.0000000000000000,0.0000000000000000,2.7967391014099121,0.0000000000000000,0.0000000000000000,-3.3867187500000000,0.0000000000000000
8.1733303,0.0000000000000000,0.0000000000000000,2.8123216629028320,0.0000000000000000,0.0000000000000000,-3.3867187500000000,0.0000000000000000
8.1834812,0.0000000000000000,0.0000000000000000,2.8318810462951660,0.0000000000000000,0.0000000000000000,-3.3867187500000000,0.0000000000000000
8.1930923,0.0000000000000000,0.0000000000000000,2.8559267520904541,0.0000000000000000,0.0000000000000000,-3.3867187500000000,0.0000000000000000
8.2031202,0.0000000000000000,0.0000000000000000,2.8840732574462891,0.0000000000000000,0.0000000000000000,-3.3867187500000000,0.0000000000000000
8.2129974,0.0000000000000000,0.0000000000000000,2.9145028591156006,0.0000000000000000,0.0000000000000000,-3.3867187500000000,0.0000000000000000
8.2229023,0.0000000000000000,0.0000000000000000,2.9483919143676758,0.0000000000000000,0.0000000000000000,-3.3867187500000000,0.0000000000000000
8.2331743,0.0000000000000000,0.0000000000000000,2.9852399826049805,0.0000000000000000,0.0000000000000000,-3.3867187500000000,0.0000000000000000
8.2430944,0.0000000000000000,0.0000000000000000,3.0249609947204590,0.0000000000000000,0.0000000000000000,-3.3867187500000000,0.0000000000000000
8.2530308,0.0000000000000000,0.0000000000000000,3.0664441585540771,0.0000000000000000,0.0000000000000000,-3.3867187500000000,0.0000000000000000
8.2633038,0.0000000000000000,0.0000000000000000,3.1103999614715576,0.0000000000000000,0.0000000000000000,-3.3867187500000000,0.0000000000000000
8.2729864,0.0000000000000000,0.0000000000000000,3.1558024883270264,0.0000000000000000,0.0000000000000000,-3.3867187500000000,0.0000000000000000
8.2831030,0.0000000000000000,0.0000000000000000,3.2028496265411377,0.0000000000000000,0.0000000000000000,-3.3867187500000000,0.0000000000000000
8.2928810,0.0000000000000000,0.0000000000000000,3.2460401058197021,0.0000000000000000,0.0000000000000000,-3.3867187500000000,0.0000000000000000
8.3029680,0.0000000000000000,0.0000000000000000,3.2922987937927246,0.0000000000000000,0.0000000000000000,-3.3867187500000000,0.0000000000000000
8.3132105,0.0000000000000000,0.0000000000000000,3.3329877853393555,0.0000000000000000,0.0000000000000000,-3.3867187500000000,0.0000000000000000
8.3225718,0.0000000000000000,0.0000000000000000,3.3329877853393555,0.0000000000000000,0.0000000000000000,3.7128906250000000,0.0000000000000000
8.3332434,0.0000000000000000,0.0000000000000000,3.4099395275115967,0.0000000000000000,0.0000000000000000,3.7128906250000000,0.0000000000000000
8.3428831,0.0000000000000000,0.0000000000000000,3.4099395275115967,0.0000000000000000,0.0000000000000000,2.9667968750000000,0.0000000000000000
8.3529129,0.0000000000000000,0.0000000000000000,3.4099395275115967,0.0000000000000000,0.0000000000000000,2.4785156250000000,0.0000000000000000
8.3629103,0.0000000000000000,0.0000000000000000,3.4099395275115967,0.0000000000000000,0.0000000000000000,1.9570312500000000,0.0000000000000000
8.3728781,0.0000000000000000,0.0000000000000000,3.4099395275115967,0.0000000000000000,0.0000000000000000,1.3144531250000000,0.0000000000000000
8.3829403,0.0000000000000000,0.0000000000000000,3.4099395275115967,0.0000000000000000,0.0000000000000000,0.6074218750000000,0.0000000000000000
8.3928957,0.0000000000000000,0.0000000000000000,3.4099395275115967,0.0000000000000000,0.0000000000000000,-0.1738281250000000,0.0000000000000000
8.4029064,0.0000000000000000,0.0000000000000000,3.4099395275115967,0.0000000000000000,0.0000000000000000,-0.9101562500000000,0.0000000000000000
8.4128819,0.0000000000000000,0.0000000000000000,3.4099395275115967,0.0000000000000000,0.0000000000000000,-1.5957031250000000,0.0000000000000000
8.4229021,0.0000000000000000,0.0000000000000000,3.4099395275115967,0.0000000000000000,0.0000000000000000,-2.2246093750000000,0.0000000000000000
8.4329739,0.0000000000000000,0.0000000000000000,3.4099395275115967,0.0000000000000000,0.0000000000000000,-2.8085937500000000,0.0000000000000000
8.4428864,0.0000000000000000,0.0000000000000000,3.4099395275115967,0.0000000000000000,0.0000000000000000,-3.3222656250000000,0.0000000000000000
8.4529543,0.0000000000000000,0.0000000000000000,3.4099395275115967,0.0000000000000000,0.0000000000000000,-3.7460937500000000,0.0000000000000000
8.4629364,0.0000000000000000,0.0000000000000000,3.4099395275115967,0.0000000000000000,0.0000000000000000,-4.0527343750000000,0.0000000000000000
8.4729280,0.0000000000000000,0.0000000000000000,3.4099395275115967,0.0000000000000000,0.0000000000000000,-4.2226562500000000,0.0000000000000000
8.4829559,0.0000000000000000,0.0000000000000000,3.4099395275115967,0.0000000000000000,0.0000000000000000,-4.2617187500000000,0.0000000000000000
8.4929438,0.0000000000000000,0.0000000000000000,3.4099395275115967,0.0000000000000000,0.0000000000000000,-4.1171875000000000,0.0000000000000000
8.5033875,0.0000000000000000,0.0000000000000000,3.4099395275115967,0.0000000000000000,0.0000000000000000,-3.8437500000000000,0.0000000000000000
8.5129242,0.0000000000000000,0.0000000000000000,3.4099395275115967,0.0000000000000000,0.0000000000000000,-3.4394531250000000,0.0000000000000000
8.5230837,0.0000000000000000,0.0000000000000000,3.4099395275115967,0.0000000000000000,0.0000000000000000,-2.9531250000000000,0.0000000000000000
8.5333424,0.0000000000000000,0.0000000000000000,3.4099395275115967,0.0000000000000000,0.0000000000000000,-2.3613281250000000,0.0000000000000000
8.5433397,0.0000000000000000,0.0000000000000000,3.4099395275115967,0.0000000000000000,0.0000000000000000,-1.6582031250000000,0.0000000000000000
8.5533581,0.0000000000000000,0.0000000000000000,3.4099395275115967,0.0000000000000000,0.0000000000000000,-0.8769531250000000,0.0000000000000000
8.5633326,0.0000000000000000,0.0000000000000000,3.4099395275115967,0.0000000000000000,0.0000000000000000,-0.0214843750000000,0.0000000000000000
8.5732279,0.0000000000000000,0.0000000000000000,3.4099395275115967,0.0000000000000000,0.0000000000000000,0.8339843750000000,0.0000000000000000
8.5833683,0.0000000000000000,0.0000000000000000,3.4099395275115967,0.0000000000000000,0.0000000000000000,1.6679687500000000,0.0000000000000000
8.5929756,0.0000000000000000,0.0000000000000000,3.4099395275115967,0.0000000000000000,0.0000000000000000,2.4687500000000000,0.0000000000000000
8.6033735,0.0000000000000000,0.0000000000000000,3.4099395275115967,0.0000000000000000,0.0000000000000000,3.2343750000000000,0.0000000000000000
8.6129436,0.0000000000000000,0.0000000000000000,3.4099395275115967,0.0000000000000000,0.0000000000000000,3.9394531250000000,0.0000000000000000
8.6235189,0.0000000000000000,0.0000000000000000,3.4099395275115967,0.0000000000000000,0.0000000000000000,4.4492187500000000,0.0000000000000000
8.6334047,0.0000000000000000,0.0000000000000000,3.4099395275115967,0.0000000000000000,0.0000000000000000,4.7441406250000000,0.0000000000000000
8.6429796,0.0000000000000000,0.0000000000000000,3.4099395275115967,0.0000000000000000,0.0000000000000000,4.8300781250000000,0.0000000000000000
8.6532669,0.0000000000000000,0.0000000000000000,3.4099395275115967,0.0000000000000000,0.0000000000000000,4.7109375000000000,0.0000000000000000
8.6631308,0.0000000000000000,0.0000000000000000,3.4099395275115967,0.0000000000000000,0.0000000000000000,4.4003906250000000,0.0000000000000000
8.6732817,0.0000000000000000,0.0000000000000000,3.4099395275115967,0.0000000000000000,0.0000000000000000,4.0078125000000000,0.0000000000000000
8.6831446,0.0000000000000000,0.0000000000000000,3.4099395275115967,0.0000000000000000,0.0000000000000000,3.4433593750000000,0.0000000000000000
8.6929998,0.0000000000000000,0.0000000000000000,3.4099395275115967,0.0000000000000000,0.0000000000000000,2.7714843750000000,0.0000000000000000
8.7029476,0.0000000000000000,0.0000000000000000,3.4099395275115967,0.0000000000000000,0.0000000000000000,1.9492187500000000,0.0000000000000000
8.7129412,0.0000000000000000,0.0000000000000000,3.4099395275115967,0.0000000000000000,0.0000000000000000,1.0156250000000000,0.0000000000000000
8.7234211,0.0000000000000000,0.0000000000000000,3.4099395275115967,0.0000000000000000,0.0000000000000000,-0.0468750000000000,0.0000000000000000
8.7335148,0.0000000000000000,0.0000000000000000,3.5513768196105957,0.0000000000000000,0.0000000000000000,-0.0468750000000000,0.0000000000000000
8.7430191,0.0000000000000000,0.0000000000000000,3.5245962142944336,0.0000000000000000,0.0000000000000000,-0.0468750000000000,0.0000000000000000
8.7526484,0.0000000000000000,0.0000000000000000,3.4951927661895752,0.0000000000000000,0.0000000000000000,-0.0468750000000000,0.0000000000000000
8.7629604,0.0000000000000000,0.0000000000000000,3.4786150455474854,0.0000000000000000,0.0000000000000000,-0.0468750000000000,0.0000000000000000
8.7733116,0.0000000000000000,0.0000000000000000,3.4402644634246826,0.0000000000000000,0.0000000000000000,-0.0468750000000000,0.0000000000000000
8.7829666,0.0000000000000000,0.0000000000000000,3.3763606548309326,0.0000000000000000,0.0000000000000000,-0.0468750000000000,0.0000000000000000
8.7929697,0.0000000000000000,0.0000000000000000,3.3289785385131836,0.0000000000000000,0.0000000000000000,-0.0468750000000000,0.0000000000000000
8.8029737,0.0000000000000000,0.0000000000000000,3.2846140861511230,0.0000000000000000,0.0000000000000000,-0.0468750000000000,0.0000000000000000
8.8129864,0.0000000000000000,0.0000000000000000,3.2406992912292480,0.0000000000000000,0.0000000000000000,-0.0468750000000000,0.0000000000000000
8.8230181,0.0000000000000000,0.0000000000000000,3.2042822837829590,0.0000000000000000,0.0000000000000000,-0.0468750000000000,0.0000000000000000
8.8329802,0.0000000000000000,0.0000000000000000,3.1740152835845947,0.0000000000000000,0.0000000000000000,-0.0468750000000000,0.0000000000000000
8.8429556,0.0000000000000000,0.0000000000000000,3.1516838073730469,0.0000000000000000,0.0000000000000000,-0.0468750000000000,0.0000000000000000
8.8529902,0.0000000000000000,0.0000000000000000,3.1389200687408447,0.0000000000000000,0.0000000000000000,-0.0468750000000000,0.0000000000000000
8.8629799,0.0000000000000000,0.0000000000000000,3.1364946365356445,0.0000000000000000,0.0000000000000000,-0.0468750000000000,0.0000000000000000
8.8737040,0.0000000000000000,0.0000000000000000,3.1446783542633057,0.0000000000000000,0.0000000000000000,-0.0468750000000000,0.0000000000000000
8.8829956,0.0000000000000000,0.0000000000000000,3.1614203453063965,0.0000000000000000,0.0000000000000000,-0.0468750000000000,0.0000000000000000
8.8930140,0.0000000000000000,0.0000000000000000,3.1863994598388672,0.0000000000000000,0.0000000000000000,-0.0468750000000000,0.0000000000000000
8.9030228,0.0000000000000000,0.0000000000000000,3.2179841995239258,0.0000000000000000,0.0000000000000000,-0.0468750000000000,0.0000000000000000
8.9130278,0.0000000000000000,0.0000000000000000,3.2578625679016113,0.0000000000000000,0.0000000000000000,-0.0468750000000000,0.0000000000000000
8.9236755,0.0000000000000000,0.0000000000000000,3.2994687557220459,0.0000000000000000,0.0000000000000000,-0.0468750000000000,0.0000000000000000
8.9330397,0.0000000000000000,0.0000000000000000,3.3466453552246094,0.0000000000000000,0.0000000000000000,-0.0468750000000000,0.0000000000000000
8.9434576,0.0000000000000000,0.0000000000000000,3.3916440010070801,0.0000000000000000,0.0000000000000000,-0.0468750000000000,0.0000000000000000
8.9529819,0.0000000000000000,0.0000000000000000,3.4397559165954590,0.0000000000000000,0.0000000000000000,-0.0468750000000000,0.0000000000000000
8.9637127,0.0000000000000000,0.0000000000000000,3.4800267219543457,0.0000000000000000,0.0000000000000000,-0.0468750000000000,0.0000000000000000
8.9734402,0.0000000000000000,0.0000000000000000,3.5174069404602051,0.0000000000000000,0.0000000000000000,-0.0468750000000000,0.0000000000000000
8.9834728,0.0000000000000000,0.0000000000000000,3.5474450588226318,0.0000000000000000,0.0000000000000000,-0.0468750000000000,0.0000000000000000
8.9934597,0.0000000000000000,0.0000000000000000,3.5691354274749756,0.0000000000000000,0.0000000000000000,-0.0468750000000000,0.0000000000000000
9.0034771,0.0000000000000000,0.0000000000000000,3.5820283889770508,0.0000000000000000,0.0000000000000000,-0.0468750000000000,0.0000000000000000
9.0130444,0.0000000000000000,0.0000000000000000,3.5855686664581299,0.0000000000000000,0.0000000000000000,-0.0468750000000000,0.0000000000000000
9.0233746,0.0000000000000000,0.0000000000000000,3.5801467895507812,0.0000000000000000,0.0000000000000000,-0.0468750000000000,0.0000000000000000
9.0334406,0.0000000000000000,0.0000000000000000,3.5660908222198486,0.0000000000000000,0.0000000000000000,-0.0468750000000000,0.0000000000000000
9.0432711,0.0000000000000000,0.0000000000000000,3.5432372093200684,0.0000000000000000,0.0000000000000000,-0.0468750000000000,0.0000000000000000
9.0530348,0.0000000000000000,0.0000000000000000,3.5118911266326904,0.0000000000000000,0.0000000000000000,-0.0468750000000000,0.0000000000000000
9.0626411,0.0000000000000000,0.0000000000000000,3.4730067253112793,0.0000000000000000,0.0000000000000000,-0.0468750000000000,0.0000000000000000
9.0740404,0.0000000000000000,0.0000000000000000,3.4730067253112793,0.0000000000000000,0.0000000000000000,-4.5410156250000000,0.0000000000000000
9.0835094,0.0000000000000000,0.0000000000000000,3.3765721321105957,0.0000000000000000,0.0000000000000000,-4.5410156250000000,0.0000000000000000
9.0930691,0.0000000000000000,0.0000000000000000,3.3202688694000244,0.0000000000000000,0.0000000000000000,-4.5410156250000000,0.0000000000000000
9.1030483,0.0000000000000000,0.0000000000000000,3.2639942169189453,0.0000000000000000,0.0000000000000000,-4.5410156250000000,0.0000000000000000
9.1132345,0.0000000000000000,0.0000000000000000,3.2116560935974121,0.0000000000000000,0.0000000000000000,-4.5410156250000000,0.0000000000000000
9.1230955,0.0000000000000000,0.0000000000000000,3.1584348678588867,0.0000000000000000,0.0000000000000000,-4.5410156250000000,0.0000000000000000
9.1346264,0.0000000000000000,0.0000000000000000,3.0601010322570801,0.0000000000000000,0.0000000000000000,-4.5410156250000000,0.0000000000000000
9.1424875,0.0000000000000000,0.0000000000000000,3.0177667140960693,0.0000000000000000,0.0000000000000000,-4.5410156250000000,0.0000000000000000
9.1527834,0.0000000000000000,0.0000000000000000,3.0177667140960693,0.0000000000000000,0.0000000000000000,-4.0527343750000000,0.0000000000000000
9.1633596,0.0000000000000000,0.0000000000000000,2.9766368865966797,0.0000000000000000,0.0000000000000000,-4.0527343750000000,0.0000000000000000
9.1730471,0.0000000000000000,0.0000000000000000,2.9360799789428711,0.0000000000000000,0.0000000000000000,-4.0527343750000000,0.0000000000000000
9.1830397,0.0000000000000000,0.0000000000000000,2.9029104709625244,0.0000000000000000,0.0000000000000000,-4.0527343750000000,0.0000000000000000
9.1933813,0.0000000000000000,0.0000000000000000,2.8775994777679443,0.0000000000000000,0.0000000000000000,-4.0527343750000000,0.0000000000000000
9.2030163,0.0000000000000000,0.0000000000000000,2.8775994777679443,0.0000000000000000,0.0000000000000000,0.0019531250000000,0.0000000000000000
9.2130985,0.0000000000000000,0.0000000000000000,2.8775994777679443,0.0000000000000000,0.0000000000000000,0.0703125000000000,0.0000000000000000
9.2230301,0.0000000000000000,0.0000000000000000,2.8775994777679443,0.0000000000000000,0.0000000000000000,-0.2753906250000000,0.0000000000000000
9.2330294,0.0000000000000000,0.0000000000000000,2.8775994777679443,0.0000000000000000,0.0000000000000000,-0.3867187500000000,0.0000000000000000
9.2430658,0.0000000000000000,0.0000000000000000,2.8775994777679443,0.0000000000000000,0.0000000000000000,-0.5039062500000000,0.0000000000000000
9.2530270,0.0000000000000000,0.0000000000000000,2.8775994777679443,0.0000000000000000,0.0000000000000000,-0.5839843750000000,0.0000000000000000
9.2630053,0.0000000000000000,0.0000000000000000,2.8775994777679443,0.0000000000000000,0.0000000000000000,-0.5527343750000000,0.0000000000000000
9.2729998,0.0000000000000000,0.0000000000000000,2.8775994777679443,0.0000000000000000,0.0000000000000000,-0.4609375000000000,0.0000000000000000
9.2830162,0.0000000000000000,0.0000000000000000,2.8775994777679443,0.0000000000000000,0.0000000000000000,-0.4257812500000000,0.0000000000000000
9.2930756,0.0000000000000000,0.0000000000000000,2.8775994777679443,0.0000000000000000,0.0000000000000000,-0.3066406250000000,0.0000000000000000
9.3030396,0.0000000000000000,0.0000000000000000,2.8775994777679443,0.0000000000000000,0.0000000000000000,-0.2187500000000000,0.0000000000000000
9.3130417,0.0000000000000000,0.0000000000000000,2.8775994777679443,0.0000000000000000,0.0000000000000000,-0.1093750000000000,0.0000000000000000
9.3230267,0.0000000000000000,0.0000000000000000,2.8775994777679443,0.0000000000000000,0.0000000000000000,-0.0351562500000000,0.0000000000000000
9.3330526,0.0000000000000000,0.0000000000000000,2.8775994777679443,0.0000000000000000,0.0000000000000000,0.1054687500000000,0.0000000000000000
9.3430538,0.0000000000000000,0.0000000000000000,2.8775994777679443,0.0000000000000000,0.0000000000000000,0.3808593750000000,0.0000000000000000
9.3530731,0.0000000000000000,0.0000000000000000,2.8775994777679443,0.0000000000000000,0.0000000000000000,0.6503906250000000,0.0000000000000000
9.3631191,0.0000000000000000,0.0000000000000000,2.8775994777679443,0.0000000000000000,0.0000000000000000,0.9492187500000000,0.0000000000000000
9.3730640,0.0000000000000000,0.0000000000000000,2.8775994777679443,0.0000000000000000,0.0000000000000000,1.2617187500000000,0.0000000000000000
9.3834076,0.0000000000000000,0.0000000000000000,2.8775994777679443,0.0000000000000000,0.0000000000000000,1.5996093750000000,0.0000000000000000
9.3934832,0.0000000000000000,0.0000000000000000,2.8775994777679443,0.0000000000000000,0.0000000000000000,1.9257812500000000,0.0000000000000000
9.4036503,0.0000000000000000,0.0000000000000000,2.8775994777679443,0.0000000000000000,0.0000000000000000,2.2519531250000000,0.0000000000000000
9.4135056,0.0000000000000000,0.0000000000000000,2.8775994777679443,0.0000000000000000,0.0000000000000000,2.5488281250000000,0.0000000000000000
9.4234877,0.0000000000000000,0.0000000000000000,2.8775994777679443,0.0000000000000000,0.0000000000000000,2.8398437500000000,0.0000000000000000
9.4332409,0.0000000000000000,0.0000000000000000,2.8775994777679443,0.0000000000000000,0.0000000000000000,3.1074218750000000,0.0000000000000000
9.4431038,0.0000000000000000,0.0000000000000000,2.8775994777679443,0.0000000000000000,0.0000000000000000,3.3417968750000000,0.0000000000000000
9.4530783,0.0000000000000000,0.0000000000000000,2.8775994777679443,0.0000000000000000,0.0000000000000000,3.5214843750000000,0.0000000000000000
9.4635248,0.0000000000000000,0.0000000000000000,2.8775994777679443,0.0000000000000000,0.0000000000000000,3.6582031250000000,0.0000000000000000
9.4735603,0.0000000000000000,0.0000000000000000,2.8775994777679443,0.0000000000000000,0.0000000000000000,3.7636718750000000,0.0000000000000000
9.4833593,0.0000000000000000,0.0000000000000000,2.8775994777679443,0.0000000000000000,0.0000000000000000,3.8183593750000000,0.0000000000000000
9.4935942,0.0000000000000000,0.0000000000000000,2.8775994777679443,0.0000000000000000,0.0000000000000000,3.8320312500000000,0.0000000000000000
9.5038147,0.0000000000000000,0.0000000000000000,2.8775994777679443,0.0000000000000000,0.0000000000000000,3.8027343750000000,0.0000000000000000
9.5135555,0.0000000000000000,0.0000000000000000,2.8775994777679443,0.0000000000000000,0.0000000000000000,3.7617187500000000,0.0000000000000000
9.5231371,0.0000000000000000,0.0000000000000000,2.8775994777679443,0.0000000000000000,0.0000000000000000,3.7167968750000000,0.0000000000000000
9.5335169,0.0000000000000000,0.0000000000000000,2.8775994777679443,0.0000000000000000,0.0000000000000000,3.6621093750000000,0.0000000000000000
9.5432377,0.0000000000000000,0.0000000000000000,2.8775994777679443,0.0000000000000000,0.0000000000000000,3.5527343750000000,0.0000000000000000
9.5531073,0.0000000000000000,0.0000000000000000,2.8775994777679443,0.0000000000000000,0.0000000000000000,3.4199218750000000,0.0000000000000000
9.5631676,0.0000000000000000,0.0000000000000000,2.8775994777679443,0.0000000000000000,0.0000000000000000,3.2617187500000000,0.0000000000000000
9.5731201,0.0000000000000000,0.0000000000000000,2.8775994777679443,0.0000000000000000,0.0000000000000000,3.1425781250000000,0.0000000000000000
9.5838413,0.0000000000000000,0.0000000000000000,2.8775994777679443,0.0000000000000000,0.0000000000000000,2.9726562500000000,0.0000000000000000
9.5936356,0.0000000000000000,0.0000000000000000,3.5540425777435303,0.0000000000000000,0.0000000000000000,2.9726562500000000,0.0000000000000000
9.6033211,0.0000000000000000,0.0000000000000000,3.5945141315460205,0.0000000000000000,0.0000000000000000,2.9726562500000000,0.0000000000000000
9.6128063,0.0000000000000000,0.0000000000000000,3.6184668540954590,0.0000000000000000,0.0000000000000000,2.9726562500000000,0.0000000000000000
9.6228437,0.0000000000000000,0.0000000000000000,3.6314048767089844,0.0000000000000000,0.0000000000000000,2.9726562500000000,0.0000000000000000
9.6331148,0.0000000000000000,0.0000000000000000,3.6314048767089844,0.0000000000000000,0.0000000000000000,2.2285156250000000,0.0000000000000000
9.6433563,0.0000000000000000,0.0000000000000000,3.6314048767089844,0.0000000000000000,0.0000000000000000,2.0683593750000000,0.0000000000000000
9.6534271,0.0000000000000000,0.0000000000000000,3.6945326328277588,0.0000000000000000,0.0000000000000000,2.0683593750000000,0.0000000000000000
9.6631613,0.0000000000000000,0.0000000000000000,3.7204256057739258,0.0000000000000000,0.0000000000000000,2.0683593750000000,0.0000000000000000
9.6731262,0.0000000000000000,0.0000000000000000,3.7350046634674072,0.0000000000000000,0.0000000000000000,2.0683593750000000,0.0000000000000000
9.6831484,0.0000000000000000,0.0000000000000000,3.7489004135131836,0.0000000000000000,0.0000000000000000,2.0683593750000000,0.0000000000000000
9.6931257,0.0000000000000000,0.0000000000000000,3.7602999210357666,0.0000000000000000,0.0000000000000000,2.0683593750000000,0.0000000000000000
9.7031107,0.0000000000000000,0.0000000000000000,3.7703127861022949,0.0000000000000000,0.0000000000000000,2.0683593750000000,0.0000000000000000
9.7146120,0.0000000000000000,0.0000000000000000,3.7812581062316895,0.0000000000000000,0.0000000000000000,2.0683593750000000,0.0000000000000000
9.7225647,0.0000000000000000,0.0000000000000000,3.7814307212829590,0.0000000000000000,0.0000000000000000,2.0683593750000000,0.0000000000000000
9.7328272,0.0000000000000000,0.0000000000000000,3.7814307212829590,0.0000000000000000,0.0000000000000000,-0.4140625000000000,0.0000000000000000
9.7431459,0.0000000000000000,0.0000000000000000,3.7771577835083008,0.0000000000000000,0.0000000000000000,-0.4140625000000000,0.0000000000000000
9.7531490,0.0000000000000000,0.0000000000000000,3.7681319713592529,0.0000000000000000,0.0000000000000000,-0.4140625000000000,0.0000000000000000
9.7646561,0.0000000000000000,0.0000000000000000,3.7347948551177979,0.0000000000000000,0.0000000000000000,-0.4140625000000000,0.0000000000000000
9.7726421,0.0000000000000000,0.0000000000000000,3.7110433578491211,0.0000000000000000,0.0000000000000000,-0.4140625000000000,0.0000000000000000
9.7834177,0.0000000000000000,0.0000000000000000,3.7110433578491211,0.0000000000000000,0.0000000000000000,-2.8125000000000000,0.0000000000000000
9.7931795,0.0000000000000000,0.0000000000000000,3.6834869384765625,0.0000000000000000,0.0000000000000000,-2.8125000000000000,0.0000000000000000
9.8031330,0.0000000000000000,0.0000000000000000,3.6500840187072754,0.0000000000000000,0.0000000000000000,-2.8125000000000000,0.0000000000000000
9.8132210,0.0000000000000000,0.0000000000000000,3.6150648593902588,0.0000000000000000,0.0000000000000000,-2.8125000000000000,0.0000000000000000
9.8243132,0.0000000000000000,0.0000000000000000,3.6150648593902588,0.0000000000000000,0.0000000000000000,-3.8300781250000000,0.0000000000000000
9.8335781,0.0000000000000000,0.0000000000000000,3.5380544662475586,0.0000000000000000,0.0000000000000000,-3.8300781250000000,0.0000000000000000
9.8436069,0.0000000000000000,0.0000000000000000,3.4967751502990723,0.0000000000000000,0.0000000000000000,-3.8300781250000000,0.0000000000000000
9.8537636,0.0000000000000000,0.0000000000000000,3.4554610252380371,0.0000000000000000,0.0000000000000000,-3.8300781250000000,0.0000000000000000
9.8636026,0.0000000000000000,0.0000000000000000,3.4129612445831299,0.0000000000000000,0.0000000000000000,-3.8300781250000000,0.0000000000000000
9.8748350,0.0000000000000000,0.0000000000000000,3.3303110599517822,0.0000000000000000,0.0000000000000000,-3.8300781250000000,0.0000000000000000
9.8825884,0.0000000000000000,0.0000000000000000,3.2884826660156250,0.0000000000000000,0.0000000000000000,-3.8300781250000000,0.0000000000000000
9.8932514,0.0000000000000000,0.0000000000000000,3.2884826660156250,0.0000000000000000,0.0000000000000000,-4.0781250000000000,0.0000000000000000
9.9036236,0.0000000000000000,0.0000000000000000,3.2482926845550537,0.0000000000000000,0.0000000000000000,-4.0781250000000000,0.0000000000000000
9.9134541,0.0000000000000000,0.0000000000000000,3.2079753875732422,0.0000000000000000,0.0000000000000000,-4.0781250000000000,0.0000000000000000
9.9232340,0.0000000000000000,0.0000000000000000,3.1684608459472656,0.0000000000000000,0.0000000000000000,-4.0781250000000000,0.0000000000000000
9.9332294,0.0000000000000000,0.0000000000000000,3.1286041736602783,0.0000000000000000,0.0000000000000000,-4.0781250000000000,0.0000000000000000
9.9431896,0.0000000000000000,0.0000000000000000,3.0899410247802734,0.0000000000000000,0.0000000000000000,-4.0781250000000000,0.0000000000000000
9.9527082,0.0000000000000000,0.0000000000000000,3.0515959262847900,0.0000000000000000,0.0000000000000000,-4.0781250000000000,0.0000000000000000
9.9640942,0.0000000000000000,0.0000000000000000,3.0515959262847900,0.0000000000000000,0.0000000000000000,-3.7226562500000000,0.0000000000000000
9.9733191,0.0000000000000000,0.0000000000000000,2.9786670207977295,0.0000000000000000,0.0000000000000000,-3.7226562500000000,0.0000000000000000
9.9833069,0.0000000000000000,0.0000000000000000,2.9426064491271973,0.0000000000000000,0.0000000000000000,-3.7226562500000000,0.0000000000000000
9.9933882,0.0000000000000000,0.0000000000000000,2.9098577499389648,0.0000000000000000,0.0000000000000000,-3.7226562500000000,0.0000000000000000
10.0032682,0.0000000000000000,0.0000000000000000,2.8775606155395508,0.0000000000000000,0.0000000000000000,-3.7226562500000000,0.0000000000000000
10.0136280,0.0000000000000000,0.0000000000000000,2.8494675159454346,0.0000000000000000,0.0000000000000000,-3.7226562500000000,0.0000000000000000
10.0231972,0.0000000000000000,0.0000000000000000,2.8217492103576660,0.0000000000000000,0.0000000000000000,-3.7226562500000000,0.0000000000000000
10.0331821,0.0000000000000000,0.0000000000000000,2.7983255386352539,0.0000000000000000,0.0000000000000000,-3.7226562500000000,0.0000000000000000
10.0433292,0.0000000000000000,0.0000000000000000,2.7794137001037598,0.0000000000000000,0.0000000000000000,-3.7226562500000000,0.0000000000000000
10.0532198,0.0000000000000000,0.0000000000000000,2.7645852565765381,0.0000000000000000,0.0000000000000000,-3.7226562500000000,0.0000000000000000
10.0631914,0.0000000000000000,0.0000000000000000,2.7539651393890381,0.0000000000000000,0.0000000000000000,-3.7226562500000000,0.0000000000000000
10.0735064,0.0000000000000000,0.0000000000000000,2.7503161430358887,0.0000000000000000,0.0000000000000000,-3.7226562500000000,0.0000000000000000
10.0831776,0.0000000000000000,0.0000000000000000,2.7503161430358887,0.0000000000000000,0.0000000000000000,0.7460937500000000,0.0000000000000000
10.0931807,0.0000000000000000,0.0000000000000000,2.7503161430358887,0.0000000000000000,0.0000000000000000,1.3261718750000000,0.0000000000000000
10.1031981,0.0000000000000000,0.0000000000000000,2.7503161430358887,0.0000000000000000,0.0000000000000000,1.8945312500000000,0.0000000000000000
10.1132116,0.0000000000000000,0.0000000000000000,2.7503161430358887,0.0000000000000000,0.0000000000000000,2.4316406250000000,0.0000000000000000
10.1231928,0.0000000000000000,0.0000000000000000,2.7503161430358887,0.0000000000000000,0.0000000000000000,2.9570312500000000,0.0000000000000000
10.1331730,0.0000000000000000,0.0000000000000000,2.7503161430358887,0.0000000000000000,0.0000000000000000,3.5058593750000000,0.0000000000000000
10.1431723,0.0000000000000000,0.0000000000000000,2.7503161430358887,0.0000000000000000,0.0000000000000000,3.9921875000000000,0.0000000000000000
10.1532125,0.0000000000000000,0.0000000000000000,2.7503161430358887,0.0000000000000000,0.0000000000000000,4.4160156250000000,0.0000000000000000
10.1631823,0.0000000000000000,0.0000000000000000,2.7503161430358887,0.0000000000000000,0.0000000000000000,4.7578125000000000,0.0000000000000000
10.1732140,0.0000000000000000,0.0000000000000000,2.7503161430358887,0.0000000000000000,0.0000000000000000,5.0312500000000000,0.0000000000000000
10.1832075,0.0000000000000000,0.0000000000000000,2.7503161430358887,0.0000000000000000,0.0000000000000000,5.1914062500000000,0.0000000000000000
10.1931801,0.0000000000000000,0.0000000000000000,2.7503161430358887,0.0000000000000000,0.0000000000000000,5.2656250000000000,0.0000000000000000
10.2032280,0.0000000000000000,0.0000000000000000,2.7503161430358887,0.0000000000000000,0.0000000000000000,5.2324218750000000,0.0000000000000000
10.2129154,0.0000000000000000,0.0000000000000000,2.7503161430358887,0.0000000000000000,0.0000000000000000,5.0781250000000000,0.0000000000000000
10.2240229,0.0000000000000000,0.0000000000000000,3.2684996128082275,0.0000000000000000,0.0000000000000000,5.0781250000000000,0.0000000000000000
10.2332458,0.0000000000000000,0.0000000000000000,3.2684996128082275,0.0000000000000000,0.0000000000000000,4.6328125000000000,0.0000000000000000
10.2432547,0.0000000000000000,0.0000000000000000,3.2684996128082275,0.0000000000000000,0.0000000000000000,4.4042968750000000,0.0000000000000000
10.2532406,0.0000000000000000,0.0000000000000000,3.2684996128082275,0.0000000000000000,0.0000000000000000,4.1425781250000000,0.0000000000000000
10.2632303,0.0000000000000000,0.0000000000000000,3.2684996128082275,0.0000000000000000,0.0000000000000000,3.8769531250000000,0.0000000000000000
10.2736740,0.0000000000000000,0.0000000000000000,3.2684996128082275,0.0000000000000000,0.0000000000000000,3.5214843750000000,0.0000000000000000
10.2836990,0.0000000000000000,0.0000000000000000,3.2684996128082275,0.0000000000000000,0.0000000000000000,3.2285156250000000,0.0000000000000000
10.2932463,0.0000000000000000,0.0000000000000000,3.2684996128082275,0.0000000000000000,0.0000000000000000,3.0019531250000000,0.0000000000000000
10.3036642,0.0000000000000000,0.0000000000000000,3.2684996128082275,0.0000000000000000,0.0000000000000000,2.7539062500000000,0.0000000000000000
10.3136196,0.0000000000000000,0.0000000000000000,3.2684996128082275,0.0000000000000000,0.0000000000000000,2.5410156250000000,0.0000000000000000
10.3236704,0.0000000000000000,0.0000000000000000,3.2684996128082275,0.0000000000000000,0.0000000000000000,2.3476562500000000,0.0000000000000000
10.3336353,0.0000000000000000,0.0000000000000000,3.2684996128082275,0.0000000000000000,0.0000000000000000,2.0898437500000000,0.0000000000000000
10.3433838,0.0000000000000000,0.0000000000000000,3.2684996128082275,0.0000000000000000,0.0000000000000000,1.7675781250000000,0.0000000000000000
10.3532572,0.0000000000000000,0.0000000000000000,3.2684996128082275,0.0000000000000000,0.0000000000000000,1.3652343750000000,0.0000000000000000
10.3632517,0.0000000000000000,0.0000000000000000,3.2684996128082275,0.0000000000000000,0.0000000000000000,0.9199218750000000,0.0000000000000000
10.3737116,0.0000000000000000,0.0000000000000000,3.2684996128082275,0.0000000000000000,0.0000000000000000,0.4648437500000000,0.0000000000000000
10.3837137,0.0000000000000000,0.0000000000000000,3.2684996128082275,0.0000000000000000,0.0000000000000000,0.0175781250000000,0.0000000000000000
10.3937063,0.0000000000000000,0.0000000000000000,3.2684996128082275,0.0000000000000000,0.0000000000000000,-0.4257812500000000,0.0000000000000000
10.4036942,0.0000000000000000,0.0000000000000000,3.2684996128082275,0.0000000000000000,0.0000000000000000,-0.8339843750000000,0.0000000000000000
10.4132900,0.0000000000000000,0.0000000000000000,3.2684996128082275,0.0000000000000000,0.0000000000000000,-1.2246093750000000,0.0000000000000000
10.4232788,0.0000000000000000,0.0000000000000000,3.2684996128082275,0.0000000000000000,0.0000000000000000,-1.5898437500000000,0.0000000000000000
10.4336538,0.0000000000000000,0.0000000000000000,3.2684996128082275,0.0000000000000000,0.0000000000000000,-1.9355468750000000,0.0000000000000000
10.4433355,0.0000000000000000,0.0000000000000000,3.2684996128082275,0.0000000000000000,0.0000000000000000,-2.2597656250000000,0.0000000000000000
10.4533167,0.0000000000000000,0.0000000000000000,3.2684996128082275,0.0000000000000000,0.0000000000000000,-2.5371093750000000,0.0000000000000000
10.4632931,0.0000000000000000,0.0000000000000000,3.2684996128082275,0.0000000000000000,0.0000000000000000,-2.8164062500000000,0.0000000000000000
10.4735556,0.0000000000000000,0.0000000000000000,3.2684996128082275,0.0000000000000000,0.0000000000000000,-2.9863281250000000,0.0000000000000000
10.4832458,0.0000000000000000,0.0000000000000000,3.2684996128082275,0.0000000000000000,0.0000000000000000,-3.1074218750000000,0.0000000000000000
10.4939699,0.0000000000000000,0.0000000000000000,3.2684996128082275,0.0000000000000000,0.0000000000000000,-3.1523437500000000,0.0000000000000000
10.5034161,0.0000000000000000,0.0000000000000000,3.4679989814758301,0.0000000000000000,0.0000000000000000,-3.1523437500000000,0.0000000000000000
10.5129519,0.0000000000000000,0.0000000000000000,3.4359722137451172,0.0000000000000000,0.0000000000000000,-3.1523437500000000,0.0000000000000000
10.5230312,0.0000000000000000,0.0000000000000000,3.4206066131591797,0.0000000000000000,0.0000000000000000,-3.1523437500000000,0.0000000000000000
10.5338240,0.0000000000000000,0.0000000000000000,3.4206066131591797,0.0000000000000000,0.0000000000000000,-2.7500000000000000,0.0000000000000000
10.5433006,0.0000000000000000,0.0000000000000000,3.3544895648956299,0.0000000000000000,0.0000000000000000,-2.7500000000000000,0.0000000000000000
10.5532808,0.0000000000000000,0.0000000000000000,3.3287763595581055,0.0000000000000000,0.0000000000000000,-2.7500000000000000,0.0000000000000000
10.5632820,0.0000000000000000,0.0000000000000000,3.3077795505523682,0.0000000000000000,0.0000000000000000,-2.7500000000000000,0.0000000000000000
10.5747423,0.0000000000000000,0.0000000000000000,3.2741978168487549,0.0000000000000000,0.0000000000000000,-2.7500000000000000,0.0000000000000000
10.5827284,0.0000000000000000,0.0000000000000000,3.2619366645812988,0.0000000000000000,0.0000000000000000,-2.7500000000000000,0.0000000000000000
10.5929575,0.0000000000000000,0.0000000000000000,3.2619366645812988,0.0000000000000000,0.0000000000000000,-0.7031250000000000,0.0000000000000000
10.6032658,0.0000000000000000,0.0000000000000000,3.2552070617675781,0.0000000000000000,0.0000000000000000,-0.7031250000000000,0.0000000000000000
10.6132555,0.0000000000000000,0.0000000000000000,3.2537488937377930,0.0000000000000000,0.0000000000000000,-0.7031250000000000,0.0000000000000000
10.6232996,0.0000000000000000,0.0000000000000000,3.2584345340728760,0.0000000000000000,0.0000000000000000,-0.7031250000000000,0.0000000000000000
10.6332903,0.0000000000000000,0.0000000000000000,3.2700502872467041,0.0000000000000000,0.0000000000000000,-0.7031250000000000,0.0000000000000000
10.6439495,0.0000000000000000,0.0000000000000000,3.2864344120025635,0.0000000000000000,0.0000000000000000,-0.7031250000000000,0.0000000000000000
10.6533079,0.0000000000000000,0.0000000000000000,3.3103203773498535,0.0000000000000000,0.0000000000000000,-0.7031250000000000,0.0000000000000000
10.6633158,0.0000000000000000,0.0000000000000000,3.3373546600341797,0.0000000000000000,0.0000000000000000,-0.7031250000000000,0.0000000000000000
10.6732874,0.0000000000000000,0.0000000000000000,3.3714938163757324,0.0000000000000000,0.0000000000000000,-0.7031250000000000,0.0000000000000000
10.6839218,0.0000000000000000,0.0000000000000000,3.4070072174072266,0.0000000000000000,0.0000000000000000,-0.7031250000000000,0.0000000000000000
10.6939726,0.0000000000000000,0.0000000000000000,3.4435656070709229,0.0000000000000000,0.0000000000000000,-0.7031250000000000,0.0000000000000000
10.7057476,0.0000000000000000,0.0000000000000000,3.5122857093811035,0.0000000000000000,0.0000000000000000,-0.7031250000000000,0.0000000000000000
10.7131500,0.0000000000000000,0.0000000000000000,3.5408961772918701,0.0000000000000000,0.0000000000000000,-0.7031250000000000,0.0000000000000000
10.7235680,0.0000000000000000,0.0000000000000000,3.5408961772918701,0.0000000000000000,0.0000000000000000,2.3867187500000000,0.0000000000000000
10.7340336,0.0000000000000000,0.0000000000000000,3.5662918090820312,0.0000000000000000,0.0000000000000000,2.3867187500000000,0.0000000000000000
10.7438087,0.0000000000000000,0.0000000000000000,3.5836195945739746,0.0000000000000000,0.0000000000000000,2.3867187500000000,0.0000000000000000
10.7537651,0.0000000000000000,0.0000000000000000,3.5968530178070068,0.0000000000000000,0.0000000000000000,2.3867187500000000,0.0000000000000000
10.7639618,0.0000000000000000,0.0000000000000000,3.6051709651947021,0.0000000000000000,0.0000000000000000,2.3867187500000000,0.0000000000000000
10.7737608,0.0000000000000000,0.0000000000000000,3.6088287830352783,0.0000000000000000,0.0000000000000000,2.3867187500000000,0.0000000000000000
10.7833500,0.0000000000000000,0.0000000000000000,3.6081845760345459,0.0000000000000000,0.0000000000000000,2.3867187500000000,0.0000000000000000
10.7937737,0.0000000000000000,0.0000000000000000,3.6039168834686279,0.0000000000000000,0.0000000000000000,2.3867187500000000,0.0000000000000000
10.8036947,0.0000000000000000,0.0000000000000000,3.5962109565734863,0.0000000000000000,0.0000000000000000,2.3867187500000000,0.0000000000000000
10.8139477,0.0000000000000000,0.0000000000000000,3.5851581096649170,0.0000000000000000,0.0000000000000000,2.3867187500000000,0.0000000000000000
10.8235636,0.0000000000000000,0.0000000000000000,3.5703167915344238,0.0000000000000000,0.0000000000000000,2.3867187500000000,0.0000000000000000
10.8333635,0.0000000000000000,0.0000000000000000,3.5516283512115479,0.0000000000000000,0.0000000000000000,2.3867187500000000,0.0000000000000000
10.8434620,0.0000000000000000,0.0000000000000000,3.5297811031341553,0.0000000000000000,0.0000000000000000,2.3867187500000000,0.0000000000000000
10.8538322,0.0000000000000000,0.0000000000000000,3.5044543743133545,0.0000000000000000,0.0000000000000000,2.3867187500000000,0.0000000000000000
10.8635378,0.0000000000000000,0.0000000000000000,3.4768853187561035,0.0000000000000000,0.0000000000000000,2.3867187500000000,0.0000000000000000
10.8733339,0.0000000000000000,0.0000000000000000,3.4456202983856201,0.0000000000000000,0.0000000000000000,2.3867187500000000,0.0000000000000000
10.8831787,0.0000000000000000,0.0000000000000000,3.4147820472717285,0.0000000000000000,0.0000000000000000,2.3867187500000000,0.0000000000000000
10.8940010,0.0000000000000000,0.0000000000000000,3.4147820472717285,0.0000000000000000,0.0000000000000000,-3.2519531250000000,0.0000000000000000
10.9035883,0.0000000000000000,0.0000000000000000,3.3488128185272217,0.0000000000000000,0.0000000000000000,-3.2519531250000000,0.0000000000000000
10.9133434,0.0000000000000000,0.0000000000000000,3.3127462863922119,0.0000000000000000,0.0000000000000000,-3.2519531250000000,0.0000000000000000
10.9233294,0.0000000000000000,0.0000000000000000,3.2795248031616211,0.0000000000000000,0.0000000000000000,-3.2519531250000000,0.0000000000000000
10.9336767,0.0000000000000000,0.0000000000000000,3.2425565719604492,0.0000000000000000,0.0000000000000000,-3.2519531250000000,0.0000000000000000
10.9433498,0.0000000000000000,0.0000000000000000,3.2079534530639648,0.0000000000000000,0.0000000000000000,-3.2519531250000000,0.0000000000000000
10.9533367,0.0000000000000000,0.0000000000000000,3.1706953048706055,0.0000000000000000,0.0000000000000000,-3.2519531250000000,0.0000000000000000
10.9633789,0.0000000000000000,0.0000000000000000,3.1357729434967041,0.0000000000000000,0.0000000000000000,-3.2519531250000000,0.0000000000000000
10.9733601,0.0000000000000000,0.0000000000000000,3.1021397113800049,0.0000000000000000,0.0000000000000000,-3.2519531250000000,0.0000000000000000
10.9836464,0.0000000000000000,0.0000000000000000,3.0682318210601807,0.0000000000000000,0.0000000000000000,-3.2519531250000000,0.0000000000000000
10.9930248,0.0000000000000000,0.0000000000000000,3.0682318210601807,0.0000000000000000,0.0000000000000000,-3.0957031250000000,0.0000000000000000
11.0036716,0.0000000000000000,0.0000000000000000,3.0043969154357910,0.0000000000000000,0.0000000000000000,-3.0957031250000000,0.0000000000000000
11.0133991,0.0000000000000000,0.0000000000000000,3.0043969154357910,0.0000000000000000,0.0000000000000000,-2.7695312500000000,0.0000000000000000
11.0233269,0.0000000000000000,0.0000000000000000,3.0043969154357910,0.0000000000000000,0.0000000000000000,-2.6152343750000000,0.0000000000000000
11.0333519,0.0000000000000000,0.0000000000000000,3.0043969154357910,0.0000000000000000,0.0000000000000000,-2.4843750000000000,0.0000000000000000
11.0430498,0.0000000000000000,0.0000000000000000,3.0043969154357910,0.0000000000000000,0.0000000000000000,-2.3535156250000000,0.0000000000000000
11.0537100,0.0000000000000000,0.0000000000000000,2.8726642131805420,0.0000000000000000,0.0000000000000000,-2.3535156250000000,0.0000000000000000
11.0633698,0.0000000000000000,0.0000000000000000,2.8726642131805420,0.0000000000000000,0.0000000000000000,-2.0390625000000000,0.0000000000000000
11.0733500,0.0000000000000000,0.0000000000000000,2.8726642131805420,0.0000000000000000,0.0000000000000000,-1.9101562500000000,0.0000000000000000
11.0833693,0.0000000000000000,0.0000000000000000,2.8726642131805420,0.0000000000000000,0.0000000000000000,-1.8085937500000000,0.0000000000000000
11.0933666,0.0000000000000000,0.0000000000000000,2.8726642131805420,0.0000000000000000,0.0000000000000000,-1.7207031250000000,0.0000000000000000
11.1033697,0.0000000000000000,0.0000000000000000,2.8726642131805420,0.0000000000000000,0.0000000000000000,-1.6582031250000000,0.0000000000000000
11.1133957,0.0000000000000000,0.0000000000000000,2.8726642131805420,0.0000000000000000,0.0000000000000000,-1.5781250000000000,0.0000000000000000
11.1233711,0.0000000000000000,0.0000000000000000,2.8726642131805420,0.0000000000000000,0.0000000000000000,-1.5175781250000000,0.0000000000000000
11.1338139,0.0000000000000000,0.0000000000000000,2.8726642131805420,0.0000000000000000,0.0000000000000000,-1.4453125000000000,0.0000000000000000
11.1433477,0.0000000000000000,0.0000000000000000,2.8726642131805420,0.0000000000000000,0.0000000000000000,-1.3535156250000000,0.0000000000000000
11.1533747,0.0000000000000000,0.0000000000000000,2.8726642131805420,0.0000000000000000,0.0000000000000000,-1.2441406250000000,0.0000000000000000
11.1638556,0.0000000000000000,0.0000000000000000,2.8726642131805420,0.0000000000000000,0.0000000000000000,-1.0878906250000000,0.0000000000000000
11.1739836,0.0000000000000000,0.0000000000000000,2.8726642131805420,0.0000000000000000,0.0000000000000000,-0.7988281250000000,0.0000000000000000
11.1840258,0.0000000000000000,0.0000000000000000,2.8726642131805420,0.0000000000000000,0.0000000000000000,-0.6191406250000000,0.0000000000000000
11.1937990,0.0000000000000000,0.0000000000000000,2.8726642131805420,0.0000000000000000,0.0000000000000000,-0.5058593750000000,0.0000000000000000
11.2036362,0.0000000000000000,0.0000000000000000,2.8726642131805420,0.0000000000000000,0.0000000000000000,-0.4453125000000000,0.0000000000000000
11.2138157,0.0000000000000000,0.0000000000000000,2.8726642131805420,0.0000000000000000,0.0000000000000000,-0.3710937500000000,0.0000000000000000
11.2234344,0.0000000000000000,0.0000000000000000,2.8726642131805420,0.0000000000000000,0.0000000000000000,-0.2558593750000000,0.0000000000000000
11.2338428,0.0000000000000000,0.0000000000000000,2.8726642131805420,0.0000000000000000,0.0000000000000000,-0.1933593750000000,0.0000000000000000
11.2438240,0.0000000000000000,0.0000000000000000,2.8726642131805420,0.0000000000000000,0.0000000000000000,-0.1406250000000000,0.0000000000000000
11.2537994,0.0000000000000000,0.0000000000000000,2.8726642131805420,0.0000000000000000,0.0000000000000000,-0.0703125000000000,0.0000000000000000
11.2639017,0.0000000000000000,0.0000000000000000,2.8726642131805420,0.0000000000000000,0.0000000000000000,0.0546875000000000,0.0000000000000000
11.2734222,0.0000000000000000,0.0000000000000000,2.8726642131805420,0.0000000000000000,0.0000000000000000,0.2246093750000000,0.0000000000000000
11.2838802,0.0000000000000000,0.0000000000000000,2.8726642131805420,0.0000000000000000,0.0000000000000000,0.5332031250000000,0.0000000000000000
11.2938719,0.0000000000000000,0.0000000000000000,2.8726642131805420,0.0000000000000000,0.0000000000000000,0.9960937500000000,0.0000000000000000
11.3040009,0.0000000000000000,0.0000000000000000,2.8726642131805420,0.0000000000000000,0.0000000000000000,1.4843750000000000,0.0000000000000000
11.3137274,0.0000000000000000,0.0000000000000000,2.8726642131805420,0.0000000000000000,0.0000000000000000,2.0390625000000000,0.0000000000000000
11.3234758,0.0000000000000000,0.0000000000000000,2.8726642131805420,0.0000000000000000,0.0000000000000000,2.6250000000000000,0.0000000000000000
11.3335495,0.0000000000000000,0.0000000000000000,2.8726642131805420,0.0000000000000000,0.0000000000000000,3.2226562500000000,0.0000000000000000
11.3436480,0.0000000000000000,0.0000000000000000,2.8726642131805420,0.0000000000000000,0.0000000000000000,3.7890625000000000,0.0000000000000000
11.3537359,0.0000000000000000,0.0000000000000000,2.8726642131805420,0.0000000000000000,0.0000000000000000,4.2617187500000000,0.0000000000000000
11.3631582,0.0000000000000000,0.0000000000000000,2.8582081794738770,0.0000000000000000,0.0000000000000000,4.2617187500000000,0.0000000000000000
11.3734159,0.0000000000000000,0.0000000000000000,2.8582081794738770,0.0000000000000000,0.0000000000000000,4.7949218750000000,0.0000000000000000
11.3836432,0.0000000000000000,0.0000000000000000,2.8582081794738770,0.0000000000000000,0.0000000000000000,4.9179687500000000,0.0000000000000000
11.3934164,0.0000000000000000,0.0000000000000000,2.8582081794738770,0.0000000000000000,0.0000000000000000,4.7832031250000000,0.0000000000000000
11.4036961,0.0000000000000000,0.0000000000000000,2.8582081794738770,0.0000000000000000,0.0000000000000000,4.3710937500000000,0.0000000000000000
11.4134321,0.0000000000000000,0.0000000000000000,3.0918827056884766,0.0000000000000000,0.0000000000000000,4.3710937500000000,0.0000000000000000
11.4237490,0.0000000000000000,0.0000000000000000,3.1281700134277344,0.0000000000000000,0.0000000000000000,4.3710937500000000,0.0000000000000000
11.4334488,0.0000000000000000,0.0000000000000000,3.1669592857360840,0.0000000000000000,0.0000000000000000,4.3710937500000000,0.0000000000000000
11.4434471,0.0000000000000000,0.0000000000000000,3.1823227405548096,0.0000000000000000,0.0000000000000000,4.3710937500000000,0.0000000000000000
11.4534636,0.0000000000000000,0.0000000000000000,3.1861157417297363,0.0000000000000000,0.0000000000000000,4.3710937500000000,0.0000000000000000
11.4634476,0.0000000000000000,0.0000000000000000,3.1782319545745850,0.0000000000000000,0.0000000000000000,4.3710937500000000,0.0000000000000000
11.4734516,0.0000000000000000,0.0000000000000000,3.1584980487823486,0.0000000000000000,0.0000000000000000,4.3710937500000000,0.0000000000000000
11.4834318,0.0000000000000000,0.0000000000000000,3.1249201297760010,0.0000000000000000,0.0000000000000000,4.3710937500000000,0.0000000000000000
11.4928904,0.0000000000000000,0.0000000000000000,3.0836429595947266,0.0000000000000000,0.0000000000000000,4.3710937500000000,0.0000000000000000
11.5040302,0.0000000000000000,0.0000000000000000,3.0836429595947266,0.0000000000000000,0.0000000000000000,-5.0761718750000000,0.0000000000000000
11.5134516,0.0000000000000000,0.0000000000000000,2.9770650863647461,0.0000000000000000,0.0000000000000000,-5.0761718750000000,0.0000000000000000
11.5235310,0.0000000000000000,0.0000000000000000,2.9137504100799561,0.0000000000000000,0.0000000000000000,-5.0761718750000000,0.0000000000000000
11.5334663,0.0000000000000000,0.0000000000000000,2.8574142456054688,0.0000000000000000,0.0000000000000000,-5.0761718750000000,0.0000000000000000
11.5434675,0.0000000000000000,0.0000000000000000,2.8020887374877930,0.0000000000000000,0.0000000000000000,-5.0761718750000000,0.0000000000000000
11.5535183,0.0000000000000000,0.0000000000000000,2.7623391151428223,0.0000000000000000,0.0000000000000000,-5.0761718750000000,0.0000000000000000
11.5634871,0.0000000000000000,0.0000000000000000,2.7438354492187500,0.0000000000000000,0.0000000000000000,-5.0761718750000000,0.0000000000000000
11.5739355,0.0000000000000000,0.0000000000000000,2.7401916980743408,0.0000000000000000,0.0000000000000000,-5.0761718750000000,0.0000000000000000
11.5834579,0.0000000000000000,0.0000000000000000,2.7500855922698975,0.0000000000000000,0.0000000000000000,-5.0761718750000000,0.0000000000000000
11.5935087,0.0000000000000000,0.0000000000000000,2.7750952243804932,0.0000000000000000,0.0000000000000000,-5.0761718750000000,0.0000000000000000
11.6041241,0.0000000000000000,0.0000000000000000,2.8137400150299072,0.0000000000000000,0.0000000000000000,-5.0761718750000000,0.0000000000000000
11.6140060,0.0000000000000000,0.0000000000000000,2.8625128269195557,0.0000000000000000,0.0000000000000000,-5.0761718750000000,0.0000000000000000
11.6239281,0.0000000000000000,0.0000000000000000,2.9216430187225342,0.0000000000000000,0.0000000000000000,-5.0761718750000000,0.0000000000000000
11.6339102,0.0000000000000000,0.0000000000000000,2.9849143028259277,0.0000000000000000,0.0000000000000000,-5.0761718750000000,0.0000000000000000
11.6434784,0.0000000000000000,0.0000000000000000,3.0504379272460938,0.0000000000000000,0.0000000000000000,-5.0761718750000000,0.0000000000000000
11.6533604,0.0000000000000000,0.0000000000000000,3.1102354526519775,0.0000000000000000,0.0000000000000000,-5.0761718750000000,0.0000000000000000
11.6644669,0.0000000000000000,0.0000000000000000,3.1102354526519775,0.0000000000000000,0.0000000000000000,5.2656250000000000,0.0000000000000000
11.6741257,0.0000000000000000,0.0000000000000000,3.2051498889923096,0.0000000000000000,0.0000000000000000,5.2656250000000000,0.0000000000000000
11.6839123,0.0000000000000000,0.0000000000000000,3.2346444129943848,0.0000000000000000,0.0000000000000000,5.2656250000000000,0.0000000000000000
11.6937332,0.0000000000000000,0.0000000000000000,3.2498159408569336,0.0000000000000000,0.0000000000000000,5.2656250000000000,0.0000000000000000
11.7039480,0.0000000000000000,0.0000000000000000,3.2524545192718506,0.0000000000000000,0.0000000000000000,5.2656250000000000,0.0000000000000000
11.7140741,0.0000000000000000,0.0000000000000000,3.2430801391601562,0.0000000000000000,0.0000000000000000,5.2656250000000000,0.0000000000000000
11.7240133,0.0000000000000000,0.0000000000000000,3.2226812839508057,0.0000000000000000,0.0000000000000000,5.2656250000000000,0.0000000000000000
11.7337809,0.0000000000000000,0.0000000000000000,3.1924824714660645,0.0000000000000000,0.0000000000000000,5.2656250000000000,0.0000000000000000
11.7435703,0.0000000000000000,0.0000000000000000,3.1541917324066162,0.0000000000000000,0.0000000000000000,5.2656250000000000,0.0000000000000000
11.7550068,0.0000000000000000,0.0000000000000000,3.0611391067504883,0.0000000000000000,0.0000000000000000,5.2656250000000000,0.0000000000000000
11.7630138,0.0000000000000000,0.0000000000000000,3.0120940208435059,0.0000000000000000,0.0000000000000000,5.2656250000000000,0.0000000000000000
11.7731972,0.0000000000000000,0.0000000000000000,3.0120940208435059,0.0000000000000000,0.0000000000000000,-4.6445312500000000,0.0000000000000000
11.7835779,0.0000000000000000,0.0000000000000000,2.9658901691436768,0.0000000000000000,0.0000000000000000,-4.6445312500000000,0.0000000000000000
11.7935324,0.0000000000000000,0.0000000000000000,2.9246037006378174,0.0000000000000000,0.0000000000000000,-4.6445312500000000,0.0000000000000000
11.8035679,0.0000000000000000,0.0000000000000000,2.8906435966491699,0.0000000000000000,0.0000000000000000,-4.6445312500000000,0.0000000000000000
11.8138056,0.0000000000000000,0.0000000000000000,2.8690645694732666,0.0000000000000000,0.0000000000000000,-4.6445312500000000,0.0000000000000000
11.8238306,0.0000000000000000,0.0000000000000000,2.8598999977111816,0.0000000000000000,0.0000000000000000,-4.6445312500000000,0.0000000000000000
11.8335075,0.0000000000000000,0.0000000000000000,2.8641180992126465,0.0000000000000000,0.0000000000000000,-4.6445312500000000,0.0000000000000000
11.8451529,0.0000000000000000,0.0000000000000000,2.9084997177124023,0.0000000000000000,0.0000000000000000,-4.6445312500000000,0.0000000000000000
11.8529491,0.0000000000000000,0.0000000000000000,2.9479153156280518,0.0000000000000000,0.0000000000000000,-4.6445312500000000,0.0000000000000000
11.8631935,0.0000000000000000,0.0000000000000000,2.9479153156280518,0.0000000000000000,0.0000000000000000,4.6269531250000000,0.0000000000000000
11.8735323,0.0000000000000000,0.0000000000000000,2.9923624992370605,0.0000000000000000,0.0000000000000000,4.6269531250000000,0.0000000000000000
11.8838167,0.0000000000000000,0.0000000000000000,3.0470867156982422,0.0000000000000000,0.0000000000000000,4.6269531250000000,0.0000000000000000
11.8932238,0.0000000000000000,0.0000000000000000,3.0470867156982422,0.0000000000000000,0.0000000000000000,5.5312500000000000,0.0000000000000000
11.9038620,0.0000000000000000,0.0000000000000000,3.1559238433837891,0.0000000000000000,0.0000000000000000,5.5312500000000000,0.0000000000000000
11.9135122,0.0000000000000000,0.0000000000000000,3.1559238433837891,0.0000000000000000,0.0000000000000000,4.7031250000000000,0.0000000000000000
11.9232302,0.0000000000000000,0.0000000000000000,3.1559238433837891,0.0000000000000000,0.0000000000000000,3.9824218750000000,0.0000000000000000
11.9338627,0.0000000000000000,0.0000000000000000,3.2958796024322510,0.0000000000000000,0.0000000000000000,3.9824218750000000,0.0000000000000000
11.9435368,0.0000000000000000,0.0000000000000000,3.2958796024322510,0.0000000000000000,0.0000000000000000,2.3496093750000000,0.0000000000000000
11.9535046,0.0000000000000000,0.0000000000000000,3.2958796024322510,0.0000000000000000,0.0000000000000000,1.6132812500000000,0.0000000000000000
11.9635315,0.0000000000000000,0.0000000000000000,3.2958796024322510,0.0000000000000000,0.0000000000000000,0.9199218750000000,0.0000000000000000
11.9735422,0.0000000000000000,0.0000000000000000,3.2958796024322510,0.0000000000000000,0.0000000000000000,0.1914062500000000,0.0000000000000000
11.9835262,0.0000000000000000,0.0000000000000000,3.2958796024322510,0.0000000000000000,0.0000000000000000,-0.6191406250000000,0.0000000000000000
11.9935455,0.0000000000000000,0.0000000000000000,3.2958796024322510,0.0000000000000000,0.0000000000000000,-1.4746093750000000,0.0000000000000000
12.0035563,0.0000000000000000,0.0000000000000000,3.2958796024322510,0.0000000000000000,0.0000000000000000,-2.3378906250000000,0.0000000000000000
12.0135412,0.0000000000000000,0.0000000000000000,3.2958796024322510,0.0000000000000000,0.0000000000000000,-3.2011718750000000,0.0000000000000000
12.0235901,0.0000000000000000,0.0000000000000000,3.2958796024322510,0.0000000000000000,0.0000000000000000,-4.0625000000000000,0.0000000000000000
12.0335674,0.0000000000000000,0.0000000000000000,3.2958796024322510,0.0000000000000000,0.0000000000000000,-4.8828125000000000,0.0000000000000000
12.0441532,0.0000000000000000,0.0000000000000000,3.2958796024322510,0.0000000000000000,0.0000000000000000,-5.5605468750000000,0.0000000000000000
12.0535431,0.0000000000000000,0.0000000000000000,3.2958796024322510,0.0000000000000000,0.0000000000000000,-5.9121093750000000,0.0000000000000000
12.0637817,0.0000000000000000,0.0000000000000000,3.2958796024322510,0.0000000000000000,0.0000000000000000,-5.8652343750000000,0.0000000000000000
12.0739918,0.0000000000000000,0.0000000000000000,3.2958796024322510,0.0000000000000000,0.0000000000000000,-5.5039062500000000,0.0000000000000000
12.0840368,0.0000000000000000,0.0000000000000000,3.2958796024322510,0.0000000000000000,0.0000000000000000,-4.8417968750000000,0.0000000000000000
12.0935659,0.0000000000000000,0.0000000000000000,3.2958796024322510,0.0000000000000000,0.0000000000000000,-4.0097656250000000,0.0000000000000000
12.1035967,0.0000000000000000,0.0000000000000000,3.2958796024322510,0.0000000000000000,0.0000000000000000,-3.1796875000000000,0.0000000000000000
12.1138916,0.0000000000000000,0.0000000000000000,3.2958796024322510,0.0000000000000000,0.0000000000000000,-1.9101562500000000,0.0000000000000000
12.1239901,0.0000000000000000,0.0000000000000000,3.2958796024322510,0.0000000000000000,0.0000000000000000,-1.0390625000000000,0.0000000000000000
12.1335917,0.0000000000000000,0.0000000000000000,3.2958796024322510,0.0000000000000000,0.0000000000000000,-0.9199218750000000,0.0000000000000000
12.1440115,0.0000000000000000,0.0000000000000000,3.2958796024322510,0.0000000000000000,0.0000000000000000,-0.8398437500000000,0.0000000000000000
12.1540308,0.0000000000000000,0.0000000000000000,3.2958796024322510,0.0000000000000000,0.0000000000000000,-0.7890625000000000,0.0000000000000000
12.1641588,0.0000000000000000,0.0000000000000000,3.2958796024322510,0.0000000000000000,0.0000000000000000,-0.7597656250000000,0.0000000000000000
12.1740494,0.0000000000000000,0.0000000000000000,3.2958796024322510,0.0000000000000000,0.0000000000000000,-0.6464843750000000,0.0000000000000000
12.1836319,0.0000000000000000,0.0000000000000000,3.2958796024322510,0.0000000000000000,0.0000000000000000,-0.5390625000000000,0.0000000000000000
12.1940174,0.0000000000000000,0.0000000000000000,3.2958796024322510,0.0000000000000000,0.0000000000000000,-0.4726562500000000,0.0000000000000000
12.2038326,0.0000000000000000,0.0000000000000000,3.2958796024322510,0.0000000000000000,0.0000000000000000,-0.4609375000000000,0.0000000000000000
12.2138004,0.0000000000000000,0.0000000000000000,3.2958796024322510,0.0000000000000000,0.0000000000000000,-0.5039062500000000,0.0000000000000000
12.2236319,0.0000000000000000,0.0000000000000000,3.2958796024322510,0.0000000000000000,0.0000000000000000,-0.6171875000000000,0.0000000000000000
12.2337055,0.0000000000000000,0.0000000000000000,3.2958796024322510,0.0000000000000000,0.0000000000000000,-0.7070312500000000,0.0000000000000000
12.2436447,0.0000000000000000,0.0000000000000000,3.2958796024322510,0.0000000000000000,0.0000000000000000,-0.7421875000000000,0.0000000000000000
12.2535686,0.0000000000000000,0.0000000000000000,3.2958796024322510,0.0000000000000000,0.0000000000000000,-0.6992187500000000,0.0000000000000000
12.2641582,0.0000000000000000,0.0000000000000000,3.2958796024322510,0.0000000000000000,0.0000000000000000,-0.3457031250000000,0.0000000000000000
12.2742491,0.0000000000000000,0.0000000000000000,2.7469491958618164,0.0000000000000000,0.0000000000000000,-0.3457031250000000,0.0000000000000000
12.2848558,0.0000000000000000,0.0000000000000000,2.7381050586700439,0.0000000000000000,0.0000000000000000,-0.3457031250000000,0.0000000000000000
12.2930202,0.0000000000000000,0.0000000000000000,2.7367687225341797,0.0000000000000000,0.0000000000000000,-0.3457031250000000,0.0000000000000000
12.3030272,0.0000000000000000,0.0000000000000000,2.7357597351074219,0.0000000000000000,0.0000000000000000,-0.3457031250000000,0.0000000000000000
12.3136129,0.0000000000000000,0.0000000000000000,2.7357597351074219,0.0000000000000000,0.0000000000000000,-0.1777343750000000,0.0000000000000000
12.3238344,0.0000000000000000,0.0000000000000000,2.7357597351074219,0.0000000000000000,0.0000000000000000,-0.1679687500000000,0.0000000000000000
12.3339081,0.0000000000000000,0.0000000000000000,2.7317385673522949,0.0000000000000000,0.0000000000000000,-0.1679687500000000,0.0000000000000000
12.3451090,0.0000000000000000,0.0000000000000000,2.7281420230865479,0.0000000000000000,0.0000000000000000,-0.1679687500000000,0.0000000000000000
12.3541212,0.0000000000000000,0.0000000000000000,2.7266860008239746,0.0000000000000000,0.0000000000000000,-0.2050781250000000,0.0000000000000000
12.3630905,0.0000000000000000,0.0000000000000000,2.7246892452239990,0.0000000000000000,0.0000000000000000,-0.2050781250000000,0.0000000000000000
12.3732805,0.0000000000000000,0.0000000000000000,2.7246892452239990,0.0000000000000000,0.0000000000000000,-0.1894531250000000,0.0000000000000000
12.3836079,0.0000000000000000,0.0000000000000000,2.7228810787200928,0.0000000000000000,0.0000000000000000,-0.1894531250000000,0.0000000000000000
12.3936110,0.0000000000000000,0.0000000000000000,2.7209854125976562,0.0000000000000000,0.0000000000000000,-0.1894531250000000,0.0000000000000000
12.4036169,0.0000000000000000,0.0000000000000000,2.7190012931823730,0.0000000000000000,0.0000000000000000,-0.1894531250000000,0.0000000000000000
12.4136763,0.0000000000000000,0.0000000000000000,2.7166879177093506,0.0000000000000000,0.0000000000000000,-0.1894531250000000,0.0000000000000000
12.4236259,0.0000000000000000,0.0000000000000000,2.7145476341247559,0.0000000000000000,0.0000000000000000,-0.1894531250000000,0.0000000000000000
12.4336004,0.0000000000000000,0.0000000000000000,2.7117867469787598,0.0000000000000000,0.0000000000000000,-0.1894531250000000,0.0000000000000000
12.4430628,0.0000000000000000,0.0000000000000000,2.7094254493713379,0.0000000000000000,0.0000000000000000,-0.1894531250000000,0.0000000000000000
12.4542284,0.0000000000000000,0.0000000000000000,2.7094254493713379,0.0000000000000000,0.0000000000000000,-0.2851562500000000,0.0000000000000000
12.4637346,0.0000000000000000,0.0000000000000000,2.7038276195526123,0.0000000000000000,0.0000000000000000,-0.2851562500000000,0.0000000000000000
12.4736681,0.0000000000000000,0.0000000000000000,2.7005083560943604,0.0000000000000000,0.0000000000000000,-0.2851562500000000,0.0000000000000000
12.4840841,0.0000000000000000,0.0000000000000000,2.6969594955444336,0.0000000000000000,0.0000000000000000,-0.2851562500000000,0.0000000000000000
12.4961596,0.0000000000000000,0.0000000000000000,2.6880042552947998,0.0000000000000000,0.0000000000000000,-0.2851562500000000,0.0000000000000000
12.5037155,0.0000000000000000,0.0000000000000000,2.6829309463500977,0.0000000000000000,0.0000000000000000,-0.2851562500000000,0.0000000000000000
12.5137224,0.0000000000000000,0.0000000000000000,2.6829309463500977,0.0000000000000000,0.0000000000000000,-0.5859375000000000,0.0000000000000000
12.5241022,0.0000000000000000,0.0000000000000000,2.6771290302276611,0.0000000000000000,0.0000000000000000,-0.5859375000000000,0.0000000000000000
12.5340776,0.0000000000000000,0.0000000000000000,2.6707870960235596,0.0000000000000000,0.0000000000000000,-0.5859375000000000,0.0000000000000000
12.5440979,0.0000000000000000,0.0000000000000000,2.6639804840087891,0.0000000000000000,0.0000000000000000,-0.5859375000000000,0.0000000000000000
12.5537376,0.0000000000000000,0.0000000000000000,2.6568100452423096,0.0000000000000000,0.0000000000000000,-0.5859375000000000,0.0000000000000000
12.5641403,0.0000000000000000,0.0000000000000000,2.6492164134979248,0.0000000000000000,0.0000000000000000,-0.5859375000000000,0.0000000000000000
12.5740919,0.0000000000000000,0.0000000000000000,2.6414616107940674,0.0000000000000000,0.0000000000000000,-0.5859375000000000,0.0000000000000000
12.5840015,0.0000000000000000,0.0000000000000000,2.6340913772583008,0.0000000000000000,0.0000000000000000,-0.5859375000000000,0.0000000000000000
12.5941305,0.0000000000000000,0.0000000000000000,2.6264519691467285,0.0000000000000000,0.0000000000000000,-0.5859375000000000,0.0000000000000000
12.6040783,0.0000000000000000,0.0000000000000000,2.6186194419860840,0.0000000000000000,0.0000000000000000,-0.5859375000000000,0.0000000000000000
12.6141396,0.0000000000000000,0.0000000000000000,2.6102941036224365,0.0000000000000000,0.0000000000000000,-0.5859375000000000,0.0000000000000000
12.6236649,0.0000000000000000,0.0000000000000000,2.6011247634887695,0.0000000000000000,0.0000000000000000,-0.5859375000000000,0.0000000000000000
12.6341209,0.0000000000000000,0.0000000000000000,2.5915303230285645,0.0000000000000000,0.0000000000000000,-0.5859375000000000,0.0000000000000000
12.6439142,0.0000000000000000,0.0000000000000000,2.5816266536712646,0.0000000000000000,0.0000000000000000,-0.5859375000000000,0.0000000000000000
12.6540117,0.0000000000000000,0.0000000000000000,2.5709528923034668,0.0000000000000000,0.0000000000000000,-0.5859375000000000,0.0000000000000000
12.6637268,0.0000000000000000,0.0000000000000000,2.5610723495483398,0.0000000000000000,0.0000000000000000,-0.5859375000000000,0.0000000000000000
12.6738930,0.0000000000000000,0.0000000000000000,2.5510537624359131,0.0000000000000000,0.0000000000000000,-0.5859375000000000,0.0000000000000000
12.6837683,0.0000000000000000,0.0000000000000000,2.5418555736541748,0.0000000000000000,0.0000000000000000,-0.5859375000000000,0.0000000000000000
12.6937447,0.0000000000000000,0.0000000000000000,2.5332114696502686,0.0000000000000000,0.0000000000000000,-0.5859375000000000,0.0000000000000000
12.7041492,0.0000000000000000,0.0000000000000000,2.5248918533325195,0.0000000000000000,0.0000000000000000,-0.5859375000000000,0.0000000000000000
12.7153339,0.0000000000000000,0.0000000000000000,2.5097818374633789,0.0000000000000000,0.0000000000000000,-0.5859375000000000,0.0000000000000000
12.7231083,0.0000000000000000,0.0000000000000000,2.5034654140472412,0.0000000000000000,0.0000000000000000,-0.5859375000000000,0.0000000000000000
12.7333622,0.0000000000000000,0.0000000000000000,2.5034654140472412,0.0000000000000000,0.0000000000000000,-0.6367187500000000,0.0000000000000000
12.7436800,0.0000000000000000,0.0000000000000000,2.4976997375488281,0.0000000000000000,0.0000000000000000,-0.6367187500000000,0.0000000000000000
12.7540293,0.0000000000000000,0.0000000000000000,2.4919869899749756,0.0000000000000000,0.0000000000000000,-0.6367187500000000,0.0000000000000000
12.7636700,0.0000000000000000,0.0000000000000000,2.4919869899749756,0.0000000000000000,0.0000000000000000,-0.4492187500000000,0.0000000000000000
12.7736692,0.0000000000000000,0.0000000000000000,2.4919869899749756,0.0000000000000000,0.0000000000000000,-0.3691406250000000,0.0000000000000000
12.7836981,0.0000000000000000,0.0000000000000000,2.4919869899749756,0.0000000000000000,0.0000000000000000,-0.2597656250000000,0.0000000000000000
12.7936726,0.0000000000000000,0.0000000000000000,2.4919869899749756,0.0000000000000000,0.0000000000000000,-0.1250000000000000,0.0000000000000000
12.8036871,0.0000000000000000,0.0000000000000000,2.4919869899749756,0.0000000000000000,0.0000000000000000,0.0156250000000000,0.0000000000000000
12.8136950,0.0000000000000000,0.0000000000000000,2.4919869899749756,0.0000000000000000,0.0000000000000000,0.1191406250000000,0.0000000000000000
12.8236732,0.0000000000000000,0.0000000000000000,2.4919869899749756,0.0000000000000000,0.0000000000000000,0.1933593750000000,0.0000000000000000
12.8337021,0.0000000000000000,0.0000000000000000,2.4919869899749756,0.0000000000000000,0.0000000000000000,0.2421875000000000,0.0000000000000000
12.8436852,0.0000000000000000,0.0000000000000000,2.4919869899749756,0.0000000000000000,0.0000000000000000,0.3183593750000000,0.0000000000000000
12.8536882,0.0000000000000000,0.0000000000000000,2.4919869899749756,0.0000000000000000,0.0000000000000000,0.3867187500000000,0.0000000000000000
12.8636761,0.0000000000000000,0.0000000000000000,2.4919869899749756,0.0000000000000000,0.0000000000000000,0.4550781250000000,0.0000000000000000
12.8737001,0.0000000000000000,0.0000000000000000,2.4919869899749756,0.0000000000000000,0.0000000000000000,0.5429687500000000,0.0000000000000000
12.8837099,0.0000000000000000,0.0000000000000000,2.4919869899749756,0.0000000000000000,0.0000000000000000,0.6386718750000000,0.0000000000000000
12.8937197,0.0000000000000000,0.0000000000000000,2.4919869899749756,0.0000000000000000,0.0000000000000000,0.7148437500000000,0.0000000000000000
12.9037256,0.0000000000000000,0.0000000000000000,2.4919869899749756,0.0000000000000000,0.0000000000000000,0.8066406250000000,0.0000000000000000
12.9137297,0.0000000000000000,0.0000000000000000,2.4919869899749756,0.0000000000000000,0.0000000000000000,0.9062500000000000,0.0000000000000000
12.9242039,0.0000000000000000,0.0000000000000000,2.4919869899749756,0.0000000000000000,0.0000000000000000,1.0019531250000000,0.0000000000000000
12.9343882,0.0000000000000000,0.0000000000000000,2.4919869899749756,0.0000000000000000,0.0000000000000000,1.1289062500000000,0.0000000000000000
12.9444256,0.0000000000000000,0.0000000000000000,2.4919869899749756,0.0000000000000000,0.0000000000000000,1.2402343750000000,0.0000000000000000
12.9541550,0.0000000000000000,0.0000000000000000,2.4919869899749756,0.0000000000000000,0.0000000000000000,1.3730468750000000,0.0000000000000000
12.9643755,0.0000000000000000,0.0000000000000000,2.4919869899749756,0.0000000000000000,0.0000000000000000,1.4824218750000000,0.0000000000000000
12.9740429,0.0000000000000000,0.0000000000000000,2.4919869899749756,0.0000000000000000,0.0000000000000000,1.5800781250000000,0.0000000000000000
12.9838171,0.0000000000000000,0.0000000000000000,2.4919869899749756,0.0000000000000000,0.0000000000000000,1.6640625000000000,0.0000000000000000
12.9937887,0.0000000000000000,0.0000000000000000,2.4919869899749756,0.0000000000000000,0.0000000000000000,1.7695312500000000,0.0000000000000000
13.0041723,0.0000000000000000,0.0000000000000000,2.4919869899749756,0.0000000000000000,0.0000000000000000,1.8593750000000000,0.0000000000000000
13.0141449,0.0000000000000000,0.0000000000000000,2.4919869899749756,0.0000000000000000,0.0000000000000000,1.9609375000000000,0.0000000000000000
13.0237637,0.0000000000000000,0.0000000000000000,2.4919869899749756,0.0000000000000000,0.0000000000000000,2.0722656250000000,0.0000000000000000
13.0341673,0.0000000000000000,0.0000000000000000,2.4919869899749756,0.0000000000000000,0.0000000000000000,2.1914062500000000,0.0000000000000000
13.0437880,0.0000000000000000,0.0000000000000000,2.4919869899749756,0.0000000000000000,0.0000000000000000,2.2695312500000000,0.0000000000000000
13.0542078,0.0000000000000000,0.0000000000000000,2.4919869899749756,0.0000000000000000,0.0000000000000000,2.3007812500000000,0.0000000000000000
13.0641899,0.0000000000000000,0.0000000000000000,2.4919869899749756,0.0000000000000000,0.0000000000000000,2.3203125000000000,0.0000000000000000
13.0743456,0.0000000000000000,0.0000000000000000,2.4919869899749756,0.0000000000000000,0.0000000000000000,2.3300781250000000,0.0000000000000000
13.0841522,0.0000000000000000,0.0000000000000000,2.4919869899749756,0.0000000000000000,0.0000000000000000,2.3320312500000000,0.0000000000000000
13.0938339,0.0000000000000000,0.0000000000000000,2.4919869899749756,0.0000000000000000,0.0000000000000000,2.3437500000000000,0.0000000000000000
13.1039457,0.0000000000000000,0.0000000000000000,2.4919869899749756,0.0000000000000000,0.0000000000000000,2.3437500000000000,0.0000000000000000
13.1141014,0.0000000000000000,0.0000000000000000,2.4919869899749756,0.0000000000000000,0.0000000000000000,2.3476562500000000,0.0000000000000000
13.1239481,0.0000000000000000,0.0000000000000000,2.4919869899749756,0.0000000000000000,0.0000000000000000,2.3378906250000000,0.0000000000000000
13.1337824,0.0000000000000000,0.0000000000000000,2.4919869899749756,0.0000000000000000,0.0000000000000000,2.3222656250000000,0.0000000000000000
13.1440315,0.0000000000000000,0.0000000000000000,2.4919869899749756,0.0000000000000000,0.0000000000000000,2.3261718750000000,0.0000000000000000
13.1551476,0.0000000000000000,0.0000000000000000,2.9810864925384521,0.0000000000000000,0.0000000000000000,2.3261718750000000,0.0000000000000000
13.1634531,0.0000000000000000,0.0000000000000000,2.9810864925384521,0.0000000000000000,0.0000000000000000,2.3027343750000000,0.0000000000000000
13.1732321,0.0000000000000000,0.0000000000000000,3.0381398200988770,0.0000000000000000,0.0000000000000000,2.3027343750000000,0.0000000000000000
13.1837540,0.0000000000000000,0.0000000000000000,3.0381398200988770,0.0000000000000000,0.0000000000000000,2.2558593750000000,0.0000000000000000
13.1943283,0.0000000000000000,0.0000000000000000,3.0381398200988770,0.0000000000000000,0.0000000000000000,2.2031250000000000,0.0000000000000000
13.2038078,0.0000000000000000,0.0000000000000000,3.1042091846466064,0.0000000000000000,0.0000000000000000,2.2031250000000000,0.0000000000000000
13.2137766,0.0000000000000000,0.0000000000000000,3.1241190433502197,0.0000000000000000,0.0000000000000000,2.2031250000000000,0.0000000000000000
13.2238064,0.0000000000000000,0.0000000000000000,3.1454648971557617,0.0000000000000000,0.0000000000000000,2.2031250000000000,0.0000000000000000
13.2337875,0.0000000000000000,0.0000000000000000,3.1648740768432617,0.0000000000000000,0.0000000000000000,2.2031250000000000,0.0000000000000000
13.2437677,0.0000000000000000,0.0000000000000000,3.1859619617462158,0.0000000000000000,0.0000000000000000,2.2031250000000000,0.0000000000000000
13.2532120,0.0000000000000000,0.0000000000000000,3.2049634456634521,0.0000000000000000,0.0000000000000000,2.2031250000000000,0.0000000000000000
13.2643414,0.0000000000000000,0.0000000000000000,3.2049634456634521,0.0000000000000000,0.0000000000000000,2.0195312500000000,0.0000000000000000
13.2738123,0.0000000000000000,0.0000000000000000,3.2442703247070312,0.0000000000000000,0.0000000000000000,2.0195312500000000,0.0000000000000000
13.2837801,0.0000000000000000,0.0000000000000000,3.2644400596618652,0.0000000000000000,0.0000000000000000,2.0195312500000000,0.0000000000000000
13.2937956,0.0000000000000000,0.0000000000000000,3.2824492454528809,0.0000000000000000,0.0000000000000000,2.0195312500000000,0.0000000000000000
13.3038073,0.0000000000000000,0.0000000000000000,3.3005049228668213,0.0000000000000000,0.0000000000000000,2.0195312500000000,0.0000000000000000
13.3138094,0.0000000000000000,0.0000000000000000,3.3181025981903076,0.0000000000000000,0.0000000000000000,2.0195312500000000,0.0000000000000000
13.3238602,0.0000000000000000,0.0000000000000000,3.3352763652801514,0.0000000000000000,0.0000000000000000,2.0195312500000000,0.0000000000000000
13.3338232,0.0000000000000000,0.0000000000000000,3.3532960414886475,0.0000000000000000,0.0000000000000000,2.0195312500000000,0.0000000000000000
13.3438129,0.0000000000000000,0.0000000000000000,3.3684239387512207,0.0000000000000000,0.0000000000000000,2.0195312500000000,0.0000000000000000
13.3532534,0.0000000000000000,0.0000000000000000,3.3831906318664551,0.0000000000000000,0.0000000000000000,2.0195312500000000,0.0000000000000000
13.3644600,0.0000000000000000,0.0000000000000000,3.3831906318664551,0.0000000000000000,0.0000000000000000,1.4746093750000000,0.0000000000000000
13.3743792,0.0000000000000000,0.0000000000000000,3.4103145599365234,0.0000000000000000,0.0000000000000000,1.4746093750000000,0.0000000000000000
13.3842936,0.0000000000000000,0.0000000000000000,3.4220499992370605,0.0000000000000000,0.0000000000000000,1.4746093750000000,0.0000000000000000
13.3942566,0.0000000000000000,0.0000000000000000,3.4321198463439941,0.0000000000000000,0.0000000000000000,1.4746093750000000,0.0000000000000000
13.4042892,0.0000000000000000,0.0000000000000000,3.4401977062225342,0.0000000000000000,0.0000000000000000,1.4746093750000000,0.0000000000000000
13.4138632,0.0000000000000000,0.0000000000000000,3.4464230537414551,0.0000000000000000,0.0000000000000000,1.4746093750000000,0.0000000000000000
13.4242496,0.0000000000000000,0.0000000000000000,3.4505989551544189,0.0000000000000000,0.0000000000000000,1.4746093750000000,0.0000000000000000
13.4342813,0.0000000000000000,0.0000000000000000,3.4523096084594727,0.0000000000000000,0.0000000000000000,1.4746093750000000,0.0000000000000000
13.4442711,0.0000000000000000,0.0000000000000000,3.4516723155975342,0.0000000000000000,0.0000000000000000,1.4746093750000000,0.0000000000000000
13.4542828,0.0000000000000000,0.0000000000000000,3.4483649730682373,0.0000000000000000,0.0000000000000000,1.4746093750000000,0.0000000000000000
13.4638643,0.0000000000000000,0.0000000000000000,3.4424576759338379,0.0000000000000000,0.0000000000000000,1.4746093750000000,0.0000000000000000
13.4741106,0.0000000000000000,0.0000000000000000,3.4340195655822754,0.0000000000000000,0.0000000000000000,1.4746093750000000,0.0000000000000000
13.4843140,0.0000000000000000,0.0000000000000000,3.4230449199676514,0.0000000000000000,0.0000000000000000,1.4746093750000000,0.0000000000000000
13.4939899,0.0000000000000000,0.0000000000000000,3.4095695018768311,0.0000000000000000,0.0000000000000000,1.4746093750000000,0.0000000000000000
13.5043020,0.0000000000000000,0.0000000000000000,3.3939590454101562,0.0000000000000000,0.0000000000000000,1.4746093750000000,0.0000000000000000
13.5141582,0.0000000000000000,0.0000000000000000,3.3763844966888428,0.0000000000000000,0.0000000000000000,1.4746093750000000,0.0000000000000000
13.5242443,0.0000000000000000,0.0000000000000000,3.3559279441833496,0.0000000000000000,0.0000000000000000,1.4746093750000000,0.0000000000000000
13.5338717,0.0000000000000000,0.0000000000000000,3.3346450328826904,0.0000000000000000,0.0000000000000000,1.4746093750000000,0.0000000000000000
13.5440254,0.0000000000000000,0.0000000000000000,3.3111207485198975,0.0000000000000000,0.0000000000000000,1.4746093750000000,0.0000000000000000
13.5539150,0.0000000000000000,0.0000000000000000,3.2888989448547363,0.0000000000000000,0.0000000000000000,1.4746093750000000,0.0000000000000000
13.5639820,0.0000000000000000,0.0000000000000000,3.2634615898132324,0.0000000000000000,0.0000000000000000,1.4746093750000000,0.0000000000000000
13.5742960,0.0000000000000000,0.0000000000000000,3.2395648956298828,0.0000000000000000,0.0000000000000000,1.4746093750000000,0.0000000000000000
13.5838366,0.0000000000000000,0.0000000000000000,3.2152187824249268,0.0000000000000000,0.0000000000000000,1.4746093750000000,0.0000000000000000
13.5938568,0.0000000000000000,0.0000000000000000,3.1921322345733643,0.0000000000000000,0.0000000000000000,1.4746093750000000,0.0000000000000000
13.6038475,0.0000000000000000,0.0000000000000000,3.1696941852569580,0.0000000000000000,0.0000000000000000,1.4746093750000000,0.0000000000000000
13.6141768,0.0000000000000000,0.0000000000000000,3.1472175121307373,0.0000000000000000,0.0000000000000000,1.4746093750000000,0.0000000000000000
13.6238670,0.0000000000000000,0.0000000000000000,3.1472175121307373,0.0000000000000000,0.0000000000000000,-2.0761718750000000,0.0000000000000000
13.6335096,0.0000000000000000,0.0000000000000000,3.1472175121307373,0.0000000000000000,0.0000000000000000,-1.9843750000000000,0.0000000000000000
13.6455803,0.0000000000000000,0.0000000000000000,3.0655434131622314,0.0000000000000000,0.0000000000000000,-1.9843750000000000,0.0000000000000000
13.6532183,0.0000000000000000,0.0000000000000000,3.0655434131622314,0.0000000000000000,0.0000000000000000,-1.7929687500000000,0.0000000000000000
13.6632938,0.0000000000000000,0.0000000000000000,3.0377645492553711,0.0000000000000000,0.0000000000000000,-1.7929687500000000,0.0000000000000000
13.6738577,0.0000000000000000,0.0000000000000000,3.0293555259704590,0.0000000000000000,0.0000000000000000,-1.7929687500000000,0.0000000000000000
13.6841660,0.0000000000000000,0.0000000000000000,3.0103440284729004,0.0000000000000000,0.0000000000000000,-1.7929687500000000,0.0000000000000000
13.6938677,0.0000000000000000,0.0000000000000000,3.0103440284729004,0.0000000000000000,0.0000000000000000,-1.7988281250000000,0.0000000000000000
13.7035198,0.0000000000000000,0.0000000000000000,3.0103440284729004,0.0000000000000000,0.0000000000000000,-1.8125000000000000,0.0000000000000000
13.7142153,0.0000000000000000,0.0000000000000000,2.9566252231597900,0.0000000000000000,0.0000000000000000,-1.8125000000000000,0.0000000000000000
13.7238398,0.0000000000000000,0.0000000000000000,2.9566252231597900,0.0000000000000000,0.0000000000000000,-1.8320312500000000,0.0000000000000000
13.7338362,0.0000000000000000,0.0000000000000000,2.9566252231597900,0.0000000000000000,0.0000000000000000,-1.8457031250000000,0.0000000000000000
13.7438850,0.0000000000000000,0.0000000000000000,2.9566252231597900,0.0000000000000000,0.0000000000000000,-1.8398437500000000,0.0000000000000000
13.7538519,0.0000000000000000,0.0000000000000000,2.9566252231597900,0.0000000000000000,0.0000000000000000,-1.8515625000000000,0.0000000000000000
13.7643633,0.0000000000000000,0.0000000000000000,2.9566252231597900,0.0000000000000000,0.0000000000000000,-1.8476562500000000,0.0000000000000000
13.7738848,0.0000000000000000,0.0000000000000000,2.9566252231597900,0.0000000000000000,0.0000000000000000,-1.8359375000000000,0.0000000000000000
13.7838717,0.0000000000000000,0.0000000000000000,2.9566252231597900,0.0000000000000000,0.0000000000000000,-1.8222656250000000,0.0000000000000000
13.7938995,0.0000000000000000,0.0000000000000000,2.9566252231597900,0.0000000000000000,0.0000000000000000,-1.8125000000000000,0.0000000000000000
13.8039093,0.0000000000000000,0.0000000000000000,2.9566252231597900,0.0000000000000000,0.0000000000000000,-1.8027343750000000,0.0000000000000000
13.8138638,0.0000000000000000,0.0000000000000000,2.9566252231597900,0.0000000000000000,0.0000000000000000,-1.7656250000000000,0.0000000000000000
13.8238811,0.0000000000000000,0.0000000000000000,2.9566252231597900,0.0000000000000000,0.0000000000000000,-1.6894531250000000,0.0000000000000000
13.8341217,0.0000000000000000,0.0000000000000000,2.9566252231597900,0.0000000000000000,0.0000000000000000,-1.5917968750000000,0.0000000000000000
13.8443155,0.0000000000000000,0.0000000000000000,2.9566252231597900,0.0000000000000000,0.0000000000000000,-1.4921875000000000,0.0000000000000000
13.8543177,0.0000000000000000,0.0000000000000000,2.9566252231597900,0.0000000000000000,0.0000000000000000,-1.3515625000000000,0.0000000000000000
13.8643017,0.0000000000000000,0.0000000000000000,2.9566252231597900,0.0000000000000000,0.0000000000000000,-1.2109375000000000,0.0000000000000000
13.8742924,0.0000000000000000,0.0000000000000000,2.9566252231597900,0.0000000000000000,0.0000000000000000,-1.0664062500000000,0.0000000000000000
13.8842764,0.0000000000000000,0.0000000000000000,2.9566252231597900,0.0000000000000000,0.0000000000000000,-0.4804687500000000,0.0000000000000000
13.8945055,0.0000000000000000,0.0000000000000000,2.9566252231597900,0.0000000000000000,0.0000000000000000,-0.4160156250000000,0.0000000000000000
13.9039431,0.0000000000000000,0.0000000000000000,2.9566252231597900,0.0000000000000000,0.0000000000000000,-0.3164062500000000,0.0000000000000000
13.9143028,0.0000000000000000,0.0000000000000000,2.9566252231597900,0.0000000000000000,0.0000000000000000,-0.2363281250000000,0.0000000000000000
13.9243336,0.0000000000000000,0.0000000000000000,2.9566252231597900,0.0000000000000000,0.0000000000000000,-0.1289062500000000,0.0000000000000000
13.9345026,0.0000000000000000,0.0000000000000000,2.9566252231597900,0.0000000000000000,0.0000000000000000,-0.0312500000000000,0.0000000000000000
13.9443445,0.0000000000000000,0.0000000000000000,2.9566252231597900,0.0000000000000000,0.0000000000000000,0.0839843750000000,0.0000000000000000
13.9539490,0.0000000000000000,0.0000000000000000,2.9566252231597900,0.0000000000000000,0.0000000000000000,0.2578125000000000,0.0000000000000000
13.9643078,0.0000000000000000,0.0000000000000000,2.9566252231597900,0.0000000000000000,0.0000000000000000,0.4609375000000000,0.0000000000000000
13.9741783,0.0000000000000000,0.0000000000000000,2.9566252231597900,0.0000000000000000,0.0000000000000000,0.6562500000000000,0.0000000000000000
13.9840984,0.0000000000000000,0.0000000000000000,2.9566252231597900,0.0000000000000000,0.0000000000000000,0.8945312500000000,0.0000000000000000
13.9939480,0.0000000000000000,0.0000000000000000,2.9566252231597900,0.0000000000000000,0.0000000000000000,1.1445312500000000,0.0000000000000000
14.0040350,0.0000000000000000,0.0000000000000000,2.9566252231597900,0.0000000000000000,0.0000000000000000,1.4042968750000000,0.0000000000000000
14.0139666,0.0000000000000000,0.0000000000000000,2.9566252231597900,0.0000000000000000,0.0000000000000000,1.6445312500000000,0.0000000000000000
14.0239153,0.0000000000000000,0.0000000000000000,2.9566252231597900,0.0000000000000000,0.0000000000000000,1.8535156250000000,0.0000000000000000
14.0345097,0.0000000000000000,0.0000000000000000,2.9566252231597900,0.0000000000000000,0.0000000000000000,2.0410156250000000,0.0000000000000000
14.0442123,0.0000000000000000,0.0000000000000000,2.7647824287414551,0.0000000000000000,0.0000000000000000,2.0410156250000000,0.0000000000000000
14.0533419,0.0000000000000000,0.0000000000000000,2.7991335391998291,0.0000000000000000,0.0000000000000000,2.0410156250000000,0.0000000000000000
14.0639200,0.0000000000000000,0.0000000000000000,2.7991335391998291,0.0000000000000000,0.0000000000000000,2.3203125000000000,0.0000000000000000
14.0744638,0.0000000000000000,0.0000000000000000,2.7991335391998291,0.0000000000000000,0.0000000000000000,2.3710937500000000,0.0000000000000000
14.0839462,0.0000000000000000,0.0000000000000000,2.8681592941284180,0.0000000000000000,0.0000000000000000,2.3710937500000000,0.0000000000000000
14.0936222,0.0000000000000000,0.0000000000000000,2.8942916393280029,0.0000000000000000,0.0000000000000000,2.3710937500000000,0.0000000000000000
14.1042280,0.0000000000000000,0.0000000000000000,2.9055647850036621,0.0000000000000000,0.0000000000000000,2.3710937500000000,0.0000000000000000
14.1138992,0.0000000000000000,0.0000000000000000,2.9415581226348877,0.0000000000000000,0.0000000000000000,2.3710937500000000,0.0000000000000000
14.1239319,0.0000000000000000,0.0000000000000000,2.9644408226013184,0.0000000000000000,0.0000000000000000,2.3710937500000000,0.0000000000000000
14.1339407,0.0000000000000000,0.0000000000000000,2.9885284900665283,0.0000000000000000,0.0000000000000000,2.3710937500000000,0.0000000000000000
14.1433449,0.0000000000000000,0.0000000000000000,3.0102818012237549,0.0000000000000000,0.0000000000000000,2.3710937500000000,0.0000000000000000
14.1545391,0.0000000000000000,0.0000000000000000,3.0102818012237549,0.0000000000000000,0.0000000000000000,2.2285156250000000,0.0000000000000000
14.1639051,0.0000000000000000,0.0000000000000000,3.0545608997344971,0.0000000000000000,0.0000000000000000,2.2285156250000000,0.0000000000000000
14.1739264,0.0000000000000000,0.0000000000000000,3.0773630142211914,0.0000000000000000,0.0000000000000000,2.2285156250000000,0.0000000000000000
14.1840153,0.0000000000000000,0.0000000000000000,3.0981011390686035,0.0000000000000000,0.0000000000000000,2.2285156250000000,0.0000000000000000
14.1939430,0.0000000000000000,0.0000000000000000,3.1203804016113281,0.0000000000000000,0.0000000000000000,2.2285156250000000,0.0000000000000000
14.2039528,0.0000000000000000,0.0000000000000000,3.1409120559692383,0.0000000000000000,0.0000000000000000,2.2285156250000000,0.0000000000000000
14.2139578,0.0000000000000000,0.0000000000000000,3.1620409488677979,0.0000000000000000,0.0000000000000000,2.2285156250000000,0.0000000000000000
14.2239542,0.0000000000000000,0.0000000000000000,3.1810050010681152,0.0000000000000000,0.0000000000000000,2.2285156250000000,0.0000000000000000
14.2339878,0.0000000000000000,0.0000000000000000,3.1999359130859375,0.0000000000000000,0.0000000000000000,2.2285156250000000,0.0000000000000000
14.2439718,0.0000000000000000,0.0000000000000000,3.2173819541931152,0.0000000000000000,0.0000000000000000,2.2285156250000000,0.0000000000000000
14.2543945,0.0000000000000000,0.0000000000000000,3.2348172664642334,0.0000000000000000,0.0000000000000000,2.2285156250000000,0.0000000000000000
14.2647438,0.0000000000000000,0.0000000000000000,3.2492454051971436,0.0000000000000000,0.0000000000000000,2.2285156250000000,0.0000000000000000
14.2739401,0.0000000000000000,0.0000000000000000,3.2624638080596924,0.0000000000000000,0.0000000000000000,2.2285156250000000,0.0000000000000000
14.2838659,0.0000000000000000,0.0000000000000000,3.2735531330108643,0.0000000000000000,0.0000000000000000,2.2285156250000000,0.0000000000000000
14.2950058,0.0000000000000000,0.0000000000000000,3.2735531330108643,0.0000000000000000,0.0000000000000000,0.8476562500000000,0.0000000000000000
14.3045979,0.0000000000000000,0.0000000000000000,3.2883467674255371,0.0000000000000000,0.0000000000000000,0.8476562500000000,0.0000000000000000
14.3143969,0.0000000000000000,0.0000000000000000,3.2921986579895020,0.0000000000000000,0.0000000000000000,0.8476562500000000,0.0000000000000000
14.3241158,0.0000000000000000,0.0000000000000000,3.2932956218719482,0.0000000000000000,0.0000000000000000,0.8476562500000000,0.0000000000000000
14.3343792,0.0000000000000000,0.0000000000000000,3.2914144992828369,0.0000000000000000,0.0000000000000000,0.8476562500000000,0.0000000000000000
14.3445921,0.0000000000000000,0.0000000000000000,3.2857007980346680,0.0000000000000000,0.0000000000000000,0.8476562500000000,0.0000000000000000
14.3544216,0.0000000000000000,0.0000000000000000,3.2761092185974121,0.0000000000000000,0.0000000000000000,0.8476562500000000,0.0000000000000000
14.3643446,0.0000000000000000,0.0000000000000000,3.2627241611480713,0.0000000000000000,0.0000000000000000,0.8476562500000000,0.0000000000000000
14.3742609,0.0000000000000000,0.0000000000000000,3.2458832263946533,0.0000000000000000,0.0000000000000000,0.8476562500000000,0.0000000000000000
14.3840628,0.0000000000000000,0.0000000000000000,3.2259342670440674,0.0000000000000000,0.0000000000000000,0.8476562500000000,0.0000000000000000
14.3947525,0.0000000000000000,0.0000000000000000,3.2034766674041748,0.0000000000000000,0.0000000000000000,0.8476562500000000,0.0000000000000000
14.4044790,0.0000000000000000,0.0000000000000000,3.1794626712799072,0.0000000000000000,0.0000000000000000,0.8476562500000000,0.0000000000000000
14.4143476,0.0000000000000000,0.0000000000000000,3.1521456241607666,0.0000000000000000,0.0000000000000000,0.8476562500000000,0.0000000000000000
14.4240904,0.0000000000000000,0.0000000000000000,3.1255588531494141,0.0000000000000000,0.0000000000000000,0.8476562500000000,0.0000000000000000
14.4343796,0.0000000000000000,0.0000000000000000,3.0971860885620117,0.0000000000000000,0.0000000000000000,0.8476562500000000,0.0000000000000000
14.4442072,0.0000000000000000,0.0000000000000000,3.0684087276458740,0.0000000000000000,0.0000000000000000,0.8476562500000000,0.0000000000000000
14.4540682,0.0000000000000000,0.0000000000000000,3.0389645099639893,0.0000000000000000,0.0000000000000000,0.8476562500000000,0.0000000000000000
14.4640045,0.0000000000000000,0.0000000000000000,3.0079503059387207,0.0000000000000000,0.0000000000000000,0.8476562500000000,0.0000000000000000
14.4744740,0.0000000000000000,0.0000000000000000,2.9764120578765869,0.0000000000000000,0.0000000000000000,0.8476562500000000,0.0000000000000000
14.4859142,0.0000000000000000,0.0000000000000000,2.9479448795318604,0.0000000000000000,0.0000000000000000,-2.5410156250000000,0.0000000000000000
14.4936037,0.0000000000000000,0.0000000000000000,2.9479448795318604,0.0000000000000000,0.0000000000000000,-2.3574218750000000,0.0000000000000000
14.5034018,0.0000000000000000,0.0000000000000000,2.8804671764373779,0.0000000000000000,0.0000000000000000,-2.3574218750000000,0.0000000000000000
14.5139627,0.0000000000000000,0.0000000000000000,2.8688511848449707,0.0000000000000000,0.0000000000000000,-2.3574218750000000,0.0000000000000000
14.5240011,0.0000000000000000,0.0000000000000000,2.8465781211853027,0.0000000000000000,0.0000000000000000,-2.3574218750000000,0.0000000000000000
14.5342979,0.0000000000000000,0.0000000000000000,2.8259320259094238,0.0000000000000000,0.0000000000000000,-2.3574218750000000,0.0000000000000000
14.5439606,0.0000000000000000,0.0000000000000000,2.8259320259094238,0.0000000000000000,0.0000000000000000,-1.7402343750000000,0.0000000000000000
14.5540056,0.0000000000000000,0.0000000000000000,2.8259320259094238,0.0000000000000000,0.0000000000000000,-1.4355468750000000,0.0000000000000000
14.5639791,0.0000000000000000,0.0000000000000000,2.8259320259094238,0.0000000000000000,0.0000000000000000,-0.9960937500000000,0.0000000000000000
14.5740042,0.0000000000000000,0.0000000000000000,2.8259320259094238,0.0000000000000000,0.0000000000000000,-0.9472656250000000,0.0000000000000000
14.5839424,0.0000000000000000,0.0000000000000000,2.8259320259094238,0.0000000000000000,0.0000000000000000,-0.8164062500000000,0.0000000000000000
14.5939817,0.0000000000000000,0.0000000000000000,2.8259320259094238,0.0000000000000000,0.0000000000000000,-0.6484375000000000,0.0000000000000000
14.6039658,0.0000000000000000,0.0000000000000000,2.8259320259094238,0.0000000000000000,0.0000000000000000,-0.4160156250000000,0.0000000000000000
14.6139698,0.0000000000000000,0.0000000000000000,2.8259320259094238,0.0000000000000000,0.0000000000000000,-0.1445312500000000,0.0000000000000000
14.6240101,0.0000000000000000,0.0000000000000000,2.8259320259094238,0.0000000000000000,0.0000000000000000,0.1484375000000000,0.0000000000000000
14.6339798,0.0000000000000000,0.0000000000000000,2.8259320259094238,0.0000000000000000,0.0000000000000000,0.4042968750000000,0.0000000000000000
14.6439838,0.0000000000000000,0.0000000000000000,2.8259320259094238,0.0000000000000000,0.0000000000000000,0.6503906250000000,0.0000000000000000
14.6540098,0.0000000000000000,0.0000000000000000,2.8259320259094238,0.0000000000000000,0.0000000000000000,0.8808593750000000,0.0000000000000000
14.6639757,0.0000000000000000,0.0000000000000000,2.8259320259094238,0.0000000000000000,0.0000000000000000,1.1054687500000000,0.0000000000000000
14.6747532,0.0000000000000000,0.0000000000000000,2.8259320259094238,0.0000000000000000,0.0000000000000000,1.3281250000000000,0.0000000000000000
14.6840248,0.0000000000000000,0.0000000000000000,2.8259320259094238,0.0000000000000000,0.0000000000000000,1.5410156250000000,0.0000000000000000
14.6944456,0.0000000000000000,0.0000000000000000,2.8259320259094238,0.0000000000000000,0.0000000000000000,1.7207031250000000,0.0000000000000000
14.7039843,0.0000000000000000,0.0000000000000000,2.8259320259094238,0.0000000000000000,0.0000000000000000,1.8925781250000000,0.0000000000000000
14.7139921,0.0000000000000000,0.0000000000000000,2.8259320259094238,0.0000000000000000,0.0000000000000000,2.0683593750000000,0.0000000000000000
14.7244778,0.0000000000000000,0.0000000000000000,2.8259320259094238,0.0000000000000000,0.0000000000000000,2.2460937500000000,0.0000000000000000
14.7345076,0.0000000000000000,0.0000000000000000,2.8259320259094238,0.0000000000000000,0.0000000000000000,2.4179687500000000,0.0000000000000000
14.7440529,0.0000000000000000,0.0000000000000000,2.8259320259094238,0.0000000000000000,0.0000000000000000,2.5195312500000000,0.0000000000000000
14.7544556,0.0000000000000000,0.0000000000000000,2.8259320259094238,0.0000000000000000,0.0000000000000000,2.5996093750000000,0.0000000000000000
14.7640352,0.0000000000000000,0.0000000000000000,2.8259320259094238,0.0000000000000000,0.0000000000000000,2.6464843750000000,0.0000000000000000
14.7744484,0.0000000000000000,0.0000000000000000,2.8259320259094238,0.0000000000000000,0.0000000000000000,2.6933593750000000,0.0000000000000000
14.7840519,0.0000000000000000,0.0000000000000000,2.8259320259094238,0.0000000000000000,0.0000000000000000,2.6699218750000000,0.0000000000000000
14.7944536,0.0000000000000000,0.0000000000000000,2.8259320259094238,0.0000000000000000,0.0000000000000000,2.6679687500000000,0.0000000000000000
14.8044624,0.0000000000000000,0.0000000000000000,2.8259320259094238,0.0000000000000000,0.0000000000000000,2.6191406250000000,0.0000000000000000
14.8141022,0.0000000000000000,0.0000000000000000,2.8259320259094238,0.0000000000000000,0.0000000000000000,2.6093750000000000,0.0000000000000000
14.8245325,0.0000000000000000,0.0000000000000000,2.8259320259094238,0.0000000000000000,0.0000000000000000,2.7070312500000000,0.0000000000000000
14.8345537,0.0000000000000000,0.0000000000000000,2.8259320259094238,0.0000000000000000,0.0000000000000000,2.5878906250000000,0.0000000000000000
14.8445148,0.0000000000000000,0.0000000000000000,2.8259320259094238,0.0000000000000000,0.0000000000000000,2.4785156250000000,0.0000000000000000
14.8545036,0.0000000000000000,0.0000000000000000,2.8259320259094238,0.0000000000000000,0.0000000000000000,2.4062500000000000,0.0000000000000000
14.8640919,0.0000000000000000,0.0000000000000000,2.8259320259094238,0.0000000000000000,0.0000000000000000,2.2714843750000000,0.0000000000000000
14.8743219,0.0000000000000000,0.0000000000000000,2.8259320259094238,0.0000000000000000,0.0000000000000000,2.0058593750000000,0.0000000000000000
14.8843536,0.0000000000000000,0.0000000000000000,2.8259320259094238,0.0000000000000000,0.0000000000000000,1.8906250000000000,0.0000000000000000
14.8943653,0.0000000000000000,0.0000000000000000,2.8259320259094238,0.0000000000000000,0.0000000000000000,1.6386718750000000,0.0000000000000000
14.9038944,0.0000000000000000,0.0000000000000000,3.2894186973571777,0.0000000000000000,0.0000000000000000,1.6386718750000000,0.0000000000000000
14.9140816,0.0000000000000000,0.0000000000000000,3.2894186973571777,0.0000000000000000,0.0000000000000000,1.2128906250000000,0.0000000000000000
14.9243460,0.0000000000000000,0.0000000000000000,3.2894186973571777,0.0000000000000000,0.0000000000000000,1.1191406250000000,0.0000000000000000
14.9346218,0.0000000000000000,0.0000000000000000,3.2894186973571777,0.0000000000000000,0.0000000000000000,0.8750000000000000,0.0000000000000000
14.9455853,0.0000000000000000,0.0000000000000000,3.3383705615997314,0.0000000000000000,0.0000000000000000,0.8750000000000000,0.0000000000000000
14.9534941,0.0000000000000000,0.0000000000000000,3.3394031524658203,0.0000000000000000,0.0000000000000000,0.8750000000000000,0.0000000000000000
14.9635305,0.0000000000000000,0.0000000000000000,3.3398578166961670,0.0000000000000000,0.0000000000000000,0.8750000000000000,0.0000000000000000
14.9740772,0.0000000000000000,0.0000000000000000,3.3398578166961670,0.0000000000000000,0.0000000000000000,-0.0917968750000000,0.0000000000000000
14.9843121,0.0000000000000000,0.0000000000000000,3.3398578166961670,0.0000000000000000,0.0000000000000000,-0.4101562500000000,0.0000000000000000
14.9944057,0.0000000000000000,0.0000000000000000,3.3312170505523682,0.0000000000000000,0.0000000000000000,-0.4101562500000000,0.0000000000000000
15.0040827,0.0000000000000000,0.0000000000000000,3.3173434734344482,0.0000000000000000,0.0000000000000000,-0.4101562500000000,0.0000000000000000
15.0141068,0.0000000000000000,0.0000000000000000,3.3035359382629395,0.0000000000000000,0.0000000000000000,-0.4101562500000000,0.0000000000000000
15.0240850,0.0000000000000000,0.0000000000000000,3.2864437103271484,0.0000000000000000,0.0000000000000000,-0.4101562500000000,0.0000000000000000
15.0340776,0.0000000000000000,0.0000000000000000,3.2663798332214355,0.0000000000000000,0.0000000000000000,-0.4101562500000000,0.0000000000000000
15.0440769,0.0000000000000000,0.0000000000000000,3.2430827617645264,0.0000000000000000,0.0000000000000000,-0.4101562500000000,0.0000000000000000
15.0535316,0.0000000000000000,0.0000000000000000,3.2196164131164551,0.0000000000000000,0.0000000000000000,-0.4101562500000000,0.0000000000000000
15.0646858,0.0000000000000000,0.0000000000000000,3.2196164131164551,0.0000000000000000,0.0000000000000000,-2.6132812500000000,0.0000000000000000
15.0740862,0.0000000000000000,0.0000000000000000,3.1679790019989014,0.0000000000000000,0.0000000000000000,-2.6132812500000000,0.0000000000000000
15.0840940,0.0000000000000000,0.0000000000000000,3.1393401622772217,0.0000000000000000,0.0000000000000000,-2.6132812500000000,0.0000000000000000
15.0941105,0.0000000000000000,0.0000000000000000,3.1126337051391602,0.0000000000000000,0.0000000000000000,-2.6132812500000000,0.0000000000000000
15.1040983,0.0000000000000000,0.0000000000000000,3.0839145183563232,0.0000000000000000,0.0000000000000000,-2.6132812500000000,0.0000000000000000
15.1146278,0.0000000000000000,0.0000000000000000,3.0572898387908936,0.0000000000000000,0.0000000000000000,-2.6132812500000000,0.0000000000000000
15.1240835,0.0000000000000000,0.0000000000000000,3.0290644168853760,0.0000000000000000,0.0000000000000000,-2.6132812500000000,0.0000000000000000
15.1335297,0.0000000000000000,0.0000000000000000,3.0026772022247314,0.0000000000000000,0.0000000000000000,-2.6132812500000000,0.0000000000000000
15.1447496,0.0000000000000000,0.0000000000000000,3.0026772022247314,0.0000000000000000,0.0000000000000000,-2.7460937500000000,0.0000000000000000
15.1541529,0.0000000000000000,0.0000000000000000,2.9488463401794434,0.0000000000000000,0.0000000000000000,-2.7460937500000000,0.0000000000000000
15.1646538,0.0000000000000000,0.0000000000000000,2.9234402179718018,0.0000000000000000,0.0000000000000000,-2.7460937500000000,0.0000000000000000
15.1747742,0.0000000000000000,0.0000000000000000,2.8989760875701904,0.0000000000000000,0.0000000000000000,-2.7460937500000000,0.0000000000000000
15.1845064,0.0000000000000000,0.0000000000000000,2.8756241798400879,0.0000000000000000,0.0000000000000000,-2.7460937500000000,0.0000000000000000
15.1945887,0.0000000000000000,0.0000000000000000,2.8530507087707520,0.0000000000000000,0.0000000000000000,-2.7460937500000000,0.0000000000000000
15.2041435,0.0000000000000000,0.0000000000000000,2.8317902088165283,0.0000000000000000,0.0000000000000000,-2.7460937500000000,0.0000000000000000
15.2145777,0.0000000000000000,0.0000000000000000,2.8116993904113770,0.0000000000000000,0.0000000000000000,-2.7460937500000000,0.0000000000000000
15.2245369,0.0000000000000000,0.0000000000000000,2.7923610210418701,0.0000000000000000,0.0000000000000000,-2.7460937500000000,0.0000000000000000
15.2347498,0.0000000000000000,0.0000000000000000,2.7743403911590576,0.0000000000000000,0.0000000000000000,-2.7460937500000000,0.0000000000000000
15.2459698,0.0000000000000000,0.0000000000000000,2.7414348125457764,0.0000000000000000,0.0000000000000000,-2.7460937500000000,0.0000000000000000
15.2536478,0.0000000000000000,0.0000000000000000,2.7271487712860107,0.0000000000000000,0.0000000000000000,-2.7460937500000000,0.0000000000000000
15.2642965,0.0000000000000000,0.0000000000000000,2.7271487712860107,0.0000000000000000,0.0000000000000000,-1.1835937500000000,0.0000000000000000
15.2746344,0.0000000000000000,0.0000000000000000,2.7159101963043213,0.0000000000000000,0.0000000000000000,-1.1835937500000000,0.0000000000000000
15.2847376,0.0000000000000000,0.0000000000000000,2.7090270519256592,0.0000000000000000,0.0000000000000000,-1.1835937500000000,0.0000000000000000
15.2943668,0.0000000000000000,0.0000000000000000,2.7026638984680176,0.0000000000000000,0.0000000000000000,-1.1835937500000000,0.0000000000000000
15.3043184,0.0000000000000000,0.0000000000000000,2.6964447498321533,0.0000000000000000,0.0000000000000000,-1.1835937500000000,0.0000000000000000
15.3142509,0.0000000000000000,0.0000000000000000,2.6917059421539307,0.0000000000000000,0.0000000000000000,-1.1835937500000000,0.0000000000000000
15.3246403,0.0000000000000000,0.0000000000000000,2.6884760856628418,0.0000000000000000,0.0000000000000000,-1.1835937500000000,0.0000000000000000
15.3343477,0.0000000000000000,0.0000000000000000,2.6879975795745850,0.0000000000000000,0.0000000000000000,-1.1835937500000000,0.0000000000000000
15.3442039,0.0000000000000000,0.0000000000000000,2.6907193660736084,0.0000000000000000,0.0000000000000000,-1.1835937500000000,0.0000000000000000
15.3555861,0.0000000000000000,0.0000000000000000,2.7044141292572021,0.0000000000000000,0.0000000000000000,-1.1835937500000000,0.0000000000000000
15.3636303,0.0000000000000000,0.0000000000000000,2.7152888774871826,0.0000000000000000,0.0000000000000000,-1.1835937500000000,0.0000000000000000
15.3740759,0.0000000000000000,0.0000000000000000,2.7152888774871826,0.0000000000000000,0.0000000000000000,1.4062500000000000,0.0000000000000000
15.3844299,0.0000000000000000,0.0000000000000000,2.7293386459350586,0.0000000000000000,0.0000000000000000,1.4062500000000000,0.0000000000000000
15.3941298,0.0000000000000000,0.0000000000000000,2.7458162307739258,0.0000000000000000,0.0000000000000000,1.4062500000000000,0.0000000000000000
15.4043303,0.0000000000000000,0.0000000000000000,2.7651240825653076,0.0000000000000000,0.0000000000000000,1.4062500000000000,0.0000000000000000
15.4155397,0.0000000000000000,0.0000000000000000,2.8094494342803955,0.0000000000000000,0.0000000000000000,1.4062500000000000,0.0000000000000000
15.4235687,0.0000000000000000,0.0000000000000000,2.8341119289398193,0.0000000000000000,0.0000000000000000,1.4062500000000000,0.0000000000000000
15.4338341,0.0000000000000000,0.0000000000000000,2.8341119289398193,0.0000000000000000,0.0000000000000000,2.7343750000000000,0.0000000000000000
15.4441557,0.0000000000000000,0.0000000000000000,2.8603837490081787,0.0000000000000000,0.0000000000000000,2.7343750000000000,0.0000000000000000
15.4544458,0.0000000000000000,0.0000000000000000,2.8893625736236572,0.0000000000000000,0.0000000000000000,2.7343750000000000,0.0000000000000000
15.4641323,0.0000000000000000,0.0000000000000000,2.8893625736236572,0.0000000000000000,0.0000000000000000,3.1445312500000000,0.0000000000000000
15.4741316,0.0000000000000000,0.0000000000000000,2.8893625736236572,0.0000000000000000,0.0000000000000000,3.2363281250000000,0.0000000000000000
15.4841843,0.0000000000000000,0.0000000000000000,2.8893625736236572,0.0000000000000000,0.0000000000000000,3.3125000000000000,0.0000000000000000
15.4941349,0.0000000000000000,0.0000000000000000,2.8893625736236572,0.0000000000000000,0.0000000000000000,3.2792968750000000,0.0000000000000000
15.5041370,0.0000000000000000,0.0000000000000000,2.8893625736236572,0.0000000000000000,0.0000000000000000,3.2441406250000000,0.0000000000000000
15.5138445,0.0000000000000000,0.0000000000000000,2.8893625736236572,0.0000000000000000,0.0000000000000000,3.1992187500000000,0.0000000000000000
15.5244703,0.0000000000000000,0.0000000000000000,3.1119565963745117,0.0000000000000000,0.0000000000000000,3.1992187500000000,0.0000000000000000
15.5341711,0.0000000000000000,0.0000000000000000,3.1119565963745117,0.0000000000000000,0.0000000000000000,3.1171875000000000,0.0000000000000000
15.5441437,0.0000000000000000,0.0000000000000000,3.1119565963745117,0.0000000000000000,0.0000000000000000,3.0800781250000000,0.0000000000000000
15.5541868,0.0000000000000000,0.0000000000000000,3.1119565963745117,0.0000000000000000,0.0000000000000000,3.0078125000000000,0.0000000000000000
15.5641718,0.0000000000000000,0.0000000000000000,3.1119565963745117,0.0000000000000000,0.0000000000000000,2.9179687500000000,0.0000000000000000
15.5741701,0.0000000000000000,0.0000000000000000,3.1119565963745117,0.0000000000000000,0.0000000000000000,2.8125000000000000,0.0000000000000000
15.5842075,0.0000000000000000,0.0000000000000000,3.1119565963745117,0.0000000000000000,0.0000000000000000,2.7460937500000000,0.0000000000000000
15.5941420,0.0000000000000000,0.0000000000000000,3.1119565963745117,0.0000000000000000,0.0000000000000000,2.6464843750000000,0.0000000000000000
15.6041965,0.0000000000000000,0.0000000000000000,3.1119565963745117,0.0000000000000000,0.0000000000000000,2.5351562500000000,0.0000000000000000
15.6147079,0.0000000000000000,0.0000000000000000,3.1119565963745117,0.0000000000000000,0.0000000000000000,2.3945312500000000,0.0000000000000000
15.6242924,0.0000000000000000,0.0000000000000000,3.1119565963745117,0.0000000000000000,0.0000000000000000,2.2402343750000000,0.0000000000000000
15.6346016,0.0000000000000000,0.0000000000000000,3.1119565963745117,0.0000000000000000,0.0000000000000000,2.0761718750000000,0.0000000000000000
15.6446104,0.0000000000000000,0.0000000000000000,3.1119565963745117,0.0000000000000000,0.0000000000000000,1.9394531250000000,0.0000000000000000
15.6542511,0.0000000000000000,0.0000000000000000,3.1119565963745117,0.0000000000000000,0.0000000000000000,1.8183593750000000,0.0000000000000000
15.6645947,0.0000000000000000,0.0000000000000000,3.1119565963745117,0.0000000000000000,0.0000000000000000,1.6972656250000000,0.0000000000000000
15.6744452,0.0000000000000000,0.0000000000000000,3.1119565963745117,0.0000000000000000,0.0000000000000000,1.5703125000000000,0.0000000000000000
15.6845884,0.0000000000000000,0.0000000000000000,3.1119565963745117,0.0000000000000000,0.0000000000000000,1.3925781250000000,0.0000000000000000
15.6942253,0.0000000000000000,0.0000000000000000,3.1119565963745117,0.0000000000000000,0.0000000000000000,1.2304687500000000,0.0000000000000000
15.7046280,0.0000000000000000,0.0000000000000000,3.1119565963745117,0.0000000000000000,0.0000000000000000,1.0644531250000000,0.0000000000000000
15.7146540,0.0000000000000000,0.0000000000000000,3.1119565963745117,0.0000000000000000,0.0000000000000000,0.9199218750000000,0.0000000000000000
15.7247849,0.0000000000000000,0.0000000000000000,3.1119565963745117,0.0000000000000000,0.0000000000000000,0.7480468750000000,0.0000000000000000
15.7346706,0.0000000000000000,0.0000000000000000,3.1119565963745117,0.0000000000000000,0.0000000000000000,0.5429687500000000,0.0000000000000000
15.7442207,0.0000000000000000,0.0000000000000000,3.1119565963745117,0.0000000000000000,0.0000000000000000,0.2988281250000000,0.0000000000000000
15.7546711,0.0000000000000000,0.0000000000000000,3.1119565963745117,0.0000000000000000,0.0000000000000000,0.0117187500000000,0.0000000000000000
15.7645559,0.0000000000000000,0.0000000000000000,3.1119565963745117,0.0000000000000000,0.0000000000000000,-0.3125000000000000,0.0000000000000000
15.7746153,0.0000000000000000,0.0000000000000000,3.1119565963745117,0.0000000000000000,0.0000000000000000,-0.6503906250000000,0.0000000000000000
15.7843275,0.0000000000000000,0.0000000000000000,3.1119565963745117,0.0000000000000000,0.0000000000000000,-0.9941406250000000,0.0000000000000000
15.7942677,0.0000000000000000,0.0000000000000000,3.1119565963745117,0.0000000000000000,0.0000000000000000,-1.3496093750000000,0.0000000000000000
15.8042994,0.0000000000000000,0.0000000000000000,3.1119565963745117,0.0000000000000000,0.0000000000000000,-1.7011718750000000,0.0000000000000000
15.8142443,0.0000000000000000,0.0000000000000000,3.1119565963745117,0.0000000000000000,0.0000000000000000,-2.0546875000000000,0.0000000000000000
15.8248587,0.0000000000000000,0.0000000000000000,3.1119565963745117,0.0000000000000000,0.0000000000000000,-2.4277343750000000,0.0000000000000000
15.8361969,0.0000000000000000,0.0000000000000000,3.4145195484161377,0.0000000000000000,0.0000000000000000,-2.4277343750000000,0.0000000000000000
15.8438740,0.0000000000000000,0.0000000000000000,3.3757886886596680,0.0000000000000000,0.0000000000000000,-2.4277343750000000,0.0000000000000000
15.8536434,0.0000000000000000,0.0000000000000000,3.3757886886596680,0.0000000000000000,0.0000000000000000,-4.1796875000000000,0.0000000000000000
15.8639708,0.0000000000000000,0.0000000000000000,3.3555371761322021,0.0000000000000000,0.0000000000000000,-4.1796875000000000,0.0000000000000000
15.8742208,0.0000000000000000,0.0000000000000000,3.3555371761322021,0.0000000000000000,0.0000000000000000,-4.5039062500000000,0.0000000000000000
15.8844700,0.0000000000000000,0.0000000000000000,3.3555371761322021,0.0000000000000000,0.0000000000000000,-4.7207031250000000,0.0000000000000000
15.8945541,0.0000000000000000,0.0000000000000000,3.2184116840362549,0.0000000000000000,0.0000000000000000,-4.7207031250000000,0.0000000000000000
15.9042797,0.0000000000000000,0.0000000000000000,3.1471822261810303,0.0000000000000000,0.0000000000000000,-4.7207031250000000,0.0000000000000000
15.9142427,0.0000000000000000,0.0000000000000000,3.0984401702880859,0.0000000000000000,0.0000000000000000,-4.7207031250000000,0.0000000000000000
15.9242620,0.0000000000000000,0.0000000000000000,3.0544028282165527,0.0000000000000000,0.0000000000000000,-4.7207031250000000,0.0000000000000000
15.9342432,0.0000000000000000,0.0000000000000000,3.0126440525054932,0.0000000000000000,0.0000000000000000,-4.7207031250000000,0.0000000000000000
15.9442253,0.0000000000000000,0.0000000000000000,2.9747974872589111,0.0000000000000000,0.0000000000000000,-4.7207031250000000,0.0000000000000000
15.9542589,0.0000000000000000,0.0000000000000000,2.9405159950256348,0.0000000000000000,0.0000000000000000,-4.7207031250000000,0.0000000000000000
15.9642391,0.0000000000000000,0.0000000000000000,2.9165153503417969,0.0000000000000000,0.0000000000000000,-4.7207031250000000,0.0000000000000000
15.9743090,0.0000000000000000,0.0000000000000000,2.8997416496276855,0.0000000000000000,0.0000000000000000,-4.7207031250000000,0.0000000000000000
15.9842644,0.0000000000000000,0.0000000000000000,2.8923776149749756,0.0000000000000000,0.0000000000000000,-4.7207031250000000,0.0000000000000000
15.9943037,0.0000000000000000,0.0000000000000000,2.8943526744842529,0.0000000000000000,0.0000000000000000,-4.7207031250000000,0.0000000000000000
16.0042801,0.0000000000000000,0.0000000000000000,2.9051096439361572,0.0000000000000000,0.0000000000000000,-4.7207031250000000,0.0000000000000000
16.0142746,0.0000000000000000,0.0000000000000000,2.9261078834533691,0.0000000000000000,0.0000000000000000,-4.7207031250000000,0.0000000000000000
16.0243282,0.0000000000000000,0.0000000000000000,2.9535062313079834,0.0000000000000000,0.0000000000000000,-4.7207031250000000,0.0000000000000000
16.0342922,0.0000000000000000,0.0000000000000000,2.9922392368316650,0.0000000000000000,0.0000000000000000,-4.7207031250000000,0.0000000000000000
16.0462303,0.0000000000000000,0.0000000000000000,3.0876772403717041,0.0000000000000000,0.0000000000000000,-4.7207031250000000,0.0000000000000000
16.0536861,0.0000000000000000,0.0000000000000000,3.1398794651031494,0.0000000000000000,0.0000000000000000,-4.7207031250000000,0.0000000000000000
16.0640068,0.0000000000000000,0.0000000000000000,3.1398794651031494,0.0000000000000000,0.0000000000000000,5.4472656250000000,0.0000000000000000
16.0747890,0.0000000000000000,0.0000000000000000,3.1935877799987793,0.0000000000000000,0.0000000000000000,5.4472656250000000,0.0000000000000000
16.0847549,0.0000000000000000,0.0000000000000000,3.2459590435028076,0.0000000000000000,0.0000000000000000,5.4472656250000000,0.0000000000000000
16.0942955,0.0000000000000000,0.0000000000000000,3.2920162677764893,0.0000000000000000,0.0000000000000000,5.4472656250000000,0.0000000000000000
16.1047001,0.0000000000000000,0.0000000000000000,3.3296029567718506,0.0000000000000000,0.0000000000000000,5.4472656250000000,0.0000000000000000
16.1143494,0.0000000000000000,0.0000000000000000,3.3538050651550293,0.0000000000000000,0.0000000000000000,5.4472656250000000,0.0000000000000000
16.1247520,0.0000000000000000,0.0000000000000000,3.3652887344360352,0.0000000000000000,0.0000000000000000,5.4472656250000000,0.0000000000000000
16.1346989,0.0000000000000000,0.0000000000000000,3.3623709678649902,0.0000000000000000,0.0000000000000000,5.4472656250000000,0.0000000000000000
16.1450634,0.0000000000000000,0.0000000000000000,3.3468794822692871,0.0000000000000000,0.0000000000000000,5.4472656250000000,0.0000000000000000
16.1547279,0.0000000000000000,0.0000000000000000,3.3205246925354004,0.0000000000000000,0.0000000000000000,5.4472656250000000,0.0000000000000000
16.1645832,0.0000000000000000,0.0000000000000000,3.2849838733673096,0.0000000000000000,0.0000000000000000,5.4472656250000000,0.0000000000000000
16.1747551,0.0000000000000000,0.0000000000000000,3.2412624359130859,0.0000000000000000,0.0000000000000000,5.4472656250000000,0.0000000000000000
16.1843224,0.0000000000000000,0.0000000000000000,3.1912429332733154,0.0000000000000000,0.0000000000000000,5.4472656250000000,0.0000000000000000
16.1943111,0.0000000000000000,0.0000000000000000,3.1367371082305908,0.0000000000000000,0.0000000000000000,5.4472656250000000,0.0000000000000000
16.2044926,0.0000000000000000,0.0000000000000000,3.0839309692382812,0.0000000000000000,0.0000000000000000,5.4472656250000000,0.0000000000000000
16.2147121,0.0000000000000000,0.0000000000000000,3.0346679687500000,0.0000000000000000,0.0000000000000000,5.4472656250000000,0.0000000000000000
16.2243443,0.0000000000000000,0.0000000000000000,2.9953668117523193,0.0000000000000000,0.0000000000000000,5.4472656250000000,0.0000000000000000
16.2346859,0.0000000000000000,0.0000000000000000,2.9680078029632568,0.0000000000000000,0.0000000000000000,5.4472656250000000,0.0000000000000000
16.2445202,0.0000000000000000,0.0000000000000000,2.9578075408935547,0.0000000000000000,0.0000000000000000,5.4472656250000000,0.0000000000000000
16.2543621,0.0000000000000000,0.0000000000000000,2.9649245738983154,0.0000000000000000,0.0000000000000000,5.4472656250000000,0.0000000000000000
16.2642956,0.0000000000000000,0.0000000000000000,2.9879059791564941,0.0000000000000000,0.0000000000000000,5.4472656250000000,0.0000000000000000
16.2746773,0.0000000000000000,0.0000000000000000,3.0266568660736084,0.0000000000000000,0.0000000000000000,5.4472656250000000,0.0000000000000000
16.2844429,0.0000000000000000,0.0000000000000000,3.0721549987792969,0.0000000000000000,0.0000000000000000,5.4472656250000000,0.0000000000000000
16.2943401,0.0000000000000000,0.0000000000000000,3.1258695125579834,0.0000000000000000,0.0000000000000000,5.4472656250000000,0.0000000000000000
16.3042927,0.0000000000000000,0.0000000000000000,3.1816794872283936,0.0000000000000000,0.0000000000000000,5.4472656250000000,0.0000000000000000
16.3143120,0.0000000000000000,0.0000000000000000,3.2393145561218262,0.0000000000000000,0.0000000000000000,5.4472656250000000,0.0000000000000000
16.3242950,0.0000000000000000,0.0000000000000000,3.2954442501068115,0.0000000000000000,0.0000000000000000,5.4472656250000000,0.0000000000000000
16.3343105,0.0000000000000000,0.0000000000000000,3.3473746776580811,0.0000000000000000,0.0000000000000000,5.4472656250000000,0.0000000000000000
16.3446732,0.0000000000000000,0.0000000000000000,3.3863878250122070,0.0000000000000000,0.0000000000000000,5.4472656250000000,0.0000000000000000
16.3543034,0.0000000000000000,0.0000000000000000,3.3863878250122070,0.0000000000000000,0.0000000000000000,1.8027343750000000,0.0000000000000000
16.3643150,0.0000000000000000,0.0000000000000000,3.3863878250122070,0.0000000000000000,0.0000000000000000,0.6289062500000000,0.0000000000000000
16.3743057,0.0000000000000000,0.0000000000000000,3.3863878250122070,0.0000000000000000,0.0000000000000000,-0.5117187500000000,0.0000000000000000
16.3843040,0.0000000000000000,0.0000000000000000,3.3863878250122070,0.0000000000000000,0.0000000000000000,-1.6855468750000000,0.0000000000000000
16.3943520,0.0000000000000000,0.0000000000000000,3.3863878250122070,0.0000000000000000,0.0000000000000000,-2.7265625000000000,0.0000000000000000
16.4043102,0.0000000000000000,0.0000000000000000,3.3863878250122070,0.0000000000000000,0.0000000000000000,-3.5937500000000000,0.0000000000000000
16.4143238,0.0000000000000000,0.0000000000000000,3.3863878250122070,0.0000000000000000,0.0000000000000000,-4.4570312500000000,0.0000000000000000
16.4242973,0.0000000000000000,0.0000000000000000,3.3863878250122070,0.0000000000000000,0.0000000000000000,-5.1660156250000000,0.0000000000000000
16.4343052,0.0000000000000000,0.0000000000000000,3.3863878250122070,0.0000000000000000,0.0000000000000000,-5.6777343750000000,0.0000000000000000
16.4443035,0.0000000000000000,0.0000000000000000,3.3863878250122070,0.0000000000000000,0.0000000000000000,-5.9472656250000000,0.0000000000000000
16.4543228,0.0000000000000000,0.0000000000000000,3.3863878250122070,0.0000000000000000,0.0000000000000000,-5.9609375000000000,0.0000000000000000
16.4643593,0.0000000000000000,0.0000000000000000,3.3863878250122070,0.0000000000000000,0.0000000000000000,-5.7089843750000000,0.0000000000000000
16.4743519,0.0000000000000000,0.0000000000000000,3.3863878250122070,0.0000000000000000,0.0000000000000000,-5.2753906250000000,0.0000000000000000
16.4843330,0.0000000000000000,0.0000000000000000,3.3863878250122070,0.0000000000000000,0.0000000000000000,-4.6191406250000000,0.0000000000000000
16.4943733,0.0000000000000000,0.0000000000000000,3.3863878250122070,0.0000000000000000,0.0000000000000000,-4.0527343750000000,0.0000000000000000
16.5043716,0.0000000000000000,0.0000000000000000,3.3863878250122070,0.0000000000000000,0.0000000000000000,-3.5878906250000000,0.0000000000000000
16.5148563,0.0000000000000000,0.0000000000000000,3.3863878250122070,0.0000000000000000,0.0000000000000000,-1.3105468750000000,0.0000000000000000
16.5243721,0.0000000000000000,0.0000000000000000,3.3863878250122070,0.0000000000000000,0.0000000000000000,-0.3964843750000000,0.0000000000000000
16.5347881,0.0000000000000000,0.0000000000000000,3.3863878250122070,0.0000000000000000,0.0000000000000000,-0.4355468750000000,0.0000000000000000
16.5443439,0.0000000000000000,0.0000000000000000,3.3863878250122070,0.0000000000000000,0.0000000000000000,-0.7304687500000000,0.0000000000000000
16.5543594,0.0000000000000000,0.0000000000000000,3.3863878250122070,0.0000000000000000,0.0000000000000000,-0.9687500000000000,0.0000000000000000
16.5647964,0.0000000000000000,0.0000000000000000,3.3863878250122070,0.0000000000000000,0.0000000000000000,-0.8710937500000000,0.0000000000000000
16.5747871,0.0000000000000000,0.0000000000000000,3.3863878250122070,0.0000000000000000,0.0000000000000000,-0.9238281250000000,0.0000000000000000
16.5848083,0.0000000000000000,0.0000000000000000,3.3863878250122070,0.0000000000000000,0.0000000000000000,-0.9179687500000000,0.0000000000000000
16.5947475,0.0000000000000000,0.0000000000000000,3.3863878250122070,0.0000000000000000,0.0000000000000000,-0.9023437500000000,0.0000000000000000
16.6043720,0.0000000000000000,0.0000000000000000,3.3863878250122070,0.0000000000000000,0.0000000000000000,-0.8457031250000000,0.0000000000000000
16.6148415,0.0000000000000000,0.0000000000000000,3.3863878250122070,0.0000000000000000,0.0000000000000000,-0.8183593750000000,0.0000000000000000
16.6248035,0.0000000000000000,0.0000000000000000,3.3863878250122070,0.0000000000000000,0.0000000000000000,-0.7324218750000000,0.0000000000000000
16.6349545,0.0000000000000000,0.0000000000000000,3.3863878250122070,0.0000000000000000,0.0000000000000000,-0.6699218750000000,0.0000000000000000
16.6448364,0.0000000000000000,0.0000000000000000,3.3863878250122070,0.0000000000000000,0.0000000000000000,-0.5117187500000000,0.0000000000000000
16.6545773,0.0000000000000000,0.0000000000000000,3.3863878250122070,0.0000000000000000,0.0000000000000000,-0.4863281250000000,0.0000000000000000
16.6647587,0.0000000000000000,0.0000000000000000,3.3863878250122070,0.0000000000000000,0.0000000000000000,-0.3593750000000000,0.0000000000000000
16.6748829,0.0000000000000000,0.0000000000000000,3.3863878250122070,0.0000000000000000,0.0000000000000000,-0.2714843750000000,0.0000000000000000
16.6845264,0.0000000000000000,0.0000000000000000,3.3863878250122070,0.0000000000000000,0.0000000000000000,-0.1074218750000000,0.0000000000000000
16.6944466,0.0000000000000000,0.0000000000000000,3.3863878250122070,0.0000000000000000,0.0000000000000000,0.0214843750000000,0.0000000000000000
16.7045231,0.0000000000000000,0.0000000000000000,3.3863878250122070,0.0000000000000000,0.0000000000000000,0.1445312500000000,0.0000000000000000
16.7144222,0.0000000000000000,0.0000000000000000,3.3863878250122070,0.0000000000000000,0.0000000000000000,0.2519531250000000,0.0000000000000000
16.7245808,0.0000000000000000,0.0000000000000000,3.3863878250122070,0.0000000000000000,0.0000000000000000,0.3886718750000000,0.0000000000000000
16.7349224,0.0000000000000000,0.0000000000000000,3.3863878250122070,0.0000000000000000,0.0000000000000000,0.5429687500000000,0.0000000000000000
16.7443886,0.0000000000000000,0.0000000000000000,2.7368659973144531,0.0000000000000000,0.0000000000000000,0.5429687500000000,0.0000000000000000
16.7548084,0.0000000000000000,0.0000000000000000,2.7451283931732178,0.0000000000000000,0.0000000000000000,0.5429687500000000,0.0000000000000000
16.7643871,0.0000000000000000,0.0000000000000000,2.7616698741912842,0.0000000000000000,0.0000000000000000,0.5429687500000000,0.0000000000000000
16.7743874,0.0000000000000000,0.0000000000000000,2.7759900093078613,0.0000000000000000,0.0000000000000000,0.5429687500000000,0.0000000000000000
16.7841110,0.0000000000000000,0.0000000000000000,2.7954010963439941,0.0000000000000000,0.0000000000000000,0.5429687500000000,0.0000000000000000
16.7941456,0.0000000000000000,0.0000000000000000,2.8061931133270264,0.0000000000000000,0.0000000000000000,0.5429687500000000,0.0000000000000000
16.8046684,0.0000000000000000,0.0000000000000000,2.8061931133270264,0.0000000000000000,0.0000000000000000,2.5253906250000000,0.0000000000000000
16.8141727,0.0000000000000000,0.0000000000000000,2.8564901351928711,0.0000000000000000,0.0000000000000000,2.5253906250000000,0.0000000000000000
16.8249474,0.0000000000000000,0.0000000000000000,2.8564901351928711,0.0000000000000000,0.0000000000000000,2.9765625000000000,0.0000000000000000
16.8344440,0.0000000000000000,0.0000000000000000,2.9316926002502441,0.0000000000000000,0.0000000000000000,2.9765625000000000,0.0000000000000000
16.8444233,0.0000000000000000,0.0000000000000000,2.9666807651519775,0.0000000000000000,0.0000000000000000,2.9765625000000000,0.0000000000000000
16.8544559,0.0000000000000000,0.0000000000000000,3.0015747547149658,0.0000000000000000,0.0000000000000000,2.9765625000000000,0.0000000000000000
16.8643875,0.0000000000000000,0.0000000000000000,3.0387241840362549,0.0000000000000000,0.0000000000000000,2.9765625000000000,0.0000000000000000
16.8743954,0.0000000000000000,0.0000000000000000,3.0775656700134277,0.0000000000000000,0.0000000000000000,2.9765625000000000,0.0000000000000000
16.8844757,0.0000000000000000,0.0000000000000000,3.1197488307952881,0.0000000000000000,0.0000000000000000,2.9765625000000000,0.0000000000000000
16.8944206,0.0000000000000000,0.0000000000000000,3.1588025093078613,0.0000000000000000,0.0000000000000000,2.9765625000000000,0.0000000000000000
16.9050636,0.0000000000000000,0.0000000000000000,3.1986250877380371,0.0000000000000000,0.0000000000000000,2.9765625000000000,0.0000000000000000
16.9144421,0.0000000000000000,0.0000000000000000,3.2366240024566650,0.0000000000000000,0.0000000000000000,2.9765625000000000,0.0000000000000000
16.9244480,0.0000000000000000,0.0000000000000000,3.2762653827667236,0.0000000000000000,0.0000000000000000,2.9765625000000000,0.0000000000000000
16.9344692,0.0000000000000000,0.0000000000000000,3.3122782707214355,0.0000000000000000,0.0000000000000000,2.9765625000000000,0.0000000000000000
16.9444618,0.0000000000000000,0.0000000000000000,3.3492624759674072,0.0000000000000000,0.0000000000000000,2.9765625000000000,0.0000000000000000
16.9550228,0.0000000000000000,0.0000000000000000,3.3823711872100830,0.0000000000000000,0.0000000000000000,2.9765625000000000,0.0000000000000000
16.9644203,0.0000000000000000,0.0000000000000000,3.4169063568115234,0.0000000000000000,0.0000000000000000,2.9765625000000000,0.0000000000000000
16.9741383,0.0000000000000000,0.0000000000000000,3.4472954273223877,0.0000000000000000,0.0000000000000000,2.9765625000000000,0.0000000000000000
16.9855080,0.0000000000000000,0.0000000000000000,3.4472954273223877,0.0000000000000000,0.0000000000000000,3.0078125000000000,0.0000000000000000
16.9950504,0.0000000000000000,0.0000000000000000,3.5048093795776367,0.0000000000000000,0.0000000000000000,3.0078125000000000,0.0000000000000000
17.0048656,0.0000000000000000,0.0000000000000000,3.5298526287078857,0.0000000000000000,0.0000000000000000,3.0078125000000000,0.0000000000000000
17.0149078,0.0000000000000000,0.0000000000000000,3.5523316860198975,0.0000000000000000,0.0000000000000000,3.0078125000000000,0.0000000000000000
17.0249004,0.0000000000000000,0.0000000000000000,3.5722799301147461,0.0000000000000000,0.0000000000000000,3.0078125000000000,0.0000000000000000
17.0349140,0.0000000000000000,0.0000000000000000,3.5892045497894287,0.0000000000000000,0.0000000000000000,3.0078125000000000,0.0000000000000000
17.0445461,0.0000000000000000,0.0000000000000000,3.6032569408416748,0.0000000000000000,0.0000000000000000,3.0078125000000000,0.0000000000000000
17.0549259,0.0000000000000000,0.0000000000000000,3.6143224239349365,0.0000000000000000,0.0000000000000000,3.0078125000000000,0.0000000000000000
17.0648842,0.0000000000000000,0.0000000000000000,3.6223056316375732,0.0000000000000000,0.0000000000000000,3.0078125000000000,0.0000000000000000
17.0750256,0.0000000000000000,0.0000000000000000,3.6265113353729248,0.0000000000000000,0.0000000000000000,3.0078125000000000,0.0000000000000000
17.0849590,0.0000000000000000,0.0000000000000000,3.6266379356384277,0.0000000000000000,0.0000000000000000,3.0078125000000000,0.0000000000000000
17.0946083,0.0000000000000000,0.0000000000000000,3.6217453479766846,0.0000000000000000,0.0000000000000000,3.0078125000000000,0.0000000000000000
17.1049232,0.0000000000000000,0.0000000000000000,3.6117913722991943,0.0000000000000000,0.0000000000000000,3.0078125000000000,0.0000000000000000
17.1149197,0.0000000000000000,0.0000000000000000,3.5960507392883301,0.0000000000000000,0.0000000000000000,3.0078125000000000,0.0000000000000000
17.1250229,0.0000000000000000,0.0000000000000000,3.5734512805938721,0.0000000000000000,0.0000000000000000,3.0078125000000000,0.0000000000000000
17.1346588,0.0000000000000000,0.0000000000000000,3.5445551872253418,0.0000000000000000,0.0000000000000000,3.0078125000000000,0.0000000000000000
17.1447086,0.0000000000000000,0.0000000000000000,3.5100634098052979,0.0000000000000000,0.0000000000000000,3.0078125000000000,0.0000000000000000
17.1545677,0.0000000000000000,0.0000000000000000,3.4718673229217529,0.0000000000000000,0.0000000000000000,3.0078125000000000,0.0000000000000000
17.1646900,0.0000000000000000,0.0000000000000000,3.4284505844116211,0.0000000000000000,0.0000000000000000,3.0078125000000000,0.0000000000000000
17.1745510,0.0000000000000000,0.0000000000000000,3.3837516307830811,0.0000000000000000,0.0000000000000000,3.0078125000000000,0.0000000000000000
17.1845360,0.0000000000000000,0.0000000000000000,3.3366012573242188,0.0000000000000000,0.0000000000000000,3.0078125000000000,0.0000000000000000
17.1961975,0.0000000000000000,0.0000000000000000,3.2361021041870117,0.0000000000000000,0.0000000000000000,3.0078125000000000,0.0000000000000000
17.2041378,0.0000000000000000,0.0000000000000000,3.1889183521270752,0.0000000000000000,0.0000000000000000,3.0078125000000000,0.0000000000000000
17.2141380,0.0000000000000000,0.0000000000000000,3.1889183521270752,0.0000000000000000,0.0000000000000000,-4.8398437500000000,0.0000000000000000
17.2245140,0.0000000000000000,0.0000000000000000,3.1392407417297363,0.0000000000000000,0.0000000000000000,-4.8398437500000000,0.0000000000000000
17.2344856,0.0000000000000000,0.0000000000000000,3.0931649208068848,0.0000000000000000,0.0000000000000000,-4.8398437500000000,0.0000000000000000
17.2448444,0.0000000000000000,0.0000000000000000,3.0480735301971436,0.0000000000000000,0.0000000000000000,-4.8398437500000000,0.0000000000000000
17.2544746,0.0000000000000000,0.0000000000000000,3.0480735301971436,0.0000000000000000,0.0000000000000000,-3.9843750000000000,0.0000000000000000
17.2641621,0.0000000000000000,0.0000000000000000,3.0480735301971436,0.0000000000000000,0.0000000000000000,-3.5820312500000000,0.0000000000000000
17.2748241,0.0000000000000000,0.0000000000000000,2.9286541938781738,0.0000000000000000,0.0000000000000000,-3.5820312500000000,0.0000000000000000
17.2844696,0.0000000000000000,0.0000000000000000,2.9286541938781738,0.0000000000000000,0.0000000000000000,-2.5058593750000000,0.0000000000000000
17.2944603,0.0000000000000000,0.0000000000000000,2.9286541938781738,0.0000000000000000,0.0000000000000000,-1.8378906250000000,0.0000000000000000
17.3044662,0.0000000000000000,0.0000000000000000,2.9286541938781738,0.0000000000000000,0.0000000000000000,-1.1289062500000000,0.0000000000000000
17.3141651,0.0000000000000000,0.0000000000000000,2.9286541938781738,0.0000000000000000,0.0000000000000000,-0.3984375000000000,0.0000000000000000
17.3248653,0.0000000000000000,0.0000000000000000,2.8382146358489990,0.0000000000000000,0.0000000000000000,-0.3984375000000000,0.0000000000000000
17.3344917,0.0000000000000000,0.0000000000000000,2.8382146358489990,0.0000000000000000,0.0000000000000000,0.7500000000000000,0.0000000000000000
17.3444977,0.0000000000000000,0.0000000000000000,2.8382146358489990,0.0000000000000000,0.0000000000000000,1.4160156250000000,0.0000000000000000
17.3544750,0.0000000000000000,0.0000000000000000,2.8382146358489990,0.0000000000000000,0.0000000000000000,2.1914062500000000,0.0000000000000000
17.3644924,0.0000000000000000,0.0000000000000000,2.8382146358489990,0.0000000000000000,0.0000000000000000,2.9550781250000000,0.0000000000000000
17.3744946,0.0000000000000000,0.0000000000000000,2.8382146358489990,0.0000000000000000,0.0000000000000000,3.7246093750000000,0.0000000000000000
17.3845081,0.0000000000000000,0.0000000000000000,2.8382146358489990,0.0000000000000000,0.0000000000000000,4.4433593750000000,0.0000000000000000
17.3945408,0.0000000000000000,0.0000000000000000,2.8382146358489990,0.0000000000000000,0.0000000000000000,4.9003906250000000,0.0000000000000000
17.4045315,0.0000000000000000,0.0000000000000000,2.8382146358489990,0.0000000000000000,0.0000000000000000,5.0546875000000000,0.0000000000000000
17.4144802,0.0000000000000000,0.0000000000000000,2.8382146358489990,0.0000000000000000,0.0000000000000000,4.9804687500000000,0.0000000000000000
17.4247761,0.0000000000000000,0.0000000000000000,2.8382146358489990,0.0000000000000000,0.0000000000000000,4.6855468750000000,0.0000000000000000
17.4352856,0.0000000000000000,0.0000000000000000,3.1904194355010986,0.0000000000000000,0.0000000000000000,4.6855468750000000,0.0000000000000000
17.4449253,0.0000000000000000,0.0000000000000000,3.1904194355010986,0.0000000000000000,0.0000000000000000,3.4394531250000000,0.0000000000000000
17.4545422,0.0000000000000000,0.0000000000000000,3.1904194355010986,0.0000000000000000,0.0000000000000000,2.5957031250000000,0.0000000000000000
17.4647903,0.0000000000000000,0.0000000000000000,3.1904194355010986,0.0000000000000000,0.0000000000000000,1.6738281250000000,0.0000000000000000
17.4749680,0.0000000000000000,0.0000000000000000,3.1904194355010986,0.0000000000000000,0.0000000000000000,0.7636718750000000,0.0000000000000000
17.4852486,0.0000000000000000,0.0000000000000000,3.1904194355010986,0.0000000000000000,0.0000000000000000,-0.1777343750000000,0.0000000000000000
17.4949265,0.0000000000000000,0.0000000000000000,3.1904194355010986,0.0000000000000000,0.0000000000000000,-1.1269531250000000,0.0000000000000000
17.5049343,0.0000000000000000,0.0000000000000000,3.1904194355010986,0.0000000000000000,0.0000000000000000,-2.0351562500000000,0.0000000000000000
17.5145664,0.0000000000000000,0.0000000000000000,3.1904194355010986,0.0000000000000000,0.0000000000000000,-2.8515625000000000,0.0000000000000000
17.5249920,0.0000000000000000,0.0000000000000000,3.1904194355010986,0.0000000000000000,0.0000000000000000,-3.5410156250000000,0.0000000000000000
17.5345554,0.0000000000000000,0.0000000000000000,3.1904194355010986,0.0000000000000000,0.0000000000000000,-4.1152343750000000,0.0000000000000000
17.5450077,0.0000000000000000,0.0000000000000000,3.1904194355010986,0.0000000000000000,0.0000000000000000,-4.4941406250000000,0.0000000000000000
17.5550003,0.0000000000000000,0.0000000000000000,3.1904194355010986,0.0000000000000000,0.0000000000000000,-4.6777343750000000,0.0000000000000000
17.5651340,0.0000000000000000,0.0000000000000000,3.1904194355010986,0.0000000000000000,0.0000000000000000,-4.6210937500000000,0.0000000000000000
17.5745964,0.0000000000000000,0.0000000000000000,3.1904194355010986,0.0000000000000000,0.0000000000000000,-4.3476562500000000,0.0000000000000000
17.5846386,0.0000000000000000,0.0000000000000000,3.1904194355010986,0.0000000000000000,0.0000000000000000,-3.8632812500000000,0.0000000000000000
17.5948391,0.0000000000000000,0.0000000000000000,3.1904194355010986,0.0000000000000000,0.0000000000000000,-3.2187500000000000,0.0000000000000000
17.6049232,0.0000000000000000,0.0000000000000000,3.1904194355010986,0.0000000000000000,0.0000000000000000,-2.4355468750000000,0.0000000000000000
17.6146278,0.0000000000000000,0.0000000000000000,3.1904194355010986,0.0000000000000000,0.0000000000000000,-1.5605468750000000,0.0000000000000000
17.6245995,0.0000000000000000,0.0000000000000000,3.1904194355010986,0.0000000000000000,0.0000000000000000,-0.6660156250000000,0.0000000000000000
17.6345844,0.0000000000000000,0.0000000000000000,3.1904194355010986,0.0000000000000000,0.0000000000000000,0.2285156250000000,0.0000000000000000
17.6448860,0.0000000000000000,0.0000000000000000,3.1904194355010986,0.0000000000000000,0.0000000000000000,0.9941406250000000,0.0000000000000000
17.6546021,0.0000000000000000,0.0000000000000000,3.1904194355010986,0.0000000000000000,0.0000000000000000,1.6699218750000000,0.0000000000000000
17.6649895,0.0000000000000000,0.0000000000000000,3.1904194355010986,0.0000000000000000,0.0000000000000000,2.3203125000000000,0.0000000000000000
17.6745472,0.0000000000000000,0.0000000000000000,2.9436867237091064,0.0000000000000000,0.0000000000000000,2.3203125000000000,0.0000000000000000
17.6842823,0.0000000000000000,0.0000000000000000,2.9767563343048096,0.0000000000000000,0.0000000000000000,2.3203125000000000,0.0000000000000000
17.6945438,0.0000000000000000,0.0000000000000000,2.9767563343048096,0.0000000000000000,0.0000000000000000,3.8203125000000000,0.0000000000000000
17.7051086,0.0000000000000000,0.0000000000000000,2.9767563343048096,0.0000000000000000,0.0000000000000000,4.0566406250000000,0.0000000000000000
17.7145824,0.0000000000000000,0.0000000000000000,3.1143155097961426,0.0000000000000000,0.0000000000000000,4.0566406250000000,0.0000000000000000
17.7245712,0.0000000000000000,0.0000000000000000,3.1538796424865723,0.0000000000000000,0.0000000000000000,4.0566406250000000,0.0000000000000000
17.7346039,0.0000000000000000,0.0000000000000000,3.1937322616577148,0.0000000000000000,0.0000000000000000,4.0566406250000000,0.0000000000000000
17.7445774,0.0000000000000000,0.0000000000000000,3.2284913063049316,0.0000000000000000,0.0000000000000000,4.0566406250000000,0.0000000000000000
17.7545757,0.0000000000000000,0.0000000000000000,3.2619032859802246,0.0000000000000000,0.0000000000000000,4.0566406250000000,0.0000000000000000
17.7645950,0.0000000000000000,0.0000000000000000,3.2884573936462402,0.0000000000000000,0.0000000000000000,4.0566406250000000,0.0000000000000000
17.7745781,0.0000000000000000,0.0000000000000000,3.3110685348510742,0.0000000000000000,0.0000000000000000,4.0566406250000000,0.0000000000000000
17.7846375,0.0000000000000000,0.0000000000000000,3.3278005123138428,0.0000000000000000,0.0000000000000000,4.0566406250000000,0.0000000000000000
17.7945862,0.0000000000000000,0.0000000000000000,3.3391630649566650,0.0000000000000000,0.0000000000000000,4.0566406250000000,0.0000000000000000
17.8045788,0.0000000000000000,0.0000000000000000,3.3447132110595703,0.0000000000000000,0.0000000000000000,4.0566406250000000,0.0000000000000000
17.8146191,0.0000000000000000,0.0000000000000000,3.3438150882720947,0.0000000000000000,0.0000000000000000,4.0566406250000000,0.0000000000000000
17.8245811,0.0000000000000000,0.0000000000000000,3.3364012241363525,0.0000000000000000,0.0000000000000000,4.0566406250000000,0.0000000000000000
17.8346043,0.0000000000000000,0.0000000000000000,3.3214390277862549,0.0000000000000000,0.0000000000000000,4.0566406250000000,0.0000000000000000
17.8446217,0.0000000000000000,0.0000000000000000,3.3017327785491943,0.0000000000000000,0.0000000000000000,4.0566406250000000,0.0000000000000000
17.8546143,0.0000000000000000,0.0000000000000000,3.2734746932983398,0.0000000000000000,0.0000000000000000,4.0566406250000000,0.0000000000000000
17.8653908,0.0000000000000000,0.0000000000000000,3.2404766082763672,0.0000000000000000,0.0000000000000000,4.0566406250000000,0.0000000000000000
17.8746395,0.0000000000000000,0.0000000000000000,3.1994559764862061,0.0000000000000000,0.0000000000000000,4.0566406250000000,0.0000000000000000
17.8850574,0.0000000000000000,0.0000000000000000,3.1575818061828613,0.0000000000000000,0.0000000000000000,4.0566406250000000,0.0000000000000000
17.8945847,0.0000000000000000,0.0000000000000000,3.1081585884094238,0.0000000000000000,0.0000000000000000,4.0566406250000000,0.0000000000000000
17.9040985,0.0000000000000000,0.0000000000000000,3.0632660388946533,0.0000000000000000,0.0000000000000000,4.0566406250000000,0.0000000000000000
17.9156075,0.0000000000000000,0.0000000000000000,3.0632660388946533,0.0000000000000000,0.0000000000000000,-4.6347656250000000,0.0000000000000000
17.9250946,0.0000000000000000,0.0000000000000000,2.9719543457031250,0.0000000000000000,0.0000000000000000,-4.6347656250000000,0.0000000000000000
17.9350338,0.0000000000000000,0.0000000000000000,2.9475588798522949,0.0000000000000000,0.0000000000000000,-4.6347656250000000,0.0000000000000000
17.9450417,0.0000000000000000,0.0000000000000000,2.9399011135101318,0.0000000000000000,0.0000000000000000,-4.6347656250000000,0.0000000000000000
17.9548187,0.0000000000000000,0.0000000000000000,2.9332444667816162,0.0000000000000000,0.0000000000000000,-4.6347656250000000,0.0000000000000000
17.9650536,0.0000000000000000,0.0000000000000000,2.9279043674468994,0.0000000000000000,0.0000000000000000,-4.6347656250000000,0.0000000000000000
17.9746246,0.0000000000000000,0.0000000000000000,2.9245316982269287,0.0000000000000000,0.0000000000000000,-4.6347656250000000,0.0000000000000000
17.9843578,0.0000000000000000,0.0000000000000000,2.9205093383789062,0.0000000000000000,0.0000000000000000,-4.6347656250000000,0.0000000000000000
17.9956398,0.0000000000000000,0.0000000000000000,2.9205093383789062,0.0000000000000000,0.0000000000000000,-0.5664062500000000,0.0000000000000000
18.0050869,0.0000000000000000,0.0000000000000000,2.9070661067962646,0.0000000000000000,0.0000000000000000,-0.5664062500000000,0.0000000000000000
18.0151291,0.0000000000000000,0.0000000000000000,2.9006850719451904,0.0000000000000000,0.0000000000000000,-0.5664062500000000,0.0000000000000000
18.0246105,0.0000000000000000,0.0000000000000000,2.8956022262573242,0.0000000000000000,0.0000000000000000,-0.5664062500000000,0.0000000000000000
18.0350666,0.0000000000000000,0.0000000000000000,2.8937478065490723,0.0000000000000000,0.0000000000000000,-0.5664062500000000,0.0000000000000000
18.0448208,0.0000000000000000,0.0000000000000000,2.8974242210388184,0.0000000000000000,0.0000000000000000,-0.5664062500000000,0.0000000000000000
18.0549908,0.0000000000000000,0.0000000000000000,2.9066352844238281,0.0000000000000000,0.0000000000000000,-0.5664062500000000,0.0000000000000000
18.0647240,0.0000000000000000,0.0000000000000000,2.9181556701660156,0.0000000000000000,0.0000000000000000,-0.5664062500000000,0.0000000000000000
18.0747070,0.0000000000000000,0.0000000000000000,2.9316551685333252,0.0000000000000000,0.0000000000000000,-0.5664062500000000,0.0000000000000000
18.0849991,0.0000000000000000,0.0000000000000000,2.9455084800720215,0.0000000000000000,0.0000000000000000,-0.5664062500000000,0.0000000000000000
18.0960598,0.0000000000000000,0.0000000000000000,2.9722735881805420,0.0000000000000000,0.0000000000000000,-0.5664062500000000,0.0000000000000000
18.1040688,0.0000000000000000,0.0000000000000000,2.9852416515350342,0.0000000000000000,0.0000000000000000,-0.5664062500000000,0.0000000000000000
18.1143131,0.0000000000000000,0.0000000000000000,2.9852416515350342,0.0000000000000000,0.0000000000000000,1.2753906250000000,0.0000000000000000
18.1246338,0.0000000000000000,0.0000000000000000,2.9976112842559814,0.0000000000000000,0.0000000000000000,1.2753906250000000,0.0000000000000000
18.1346836,0.0000000000000000,0.0000000000000000,3.0093612670898438,0.0000000000000000,0.0000000000000000,1.2753906250000000,0.0000000000000000
18.1446400,0.0000000000000000,0.0000000000000000,3.0198774337768555,0.0000000000000000,0.0000000000000000,1.2753906250000000,0.0000000000000000
18.1549721,0.0000000000000000,0.0000000000000000,3.0295317173004150,0.0000000000000000,0.0000000000000000,1.2753906250000000,0.0000000000000000
18.1646156,0.0000000000000000,0.0000000000000000,3.0295317173004150,0.0000000000000000,0.0000000000000000,0.7402343750000000,0.0000000000000000
18.1743088,0.0000000000000000,0.0000000000000000,3.0295317173004150,0.0000000000000000,0.0000000000000000,0.6191406250000000,0.0000000000000000
18.1846638,0.0000000000000000,0.0000000000000000,3.0511777400970459,0.0000000000000000,0.0000000000000000,0.6191406250000000,0.0000000000000000
18.1949501,0.0000000000000000,0.0000000000000000,3.0569500923156738,0.0000000000000000,0.0000000000000000,0.6191406250000000,0.0000000000000000
18.2046604,0.0000000000000000,0.0000000000000000,3.0569500923156738,0.0000000000000000,0.0000000000000000,0.1835937500000000,0.0000000000000000
18.2146301,0.0000000000000000,0.0000000000000000,3.0569500923156738,0.0000000000000000,0.0000000000000000,-0.0058593750000000,0.0000000000000000
18.2245979,0.0000000000000000,0.0000000000000000,3.0569500923156738,0.0000000000000000,0.0000000000000000,-0.0957031250000000,0.0000000000000000
18.2346344,0.0000000000000000,0.0000000000000000,3.0569500923156738,0.0000000000000000,0.0000000000000000,-0.1406250000000000,0.0000000000000000
18.2446327,0.0000000000000000,0.0000000000000000,3.0569500923156738,0.0000000000000000,0.0000000000000000,-0.1835937500000000,0.0000000000000000
18.2546978,0.0000000000000000,0.0000000000000000,3.0569500923156738,0.0000000000000000,0.0000000000000000,-0.1835937500000000,0.0000000000000000
18.2646351,0.0000000000000000,0.0000000000000000,3.0569500923156738,0.0000000000000000,0.0000000000000000,-0.2226562500000000,0.0000000000000000
18.2747231,0.0000000000000000,0.0000000000000000,3.0569500923156738,0.0000000000000000,0.0000000000000000,-0.1562500000000000,0.0000000000000000
18.2846489,0.0000000000000000,0.0000000000000000,3.0569500923156738,0.0000000000000000,0.0000000000000000,0.1621093750000000,0.0000000000000000
18.2946739,0.0000000000000000,0.0000000000000000,3.0569500923156738,0.0000000000000000,0.0000000000000000,0.6542968750000000,0.0000000000000000
18.3047028,0.0000000000000000,0.0000000000000000,3.0569500923156738,0.0000000000000000,0.0000000000000000,1.1503906250000000,0.0000000000000000
18.3146858,0.0000000000000000,0.0000000000000000,3.0569500923156738,0.0000000000000000,0.0000000000000000,1.4687500000000000,0.0000000000000000
18.3246765,0.0000000000000000,0.0000000000000000,3.0569500923156738,0.0000000000000000,0.0000000000000000,1.6152343750000000,0.0000000000000000
18.3352795,0.0000000000000000,0.0000000000000000,3.0569500923156738,0.0000000000000000,0.0000000000000000,1.7949218750000000,0.0000000000000000
18.3446407,0.0000000000000000,0.0000000000000000,3.0569500923156738,0.0000000000000000,0.0000000000000000,1.8964843750000000,0.0000000000000000
18.3547630,0.0000000000000000,0.0000000000000000,3.0569500923156738,0.0000000000000000,0.0000000000000000,2.0097656250000000,0.0000000000000000
18.3654404,0.0000000000000000,0.0000000000000000,3.1622316837310791,0.0000000000000000,0.0000000000000000,2.0097656250000000,0.0000000000000000
18.3751202,0.0000000000000000,0.0000000000000000,3.1622316837310791,0.0000000000000000,0.0000000000000000,2.4238281250000000,0.0000000000000000
18.3847027,0.0000000000000000,0.0000000000000000,3.1622316837310791,0.0000000000000000,0.0000000000000000,2.7187500000000000,0.0000000000000000
18.3947468,0.0000000000000000,0.0000000000000000,3.1622316837310791,0.0000000000000000,0.0000000000000000,2.9414062500000000,0.0000000000000000
18.4051208,0.0000000000000000,0.0000000000000000,3.1622316837310791,0.0000000000000000,0.0000000000000000,3.0585937500000000,0.0000000000000000
18.4150848,0.0000000000000000,0.0000000000000000,3.1622316837310791,0.0000000000000000,0.0000000000000000,3.0312500000000000,0.0000000000000000
18.4246883,0.0000000000000000,0.0000000000000000,3.1622316837310791,0.0000000000000000,0.0000000000000000,2.8085937500000000,0.0000000000000000
18.4353008,0.0000000000000000,0.0000000000000000,3.1622316837310791,0.0000000000000000,0.0000000000000000,2.3457031250000000,0.0000000000000000
18.4447784,0.0000000000000000,0.0000000000000000,3.1622316837310791,0.0000000000000000,0.0000000000000000,1.7050781250000000,0.0000000000000000
18.4551468,0.0000000000000000,0.0000000000000000,3.1622316837310791,0.0000000000000000,0.0000000000000000,1.0488281250000000,0.0000000000000000
18.4652348,0.0000000000000000,0.0000000000000000,3.1622316837310791,0.0000000000000000,0.0000000000000000,0.5078125000000000,0.0000000000000000
18.4751720,0.0000000000000000,0.0000000000000000,3.1622316837310791,0.0000000000000000,0.0000000000000000,0.3496093750000000,0.0000000000000000
18.4851151,0.0000000000000000,0.0000000000000000,3.1622316837310791,0.0000000000000000,0.0000000000000000,0.3457031250000000,0.0000000000000000
18.4950619,0.0000000000000000,0.0000000000000000,3.1622316837310791,0.0000000000000000,0.0000000000000000,0.1601562500000000,0.0000000000000000
18.5049515,0.0000000000000000,0.0000000000000000,3.1622316837310791,0.0000000000000000,0.0000000000000000,0.0175781250000000,0.0000000000000000
18.5149937,0.0000000000000000,0.0000000000000000,3.1622316837310791,0.0000000000000000,0.0000000000000000,-0.2519531250000000,0.0000000000000000
18.5250034,0.0000000000000000,0.0000000000000000,3.1622316837310791,0.0000000000000000,0.0000000000000000,-0.6582031250000000,0.0000000000000000
18.5345230,0.0000000000000000,0.0000000000000000,3.4012196063995361,0.0000000000000000,0.0000000000000000,-0.6582031250000000,0.0000000000000000
18.5447083,0.0000000000000000,0.0000000000000000,3.4012196063995361,0.0000000000000000,0.0000000000000000,-1.4882812500000000,0.0000000000000000
18.5549698,0.0000000000000000,0.0000000000000000,3.4012196063995361,0.0000000000000000,0.0000000000000000,-1.7890625000000000,0.0000000000000000
18.5649338,0.0000000000000000,0.0000000000000000,3.4012196063995361,0.0000000000000000,0.0000000000000000,-1.9414062500000000,0.0000000000000000
18.5745525,0.0000000000000000,0.0000000000000000,3.3317120075225830,0.0000000000000000,0.0000000000000000,-1.9414062500000000,0.0000000000000000
18.5846844,0.0000000000000000,0.0000000000000000,3.3317120075225830,0.0000000000000000,0.0000000000000000,-1.9121093750000000,0.0000000000000000
18.5952511,0.0000000000000000,0.0000000000000000,3.3317120075225830,0.0000000000000000,0.0000000000000000,-1.7832031250000000,0.0000000000000000
18.6047611,0.0000000000000000,0.0000000000000000,3.2674031257629395,0.0000000000000000,0.0000000000000000,-1.7832031250000000,0.0000000000000000
18.6144009,0.0000000000000000,0.0000000000000000,3.2522230148315430,0.0000000000000000,0.0000000000000000,-1.7832031250000000,0.0000000000000000
18.6247406,0.0000000000000000,0.0000000000000000,3.2439398765563965,0.0000000000000000,0.0000000000000000,-1.7832031250000000,0.0000000000000000
18.6350231,0.0000000000000000,0.0000000000000000,3.2306363582611084,0.0000000000000000,0.0000000000000000,-1.7832031250000000,0.0000000000000000
18.6447639,0.0000000000000000,0.0000000000000000,3.2133712768554688,0.0000000000000000,0.0000000000000000,-1.7832031250000000,0.0000000000000000
18.6547012,0.0000000000000000,0.0000000000000000,3.2017891407012939,0.0000000000000000,0.0000000000000000,-1.7832031250000000,0.0000000000000000
18.6647224,0.0000000000000000,0.0000000000000000,3.1842031478881836,0.0000000000000000,0.0000000000000000,-1.7832031250000000,0.0000000000000000
18.6747570,0.0000000000000000,0.0000000000000000,3.1629846096038818,0.0000000000000000,0.0000000000000000,-1.7832031250000000,0.0000000000000000
18.6847286,0.0000000000000000,0.0000000000000000,3.1356132030487061,0.0000000000000000,0.0000000000000000,-1.7832031250000000,0.0000000000000000
18.6947517,0.0000000000000000,0.0000000000000000,3.1086802482604980,0.0000000000000000,0.0000000000000000,-1.7832031250000000,0.0000000000000000
18.7047253,0.0000000000000000,0.0000000000000000,3.0805354118347168,0.0000000000000000,0.0000000000000000,-1.7832031250000000,0.0000000000000000
18.7147274,0.0000000000000000,0.0000000000000000,3.0549228191375732,0.0000000000000000,0.0000000000000000,-1.7832031250000000,0.0000000000000000
18.7247581,0.0000000000000000,0.0000000000000000,3.0300848484039307,0.0000000000000000,0.0000000000000000,-1.7832031250000000,0.0000000000000000
18.7347507,0.0000000000000000,0.0000000000000000,3.0079634189605713,0.0000000000000000,0.0000000000000000,-1.7832031250000000,0.0000000000000000
18.7452621,0.0000000000000000,0.0000000000000000,2.9879941940307617,0.0000000000000000,0.0000000000000000,-1.7832031250000000,0.0000000000000000
18.7548256,0.0000000000000000,0.0000000000000000,2.9740884304046631,0.0000000000000000,0.0000000000000000,-1.7832031250000000,0.0000000000000000
18.7647648,0.0000000000000000,0.0000000000000000,2.9655113220214844,0.0000000000000000,0.0000000000000000,-1.7832031250000000,0.0000000000000000
18.7754841,0.0000000000000000,0.0000000000000000,2.9646794795989990,0.0000000000000000,0.0000000000000000,-1.7832031250000000,0.0000000000000000
18.7854939,0.0000000000000000,0.0000000000000000,2.9709649085998535,0.0000000000000000,0.0000000000000000,-1.7832031250000000,0.0000000000000000
18.7951641,0.0000000000000000,0.0000000000000000,2.9809796810150146,0.0000000000000000,0.0000000000000000,-1.7832031250000000,0.0000000000000000
18.8053226,0.0000000000000000,0.0000000000000000,2.9929585456848145,0.0000000000000000,0.0000000000000000,-1.7832031250000000,0.0000000000000000
18.8151188,0.0000000000000000,0.0000000000000000,3.0048053264617920,0.0000000000000000,0.0000000000000000,-1.7832031250000000,0.0000000000000000
18.8252354,0.0000000000000000,0.0000000000000000,3.0154743194580078,0.0000000000000000,0.0000000000000000,-1.7832031250000000,0.0000000000000000
18.8348236,0.0000000000000000,0.0000000000000000,3.0246725082397461,0.0000000000000000,0.0000000000000000,-1.7832031250000000,0.0000000000000000
18.8451767,0.0000000000000000,0.0000000000000000,3.0328376293182373,0.0000000000000000,0.0000000000000000,-1.7832031250000000,0.0000000000000000
18.8552036,0.0000000000000000,0.0000000000000000,3.0394916534423828,0.0000000000000000,0.0000000000000000,-1.7832031250000000,0.0000000000000000
18.8648205,0.0000000000000000,0.0000000000000000,3.0452959537506104,0.0000000000000000,0.0000000000000000,-1.7832031250000000,0.0000000000000000
18.8750935,0.0000000000000000,0.0000000000000000,3.0511391162872314,0.0000000000000000,0.0000000000000000,-1.7832031250000000,0.0000000000000000
18.8848038,0.0000000000000000,0.0000000000000000,3.0584177970886230,0.0000000000000000,0.0000000000000000,-1.7832031250000000,0.0000000000000000
18.8949432,0.0000000000000000,0.0000000000000000,3.0688519477844238,0.0000000000000000,0.0000000000000000,-1.7832031250000000,0.0000000000000000
18.9052277,0.0000000000000000,0.0000000000000000,3.0839250087738037,0.0000000000000000,0.0000000000000000,-1.7832031250000000,0.0000000000000000
18.9151115,0.0000000000000000,0.0000000000000000,3.1044697761535645,0.0000000000000000,0.0000000000000000,-1.7832031250000000,0.0000000000000000
18.9267044,0.0000000000000000,0.0000000000000000,3.1651468276977539,0.0000000000000000,0.0000000000000000,-1.7832031250000000,0.0000000000000000
18.9344254,0.0000000000000000,0.0000000000000000,3.2036321163177490,0.0000000000000000,0.0000000000000000,-1.7832031250000000,0.0000000000000000
18.9446964,0.0000000000000000,0.0000000000000000,3.2036321163177490,0.0000000000000000,0.0000000000000000,3.8554687500000000,0.0000000000000000
18.9547386,0.0000000000000000,0.0000000000000000,3.2411019802093506,0.0000000000000000,0.0000000000000000,3.8554687500000000,0.0000000000000000
18.9651775,0.0000000000000000,0.0000000000000000,3.2813451290130615,0.0000000000000000,0.0000000000000000,3.8554687500000000,0.0000000000000000
18.9749317,0.0000000000000000,0.0000000000000000,3.3156094551086426,0.0000000000000000,0.0000000000000000,3.8554687500000000,0.0000000000000000
18.9851532,0.0000000000000000,0.0000000000000000,3.3469769954681396,0.0000000000000000,0.0000000000000000,3.8554687500000000,0.0000000000000000
18.9947643,0.0000000000000000,0.0000000000000000,3.3469769954681396,0.0000000000000000,0.0000000000000000,2.2382812500000000,0.0000000000000000
19.0048637,0.0000000000000000,0.0000000000000000,3.3979458808898926,0.0000000000000000,0.0000000000000000,2.2382812500000000,0.0000000000000000
19.0148087,0.0000000000000000,0.0000000000000000,3.4149732589721680,0.0000000000000000,0.0000000000000000,2.2382812500000000,0.0000000000000000
19.0247784,0.0000000000000000,0.0000000000000000,3.4265635013580322,0.0000000000000000,0.0000000000000000,2.2382812500000000,0.0000000000000000
19.0350914,0.0000000000000000,0.0000000000000000,3.4327688217163086,0.0000000000000000,0.0000000000000000,2.2382812500000000,0.0000000000000000
19.0448017,0.0000000000000000,0.0000000000000000,3.4327688217163086,0.0000000000000000,0.0000000000000000,0.2792968750000000,0.0000000000000000
19.0547791,0.0000000000000000,0.0000000000000000,3.4327688217163086,0.0000000000000000,0.0000000000000000,0.3925781250000000,0.0000000000000000
19.0647964,0.0000000000000000,0.0000000000000000,3.4327688217163086,0.0000000000000000,0.0000000000000000,0.4160156250000000,0.0000000000000000
19.0747414,0.0000000000000000,0.0000000000000000,3.4327688217163086,0.0000000000000000,0.0000000000000000,0.2695312500000000,0.0000000000000000
19.0847778,0.0000000000000000,0.0000000000000000,3.4327688217163086,0.0000000000000000,0.0000000000000000,0.0078125000000000,0.0000000000000000
19.0947704,0.0000000000000000,0.0000000000000000,3.4327688217163086,0.0000000000000000,0.0000000000000000,-0.2597656250000000,0.0000000000000000
19.1044922,0.0000000000000000,0.0000000000000000,3.4327688217163086,0.0000000000000000,0.0000000000000000,-0.4882812500000000,0.0000000000000000
19.1151333,0.0000000000000000,0.0000000000000000,3.4411356449127197,0.0000000000000000,0.0000000000000000,-0.4882812500000000,0.0000000000000000
19.1247940,0.0000000000000000,0.0000000000000000,3.4411356449127197,0.0000000000000000,0.0000000000000000,-0.7773437500000000,0.0000000000000000
19.1347675,0.0000000000000000,0.0000000000000000,3.4411356449127197,0.0000000000000000,0.0000000000000000,-0.8984375000000000,0.0000000000000000
19.1447906,0.0000000000000000,0.0000000000000000,3.4411356449127197,0.0000000000000000,0.0000000000000000,-1.0117187500000000,0.0000000000000000
19.1547699,0.0000000000000000,0.0000000000000000,3.4411356449127197,0.0000000000000000,0.0000000000000000,-1.4316406250000000,0.0000000000000000
19.1648312,0.0000000000000000,0.0000000000000000,3.4411356449127197,0.0000000000000000,0.0000000000000000,-2.7031250000000000,0.0000000000000000
19.1748161,0.0000000000000000,0.0000000000000000,3.4411356449127197,0.0000000000000000,0.0000000000000000,-3.5625000000000000,0.0000000000000000
19.1852303,0.0000000000000000,0.0000000000000000,3.4411356449127197,0.0000000000000000,0.0000000000000000,-4.2246093750000000,0.0000000000000000
19.1947823,0.0000000000000000,0.0000000000000000,3.4411356449127197,0.0000000000000000,0.0000000000000000,-4.5117187500000000,0.0000000000000000
19.2048035,0.0000000000000000,0.0000000000000000,3.4411356449127197,0.0000000000000000,0.0000000000000000,-4.4414062500000000,0.0000000000000000
19.2148495,0.0000000000000000,0.0000000000000000,3.4411356449127197,0.0000000000000000,0.0000000000000000,-4.0859375000000000,0.0000000000000000
19.2255192,0.0000000000000000,0.0000000000000000,3.4411356449127197,0.0000000000000000,0.0000000000000000,-3.6621093750000000,0.0000000000000000
19.2353745,0.0000000000000000,0.0000000000000000,3.4411356449127197,0.0000000000000000,0.0000000000000000,-3.2617187500000000,0.0000000000000000
19.2453194,0.0000000000000000,0.0000000000000000,3.4411356449127197,0.0000000000000000,0.0000000000000000,-2.8496093750000000,0.0000000000000000
19.2548237,0.0000000000000000,0.0000000000000000,3.4411356449127197,0.0000000000000000,0.0000000000000000,-2.3906250000000000,0.0000000000000000
19.2649403,0.0000000000000000,0.0000000000000000,3.4411356449127197,0.0000000000000000,0.0000000000000000,-1.8632812500000000,0.0000000000000000
19.2757187,0.0000000000000000,0.0000000000000000,3.0190370082855225,0.0000000000000000,0.0000000000000000,-1.8632812500000000,0.0000000000000000
19.2852764,0.0000000000000000,0.0000000000000000,3.0190370082855225,0.0000000000000000,0.0000000000000000,-0.8320312500000000,0.0000000000000000
19.2952461,0.0000000000000000,0.0000000000000000,3.0190370082855225,0.0000000000000000,0.0000000000000000,-0.2929687500000000,0.0000000000000000
19.3048744,0.0000000000000000,0.0000000000000000,3.0190370082855225,0.0000000000000000,0.0000000000000000,0.2070312500000000,0.0000000000000000
19.3152752,0.0000000000000000,0.0000000000000000,3.0190370082855225,0.0000000000000000,0.0000000000000000,0.5507812500000000,0.0000000000000000
19.3253479,0.0000000000000000,0.0000000000000000,3.0190370082855225,0.0000000000000000,0.0000000000000000,0.7617187500000000,0.0000000000000000
19.3353081,0.0000000000000000,0.0000000000000000,3.0190370082855225,0.0000000000000000,0.0000000000000000,0.9746093750000000,0.0000000000000000
19.3452682,0.0000000000000000,0.0000000000000000,3.0190370082855225,0.0000000000000000,0.0000000000000000,1.2128906250000000,0.0000000000000000
19.3551826,0.0000000000000000,0.0000000000000000,3.0190370082855225,0.0000000000000000,0.0000000000000000,1.4101562500000000,0.0000000000000000
19.3652840,0.0000000000000000,0.0000000000000000,3.0190370082855225,0.0000000000000000,0.0000000000000000,1.5878906250000000,0.0000000000000000
19.3755112,0.0000000000000000,0.0000000000000000,3.0190370082855225,0.0000000000000000,0.0000000000000000,1.7734375000000000,0.0000000000000000
19.3850765,0.0000000000000000,0.0000000000000000,3.0190370082855225,0.0000000000000000,0.0000000000000000,1.9941406250000000,0.0000000000000000
19.3949699,0.0000000000000000,0.0000000000000000,3.0190370082855225,0.0000000000000000,0.0000000000000000,2.2421875000000000,0.0000000000000000
19.4050083,0.0000000000000000,0.0000000000000000,3.0190370082855225,0.0000000000000000,0.0000000000000000,2.4472656250000000,0.0000000000000000
19.4149036,0.0000000000000000,0.0000000000000000,3.0190370082855225,0.0000000000000000,0.0000000000000000,2.5234375000000000,0.0000000000000000
19.4251595,0.0000000000000000,0.0000000000000000,3.0190370082855225,0.0000000000000000,0.0000000000000000,2.4511718750000000,0.0000000000000000
19.4354248,0.0000000000000000,0.0000000000000000,3.0190370082855225,0.0000000000000000,0.0000000000000000,2.2695312500000000,0.0000000000000000
19.4448605,0.0000000000000000,0.0000000000000000,3.2206566333770752,0.0000000000000000,0.0000000000000000,2.2695312500000000,0.0000000000000000
19.4553185,0.0000000000000000,0.0000000000000000,3.2394676208496094,0.0000000000000000,0.0000000000000000,2.2695312500000000,0.0000000000000000
19.4648762,0.0000000000000000,0.0000000000000000,3.2629587650299072,0.0000000000000000,0.0000000000000000,2.2695312500000000,0.0000000000000000
19.4745483,0.0000000000000000,0.0000000000000000,3.2764291763305664,0.0000000000000000,0.0000000000000000,2.2695312500000000,0.0000000000000000
19.4846420,0.0000000000000000,0.0000000000000000,3.2821989059448242,0.0000000000000000,0.0000000000000000,2.2695312500000000,0.0000000000000000
19.4954128,0.0000000000000000,0.0000000000000000,3.2821989059448242,0.0000000000000000,0.0000000000000000,0.7636718750000000,0.0000000000000000
19.5048828,0.0000000000000000,0.0000000000000000,3.2999057769775391,0.0000000000000000,0.0000000000000000,0.7636718750000000,0.0000000000000000
19.5148697,0.0000000000000000,0.0000000000000000,3.3042938709259033,0.0000000000000000,0.0000000000000000,0.7636718750000000,0.0000000000000000
19.5248737,0.0000000000000000,0.0000000000000000,3.3073503971099854,0.0000000000000000,0.0000000000000000,0.7636718750000000,0.0000000000000000
19.5349045,0.0000000000000000,0.0000000000000000,3.3095703125000000,0.0000000000000000,0.0000000000000000,0.7636718750000000,0.0000000000000000
19.5448513,0.0000000000000000,0.0000000000000000,3.3105366230010986,0.0000000000000000,0.0000000000000000,0.7636718750000000,0.0000000000000000
19.5548992,0.0000000000000000,0.0000000000000000,3.3110260963439941,0.0000000000000000,0.0000000000000000,0.7636718750000000,0.0000000000000000
19.5648823,0.0000000000000000,0.0000000000000000,3.3098549842834473,0.0000000000000000,0.0000000000000000,0.7636718750000000,0.0000000000000000
19.5748577,0.0000000000000000,0.0000000000000000,3.3064961433410645,0.0000000000000000,0.0000000000000000,0.7636718750000000,0.0000000000000000
19.5849018,0.0000000000000000,0.0000000000000000,3.3002030849456787,0.0000000000000000,0.0000000000000000,0.7636718750000000,0.0000000000000000
19.5948925,0.0000000000000000,0.0000000000000000,3.2893900871276855,0.0000000000000000,0.0000000000000000,0.7636718750000000,0.0000000000000000
19.6054916,0.0000000000000000,0.0000000000000000,3.2755782604217529,0.0000000000000000,0.0000000000000000,0.7636718750000000,0.0000000000000000
19.6149044,0.0000000000000000,0.0000000000000000,3.2585544586181641,0.0000000000000000,0.0000000000000000,0.7636718750000000,0.0000000000000000
19.6249161,0.0000000000000000,0.0000000000000000,3.2414207458496094,0.0000000000000000,0.0000000000000000,0.7636718750000000,0.0000000000000000
19.6349373,0.0000000000000000,0.0000000000000000,3.2230608463287354,0.0000000000000000,0.0000000000000000,0.7636718750000000,0.0000000000000000
19.6449375,0.0000000000000000,0.0000000000000000,3.2059137821197510,0.0000000000000000,0.0000000000000000,0.7636718750000000,0.0000000000000000
19.6554317,0.0000000000000000,0.0000000000000000,3.1888554096221924,0.0000000000000000,0.0000000000000000,0.7636718750000000,0.0000000000000000
19.6649475,0.0000000000000000,0.0000000000000000,3.1715264320373535,0.0000000000000000,0.0000000000000000,0.7636718750000000,0.0000000000000000
19.6751366,0.0000000000000000,0.0000000000000000,3.1515903472900391,0.0000000000000000,0.0000000000000000,0.7636718750000000,0.0000000000000000
19.6853790,0.0000000000000000,0.0000000000000000,3.1262562274932861,0.0000000000000000,0.0000000000000000,0.7636718750000000,0.0000000000000000
19.6948757,0.0000000000000000,0.0000000000000000,3.0977888107299805,0.0000000000000000,0.0000000000000000,0.7636718750000000,0.0000000000000000
19.7053623,0.0000000000000000,0.0000000000000000,3.0669624805450439,0.0000000000000000,0.0000000000000000,0.7636718750000000,0.0000000000000000
19.7153378,0.0000000000000000,0.0000000000000000,3.0361461639404297,0.0000000000000000,0.0000000000000000,0.7636718750000000,0.0000000000000000
19.7254658,0.0000000000000000,0.0000000000000000,3.0068600177764893,0.0000000000000000,0.0000000000000000,0.7636718750000000,0.0000000000000000
19.7353344,0.0000000000000000,0.0000000000000000,2.9804022312164307,0.0000000000000000,0.0000000000000000,0.7636718750000000,0.0000000000000000
19.7449474,0.0000000000000000,0.0000000000000000,2.9586029052734375,0.0000000000000000,0.0000000000000000,0.7636718750000000,0.0000000000000000
19.7553616,0.0000000000000000,0.0000000000000000,2.9424207210540771,0.0000000000000000,0.0000000000000000,0.7636718750000000,0.0000000000000000
19.7652473,0.0000000000000000,0.0000000000000000,2.9327998161315918,0.0000000000000000,0.0000000000000000,0.7636718750000000,0.0000000000000000
19.7755184,0.0000000000000000,0.0000000000000000,2.9299547672271729,0.0000000000000000,0.0000000000000000,0.7636718750000000,0.0000000000000000
19.7853165,0.0000000000000000,0.0000000000000000,2.9329473972320557,0.0000000000000000,0.0000000000000000,0.7636718750000000,0.0000000000000000
19.7949867,0.0000000000000000,0.0000000000000000,2.9399507045745850,0.0000000000000000,0.0000000000000000,0.7636718750000000,0.0000000000000000
19.8050079,0.0000000000000000,0.0000000000000000,2.9490728378295898,0.0000000000000000,0.0000000000000000,0.7636718750000000,0.0000000000000000
19.8152885,0.0000000000000000,0.0000000000000000,2.9600253105163574,0.0000000000000000,0.0000000000000000,0.7636718750000000,0.0000000000000000
19.8250351,0.0000000000000000,0.0000000000000000,2.9722433090209961,0.0000000000000000,0.0000000000000000,0.7636718750000000,0.0000000000000000
19.8350983,0.0000000000000000,0.0000000000000000,2.9870631694793701,0.0000000000000000,0.0000000000000000,0.7636718750000000,0.0000000000000000
19.8449898,0.0000000000000000,0.0000000000000000,3.0031745433807373,0.0000000000000000,0.0000000000000000,0.7636718750000000,0.0000000000000000
19.8551083,0.0000000000000000,0.0000000000000000,3.0233275890350342,0.0000000000000000,0.0000000000000000,0.7636718750000000,0.0000000000000000
19.8646278,0.0000000000000000,0.0000000000000000,3.0451710224151611,0.0000000000000000,0.0000000000000000,0.7636718750000000,0.0000000000000000
19.8757668,0.0000000000000000,0.0000000000000000,3.0567576885223389,0.0000000000000000,0.0000000000000000,0.7636718750000000,0.0000000000000000
19.8852386,0.0000000000000000,0.0000000000000000,3.0990879535675049,0.0000000000000000,0.0000000000000000,0.7636718750000000,0.0000000000000000
19.8948994,0.0000000000000000,0.0000000000000000,3.0990879535675049,0.0000000000000000,0.0000000000000000,3.3164062500000000,0.0000000000000000
19.9049530,0.0000000000000000,0.0000000000000000,3.1634378433227539,0.0000000000000000,0.0000000000000000,3.3164062500000000,0.0000000000000000
19.9153099,0.0000000000000000,0.0000000000000000,3.1976692676544189,0.0000000000000000,0.0000000000000000,3.3164062500000000,0.0000000000000000
19.9249630,0.0000000000000000,0.0000000000000000,3.1976692676544189,0.0000000000000000,0.0000000000000000,2.6875000000000000,0.0000000000000000
19.9349251,0.0000000000000000,0.0000000000000000,3.1976692676544189,0.0000000000000000,0.0000000000000000,2.2207031250000000,0.0000000000000000
19.9446239,0.0000000000000000,0.0000000000000000,3.1976692676544189,0.0000000000000000,0.0000000000000000,1.8007812500000000,0.0000000000000000
19.9553070,0.0000000000000000,0.0000000000000000,3.2952656745910645,0.0000000000000000,0.0000000000000000,1.8007812500000000,0.0000000000000000
19.9649315,0.0000000000000000,0.0000000000000000,3.2952656745910645,0.0000000000000000,0.0000000000000000,1.4667968750000000,0.0000000000000000
19.9750004,0.0000000000000000,0.0000000000000000,3.2952656745910645,0.0000000000000000,0.0000000000000000,1.4882812500000000,0.0000000000000000
19.9849472,0.0000000000000000,0.0000000000000000,3.2952656745910645,0.0000000000000000,0.0000000000000000,1.6875000000000000,0.0000000000000000
19.9949303,0.0000000000000000,0.0000000000000000,3.2952656745910645,0.0000000000000000,0.0000000000000000,1.9355468750000000,0.0000000000000000
20.0049324,0.0000000000000000,0.0000000000000000,3.2952656745910645,0.0000000000000000,0.0000000000000000,2.0625000000000000,0.0000000000000000
20.0149326,0.0000000000000000,0.0000000000000000,3.2952656745910645,0.0000000000000000,0.0000000000000000,1.9902343750000000,0.0000000000000000
20.0249500,0.0000000000000000,0.0000000000000000,3.2952656745910645,0.0000000000000000,0.0000000000000000,1.7343750000000000,0.0000000000000000
20.0349503,0.0000000000000000,0.0000000000000000,3.2952656745910645,0.0000000000000000,0.0000000000000000,1.3242187500000000,0.0000000000000000
20.0449390,0.0000000000000000,0.0000000000000000,3.2952656745910645,0.0000000000000000,0.0000000000000000,0.9394531250000000,0.0000000000000000
20.0546436,0.0000000000000000,0.0000000000000000,3.2952656745910645,0.0000000000000000,0.0000000000000000,0.6035156250000000,0.0000000000000000
20.0653133,0.0000000000000000,0.0000000000000000,3.4685196876525879,0.0000000000000000,0.0000000000000000,0.6035156250000000,0.0000000000000000
20.0749874,0.0000000000000000,0.0000000000000000,3.4685196876525879,0.0000000000000000,0.0000000000000000,0.0585937500000000,0.0000000000000000
20.0849552,0.0000000000000000,0.0000000000000000,3.4685196876525879,0.0000000000000000,0.0000000000000000,-0.1230468750000000,0.0000000000000000
20.0954132,0.0000000000000000,0.0000000000000000,3.4685196876525879,0.0000000000000000,0.0000000000000000,-0.3144531250000000,0.0000000000000000
20.1056747,0.0000000000000000,0.0000000000000000,3.4685196876525879,0.0000000000000000,0.0000000000000000,-0.5078125000000000,0.0000000000000000
20.1150227,0.0000000000000000,0.0000000000000000,3.4685196876525879,0.0000000000000000,0.0000000000000000,-0.5527343750000000,0.0000000000000000
20.1249962,0.0000000000000000,0.0000000000000000,3.4685196876525879,0.0000000000000000,0.0000000000000000,-0.4941406250000000,0.0000000000000000
20.1354103,0.0000000000000000,0.0000000000000000,3.4685196876525879,0.0000000000000000,0.0000000000000000,-0.4257812500000000,0.0000000000000000
20.1455002,0.0000000000000000,0.0000000000000000,3.4685196876525879,0.0000000000000000,0.0000000000000000,-0.4335937500000000,0.0000000000000000
20.1554050,0.0000000000000000,0.0000000000000000,3.4685196876525879,0.0000000000000000,0.0000000000000000,-0.5332031250000000,0.0000000000000000
20.1650543,0.0000000000000000,0.0000000000000000,3.4685196876525879,0.0000000000000000,0.0000000000000000,-0.7011718750000000,0.0000000000000000
20.1753960,0.0000000000000000,0.0000000000000000,3.4685196876525879,0.0000000000000000,0.0000000000000000,-0.8789062500000000,0.0000000000000000
20.1857433,0.0000000000000000,0.0000000000000000,3.4685196876525879,0.0000000000000000,0.0000000000000000,-1.0917968750000000,0.0000000000000000
20.1954117,0.0000000000000000,0.0000000000000000,3.4685196876525879,0.0000000000000000,0.0000000000000000,-1.3359375000000000,0.0000000000000000
20.2053623,0.0000000000000000,0.0000000000000000,3.4685196876525879,0.0000000000000000,0.0000000000000000,-1.6406250000000000,0.0000000000000000
20.2150593,0.0000000000000000,0.0000000000000000,3.4685196876525879,0.0000000000000000,0.0000000000000000,-2.0039062500000000,0.0000000000000000
20.2254581,0.0000000000000000,0.0000000000000000,3.4685196876525879,0.0000000000000000,0.0000000000000000,-2.3593750000000000,0.0000000000000000
20.2355232,0.0000000000000000,0.0000000000000000,3.4685196876525879,0.0000000000000000,0.0000000000000000,-2.5664062500000000,0.0000000000000000
20.2454472,0.0000000000000000,0.0000000000000000,3.4685196876525879,0.0000000000000000,0.0000000000000000,-2.6621093750000000,0.0000000000000000
20.2553711,0.0000000000000000,0.0000000000000000,3.4685196876525879,0.0000000000000000,0.0000000000000000,-2.5976562500000000,0.0000000000000000
20.2653637,0.0000000000000000,0.0000000000000000,3.4685196876525879,0.0000000000000000,0.0000000000000000,-2.4531250000000000,0.0000000000000000
20.2751541,0.0000000000000000,0.0000000000000000,3.4685196876525879,0.0000000000000000,0.0000000000000000,-2.2246093750000000,0.0000000000000000
20.2851906,0.0000000000000000,0.0000000000000000,3.4685196876525879,0.0000000000000000,0.0000000000000000,-1.9355468750000000,0.0000000000000000
20.2950764,0.0000000000000000,0.0000000000000000,3.4685196876525879,0.0000000000000000,0.0000000000000000,-1.6250000000000000,0.0000000000000000
20.3050594,0.0000000000000000,0.0000000000000000,3.4685196876525879,0.0000000000000000,0.0000000000000000,-1.4003906250000000,0.0000000000000000
20.3154087,0.0000000000000000,0.0000000000000000,3.4685196876525879,0.0000000000000000,0.0000000000000000,-1.3300781250000000,0.0000000000000000
20.3254757,0.0000000000000000,0.0000000000000000,3.4685196876525879,0.0000000000000000,0.0000000000000000,-1.4003906250000000,0.0000000000000000
20.3352165,0.0000000000000000,0.0000000000000000,3.1251821517944336,0.0000000000000000,0.0000000000000000,-1.4003906250000000,0.0000000000000000
20.3450184,0.0000000000000000,0.0000000000000000,3.1081166267395020,0.0000000000000000,0.0000000000000000,-1.4003906250000000,0.0000000000000000
20.3563995,0.0000000000000000,0.0000000000000000,3.0878708362579346,0.0000000000000000,0.0000000000000000,-2.2656250000000000,0.0000000000000000
20.3644676,0.0000000000000000,0.0000000000000000,3.0434207916259766,0.0000000000000000,0.0000000000000000,-2.2656250000000000,0.0000000000000000
20.3744431,0.0000000000000000,0.0000000000000000,3.0315556526184082,0.0000000000000000,0.0000000000000000,-2.2656250000000000,0.0000000000000000
20.3850002,0.0000000000000000,0.0000000000000000,3.0315556526184082,0.0000000000000000,0.0000000000000000,-2.3281250000000000,0.0000000000000000
20.3952675,0.0000000000000000,0.0000000000000000,3.0315556526184082,0.0000000000000000,0.0000000000000000,-2.1406250000000000,0.0000000000000000
20.4053288,0.0000000000000000,0.0000000000000000,2.9776716232299805,0.0000000000000000,0.0000000000000000,-2.1406250000000000,0.0000000000000000
20.4150448,0.0000000000000000,0.0000000000000000,2.9561946392059326,0.0000000000000000,0.0000000000000000,-2.1406250000000000,0.0000000000000000
20.4250278,0.0000000000000000,0.0000000000000000,2.9484107494354248,0.0000000000000000,0.0000000000000000,-2.1406250000000000,0.0000000000000000
20.4350224,0.0000000000000000,0.0000000000000000,2.9446969032287598,0.0000000000000000,0.0000000000000000,-2.1406250000000000,0.0000000000000000
20.4450722,0.0000000000000000,0.0000000000000000,2.9428181648254395,0.0000000000000000,0.0000000000000000,-2.1406250000000000,0.0000000000000000
20.4550323,0.0000000000000000,0.0000000000000000,2.9398467540740967,0.0000000000000000,0.0000000000000000,-2.1406250000000000,0.0000000000000000
20.4650459,0.0000000000000000,0.0000000000000000,2.9335801601409912,0.0000000000000000,0.0000000000000000,-2.1406250000000000,0.0000000000000000
20.4750481,0.0000000000000000,0.0000000000000000,2.9254920482635498,0.0000000000000000,0.0000000000000000,-2.1406250000000000,0.0000000000000000
20.4850502,0.0000000000000000,0.0000000000000000,2.9157464504241943,0.0000000000000000,0.0000000000000000,-2.1406250000000000,0.0000000000000000
20.4950790,0.0000000000000000,0.0000000000000000,2.9077193737030029,0.0000000000000000,0.0000000000000000,-2.1406250000000000,0.0000000000000000
20.5050640,0.0000000000000000,0.0000000000000000,2.9011600017547607,0.0000000000000000,0.0000000000000000,-2.1406250000000000,0.0000000000000000
20.5154915,0.0000000000000000,0.0000000000000000,2.8973531723022461,0.0000000000000000,0.0000000000000000,-2.1406250000000000,0.0000000000000000
20.5250988,0.0000000000000000,0.0000000000000000,2.8953361511230469,0.0000000000000000,0.0000000000000000,-2.1406250000000000,0.0000000000000000
20.5350761,0.0000000000000000,0.0000000000000000,2.8946912288665771,0.0000000000000000,0.0000000000000000,-2.1406250000000000,0.0000000000000000
20.5456486,0.0000000000000000,0.0000000000000000,2.8953104019165039,0.0000000000000000,0.0000000000000000,-2.1406250000000000,0.0000000000000000
20.5556622,0.0000000000000000,0.0000000000000000,2.8982763290405273,0.0000000000000000,0.0000000000000000,-2.1406250000000000,0.0000000000000000
20.5655022,0.0000000000000000,0.0000000000000000,2.9054684638977051,0.0000000000000000,0.0000000000000000,-2.1406250000000000,0.0000000000000000
20.5755081,0.0000000000000000,0.0000000000000000,2.9190576076507568,0.0000000000000000,0.0000000000000000,-2.1406250000000000,0.0000000000000000
20.5852928,0.0000000000000000,0.0000000000000000,2.9395947456359863,0.0000000000000000,0.0000000000000000,-2.1406250000000000,0.0000000000000000
20.5955334,0.0000000000000000,0.0000000000000000,2.9681310653686523,0.0000000000000000,0.0000000000000000,-2.1406250000000000,0.0000000000000000
20.6050758,0.0000000000000000,0.0000000000000000,3.0023915767669678,0.0000000000000000,0.0000000000000000,-2.1406250000000000,0.0000000000000000
20.6155453,0.0000000000000000,0.0000000000000000,3.0404901504516602,0.0000000000000000,0.0000000000000000,-2.1406250000000000,0.0000000000000000
20.6255322,0.0000000000000000,0.0000000000000000,3.0814976692199707,0.0000000000000000,0.0000000000000000,-2.1406250000000000,0.0000000000000000
20.6357040,0.0000000000000000,0.0000000000000000,3.1232988834381104,0.0000000000000000,0.0000000000000000,-2.1406250000000000,0.0000000000000000
20.6455822,0.0000000000000000,0.0000000000000000,3.1650452613830566,0.0000000000000000,0.0000000000000000,-2.1406250000000000,0.0000000000000000
20.6551056,0.0000000000000000,0.0000000000000000,3.2053370475769043,0.0000000000000000,0.0000000000000000,-2.1406250000000000,0.0000000000000000
20.6655807,0.0000000000000000,0.0000000000000000,3.2424478530883789,0.0000000000000000,0.0000000000000000,-2.1406250000000000,0.0000000000000000
20.6753273,0.0000000000000000,0.0000000000000000,3.2749507427215576,0.0000000000000000,0.0000000000000000,-2.1406250000000000,0.0000000000000000
20.6851292,0.0000000000000000,0.0000000000000000,3.3048737049102783,0.0000000000000000,0.0000000000000000,-2.1406250000000000,0.0000000000000000
20.6951237,0.0000000000000000,0.0000000000000000,3.3292591571807861,0.0000000000000000,0.0000000000000000,-2.1406250000000000,0.0000000000000000
20.7051392,0.0000000000000000,0.0000000000000000,3.3493816852569580,0.0000000000000000,0.0000000000000000,-2.1406250000000000,0.0000000000000000
20.7154522,0.0000000000000000,0.0000000000000000,3.3641388416290283,0.0000000000000000,0.0000000000000000,-2.1406250000000000,0.0000000000000000
20.7253170,0.0000000000000000,0.0000000000000000,3.3752486705780029,0.0000000000000000,0.0000000000000000,-2.1406250000000000,0.0000000000000000
20.7351742,0.0000000000000000,0.0000000000000000,3.3832941055297852,0.0000000000000000,0.0000000000000000,-2.1406250000000000,0.0000000000000000
20.7450962,0.0000000000000000,0.0000000000000000,3.3885190486907959,0.0000000000000000,0.0000000000000000,-2.1406250000000000,0.0000000000000000
20.7553692,0.0000000000000000,0.0000000000000000,3.3908753395080566,0.0000000000000000,0.0000000000000000,-2.1406250000000000,0.0000000000000000
20.7653236,0.0000000000000000,0.0000000000000000,3.3909997940063477,0.0000000000000000,0.0000000000000000,-2.1406250000000000,0.0000000000000000
20.7750988,0.0000000000000000,0.0000000000000000,3.3886587619781494,0.0000000000000000,0.0000000000000000,-2.1406250000000000,0.0000000000000000
20.7851162,0.0000000000000000,0.0000000000000000,3.3829874992370605,0.0000000000000000,0.0000000000000000,-2.1406250000000000,0.0000000000000000
20.7950954,0.0000000000000000,0.0000000000000000,3.3741722106933594,0.0000000000000000,0.0000000000000000,-2.1406250000000000,0.0000000000000000
20.8051071,0.0000000000000000,0.0000000000000000,3.3605589866638184,0.0000000000000000,0.0000000000000000,-2.1406250000000000,0.0000000000000000
20.8154335,0.0000000000000000,0.0000000000000000,3.3434696197509766,0.0000000000000000,0.0000000000000000,-2.1406250000000000,0.0000000000000000
20.8250866,0.0000000000000000,0.0000000000000000,3.3434696197509766,0.0000000000000000,0.0000000000000000,-2.3906250000000000,0.0000000000000000
20.8351097,0.0000000000000000,0.0000000000000000,3.3434696197509766,0.0000000000000000,0.0000000000000000,-2.5273437500000000,0.0000000000000000
20.8450966,0.0000000000000000,0.0000000000000000,3.3434696197509766,0.0000000000000000,0.0000000000000000,-2.6816406250000000,0.0000000000000000
20.8550987,0.0000000000000000,0.0000000000000000,3.3434696197509766,0.0000000000000000,0.0000000000000000,-2.8066406250000000,0.0000000000000000
20.8651352,0.0000000000000000,0.0000000000000000,3.3434696197509766,0.0000000000000000,0.0000000000000000,-2.9003906250000000,0.0000000000000000
20.8750954,0.0000000000000000,0.0000000000000000,3.3434696197509766,0.0000000000000000,0.0000000000000000,-2.8535156250000000,0.0000000000000000
20.8851128,0.0000000000000000,0.0000000000000000,3.3434696197509766,0.0000000000000000,0.0000000000000000,-2.7519531250000000,0.0000000000000000
20.8950920,0.0000000000000000,0.0000000000000000,3.3434696197509766,0.0000000000000000,0.0000000000000000,-2.7167968750000000,0.0000000000000000
20.9051132,0.0000000000000000,0.0000000000000000,3.3434696197509766,0.0000000000000000,0.0000000000000000,-2.7460937500000000,0.0000000000000000
20.9151440,0.0000000000000000,0.0000000000000000,3.3434696197509766,0.0000000000000000,0.0000000000000000,-2.8125000000000000,0.0000000000000000
20.9251175,0.0000000000000000,0.0000000000000000,3.3434696197509766,0.0000000000000000,0.0000000000000000,-2.8281250000000000,0.0000000000000000
20.9351292,0.0000000000000000,0.0000000000000000,3.3434696197509766,0.0000000000000000,0.0000000000000000,-2.6914062500000000,0.0000000000000000
20.9451408,0.0000000000000000,0.0000000000000000,3.3434696197509766,0.0000000000000000,0.0000000000000000,-2.3964843750000000,0.0000000000000000
20.9557686,0.0000000000000000,0.0000000000000000,3.3434696197509766,0.0000000000000000,0.0000000000000000,-1.9335937500000000,0.0000000000000000
20.9655018,0.0000000000000000,0.0000000000000000,3.3434696197509766,0.0000000000000000,0.0000000000000000,-1.3652343750000000,0.0000000000000000
20.9751987,0.0000000000000000,0.0000000000000000,3.3434696197509766,0.0000000000000000,0.0000000000000000,-0.7714843750000000,0.0000000000000000
20.9856300,0.0000000000000000,0.0000000000000000,3.3434696197509766,0.0000000000000000,0.0000000000000000,-0.2421875000000000,0.0000000000000000
20.9956741,0.0000000000000000,0.0000000000000000,3.3434696197509766,0.0000000000000000,0.0000000000000000,0.1250000000000000,0.0000000000000000
21.0055790,0.0000000000000000,0.0000000000000000,3.3434696197509766,0.0000000000000000,0.0000000000000000,0.3457031250000000,0.0000000000000000
21.0156689,0.0000000000000000,0.0000000000000000,3.3434696197509766,0.0000000000000000,0.0000000000000000,0.5019531250000000,0.0000000000000000
21.0251827,0.0000000000000000,0.0000000000000000,3.3434696197509766,0.0000000000000000,0.0000000000000000,0.6289062500000000,0.0000000000000000
21.0355892,0.0000000000000000,0.0000000000000000,3.3434696197509766,0.0000000000000000,0.0000000000000000,0.9453125000000000,0.0000000000000000
21.0455818,0.0000000000000000,0.0000000000000000,3.3434696197509766,0.0000000000000000,0.0000000000000000,1.4941406250000000,0.0000000000000000
21.0555859,0.0000000000000000,0.0000000000000000,3.3434696197509766,0.0000000000000000,0.0000000000000000,2.2285156250000000,0.0000000000000000
21.0655727,0.0000000000000000,0.0000000000000000,3.3434696197509766,0.0000000000000000,0.0000000000000000,3.0156250000000000,0.0000000000000000
21.0751648,0.0000000000000000,0.0000000000000000,3.3434696197509766,0.0000000000000000,0.0000000000000000,3.6367187500000000,0.0000000000000000
21.0856514,0.0000000000000000,0.0000000000000000,3.3434696197509766,0.0000000000000000,0.0000000000000000,3.9179687500000000,0.0000000000000000
21.0956154,0.0000000000000000,0.0000000000000000,3.3434696197509766,0.0000000000000000,0.0000000000000000,3.8925781250000000,0.0000000000000000
21.1057549,0.0000000000000000,0.0000000000000000,3.3434696197509766,0.0000000000000000,0.0000000000000000,3.5917968750000000,0.0000000000000000
21.1156216,0.0000000000000000,0.0000000000000000,3.3434696197509766,0.0000000000000000,0.0000000000000000,3.1582031250000000,0.0000000000000000
21.1253529,0.0000000000000000,0.0000000000000000,3.3434696197509766,0.0000000000000000,0.0000000000000000,2.6660156250000000,0.0000000000000000
21.1354332,0.0000000000000000,0.0000000000000000,3.3434696197509766,0.0000000000000000,0.0000000000000000,2.2031250000000000,0.0000000000000000
21.1452942,0.0000000000000000,0.0000000000000000,3.3434696197509766,0.0000000000000000,0.0000000000000000,1.8300781250000000,0.0000000000000000
21.1553993,0.0000000000000000,0.0000000000000000,3.3434696197509766,0.0000000000000000,0.0000000000000000,1.6093750000000000,0.0000000000000000
21.1653614,0.0000000000000000,0.0000000000000000,3.3434696197509766,0.0000000000000000,0.0000000000000000,1.4628906250000000,0.0000000000000000
21.1752186,0.0000000000000000,0.0000000000000000,3.3434696197509766,0.0000000000000000,0.0000000000000000,1.2324218750000000,0.0000000000000000
21.1855278,0.0000000000000000,0.0000000000000000,3.3434696197509766,0.0000000000000000,0.0000000000000000,0.8730468750000000,0.0000000000000000
21.1953239,0.0000000000000000,0.0000000000000000,3.3434696197509766,0.0000000000000000,0.0000000000000000,0.5019531250000000,0.0000000000000000
21.2055473,0.0000000000000000,0.0000000000000000,3.3434696197509766,0.0000000000000000,0.0000000000000000,0.2226562500000000,0.0000000000000000
21.2151947,0.0000000000000000,0.0000000000000000,3.3333244323730469,0.0000000000000000,0.0000000000000000,0.2226562500000000,0.0000000000000000
21.2255020,0.0000000000000000,0.0000000000000000,3.3330521583557129,0.0000000000000000,0.0000000000000000,0.2226562500000000,0.0000000000000000
21.2352009,0.0000000000000000,0.0000000000000000,3.3287506103515625,0.0000000000000000,0.0000000000000000,0.2226562500000000,0.0000000000000000
21.2451935,0.0000000000000000,0.0000000000000000,3.3207578659057617,0.0000000000000000,0.0000000000000000,0.2226562500000000,0.0000000000000000
21.2552109,0.0000000000000000,0.0000000000000000,3.3054282665252686,0.0000000000000000,0.0000000000000000,0.2226562500000000,0.0000000000000000
21.2651997,0.0000000000000000,0.0000000000000000,3.2849762439727783,0.0000000000000000,0.0000000000000000,0.2226562500000000,0.0000000000000000
21.2752571,0.0000000000000000,0.0000000000000000,3.2566616535186768,0.0000000000000000,0.0000000000000000,0.2226562500000000,0.0000000000000000
21.2852020,0.0000000000000000,0.0000000000000000,3.2253503799438477,0.0000000000000000,0.0000000000000000,0.2226562500000000,0.0000000000000000
21.2952118,0.0000000000000000,0.0000000000000000,3.1868927478790283,0.0000000000000000,0.0000000000000000,0.2226562500000000,0.0000000000000000
21.3052483,0.0000000000000000,0.0000000000000000,3.1498277187347412,0.0000000000000000,0.0000000000000000,0.2226562500000000,0.0000000000000000
21.3152122,0.0000000000000000,0.0000000000000000,3.1121518611907959,0.0000000000000000,0.0000000000000000,0.2226562500000000,0.0000000000000000
21.3251934,0.0000000000000000,0.0000000000000000,3.0784502029418945,0.0000000000000000,0.0000000000000000,0.2226562500000000,0.0000000000000000
21.3352108,0.0000000000000000,0.0000000000000000,3.0477919578552246,0.0000000000000000,0.0000000000000000,0.2226562500000000,0.0000000000000000
21.3452168,0.0000000000000000,0.0000000000000000,3.0206074714660645,0.0000000000000000,0.0000000000000000,0.2226562500000000,0.0000000000000000
21.3552341,0.0000000000000000,0.0000000000000000,2.9973974227905273,0.0000000000000000,0.0000000000000000,0.2226562500000000,0.0000000000000000
21.3646450,0.0000000000000000,0.0000000000000000,2.9781031608581543,0.0000000000000000,0.0000000000000000,0.2226562500000000,0.0000000000000000
21.3762531,0.0000000000000000,0.0000000000000000,2.9781031608581543,0.0000000000000000,0.0000000000000000,-1.4453125000000000,0.0000000000000000
21.3852520,0.0000000000000000,0.0000000000000000,2.9527270793914795,0.0000000000000000,0.0000000000000000,-1.4453125000000000,0.0000000000000000
21.3952637,0.0000000000000000,0.0000000000000000,2.9450774192810059,0.0000000000000000,0.0000000000000000,-1.4453125000000000,0.0000000000000000
21.4059315,0.0000000000000000,0.0000000000000000,2.9404926300048828,0.0000000000000000,0.0000000000000000,-1.4453125000000000,0.0000000000000000
21.4158363,0.0000000000000000,0.0000000000000000,2.9388990402221680,0.0000000000000000,0.0000000000000000,-1.4453125000000000,0.0000000000000000
21.4256973,0.0000000000000000,0.0000000000000000,2.9422566890716553,0.0000000000000000,0.0000000000000000,-1.4453125000000000,0.0000000000000000
21.4357872,0.0000000000000000,0.0000000000000000,2.9541671276092529,0.0000000000000000,0.0000000000000000,-1.4453125000000000,0.0000000000000000
21.4453125,0.0000000000000000,0.0000000000000000,2.9766464233398438,0.0000000000000000,0.0000000000000000,-1.4453125000000000,0.0000000000000000
21.4556885,0.0000000000000000,0.0000000000000000,3.0095782279968262,0.0000000000000000,0.0000000000000000,-1.4453125000000000,0.0000000000000000
21.4657097,0.0000000000000000,0.0000000000000000,3.0502662658691406,0.0000000000000000,0.0000000000000000,-1.4453125000000000,0.0000000000000000
21.4756355,0.0000000000000000,0.0000000000000000,3.0930261611938477,0.0000000000000000,0.0000000000000000,-1.4453125000000000,0.0000000000000000
21.4856873,0.0000000000000000,0.0000000000000000,3.1322631835937500,0.0000000000000000,0.0000000000000000,-1.4453125000000000,0.0000000000000000
21.4954529,0.0000000000000000,0.0000000000000000,3.1670877933502197,0.0000000000000000,0.0000000000000000,-1.4453125000000000,0.0000000000000000
21.5056667,0.0000000000000000,0.0000000000000000,3.1955263614654541,0.0000000000000000,0.0000000000000000,-1.4453125000000000,0.0000000000000000
21.5152569,0.0000000000000000,0.0000000000000000,3.2195682525634766,0.0000000000000000,0.0000000000000000,-1.4453125000000000,0.0000000000000000
21.5248852,0.0000000000000000,0.0000000000000000,3.2397358417510986,0.0000000000000000,0.0000000000000000,-1.4453125000000000,0.0000000000000000
21.5362778,0.0000000000000000,0.0000000000000000,3.2397358417510986,0.0000000000000000,0.0000000000000000,1.5351562500000000,0.0000000000000000
21.5456848,0.0000000000000000,0.0000000000000000,3.2669281959533691,0.0000000000000000,0.0000000000000000,1.5351562500000000,0.0000000000000000
21.5557365,0.0000000000000000,0.0000000000000000,3.2727518081665039,0.0000000000000000,0.0000000000000000,1.5351562500000000,0.0000000000000000
21.5653019,0.0000000000000000,0.0000000000000000,3.2736322879791260,0.0000000000000000,0.0000000000000000,1.5351562500000000,0.0000000000000000
21.5755806,0.0000000000000000,0.0000000000000000,3.2710628509521484,0.0000000000000000,0.0000000000000000,1.5351562500000000,0.0000000000000000
21.5853920,0.0000000000000000,0.0000000000000000,3.2655885219573975,0.0000000000000000,0.0000000000000000,1.5351562500000000,0.0000000000000000
21.5954857,0.0000000000000000,0.0000000000000000,3.2552077770233154,0.0000000000000000,0.0000000000000000,1.5351562500000000,0.0000000000000000
21.6053066,0.0000000000000000,0.0000000000000000,3.2396080493927002,0.0000000000000000,0.0000000000000000,1.5351562500000000,0.0000000000000000
21.6153030,0.0000000000000000,0.0000000000000000,3.2168195247650146,0.0000000000000000,0.0000000000000000,1.5351562500000000,0.0000000000000000
21.6254768,0.0000000000000000,0.0000000000000000,3.1862449645996094,0.0000000000000000,0.0000000000000000,1.5351562500000000,0.0000000000000000
21.6352673,0.0000000000000000,0.0000000000000000,3.1474382877349854,0.0000000000000000,0.0000000000000000,1.5351562500000000,0.0000000000000000
21.6466255,0.0000000000000000,0.0000000000000000,3.1031727790832520,0.0000000000000000,0.0000000000000000,-4.7070312500000000,0.0000000000000000
21.6548576,0.0000000000000000,0.0000000000000000,3.0085039138793945,0.0000000000000000,0.0000000000000000,-4.7070312500000000,0.0000000000000000
21.6649265,0.0000000000000000,0.0000000000000000,3.0085039138793945,0.0000000000000000,0.0000000000000000,-4.3632812500000000,0.0000000000000000
21.6753120,0.0000000000000000,0.0000000000000000,2.9623527526855469,0.0000000000000000,0.0000000000000000,-4.3632812500000000,0.0000000000000000
21.6852741,0.0000000000000000,0.0000000000000000,2.9265220165252686,0.0000000000000000,0.0000000000000000,-4.3632812500000000,0.0000000000000000
21.6956005,0.0000000000000000,0.0000000000000000,2.8999209403991699,0.0000000000000000,0.0000000000000000,-4.3632812500000000,0.0000000000000000
21.7052612,0.0000000000000000,0.0000000000000000,2.8999209403991699,0.0000000000000000,0.0000000000000000,-0.3750000000000000,0.0000000000000000
21.7152538,0.0000000000000000,0.0000000000000000,2.8999209403991699,0.0000000000000000,0.0000000000000000,0.8320312500000000,0.0000000000000000
21.7252712,0.0000000000000000,0.0000000000000000,2.8999209403991699,0.0000000000000000,0.0000000000000000,1.9003906250000000,0.0000000000000000
21.7352581,0.0000000000000000,0.0000000000000000,2.8999209403991699,0.0000000000000000,0.0000000000000000,2.6777343750000000,0.0000000000000000
21.7452660,0.0000000000000000,0.0000000000000000,2.8999209403991699,0.0000000000000000,0.0000000000000000,3.3085937500000000,0.0000000000000000
21.7552280,0.0000000000000000,0.0000000000000000,2.8999209403991699,0.0000000000000000,0.0000000000000000,3.8613281250000000,0.0000000000000000
21.7652473,0.0000000000000000,0.0000000000000000,2.8999209403991699,0.0000000000000000,0.0000000000000000,4.2304687500000000,0.0000000000000000
21.7753220,0.0000000000000000,0.0000000000000000,2.8999209403991699,0.0000000000000000,0.0000000000000000,4.3066406250000000,0.0000000000000000
21.7852592,0.0000000000000000,0.0000000000000000,2.8999209403991699,0.0000000000000000,0.0000000000000000,4.0429687500000000,0.0000000000000000
21.7959366,0.0000000000000000,0.0000000000000000,2.8999209403991699,0.0000000000000000,0.0000000000000000,3.4824218750000000,0.0000000000000000
21.8052521,0.0000000000000000,0.0000000000000000,2.8999209403991699,0.0000000000000000,0.0000000000000000,2.7187500000000000,0.0000000000000000
21.8152676,0.0000000000000000,0.0000000000000000,2.8999209403991699,0.0000000000000000,0.0000000000000000,1.8613281250000000,0.0000000000000000
21.8257809,0.0000000000000000,0.0000000000000000,2.8999209403991699,0.0000000000000000,0.0000000000000000,1.0527343750000000,0.0000000000000000
21.8353043,0.0000000000000000,0.0000000000000000,2.8999209403991699,0.0000000000000000,0.0000000000000000,0.4667968750000000,0.0000000000000000
21.8453827,0.0000000000000000,0.0000000000000000,2.8999209403991699,0.0000000000000000,0.0000000000000000,0.1152343750000000,0.0000000000000000
21.8553181,0.0000000000000000,0.0000000000000000,2.8999209403991699,0.0000000000000000,0.0000000000000000,-0.0957031250000000,0.0000000000000000
21.8658352,0.0000000000000000,0.0000000000000000,2.8999209403991699,0.0000000000000000,0.0000000000000000,-0.2773437500000000,0.0000000000000000
21.8757248,0.0000000000000000,0.0000000000000000,2.8999209403991699,0.0000000000000000,0.0000000000000000,-0.6347656250000000,0.0000000000000000
21.8857193,0.0000000000000000,0.0000000000000000,2.8999209403991699,0.0000000000000000,0.0000000000000000,-1.2128906250000000,0.0000000000000000
21.8957291,0.0000000000000000,0.0000000000000000,2.8999209403991699,0.0000000000000000,0.0000000000000000,-1.9707031250000000,0.0000000000000000
21.9057140,0.0000000000000000,0.0000000000000000,2.8999209403991699,0.0000000000000000,0.0000000000000000,-2.7734375000000000,0.0000000000000000
21.9156780,0.0000000000000000,0.0000000000000000,2.8999209403991699,0.0000000000000000,0.0000000000000000,-3.4980468750000000,0.0000000000000000
21.9260387,0.0000000000000000,0.0000000000000000,2.8999209403991699,0.0000000000000000,0.0000000000000000,-4.0644531250000000,0.0000000000000000
21.9353313,0.0000000000000000,0.0000000000000000,2.8999209403991699,0.0000000000000000,0.0000000000000000,-4.2929687500000000,0.0000000000000000
21.9457493,0.0000000000000000,0.0000000000000000,2.8999209403991699,0.0000000000000000,0.0000000000000000,-4.1816406250000000,0.0000000000000000
21.9558163,0.0000000000000000,0.0000000000000000,2.8999209403991699,0.0000000000000000,0.0000000000000000,-3.7832031250000000,0.0000000000000000
21.9653664,0.0000000000000000,0.0000000000000000,2.8999209403991699,0.0000000000000000,0.0000000000000000,-3.0039062500000000,0.0000000000000000
21.9753208,0.0000000000000000,0.0000000000000000,2.8999209403991699,0.0000000000000000,0.0000000000000000,-1.9394531250000000,0.0000000000000000
21.9853668,0.0000000000000000,0.0000000000000000,2.8999209403991699,0.0000000000000000,0.0000000000000000,-0.6738281250000000,0.0000000000000000
21.9957962,0.0000000000000000,0.0000000000000000,2.8999209403991699,0.0000000000000000,0.0000000000000000,0.7089843750000000,0.0000000000000000
22.0056400,0.0000000000000000,0.0000000000000000,2.8999209403991699,0.0000000000000000,0.0000000000000000,2.0410156250000000,0.0000000000000000
22.0157051,0.0000000000000000,0.0000000000000000,2.8999209403991699,0.0000000000000000,0.0000000000000000,3.1132812500000000,0.0000000000000000
22.0254402,0.0000000000000000,0.0000000000000000,2.8999209403991699,0.0000000000000000,0.0000000000000000,3.9042968750000000,0.0000000000000000
22.0354042,0.0000000000000000,0.0000000000000000,2.8999209403991699,0.0000000000000000,0.0000000000000000,4.3828125000000000,0.0000000000000000
22.0454044,0.0000000000000000,0.0000000000000000,2.8999209403991699,0.0000000000000000,0.0000000000000000,4.4355468750000000,0.0000000000000000
22.0553074,0.0000000000000000,0.0000000000000000,2.8999209403991699,0.0000000000000000,0.0000000000000000,4.0507812500000000,0.0000000000000000
22.0659485,0.0000000000000000,0.0000000000000000,2.8999209403991699,0.0000000000000000,0.0000000000000000,3.2812500000000000,0.0000000000000000
22.0773354,0.0000000000000000,0.0000000000000000,3.2000513076782227,0.0000000000000000,0.0000000000000000,3.2812500000000000,0.0000000000000000
22.0849628,0.0000000000000000,0.0000000000000000,3.2025678157806396,0.0000000000000000,0.0000000000000000,3.2812500000000000,0.0000000000000000
22.0946960,0.0000000000000000,0.0000000000000000,3.2025678157806396,0.0000000000000000,0.0000000000000000,-0.4277343750000000,0.0000000000000000
22.1050739,0.0000000000000000,0.0000000000000000,3.2010130882263184,0.0000000000000000,0.0000000000000000,-0.4277343750000000,0.0000000000000000
22.1153545,0.0000000000000000,0.0000000000000000,3.2010130882263184,0.0000000000000000,0.0000000000000000,-0.7304687500000000,0.0000000000000000
22.1255798,0.0000000000000000,0.0000000000000000,3.2010130882263184,0.0000000000000000,0.0000000000000000,-0.8789062500000000,0.0000000000000000
22.1356564,0.0000000000000000,0.0000000000000000,3.1769537925720215,0.0000000000000000,0.0000000000000000,-0.8789062500000000,0.0000000000000000
22.1453648,0.0000000000000000,0.0000000000000000,3.1560468673706055,0.0000000000000000,0.0000000000000000,-0.8789062500000000,0.0000000000000000
22.1553516,0.0000000000000000,0.0000000000000000,3.1363589763641357,0.0000000000000000,0.0000000000000000,-0.8789062500000000,0.0000000000000000
22.1653538,0.0000000000000000,0.0000000000000000,3.1086397171020508,0.0000000000000000,0.0000000000000000,-0.8789062500000000,0.0000000000000000
22.1747952,0.0000000000000000,0.0000000000000000,3.0774002075195312,0.0000000000000000,0.0000000000000000,-0.8789062500000000,0.0000000000000000
22.1859226,0.0000000000000000,0.0000000000000000,3.0774002075195312,0.0000000000000000,0.0000000000000000,-3.6269531250000000,0.0000000000000000
22.1953640,0.0000000000000000,0.0000000000000000,3.0031564235687256,0.0000000000000000,0.0000000000000000,-3.6269531250000000,0.0000000000000000
22.2053509,0.0000000000000000,0.0000000000000000,2.9652276039123535,0.0000000000000000,0.0000000000000000,-3.6269531250000000,0.0000000000000000
22.2154160,0.0000000000000000,0.0000000000000000,2.9332807064056396,0.0000000000000000,0.0000000000000000,-3.6269531250000000,0.0000000000000000
22.2253666,0.0000000000000000,0.0000000000000000,2.9065535068511963,0.0000000000000000,0.0000000000000000,-3.6269531250000000,0.0000000000000000
22.2353878,0.0000000000000000,0.0000000000000000,2.8907227516174316,0.0000000000000000,0.0000000000000000,-3.6269531250000000,0.0000000000000000
22.2453899,0.0000000000000000,0.0000000000000000,2.8848342895507812,0.0000000000000000,0.0000000000000000,-3.6269531250000000,0.0000000000000000
22.2554474,0.0000000000000000,0.0000000000000000,2.8900456428527832,0.0000000000000000,0.0000000000000000,-3.6269531250000000,0.0000000000000000
22.2661247,0.0000000000000000,0.0000000000000000,2.9081001281738281,0.0000000000000000,0.0000000000000000,-3.6269531250000000,0.0000000000000000
22.2754726,0.0000000000000000,0.0000000000000000,2.9368901252746582,0.0000000000000000,0.0000000000000000,-3.6269531250000000,0.0000000000000000
22.2853775,0.0000000000000000,0.0000000000000000,2.9746196269989014,0.0000000000000000,0.0000000000000000,-3.6269531250000000,0.0000000000000000
22.2953758,0.0000000000000000,0.0000000000000000,3.0189144611358643,0.0000000000000000,0.0000000000000000,-3.6269531250000000,0.0000000000000000
22.3066063,0.0000000000000000,0.0000000000000000,3.0189144611358643,0.0000000000000000,0.0000000000000000,4.5039062500000000,0.0000000000000000
22.3158207,0.0000000000000000,0.0000000000000000,3.1043295860290527,0.0000000000000000,0.0000000000000000,4.5039062500000000,0.0000000000000000
22.3258724,0.0000000000000000,0.0000000000000000,3.1368980407714844,0.0000000000000000,0.0000000000000000,4.5039062500000000,0.0000000000000000
22.3360500,0.0000000000000000,0.0000000000000000,3.1601197719573975,0.0000000000000000,0.0000000000000000,4.5039062500000000,0.0000000000000000
22.3454266,0.0000000000000000,0.0000000000000000,3.1745324134826660,0.0000000000000000,0.0000000000000000,4.5039062500000000,0.0000000000000000
22.3551559,0.0000000000000000,0.0000000000000000,3.1826400756835938,0.0000000000000000,0.0000000000000000,4.5039062500000000,0.0000000000000000
22.3661671,0.0000000000000000,0.0000000000000000,3.1851389408111572,0.0000000000000000,0.0000000000000000,4.5039062500000000,0.0000000000000000
22.3758812,0.0000000000000000,0.0000000000000000,3.1897003650665283,0.0000000000000000,0.0000000000000000,4.5039062500000000,0.0000000000000000
22.3860512,0.0000000000000000,0.0000000000000000,3.1920158863067627,0.0000000000000000,0.0000000000000000,4.5039062500000000,0.0000000000000000
22.3956604,0.0000000000000000,0.0000000000000000,3.1928625106811523,0.0000000000000000,0.0000000000000000,4.5039062500000000,0.0000000000000000
22.4055023,0.0000000000000000,0.0000000000000000,3.1904220581054688,0.0000000000000000,0.0000000000000000,4.5039062500000000,0.0000000000000000
22.4156151,0.0000000000000000,0.0000000000000000,3.1826243400573730,0.0000000000000000,0.0000000000000000,4.5039062500000000,0.0000000000000000
22.4258900,0.0000000000000000,0.0000000000000000,3.1668820381164551,0.0000000000000000,0.0000000000000000,4.5039062500000000,0.0000000000000000
22.4356365,0.0000000000000000,0.0000000000000000,3.1419837474822998,0.0000000000000000,0.0000000000000000,4.5039062500000000,0.0000000000000000
22.4456787,0.0000000000000000,0.0000000000000000,3.1069827079772949,0.0000000000000000,0.0000000000000000,4.5039062500000000,0.0000000000000000
22.4555302,0.0000000000000000,0.0000000000000000,3.0656924247741699,0.0000000000000000,0.0000000000000000,4.5039062500000000,0.0000000000000000
22.4667854,0.0000000000000000,0.0000000000000000,2.9747955799102783,0.0000000000000000,0.0000000000000000,4.5039062500000000,0.0000000000000000
22.4749813,0.0000000000000000,0.0000000000000000,2.9539020061492920,0.0000000000000000,0.0000000000000000,4.5039062500000000,0.0000000000000000
22.4854889,0.0000000000000000,0.0000000000000000,2.9328324794769287,0.0000000000000000,0.0000000000000000,4.5039062500000000,0.0000000000000000
22.4954205,0.0000000000000000,0.0000000000000000,2.8968918323516846,0.0000000000000000,0.0000000000000000,4.5039062500000000,0.0000000000000000
22.5058098,0.0000000000000000,0.0000000000000000,2.8705227375030518,0.0000000000000000,0.0000000000000000,4.5039062500000000,0.0000000000000000
22.5154495,0.0000000000000000,0.0000000000000000,2.8574571609497070,0.0000000000000000,0.0000000000000000,4.5039062500000000,0.0000000000000000
22.5255623,0.0000000000000000,0.0000000000000000,2.8567328453063965,0.0000000000000000,0.0000000000000000,4.5039062500000000,0.0000000000000000
22.5368385,0.0000000000000000,0.0000000000000000,2.8915200233459473,0.0000000000000000,0.0000000000000000,4.5039062500000000,0.0000000000000000
22.5448761,0.0000000000000000,0.0000000000000000,2.9221811294555664,0.0000000000000000,0.0000000000000000,4.5039062500000000,0.0000000000000000
22.5551128,0.0000000000000000,0.0000000000000000,2.9221811294555664,0.0000000000000000,0.0000000000000000,3.8535156250000000,0.0000000000000000
22.5654354,0.0000000000000000,0.0000000000000000,2.9599168300628662,0.0000000000000000,0.0000000000000000,3.8535156250000000,0.0000000000000000
22.5754490,0.0000000000000000,0.0000000000000000,3.0026061534881592,0.0000000000000000,0.0000000000000000,3.8535156250000000,0.0000000000000000
22.5858021,0.0000000000000000,0.0000000000000000,3.0459465980529785,0.0000000000000000,0.0000000000000000,3.8535156250000000,0.0000000000000000
22.5954094,0.0000000000000000,0.0000000000000000,3.0459465980529785,0.0000000000000000,0.0000000000000000,3.4277343750000000,0.0000000000000000
22.6055031,0.0000000000000000,0.0000000000000000,3.0459465980529785,0.0000000000000000,0.0000000000000000,2.5058593750000000,0.0000000000000000
22.6154232,0.0000000000000000,0.0000000000000000,3.0459465980529785,0.0000000000000000,0.0000000000000000,1.5742187500000000,0.0000000000000000
22.6254501,0.0000000000000000,0.0000000000000000,3.0459465980529785,0.0000000000000000,0.0000000000000000,0.7675781250000000,0.0000000000000000
22.6354561,0.0000000000000000,0.0000000000000000,3.0459465980529785,0.0000000000000000,0.0000000000000000,0.2285156250000000,0.0000000000000000
22.6454449,0.0000000000000000,0.0000000000000000,3.0459465980529785,0.0000000000000000,0.0000000000000000,0.0097656250000000,0.0000000000000000
22.6554356,0.0000000000000000,0.0000000000000000,3.0459465980529785,0.0000000000000000,0.0000000000000000,-0.0253906250000000,0.0000000000000000
22.6654568,0.0000000000000000,0.0000000000000000,3.0459465980529785,0.0000000000000000,0.0000000000000000,-0.1035156250000000,0.0000000000000000
22.6754704,0.0000000000000000,0.0000000000000000,3.0459465980529785,0.0000000000000000,0.0000000000000000,-0.3808593750000000,0.0000000000000000
22.6854935,0.0000000000000000,0.0000000000000000,3.0459465980529785,0.0000000000000000,0.0000000000000000,-0.9316406250000000,0.0000000000000000
22.6954651,0.0000000000000000,0.0000000000000000,3.0459465980529785,0.0000000000000000,0.0000000000000000,-1.6972656250000000,0.0000000000000000
22.7059040,0.0000000000000000,0.0000000000000000,3.0459465980529785,0.0000000000000000,0.0000000000000000,-2.5878906250000000,0.0000000000000000
22.7161808,0.0000000000000000,0.0000000000000000,3.0459465980529785,0.0000000000000000,0.0000000000000000,-3.4062500000000000,0.0000000000000000
22.7254963,0.0000000000000000,0.0000000000000000,3.0459465980529785,0.0000000000000000,0.0000000000000000,-4.0253906250000000,0.0000000000000000
22.7354641,0.0000000000000000,0.0000000000000000,3.0459465980529785,0.0000000000000000,0.0000000000000000,-4.3164062500000000,0.0000000000000000
22.7454758,0.0000000000000000,0.0000000000000000,3.0459465980529785,0.0000000000000000,0.0000000000000000,-4.2050781250000000,0.0000000000000000
22.7559242,0.0000000000000000,0.0000000000000000,3.0459465980529785,0.0000000000000000,0.0000000000000000,-3.6894531250000000,0.0000000000000000
22.7658997,0.0000000000000000,0.0000000000000000,3.0459465980529785,0.0000000000000000,0.0000000000000000,-2.8417968750000000,0.0000000000000000
22.7755051,0.0000000000000000,0.0000000000000000,3.0459465980529785,0.0000000000000000,0.0000000000000000,-1.8222656250000000,0.0000000000000000
22.7859020,0.0000000000000000,0.0000000000000000,3.0459465980529785,0.0000000000000000,0.0000000000000000,-0.7597656250000000,0.0000000000000000
22.7961922,0.0000000000000000,0.0000000000000000,3.0459465980529785,0.0000000000000000,0.0000000000000000,0.2929687500000000,0.0000000000000000
22.8059082,0.0000000000000000,0.0000000000000000,3.0459465980529785,0.0000000000000000,0.0000000000000000,1.3886718750000000,0.0000000000000000
22.8158951,0.0000000000000000,0.0000000000000000,3.0459465980529785,0.0000000000000000,0.0000000000000000,2.4863281250000000,0.0000000000000000
22.8256721,0.0000000000000000,0.0000000000000000,3.0459465980529785,0.0000000000000000,0.0000000000000000,3.5097656250000000,0.0000000000000000
22.8359737,0.0000000000000000,0.0000000000000000,3.0459465980529785,0.0000000000000000,0.0000000000000000,4.2558593750000000,0.0000000000000000
22.8461895,0.0000000000000000,0.0000000000000000,3.0459465980529785,0.0000000000000000,0.0000000000000000,4.6386718750000000,0.0000000000000000
22.8554935,0.0000000000000000,0.0000000000000000,3.0459465980529785,0.0000000000000000,0.0000000000000000,4.6054687500000000,0.0000000000000000
22.8661175,0.0000000000000000,0.0000000000000000,3.0459465980529785,0.0000000000000000,0.0000000000000000,4.1621093750000000,0.0000000000000000
22.8759480,0.0000000000000000,0.0000000000000000,3.0459465980529785,0.0000000000000000,0.0000000000000000,3.4003906250000000,0.0000000000000000
22.8857059,0.0000000000000000,0.0000000000000000,3.0459465980529785,0.0000000000000000,0.0000000000000000,2.4238281250000000,0.0000000000000000
22.8958263,0.0000000000000000,0.0000000000000000,3.0459465980529785,0.0000000000000000,0.0000000000000000,1.3515625000000000,0.0000000000000000
22.9058361,0.0000000000000000,0.0000000000000000,3.0459465980529785,0.0000000000000000,0.0000000000000000,0.3359375000000000,0.0000000000000000
22.9153309,0.0000000000000000,0.0000000000000000,3.1945540904998779,0.0000000000000000,0.0000000000000000,0.3359375000000000,0.0000000000000000
22.9254971,0.0000000000000000,0.0000000000000000,3.1945540904998779,0.0000000000000000,0.0000000000000000,-1.0898437500000000,0.0000000000000000
22.9358292,0.0000000000000000,0.0000000000000000,3.1945540904998779,0.0000000000000000,0.0000000000000000,-1.4863281250000000,0.0000000000000000
22.9460278,0.0000000000000000,0.0000000000000000,3.1945540904998779,0.0000000000000000,0.0000000000000000,-1.8925781250000000,0.0000000000000000
22.9559040,0.0000000000000000,0.0000000000000000,3.1350841522216797,0.0000000000000000,0.0000000000000000,-1.8925781250000000,0.0000000000000000
22.9655285,0.0000000000000000,0.0000000000000000,3.0961554050445557,0.0000000000000000,0.0000000000000000,-1.8925781250000000,0.0000000000000000
22.9755154,0.0000000000000000,0.0000000000000000,3.0617251396179199,0.0000000000000000,0.0000000000000000,-1.8925781250000000,0.0000000000000000
22.9852219,0.0000000000000000,0.0000000000000000,3.0276441574096680,0.0000000000000000,0.0000000000000000,-1.8925781250000000,0.0000000000000000
22.9958439,0.0000000000000000,0.0000000000000000,3.0085358619689941,0.0000000000000000,0.0000000000000000,-1.8925781250000000,0.0000000000000000
23.0055828,0.0000000000000000,0.0000000000000000,2.9601044654846191,0.0000000000000000,0.0000000000000000,-1.8925781250000000,0.0000000000000000
23.0155411,0.0000000000000000,0.0000000000000000,2.9338684082031250,0.0000000000000000,0.0000000000000000,-1.8925781250000000,0.0000000000000000
23.0255356,0.0000000000000000,0.0000000000000000,2.9155561923980713,0.0000000000000000,0.0000000000000000,-1.8925781250000000,0.0000000000000000
23.0355396,0.0000000000000000,0.0000000000000000,2.9078505039215088,0.0000000000000000,0.0000000000000000,-1.8925781250000000,0.0000000000000000
23.0455360,0.0000000000000000,0.0000000000000000,2.9121155738830566,0.0000000000000000,0.0000000000000000,-1.8925781250000000,0.0000000000000000
23.0555706,0.0000000000000000,0.0000000000000000,2.9288427829742432,0.0000000000000000,0.0000000000000000,-1.8925781250000000,0.0000000000000000
23.0655346,0.0000000000000000,0.0000000000000000,2.9555714130401611,0.0000000000000000,0.0000000000000000,-1.8925781250000000,0.0000000000000000
23.0755539,0.0000000000000000,0.0000000000000000,2.9948420524597168,0.0000000000000000,0.0000000000000000,-1.8925781250000000,0.0000000000000000
23.0855522,0.0000000000000000,0.0000000000000000,3.0365769863128662,0.0000000000000000,0.0000000000000000,-1.8925781250000000,0.0000000000000000
23.0955315,0.0000000000000000,0.0000000000000000,3.0828168392181396,0.0000000000000000,0.0000000000000000,-1.8925781250000000,0.0000000000000000
23.1049824,0.0000000000000000,0.0000000000000000,3.1247487068176270,0.0000000000000000,0.0000000000000000,-1.8925781250000000,0.0000000000000000
23.1161480,0.0000000000000000,0.0000000000000000,3.1247487068176270,0.0000000000000000,0.0000000000000000,3.8710937500000000,0.0000000000000000
23.1260147,0.0000000000000000,0.0000000000000000,3.1922981739044189,0.0000000000000000,0.0000000000000000,3.8710937500000000,0.0000000000000000
23.1355953,0.0000000000000000,0.0000000000000000,3.2124996185302734,0.0000000000000000,0.0000000000000000,3.8710937500000000,0.0000000000000000
23.1455994,0.0000000000000000,0.0000000000000000,3.2195041179656982,0.0000000000000000,0.0000000000000000,3.8710937500000000,0.0000000000000000
23.1561775,0.0000000000000000,0.0000000000000000,3.2153670787811279,0.0000000000000000,0.0000000000000000,3.8710937500000000,0.0000000000000000
23.1678524,0.0000000000000000,0.0000000000000000,3.1804306507110596,0.0000000000000000,0.0000000000000000,3.8710937500000000,0.0000000000000000
23.1754112,0.0000000000000000,0.0000000000000000,3.1519792079925537,0.0000000000000000,0.0000000000000000,3.8710937500000000,0.0000000000000000
23.1856804,0.0000000000000000,0.0000000000000000,3.1519792079925537,0.0000000000000000,0.0000000000000000,-3.4648437500000000,0.0000000000000000
23.1955681,0.0000000000000000,0.0000000000000000,3.1158182621002197,0.0000000000000000,0.0000000000000000,-3.4648437500000000,0.0000000000000000
23.2054482,0.0000000000000000,0.0000000000000000,3.0781531333923340,0.0000000000000000,0.0000000000000000,-3.4648437500000000,0.0000000000000000
23.2168560,0.0000000000000000,0.0000000000000000,3.0781531333923340,0.0000000000000000,0.0000000000000000,-4.3007812500000000,0.0000000000000000
23.2260361,0.0000000000000000,0.0000000000000000,2.9928762912750244,0.0000000000000000,0.0000000000000000,-4.3007812500000000,0.0000000000000000
23.2359943,0.0000000000000000,0.0000000000000000,2.9514770507812500,0.0000000000000000,0.0000000000000000,-4.3007812500000000,0.0000000000000000
23.2463112,0.0000000000000000,0.0000000000000000,2.9159147739410400,0.0000000000000000,0.0000000000000000,-4.3007812500000000,0.0000000000000000
23.2559967,0.0000000000000000,0.0000000000000000,2.8878395557403564,0.0000000000000000,0.0000000000000000,-4.3007812500000000,0.0000000000000000
23.2656136,0.0000000000000000,0.0000000000000000,2.8704841136932373,0.0000000000000000,0.0000000000000000,-4.3007812500000000,0.0000000000000000
23.2760372,0.0000000000000000,0.0000000000000000,2.8635668754577637,0.0000000000000000,0.0000000000000000,-4.3007812500000000,0.0000000000000000
23.2857723,0.0000000000000000,0.0000000000000000,2.8669738769531250,0.0000000000000000,0.0000000000000000,-4.3007812500000000,0.0000000000000000
23.2961960,0.0000000000000000,0.0000000000000000,2.8802585601806641,0.0000000000000000,0.0000000000000000,-4.3007812500000000,0.0000000000000000
23.3058167,0.0000000000000000,0.0000000000000000,2.9016542434692383,0.0000000000000000,0.0000000000000000,-4.3007812500000000,0.0000000000000000
23.3156490,0.0000000000000000,0.0000000000000000,2.9311678409576416,0.0000000000000000,0.0000000000000000,-4.3007812500000000,0.0000000000000000
23.3256130,0.0000000000000000,0.0000000000000000,2.9642691612243652,0.0000000000000000,0.0000000000000000,-4.3007812500000000,0.0000000000000000
23.3358231,0.0000000000000000,0.0000000000000000,2.9996225833892822,0.0000000000000000,0.0000000000000000,-4.3007812500000000,0.0000000000000000
23.3457203,0.0000000000000000,0.0000000000000000,3.0365035533905029,0.0000000000000000,0.0000000000000000,-4.3007812500000000,0.0000000000000000
23.3556404,0.0000000000000000,0.0000000000000000,3.0715947151184082,0.0000000000000000,0.0000000000000000,-4.3007812500000000,0.0000000000000000
23.3659267,0.0000000000000000,0.0000000000000000,3.1019291877746582,0.0000000000000000,0.0000000000000000,-4.3007812500000000,0.0000000000000000
23.3758392,0.0000000000000000,0.0000000000000000,3.1268532276153564,0.0000000000000000,0.0000000000000000,-4.3007812500000000,0.0000000000000000
23.3855972,0.0000000000000000,0.0000000000000000,3.1427021026611328,0.0000000000000000,0.0000000000000000,-4.3007812500000000,0.0000000000000000
23.3956318,0.0000000000000000,0.0000000000000000,3.1512591838836670,0.0000000000000000,0.0000000000000000,-4.3007812500000000,0.0000000000000000
23.4055901,0.0000000000000000,0.0000000000000000,3.1517133712768555,0.0000000000000000,0.0000000000000000,-4.3007812500000000,0.0000000000000000
23.4156075,0.0000000000000000,0.0000000000000000,3.1454985141754150,0.0000000000000000,0.0000000000000000,-4.3007812500000000,0.0000000000000000
23.4259453,0.0000000000000000,0.0000000000000000,3.1352088451385498,0.0000000000000000,0.0000000000000000,-4.3007812500000000,0.0000000000000000
23.4355793,0.0000000000000000,0.0000000000000000,3.1352088451385498,0.0000000000000000,0.0000000000000000,-1.6289062500000000,0.0000000000000000
23.4456005,0.0000000000000000,0.0000000000000000,3.1352088451385498,0.0000000000000000,0.0000000000000000,-1.8710937500000000,0.0000000000000000
23.4555874,0.0000000000000000,0.0000000000000000,3.1352088451385498,0.0000000000000000,0.0000000000000000,-2.1308593750000000,0.0000000000000000
23.4655743,0.0000000000000000,0.0000000000000000,3.1352088451385498,0.0000000000000000,0.0000000000000000,-2.3984375000000000,0.0000000000000000
23.4755974,0.0000000000000000,0.0000000000000000,3.1352088451385498,0.0000000000000000,0.0000000000000000,-2.6015625000000000,0.0000000000000000
23.4852467,0.0000000000000000,0.0000000000000000,3.1352088451385498,0.0000000000000000,0.0000000000000000,-2.6699218750000000,0.0000000000000000
23.4959145,0.0000000000000000,0.0000000000000000,2.9903070926666260,0.0000000000000000,0.0000000000000000,-2.6699218750000000,0.0000000000000000
23.5055771,0.0000000000000000,0.0000000000000000,2.9903070926666260,0.0000000000000000,0.0000000000000000,-2.2089843750000000,0.0000000000000000
23.5155964,0.0000000000000000,0.0000000000000000,2.9903070926666260,0.0000000000000000,0.0000000000000000,-1.6835937500000000,0.0000000000000000
23.5256062,0.0000000000000000,0.0000000000000000,2.9903070926666260,0.0000000000000000,0.0000000000000000,-1.0566406250000000,0.0000000000000000
23.5356102,0.0000000000000000,0.0000000000000000,2.9903070926666260,0.0000000000000000,0.0000000000000000,-0.3515625000000000,0.0000000000000000
23.5456200,0.0000000000000000,0.0000000000000000,2.9903070926666260,0.0000000000000000,0.0000000000000000,0.3984375000000000,0.0000000000000000
23.5556278,0.0000000000000000,0.0000000000000000,2.9903070926666260,0.0000000000000000,0.0000000000000000,1.2109375000000000,0.0000000000000000
23.5656281,0.0000000000000000,0.0000000000000000,2.9903070926666260,0.0000000000000000,0.0000000000000000,2.0253906250000000,0.0000000000000000
23.5756493,0.0000000000000000,0.0000000000000000,2.9903070926666260,0.0000000000000000,0.0000000000000000,2.7734375000000000,0.0000000000000000
23.5856514,0.0000000000000000,0.0000000000000000,2.9903070926666260,0.0000000000000000,0.0000000000000000,3.3457031250000000,0.0000000000000000
23.5961151,0.0000000000000000,0.0000000000000000,2.9903070926666260,0.0000000000000000,0.0000000000000000,3.6269531250000000,0.0000000000000000
23.6061859,0.0000000000000000,0.0000000000000000,2.9903070926666260,0.0000000000000000,0.0000000000000000,3.6250000000000000,0.0000000000000000
23.6160583,0.0000000000000000,0.0000000000000000,2.9903070926666260,0.0000000000000000,0.0000000000000000,3.3339843750000000,0.0000000000000000
23.6256199,0.0000000000000000,0.0000000000000000,2.9903070926666260,0.0000000000000000,0.0000000000000000,2.8535156250000000,0.0000000000000000
23.6356201,0.0000000000000000,0.0000000000000000,2.9903070926666260,0.0000000000000000,0.0000000000000000,2.2343750000000000,0.0000000000000000
23.6460457,0.0000000000000000,0.0000000000000000,2.9903070926666260,0.0000000000000000,0.0000000000000000,1.5644531250000000,0.0000000000000000
23.6560364,0.0000000000000000,0.0000000000000000,2.9903070926666260,0.0000000000000000,0.0000000000000000,0.7988281250000000,0.0000000000000000
23.6660595,0.0000000000000000,0.0000000000000000,2.9903070926666260,0.0000000000000000,0.0000000000000000,0.0800781250000000,0.0000000000000000
23.6760330,0.0000000000000000,0.0000000000000000,2.9903070926666260,0.0000000000000000,0.0000000000000000,-0.4355468750000000,0.0000000000000000
23.6856918,0.0000000000000000,0.0000000000000000,2.9903070926666260,0.0000000000000000,0.0000000000000000,-0.6796875000000000,0.0000000000000000
23.6961250,0.0000000000000000,0.0000000000000000,2.9903070926666260,0.0000000000000000,0.0000000000000000,-0.8066406250000000,0.0000000000000000
23.7062855,0.0000000000000000,0.0000000000000000,2.9903070926666260,0.0000000000000000,0.0000000000000000,-0.9492187500000000,0.0000000000000000
23.7162495,0.0000000000000000,0.0000000000000000,2.9903070926666260,0.0000000000000000,0.0000000000000000,-1.0625000000000000,0.0000000000000000
23.7261047,0.0000000000000000,0.0000000000000000,2.9903070926666260,0.0000000000000000,0.0000000000000000,-1.1425781250000000,0.0000000000000000
23.7358799,0.0000000000000000,0.0000000000000000,2.9903070926666260,0.0000000000000000,0.0000000000000000,-1.1132812500000000,0.0000000000000000
23.7460136,0.0000000000000000,0.0000000000000000,2.9903070926666260,0.0000000000000000,0.0000000000000000,-0.9355468750000000,0.0000000000000000
23.7556763,0.0000000000000000,0.0000000000000000,2.9903070926666260,0.0000000000000000,0.0000000000000000,-0.6191406250000000,0.0000000000000000
23.7657471,0.0000000000000000,0.0000000000000000,2.9903070926666260,0.0000000000000000,0.0000000000000000,-0.2714843750000000,0.0000000000000000
23.7756996,0.0000000000000000,0.0000000000000000,2.9903070926666260,0.0000000000000000,0.0000000000000000,0.0585937500000000,0.0000000000000000
23.7857552,0.0000000000000000,0.0000000000000000,2.9903070926666260,0.0000000000000000,0.0000000000000000,-0.1230468750000000,0.0000000000000000
23.7956676,0.0000000000000000,0.0000000000000000,2.9903070926666260,0.0000000000000000,0.0000000000000000,-0.5000000000000000,0.0000000000000000
23.8058758,0.0000000000000000,0.0000000000000000,2.9903070926666260,0.0000000000000000,0.0000000000000000,-0.8281250000000000,0.0000000000000000
23.8158627,0.0000000000000000,0.0000000000000000,2.9903070926666260,0.0000000000000000,0.0000000000000000,-1.2675781250000000,0.0000000000000000
23.8256378,0.0000000000000000,0.0000000000000000,2.9903070926666260,0.0000000000000000,0.0000000000000000,-1.4843750000000000,0.0000000000000000
23.8362274,0.0000000000000000,0.0000000000000000,2.9903070926666260,0.0000000000000000,0.0000000000000000,-1.5156250000000000,0.0000000000000000
23.8456631,0.0000000000000000,0.0000000000000000,3.0375256538391113,0.0000000000000000,0.0000000000000000,-1.5156250000000000,0.0000000000000000
23.8556671,0.0000000000000000,0.0000000000000000,3.0276641845703125,0.0000000000000000,0.0000000000000000,-1.5156250000000000,0.0000000000000000
23.8656921,0.0000000000000000,0.0000000000000000,3.0198373794555664,0.0000000000000000,0.0000000000000000,-1.5156250000000000,0.0000000000000000
23.8756790,0.0000000000000000,0.0000000000000000,3.0148587226867676,0.0000000000000000,0.0000000000000000,-1.5156250000000000,0.0000000000000000
23.8857212,0.0000000000000000,0.0000000000000000,3.0110266208648682,0.0000000000000000,0.0000000000000000,-1.5156250000000000,0.0000000000000000
23.8956738,0.0000000000000000,0.0000000000000000,3.0079851150512695,0.0000000000000000,0.0000000000000000,-1.5156250000000000,0.0000000000000000
23.9056778,0.0000000000000000,0.0000000000000000,3.0034496784210205,0.0000000000000000,0.0000000000000000,-1.5156250000000000,0.0000000000000000
23.9157162,0.0000000000000000,0.0000000000000000,2.9967889785766602,0.0000000000000000,0.0000000000000000,-1.5156250000000000,0.0000000000000000
23.9256954,0.0000000000000000,0.0000000000000000,2.9868950843811035,0.0000000000000000,0.0000000000000000,-1.5156250000000000,0.0000000000000000
23.9356976,0.0000000000000000,0.0000000000000000,2.9741251468658447,0.0000000000000000,0.0000000000000000,-1.5156250000000000,0.0000000000000000
23.9456673,0.0000000000000000,0.0000000000000000,2.9574053287506104,0.0000000000000000,0.0000000000000000,-1.5156250000000000,0.0000000000000000
23.9556522,0.0000000000000000,0.0000000000000000,2.9377267360687256,0.0000000000000000,0.0000000000000000,-1.5156250000000000,0.0000000000000000
23.9657230,0.0000000000000000,0.0000000000000000,2.9151346683502197,0.0000000000000000,0.0000000000000000,-1.5156250000000000,0.0000000000000000
23.9756908,0.0000000000000000,0.0000000000000000,2.8912887573242188,0.0000000000000000,0.0000000000000000,-1.5156250000000000,0.0000000000000000
23.9862480,0.0000000000000000,0.0000000000000000,2.8669154644012451,0.0000000000000000,0.0000000000000000,-1.5156250000000000,0.0000000000000000
23.9957199,0.0000000000000000,0.0000000000000000,2.8444230556488037,0.0000000000000000,0.0000000000000000,-1.5156250000000000,0.0000000000000000
24.0057240,0.0000000000000000,0.0000000000000000,2.8205580711364746,0.0000000000000000,0.0000000000000000,-1.5156250000000000,0.0000000000000000
24.0157776,0.0000000000000000,0.0000000000000000,2.7994301319122314,0.0000000000000000,0.0000000000000000,-1.5156250000000000,0.0000000000000000
24.0257378,0.0000000000000000,0.0000000000000000,2.7789146900177002,0.0000000000000000,0.0000000000000000,-1.5156250000000000,0.0000000000000000
24.0361767,0.0000000000000000,0.0000000000000000,2.7620396614074707,0.0000000000000000,0.0000000000000000,-1.5156250000000000,0.0000000000000000
24.0456905,0.0000000000000000,0.0000000000000000,2.7468445301055908,0.0000000000000000,0.0000000000000000,-1.5156250000000000,0.0000000000000000
24.0552902,0.0000000000000000,0.0000000000000000,2.7361164093017578,0.0000000000000000,0.0000000000000000,-1.5156250000000000,0.0000000000000000
24.0666943,0.0000000000000000,0.0000000000000000,2.7361164093017578,0.0000000000000000,0.0000000000000000,-0.7089843750000000,0.0000000000000000
24.0761814,0.0000000000000000,0.0000000000000000,2.7271783351898193,0.0000000000000000,0.0000000000000000,-0.7089843750000000,0.0000000000000000
24.0861683,0.0000000000000000,0.0000000000000000,2.7242078781127930,0.0000000000000000,0.0000000000000000,-0.7089843750000000,0.0000000000000000
24.0961609,0.0000000000000000,0.0000000000000000,2.7209608554840088,0.0000000000000000,0.0000000000000000,-0.7089843750000000,0.0000000000000000
24.1060200,0.0000000000000000,0.0000000000000000,2.7171454429626465,0.0000000000000000,0.0000000000000000,-0.7089843750000000,0.0000000000000000
24.1161995,0.0000000000000000,0.0000000000000000,2.7131421566009521,0.0000000000000000,0.0000000000000000,-0.7089843750000000,0.0000000000000000
24.1264992,0.0000000000000000,0.0000000000000000,2.7088747024536133,0.0000000000000000,0.0000000000000000,-0.7089843750000000,0.0000000000000000
24.1361809,0.0000000000000000,0.0000000000000000,2.7044668197631836,0.0000000000000000,0.0000000000000000,-0.7089843750000000,0.0000000000000000
24.1462059,0.0000000000000000,0.0000000000000000,2.7004761695861816,0.0000000000000000,0.0000000000000000,-0.7089843750000000,0.0000000000000000
24.1562099,0.0000000000000000,0.0000000000000000,2.6969227790832520,0.0000000000000000,0.0000000000000000,-0.7089843750000000,0.0000000000000000
24.1661987,0.0000000000000000,0.0000000000000000,2.6934318542480469,0.0000000000000000,0.0000000000000000,-0.7089843750000000,0.0000000000000000
24.1757851,0.0000000000000000,0.0000000000000000,2.6903402805328369,0.0000000000000000,0.0000000000000000,-0.7089843750000000,0.0000000000000000
24.1861439,0.0000000000000000,0.0000000000000000,2.6872677803039551,0.0000000000000000,0.0000000000000000,-0.7089843750000000,0.0000000000000000
24.1959839,0.0000000000000000,0.0000000000000000,2.6845188140869141,0.0000000000000000,0.0000000000000000,-0.7089843750000000,0.0000000000000000
24.2059288,0.0000000000000000,0.0000000000000000,2.6818547248840332,0.0000000000000000,0.0000000000000000,-0.7089843750000000,0.0000000000000000
24.2157898,0.0000000000000000,0.0000000000000000,2.6800477504730225,0.0000000000000000,0.0000000000000000,-0.7089843750000000,0.0000000000000000
24.2258320,0.0000000000000000,0.0000000000000000,2.6800944805145264,0.0000000000000000,0.0000000000000000,-0.7089843750000000,0.0000000000000000
24.2361622,0.0000000000000000,0.0000000000000000,2.6836526393890381,0.0000000000000000,0.0000000000000000,-0.7089843750000000,0.0000000000000000
24.2457294,0.0000000000000000,0.0000000000000000,2.6912086009979248,0.0000000000000000,0.0000000000000000,-0.7089843750000000,0.0000000000000000
24.2557564,0.0000000000000000,0.0000000000000000,2.7028698921203613,0.0000000000000000,0.0000000000000000,-0.7089843750000000,0.0000000000000000
24.2660465,0.0000000000000000,0.0000000000000000,2.7182843685150146,0.0000000000000000,0.0000000000000000,-0.7089843750000000,0.0000000000000000
24.2758026,0.0000000000000000,0.0000000000000000,2.7381930351257324,0.0000000000000000,0.0000000000000000,-0.7089843750000000,0.0000000000000000
24.2857456,0.0000000000000000,0.0000000000000000,2.7625288963317871,0.0000000000000000,0.0000000000000000,-0.7089843750000000,0.0000000000000000
24.2957420,0.0000000000000000,0.0000000000000000,2.7870526313781738,0.0000000000000000,0.0000000000000000,-0.7089843750000000,0.0000000000000000
24.3060780,0.0000000000000000,0.0000000000000000,2.8145384788513184,0.0000000000000000,0.0000000000000000,-0.7089843750000000,0.0000000000000000
24.3157291,0.0000000000000000,0.0000000000000000,2.8145384788513184,0.0000000000000000,0.0000000000000000,2.7714843750000000,0.0000000000000000
24.3257351,0.0000000000000000,0.0000000000000000,2.8145384788513184,0.0000000000000000,0.0000000000000000,2.7304687500000000,0.0000000000000000
24.3357277,0.0000000000000000,0.0000000000000000,2.8145384788513184,0.0000000000000000,0.0000000000000000,2.6367187500000000,0.0000000000000000
24.3454247,0.0000000000000000,0.0000000000000000,2.8145384788513184,0.0000000000000000,0.0000000000000000,2.4921875000000000,0.0000000000000000
24.3561077,0.0000000000000000,0.0000000000000000,2.9478516578674316,0.0000000000000000,0.0000000000000000,2.4921875000000000,0.0000000000000000
24.3657341,0.0000000000000000,0.0000000000000000,2.9478516578674316,0.0000000000000000,0.0000000000000000,2.1718750000000000,0.0000000000000000
24.3757420,0.0000000000000000,0.0000000000000000,2.9478516578674316,0.0000000000000000,0.0000000000000000,2.0996093750000000,0.0000000000000000
24.3857479,0.0000000000000000,0.0000000000000000,2.9478516578674316,0.0000000000000000,0.0000000000000000,2.0566406250000000,0.0000000000000000
24.3957558,0.0000000000000000,0.0000000000000000,2.9478516578674316,0.0000000000000000,0.0000000000000000,2.0429687500000000,0.0000000000000000
24.4058056,0.0000000000000000,0.0000000000000000,2.9478516578674316,0.0000000000000000,0.0000000000000000,2.0859375000000000,0.0000000000000000
24.4157715,0.0000000000000000,0.0000000000000000,2.9478516578674316,0.0000000000000000,0.0000000000000000,2.1601562500000000,0.0000000000000000
24.4258232,0.0000000000000000,0.0000000000000000,2.9478516578674316,0.0000000000000000,0.0000000000000000,2.3476562500000000,0.0000000000000000
24.4357376,0.0000000000000000,0.0000000000000000,2.9478516578674316,0.0000000000000000,0.0000000000000000,2.6230468750000000,0.0000000000000000
24.4457626,0.0000000000000000,0.0000000000000000,2.9478516578674316,0.0000000000000000,0.0000000000000000,2.8847656250000000,0.0000000000000000
24.4561806,0.0000000000000000,0.0000000000000000,2.9478516578674316,0.0000000000000000,0.0000000000000000,3.0957031250000000,0.0000000000000000
24.4658585,0.0000000000000000,0.0000000000000000,2.9478516578674316,0.0000000000000000,0.0000000000000000,3.1601562500000000,0.0000000000000000
24.4758167,0.0000000000000000,0.0000000000000000,2.9478516578674316,0.0000000000000000,0.0000000000000000,3.0800781250000000,0.0000000000000000
24.4864407,0.0000000000000000,0.0000000000000000,2.9478516578674316,0.0000000000000000,0.0000000000000000,2.7910156250000000,0.0000000000000000
24.4958477,0.0000000000000000,0.0000000000000000,2.9478516578674316,0.0000000000000000,0.0000000000000000,2.3144531250000000,0.0000000000000000
24.5062199,0.0000000000000000,0.0000000000000000,2.9478516578674316,0.0000000000000000,0.0000000000000000,1.8164062500000000,0.0000000000000000
24.5162315,0.0000000000000000,0.0000000000000000,2.9478516578674316,0.0000000000000000,0.0000000000000000,1.3378906250000000,0.0000000000000000
24.5262375,0.0000000000000000,0.0000000000000000,2.9478516578674316,0.0000000000000000,0.0000000000000000,1.0175781250000000,0.0000000000000000
24.5357761,0.0000000000000000,0.0000000000000000,2.9478516578674316,0.0000000000000000,0.0000000000000000,1.0605468750000000,0.0000000000000000
24.5457916,0.0000000000000000,0.0000000000000000,2.9478516578674316,0.0000000000000000,0.0000000000000000,1.4179687500000000,0.0000000000000000
24.5562057,0.0000000000000000,0.0000000000000000,2.9478516578674316,0.0000000000000000,0.0000000000000000,1.8125000000000000,0.0000000000000000
24.5662136,0.0000000000000000,0.0000000000000000,2.9478516578674316,0.0000000000000000,0.0000000000000000,2.0234375000000000,0.0000000000000000
24.5763950,0.0000000000000000,0.0000000000000000,2.9478516578674316,0.0000000000000000,0.0000000000000000,2.0097656250000000,0.0000000000000000
24.5862713,0.0000000000000000,0.0000000000000000,2.9478516578674316,0.0000000000000000,0.0000000000000000,2.0156250000000000,0.0000000000000000
24.5958443,0.0000000000000000,0.0000000000000000,2.9478516578674316,0.0000000000000000,0.0000000000000000,1.9003906250000000,0.0000000000000000
24.6062717,0.0000000000000000,0.0000000000000000,2.9478516578674316,0.0000000000000000,0.0000000000000000,1.6738281250000000,0.0000000000000000
24.6163311,0.0000000000000000,0.0000000000000000,2.9478516578674316,0.0000000000000000,0.0000000000000000,0.0917968750000000,0.0000000000000000
24.6261845,0.0000000000000000,0.0000000000000000,2.9478516578674316,0.0000000000000000,0.0000000000000000,-0.5683593750000000,0.0000000000000000
24.6360626,0.0000000000000000,0.0000000000000000,2.9478516578674316,0.0000000000000000,0.0000000000000000,-0.6308593750000000,0.0000000000000000
24.6461124,0.0000000000000000,0.0000000000000000,2.9478516578674316,0.0000000000000000,0.0000000000000000,-0.5429687500000000,0.0000000000000000
24.6558781,0.0000000000000000,0.0000000000000000,2.9478516578674316,0.0000000000000000,0.0000000000000000,-0.4531250000000000,0.0000000000000000
24.6660118,0.0000000000000000,0.0000000000000000,2.9478516578674316,0.0000000000000000,0.0000000000000000,-0.3867187500000000,0.0000000000000000
24.6760979,0.0000000000000000,0.0000000000000000,2.9478516578674316,0.0000000000000000,0.0000000000000000,-0.3203125000000000,0.0000000000000000
24.6856136,0.0000000000000000,0.0000000000000000,3.4682502746582031,0.0000000000000000,0.0000000000000000,-0.3203125000000000,0.0000000000000000
24.6957932,0.0000000000000000,0.0000000000000000,3.4682502746582031,0.0000000000000000,0.0000000000000000,-0.1738281250000000,0.0000000000000000
24.7057915,0.0000000000000000,0.0000000000000000,3.4682502746582031,0.0000000000000000,0.0000000000000000,-0.1250000000000000,0.0000000000000000
24.7164631,0.0000000000000000,0.0000000000000000,3.4682502746582031,0.0000000000000000,0.0000000000000000,-0.0703125000000000,0.0000000000000000
24.7258339,0.0000000000000000,0.0000000000000000,3.4627709388732910,0.0000000000000000,0.0000000000000000,-0.0703125000000000,0.0000000000000000
24.7352448,0.0000000000000000,0.0000000000000000,3.4635000228881836,0.0000000000000000,0.0000000000000000,-0.0703125000000000,0.0000000000000000
24.7458267,0.0000000000000000,0.0000000000000000,3.4635000228881836,0.0000000000000000,0.0000000000000000,0.1191406250000000,0.0000000000000000
24.7563725,0.0000000000000000,0.0000000000000000,3.4635000228881836,0.0000000000000000,0.0000000000000000,0.1035156250000000,0.0000000000000000
24.7658234,0.0000000000000000,0.0000000000000000,3.4670615196228027,0.0000000000000000,0.0000000000000000,0.1035156250000000,0.0000000000000000
24.7758446,0.0000000000000000,0.0000000000000000,3.4678449630737305,0.0000000000000000,0.0000000000000000,0.1035156250000000,0.0000000000000000
24.7858276,0.0000000000000000,0.0000000000000000,3.4651405811309814,0.0000000000000000,0.0000000000000000,0.1035156250000000,0.0000000000000000
24.7958603,0.0000000000000000,0.0000000000000000,3.4564552307128906,0.0000000000000000,0.0000000000000000,0.1035156250000000,0.0000000000000000
24.8058186,0.0000000000000000,0.0000000000000000,3.4418854713439941,0.0000000000000000,0.0000000000000000,0.1035156250000000,0.0000000000000000
24.8158588,0.0000000000000000,0.0000000000000000,3.4205667972564697,0.0000000000000000,0.0000000000000000,0.1035156250000000,0.0000000000000000
24.8258743,0.0000000000000000,0.0000000000000000,3.3971383571624756,0.0000000000000000,0.0000000000000000,0.1035156250000000,0.0000000000000000
24.8358173,0.0000000000000000,0.0000000000000000,3.3707582950592041,0.0000000000000000,0.0000000000000000,0.1035156250000000,0.0000000000000000
24.8458347,0.0000000000000000,0.0000000000000000,3.3459455966949463,0.0000000000000000,0.0000000000000000,0.1035156250000000,0.0000000000000000
24.8558426,0.0000000000000000,0.0000000000000000,3.3213298320770264,0.0000000000000000,0.0000000000000000,0.1035156250000000,0.0000000000000000
24.8658524,0.0000000000000000,0.0000000000000000,3.2993471622467041,0.0000000000000000,0.0000000000000000,0.1035156250000000,0.0000000000000000
24.8758678,0.0000000000000000,0.0000000000000000,3.2793700695037842,0.0000000000000000,0.0000000000000000,0.1035156250000000,0.0000000000000000
24.8858662,0.0000000000000000,0.0000000000000000,3.2607111930847168,0.0000000000000000,0.0000000000000000,0.1035156250000000,0.0000000000000000
24.8962936,0.0000000000000000,0.0000000000000000,3.2420563697814941,0.0000000000000000,0.0000000000000000,0.1035156250000000,0.0000000000000000
24.9058819,0.0000000000000000,0.0000000000000000,3.2238209247589111,0.0000000000000000,0.0000000000000000,0.1035156250000000,0.0000000000000000
24.9158382,0.0000000000000000,0.0000000000000000,3.2033250331878662,0.0000000000000000,0.0000000000000000,0.1035156250000000,0.0000000000000000
24.9278793,0.0000000000000000,0.0000000000000000,3.1655397415161133,0.0000000000000000,0.0000000000000000,0.1035156250000000,0.0000000000000000
24.9358177,0.0000000000000000,0.0000000000000000,3.1175129413604736,0.0000000000000000,0.0000000000000000,0.1035156250000000,0.0000000000000000
24.9459400,0.0000000000000000,0.0000000000000000,3.1175129413604736,0.0000000000000000,0.0000000000000000,-3.8476562500000000,0.0000000000000000
24.9562912,0.0000000000000000,0.0000000000000000,3.0792167186737061,0.0000000000000000,0.0000000000000000,-3.8476562500000000,0.0000000000000000
24.9660873,0.0000000000000000,0.0000000000000000,3.0395805835723877,0.0000000000000000,0.0000000000000000,-3.8476562500000000,0.0000000000000000
24.9763088,0.0000000000000000,0.0000000000000000,3.0015234947204590,0.0000000000000000,0.0000000000000000,-3.8476562500000000,0.0000000000000000
24.9865341,0.0000000000000000,0.0000000000000000,2.9656600952148438,0.0000000000000000,0.0000000000000000,-3.8476562500000000,0.0000000000000000
24.9959126,0.0000000000000000,0.0000000000000000,2.9335694313049316,0.0000000000000000,0.0000000000000000,-3.8476562500000000,0.0000000000000000
25.0062370,0.0000000000000000,0.0000000000000000,2.9059488773345947,0.0000000000000000,0.0000000000000000,-3.8476562500000000,0.0000000000000000
25.0162106,0.0000000000000000,0.0000000000000000,2.8816118240356445,0.0000000000000000,0.0000000000000000,-3.8476562500000000,0.0000000000000000
25.0274754,0.0000000000000000,0.0000000000000000,2.8358318805694580,0.0000000000000000,0.0000000000000000,-3.8476562500000000,0.0000000000000000
25.0353470,0.0000000000000000,0.0000000000000000,2.8127791881561279,0.0000000000000000,0.0000000000000000,-3.8476562500000000,0.0000000000000000
25.0456619,0.0000000000000000,0.0000000000000000,2.8127791881561279,0.0000000000000000,0.0000000000000000,-2.3320312500000000,0.0000000000000000
25.0563431,0.0000000000000000,0.0000000000000000,2.7894246578216553,0.0000000000000000,0.0000000000000000,-2.3320312500000000,0.0000000000000000
25.0661831,0.0000000000000000,0.0000000000000000,2.7673397064208984,0.0000000000000000,0.0000000000000000,-2.3320312500000000,0.0000000000000000
25.0759239,0.0000000000000000,0.0000000000000000,2.7450315952301025,0.0000000000000000,0.0000000000000000,-2.3320312500000000,0.0000000000000000
25.0852737,0.0000000000000000,0.0000000000000000,2.7244930267333984,0.0000000000000000,0.0000000000000000,-2.3320312500000000,0.0000000000000000
25.0964813,0.0000000000000000,0.0000000000000000,2.7244930267333984,0.0000000000000000,0.0000000000000000,-2.1230468750000000,0.0000000000000000
25.1060467,0.0000000000000000,0.0000000000000000,2.6833946704864502,0.0000000000000000,0.0000000000000000,-2.1230468750000000,0.0000000000000000
25.1159439,0.0000000000000000,0.0000000000000000,2.6640601158142090,0.0000000000000000,0.0000000000000000,-2.1230468750000000,0.0000000000000000
25.1261883,0.0000000000000000,0.0000000000000000,2.6495199203491211,0.0000000000000000,0.0000000000000000,-2.1230468750000000,0.0000000000000000
25.1362495,0.0000000000000000,0.0000000000000000,2.6372156143188477,0.0000000000000000,0.0000000000000000,-2.1230468750000000,0.0000000000000000
25.1459064,0.0000000000000000,0.0000000000000000,2.6282660961151123,0.0000000000000000,0.0000000000000000,-2.1230468750000000,0.0000000000000000
25.1558762,0.0000000000000000,0.0000000000000000,2.6205978393554688,0.0000000000000000,0.0000000000000000,-2.1230468750000000,0.0000000000000000
25.1658955,0.0000000000000000,0.0000000000000000,2.6141276359558105,0.0000000000000000,0.0000000000000000,-2.1230468750000000,0.0000000000000000
25.1758881,0.0000000000000000,0.0000000000000000,2.6076254844665527,0.0000000000000000,0.0000000000000000,-2.1230468750000000,0.0000000000000000
25.1861973,0.0000000000000000,0.0000000000000000,2.6016099452972412,0.0000000000000000,0.0000000000000000,-2.1230468750000000,0.0000000000000000
25.1959000,0.0000000000000000,0.0000000000000000,2.6016099452972412,0.0000000000000000,0.0000000000000000,-0.4902343750000000,0.0000000000000000
25.2058640,0.0000000000000000,0.0000000000000000,2.6016099452972412,0.0000000000000000,0.0000000000000000,-0.3203125000000000,0.0000000000000000
25.2159023,0.0000000000000000,0.0000000000000000,2.6016099452972412,0.0000000000000000,0.0000000000000000,-0.0839843750000000,0.0000000000000000
25.2258835,0.0000000000000000,0.0000000000000000,2.6016099452972412,0.0000000000000000,0.0000000000000000,0.1386718750000000,0.0000000000000000
25.2358742,0.0000000000000000,0.0000000000000000,2.6016099452972412,0.0000000000000000,0.0000000000000000,0.3261718750000000,0.0000000000000000
25.2458839,0.0000000000000000,0.0000000000000000,2.6016099452972412,0.0000000000000000,0.0000000000000000,0.5058593750000000,0.0000000000000000
25.2558498,0.0000000000000000,0.0000000000000000,2.6016099452972412,0.0000000000000000,0.0000000000000000,0.5273437500000000,0.0000000000000000
25.2658958,0.0000000000000000,0.0000000000000000,2.6016099452972412,0.0000000000000000,0.0000000000000000,0.4003906250000000,0.0000000000000000
25.2758694,0.0000000000000000,0.0000000000000000,2.6016099452972412,0.0000000000000000,0.0000000000000000,0.2832031250000000,0.0000000000000000
25.2858810,0.0000000000000000,0.0000000000000000,2.6016099452972412,0.0000000000000000,0.0000000000000000,0.2246093750000000,0.0000000000000000
25.2958927,0.0000000000000000,0.0000000000000000,2.6016099452972412,0.0000000000000000,0.0000000000000000,0.2871093750000000,0.0000000000000000
25.3058681,0.0000000000000000,0.0000000000000000,2.6016099452972412,0.0000000000000000,0.0000000000000000,0.4824218750000000,0.0000000000000000
25.3159466,0.0000000000000000,0.0000000000000000,2.6016099452972412,0.0000000000000000,0.0000000000000000,0.7363281250000000,0.0000000000000000
25.3259144,0.0000000000000000,0.0000000000000000,2.6016099452972412,0.0000000000000000,0.0000000000000000,1.0214843750000000,0.0000000000000000
25.3363075,0.0000000000000000,0.0000000000000000,2.6016099452972412,0.0000000000000000,0.0000000000000000,1.3125000000000000,0.0000000000000000
25.3464146,0.0000000000000000,0.0000000000000000,2.6016099452972412,0.0000000000000000,0.0000000000000000,1.6054687500000000,0.0000000000000000
25.3559341,0.0000000000000000,0.0000000000000000,2.6016099452972412,0.0000000000000000,0.0000000000000000,1.9785156250000000,0.0000000000000000
25.3659096,0.0000000000000000,0.0000000000000000,2.6016099452972412,0.0000000000000000,0.0000000000000000,2.4941406250000000,0.0000000000000000
25.3758755,0.0000000000000000,0.0000000000000000,2.6016099452972412,0.0000000000000000,0.0000000000000000,3.0507812500000000,0.0000000000000000
25.3863468,0.0000000000000000,0.0000000000000000,2.6016099452972412,0.0000000000000000,0.0000000000000000,3.6250000000000000,0.0000000000000000
25.3963280,0.0000000000000000,0.0000000000000000,2.6016099452972412,0.0000000000000000,0.0000000000000000,4.1015625000000000,0.0000000000000000
25.4059677,0.0000000000000000,0.0000000000000000,2.6016099452972412,0.0000000000000000,0.0000000000000000,4.4648437500000000,0.0000000000000000
25.4163151,0.0000000000000000,0.0000000000000000,2.6016099452972412,0.0000000000000000,0.0000000000000000,4.7421875000000000,0.0000000000000000
25.4259415,0.0000000000000000,0.0000000000000000,2.6016099452972412,0.0000000000000000,0.0000000000000000,4.8476562500000000,0.0000000000000000
25.4359531,0.0000000000000000,0.0000000000000000,2.6016099452972412,0.0000000000000000,0.0000000000000000,4.7011718750000000,0.0000000000000000
25.4463062,0.0000000000000000,0.0000000000000000,2.6016099452972412,0.0000000000000000,0.0000000000000000,4.2382812500000000,0.0000000000000000
25.4559879,0.0000000000000000,0.0000000000000000,2.6016099452972412,0.0000000000000000,0.0000000000000000,3.4707031250000000,0.0000000000000000
25.4663982,0.0000000000000000,0.0000000000000000,2.6016099452972412,0.0000000000000000,0.0000000000000000,2.5937500000000000,0.0000000000000000
25.4763966,0.0000000000000000,0.0000000000000000,2.6016099452972412,0.0000000000000000,0.0000000000000000,1.8515625000000000,0.0000000000000000
25.4859428,0.0000000000000000,0.0000000000000000,2.6016099452972412,0.0000000000000000,0.0000000000000000,1.1992187500000000,0.0000000000000000
25.4959297,0.0000000000000000,0.0000000000000000,2.6016099452972412,0.0000000000000000,0.0000000000000000,0.6289062500000000,0.0000000000000000
25.5058651,0.0000000000000000,0.0000000000000000,2.6016099452972412,0.0000000000000000,0.0000000000000000,0.0195312500000000,0.0000000000000000
25.5166054,0.0000000000000000,0.0000000000000000,3.1585679054260254,0.0000000000000000,0.0000000000000000,0.0195312500000000,0.0000000000000000
25.5264931,0.0000000000000000,0.0000000000000000,3.1585679054260254,0.0000000000000000,0.0000000000000000,-1.1054687500000000,0.0000000000000000
25.5360527,0.0000000000000000,0.0000000000000000,3.1585679054260254,0.0000000000000000,0.0000000000000000,-1.5703125000000000,0.0000000000000000
25.5460072,0.0000000000000000,0.0000000000000000,3.1585679054260254,0.0000000000000000,0.0000000000000000,-1.9433593750000000,0.0000000000000000
25.5560112,0.0000000000000000,0.0000000000000000,3.1585679054260254,0.0000000000000000,0.0000000000000000,-2.3535156250000000,0.0000000000000000
25.5659637,0.0000000000000000,0.0000000000000000,3.1585679054260254,0.0000000000000000,0.0000000000000000,-2.8105468750000000,0.0000000000000000
25.5761662,0.0000000000000000,0.0000000000000000,3.1585679054260254,0.0000000000000000,0.0000000000000000,-3.3242187500000000,0.0000000000000000
25.5863895,0.0000000000000000,0.0000000000000000,3.1585679054260254,0.0000000000000000,0.0000000000000000,-3.7929687500000000,0.0000000000000000
25.5959511,0.0000000000000000,0.0000000000000000,2.9594864845275879,0.0000000000000000,0.0000000000000000,-3.7929687500000000,0.0000000000000000
25.6062832,0.0000000000000000,0.0000000000000000,2.9152965545654297,0.0000000000000000,0.0000000000000000,-3.7929687500000000,0.0000000000000000
25.6159515,0.0000000000000000,0.0000000000000000,2.8495857715606689,0.0000000000000000,0.0000000000000000,-3.7929687500000000,0.0000000000000000
25.6259518,0.0000000000000000,0.0000000000000000,2.8072786331176758,0.0000000000000000,0.0000000000000000,-3.7929687500000000,0.0000000000000000
25.6356831,0.0000000000000000,0.0000000000000000,2.7715275287628174,0.0000000000000000,0.0000000000000000,-3.7929687500000000,0.0000000000000000
25.6457081,0.0000000000000000,0.0000000000000000,2.7553021907806396,0.0000000000000000,0.0000000000000000,-3.7929687500000000,0.0000000000000000
25.6565456,0.0000000000000000,0.0000000000000000,2.7553021907806396,0.0000000000000000,0.0000000000000000,-2.5351562500000000,0.0000000000000000
25.6659527,0.0000000000000000,0.0000000000000000,2.6952025890350342,0.0000000000000000,0.0000000000000000,-2.5351562500000000,0.0000000000000000
25.6759701,0.0000000000000000,0.0000000000000000,2.6824314594268799,0.0000000000000000,0.0000000000000000,-2.5351562500000000,0.0000000000000000
25.6859932,0.0000000000000000,0.0000000000000000,2.6733279228210449,0.0000000000000000,0.0000000000000000,-2.5351562500000000,0.0000000000000000
25.6959438,0.0000000000000000,0.0000000000000000,2.6681692600250244,0.0000000000000000,0.0000000000000000,-2.5351562500000000,0.0000000000000000
25.7059803,0.0000000000000000,0.0000000000000000,2.6661036014556885,0.0000000000000000,0.0000000000000000,-2.5351562500000000,0.0000000000000000
25.7159843,0.0000000000000000,0.0000000000000000,2.6671917438507080,0.0000000000000000,0.0000000000000000,-2.5351562500000000,0.0000000000000000
25.7259808,0.0000000000000000,0.0000000000000000,2.6710784435272217,0.0000000000000000,0.0000000000000000,-2.5351562500000000,0.0000000000000000
25.7360287,0.0000000000000000,0.0000000000000000,2.6765165328979492,0.0000000000000000,0.0000000000000000,-2.5351562500000000,0.0000000000000000
25.7459984,0.0000000000000000,0.0000000000000000,2.6842331886291504,0.0000000000000000,0.0000000000000000,-2.5351562500000000,0.0000000000000000
25.7564735,0.0000000000000000,0.0000000000000000,2.6930034160614014,0.0000000000000000,0.0000000000000000,-2.5351562500000000,0.0000000000000000
25.7660122,0.0000000000000000,0.0000000000000000,2.7060258388519287,0.0000000000000000,0.0000000000000000,-2.5351562500000000,0.0000000000000000
25.7760239,0.0000000000000000,0.0000000000000000,2.7248287200927734,0.0000000000000000,0.0000000000000000,-2.5351562500000000,0.0000000000000000
25.7860165,0.0000000000000000,0.0000000000000000,2.7542438507080078,0.0000000000000000,0.0000000000000000,-2.5351562500000000,0.0000000000000000
25.7967091,0.0000000000000000,0.0000000000000000,2.7933089733123779,0.0000000000000000,0.0000000000000000,-2.5351562500000000,0.0000000000000000
25.8064365,0.0000000000000000,0.0000000000000000,2.8415424823760986,0.0000000000000000,0.0000000000000000,-2.5351562500000000,0.0000000000000000
25.8182583,0.0000000000000000,0.0000000000000000,2.9491331577301025,0.0000000000000000,0.0000000000000000,-2.5351562500000000,0.0000000000000000
25.8254223,0.0000000000000000,0.0000000000000000,2.9969358444213867,0.0000000000000000,0.0000000000000000,-2.5351562500000000,0.0000000000000000
25.8357735,0.0000000000000000,0.0000000000000000,2.9969358444213867,0.0000000000000000,0.0000000000000000,3.7539062500000000,0.0000000000000000
25.8467693,0.0000000000000000,0.0000000000000000,3.0170614719390869,0.0000000000000000,0.0000000000000000,3.7539062500000000,0.0000000000000000
25.8564758,0.0000000000000000,0.0000000000000000,3.0624961853027344,0.0000000000000000,0.0000000000000000,3.7539062500000000,0.0000000000000000
25.8664265,0.0000000000000000,0.0000000000000000,3.0793979167938232,0.0000000000000000,0.0000000000000000,3.7539062500000000,0.0000000000000000
25.8764687,0.0000000000000000,0.0000000000000000,3.0889475345611572,0.0000000000000000,0.0000000000000000,3.7539062500000000,0.0000000000000000
25.8864193,0.0000000000000000,0.0000000000000000,3.0946497917175293,0.0000000000000000,0.0000000000000000,3.7539062500000000,0.0000000000000000
25.8961105,0.0000000000000000,0.0000000000000000,3.0981018543243408,0.0000000000000000,0.0000000000000000,3.7539062500000000,0.0000000000000000
25.9065037,0.0000000000000000,0.0000000000000000,3.1000204086303711,0.0000000000000000,0.0000000000000000,3.7539062500000000,0.0000000000000000
25.9162521,0.0000000000000000,0.0000000000000000,3.0995943546295166,0.0000000000000000,0.0000000000000000,3.7539062500000000,0.0000000000000000
25.9265614,0.0000000000000000,0.0000000000000000,3.0962882041931152,0.0000000000000000,0.0000000000000000,3.7539062500000000,0.0000000000000000
25.9361649,0.0000000000000000,0.0000000000000000,3.0886309146881104,0.0000000000000000,0.0000000000000000,3.7539062500000000,0.0000000000000000
25.9460964,0.0000000000000000,0.0000000000000000,3.0745034217834473,0.0000000000000000,0.0000000000000000,3.7539062500000000,0.0000000000000000
25.9561157,0.0000000000000000,0.0000000000000000,3.0539317131042480,0.0000000000000000,0.0000000000000000,3.7539062500000000,0.0000000000000000
25.9660568,0.0000000000000000,0.0000000000000000,3.0243332386016846,0.0000000000000000,0.0000000000000000,3.7539062500000000,0.0000000000000000
25.9764481,0.0000000000000000,0.0000000000000000,2.9876914024353027,0.0000000000000000,0.0000000000000000,3.7539062500000000,0.0000000000000000
25.9861031,0.0000000000000000,0.0000000000000000,2.9450197219848633,0.0000000000000000,0.0000000000000000,3.7539062500000000,0.0000000000000000
25.9960403,0.0000000000000000,0.0000000000000000,2.8971719741821289,0.0000000000000000,0.0000000000000000,3.7539062500000000,0.0000000000000000
26.0060520,0.0000000000000000,0.0000000000000000,2.8459165096282959,0.0000000000000000,0.0000000000000000,3.7539062500000000,0.0000000000000000
26.0160198,0.0000000000000000,0.0000000000000000,2.7987980842590332,0.0000000000000000,0.0000000000000000,3.7539062500000000,0.0000000000000000
26.0263767,0.0000000000000000,0.0000000000000000,2.7562167644500732,0.0000000000000000,0.0000000000000000,3.7539062500000000,0.0000000000000000
26.0363293,0.0000000000000000,0.0000000000000000,2.7212557792663574,0.0000000000000000,0.0000000000000000,3.7539062500000000,0.0000000000000000
26.0458260,0.0000000000000000,0.0000000000000000,2.7212557792663574,0.0000000000000000,0.0000000000000000,-1.7734375000000000,0.0000000000000000
26.0560589,0.0000000000000000,0.0000000000000000,2.6770315170288086,0.0000000000000000,0.0000000000000000,-1.7734375000000000,0.0000000000000000
26.0663414,0.0000000000000000,0.0000000000000000,2.6668817996978760,0.0000000000000000,0.0000000000000000,-1.7734375000000000,0.0000000000000000
26.0760517,0.0000000000000000,0.0000000000000000,2.6668817996978760,0.0000000000000000,0.0000000000000000,-0.0390625000000000,0.0000000000000000
26.0860233,0.0000000000000000,0.0000000000000000,2.6668817996978760,0.0000000000000000,0.0000000000000000,0.2460937500000000,0.0000000000000000
26.0960236,0.0000000000000000,0.0000000000000000,2.6668817996978760,0.0000000000000000,0.0000000000000000,0.3925781250000000,0.0000000000000000
26.1060638,0.0000000000000000,0.0000000000000000,2.6668817996978760,0.0000000000000000,0.0000000000000000,0.5546875000000000,0.0000000000000000
26.1160412,0.0000000000000000,0.0000000000000000,2.6668817996978760,0.0000000000000000,0.0000000000000000,0.9277343750000000,0.0000000000000000
26.1260605,0.0000000000000000,0.0000000000000000,2.6668817996978760,0.0000000000000000,0.0000000000000000,1.6503906250000000,0.0000000000000000
26.1360302,0.0000000000000000,0.0000000000000000,2.6668817996978760,0.0000000000000000,0.0000000000000000,2.6464843750000000,0.0000000000000000
26.1460190,0.0000000000000000,0.0000000000000000,2.6668817996978760,0.0000000000000000,0.0000000000000000,3.5976562500000000,0.0000000000000000
26.1560230,0.0000000000000000,0.0000000000000000,2.6668817996978760,0.0000000000000000,0.0000000000000000,4.2929687500000000,0.0000000000000000
26.1660461,0.0000000000000000,0.0000000000000000,2.6668817996978760,0.0000000000000000,0.0000000000000000,4.6054687500000000,0.0000000000000000
26.1760807,0.0000000000000000,0.0000000000000000,2.6668817996978760,0.0000000000000000,0.0000000000000000,4.5156250000000000,0.0000000000000000
26.1860542,0.0000000000000000,0.0000000000000000,2.6668817996978760,0.0000000000000000,0.0000000000000000,4.1640625000000000,0.0000000000000000
26.1960411,0.0000000000000000,0.0000000000000000,2.6668817996978760,0.0000000000000000,0.0000000000000000,3.6621093750000000,0.0000000000000000
26.2061405,0.0000000000000000,0.0000000000000000,2.6668817996978760,0.0000000000000000,0.0000000000000000,3.1132812500000000,0.0000000000000000
26.2160759,0.0000000000000000,0.0000000000000000,2.6668817996978760,0.0000000000000000,0.0000000000000000,2.5429687500000000,0.0000000000000000
26.2267780,0.0000000000000000,0.0000000000000000,2.6668817996978760,0.0000000000000000,0.0000000000000000,1.9570312500000000,0.0000000000000000
26.2360916,0.0000000000000000,0.0000000000000000,2.6668817996978760,0.0000000000000000,0.0000000000000000,1.3886718750000000,0.0000000000000000
26.2464981,0.0000000000000000,0.0000000000000000,2.6668817996978760,0.0000000000000000,0.0000000000000000,0.8085937500000000,0.0000000000000000
26.2566795,0.0000000000000000,0.0000000000000000,2.6668817996978760,0.0000000000000000,0.0000000000000000,0.0703125000000000,0.0000000000000000
26.2667904,0.0000000000000000,0.0000000000000000,2.6668817996978760,0.0000000000000000,0.0000000000000000,-0.8906250000000000,0.0000000000000000
26.2767372,0.0000000000000000,0.0000000000000000,2.6668817996978760,0.0000000000000000,0.0000000000000000,-2.0390625000000000,0.0000000000000000
26.2865028,0.0000000000000000,0.0000000000000000,2.6668817996978760,0.0000000000000000,0.0000000000000000,-3.2031250000000000,0.0000000000000000
26.2964802,0.0000000000000000,0.0000000000000000,2.6668817996978760,0.0000000000000000,0.0000000000000000,-4.2929687500000000,0.0000000000000000
26.3064842,0.0000000000000000,0.0000000000000000,2.6668817996978760,0.0000000000000000,0.0000000000000000,-5.0117187500000000,0.0000000000000000
26.3160896,0.0000000000000000,0.0000000000000000,2.6668817996978760,0.0000000000000000,0.0000000000000000,-5.2871093750000000,0.0000000000000000
26.3261032,0.0000000000000000,0.0000000000000000,2.6668817996978760,0.0000000000000000,0.0000000000000000,-5.2421875000000000,0.0000000000000000
26.3366451,0.0000000000000000,0.0000000000000000,2.6668817996978760,0.0000000000000000,0.0000000000000000,-4.8496093750000000,0.0000000000000000
26.3466873,0.0000000000000000,0.0000000000000000,2.6668817996978760,0.0000000000000000,0.0000000000000000,-4.2285156250000000,0.0000000000000000
26.3565407,0.0000000000000000,0.0000000000000000,2.6668817996978760,0.0000000000000000,0.0000000000000000,-3.3984375000000000,0.0000000000000000
26.3661556,0.0000000000000000,0.0000000000000000,2.6668817996978760,0.0000000000000000,0.0000000000000000,-2.3535156250000000,0.0000000000000000
26.3765507,0.0000000000000000,0.0000000000000000,2.6668817996978760,0.0000000000000000,0.0000000000000000,-1.2519531250000000,0.0000000000000000
26.3864918,0.0000000000000000,0.0000000000000000,2.6668817996978760,0.0000000000000000,0.0000000000000000,-0.2089843750000000,0.0000000000000000
26.3964653,0.0000000000000000,0.0000000000000000,2.6668817996978760,0.0000000000000000,0.0000000000000000,0.5078125000000000,0.0000000000000000
26.4062862,0.0000000000000000,0.0000000000000000,2.6668817996978760,0.0000000000000000,0.0000000000000000,0.8515625000000000,0.0000000000000000
26.4163322,0.0000000000000000,0.0000000000000000,2.6668817996978760,0.0000000000000000,0.0000000000000000,0.9707031250000000,0.0000000000000000
26.4261818,0.0000000000000000,0.0000000000000000,2.6668817996978760,0.0000000000000000,0.0000000000000000,1.0898437500000000,0.0000000000000000
26.4362125,0.0000000000000000,0.0000000000000000,2.6668817996978760,0.0000000000000000,0.0000000000000000,1.4804687500000000,0.0000000000000000
26.4463863,0.0000000000000000,0.0000000000000000,2.6668817996978760,0.0000000000000000,0.0000000000000000,2.1503906250000000,0.0000000000000000
26.4558468,0.0000000000000000,0.0000000000000000,2.7338314056396484,0.0000000000000000,0.0000000000000000,2.1503906250000000,0.0000000000000000
26.4660816,0.0000000000000000,0.0000000000000000,2.7338314056396484,0.0000000000000000,0.0000000000000000,3.6367187500000000,0.0000000000000000
26.4761715,0.0000000000000000,0.0000000000000000,2.7338314056396484,0.0000000000000000,0.0000000000000000,4.2109375000000000,0.0000000000000000
26.4864120,0.0000000000000000,0.0000000000000000,2.7338314056396484,0.0000000000000000,0.0000000000000000,4.4824218750000000,0.0000000000000000
26.4964581,0.0000000000000000,0.0000000000000000,2.8945834636688232,0.0000000000000000,0.0000000000000000,4.4824218750000000,0.0000000000000000
26.5061131,0.0000000000000000,0.0000000000000000,2.9581689834594727,0.0000000000000000,0.0000000000000000,4.4824218750000000,0.0000000000000000
26.5161552,0.0000000000000000,0.0000000000000000,2.9988672733306885,0.0000000000000000,0.0000000000000000,4.4824218750000000,0.0000000000000000
26.5261173,0.0000000000000000,0.0000000000000000,3.0331828594207764,0.0000000000000000,0.0000000000000000,4.4824218750000000,0.0000000000000000
26.5361195,0.0000000000000000,0.0000000000000000,3.0633835792541504,0.0000000000000000,0.0000000000000000,4.4824218750000000,0.0000000000000000
26.5461445,0.0000000000000000,0.0000000000000000,3.0853402614593506,0.0000000000000000,0.0000000000000000,4.4824218750000000,0.0000000000000000
26.5555649,0.0000000000000000,0.0000000000000000,3.0985038280487061,0.0000000000000000,0.0000000000000000,4.4824218750000000,0.0000000000000000
26.5668316,0.0000000000000000,0.0000000000000000,3.0985038280487061,0.0000000000000000,0.0000000000000000,0.2988281250000000,0.0000000000000000
26.5761185,0.0000000000000000,0.0000000000000000,3.0946114063262939,0.0000000000000000,0.0000000000000000,0.2988281250000000,0.0000000000000000
26.5861397,0.0000000000000000,0.0000000000000000,3.0783264636993408,0.0000000000000000,0.0000000000000000,0.2988281250000000,0.0000000000000000
26.5961876,0.0000000000000000,0.0000000000000000,3.0536055564880371,0.0000000000000000,0.0000000000000000,0.2988281250000000,0.0000000000000000
26.6061382,0.0000000000000000,0.0000000000000000,3.0260047912597656,0.0000000000000000,0.0000000000000000,0.2988281250000000,0.0000000000000000
26.6168804,0.0000000000000000,0.0000000000000000,2.9922752380371094,0.0000000000000000,0.0000000000000000,0.2988281250000000,0.0000000000000000
26.6261539,0.0000000000000000,0.0000000000000000,2.9576270580291748,0.0000000000000000,0.0000000000000000,0.2988281250000000,0.0000000000000000
26.6361542,0.0000000000000000,0.0000000000000000,2.9168555736541748,0.0000000000000000,0.0000000000000000,0.2988281250000000,0.0000000000000000
26.6461678,0.0000000000000000,0.0000000000000000,2.8798358440399170,0.0000000000000000,0.0000000000000000,0.2988281250000000,0.0000000000000000
26.6561241,0.0000000000000000,0.0000000000000000,2.8389139175415039,0.0000000000000000,0.0000000000000000,0.2988281250000000,0.0000000000000000
26.6661892,0.0000000000000000,0.0000000000000000,2.8029005527496338,0.0000000000000000,0.0000000000000000,0.2988281250000000,0.0000000000000000
26.6767845,0.0000000000000000,0.0000000000000000,2.8029005527496338,0.0000000000000000,0.0000000000000000,-3.4355468750000000,0.0000000000000000
26.6861668,0.0000000000000000,0.0000000000000000,2.7397596836090088,0.0000000000000000,0.0000000000000000,-3.4355468750000000,0.0000000000000000
26.6966743,0.0000000000000000,0.0000000000000000,2.7162203788757324,0.0000000000000000,0.0000000000000000,-3.4355468750000000,0.0000000000000000
26.7066994,0.0000000000000000,0.0000000000000000,2.6988239288330078,0.0000000000000000,0.0000000000000000,-3.4355468750000000,0.0000000000000000
26.7182484,0.0000000000000000,0.0000000000000000,2.6848940849304199,0.0000000000000000,0.0000000000000000,-3.4355468750000000,0.0000000000000000
26.7260132,0.0000000000000000,0.0000000000000000,2.6885683536529541,0.0000000000000000,0.0000000000000000,-3.4355468750000000,0.0000000000000000
26.7360153,0.0000000000000000,0.0000000000000000,2.6885683536529541,0.0000000000000000,0.0000000000000000,1.1914062500000000,0.0000000000000000
26.7466202,0.0000000000000000,0.0000000000000000,2.7003917694091797,0.0000000000000000,0.0000000000000000,1.1914062500000000,0.0000000000000000
26.7568073,0.0000000000000000,0.0000000000000000,2.7232303619384766,0.0000000000000000,0.0000000000000000,1.1914062500000000,0.0000000000000000
26.7666359,0.0000000000000000,0.0000000000000000,2.7568976879119873,0.0000000000000000,0.0000000000000000,1.1914062500000000,0.0000000000000000
26.7761841,0.0000000000000000,0.0000000000000000,2.7981579303741455,0.0000000000000000,0.0000000000000000,1.1914062500000000,0.0000000000000000
26.7861099,0.0000000000000000,0.0000000000000000,2.8419127464294434,0.0000000000000000,0.0000000000000000,1.1914062500000000,0.0000000000000000
26.7971897,0.0000000000000000,0.0000000000000000,2.8419127464294434,0.0000000000000000,0.0000000000000000,4.1308593750000000,0.0000000000000000
26.8061924,0.0000000000000000,0.0000000000000000,2.9176006317138672,0.0000000000000000,0.0000000000000000,4.1308593750000000,0.0000000000000000
26.8166351,0.0000000000000000,0.0000000000000000,2.9462323188781738,0.0000000000000000,0.0000000000000000,4.1308593750000000,0.0000000000000000
26.8263931,0.0000000000000000,0.0000000000000000,2.9695770740509033,0.0000000000000000,0.0000000000000000,4.1308593750000000,0.0000000000000000
26.8367138,0.0000000000000000,0.0000000000000000,2.9923758506774902,0.0000000000000000,0.0000000000000000,4.1308593750000000,0.0000000000000000
26.8463535,0.0000000000000000,0.0000000000000000,3.0157904624938965,0.0000000000000000,0.0000000000000000,4.1308593750000000,0.0000000000000000
26.8561764,0.0000000000000000,0.0000000000000000,3.0429327487945557,0.0000000000000000,0.0000000000000000,4.1308593750000000,0.0000000000000000
26.8665333,0.0000000000000000,0.0000000000000000,3.0691444873809814,0.0000000000000000,0.0000000000000000,4.1308593750000000,0.0000000000000000
26.8764191,0.0000000000000000,0.0000000000000000,3.0913188457489014,0.0000000000000000,0.0000000000000000,4.1308593750000000,0.0000000000000000
26.8862457,0.0000000000000000,0.0000000000000000,3.1085906028747559,0.0000000000000000,0.0000000000000000,4.1308593750000000,0.0000000000000000
26.8961926,0.0000000000000000,0.0000000000000000,3.1197590827941895,0.0000000000000000,0.0000000000000000,4.1308593750000000,0.0000000000000000
26.9064655,0.0000000000000000,0.0000000000000000,3.1230726242065430,0.0000000000000000,0.0000000000000000,4.1308593750000000,0.0000000000000000
26.9163990,0.0000000000000000,0.0000000000000000,3.1201579570770264,0.0000000000000000,0.0000000000000000,4.1308593750000000,0.0000000000000000
26.9275818,0.0000000000000000,0.0000000000000000,3.1011643409729004,0.0000000000000000,0.0000000000000000,4.1308593750000000,0.0000000000000000
26.9356365,0.0000000000000000,0.0000000000000000,3.0861265659332275,0.0000000000000000,0.0000000000000000,4.1308593750000000,0.0000000000000000
26.9458485,0.0000000000000000,0.0000000000000000,3.0861265659332275,0.0000000000000000,0.0000000000000000,-2.0527343750000000,0.0000000000000000
26.9561825,0.0000000000000000,0.0000000000000000,3.0648674964904785,0.0000000000000000,0.0000000000000000,-2.0527343750000000,0.0000000000000000
26.9665051,0.0000000000000000,0.0000000000000000,3.0393884181976318,0.0000000000000000,0.0000000000000000,-2.0527343750000000,0.0000000000000000
26.9761677,0.0000000000000000,0.0000000000000000,3.0393884181976318,0.0000000000000000,0.0000000000000000,-3.5996093750000000,0.0000000000000000
26.9861965,0.0000000000000000,0.0000000000000000,3.0393884181976318,0.0000000000000000,0.0000000000000000,-3.8671875000000000,0.0000000000000000
26.9961758,0.0000000000000000,0.0000000000000000,3.0393884181976318,0.0000000000000000,0.0000000000000000,-4.1074218750000000,0.0000000000000000
27.0061722,0.0000000000000000,0.0000000000000000,3.0393884181976318,0.0000000000000000,0.0000000000000000,-4.2519531250000000,0.0000000000000000
27.0161819,0.0000000000000000,0.0000000000000000,3.0393884181976318,0.0000000000000000,0.0000000000000000,-4.2089843750000000,0.0000000000000000
27.0261860,0.0000000000000000,0.0000000000000000,3.0393884181976318,0.0000000000000000,0.0000000000000000,-3.9960937500000000,0.0000000000000000
27.0361938,0.0000000000000000,0.0000000000000000,3.0393884181976318,0.0000000000000000,0.0000000000000000,-3.5722656250000000,0.0000000000000000
27.0458679,0.0000000000000000,0.0000000000000000,3.0393884181976318,0.0000000000000000,0.0000000000000000,-2.9042968750000000,0.0000000000000000
27.0565395,0.0000000000000000,0.0000000000000000,2.7046806812286377,0.0000000000000000,0.0000000000000000,-2.9042968750000000,0.0000000000000000
27.0661659,0.0000000000000000,0.0000000000000000,2.7046806812286377,0.0000000000000000,0.0000000000000000,-1.1308593750000000,0.0000000000000000
27.0761871,0.0000000000000000,0.0000000000000000,2.7046806812286377,0.0000000000000000,0.0000000000000000,-0.0117187500000000,0.0000000000000000
27.0862064,0.0000000000000000,0.0000000000000000,2.7046806812286377,0.0000000000000000,0.0000000000000000,1.2949218750000000,0.0000000000000000
27.0962048,0.0000000000000000,0.0000000000000000,2.7046806812286377,0.0000000000000000,0.0000000000000000,2.6171875000000000,0.0000000000000000
27.1068954,0.0000000000000000,0.0000000000000000,2.7046806812286377,0.0000000000000000,0.0000000000000000,3.6914062500000000,0.0000000000000000
27.1162319,0.0000000000000000,0.0000000000000000,2.7046806812286377,0.0000000000000000,0.0000000000000000,4.2363281250000000,0.0000000000000000
27.1262207,0.0000000000000000,0.0000000000000000,2.7046806812286377,0.0000000000000000,0.0000000000000000,4.1777343750000000,0.0000000000000000
27.1367683,0.0000000000000000,0.0000000000000000,2.7046806812286377,0.0000000000000000,0.0000000000000000,3.7265625000000000,0.0000000000000000
27.1468525,0.0000000000000000,0.0000000000000000,2.7046806812286377,0.0000000000000000,0.0000000000000000,3.1894531250000000,0.0000000000000000
27.1566391,0.0000000000000000,0.0000000000000000,2.7046806812286377,0.0000000000000000,0.0000000000000000,2.7011718750000000,0.0000000000000000
27.1662273,0.0000000000000000,0.0000000000000000,2.7046806812286377,0.0000000000000000,0.0000000000000000,2.3261718750000000,0.0000000000000000
27.1762447,0.0000000000000000,0.0000000000000000,2.7046806812286377,0.0000000000000000,0.0000000000000000,2.1210937500000000,0.0000000000000000
27.1866589,0.0000000000000000,0.0000000000000000,2.7046806812286377,0.0000000000000000,0.0000000000000000,2.2089843750000000,0.0000000000000000
27.1966362,0.0000000000000000,0.0000000000000000,2.7046806812286377,0.0000000000000000,0.0000000000000000,2.5214843750000000,0.0000000000000000
27.2062511,0.0000000000000000,0.0000000000000000,2.7046806812286377,0.0000000000000000,0.0000000000000000,2.8183593750000000,0.0000000000000000
27.2162094,0.0000000000000000,0.0000000000000000,2.7046806812286377,0.0000000000000000,0.0000000000000000,2.8867187500000000,0.0000000000000000
27.2262268,0.0000000000000000,0.0000000000000000,2.7046806812286377,0.0000000000000000,0.0000000000000000,2.5546875000000000,0.0000000000000000
27.2366447,0.0000000000000000,0.0000000000000000,2.7046806812286377,0.0000000000000000,0.0000000000000000,1.8183593750000000,0.0000000000000000
27.2467918,0.0000000000000000,0.0000000000000000,2.7046806812286377,0.0000000000000000,0.0000000000000000,0.7988281250000000,0.0000000000000000
27.2567101,0.0000000000000000,0.0000000000000000,2.7046806812286377,0.0000000000000000,0.0000000000000000,-0.3261718750000000,0.0000000000000000
27.2666798,0.0000000000000000,0.0000000000000000,2.7046806812286377,0.0000000000000000,0.0000000000000000,-1.3984375000000000,0.0000000000000000
27.2765732,0.0000000000000000,0.0000000000000000,2.7046806812286377,0.0000000000000000,0.0000000000000000,-2.4140625000000000,0.0000000000000000
27.2866802,0.0000000000000000,0.0000000000000000,2.7046806812286377,0.0000000000000000,0.0000000000000000,-3.3730468750000000,0.0000000000000000
27.2962780,0.0000000000000000,0.0000000000000000,2.7046806812286377,0.0000000000000000,0.0000000000000000,-4.0664062500000000,0.0000000000000000
27.3064346,0.0000000000000000,0.0000000000000000,2.7046806812286377,0.0000000000000000,0.0000000000000000,-4.3984375000000000,0.0000000000000000
27.3163204,0.0000000000000000,0.0000000000000000,2.7046806812286377,0.0000000000000000,0.0000000000000000,-4.4140625000000000,0.0000000000000000
27.3264065,0.0000000000000000,0.0000000000000000,2.7046806812286377,0.0000000000000000,0.0000000000000000,-4.2070312500000000,0.0000000000000000
27.3362751,0.0000000000000000,0.0000000000000000,2.7046806812286377,0.0000000000000000,0.0000000000000000,-3.8808593750000000,0.0000000000000000
27.3462524,0.0000000000000000,0.0000000000000000,2.7046806812286377,0.0000000000000000,0.0000000000000000,-3.4277343750000000,0.0000000000000000
27.3562565,0.0000000000000000,0.0000000000000000,2.7046806812286377,0.0000000000000000,0.0000000000000000,-2.9589843750000000,0.0000000000000000
27.3662224,0.0000000000000000,0.0000000000000000,2.7046806812286377,0.0000000000000000,0.0000000000000000,-2.4882812500000000,0.0000000000000000
27.3769245,0.0000000000000000,0.0000000000000000,2.7046806812286377,0.0000000000000000,0.0000000000000000,-0.1191406250000000,0.0000000000000000
27.3863087,0.0000000000000000,0.0000000000000000,2.7524886131286621,0.0000000000000000,0.0000000000000000,-0.1191406250000000,0.0000000000000000
27.3959351,0.0000000000000000,0.0000000000000000,2.7497141361236572,0.0000000000000000,0.0000000000000000,-0.1191406250000000,0.0000000000000000
27.4059906,0.0000000000000000,0.0000000000000000,2.7483355998992920,0.0000000000000000,0.0000000000000000,-0.1191406250000000,0.0000000000000000
27.4164848,0.0000000000000000,0.0000000000000000,2.7483355998992920,0.0000000000000000,0.0000000000000000,-0.2949218750000000,0.0000000000000000
27.4265823,0.0000000000000000,0.0000000000000000,2.7430646419525146,0.0000000000000000,0.0000000000000000,-0.2949218750000000,0.0000000000000000
27.4362488,0.0000000000000000,0.0000000000000000,2.7405745983123779,0.0000000000000000,0.0000000000000000,-0.2949218750000000,0.0000000000000000
27.4462585,0.0000000000000000,0.0000000000000000,2.7395467758178711,0.0000000000000000,0.0000000000000000,-0.2949218750000000,0.0000000000000000
27.4562912,0.0000000000000000,0.0000000000000000,2.7400751113891602,0.0000000000000000,0.0000000000000000,-0.2949218750000000,0.0000000000000000
27.4662590,0.0000000000000000,0.0000000000000000,2.7439723014831543,0.0000000000000000,0.0000000000000000,-0.2949218750000000,0.0000000000000000
27.4762516,0.0000000000000000,0.0000000000000000,2.7545392513275146,0.0000000000000000,0.0000000000000000,-0.2949218750000000,0.0000000000000000
27.4862671,0.0000000000000000,0.0000000000000000,2.7762551307678223,0.0000000000000000,0.0000000000000000,-0.2949218750000000,0.0000000000000000
27.4962654,0.0000000000000000,0.0000000000000000,2.8090450763702393,0.0000000000000000,0.0000000000000000,-0.2949218750000000,0.0000000000000000
27.5063019,0.0000000000000000,0.0000000000000000,2.8510746955871582,0.0000000000000000,0.0000000000000000,-0.2949218750000000,0.0000000000000000
27.5162659,0.0000000000000000,0.0000000000000000,2.8996329307556152,0.0000000000000000,0.0000000000000000,-0.2949218750000000,0.0000000000000000
27.5262756,0.0000000000000000,0.0000000000000000,2.9502878189086914,0.0000000000000000,0.0000000000000000,-0.2949218750000000,0.0000000000000000
27.5356998,0.0000000000000000,0.0000000000000000,2.9927864074707031,0.0000000000000000,0.0000000000000000,-0.2949218750000000,0.0000000000000000
27.5468616,0.0000000000000000,0.0000000000000000,2.9927864074707031,0.0000000000000000,0.0000000000000000,3.5351562500000000,0.0000000000000000
27.5563240,0.0000000000000000,0.0000000000000000,3.0518071651458740,0.0000000000000000,0.0000000000000000,3.5351562500000000,0.0000000000000000
27.5663166,0.0000000000000000,0.0000000000000000,3.0655264854431152,0.0000000000000000,0.0000000000000000,3.5351562500000000,0.0000000000000000
27.5769463,0.0000000000000000,0.0000000000000000,3.0691461563110352,0.0000000000000000,0.0000000000000000,3.5351562500000000,0.0000000000000000
27.5863171,0.0000000000000000,0.0000000000000000,3.0673968791961670,0.0000000000000000,0.0000000000000000,3.5351562500000000,0.0000000000000000
27.5981121,0.0000000000000000,0.0000000000000000,3.0691187381744385,0.0000000000000000,0.0000000000000000,3.5351562500000000,0.0000000000000000
27.6061478,0.0000000000000000,0.0000000000000000,3.0782361030578613,0.0000000000000000,0.0000000000000000,3.5351562500000000,0.0000000000000000
27.6165314,0.0000000000000000,0.0000000000000000,3.0782361030578613,0.0000000000000000,0.0000000000000000,1.6289062500000000,0.0000000000000000
27.6267319,0.0000000000000000,0.0000000000000000,3.0953946113586426,0.0000000000000000,0.0000000000000000,1.6289062500000000,0.0000000000000000
27.6367474,0.0000000000000000,0.0000000000000000,3.1149759292602539,0.0000000000000000,0.0000000000000000,1.6289062500000000,0.0000000000000000
27.6467552,0.0000000000000000,0.0000000000000000,3.1371498107910156,0.0000000000000000,0.0000000000000000,1.6289062500000000,0.0000000000000000
27.6567554,0.0000000000000000,0.0000000000000000,3.1586444377899170,0.0000000000000000,0.0000000000000000,1.6289062500000000,0.0000000000000000
27.6663246,0.0000000000000000,0.0000000000000000,3.1772162914276123,0.0000000000000000,0.0000000000000000,1.6289062500000000,0.0000000000000000
27.6767063,0.0000000000000000,0.0000000000000000,3.1910550594329834,0.0000000000000000,0.0000000000000000,1.6289062500000000,0.0000000000000000
27.6863098,0.0000000000000000,0.0000000000000000,3.1990444660186768,0.0000000000000000,0.0000000000000000,1.6289062500000000,0.0000000000000000
27.6959591,0.0000000000000000,0.0000000000000000,3.2018580436706543,0.0000000000000000,0.0000000000000000,1.6289062500000000,0.0000000000000000
27.7073154,0.0000000000000000,0.0000000000000000,3.2018580436706543,0.0000000000000000,0.0000000000000000,-0.2578125000000000,0.0000000000000000
27.7163944,0.0000000000000000,0.0000000000000000,3.1919283866882324,0.0000000000000000,0.0000000000000000,-0.2578125000000000,0.0000000000000000
27.7267895,0.0000000000000000,0.0000000000000000,3.1805028915405273,0.0000000000000000,0.0000000000000000,-0.2578125000000000,0.0000000000000000
27.7367077,0.0000000000000000,0.0000000000000000,3.1661760807037354,0.0000000000000000,0.0000000000000000,-0.2578125000000000,0.0000000000000000
27.7466583,0.0000000000000000,0.0000000000000000,3.1486318111419678,0.0000000000000000,0.0000000000000000,-0.2578125000000000,0.0000000000000000
27.7563896,0.0000000000000000,0.0000000000000000,3.1294093132019043,0.0000000000000000,0.0000000000000000,-0.2578125000000000,0.0000000000000000
27.7664890,0.0000000000000000,0.0000000000000000,3.1064422130584717,0.0000000000000000,0.0000000000000000,-0.2578125000000000,0.0000000000000000
27.7763195,0.0000000000000000,0.0000000000000000,3.0811603069305420,0.0000000000000000,0.0000000000000000,-0.2578125000000000,0.0000000000000000
27.7864399,0.0000000000000000,0.0000000000000000,3.0533816814422607,0.0000000000000000,0.0000000000000000,-0.2578125000000000,0.0000000000000000
27.7963142,0.0000000000000000,0.0000000000000000,3.0255529880523682,0.0000000000000000,0.0000000000000000,-0.2578125000000000,0.0000000000000000
27.8063641,0.0000000000000000,0.0000000000000000,2.9992463588714600,0.0000000000000000,0.0000000000000000,-0.2578125000000000,0.0000000000000000
27.8177013,0.0000000000000000,0.0000000000000000,2.9819486141204834,0.0000000000000000,0.0000000000000000,-0.2578125000000000,0.0000000000000000
27.8258419,0.0000000000000000,0.0000000000000000,3.0047388076782227,0.0000000000000000,0.0000000000000000,-0.2578125000000000,0.0000000000000000
27.8359776,0.0000000000000000,0.0000000000000000,3.0047388076782227,0.0000000000000000,0.0000000000000000,4.6015625000000000,0.0000000000000000
27.8463192,0.0000000000000000,0.0000000000000000,3.0523931980133057,0.0000000000000000,0.0000000000000000,4.6015625000000000,0.0000000000000000
27.8563118,0.0000000000000000,0.0000000000000000,3.1110546588897705,0.0000000000000000,0.0000000000000000,4.6015625000000000,0.0000000000000000
27.8666344,0.0000000000000000,0.0000000000000000,3.1776521205902100,0.0000000000000000,0.0000000000000000,4.6015625000000000,0.0000000000000000
27.8763103,0.0000000000000000,0.0000000000000000,3.1776521205902100,0.0000000000000000,0.0000000000000000,4.7890625000000000,0.0000000000000000
27.8863049,0.0000000000000000,0.0000000000000000,3.1776521205902100,0.0000000000000000,0.0000000000000000,3.4121093750000000,0.0000000000000000
27.8963070,0.0000000000000000,0.0000000000000000,3.1776521205902100,0.0000000000000000,0.0000000000000000,1.9511718750000000,0.0000000000000000
27.9063110,0.0000000000000000,0.0000000000000000,3.1776521205902100,0.0000000000000000,0.0000000000000000,0.5273437500000000,0.0000000000000000
27.9162922,0.0000000000000000,0.0000000000000000,3.1776521205902100,0.0000000000000000,0.0000000000000000,-0.7031250000000000,0.0000000000000000
27.9263153,0.0000000000000000,0.0000000000000000,3.1776521205902100,0.0000000000000000,0.0000000000000000,-1.3925781250000000,0.0000000000000000
27.9363308,0.0000000000000000,0.0000000000000000,3.1776521205902100,0.0000000000000000,0.0000000000000000,-1.6933593750000000,0.0000000000000000
27.9463539,0.0000000000000000,0.0000000000000000,3.1776521205902100,0.0000000000000000,0.0000000000000000,-1.8496093750000000,0.0000000000000000
27.9563427,0.0000000000000000,0.0000000000000000,3.1776521205902100,0.0000000000000000,0.0000000000000000,-1.8789062500000000,0.0000000000000000
27.9663296,0.0000000000000000,0.0000000000000000,3.1776521205902100,0.0000000000000000,0.0000000000000000,-1.8203125000000000,0.0000000000000000
27.9763241,0.0000000000000000,0.0000000000000000,3.1776521205902100,0.0000000000000000,0.0000000000000000,-1.9296875000000000,0.0000000000000000
27.9863434,0.0000000000000000,0.0000000000000000,3.1776521205902100,0.0000000000000000,0.0000000000000000,-2.2714843750000000,0.0000000000000000
27.9963398,0.0000000000000000,0.0000000000000000,3.1776521205902100,0.0000000000000000,0.0000000000000000,-2.7812500000000000,0.0000000000000000
28.0063648,0.0000000000000000,0.0000000000000000,3.1776521205902100,0.0000000000000000,0.0000000000000000,-3.4140625000000000,0.0000000000000000
28.0171337,0.0000000000000000,0.0000000000000000,3.1776521205902100,0.0000000000000000,0.0000000000000000,-4.0664062500000000,0.0000000000000000
28.0263767,0.0000000000000000,0.0000000000000000,3.1776521205902100,0.0000000000000000,0.0000000000000000,-4.7167968750000000,0.0000000000000000
28.0363197,0.0000000000000000,0.0000000000000000,3.1776521205902100,0.0000000000000000,0.0000000000000000,-5.1093750000000000,0.0000000000000000
28.0460129,0.0000000000000000,0.0000000000000000,3.1776521205902100,0.0000000000000000,0.0000000000000000,-5.0937500000000000,0.0000000000000000
28.0571957,0.0000000000000000,0.0000000000000000,2.9565310478210449,0.0000000000000000,0.0000000000000000,-5.0937500000000000,0.0000000000000000
28.0668125,0.0000000000000000,0.0000000000000000,2.9565310478210449,0.0000000000000000,0.0000000000000000,-3.9277343750000000,0.0000000000000000
28.0767651,0.0000000000000000,0.0000000000000000,2.9565310478210449,0.0000000000000000,0.0000000000000000,-2.6972656250000000,0.0000000000000000
28.0863934,0.0000000000000000,0.0000000000000000,2.9565310478210449,0.0000000000000000,0.0000000000000000,-0.9765625000000000,0.0000000000000000
28.0967979,0.0000000000000000,0.0000000000000000,2.9565310478210449,0.0000000000000000,0.0000000000000000,1.0371093750000000,0.0000000000000000
28.1068382,0.0000000000000000,0.0000000000000000,2.9565310478210449,0.0000000000000000,0.0000000000000000,2.9355468750000000,0.0000000000000000
28.1168270,0.0000000000000000,0.0000000000000000,2.9565310478210449,0.0000000000000000,0.0000000000000000,4.2695312500000000,0.0000000000000000
28.1267967,0.0000000000000000,0.0000000000000000,2.9565310478210449,0.0000000000000000,0.0000000000000000,4.6347656250000000,0.0000000000000000
28.1363716,0.0000000000000000,0.0000000000000000,2.9565310478210449,0.0000000000000000,0.0000000000000000,4.0781250000000000,0.0000000000000000
28.1464062,0.0000000000000000,0.0000000000000000,2.9565310478210449,0.0000000000000000,0.0000000000000000,2.8945312500000000,0.0000000000000000
28.1569920,0.0000000000000000,0.0000000000000000,2.9565310478210449,0.0000000000000000,0.0000000000000000,1.3535156250000000,0.0000000000000000
28.1668510,0.0000000000000000,0.0000000000000000,2.9565310478210449,0.0000000000000000,0.0000000000000000,-0.2597656250000000,0.0000000000000000
28.1767693,0.0000000000000000,0.0000000000000000,2.9565310478210449,0.0000000000000000,0.0000000000000000,-1.6210937500000000,0.0000000000000000
28.1868324,0.0000000000000000,0.0000000000000000,2.9565310478210449,0.0000000000000000,0.0000000000000000,-2.5644531250000000,0.0000000000000000
28.1965504,0.0000000000000000,0.0000000000000000,2.9565310478210449,0.0000000000000000,0.0000000000000000,-3.2675781250000000,0.0000000000000000
28.2066708,0.0000000000000000,0.0000000000000000,2.9565310478210449,0.0000000000000000,0.0000000000000000,-3.9023437500000000,0.0000000000000000
28.2167034,0.0000000000000000,0.0000000000000000,2.9565310478210449,0.0000000000000000,0.0000000000000000,-4.4550781250000000,0.0000000000000000
28.2261868,0.0000000000000000,0.0000000000000000,2.8594796657562256,0.0000000000000000,0.0000000000000000,-4.4550781250000000,0.0000000000000000
28.2363472,0.0000000000000000,0.0000000000000000,2.8594796657562256,0.0000000000000000,0.0000000000000000,-4.6484375000000000,0.0000000000000000
28.2463665,0.0000000000000000,0.0000000000000000,2.8594796657562256,0.0000000000000000,0.0000000000000000,-4.1972656250000000,0.0000000000000000
28.2562733,0.0000000000000000,0.0000000000000000,2.8594796657562256,0.0000000000000000,0.0000000000000000,-3.5195312500000000,0.0000000000000000
28.2667561,0.0000000000000000,0.0000000000000000,2.7147397994995117,0.0000000000000000,0.0000000000000000,-3.5195312500000000,0.0000000000000000
28.2769356,0.0000000000000000,0.0000000000000000,2.7147397994995117,0.0000000000000000,0.0000000000000000,0.1054687500000000,0.0000000000000000
28.2864647,0.0000000000000000,0.0000000000000000,2.7196202278137207,0.0000000000000000,0.0000000000000000,0.1054687500000000,0.0000000000000000
28.2963924,0.0000000000000000,0.0000000000000000,2.7444801330566406,0.0000000000000000,0.0000000000000000,0.1054687500000000,0.0000000000000000
28.3064117,0.0000000000000000,0.0000000000000000,2.7793328762054443,0.0000000000000000,0.0000000000000000,0.1054687500000000,0.0000000000000000
28.3164387,0.0000000000000000,0.0000000000000000,2.8241517543792725,0.0000000000000000,0.0000000000000000,0.1054687500000000,0.0000000000000000
28.3264103,0.0000000000000000,0.0000000000000000,2.8676838874816895,0.0000000000000000,0.0000000000000000,0.1054687500000000,0.0000000000000000
28.3364582,0.0000000000000000,0.0000000000000000,2.9124689102172852,0.0000000000000000,0.0000000000000000,0.1054687500000000,0.0000000000000000
28.3464222,0.0000000000000000,0.0000000000000000,2.9482011795043945,0.0000000000000000,0.0000000000000000,0.1054687500000000,0.0000000000000000
28.3563995,0.0000000000000000,0.0000000000000000,2.9807610511779785,0.0000000000000000,0.0000000000000000,0.1054687500000000,0.0000000000000000
28.3658447,0.0000000000000000,0.0000000000000000,3.0026619434356689,0.0000000000000000,0.0000000000000000,0.1054687500000000,0.0000000000000000
28.3769493,0.0000000000000000,0.0000000000000000,3.0026619434356689,0.0000000000000000,0.0000000000000000,1.5332031250000000,0.0000000000000000
28.3864326,0.0000000000000000,0.0000000000000000,3.0261833667755127,0.0000000000000000,0.0000000000000000,1.5332031250000000,0.0000000000000000
28.3964233,0.0000000000000000,0.0000000000000000,3.0284082889556885,0.0000000000000000,0.0000000000000000,1.5332031250000000,0.0000000000000000
28.4064331,0.0000000000000000,0.0000000000000000,3.0260353088378906,0.0000000000000000,0.0000000000000000,1.5332031250000000,0.0000000000000000
28.4164467,0.0000000000000000,0.0000000000000000,3.0204656124114990,0.0000000000000000,0.0000000000000000,1.5332031250000000,0.0000000000000000
28.4264507,0.0000000000000000,0.0000000000000000,3.0123906135559082,0.0000000000000000,0.0000000000000000,1.5332031250000000,0.0000000000000000
28.4368744,0.0000000000000000,0.0000000000000000,3.0022642612457275,0.0000000000000000,0.0000000000000000,1.5332031250000000,0.0000000000000000
28.4464684,0.0000000000000000,0.0000000000000000,2.9920580387115479,0.0000000000000000,0.0000000000000000,1.5332031250000000,0.0000000000000000
28.4564552,0.0000000000000000,0.0000000000000000,2.9802122116088867,0.0000000000000000,0.0000000000000000,1.5332031250000000,0.0000000000000000
28.4671059,0.0000000000000000,0.0000000000000000,2.9680182933807373,0.0000000000000000,0.0000000000000000,1.5332031250000000,0.0000000000000000
28.4770756,0.0000000000000000,0.0000000000000000,2.9537363052368164,0.0000000000000000,0.0000000000000000,1.5332031250000000,0.0000000000000000
28.4869041,0.0000000000000000,0.0000000000000000,2.9389374256134033,0.0000000000000000,0.0000000000000000,1.5332031250000000,0.0000000000000000
28.4969120,0.0000000000000000,0.0000000000000000,2.9217894077301025,0.0000000000000000,0.0000000000000000,1.5332031250000000,0.0000000000000000
28.5083351,0.0000000000000000,0.0000000000000000,2.8848729133605957,0.0000000000000000,0.0000000000000000,1.5332031250000000,0.0000000000000000
28.5163155,0.0000000000000000,0.0000000000000000,2.8687887191772461,0.0000000000000000,0.0000000000000000,1.5332031250000000,0.0000000000000000
28.5268688,0.0000000000000000,0.0000000000000000,2.8687887191772461,0.0000000000000000,0.0000000000000000,-0.8671875000000000,0.0000000000000000
28.5369015,0.0000000000000000,0.0000000000000000,2.8607754707336426,0.0000000000000000,0.0000000000000000,-0.8671875000000000,0.0000000000000000
28.5469398,0.0000000000000000,0.0000000000000000,2.8654344081878662,0.0000000000000000,0.0000000000000000,-0.8671875000000000,0.0000000000000000
28.5568657,0.0000000000000000,0.0000000000000000,2.8860719203948975,0.0000000000000000,0.0000000000000000,-0.8671875000000000,0.0000000000000000
28.5681591,0.0000000000000000,0.0000000000000000,2.9727363586425781,0.0000000000000000,0.0000000000000000,-0.8671875000000000,0.0000000000000000
28.5759277,0.0000000000000000,0.0000000000000000,3.0249390602111816,0.0000000000000000,0.0000000000000000,-0.8671875000000000,0.0000000000000000
28.5859051,0.0000000000000000,0.0000000000000000,3.0249390602111816,0.0000000000000000,0.0000000000000000,4.7910156250000000,0.0000000000000000
28.5972652,0.0000000000000000,0.0000000000000000,3.0492660999298096,0.0000000000000000,0.0000000000000000,4.7910156250000000,0.0000000000000000
28.6067924,0.0000000000000000,0.0000000000000000,3.1114959716796875,0.0000000000000000,0.0000000000000000,4.7910156250000000,0.0000000000000000
28.6168346,0.0000000000000000,0.0000000000000000,3.1403355598449707,0.0000000000000000,0.0000000000000000,4.7910156250000000,0.0000000000000000
28.6266117,0.0000000000000000,0.0000000000000000,3.1563975811004639,0.0000000000000000,0.0000000000000000,4.7910156250000000,0.0000000000000000
28.6366081,0.0000000000000000,0.0000000000000000,3.1613969802856445,0.0000000000000000,0.0000000000000000,4.7910156250000000,0.0000000000000000
28.6466904,0.0000000000000000,0.0000000000000000,3.1542131900787354,0.0000000000000000,0.0000000000000000,4.7910156250000000,0.0000000000000000
28.6565647,0.0000000000000000,0.0000000000000000,3.1335239410400391,0.0000000000000000,0.0000000000000000,4.7910156250000000,0.0000000000000000
28.6668320,0.0000000000000000,0.0000000000000000,3.1026284694671631,0.0000000000000000,0.0000000000000000,4.7910156250000000,0.0000000000000000
28.6768074,0.0000000000000000,0.0000000000000000,3.0608749389648438,0.0000000000000000,0.0000000000000000,4.7910156250000000,0.0000000000000000
28.6861477,0.0000000000000000,0.0000000000000000,3.0608749389648438,0.0000000000000000,0.0000000000000000,-4.5722656250000000,0.0000000000000000
28.6964741,0.0000000000000000,0.0000000000000000,2.9727399349212646,0.0000000000000000,0.0000000000000000,-4.5722656250000000,0.0000000000000000
28.7064953,0.0000000000000000,0.0000000000000000,2.9329657554626465,0.0000000000000000,0.0000000000000000,-4.5722656250000000,0.0000000000000000
28.7164955,0.0000000000000000,0.0000000000000000,2.9059228897094727,0.0000000000000000,0.0000000000000000,-4.5722656250000000,0.0000000000000000
28.7267952,0.0000000000000000,0.0000000000000000,2.8979094028472900,0.0000000000000000,0.0000000000000000,-4.5722656250000000,0.0000000000000000
28.7365074,0.0000000000000000,0.0000000000000000,2.8979094028472900,0.0000000000000000,0.0000000000000000,2.7539062500000000,0.0000000000000000
28.7464790,0.0000000000000000,0.0000000000000000,2.8979094028472900,0.0000000000000000,0.0000000000000000,3.4726562500000000,0.0000000000000000
28.7564793,0.0000000000000000,0.0000000000000000,2.8979094028472900,0.0000000000000000,0.0000000000000000,3.3652343750000000,0.0000000000000000
28.7662086,0.0000000000000000,0.0000000000000000,2.8979094028472900,0.0000000000000000,0.0000000000000000,2.6777343750000000,0.0000000000000000
28.7768059,0.0000000000000000,0.0000000000000000,3.0283219814300537,0.0000000000000000,0.0000000000000000,2.6777343750000000,0.0000000000000000
28.7864742,0.0000000000000000,0.0000000000000000,3.0283219814300537,0.0000000000000000,0.0000000000000000,0.3652343750000000,0.0000000000000000
28.7964630,0.0000000000000000,0.0000000000000000,3.0283219814300537,0.0000000000000000,0.0000000000000000,-0.7734375000000000,0.0000000000000000
28.8064976,0.0000000000000000,0.0000000000000000,3.0283219814300537,0.0000000000000000,0.0000000000000000,-1.7656250000000000,0.0000000000000000
28.8164825,0.0000000000000000,0.0000000000000000,3.0283219814300537,0.0000000000000000,0.0000000000000000,-2.6679687500000000,0.0000000000000000
28.8264847,0.0000000000000000,0.0000000000000000,3.0283219814300537,0.0000000000000000,0.0000000000000000,-3.4003906250000000,0.0000000000000000
28.8364983,0.0000000000000000,0.0000000000000000,3.0283219814300537,0.0000000000000000,0.0000000000000000,-3.8984375000000000,0.0000000000000000
28.8464737,0.0000000000000000,0.0000000000000000,3.0283219814300537,0.0000000000000000,0.0000000000000000,-3.9179687500000000,0.0000000000000000
28.8572369,0.0000000000000000,0.0000000000000000,3.0283219814300537,0.0000000000000000,0.0000000000000000,-2.9902343750000000,0.0000000000000000
28.8665199,0.0000000000000000,0.0000000000000000,3.0283219814300537,0.0000000000000000,0.0000000000000000,-1.2343750000000000,0.0000000000000000
28.8765831,0.0000000000000000,0.0000000000000000,3.0283219814300537,0.0000000000000000,0.0000000000000000,1.1250000000000000,0.0000000000000000
28.8864841,0.0000000000000000,0.0000000000000000,3.0283219814300537,0.0000000000000000,0.0000000000000000,3.5136718750000000,0.0000000000000000
28.8964977,0.0000000000000000,0.0000000000000000,3.0283219814300537,0.0000000000000000,0.0000000000000000,4.9121093750000000,0.0000000000000000
28.9069824,0.0000000000000000,0.0000000000000000,3.0283219814300537,0.0000000000000000,0.0000000000000000,5.2070312500000000,0.0000000000000000
28.9171314,0.0000000000000000,0.0000000000000000,3.0283219814300537,0.0000000000000000,0.0000000000000000,4.7656250000000000,0.0000000000000000
28.9265976,0.0000000000000000,0.0000000000000000,3.0283219814300537,0.0000000000000000,0.0000000000000000,3.8574218750000000,0.0000000000000000
28.9369526,0.0000000000000000,0.0000000000000000,3.0283219814300537,0.0000000000000000,0.0000000000000000,2.7148437500000000,0.0000000000000000
28.9465866,0.0000000000000000,0.0000000000000000,3.0283219814300537,0.0000000000000000,0.0000000000000000,1.5937500000000000,0.0000000000000000
28.9569435,0.0000000000000000,0.0000000000000000,3.0283219814300537,0.0000000000000000,0.0000000000000000,0.6015625000000000,0.0000000000000000
28.9669304,0.0000000000000000,0.0000000000000000,3.0283219814300537,0.0000000000000000,0.0000000000000000,-0.4042968750000000,0.0000000000000000
28.9769669,0.0000000000000000,0.0000000000000000,3.0283219814300537,0.0000000000000000,0.0000000000000000,-1.3750000000000000,0.0000000000000000
28.9869308,0.0000000000000000,0.0000000000000000,3.0283219814300537,0.0000000000000000,0.0000000000000000,-2.1406250000000000,0.0000000000000000
28.9965820,0.0000000000000000,0.0000000000000000,3.0283219814300537,0.0000000000000000,0.0000000000000000,-2.5390625000000000,0.0000000000000000
29.0065289,0.0000000000000000,0.0000000000000000,3.0283219814300537,0.0000000000000000,0.0000000000000000,-2.6367187500000000,0.0000000000000000
29.0165443,0.0000000000000000,0.0000000000000000,3.0283219814300537,0.0000000000000000,0.0000000000000000,-2.3574218750000000,0.0000000000000000
29.0268173,0.0000000000000000,0.0000000000000000,3.0283219814300537,0.0000000000000000,0.0000000000000000,-1.7597656250000000,0.0000000000000000
29.0387287,0.0000000000000000,0.0000000000000000,2.9922962188720703,0.0000000000000000,0.0000000000000000,0.2402343750000000,0.0000000000000000
29.0464878,0.0000000000000000,0.0000000000000000,2.9922962188720703,0.0000000000000000,0.0000000000000000,1.5214843750000000,0.0000000000000000
29.0563431,0.0000000000000000,0.0000000000000000,3.0011663436889648,0.0000000000000000,0.0000000000000000,1.5214843750000000,0.0000000000000000
29.0671215,0.0000000000000000,0.0000000000000000,3.0011663436889648,0.0000000000000000,0.0000000000000000,2.3554687500000000,0.0000000000000000
29.0766563,0.0000000000000000,0.0000000000000000,3.0011663436889648,0.0000000000000000,0.0000000000000000,2.6328125000000000,0.0000000000000000
29.0866127,0.0000000000000000,0.0000000000000000,3.0011663436889648,0.0000000000000000,0.0000000000000000,2.4179687500000000,0.0000000000000000
29.0966778,0.0000000000000000,0.0000000000000000,3.0011663436889648,0.0000000000000000,0.0000000000000000,1.8925781250000000,0.0000000000000000
29.1065559,0.0000000000000000,0.0000000000000000,3.0011663436889648,0.0000000000000000,0.0000000000000000,1.1152343750000000,0.0000000000000000
29.1167603,0.0000000000000000,0.0000000000000000,3.0011663436889648,0.0000000000000000,0.0000000000000000,0.3437500000000000,0.0000000000000000
29.1267548,0.0000000000000000,0.0000000000000000,3.0011663436889648,0.0000000000000000,0.0000000000000000,-0.1875000000000000,0.0000000000000000
29.1365433,0.0000000000000000,0.0000000000000000,3.0011663436889648,0.0000000000000000,0.0000000000000000,-0.3593750000000000,0.0000000000000000
29.1471653,0.0000000000000000,0.0000000000000000,3.0011663436889648,0.0000000000000000,0.0000000000000000,-0.2910156250000000,0.0000000000000000
29.1565552,0.0000000000000000,0.0000000000000000,3.0982830524444580,0.0000000000000000,0.0000000000000000,-0.2910156250000000,0.0000000000000000
29.1665611,0.0000000000000000,0.0000000000000000,3.0983190536499023,0.0000000000000000,0.0000000000000000,-0.2910156250000000,0.0000000000000000
29.1765766,0.0000000000000000,0.0000000000000000,3.1027715206146240,0.0000000000000000,0.0000000000000000,-0.2910156250000000,0.0000000000000000
29.1865635,0.0000000000000000,0.0000000000000000,3.1153488159179688,0.0000000000000000,0.0000000000000000,-0.2910156250000000,0.0000000000000000
29.1965904,0.0000000000000000,0.0000000000000000,3.1363122463226318,0.0000000000000000,0.0000000000000000,-0.2910156250000000,0.0000000000000000
29.2065563,0.0000000000000000,0.0000000000000000,3.1653184890747070,0.0000000000000000,0.0000000000000000,-0.2910156250000000,0.0000000000000000
29.2160053,0.0000000000000000,0.0000000000000000,3.1952390670776367,0.0000000000000000,0.0000000000000000,-0.2910156250000000,0.0000000000000000
29.2266254,0.0000000000000000,0.0000000000000000,3.1952390670776367,0.0000000000000000,0.0000000000000000,3.1386718750000000,0.0000000000000000
29.2371655,0.0000000000000000,0.0000000000000000,3.1952390670776367,0.0000000000000000,0.0000000000000000,2.7265625000000000,0.0000000000000000
29.2465820,0.0000000000000000,0.0000000000000000,3.2740604877471924,0.0000000000000000,0.0000000000000000,2.7265625000000000,0.0000000000000000
29.2565842,0.0000000000000000,0.0000000000000000,3.2869637012481689,0.0000000000000000,0.0000000000000000,2.7265625000000000,0.0000000000000000
29.2665672,0.0000000000000000,0.0000000000000000,3.2949883937835693,0.0000000000000000,0.0000000000000000,2.7265625000000000,0.0000000000000000
29.2766285,0.0000000000000000,0.0000000000000000,3.3009920120239258,0.0000000000000000,0.0000000000000000,2.7265625000000000,0.0000000000000000
29.2865849,0.0000000000000000,0.0000000000000000,3.3093814849853516,0.0000000000000000,0.0000000000000000,2.7265625000000000,0.0000000000000000
29.2971554,0.0000000000000000,0.0000000000000000,3.3190779685974121,0.0000000000000000,0.0000000000000000,2.7265625000000000,0.0000000000000000
29.3066063,0.0000000000000000,0.0000000000000000,3.3287012577056885,0.0000000000000000,0.0000000000000000,2.7265625000000000,0.0000000000000000
29.3166065,0.0000000000000000,0.0000000000000000,3.3350591659545898,0.0000000000000000,0.0000000000000000,2.7265625000000000,0.0000000000000000
29.3266411,0.0000000000000000,0.0000000000000000,3.3379580974578857,0.0000000000000000,0.0000000000000000,2.7265625000000000,0.0000000000000000
29.3366432,0.0000000000000000,0.0000000000000000,3.3376064300537109,0.0000000000000000,0.0000000000000000,2.7265625000000000,0.0000000000000000
29.3470974,0.0000000000000000,0.0000000000000000,3.3371214866638184,0.0000000000000000,0.0000000000000000,2.7265625000000000,0.0000000000000000
29.3572998,0.0000000000000000,0.0000000000000000,3.3383975028991699,0.0000000000000000,0.0000000000000000,2.7265625000000000,0.0000000000000000
29.3682308,0.0000000000000000,0.0000000000000000,3.3425900936126709,0.0000000000000000,0.0000000000000000,2.7265625000000000,0.0000000000000000
29.3764439,0.0000000000000000,0.0000000000000000,3.3423733711242676,0.0000000000000000,0.0000000000000000,2.7265625000000000,0.0000000000000000
29.3866901,0.0000000000000000,0.0000000000000000,3.3423733711242676,0.0000000000000000,0.0000000000000000,-0.3437500000000000,0.0000000000000000
29.3970661,0.0000000000000000,0.0000000000000000,3.3390376567840576,0.0000000000000000,0.0000000000000000,-0.3437500000000000,0.0000000000000000
29.4070225,0.0000000000000000,0.0000000000000000,3.3326766490936279,0.0000000000000000,0.0000000000000000,-0.3437500000000000,0.0000000000000000
29.4170685,0.0000000000000000,0.0000000000000000,3.3245084285736084,0.0000000000000000,0.0000000000000000,-0.3437500000000000,0.0000000000000000
29.4270096,0.0000000000000000,0.0000000000000000,3.3167958259582520,0.0000000000000000,0.0000000000000000,-0.3437500000000000,0.0000000000000000
29.4374084,0.0000000000000000,0.0000000000000000,3.3129346370697021,0.0000000000000000,0.0000000000000000,-0.3437500000000000,0.0000000000000000
29.4470387,0.0000000000000000,0.0000000000000000,3.3141086101531982,0.0000000000000000,0.0000000000000000,-0.3437500000000000,0.0000000000000000
29.4571476,0.0000000000000000,0.0000000000000000,3.3187444210052490,0.0000000000000000,0.0000000000000000,-0.3437500000000000,0.0000000000000000
29.4671497,0.0000000000000000,0.0000000000000000,3.3237471580505371,0.0000000000000000,0.0000000000000000,-0.3437500000000000,0.0000000000000000
29.4783916,0.0000000000000000,0.0000000000000000,3.3246726989746094,0.0000000000000000,0.0000000000000000,-0.3437500000000000,0.0000000000000000
29.4860439,0.0000000000000000,0.0000000000000000,3.3146674633026123,0.0000000000000000,0.0000000000000000,-0.3437500000000000,0.0000000000000000
29.4963512,0.0000000000000000,0.0000000000000000,3.3146674633026123,0.0000000000000000,0.0000000000000000,-1.9921875000000000,0.0000000000000000
29.5069160,0.0000000000000000,0.0000000000000000,3.2953066825866699,0.0000000000000000,0.0000000000000000,-1.9921875000000000,0.0000000000000000
29.5166359,0.0000000000000000,0.0000000000000000,3.2658708095550537,0.0000000000000000,0.0000000000000000,-1.9921875000000000,0.0000000000000000
29.5269318,0.0000000000000000,0.0000000000000000,3.2249348163604736,0.0000000000000000,0.0000000000000000,-1.9921875000000000,0.0000000000000000
29.5367374,0.0000000000000000,0.0000000000000000,3.1806330680847168,0.0000000000000000,0.0000000000000000,-1.9921875000000000,0.0000000000000000
29.5466976,0.0000000000000000,0.0000000000000000,3.1325061321258545,0.0000000000000000,0.0000000000000000,-1.9921875000000000,0.0000000000000000
29.5566025,0.0000000000000000,0.0000000000000000,3.0815985202789307,0.0000000000000000,0.0000000000000000,-1.9921875000000000,0.0000000000000000
29.5684261,0.0000000000000000,0.0000000000000000,3.0024671554565430,0.0000000000000000,0.0000000000000000,-1.9921875000000000,0.0000000000000000
29.5760441,0.0000000000000000,0.0000000000000000,2.9909296035766602,0.0000000000000000,0.0000000000000000,-1.9921875000000000,0.0000000000000000
29.5864964,0.0000000000000000,0.0000000000000000,2.9909296035766602,0.0000000000000000,0.0000000000000000,1.5722656250000000,0.0000000000000000
29.5983334,0.0000000000000000,0.0000000000000000,3.0484576225280762,0.0000000000000000,0.0000000000000000,1.5722656250000000,0.0000000000000000
29.6059799,0.0000000000000000,0.0000000000000000,3.0484576225280762,0.0000000000000000,0.0000000000000000,6.2265625000000000,0.0000000000000000
29.6160889,0.0000000000000000,0.0000000000000000,3.1356980800628662,0.0000000000000000,0.0000000000000000,6.2265625000000000,0.0000000000000000
29.6266594,0.0000000000000000,0.0000000000000000,3.1655983924865723,0.0000000000000000,0.0000000000000000,6.2265625000000000,0.0000000000000000
29.6369400,0.0000000000000000,0.0000000000000000,3.2201695442199707,0.0000000000000000,0.0000000000000000,6.2265625000000000,0.0000000000000000
29.6466331,0.0000000000000000,0.0000000000000000,3.2201695442199707,0.0000000000000000,0.0000000000000000,2.3007812500000000,0.0000000000000000
29.6566162,0.0000000000000000,0.0000000000000000,3.2201695442199707,0.0000000000000000,0.0000000000000000,0.4863281250000000,0.0000000000000000
29.6666546,0.0000000000000000,0.0000000000000000,3.2201695442199707,0.0000000000000000,0.0000000000000000,-1.0605468750000000,0.0000000000000000
29.6765919,0.0000000000000000,0.0000000000000000,3.2201695442199707,0.0000000000000000,0.0000000000000000,-1.8886718750000000,0.0000000000000000
29.6865921,0.0000000000000000,0.0000000000000000,3.2201695442199707,0.0000000000000000,0.0000000000000000,-1.8847656250000000,0.0000000000000000
29.6966171,0.0000000000000000,0.0000000000000000,3.2201695442199707,0.0000000000000000,0.0000000000000000,-1.2832031250000000,0.0000000000000000
29.7066154,0.0000000000000000,0.0000000000000000,3.2201695442199707,0.0000000000000000,0.0000000000000000,-0.4257812500000000,0.0000000000000000
29.7166405,0.0000000000000000,0.0000000000000000,3.2201695442199707,0.0000000000000000,0.0000000000000000,0.3730468750000000,0.0000000000000000
29.7266350,0.0000000000000000,0.0000000000000000,3.2201695442199707,0.0000000000000000,0.0000000000000000,0.6894531250000000,0.0000000000000000
29.7366238,0.0000000000000000,0.0000000000000000,3.2201695442199707,0.0000000000000000,0.0000000000000000,0.4609375000000000,0.0000000000000000
29.7466564,0.0000000000000000,0.0000000000000000,3.2201695442199707,0.0000000000000000,0.0000000000000000,-0.1406250000000000,0.0000000000000000
29.7566586,0.0000000000000000,0.0000000000000000,3.2201695442199707,0.0000000000000000,0.0000000000000000,-1.0253906250000000,0.0000000000000000
29.7673435,0.0000000000000000,0.0000000000000000,3.2201695442199707,0.0000000000000000,0.0000000000000000,-2.2851562500000000,0.0000000000000000
29.7766171,0.0000000000000000,0.0000000000000000,3.2201695442199707,0.0000000000000000,0.0000000000000000,-3.6562500000000000,0.0000000000000000
29.7866154,0.0000000000000000,0.0000000000000000,3.2201695442199707,0.0000000000000000,0.0000000000000000,-4.8437500000000000,0.0000000000000000
29.7967377,0.0000000000000000,0.0000000000000000,3.2201695442199707,0.0000000000000000,0.0000000000000000,-5.6777343750000000,0.0000000000000000
29.8076382,0.0000000000000000,0.0000000000000000,3.0648403167724609,0.0000000000000000,0.0000000000000000,-5.6777343750000000,0.0000000000000000
29.8166828,0.0000000000000000,0.0000000000000000,3.0648403167724609,0.0000000000000000,0.0000000000000000,-5.9296875000000000,0.0000000000000000
29.8270912,0.0000000000000000,0.0000000000000000,3.0648403167724609,0.0000000000000000,0.0000000000000000,-5.3046875000000000,0.0000000000000000
29.8370991,0.0000000000000000,0.0000000000000000,3.0648403167724609,0.0000000000000000,0.0000000000000000,-3.8242187500000000,0.0000000000000000
29.8470802,0.0000000000000000,0.0000000000000000,3.0648403167724609,0.0000000000000000,0.0000000000000000,-1.5488281250000000,0.0000000000000000
29.8567257,0.0000000000000000,0.0000000000000000,3.0648403167724609,0.0000000000000000,0.0000000000000000,1.2968750000000000,0.0000000000000000
29.8671150,0.0000000000000000,0.0000000000000000,3.0648403167724609,0.0000000000000000,0.0000000000000000,4.3554687500000000,0.0000000000000000
29.8766460,0.0000000000000000,0.0000000000000000,3.0648403167724609,0.0000000000000000,0.0000000000000000,6.7207031250000000,0.0000000000000000
29.8866806,0.0000000000000000,0.0000000000000000,3.0648403167724609,0.0000000000000000,0.0000000000000000,7.5605468750000000,0.0000000000000000
29.8971214,0.0000000000000000,0.0000000000000000,3.0648403167724609,0.0000000000000000,0.0000000000000000,7.3125000000000000,0.0000000000000000
29.9067154,0.0000000000000000,0.0000000000000000,3.0648403167724609,0.0000000000000000,0.0000000000000000,6.3828125000000000,0.0000000000000000
29.9166832,0.0000000000000000,0.0000000000000000,3.0648403167724609,0.0000000000000000,0.0000000000000000,5.0156250000000000,0.0000000000000000
29.9266472,0.0000000000000000,0.0000000000000000,3.0648403167724609,0.0000000000000000,0.0000000000000000,3.4277343750000000,0.0000000000000000
29.9369431,0.0000000000000000,0.0000000000000000,3.0648403167724609,0.0000000000000000,0.0000000000000000,1.7246093750000000,0.0000000000000000
29.9473114,0.0000000000000000,0.0000000000000000,3.2761416435241699,0.0000000000000000,0.0000000000000000,1.7246093750000000,0.0000000000000000
29.9568882,0.0000000000000000,0.0000000000000000,3.2761416435241699,0.0000000000000000,0.0000000000000000,-1.2324218750000000,0.0000000000000000
29.9667969,0.0000000000000000,0.0000000000000000,3.2761416435241699,0.0000000000000000,0.0000000000000000,-1.9765625000000000,0.0000000000000000
29.9768658,0.0000000000000000,0.0000000000000000,3.2761416435241699,0.0000000000000000,0.0000000000000000,-2.3046875000000000,0.0000000000000000
29.9870090,0.0000000000000000,0.0000000000000000,3.2761416435241699,0.0000000000000000,0.0000000000000000,-2.3769531250000000,0.0000000000000000
29.9964237,0.0000000000000000,0.0000000000000000,3.1871976852416992,0.0000000000000000,0.0000000000000000,-2.3769531250000000,0.0000000000000000
30.0070915,0.0000000000000000,0.0000000000000000,3.1871976852416992,0.0000000000000000,0.0000000000000000,-2.2929687500000000,0.0000000000000000
30.0171032,0.0000000000000000,0.0000000000000000,3.1871976852416992,0.0000000000000000,0.0000000000000000,-2.5937500000000000,0.0000000000000000
30.0271606,0.0000000000000000,0.0000000000000000,3.1109962463378906,0.0000000000000000,0.0000000000000000,-2.5937500000000000,0.0000000000000000
30.0367146,0.0000000000000000,0.0000000000000000,3.0586845874786377,0.0000000000000000,0.0000000000000000,-2.5937500000000000,0.0000000000000000
30.0461178,0.0000000000000000,0.0000000000000000,3.0199592113494873,0.0000000000000000,0.0000000000000000,-2.5937500000000000,0.0000000000000000
30.0566769,0.0000000000000000,0.0000000000000000,3.0199592113494873,0.0000000000000000,0.0000000000000000,-4.3144531250000000,0.0000000000000000
30.0669594,0.0000000000000000,0.0000000000000000,3.0199592113494873,0.0000000000000000,0.0000000000000000,-4.2070312500000000,0.0000000000000000
30.0770130,0.0000000000000000,0.0000000000000000,2.9159150123596191,0.0000000000000000,0.0000000000000000,-4.2070312500000000,0.0000000000000000
30.0867062,0.0000000000000000,0.0000000000000000,2.8812158107757568,0.0000000000000000,0.0000000000000000,-4.2070312500000000,0.0000000000000000
30.0967083,0.0000000000000000,0.0000000000000000,2.8836743831634521,0.0000000000000000,0.0000000000000000,-4.2070312500000000,0.0000000000000000
30.1067181,0.0000000000000000,0.0000000000000000,2.9094569683074951,0.0000000000000000,0.0000000000000000,-4.2070312500000000,0.0000000000000000
30.1166878,0.0000000000000000,0.0000000000000000,2.9598495960235596,0.0000000000000000,0.0000000000000000,-4.2070312500000000,0.0000000000000000
30.1261940,0.0000000000000000,0.0000000000000000,3.0138022899627686,0.0000000000000000,0.0000000000000000,-4.2070312500000000,0.0000000000000000
30.1367188,0.0000000000000000,0.0000000000000000,3.0138022899627686,0.0000000000000000,0.0000000000000000,5.3867187500000000,0.0000000000000000
30.1472721,0.0000000000000000,0.0000000000000000,3.0138022899627686,0.0000000000000000,0.0000000000000000,4.5195312500000000,0.0000000000000000
30.1567364,0.0000000000000000,0.0000000000000000,3.1431956291198730,0.0000000000000000,0.0000000000000000,4.5195312500000000,0.0000000000000000
30.1667118,0.0000000000000000,0.0000000000000000,3.1612811088562012,0.0000000000000000,0.0000000000000000,4.5195312500000000,0.0000000000000000
30.1767292,0.0000000000000000,0.0000000000000000,3.1672289371490479,0.0000000000000000,0.0000000000000000,4.5195312500000000,0.0000000000000000
30.1867275,0.0000000000000000,0.0000000000000000,3.1638503074645996,0.0000000000000000,0.0000000000000000,4.5195312500000000,0.0000000000000000
30.1967392,0.0000000000000000,0.0000000000000000,3.1549849510192871,0.0000000000000000,0.0000000000000000,4.5195312500000000,0.0000000000000000
30.2071705,0.0000000000000000,0.0000000000000000,3.1457824707031250,0.0000000000000000,0.0000000000000000,4.5195312500000000,0.0000000000000000
30.2167587,0.0000000000000000,0.0000000000000000,3.1373026371002197,0.0000000000000000,0.0000000000000000,4.5195312500000000,0.0000000000000000
30.2267609,0.0000000000000000,0.0000000000000000,3.1305663585662842,0.0000000000000000,0.0000000000000000,4.5195312500000000,0.0000000000000000
30.2373905,0.0000000000000000,0.0000000000000000,3.1223683357238770,0.0000000000000000,0.0000000000000000,4.5195312500000000,0.0000000000000000
30.2473736,0.0000000000000000,0.0000000000000000,3.1117582321166992,0.0000000000000000,0.0000000000000000,4.5195312500000000,0.0000000000000000
30.2571697,0.0000000000000000,0.0000000000000000,3.0954439640045166,0.0000000000000000,0.0000000000000000,4.5195312500000000,0.0000000000000000
30.2671623,0.0000000000000000,0.0000000000000000,3.0714483261108398,0.0000000000000000,0.0000000000000000,4.5195312500000000,0.0000000000000000
30.2769451,0.0000000000000000,0.0000000000000000,3.0371966361999512,0.0000000000000000,0.0000000000000000,4.5195312500000000,0.0000000000000000
30.2871971,0.0000000000000000,0.0000000000000000,2.9943330287933350,0.0000000000000000,0.0000000000000000,4.5195312500000000,0.0000000000000000
30.2973385,0.0000000000000000,0.0000000000000000,2.9467966556549072,0.0000000000000000,0.0000000000000000,4.5195312500000000,0.0000000000000000
30.3072147,0.0000000000000000,0.0000000000000000,2.9004147052764893,0.0000000000000000,0.0000000000000000,4.5195312500000000,0.0000000000000000
30.3171558,0.0000000000000000,0.0000000000000000,2.8591048717498779,0.0000000000000000,0.0000000000000000,4.5195312500000000,0.0000000000000000
30.3272095,0.0000000000000000,0.0000000000000000,2.8263337612152100,0.0000000000000000,0.0000000000000000,4.5195312500000000,0.0000000000000000
30.3372459,0.0000000000000000,0.0000000000000000,2.8074564933776855,0.0000000000000000,0.0000000000000000,4.5195312500000000,0.0000000000000000
30.3467655,0.0000000000000000,0.0000000000000000,2.8065197467803955,0.0000000000000000,0.0000000000000000,4.5195312500000000,0.0000000000000000
30.3572102,0.0000000000000000,0.0000000000000000,2.8248386383056641,0.0000000000000000,0.0000000000000000,4.5195312500000000,0.0000000000000000
30.3670235,0.0000000000000000,0.0000000000000000,2.8605468273162842,0.0000000000000000,0.0000000000000000,4.5195312500000000,0.0000000000000000
30.3772926,0.0000000000000000,0.0000000000000000,2.9091169834136963,0.0000000000000000,0.0000000000000000,4.5195312500000000,0.0000000000000000
30.3869267,0.0000000000000000,0.0000000000000000,2.9613783359527588,0.0000000000000000,0.0000000000000000,4.5195312500000000,0.0000000000000000
30.3967991,0.0000000000000000,0.0000000000000000,3.0150909423828125,0.0000000000000000,0.0000000000000000,4.5195312500000000,0.0000000000000000
30.4070892,0.0000000000000000,0.0000000000000000,3.0614304542541504,0.0000000000000000,0.0000000000000000,4.5195312500000000,0.0000000000000000
30.4168739,0.0000000000000000,0.0000000000000000,3.1017138957977295,0.0000000000000000,0.0000000000000000,4.5195312500000000,0.0000000000000000
30.4267883,0.0000000000000000,0.0000000000000000,3.1343982219696045,0.0000000000000000,0.0000000000000000,4.5195312500000000,0.0000000000000000
30.4367867,0.0000000000000000,0.0000000000000000,3.1600720882415771,0.0000000000000000,0.0000000000000000,4.5195312500000000,0.0000000000000000
30.4470158,0.0000000000000000,0.0000000000000000,3.1748569011688232,0.0000000000000000,0.0000000000000000,4.5195312500000000,0.0000000000000000
30.4570103,0.0000000000000000,0.0000000000000000,3.1819245815277100,0.0000000000000000,0.0000000000000000,4.5195312500000000,0.0000000000000000
30.4667664,0.0000000000000000,0.0000000000000000,3.1822426319122314,0.0000000000000000,0.0000000000000000,4.5195312500000000,0.0000000000000000
30.4771385,0.0000000000000000,0.0000000000000000,3.1767592430114746,0.0000000000000000,0.0000000000000000,4.5195312500000000,0.0000000000000000
30.4867439,0.0000000000000000,0.0000000000000000,3.1767592430114746,0.0000000000000000,0.0000000000000000,-1.3398437500000000,0.0000000000000000
30.4967518,0.0000000000000000,0.0000000000000000,3.1767592430114746,0.0000000000000000,0.0000000000000000,-1.8593750000000000,0.0000000000000000
30.5067730,0.0000000000000000,0.0000000000000000,3.1767592430114746,0.0000000000000000,0.0000000000000000,-2.4609375000000000,0.0000000000000000
30.5167656,0.0000000000000000,0.0000000000000000,3.1767592430114746,0.0000000000000000,0.0000000000000000,-3.0488281250000000,0.0000000000000000
30.5268078,0.0000000000000000,0.0000000000000000,3.1767592430114746,0.0000000000000000,0.0000000000000000,-3.5039062500000000,0.0000000000000000
30.5367432,0.0000000000000000,0.0000000000000000,3.1767592430114746,0.0000000000000000,0.0000000000000000,-3.7421875000000000,0.0000000000000000
30.5464592,0.0000000000000000,0.0000000000000000,3.1767592430114746,0.0000000000000000,0.0000000000000000,-3.9218750000000000,0.0000000000000000
30.5571175,0.0000000000000000,0.0000000000000000,2.9700167179107666,0.0000000000000000,0.0000000000000000,-3.9218750000000000,0.0000000000000000
30.5667534,0.0000000000000000,0.0000000000000000,2.9700167179107666,0.0000000000000000,0.0000000000000000,-3.3066406250000000,0.0000000000000000
30.5767803,0.0000000000000000,0.0000000000000000,2.9700167179107666,0.0000000000000000,0.0000000000000000,-2.3925781250000000,0.0000000000000000
30.5867481,0.0000000000000000,0.0000000000000000,2.9700167179107666,0.0000000000000000,0.0000000000000000,-0.9531250000000000,0.0000000000000000
30.5967522,0.0000000000000000,0.0000000000000000,2.9700167179107666,0.0000000000000000,0.0000000000000000,1.0488281250000000,0.0000000000000000
30.6067753,0.0000000000000000,0.0000000000000000,2.9700167179107666,0.0000000000000000,0.0000000000000000,2.9628906250000000,0.0000000000000000
30.6167736,0.0000000000000000,0.0000000000000000,2.9700167179107666,0.0000000000000000,0.0000000000000000,3.9765625000000000,0.0000000000000000
30.6267872,0.0000000000000000,0.0000000000000000,2.9700167179107666,0.0000000000000000,0.0000000000000000,3.8515625000000000,0.0000000000000000
30.6364517,0.0000000000000000,0.0000000000000000,2.9700167179107666,0.0000000000000000,0.0000000000000000,3.0507812500000000,0.0000000000000000
30.6476860,0.0000000000000000,0.0000000000000000,3.0098721981048584,0.0000000000000000,0.0000000000000000,3.0507812500000000,0.0000000000000000
30.6568279,0.0000000000000000,0.0000000000000000,3.0098721981048584,0.0000000000000000,0.0000000000000000,0.5742187500000000,0.0000000000000000
30.6668339,0.0000000000000000,0.0000000000000000,3.0098721981048584,0.0000000000000000,0.0000000000000000,-0.6601562500000000,0.0000000000000000
30.6773643,0.0000000000000000,0.0000000000000000,3.0098721981048584,0.0000000000000000,0.0000000000000000,-1.5546875000000000,0.0000000000000000
30.6868248,0.0000000000000000,0.0000000000000000,3.0098721981048584,0.0000000000000000,0.0000000000000000,-2.0800781250000000,0.0000000000000000
30.6972561,0.0000000000000000,0.0000000000000000,3.0098721981048584,0.0000000000000000,0.0000000000000000,-2.3183593750000000,0.0000000000000000
30.7072315,0.0000000000000000,0.0000000000000000,3.0098721981048584,0.0000000000000000,0.0000000000000000,-2.3144531250000000,0.0000000000000000
30.7168388,0.0000000000000000,0.0000000000000000,3.0098721981048584,0.0000000000000000,0.0000000000000000,-2.1660156250000000,0.0000000000000000
30.7272663,0.0000000000000000,0.0000000000000000,3.0098721981048584,0.0000000000000000,0.0000000000000000,-1.7832031250000000,0.0000000000000000
30.7372093,0.0000000000000000,0.0000000000000000,3.0098721981048584,0.0000000000000000,0.0000000000000000,-0.9121093750000000,0.0000000000000000
30.7472649,0.0000000000000000,0.0000000000000000,3.0098721981048584,0.0000000000000000,0.0000000000000000,0.2148437500000000,0.0000000000000000
30.7572174,0.0000000000000000,0.0000000000000000,3.0098721981048584,0.0000000000000000,0.0000000000000000,1.2500000000000000,0.0000000000000000
30.7668343,0.0000000000000000,0.0000000000000000,3.0098721981048584,0.0000000000000000,0.0000000000000000,1.9375000000000000,0.0000000000000000
30.7772255,0.0000000000000000,0.0000000000000000,3.0098721981048584,0.0000000000000000,0.0000000000000000,2.0546875000000000,0.0000000000000000
30.7873917,0.0000000000000000,0.0000000000000000,3.0098721981048584,0.0000000000000000,0.0000000000000000,1.6484375000000000,0.0000000000000000
30.7973938,0.0000000000000000,0.0000000000000000,3.0098721981048584,0.0000000000000000,0.0000000000000000,0.8398437500000000,0.0000000000000000
30.8072720,0.0000000000000000,0.0000000000000000,3.0098721981048584,0.0000000000000000,0.0000000000000000,-0.2050781250000000,0.0000000000000000
30.8168278,0.0000000000000000,0.0000000000000000,3.0098721981048584,0.0000000000000000,0.0000000000000000,-1.2109375000000000,0.0000000000000000
30.8272514,0.0000000000000000,0.0000000000000000,3.0098721981048584,0.0000000000000000,0.0000000000000000,-1.9687500000000000,0.0000000000000000
30.8373470,0.0000000000000000,0.0000000000000000,3.0098721981048584,0.0000000000000000,0.0000000000000000,-2.4550781250000000,0.0000000000000000
30.8470764,0.0000000000000000,0.0000000000000000,3.0098721981048584,0.0000000000000000,0.0000000000000000,-2.6386718750000000,0.0000000000000000
30.8569317,0.0000000000000000,0.0000000000000000,3.0098721981048584,0.0000000000000000,0.0000000000000000,-1.6816406250000000,0.0000000000000000
30.8670006,0.0000000000000000,0.0000000000000000,3.0098721981048584,0.0000000000000000,0.0000000000000000,-0.3359375000000000,0.0000000000000000
30.8768997,0.0000000000000000,0.0000000000000000,3.0098721981048584,0.0000000000000000,0.0000000000000000,-0.9335937500000000,0.0000000000000000
30.8870316,0.0000000000000000,0.0000000000000000,3.0098721981048584,0.0000000000000000,0.0000000000000000,-0.8359375000000000,0.0000000000000000
30.8974152,0.0000000000000000,0.0000000000000000,3.0098721981048584,0.0000000000000000,0.0000000000000000,-0.1953125000000000,0.0000000000000000
30.9068394,0.0000000000000000,0.0000000000000000,2.8544235229492188,0.0000000000000000,0.0000000000000000,-0.1953125000000000,0.0000000000000000
30.9172783,0.0000000000000000,0.0000000000000000,2.8642382621765137,0.0000000000000000,0.0000000000000000,-0.1953125000000000,0.0000000000000000
30.9268436,0.0000000000000000,0.0000000000000000,2.8870737552642822,0.0000000000000000,0.0000000000000000,-0.1953125000000000,0.0000000000000000
30.9365273,0.0000000000000000,0.0000000000000000,2.8997864723205566,0.0000000000000000,0.0000000000000000,-0.1953125000000000,0.0000000000000000
30.9466152,0.0000000000000000,0.0000000000000000,2.9044234752655029,0.0000000000000000,0.0000000000000000,-0.1953125000000000,0.0000000000000000
30.9568424,0.0000000000000000,0.0000000000000000,2.9044234752655029,0.0000000000000000,0.0000000000000000,-0.0058593750000000,0.0000000000000000
30.9674225,0.0000000000000000,0.0000000000000000,2.9044234752655029,0.0000000000000000,0.0000000000000000,-0.6738281250000000,0.0000000000000000
30.9768848,0.0000000000000000,0.0000000000000000,2.8891942501068115,0.0000000000000000,0.0000000000000000,-0.6738281250000000,0.0000000000000000
30.9868660,0.0000000000000000,0.0000000000000000,2.8731780052185059,0.0000000000000000,0.0000000000000000,-0.6738281250000000,0.0000000000000000
30.9968853,0.0000000000000000,0.0000000000000000,2.8683688640594482,0.0000000000000000,0.0000000000000000,-0.6738281250000000,0.0000000000000000
31.0068817,0.0000000000000000,0.0000000000000000,2.8661563396453857,0.0000000000000000,0.0000000000000000,-0.6738281250000000,0.0000000000000000
31.0168800,0.0000000000000000,0.0000000000000000,2.8622648715972900,0.0000000000000000,0.0000000000000000,-0.6738281250000000,0.0000000000000000
31.0268517,0.0000000000000000,0.0000000000000000,2.8562421798706055,0.0000000000000000,0.0000000000000000,-0.6738281250000000,0.0000000000000000
31.0368671,0.0000000000000000,0.0000000000000000,2.8472464084625244,0.0000000000000000,0.0000000000000000,-0.6738281250000000,0.0000000000000000
31.0469246,0.0000000000000000,0.0000000000000000,2.8366525173187256,0.0000000000000000,0.0000000000000000,-0.6738281250000000,0.0000000000000000
31.0591030,0.0000000000000000,0.0000000000000000,2.8311793804168701,0.0000000000000000,0.0000000000000000,-0.6738281250000000,0.0000000000000000
31.0663338,0.0000000000000000,0.0000000000000000,2.8427891731262207,0.0000000000000000,0.0000000000000000,-0.6738281250000000,0.0000000000000000
31.0765514,0.0000000000000000,0.0000000000000000,2.8427891731262207,0.0000000000000000,0.0000000000000000,2.1445312500000000,0.0000000000000000
31.0869007,0.0000000000000000,0.0000000000000000,2.8643732070922852,0.0000000000000000,0.0000000000000000,2.1445312500000000,0.0000000000000000
31.0969677,0.0000000000000000,0.0000000000000000,2.8876266479492188,0.0000000000000000,0.0000000000000000,2.1445312500000000,0.0000000000000000
31.1069279,0.0000000000000000,0.0000000000000000,2.9111883640289307,0.0000000000000000,0.0000000000000000,2.1445312500000000,0.0000000000000000
31.1188393,0.0000000000000000,0.0000000000000000,2.9406738281250000,0.0000000000000000,0.0000000000000000,2.1445312500000000,0.0000000000000000
31.1263371,0.0000000000000000,0.0000000000000000,2.9464776515960693,0.0000000000000000,0.0000000000000000,2.1445312500000000,0.0000000000000000
31.1366901,0.0000000000000000,0.0000000000000000,2.9464776515960693,0.0000000000000000,0.0000000000000000,0.0703125000000000,0.0000000000000000
31.1473866,0.0000000000000000,0.0000000000000000,2.9475586414337158,0.0000000000000000,0.0000000000000000,0.0703125000000000,0.0000000000000000
31.1573753,0.0000000000000000,0.0000000000000000,2.9454736709594727,0.0000000000000000,0.0000000000000000,0.0703125000000000,0.0000000000000000
31.1673679,0.0000000000000000,0.0000000000000000,2.9422390460968018,0.0000000000000000,0.0000000000000000,0.0703125000000000,0.0000000000000000
31.1773663,0.0000000000000000,0.0000000000000000,2.9398961067199707,0.0000000000000000,0.0000000000000000,0.0703125000000000,0.0000000000000000
31.1871662,0.0000000000000000,0.0000000000000000,2.9406199455261230,0.0000000000000000,0.0000000000000000,0.0703125000000000,0.0000000000000000
31.1973572,0.0000000000000000,0.0000000000000000,2.9476776123046875,0.0000000000000000,0.0000000000000000,0.0703125000000000,0.0000000000000000
31.2069435,0.0000000000000000,0.0000000000000000,2.9644722938537598,0.0000000000000000,0.0000000000000000,0.0703125000000000,0.0000000000000000
31.2166977,0.0000000000000000,0.0000000000000000,2.9926977157592773,0.0000000000000000,0.0000000000000000,0.0703125000000000,0.0000000000000000
31.2279758,0.0000000000000000,0.0000000000000000,2.9926977157592773,0.0000000000000000,0.0000000000000000,3.8066406250000000,0.0000000000000000
31.2374363,0.0000000000000000,0.0000000000000000,3.0710391998291016,0.0000000000000000,0.0000000000000000,3.8066406250000000,0.0000000000000000
31.2474232,0.0000000000000000,0.0000000000000000,3.1092436313629150,0.0000000000000000,0.0000000000000000,3.8066406250000000,0.0000000000000000
31.2569771,0.0000000000000000,0.0000000000000000,3.1394405364990234,0.0000000000000000,0.0000000000000000,3.8066406250000000,0.0000000000000000
31.2673893,0.0000000000000000,0.0000000000000000,3.1587734222412109,0.0000000000000000,0.0000000000000000,3.8066406250000000,0.0000000000000000
31.2771702,0.0000000000000000,0.0000000000000000,3.1658542156219482,0.0000000000000000,0.0000000000000000,3.8066406250000000,0.0000000000000000
31.2873096,0.0000000000000000,0.0000000000000000,3.1634364128112793,0.0000000000000000,0.0000000000000000,3.8066406250000000,0.0000000000000000
31.2970047,0.0000000000000000,0.0000000000000000,3.1565132141113281,0.0000000000000000,0.0000000000000000,3.8066406250000000,0.0000000000000000
31.3069763,0.0000000000000000,0.0000000000000000,3.1489725112915039,0.0000000000000000,0.0000000000000000,3.8066406250000000,0.0000000000000000
31.3172302,0.0000000000000000,0.0000000000000000,3.1426484584808350,0.0000000000000000,0.0000000000000000,3.8066406250000000,0.0000000000000000
31.3269882,0.0000000000000000,0.0000000000000000,3.1366839408874512,0.0000000000000000,0.0000000000000000,3.8066406250000000,0.0000000000000000
31.3369465,0.0000000000000000,0.0000000000000000,3.1303791999816895,0.0000000000000000,0.0000000000000000,3.8066406250000000,0.0000000000000000
31.3471622,0.0000000000000000,0.0000000000000000,3.1237282752990723,0.0000000000000000,0.0000000000000000,3.8066406250000000,0.0000000000000000
31.3586178,0.0000000000000000,0.0000000000000000,3.1156179904937744,0.0000000000000000,0.0000000000000000,-1.2734375000000000,0.0000000000000000
31.3663082,0.0000000000000000,0.0000000000000000,3.1156179904937744,0.0000000000000000,0.0000000000000000,-1.5644531250000000,0.0000000000000000
31.3763676,0.0000000000000000,0.0000000000000000,3.0846283435821533,0.0000000000000000,0.0000000000000000,-1.5644531250000000,0.0000000000000000
31.3869553,0.0000000000000000,0.0000000000000000,3.0771434307098389,0.0000000000000000,0.0000000000000000,-1.5644531250000000,0.0000000000000000
31.3969517,0.0000000000000000,0.0000000000000000,3.0632085800170898,0.0000000000000000,0.0000000000000000,-1.5644531250000000,0.0000000000000000
31.4072552,0.0000000000000000,0.0000000000000000,3.0578129291534424,0.0000000000000000,0.0000000000000000,-1.5644531250000000,0.0000000000000000
31.4169579,0.0000000000000000,0.0000000000000000,3.0578129291534424,0.0000000000000000,0.0000000000000000,2.8535156250000000,0.0000000000000000
31.4269333,0.0000000000000000,0.0000000000000000,3.0578129291534424,0.0000000000000000,0.0000000000000000,4.1562500000000000,0.0000000000000000
31.4369640,0.0000000000000000,0.0000000000000000,3.0578129291534424,0.0000000000000000,0.0000000000000000,4.5898437500000000,0.0000000000000000
31.4469147,0.0000000000000000,0.0000000000000000,3.0578129291534424,0.0000000000000000,0.0000000000000000,4.1777343750000000,0.0000000000000000
31.4569340,0.0000000000000000,0.0000000000000000,3.0578129291534424,0.0000000000000000,0.0000000000000000,3.1445312500000000,0.0000000000000000
31.4669399,0.0000000000000000,0.0000000000000000,3.0578129291534424,0.0000000000000000,0.0000000000000000,2.0488281250000000,0.0000000000000000
31.4766254,0.0000000000000000,0.0000000000000000,3.0578129291534424,0.0000000000000000,0.0000000000000000,1.2695312500000000,0.0000000000000000
31.4873352,0.0000000000000000,0.0000000000000000,3.2895243167877197,0.0000000000000000,0.0000000000000000,1.2695312500000000,0.0000000000000000
31.4969673,0.0000000000000000,0.0000000000000000,3.2895243167877197,0.0000000000000000,0.0000000000000000,0.9082031250000000,0.0000000000000000
31.5069542,0.0000000000000000,0.0000000000000000,3.2895243167877197,0.0000000000000000,0.0000000000000000,1.0156250000000000,0.0000000000000000
31.5169621,0.0000000000000000,0.0000000000000000,3.2895243167877197,0.0000000000000000,0.0000000000000000,1.1621093750000000,0.0000000000000000
31.5269814,0.0000000000000000,0.0000000000000000,3.2895243167877197,0.0000000000000000,0.0000000000000000,1.4980468750000000,0.0000000000000000
31.5369759,0.0000000000000000,0.0000000000000000,3.2895243167877197,0.0000000000000000,0.0000000000000000,1.8476562500000000,0.0000000000000000
31.5469952,0.0000000000000000,0.0000000000000000,3.2895243167877197,0.0000000000000000,0.0000000000000000,1.8886718750000000,0.0000000000000000
31.5574551,0.0000000000000000,0.0000000000000000,3.2895243167877197,0.0000000000000000,0.0000000000000000,1.5820312500000000,0.0000000000000000
31.5675526,0.0000000000000000,0.0000000000000000,3.2895243167877197,0.0000000000000000,0.0000000000000000,1.0898437500000000,0.0000000000000000
31.5775127,0.0000000000000000,0.0000000000000000,3.2895243167877197,0.0000000000000000,0.0000000000000000,0.5839843750000000,0.0000000000000000
31.5874386,0.0000000000000000,0.0000000000000000,3.2895243167877197,0.0000000000000000,0.0000000000000000,0.2500000000000000,0.0000000000000000
31.5974445,0.0000000000000000,0.0000000000000000,3.2895243167877197,0.0000000000000000,0.0000000000000000,0.0976562500000000,0.0000000000000000
31.6074162,0.0000000000000000,0.0000000000000000,3.2895243167877197,0.0000000000000000,0.0000000000000000,0.0390625000000000,0.0000000000000000
31.6175308,0.0000000000000000,0.0000000000000000,3.2895243167877197,0.0000000000000000,0.0000000000000000,-0.0136718750000000,0.0000000000000000
31.6270447,0.0000000000000000,0.0000000000000000,3.2895243167877197,0.0000000000000000,0.0000000000000000,0.0996093750000000,0.0000000000000000
31.6374359,0.0000000000000000,0.0000000000000000,3.2895243167877197,0.0000000000000000,0.0000000000000000,0.4101562500000000,0.0000000000000000
31.6474075,0.0000000000000000,0.0000000000000000,3.2895243167877197,0.0000000000000000,0.0000000000000000,0.6582031250000000,0.0000000000000000
31.6574554,0.0000000000000000,0.0000000000000000,3.2895243167877197,0.0000000000000000,0.0000000000000000,0.7148437500000000,0.0000000000000000
31.6674557,0.0000000000000000,0.0000000000000000,3.2895243167877197,0.0000000000000000,0.0000000000000000,0.5859375000000000,0.0000000000000000
31.6770096,0.0000000000000000,0.0000000000000000,3.2895243167877197,0.0000000000000000,0.0000000000000000,0.3750000000000000,0.0000000000000000
31.6874886,0.0000000000000000,0.0000000000000000,3.2895243167877197,0.0000000000000000,0.0000000000000000,0.2695312500000000,0.0000000000000000
31.6975021,0.0000000000000000,0.0000000000000000,3.2895243167877197,0.0000000000000000,0.0000000000000000,0.3437500000000000,0.0000000000000000
31.7075424,0.0000000000000000,0.0000000000000000,3.2895243167877197,0.0000000000000000,0.0000000000000000,0.3945312500000000,0.0000000000000000
31.7173119,0.0000000000000000,0.0000000000000000,3.2895243167877197,0.0000000000000000,0.0000000000000000,0.3730468750000000,0.0000000000000000
31.7270432,0.0000000000000000,0.0000000000000000,3.2895243167877197,0.0000000000000000,0.0000000000000000,0.3378906250000000,0.0000000000000000
31.7370872,0.0000000000000000,0.0000000000000000,3.2895243167877197,0.0000000000000000,0.0000000000000000,0.1562500000000000,0.0000000000000000
31.7471504,0.0000000000000000,0.0000000000000000,3.2895243167877197,0.0000000000000000,0.0000000000000000,0.1894531250000000,0.0000000000000000
31.7573166,0.0000000000000000,0.0000000000000000,3.2895243167877197,0.0000000000000000,0.0000000000000000,0.1230468750000000,0.0000000000000000
31.7667751,0.0000000000000000,0.0000000000000000,3.4704787731170654,0.0000000000000000,0.0000000000000000,0.1230468750000000,0.0000000000000000
31.7769833,0.0000000000000000,0.0000000000000000,3.4704787731170654,0.0000000000000000,0.0000000000000000,-0.0058593750000000,0.0000000000000000
31.7870140,0.0000000000000000,0.0000000000000000,3.4704787731170654,0.0000000000000000,0.0000000000000000,-0.1093750000000000,0.0000000000000000
31.7977161,0.0000000000000000,0.0000000000000000,3.4704787731170654,0.0000000000000000,0.0000000000000000,-0.2500000000000000,0.0000000000000000
31.8070412,0.0000000000000000,0.0000000000000000,3.4635269641876221,0.0000000000000000,0.0000000000000000,-0.2500000000000000,0.0000000000000000
31.8164577,0.0000000000000000,0.0000000000000000,3.4592528343200684,0.0000000000000000,0.0000000000000000,-0.2500000000000000,0.0000000000000000
31.8272572,0.0000000000000000,0.0000000000000000,3.4592528343200684,0.0000000000000000,0.0000000000000000,-0.4765625000000000,0.0000000000000000
31.8373775,0.0000000000000000,0.0000000000000000,3.4527721405029297,0.0000000000000000,0.0000000000000000,-0.4765625000000000,0.0000000000000000
31.8470325,0.0000000000000000,0.0000000000000000,3.4489245414733887,0.0000000000000000,0.0000000000000000,-0.4765625000000000,0.0000000000000000
31.8570576,0.0000000000000000,0.0000000000000000,3.4490101337432861,0.0000000000000000,0.0000000000000000,-0.4765625000000000,0.0000000000000000
31.8670330,0.0000000000000000,0.0000000000000000,3.4504852294921875,0.0000000000000000,0.0000000000000000,-0.4765625000000000,0.0000000000000000
31.8770638,0.0000000000000000,0.0000000000000000,3.4539439678192139,0.0000000000000000,0.0000000000000000,-0.4765625000000000,0.0000000000000000
31.8870354,0.0000000000000000,0.0000000000000000,3.4594032764434814,0.0000000000000000,0.0000000000000000,-0.4765625000000000,0.0000000000000000
31.8970394,0.0000000000000000,0.0000000000000000,3.4667916297912598,0.0000000000000000,0.0000000000000000,-0.4765625000000000,0.0000000000000000
31.9070759,0.0000000000000000,0.0000000000000000,3.4726662635803223,0.0000000000000000,0.0000000000000000,-0.4765625000000000,0.0000000000000000
31.9170399,0.0000000000000000,0.0000000000000000,3.4737772941589355,0.0000000000000000,0.0000000000000000,-0.4765625000000000,0.0000000000000000
31.9271069,0.0000000000000000,0.0000000000000000,3.4642274379730225,0.0000000000000000,0.0000000000000000,-0.4765625000000000,0.0000000000000000
31.9370575,0.0000000000000000,0.0000000000000000,3.4412794113159180,0.0000000000000000,0.0000000000000000,-0.4765625000000000,0.0000000000000000
31.9470673,0.0000000000000000,0.0000000000000000,3.4078245162963867,0.0000000000000000,0.0000000000000000,-0.4765625000000000,0.0000000000000000
31.9570866,0.0000000000000000,0.0000000000000000,3.3650217056274414,0.0000000000000000,0.0000000000000000,-0.4765625000000000,0.0000000000000000
31.9670887,0.0000000000000000,0.0000000000000000,3.3195750713348389,0.0000000000000000,0.0000000000000000,-0.4765625000000000,0.0000000000000000
31.9770603,0.0000000000000000,0.0000000000000000,3.2754380702972412,0.0000000000000000,0.0000000000000000,-0.4765625000000000,0.0000000000000000
31.9865112,0.0000000000000000,0.0000000000000000,3.2452754974365234,0.0000000000000000,0.0000000000000000,-0.4765625000000000,0.0000000000000000
31.9976864,0.0000000000000000,0.0000000000000000,3.2452754974365234,0.0000000000000000,0.0000000000000000,-1.3027343750000000,0.0000000000000000
32.0076103,0.0000000000000000,0.0000000000000000,3.2347033023834229,0.0000000000000000,0.0000000000000000,-1.3027343750000000,0.0000000000000000
32.0176353,0.0000000000000000,0.0000000000000000,3.2441070079803467,0.0000000000000000,0.0000000000000000,-1.3027343750000000,0.0000000000000000
32.0291252,0.0000000000000000,0.0000000000000000,3.2500729560852051,0.0000000000000000,0.0000000000000000,-1.3027343750000000,0.0000000000000000
32.0369034,0.0000000000000000,0.0000000000000000,3.2390122413635254,0.0000000000000000,0.0000000000000000,-1.3027343750000000,0.0000000000000000
32.0467491,0.0000000000000000,0.0000000000000000,3.2390122413635254,0.0000000000000000,0.0000000000000000,-1.8378906250000000,0.0000000000000000
32.0575142,0.0000000000000000,0.0000000000000000,3.2211487293243408,0.0000000000000000,0.0000000000000000,-1.8378906250000000,0.0000000000000000
32.0675240,0.0000000000000000,0.0000000000000000,3.1980385780334473,0.0000000000000000,0.0000000000000000,-1.8378906250000000,0.0000000000000000
32.0775146,0.0000000000000000,0.0000000000000000,3.1731293201446533,0.0000000000000000,0.0000000000000000,-1.8378906250000000,0.0000000000000000
32.0874672,0.0000000000000000,0.0000000000000000,3.1473436355590820,0.0000000000000000,0.0000000000000000,-1.8378906250000000,0.0000000000000000
32.0972214,0.0000000000000000,0.0000000000000000,3.1232593059539795,0.0000000000000000,0.0000000000000000,-1.8378906250000000,0.0000000000000000
32.1072617,0.0000000000000000,0.0000000000000000,3.1026985645294189,0.0000000000000000,0.0000000000000000,-1.8378906250000000,0.0000000000000000
32.1177063,0.0000000000000000,0.0000000000000000,3.0879213809967041,0.0000000000000000,0.0000000000000000,-1.8378906250000000,0.0000000000000000
32.1274147,0.0000000000000000,0.0000000000000000,3.0818753242492676,0.0000000000000000,0.0000000000000000,-1.8378906250000000,0.0000000000000000
32.1375313,0.0000000000000000,0.0000000000000000,3.0869817733764648,0.0000000000000000,0.0000000000000000,-1.8378906250000000,0.0000000000000000
32.1473618,0.0000000000000000,0.0000000000000000,3.0990772247314453,0.0000000000000000,0.0000000000000000,-1.8378906250000000,0.0000000000000000
32.1574059,0.0000000000000000,0.0000000000000000,3.1146252155303955,0.0000000000000000,0.0000000000000000,-1.8378906250000000,0.0000000000000000
32.1670914,0.0000000000000000,0.0000000000000000,3.1287066936492920,0.0000000000000000,0.0000000000000000,-1.8378906250000000,0.0000000000000000
32.1771584,0.0000000000000000,0.0000000000000000,3.1410725116729736,0.0000000000000000,0.0000000000000000,-1.8378906250000000,0.0000000000000000
32.1871719,0.0000000000000000,0.0000000000000000,3.1498274803161621,0.0000000000000000,0.0000000000000000,-1.8378906250000000,0.0000000000000000
32.1971436,0.0000000000000000,0.0000000000000000,3.1573934555053711,0.0000000000000000,0.0000000000000000,-1.8378906250000000,0.0000000000000000
32.2073708,0.0000000000000000,0.0000000000000000,3.1657178401947021,0.0000000000000000,0.0000000000000000,-1.8378906250000000,0.0000000000000000
32.2173653,0.0000000000000000,0.0000000000000000,3.1794419288635254,0.0000000000000000,0.0000000000000000,-1.8378906250000000,0.0000000000000000
32.2268791,0.0000000000000000,0.0000000000000000,3.1794419288635254,0.0000000000000000,0.0000000000000000,4.0996093750000000,0.0000000000000000
32.2370758,0.0000000000000000,0.0000000000000000,3.2456283569335938,0.0000000000000000,0.0000000000000000,4.0996093750000000,0.0000000000000000
32.2488098,0.0000000000000000,0.0000000000000000,3.3456759452819824,0.0000000000000000,0.0000000000000000,4.0996093750000000,0.0000000000000000
32.2565804,0.0000000000000000,0.0000000000000000,3.3456759452819824,0.0000000000000000,0.0000000000000000,1.3554687500000000,0.0000000000000000
32.2665215,0.0000000000000000,0.0000000000000000,3.4023082256317139,0.0000000000000000,0.0000000000000000,1.3554687500000000,0.0000000000000000
32.2771149,0.0000000000000000,0.0000000000000000,3.4060552120208740,0.0000000000000000,0.0000000000000000,1.3554687500000000,0.0000000000000000
32.2873955,0.0000000000000000,0.0000000000000000,3.4048361778259277,0.0000000000000000,0.0000000000000000,1.3554687500000000,0.0000000000000000
32.2970963,0.0000000000000000,0.0000000000000000,3.4048361778259277,0.0000000000000000,0.0000000000000000,-0.7402343750000000,0.0000000000000000
32.3070793,0.0000000000000000,0.0000000000000000,3.4048361778259277,0.0000000000000000,0.0000000000000000,-0.5683593750000000,0.0000000000000000
32.3170853,0.0000000000000000,0.0000000000000000,3.4048361778259277,0.0000000000000000,0.0000000000000000,-0.6132812500000000,0.0000000000000000
32.3271027,0.0000000000000000,0.0000000000000000,3.4048361778259277,0.0000000000000000,0.0000000000000000,-1.0332031250000000,0.0000000000000000
32.3371201,0.0000000000000000,0.0000000000000000,3.4048361778259277,0.0000000000000000,0.0000000000000000,-1.5644531250000000,0.0000000000000000
32.3471146,0.0000000000000000,0.0000000000000000,3.4048361778259277,0.0000000000000000,0.0000000000000000,-2.0839843750000000,0.0000000000000000
32.3570976,0.0000000000000000,0.0000000000000000,3.4048361778259277,0.0000000000000000,0.0000000000000000,-2.3789062500000000,0.0000000000000000
32.3670883,0.0000000000000000,0.0000000000000000,3.4048361778259277,0.0000000000000000,0.0000000000000000,-2.5605468750000000,0.0000000000000000
32.3771400,0.0000000000000000,0.0000000000000000,3.4048361778259277,0.0000000000000000,0.0000000000000000,-2.6289062500000000,0.0000000000000000
32.3870811,0.0000000000000000,0.0000000000000000,3.4048361778259277,0.0000000000000000,0.0000000000000000,-2.6621093750000000,0.0000000000000000
32.3971291,0.0000000000000000,0.0000000000000000,3.4048361778259277,0.0000000000000000,0.0000000000000000,-2.7890625000000000,0.0000000000000000
32.4071465,0.0000000000000000,0.0000000000000000,3.4048361778259277,0.0000000000000000,0.0000000000000000,-2.9785156250000000,0.0000000000000000
32.4171257,0.0000000000000000,0.0000000000000000,3.4048361778259277,0.0000000000000000,0.0000000000000000,-3.1640625000000000,0.0000000000000000
32.4271164,0.0000000000000000,0.0000000000000000,3.4048361778259277,0.0000000000000000,0.0000000000000000,-3.3378906250000000,0.0000000000000000
32.4378510,0.0000000000000000,0.0000000000000000,3.4048361778259277,0.0000000000000000,0.0000000000000000,-3.4160156250000000,0.0000000000000000
32.4478455,0.0000000000000000,0.0000000000000000,3.4048361778259277,0.0000000000000000,0.0000000000000000,-3.2617187500000000,0.0000000000000000
32.4576836,0.0000000000000000,0.0000000000000000,3.4048361778259277,0.0000000000000000,0.0000000000000000,-2.8066406250000000,0.0000000000000000
32.4675865,0.0000000000000000,0.0000000000000000,3.4048361778259277,0.0000000000000000,0.0000000000000000,-2.0000000000000000,0.0000000000000000
32.4775581,0.0000000000000000,0.0000000000000000,3.4048361778259277,0.0000000000000000,0.0000000000000000,-0.6796875000000000,0.0000000000000000
32.4871483,0.0000000000000000,0.0000000000000000,3.4048361778259277,0.0000000000000000,0.0000000000000000,1.2832031250000000,0.0000000000000000
32.4975128,0.0000000000000000,0.0000000000000000,3.4048361778259277,0.0000000000000000,0.0000000000000000,3.5390625000000000,0.0000000000000000
32.5075455,0.0000000000000000,0.0000000000000000,3.4048361778259277,0.0000000000000000,0.0000000000000000,5.2558593750000000,0.0000000000000000
32.5175362,0.0000000000000000,0.0000000000000000,3.4048361778259277,0.0000000000000000,0.0000000000000000,5.8027343750000000,0.0000000000000000
32.5275497,0.0000000000000000,0.0000000000000000,3.4048361778259277,0.0000000000000000,0.0000000000000000,5.4589843750000000,0.0000000000000000
32.5371628,0.0000000000000000,0.0000000000000000,3.4048361778259277,0.0000000000000000,0.0000000000000000,4.5996093750000000,0.0000000000000000
32.5471611,0.0000000000000000,0.0000000000000000,3.4048361778259277,0.0000000000000000,0.0000000000000000,3.4062500000000000,0.0000000000000000
32.5571785,0.0000000000000000,0.0000000000000000,3.4048361778259277,0.0000000000000000,0.0000000000000000,2.1250000000000000,0.0000000000000000
32.5677490,0.0000000000000000,0.0000000000000000,3.4048361778259277,0.0000000000000000,0.0000000000000000,0.9492187500000000,0.0000000000000000
32.5776176,0.0000000000000000,0.0000000000000000,3.4048361778259277,0.0000000000000000,0.0000000000000000,0.2500000000000000,0.0000000000000000
32.5871735,0.0000000000000000,0.0000000000000000,3.4048361778259277,0.0000000000000000,0.0000000000000000,0.1464843750000000,0.0000000000000000
32.5974159,0.0000000000000000,0.0000000000000000,3.4048361778259277,0.0000000000000000,0.0000000000000000,0.4843750000000000,0.0000000000000000
32.6074448,0.0000000000000000,0.0000000000000000,3.4048361778259277,0.0000000000000000,0.0000000000000000,0.9394531250000000,0.0000000000000000
32.6172142,0.0000000000000000,0.0000000000000000,3.4048361778259277,0.0000000000000000,0.0000000000000000,1.1992187500000000,0.0000000000000000
32.6271896,0.0000000000000000,0.0000000000000000,3.4048361778259277,0.0000000000000000,0.0000000000000000,1.0546875000000000,0.0000000000000000
32.6371765,0.0000000000000000,0.0000000000000000,3.4048361778259277,0.0000000000000000,0.0000000000000000,0.6289062500000000,0.0000000000000000
32.6474876,0.0000000000000000,0.0000000000000000,3.4048361778259277,0.0000000000000000,0.0000000000000000,0.1093750000000000,0.0000000000000000
32.6571388,0.0000000000000000,0.0000000000000000,3.4048361778259277,0.0000000000000000,0.0000000000000000,-0.4570312500000000,0.0000000000000000
32.6675453,0.0000000000000000,0.0000000000000000,3.4048361778259277,0.0000000000000000,0.0000000000000000,-0.9804687500000000,0.0000000000000000
32.6774864,0.0000000000000000,0.0000000000000000,3.3384225368499756,0.0000000000000000,0.0000000000000000,-0.9804687500000000,0.0000000000000000
32.6871605,0.0000000000000000,0.0000000000000000,3.3199915885925293,0.0000000000000000,0.0000000000000000,-0.9804687500000000,0.0000000000000000
32.6989136,0.0000000000000000,0.0000000000000000,3.2678744792938232,0.0000000000000000,0.0000000000000000,-0.9804687500000000,0.0000000000000000
32.7065887,0.0000000000000000,0.0000000000000000,3.2136669158935547,0.0000000000000000,0.0000000000000000,-0.9804687500000000,0.0000000000000000
32.7165413,0.0000000000000000,0.0000000000000000,3.2136669158935547,0.0000000000000000,0.0000000000000000,-4.4531250000000000,0.0000000000000000
32.7269173,0.0000000000000000,0.0000000000000000,3.1897516250610352,0.0000000000000000,0.0000000000000000,-4.4531250000000000,0.0000000000000000
32.7377167,0.0000000000000000,0.0000000000000000,3.1897516250610352,0.0000000000000000,0.0000000000000000,-4.7910156250000000,0.0000000000000000
32.7471542,0.0000000000000000,0.0000000000000000,3.0712687969207764,0.0000000000000000,0.0000000000000000,-4.7910156250000000,0.0000000000000000
32.7565994,0.0000000000000000,0.0000000000000000,3.0283980369567871,0.0000000000000000,0.0000000000000000,-4.7910156250000000,0.0000000000000000
32.7677536,0.0000000000000000,0.0000000000000000,3.0283980369567871,0.0000000000000000,0.0000000000000000,-3.9492187500000000,0.0000000000000000
32.7771606,0.0000000000000000,0.0000000000000000,2.9568841457366943,0.0000000000000000,0.0000000000000000,-3.9492187500000000,0.0000000000000000
32.7871666,0.0000000000000000,0.0000000000000000,2.9322960376739502,0.0000000000000000,0.0000000000000000,-3.9492187500000000,0.0000000000000000
32.7971840,0.0000000000000000,0.0000000000000000,2.9166822433471680,0.0000000000000000,0.0000000000000000,-3.9492187500000000,0.0000000000000000
32.8071747,0.0000000000000000,0.0000000000000000,2.9047355651855469,0.0000000000000000,0.0000000000000000,-3.9492187500000000,0.0000000000000000
32.8172417,0.0000000000000000,0.0000000000000000,2.8963401317596436,0.0000000000000000,0.0000000000000000,-3.9492187500000000,0.0000000000000000
32.8271942,0.0000000000000000,0.0000000000000000,2.8880131244659424,0.0000000000000000,0.0000000000000000,-3.9492187500000000,0.0000000000000000
32.8371925,0.0000000000000000,0.0000000000000000,2.8791501522064209,0.0000000000000000,0.0000000000000000,-3.9492187500000000,0.0000000000000000
32.8472252,0.0000000000000000,0.0000000000000000,2.8687996864318848,0.0000000000000000,0.0000000000000000,-3.9492187500000000,0.0000000000000000
32.8572159,0.0000000000000000,0.0000000000000000,2.8598077297210693,0.0000000000000000,0.0000000000000000,-3.9492187500000000,0.0000000000000000
32.8678627,0.0000000000000000,0.0000000000000000,2.8523702621459961,0.0000000000000000,0.0000000000000000,-3.9492187500000000,0.0000000000000000
32.8796043,0.0000000000000000,0.0000000000000000,2.8464837074279785,0.0000000000000000,0.0000000000000000,-3.9492187500000000,0.0000000000000000
32.8870392,0.0000000000000000,0.0000000000000000,2.8492684364318848,0.0000000000000000,0.0000000000000000,-3.9492187500000000,0.0000000000000000
32.8974457,0.0000000000000000,0.0000000000000000,2.8492684364318848,0.0000000000000000,0.0000000000000000,0.5781250000000000,0.0000000000000000
32.9072456,0.0000000000000000,0.0000000000000000,2.8552839756011963,0.0000000000000000,0.0000000000000000,0.5781250000000000,0.0000000000000000
32.9176826,0.0000000000000000,0.0000000000000000,2.8621928691864014,0.0000000000000000,0.0000000000000000,0.5781250000000000,0.0000000000000000
32.9276543,0.0000000000000000,0.0000000000000000,2.8709166049957275,0.0000000000000000,0.0000000000000000,0.5781250000000000,0.0000000000000000
32.9378548,0.0000000000000000,0.0000000000000000,2.8813838958740234,0.0000000000000000,0.0000000000000000,0.5781250000000000,0.0000000000000000
32.9476280,0.0000000000000000,0.0000000000000000,2.8945426940917969,0.0000000000000000,0.0000000000000000,0.5781250000000000,0.0000000000000000
32.9573784,0.0000000000000000,0.0000000000000000,2.9117012023925781,0.0000000000000000,0.0000000000000000,0.5781250000000000,0.0000000000000000
32.9676437,0.0000000000000000,0.0000000000000000,2.9337084293365479,0.0000000000000000,0.0000000000000000,0.5781250000000000,0.0000000000000000
32.9778023,0.0000000000000000,0.0000000000000000,2.9597618579864502,0.0000000000000000,0.0000000000000000,0.5781250000000000,0.0000000000000000
32.9878159,0.0000000000000000,0.0000000000000000,2.9877650737762451,0.0000000000000000,0.0000000000000000,0.5781250000000000,0.0000000000000000
32.9974136,0.0000000000000000,0.0000000000000000,3.0178990364074707,0.0000000000000000,0.0000000000000000,0.5781250000000000,0.0000000000000000
33.0072289,0.0000000000000000,0.0000000000000000,3.0491995811462402,0.0000000000000000,0.0000000000000000,0.5781250000000000,0.0000000000000000
33.0172958,0.0000000000000000,0.0000000000000000,3.0794496536254883,0.0000000000000000,0.0000000000000000,0.5781250000000000,0.0000000000000000
33.0277290,0.0000000000000000,0.0000000000000000,3.1101198196411133,0.0000000000000000,0.0000000000000000,0.5781250000000000,0.0000000000000000
33.0374565,0.0000000000000000,0.0000000000000000,3.1404309272766113,0.0000000000000000,0.0000000000000000,0.5781250000000000,0.0000000000000000
33.0473442,0.0000000000000000,0.0000000000000000,3.1729028224945068,0.0000000000000000,0.0000000000000000,0.5781250000000000,0.0000000000000000
33.0572662,0.0000000000000000,0.0000000000000000,3.2031393051147461,0.0000000000000000,0.0000000000000000,0.5781250000000000,0.0000000000000000
33.0673180,0.0000000000000000,0.0000000000000000,3.2339868545532227,0.0000000000000000,0.0000000000000000,0.5781250000000000,0.0000000000000000
33.0774574,0.0000000000000000,0.0000000000000000,3.2632131576538086,0.0000000000000000,0.0000000000000000,0.5781250000000000,0.0000000000000000
33.0872307,0.0000000000000000,0.0000000000000000,3.2911736965179443,0.0000000000000000,0.0000000000000000,0.5781250000000000,0.0000000000000000
33.0972023,0.0000000000000000,0.0000000000000000,3.3139743804931641,0.0000000000000000,0.0000000000000000,0.5781250000000000,0.0000000000000000
33.1074448,0.0000000000000000,0.0000000000000000,3.3315186500549316,0.0000000000000000,0.0000000000000000,0.5781250000000000,0.0000000000000000
33.1175537,0.0000000000000000,0.0000000000000000,3.3435745239257812,0.0000000000000000,0.0000000000000000,0.5781250000000000,0.0000000000000000
33.1272087,0.0000000000000000,0.0000000000000000,3.3435745239257812,0.0000000000000000,0.0000000000000000,0.1113281250000000,0.0000000000000000
33.1369133,0.0000000000000000,0.0000000000000000,3.3435745239257812,0.0000000000000000,0.0000000000000000,-0.4179687500000000,0.0000000000000000
33.1472244,0.0000000000000000,0.0000000000000000,3.3473129272460938,0.0000000000000000,0.0000000000000000,-0.4179687500000000,0.0000000000000000
33.1575813,0.0000000000000000,0.0000000000000000,3.3377721309661865,0.0000000000000000,0.0000000000000000,-0.4179687500000000,0.0000000000000000
33.1672058,0.0000000000000000,0.0000000000000000,3.3377721309661865,0.0000000000000000,0.0000000000000000,-2.2773437500000000,0.0000000000000000
33.1772079,0.0000000000000000,0.0000000000000000,3.3377721309661865,0.0000000000000000,0.0000000000000000,-3.0175781250000000,0.0000000000000000
33.1872520,0.0000000000000000,0.0000000000000000,3.3377721309661865,0.0000000000000000,0.0000000000000000,-3.6972656250000000,0.0000000000000000
33.1972198,0.0000000000000000,0.0000000000000000,3.3377721309661865,0.0000000000000000,0.0000000000000000,-4.2714843750000000,0.0000000000000000
33.2072411,0.0000000000000000,0.0000000000000000,3.3377721309661865,0.0000000000000000,0.0000000000000000,-4.7617187500000000,0.0000000000000000
33.2172012,0.0000000000000000,0.0000000000000000,3.3377721309661865,0.0000000000000000,0.0000000000000000,-5.2148437500000000,0.0000000000000000
33.2272148,0.0000000000000000,0.0000000000000000,3.3377721309661865,0.0000000000000000,0.0000000000000000,-5.6054687500000000,0.0000000000000000
33.2372322,0.0000000000000000,0.0000000000000000,3.3377721309661865,0.0000000000000000,0.0000000000000000,-5.8164062500000000,0.0000000000000000
33.2472229,0.0000000000000000,0.0000000000000000,3.3377721309661865,0.0000000000000000,0.0000000000000000,-5.7050781250000000,0.0000000000000000
33.2572365,0.0000000000000000,0.0000000000000000,3.3377721309661865,0.0000000000000000,0.0000000000000000,-5.2285156250000000,0.0000000000000000
33.2669296,0.0000000000000000,0.0000000000000000,3.3377721309661865,0.0000000000000000,0.0000000000000000,-4.3593750000000000,0.0000000000000000
33.2776184,0.0000000000000000,0.0000000000000000,2.8236629962921143,0.0000000000000000,0.0000000000000000,-4.3593750000000000,0.0000000000000000
33.2873077,0.0000000000000000,0.0000000000000000,2.8236629962921143,0.0000000000000000,0.0000000000000000,-1.5214843750000000,0.0000000000000000
33.2972565,0.0000000000000000,0.0000000000000000,2.8236629962921143,0.0000000000000000,0.0000000000000000,0.2675781250000000,0.0000000000000000
33.3076706,0.0000000000000000,0.0000000000000000,2.8236629962921143,0.0000000000000000,0.0000000000000000,2.3242187500000000,0.0000000000000000
33.3180275,0.0000000000000000,0.0000000000000000,2.8236629962921143,0.0000000000000000,0.0000000000000000,4.4472656250000000,0.0000000000000000
33.3273201,0.0000000000000000,0.0000000000000000,2.8236629962921143,0.0000000000000000,0.0000000000000000,5.9785156250000000,0.0000000000000000
33.3378258,0.0000000000000000,0.0000000000000000,2.8236629962921143,0.0000000000000000,0.0000000000000000,6.6660156250000000,0.0000000000000000
33.3476830,0.0000000000000000,0.0000000000000000,2.8236629962921143,0.0000000000000000,0.0000000000000000,6.5820312500000000,0.0000000000000000
33.3572807,0.0000000000000000,0.0000000000000000,2.8236629962921143,0.0000000000000000,0.0000000000000000,5.8828125000000000,0.0000000000000000
33.3673058,0.0000000000000000,0.0000000000000000,2.8236629962921143,0.0000000000000000,0.0000000000000000,4.8613281250000000,0.0000000000000000
33.3774681,0.0000000000000000,0.0000000000000000,2.8236629962921143,0.0000000000000000,0.0000000000000000,3.6601562500000000,0.0000000000000000
33.3876953,0.0000000000000000,0.0000000000000000,2.8236629962921143,0.0000000000000000,0.0000000000000000,2.4531250000000000,0.0000000000000000
33.3972969,0.0000000000000000,0.0000000000000000,2.8236629962921143,0.0000000000000000,0.0000000000000000,1.3398437500000000,0.0000000000000000
33.4076614,0.0000000000000000,0.0000000000000000,2.8236629962921143,0.0000000000000000,0.0000000000000000,0.3476562500000000,0.0000000000000000
33.4176750,0.0000000000000000,0.0000000000000000,2.8236629962921143,0.0000000000000000,0.0000000000000000,-0.5546875000000000,0.0000000000000000
33.4277763,0.0000000000000000,0.0000000000000000,2.8236629962921143,0.0000000000000000,0.0000000000000000,-1.2617187500000000,0.0000000000000000
33.4377823,0.0000000000000000,0.0000000000000000,2.8236629962921143,0.0000000000000000,0.0000000000000000,-1.7324218750000000,0.0000000000000000
33.4473114,0.0000000000000000,0.0000000000000000,2.8236629962921143,0.0000000000000000,0.0000000000000000,-1.9687500000000000,0.0000000000000000
33.4577370,0.0000000000000000,0.0000000000000000,2.8236629962921143,0.0000000000000000,0.0000000000000000,-2.1191406250000000,0.0000000000000000
33.4676857,0.0000000000000000,0.0000000000000000,2.8236629962921143,0.0000000000000000,0.0000000000000000,-2.3007812500000000,0.0000000000000000
33.4777260,0.0000000000000000,0.0000000000000000,2.8236629962921143,0.0000000000000000,0.0000000000000000,-2.4511718750000000,0.0000000000000000
33.4874496,0.0000000000000000,0.0000000000000000,2.8236629962921143,0.0000000000000000,0.0000000000000000,-2.4804687500000000,0.0000000000000000
33.4973221,0.0000000000000000,0.0000000000000000,2.8236629962921143,0.0000000000000000,0.0000000000000000,-2.3378906250000000,0.0000000000000000
33.5073586,0.0000000000000000,0.0000000000000000,2.8236629962921143,0.0000000000000000,0.0000000000000000,-2.0000000000000000,0.0000000000000000
33.5173492,0.0000000000000000,0.0000000000000000,2.8236629962921143,0.0000000000000000,0.0000000000000000,-1.2812500000000000,0.0000000000000000
33.5279388,0.0000000000000000,0.0000000000000000,2.8236629962921143,0.0000000000000000,0.0000000000000000,-0.1406250000000000,0.0000000000000000
33.5378838,0.0000000000000000,0.0000000000000000,3.0233249664306641,0.0000000000000000,0.0000000000000000,-0.1406250000000000,0.0000000000000000
33.5486298,0.0000000000000000,0.0000000000000000,3.1118173599243164,0.0000000000000000,0.0000000000000000,-0.1406250000000000,0.0000000000000000
33.5567322,0.0000000000000000,0.0000000000000000,3.1364531517028809,0.0000000000000000,0.0000000000000000,-0.1406250000000000,0.0000000000000000
33.5667305,0.0000000000000000,0.0000000000000000,3.1584970951080322,0.0000000000000000,0.0000000000000000,-0.1406250000000000,0.0000000000000000
33.5772934,0.0000000000000000,0.0000000000000000,3.1584970951080322,0.0000000000000000,0.0000000000000000,4.3320312500000000,0.0000000000000000
33.5875359,0.0000000000000000,0.0000000000000000,3.1584970951080322,0.0000000000000000,0.0000000000000000,3.1289062500000000,0.0000000000000000
33.5976105,0.0000000000000000,0.0000000000000000,3.2437872886657715,0.0000000000000000,0.0000000000000000,3.1289062500000000,0.0000000000000000
33.6087265,0.0000000000000000,0.0000000000000000,3.2362234592437744,0.0000000000000000,0.0000000000000000,3.1289062500000000,0.0000000000000000
33.6167488,0.0000000000000000,0.0000000000000000,3.2146759033203125,0.0000000000000000,0.0000000000000000,3.1289062500000000,0.0000000000000000
33.6267395,0.0000000000000000,0.0000000000000000,3.2146759033203125,0.0000000000000000,0.0000000000000000,-2.7539062500000000,0.0000000000000000
33.6373215,0.0000000000000000,0.0000000000000000,3.2004504203796387,0.0000000000000000,0.0000000000000000,-2.7539062500000000,0.0000000000000000
33.6476135,0.0000000000000000,0.0000000000000000,3.1722760200500488,0.0000000000000000,0.0000000000000000,-2.7539062500000000,0.0000000000000000
33.6573372,0.0000000000000000,0.0000000000000000,3.1291744709014893,0.0000000000000000,0.0000000000000000,-2.7539062500000000,0.0000000000000000
33.6673508,0.0000000000000000,0.0000000000000000,3.1051936149597168,0.0000000000000000,0.0000000000000000,-2.7539062500000000,0.0000000000000000
33.6773491,0.0000000000000000,0.0000000000000000,3.0852377414703369,0.0000000000000000,0.0000000000000000,-2.7539062500000000,0.0000000000000000
33.6873283,0.0000000000000000,0.0000000000000000,3.0765054225921631,0.0000000000000000,0.0000000000000000,-2.7539062500000000,0.0000000000000000
33.6973343,0.0000000000000000,0.0000000000000000,3.0830581188201904,0.0000000000000000,0.0000000000000000,-2.7539062500000000,0.0000000000000000
33.7073479,0.0000000000000000,0.0000000000000000,3.1045897006988525,0.0000000000000000,0.0000000000000000,-2.7539062500000000,0.0000000000000000
33.7173424,0.0000000000000000,0.0000000000000000,3.1381146907806396,0.0000000000000000,0.0000000000000000,-2.7539062500000000,0.0000000000000000
33.7280388,0.0000000000000000,0.0000000000000000,3.1703045368194580,0.0000000000000000,0.0000000000000000,-2.7539062500000000,0.0000000000000000
33.7373734,0.0000000000000000,0.0000000000000000,3.1997640132904053,0.0000000000000000,0.0000000000000000,-2.7539062500000000,0.0000000000000000
33.7477150,0.0000000000000000,0.0000000000000000,3.2167398929595947,0.0000000000000000,0.0000000000000000,-2.7539062500000000,0.0000000000000000
33.7580414,0.0000000000000000,0.0000000000000000,3.2216331958770752,0.0000000000000000,0.0000000000000000,-2.7539062500000000,0.0000000000000000
33.7679749,0.0000000000000000,0.0000000000000000,3.2136290073394775,0.0000000000000000,0.0000000000000000,-2.7539062500000000,0.0000000000000000
33.7778397,0.0000000000000000,0.0000000000000000,3.1956222057342529,0.0000000000000000,0.0000000000000000,-2.7539062500000000,0.0000000000000000
33.7894173,0.0000000000000000,0.0000000000000000,3.1406116485595703,0.0000000000000000,0.0000000000000000,-2.7539062500000000,0.0000000000000000
33.7972031,0.0000000000000000,0.0000000000000000,3.1095848083496094,0.0000000000000000,0.0000000000000000,-2.7539062500000000,0.0000000000000000
33.8074799,0.0000000000000000,0.0000000000000000,3.1095848083496094,0.0000000000000000,0.0000000000000000,-2.9941406250000000,0.0000000000000000
33.8173904,0.0000000000000000,0.0000000000000000,3.0804553031921387,0.0000000000000000,0.0000000000000000,-2.9941406250000000,0.0000000000000000
33.8277740,0.0000000000000000,0.0000000000000000,3.0561525821685791,0.0000000000000000,0.0000000000000000,-2.9941406250000000,0.0000000000000000
33.8377533,0.0000000000000000,0.0000000000000000,3.0425300598144531,0.0000000000000000,0.0000000000000000,-2.9941406250000000,0.0000000000000000
33.8481026,0.0000000000000000,0.0000000000000000,3.0449471473693848,0.0000000000000000,0.0000000000000000,-2.9941406250000000,0.0000000000000000
33.8577652,0.0000000000000000,0.0000000000000000,3.0677514076232910,0.0000000000000000,0.0000000000000000,-2.9941406250000000,0.0000000000000000
33.8674622,0.0000000000000000,0.0000000000000000,3.1089389324188232,0.0000000000000000,0.0000000000000000,-2.9941406250000000,0.0000000000000000
33.8773613,0.0000000000000000,0.0000000000000000,3.1586492061614990,0.0000000000000000,0.0000000000000000,-2.9941406250000000,0.0000000000000000
33.8873672,0.0000000000000000,0.0000000000000000,3.2066736221313477,0.0000000000000000,0.0000000000000000,-2.9941406250000000,0.0000000000000000
33.8979683,0.0000000000000000,0.0000000000000000,3.2434713840484619,0.0000000000000000,0.0000000000000000,-2.9941406250000000,0.0000000000000000
33.9075851,0.0000000000000000,0.0000000000000000,3.2620065212249756,0.0000000000000000,0.0000000000000000,-2.9941406250000000,0.0000000000000000
33.9175644,0.0000000000000000,0.0000000000000000,3.2614634037017822,0.0000000000000000,0.0000000000000000,-2.9941406250000000,0.0000000000000000
33.9274483,0.0000000000000000,0.0000000000000000,3.2450175285339355,0.0000000000000000,0.0000000000000000,-2.9941406250000000,0.0000000000000000
33.9377213,0.0000000000000000,0.0000000000000000,3.2183125019073486,0.0000000000000000,0.0000000000000000,-2.9941406250000000,0.0000000000000000
33.9478607,0.0000000000000000,0.0000000000000000,3.1849458217620850,0.0000000000000000,0.0000000000000000,-2.9941406250000000,0.0000000000000000
33.9571114,0.0000000000000000,0.0000000000000000,3.1849458217620850,0.0000000000000000,0.0000000000000000,-3.7363281250000000,0.0000000000000000
33.9677353,0.0000000000000000,0.0000000000000000,3.1100060939788818,0.0000000000000000,0.0000000000000000,-3.7363281250000000,0.0000000000000000
33.9777145,0.0000000000000000,0.0000000000000000,3.0739090442657471,0.0000000000000000,0.0000000000000000,-3.7363281250000000,0.0000000000000000
33.9874268,0.0000000000000000,0.0000000000000000,3.0465545654296875,0.0000000000000000,0.0000000000000000,-3.7363281250000000,0.0000000000000000
33.9975090,0.0000000000000000,0.0000000000000000,3.0317056179046631,0.0000000000000000,0.0000000000000000,-3.7363281250000000,0.0000000000000000
34.0073624,0.0000000000000000,0.0000000000000000,3.0375070571899414,0.0000000000000000,0.0000000000000000,-3.7363281250000000,0.0000000000000000
34.0173798,0.0000000000000000,0.0000000000000000,3.0639421939849854,0.0000000000000000,0.0000000000000000,-3.7363281250000000,0.0000000000000000
34.0287704,0.0000000000000000,0.0000000000000000,3.1012668609619141,0.0000000000000000,0.0000000000000000,3.5195312500000000,0.0000000000000000
34.0368042,0.0000000000000000,0.0000000000000000,3.1766822338104248,0.0000000000000000,0.0000000000000000,3.5195312500000000,0.0000000000000000
34.0470772,0.0000000000000000,0.0000000000000000,3.1766822338104248,0.0000000000000000,0.0000000000000000,2.2753906250000000,0.0000000000000000
34.0576935,0.0000000000000000,0.0000000000000000,3.1993663311004639,0.0000000000000000,0.0000000000000000,2.2753906250000000,0.0000000000000000
34.0673561,0.0000000000000000,0.0000000000000000,3.1993663311004639,0.0000000000000000,0.0000000000000000,-0.9414062500000000,0.0000000000000000
34.0773811,0.0000000000000000,0.0000000000000000,3.1993663311004639,0.0000000000000000,0.0000000000000000,-2.3242187500000000,0.0000000000000000
34.0873795,0.0000000000000000,0.0000000000000000,3.1993663311004639,0.0000000000000000,0.0000000000000000,-3.1992187500000000,0.0000000000000000
34.0974197,0.0000000000000000,0.0000000000000000,3.1993663311004639,0.0000000000000000,0.0000000000000000,-3.4453125000000000,0.0000000000000000
34.1073608,0.0000000000000000,0.0000000000000000,3.1993663311004639,0.0000000000000000,0.0000000000000000,-3.2597656250000000,0.0000000000000000
34.1173782,0.0000000000000000,0.0000000000000000,3.1993663311004639,0.0000000000000000,0.0000000000000000,-2.5839843750000000,0.0000000000000000
34.1273613,0.0000000000000000,0.0000000000000000,3.1993663311004639,0.0000000000000000,0.0000000000000000,-1.2441406250000000,0.0000000000000000
34.1373825,0.0000000000000000,0.0000000000000000,3.1993663311004639,0.0000000000000000,0.0000000000000000,0.6796875000000000,0.0000000000000000
34.1473885,0.0000000000000000,0.0000000000000000,3.1993663311004639,0.0000000000000000,0.0000000000000000,2.7363281250000000,0.0000000000000000
34.1573944,0.0000000000000000,0.0000000000000000,3.1993663311004639,0.0000000000000000,0.0000000000000000,3.9296875000000000,0.0000000000000000
34.1674004,0.0000000000000000,0.0000000000000000,3.1993663311004639,0.0000000000000000,0.0000000000000000,3.9101562500000000,0.0000000000000000
34.1770935,0.0000000000000000,0.0000000000000000,3.1993663311004639,0.0000000000000000,0.0000000000000000,3.1171875000000000,0.0000000000000000
34.1878929,0.0000000000000000,0.0000000000000000,3.1812112331390381,0.0000000000000000,0.0000000000000000,3.1171875000000000,0.0000000000000000
34.1981354,0.0000000000000000,0.0000000000000000,3.1812112331390381,0.0000000000000000,0.0000000000000000,0.2500000000000000,0.0000000000000000
34.2080765,0.0000000000000000,0.0000000000000000,3.1812112331390381,0.0000000000000000,0.0000000000000000,-1.1425781250000000,0.0000000000000000
34.2178612,0.0000000000000000,0.0000000000000000,3.1812112331390381,0.0000000000000000,0.0000000000000000,-2.1699218750000000,0.0000000000000000
34.2274399,0.0000000000000000,0.0000000000000000,3.1812112331390381,0.0000000000000000,0.0000000000000000,-2.5761718750000000,0.0000000000000000
34.2375488,0.0000000000000000,0.0000000000000000,3.1812112331390381,0.0000000000000000,0.0000000000000000,-2.5078125000000000,0.0000000000000000
34.2478714,0.0000000000000000,0.0000000000000000,3.1812112331390381,0.0000000000000000,0.0000000000000000,-2.1914062500000000,0.0000000000000000
34.2578506,0.0000000000000000,0.0000000000000000,3.1812112331390381,0.0000000000000000,0.0000000000000000,-1.7265625000000000,0.0000000000000000
34.2674599,0.0000000000000000,0.0000000000000000,3.1812112331390381,0.0000000000000000,0.0000000000000000,-0.8789062500000000,0.0000000000000000
34.2778587,0.0000000000000000,0.0000000000000000,3.1812112331390381,0.0000000000000000,0.0000000000000000,0.4609375000000000,0.0000000000000000
34.2876930,0.0000000000000000,0.0000000000000000,3.1812112331390381,0.0000000000000000,0.0000000000000000,1.9296875000000000,0.0000000000000000
34.2978477,0.0000000000000000,0.0000000000000000,3.1812112331390381,0.0000000000000000,0.0000000000000000,2.8632812500000000,0.0000000000000000
34.3074150,0.0000000000000000,0.0000000000000000,3.1812112331390381,0.0000000000000000,0.0000000000000000,2.9628906250000000,0.0000000000000000
34.3178864,0.0000000000000000,0.0000000000000000,3.1812112331390381,0.0000000000000000,0.0000000000000000,2.3789062500000000,0.0000000000000000
34.3278694,0.0000000000000000,0.0000000000000000,3.1812112331390381,0.0000000000000000,0.0000000000000000,1.2949218750000000,0.0000000000000000
34.3379784,0.0000000000000000,0.0000000000000000,3.1812112331390381,0.0000000000000000,0.0000000000000000,-0.0429687500000000,0.0000000000000000
34.3478928,0.0000000000000000,0.0000000000000000,3.1812112331390381,0.0000000000000000,0.0000000000000000,-1.2207031250000000,0.0000000000000000
34.3574829,0.0000000000000000,0.0000000000000000,3.1812112331390381,0.0000000000000000,0.0000000000000000,-1.9941406250000000,0.0000000000000000
34.3677444,0.0000000000000000,0.0000000000000000,3.1812112331390381,0.0000000000000000,0.0000000000000000,-2.3417968750000000,0.0000000000000000
34.3776016,0.0000000000000000,0.0000000000000000,3.1812112331390381,0.0000000000000000,0.0000000000000000,-2.2480468750000000,0.0000000000000000
34.3875198,0.0000000000000000,0.0000000000000000,3.1812112331390381,0.0000000000000000,0.0000000000000000,-1.8398437500000000,0.0000000000000000
34.3974991,0.0000000000000000,0.0000000000000000,3.1812112331390381,0.0000000000000000,0.0000000000000000,-1.3554687500000000,0.0000000000000000
34.4075089,0.0000000000000000,0.0000000000000000,3.1812112331390381,0.0000000000000000,0.0000000000000000,-0.4023437500000000,0.0000000000000000
34.4174423,0.0000000000000000,0.0000000000000000,3.1812112331390381,0.0000000000000000,0.0000000000000000,0.9062500000000000,0.0000000000000000
34.4274368,0.0000000000000000,0.0000000000000000,3.1812112331390381,0.0000000000000000,0.0000000000000000,1.8886718750000000,0.0000000000000000
34.4378891,0.0000000000000000,0.0000000000000000,3.1812112331390381,0.0000000000000000,0.0000000000000000,2.2207031250000000,0.0000000000000000
34.4494476,0.0000000000000000,0.0000000000000000,3.1604139804840088,0.0000000000000000,0.0000000000000000,2.2207031250000000,0.0000000000000000
34.4569283,0.0000000000000000,0.0000000000000000,3.1646661758422852,0.0000000000000000,0.0000000000000000,2.2207031250000000,0.0000000000000000
34.4668121,0.0000000000000000,0.0000000000000000,3.1646661758422852,0.0000000000000000,0.0000000000000000,-0.3671875000000000,0.0000000000000000
34.4771881,0.0000000000000000,0.0000000000000000,3.1636250019073486,0.0000000000000000,0.0000000000000000,-0.3671875000000000,0.0000000000000000
34.4877129,0.0000000000000000,0.0000000000000000,3.1636250019073486,0.0000000000000000,0.0000000000000000,-0.8691406250000000,0.0000000000000000
34.4977684,0.0000000000000000,0.0000000000000000,3.1463212966918945,0.0000000000000000,0.0000000000000000,-0.8691406250000000,0.0000000000000000
34.5074730,0.0000000000000000,0.0000000000000000,3.1239345073699951,0.0000000000000000,0.0000000000000000,-0.8691406250000000,0.0000000000000000
34.5174637,0.0000000000000000,0.0000000000000000,3.1087977886199951,0.0000000000000000,0.0000000000000000,-0.8691406250000000,0.0000000000000000
34.5274620,0.0000000000000000,0.0000000000000000,3.0944783687591553,0.0000000000000000,0.0000000000000000,-0.8691406250000000,0.0000000000000000
34.5375214,0.0000000000000000,0.0000000000000000,3.0815997123718262,0.0000000000000000,0.0000000000000000,-0.8691406250000000,0.0000000000000000
34.5475044,0.0000000000000000,0.0000000000000000,3.0705063343048096,0.0000000000000000,0.0000000000000000,-0.8691406250000000,0.0000000000000000
34.5574341,0.0000000000000000,0.0000000000000000,3.0646615028381348,0.0000000000000000,0.0000000000000000,-0.8691406250000000,0.0000000000000000
34.5674858,0.0000000000000000,0.0000000000000000,3.0641355514526367,0.0000000000000000,0.0000000000000000,-0.8691406250000000,0.0000000000000000
34.5774612,0.0000000000000000,0.0000000000000000,3.0675468444824219,0.0000000000000000,0.0000000000000000,-0.8691406250000000,0.0000000000000000
34.5881996,0.0000000000000000,0.0000000000000000,3.0744721889495850,0.0000000000000000,0.0000000000000000,-0.8691406250000000,0.0000000000000000
34.5974922,0.0000000000000000,0.0000000000000000,3.0827596187591553,0.0000000000000000,0.0000000000000000,-0.8691406250000000,0.0000000000000000
34.6075134,0.0000000000000000,0.0000000000000000,3.0911972522735596,0.0000000000000000,0.0000000000000000,-0.8691406250000000,0.0000000000000000
34.6175079,0.0000000000000000,0.0000000000000000,3.0962684154510498,0.0000000000000000,0.0000000000000000,-0.8691406250000000,0.0000000000000000
34.6275063,0.0000000000000000,0.0000000000000000,3.0987503528594971,0.0000000000000000,0.0000000000000000,-0.8691406250000000,0.0000000000000000
34.6381721,0.0000000000000000,0.0000000000000000,3.0969345569610596,0.0000000000000000,0.0000000000000000,-0.8691406250000000,0.0000000000000000
34.6475182,0.0000000000000000,0.0000000000000000,3.0893499851226807,0.0000000000000000,0.0000000000000000,-0.8691406250000000,0.0000000000000000
34.6579590,0.0000000000000000,0.0000000000000000,3.0769445896148682,0.0000000000000000,0.0000000000000000,-0.8691406250000000,0.0000000000000000
34.6699257,0.0000000000000000,0.0000000000000000,3.0424034595489502,0.0000000000000000,0.0000000000000000,-0.8691406250000000,0.0000000000000000
34.6776772,0.0000000000000000,0.0000000000000000,3.0223386287689209,0.0000000000000000,0.0000000000000000,-0.8691406250000000,0.0000000000000000
34.6875916,0.0000000000000000,0.0000000000000000,3.0223386287689209,0.0000000000000000,0.0000000000000000,-2.2988281250000000,0.0000000000000000
34.6979370,0.0000000000000000,0.0000000000000000,2.9995043277740479,0.0000000000000000,0.0000000000000000,-2.2988281250000000,0.0000000000000000
34.7075081,0.0000000000000000,0.0000000000000000,2.9734380245208740,0.0000000000000000,0.0000000000000000,-2.2988281250000000,0.0000000000000000
34.7179337,0.0000000000000000,0.0000000000000000,2.9442312717437744,0.0000000000000000,0.0000000000000000,-2.2988281250000000,0.0000000000000000
34.7275352,0.0000000000000000,0.0000000000000000,2.9138364791870117,0.0000000000000000,0.0000000000000000,-2.2988281250000000,0.0000000000000000
34.7379074,0.0000000000000000,0.0000000000000000,2.8849787712097168,0.0000000000000000,0.0000000000000000,-2.2988281250000000,0.0000000000000000
34.7479286,0.0000000000000000,0.0000000000000000,2.8711149692535400,0.0000000000000000,0.0000000000000000,-2.2988281250000000,0.0000000000000000
34.7577591,0.0000000000000000,0.0000000000000000,2.8696813583374023,0.0000000000000000,0.0000000000000000,-2.2988281250000000,0.0000000000000000
34.7679710,0.0000000000000000,0.0000000000000000,2.8685855865478516,0.0000000000000000,0.0000000000000000,-2.2988281250000000,0.0000000000000000
34.7778206,0.0000000000000000,0.0000000000000000,2.8687050342559814,0.0000000000000000,0.0000000000000000,-2.2988281250000000,0.0000000000000000
34.7879601,0.0000000000000000,0.0000000000000000,2.8689401149749756,0.0000000000000000,0.0000000000000000,-2.2988281250000000,0.0000000000000000
34.7980042,0.0000000000000000,0.0000000000000000,2.8693714141845703,0.0000000000000000,0.0000000000000000,-2.2988281250000000,0.0000000000000000
34.8078384,0.0000000000000000,0.0000000000000000,2.8697054386138916,0.0000000000000000,0.0000000000000000,-2.2988281250000000,0.0000000000000000
34.8176155,0.0000000000000000,0.0000000000000000,2.8698799610137939,0.0000000000000000,0.0000000000000000,-2.2988281250000000,0.0000000000000000
34.8277473,0.0000000000000000,0.0000000000000000,2.8696153163909912,0.0000000000000000,0.0000000000000000,-2.2988281250000000,0.0000000000000000
34.8390198,0.0000000000000000,0.0000000000000000,2.8650164604187012,0.0000000000000000,0.0000000000000000,-2.2988281250000000,0.0000000000000000
34.8471260,0.0000000000000000,0.0000000000000000,2.8608975410461426,0.0000000000000000,0.0000000000000000,-2.2988281250000000,0.0000000000000000
34.8572006,0.0000000000000000,0.0000000000000000,2.8608975410461426,0.0000000000000000,0.0000000000000000,-0.4863281250000000,0.0000000000000000
34.8675842,0.0000000000000000,0.0000000000000000,2.8563511371612549,0.0000000000000000,0.0000000000000000,-0.4863281250000000,0.0000000000000000
34.8778572,0.0000000000000000,0.0000000000000000,2.8512732982635498,0.0000000000000000,0.0000000000000000,-0.4863281250000000,0.0000000000000000
34.8890762,0.0000000000000000,0.0000000000000000,2.8407530784606934,0.0000000000000000,0.0000000000000000,-0.4863281250000000,0.0000000000000000
34.8969536,0.0000000000000000,0.0000000000000000,2.8360798358917236,0.0000000000000000,0.0000000000000000,-0.4863281250000000,0.0000000000000000
34.9072075,0.0000000000000000,0.0000000000000000,2.8360798358917236,0.0000000000000000,0.0000000000000000,-0.3886718750000000,0.0000000000000000
34.9175301,0.0000000000000000,0.0000000000000000,2.8323576450347900,0.0000000000000000,0.0000000000000000,-0.3886718750000000,0.0000000000000000
34.9278793,0.0000000000000000,0.0000000000000000,2.8287277221679688,0.0000000000000000,0.0000000000000000,-0.3886718750000000,0.0000000000000000
34.9375153,0.0000000000000000,0.0000000000000000,2.8287277221679688,0.0000000000000000,0.0000000000000000,-0.3398437500000000,0.0000000000000000
34.9475174,0.0000000000000000,0.0000000000000000,2.8287277221679688,0.0000000000000000,0.0000000000000000,-0.3535156250000000,0.0000000000000000
34.9575500,0.0000000000000000,0.0000000000000000,2.8287277221679688,0.0000000000000000,0.0000000000000000,-0.4062500000000000,0.0000000000000000
34.9675255,0.0000000000000000,0.0000000000000000,2.8287277221679688,0.0000000000000000,0.0000000000000000,-0.4570312500000000,0.0000000000000000
34.9775543,0.0000000000000000,0.0000000000000000,2.8287277221679688,0.0000000000000000,0.0000000000000000,-0.4589843750000000,0.0000000000000000
34.9874992,0.0000000000000000,0.0000000000000000,2.8287277221679688,0.0000000000000000,0.0000000000000000,-0.5703125000000000,0.0000000000000000
34.9975090,0.0000000000000000,0.0000000000000000,2.8287277221679688,0.0000000000000000,0.0000000000000000,-0.8183593750000000,0.0000000000000000
35.0075302,0.0000000000000000,0.0000000000000000,2.8287277221679688,0.0000000000000000,0.0000000000000000,-1.1093750000000000,0.0000000000000000
35.0172157,0.0000000000000000,0.0000000000000000,2.8287277221679688,0.0000000000000000,0.0000000000000000,-1.3164062500000000,0.0000000000000000
35.0278854,0.0000000000000000,0.0000000000000000,2.7673814296722412,0.0000000000000000,0.0000000000000000,-1.3164062500000000,0.0000000000000000
35.0375175,0.0000000000000000,0.0000000000000000,2.7673814296722412,0.0000000000000000,0.0000000000000000,-1.0292968750000000,0.0000000000000000
35.0475464,0.0000000000000000,0.0000000000000000,2.7673814296722412,0.0000000000000000,0.0000000000000000,-0.6347656250000000,0.0000000000000000
35.0575562,0.0000000000000000,0.0000000000000000,2.7673814296722412,0.0000000000000000,0.0000000000000000,-0.7246093750000000,0.0000000000000000
35.0675545,0.0000000000000000,0.0000000000000000,2.7673814296722412,0.0000000000000000,0.0000000000000000,-0.7539062500000000,0.0000000000000000
35.0775642,0.0000000000000000,0.0000000000000000,2.7673814296722412,0.0000000000000000,0.0000000000000000,-0.6074218750000000,0.0000000000000000
35.0875740,0.0000000000000000,0.0000000000000000,2.7673814296722412,0.0000000000000000,0.0000000000000000,-0.3671875000000000,0.0000000000000000
35.0975800,0.0000000000000000,0.0000000000000000,2.7673814296722412,0.0000000000000000,0.0000000000000000,-0.2246093750000000,0.0000000000000000
35.1080704,0.0000000000000000,0.0000000000000000,2.7673814296722412,0.0000000000000000,0.0000000000000000,-0.0722656250000000,0.0000000000000000
35.1181107,0.0000000000000000,0.0000000000000000,2.7673814296722412,0.0000000000000000,0.0000000000000000,0.1386718750000000,0.0000000000000000
35.1279945,0.0000000000000000,0.0000000000000000,2.7673814296722412,0.0000000000000000,0.0000000000000000,0.2089843750000000,0.0000000000000000
35.1381149,0.0000000000000000,0.0000000000000000,2.7673814296722412,0.0000000000000000,0.0000000000000000,0.3242187500000000,0.0000000000000000
35.1477509,0.0000000000000000,0.0000000000000000,2.7673814296722412,0.0000000000000000,0.0000000000000000,0.3242187500000000,0.0000000000000000
35.1579781,0.0000000000000000,0.0000000000000000,2.7673814296722412,0.0000000000000000,0.0000000000000000,0.2988281250000000,0.0000000000000000
35.1681671,0.0000000000000000,0.0000000000000000,2.7673814296722412,0.0000000000000000,0.0000000000000000,0.1328125000000000,0.0000000000000000
35.1779938,0.0000000000000000,0.0000000000000000,2.7673814296722412,0.0000000000000000,0.0000000000000000,-0.0117187500000000,0.0000000000000000
35.1879883,0.0000000000000000,0.0000000000000000,2.7673814296722412,0.0000000000000000,0.0000000000000000,-0.0800781250000000,0.0000000000000000
35.1978722,0.0000000000000000,0.0000000000000000,2.7673814296722412,0.0000000000000000,0.0000000000000000,-0.0097656250000000,0.0000000000000000
35.2080803,0.0000000000000000,0.0000000000000000,2.7673814296722412,0.0000000000000000,0.0000000000000000,0.1621093750000000,0.0000000000000000
35.2183533,0.0000000000000000,0.0000000000000000,2.7673814296722412,0.0000000000000000,0.0000000000000000,0.4414062500000000,0.0000000000000000
35.2280083,0.0000000000000000,0.0000000000000000,2.7673814296722412,0.0000000000000000,0.0000000000000000,0.7343750000000000,0.0000000000000000
35.2380180,0.0000000000000000,0.0000000000000000,2.7673814296722412,0.0000000000000000,0.0000000000000000,0.9746093750000000,0.0000000000000000
35.2480621,0.0000000000000000,0.0000000000000000,2.7673814296722412,0.0000000000000000,0.0000000000000000,1.1269531250000000,0.0000000000000000
35.2578087,0.0000000000000000,0.0000000000000000,2.7673814296722412,0.0000000000000000,0.0000000000000000,1.2363281250000000,0.0000000000000000
35.2676048,0.0000000000000000,0.0000000000000000,2.7673814296722412,0.0000000000000000,0.0000000000000000,1.3769531250000000,0.0000000000000000
35.2776413,0.0000000000000000,0.0000000000000000,2.7673814296722412,0.0000000000000000,0.0000000000000000,1.6054687500000000,0.0000000000000000
35.2877998,0.0000000000000000,0.0000000000000000,2.7673814296722412,0.0000000000000000,0.0000000000000000,1.8378906250000000,0.0000000000000000
35.2976151,0.0000000000000000,0.0000000000000000,2.7673814296722412,0.0000000000000000,0.0000000000000000,2.0214843750000000,0.0000000000000000
35.3078842,0.0000000000000000,0.0000000000000000,2.7673814296722412,0.0000000000000000,0.0000000000000000,2.2226562500000000,0.0000000000000000
35.3181534,0.0000000000000000,0.0000000000000000,2.7673814296722412,0.0000000000000000,0.0000000000000000,2.4238281250000000,0.0000000000000000
35.3280411,0.0000000000000000,0.0000000000000000,2.8969764709472656,0.0000000000000000,0.0000000000000000,2.4238281250000000,0.0000000000000000
35.3372726,0.0000000000000000,0.0000000000000000,2.9348070621490479,0.0000000000000000,0.0000000000000000,2.4238281250000000,0.0000000000000000
35.3473549,0.0000000000000000,0.0000000000000000,2.9497046470642090,0.0000000000000000,0.0000000000000000,2.4238281250000000,0.0000000000000000
35.3575745,0.0000000000000000,0.0000000000000000,2.9497046470642090,0.0000000000000000,0.0000000000000000,3.0136718750000000,0.0000000000000000
35.3681564,0.0000000000000000,0.0000000000000000,2.9497046470642090,0.0000000000000000,0.0000000000000000,3.4296875000000000,0.0000000000000000
35.3776245,0.0000000000000000,0.0000000000000000,3.0684008598327637,0.0000000000000000,0.0000000000000000,3.4296875000000000,0.0000000000000000
35.3876114,0.0000000000000000,0.0000000000000000,3.1099996566772461,0.0000000000000000,0.0000000000000000,3.4296875000000000,0.0000000000000000
35.3976364,0.0000000000000000,0.0000000000000000,3.1558687686920166,0.0000000000000000,0.0000000000000000,3.4296875000000000,0.0000000000000000
35.4076118,0.0000000000000000,0.0000000000000000,3.1942043304443359,0.0000000000000000,0.0000000000000000,3.4296875000000000,0.0000000000000000
35.4175949,0.0000000000000000,0.0000000000000000,3.2291278839111328,0.0000000000000000,0.0000000000000000,3.4296875000000000,0.0000000000000000
35.4270439,0.0000000000000000,0.0000000000000000,3.2541320323944092,0.0000000000000000,0.0000000000000000,3.4296875000000000,0.0000000000000000
35.4381523,0.0000000000000000,0.0000000000000000,3.2541320323944092,0.0000000000000000,0.0000000000000000,2.0000000000000000,0.0000000000000000
35.4476471,0.0000000000000000,0.0000000000000000,3.2884833812713623,0.0000000000000000,0.0000000000000000,2.0000000000000000,0.0000000000000000
35.4576225,0.0000000000000000,0.0000000000000000,3.2987744808197021,0.0000000000000000,0.0000000000000000,2.0000000000000000,0.0000000000000000
35.4676208,0.0000000000000000,0.0000000000000000,3.3050339221954346,0.0000000000000000,0.0000000000000000,2.0000000000000000,0.0000000000000000
35.4776344,0.0000000000000000,0.0000000000000000,3.3094525337219238,0.0000000000000000,0.0000000000000000,2.0000000000000000,0.0000000000000000
35.4876366,0.0000000000000000,0.0000000000000000,3.3128108978271484,0.0000000000000000,0.0000000000000000,2.0000000000000000,0.0000000000000000
35.4983559,0.0000000000000000,0.0000000000000000,3.3156437873840332,0.0000000000000000,0.0000000000000000,2.0000000000000000,0.0000000000000000
35.5076752,0.0000000000000000,0.0000000000000000,3.3169000148773193,0.0000000000000000,0.0000000000000000,2.0000000000000000,0.0000000000000000
35.5180321,0.0000000000000000,0.0000000000000000,3.3155610561370850,0.0000000000000000,0.0000000000000000,2.0000000000000000,0.0000000000000000
35.5276756,0.0000000000000000,0.0000000000000000,3.3104615211486816,0.0000000000000000,0.0000000000000000,2.0000000000000000,0.0000000000000000
35.5383682,0.0000000000000000,0.0000000000000000,3.3012051582336426,0.0000000000000000,0.0000000000000000,2.0000000000000000,0.0000000000000000
35.5480919,0.0000000000000000,0.0000000000000000,3.2885413169860840,0.0000000000000000,0.0000000000000000,2.0000000000000000,0.0000000000000000
35.5580635,0.0000000000000000,0.0000000000000000,3.2719700336456299,0.0000000000000000,0.0000000000000000,2.0000000000000000,0.0000000000000000
35.5681000,0.0000000000000000,0.0000000000000000,3.2518436908721924,0.0000000000000000,0.0000000000000000,2.0000000000000000,0.0000000000000000
35.5776367,0.0000000000000000,0.0000000000000000,3.2279312610626221,0.0000000000000000,0.0000000000000000,2.0000000000000000,0.0000000000000000
35.5876808,0.0000000000000000,0.0000000000000000,3.1997632980346680,0.0000000000000000,0.0000000000000000,2.0000000000000000,0.0000000000000000
35.5980759,0.0000000000000000,0.0000000000000000,3.1676919460296631,0.0000000000000000,0.0000000000000000,2.0000000000000000,0.0000000000000000
35.6081085,0.0000000000000000,0.0000000000000000,3.1327364444732666,0.0000000000000000,0.0000000000000000,2.0000000000000000,0.0000000000000000
35.6180878,0.0000000000000000,0.0000000000000000,3.0955536365509033,0.0000000000000000,0.0000000000000000,2.0000000000000000,0.0000000000000000
35.6280594,0.0000000000000000,0.0000000000000000,3.0581901073455811,0.0000000000000000,0.0000000000000000,2.0000000000000000,0.0000000000000000
35.6377106,0.0000000000000000,0.0000000000000000,3.0223929882049561,0.0000000000000000,0.0000000000000000,2.0000000000000000,0.0000000000000000
35.6478844,0.0000000000000000,0.0000000000000000,2.9893703460693359,0.0000000000000000,0.0000000000000000,2.0000000000000000,0.0000000000000000
35.6576767,0.0000000000000000,0.0000000000000000,2.9600422382354736,0.0000000000000000,0.0000000000000000,2.0000000000000000,0.0000000000000000
35.6672821,0.0000000000000000,0.0000000000000000,2.9339432716369629,0.0000000000000000,0.0000000000000000,2.0000000000000000,0.0000000000000000
35.6787186,0.0000000000000000,0.0000000000000000,2.9339432716369629,0.0000000000000000,0.0000000000000000,-2.2050781250000000,0.0000000000000000
35.6879082,0.0000000000000000,0.0000000000000000,2.8950705528259277,0.0000000000000000,0.0000000000000000,-2.2050781250000000,0.0000000000000000
35.6979866,0.0000000000000000,0.0000000000000000,2.8819370269775391,0.0000000000000000,0.0000000000000000,-2.2050781250000000,0.0000000000000000
35.7080002,0.0000000000000000,0.0000000000000000,2.8742661476135254,0.0000000000000000,0.0000000000000000,-2.2050781250000000,0.0000000000000000
35.7177277,0.0000000000000000,0.0000000000000000,2.8703231811523438,0.0000000000000000,0.0000000000000000,-2.2050781250000000,0.0000000000000000
35.7276993,0.0000000000000000,0.0000000000000000,2.8697230815887451,0.0000000000000000,0.0000000000000000,-2.2050781250000000,0.0000000000000000
35.7377434,0.0000000000000000,0.0000000000000000,2.8721363544464111,0.0000000000000000,0.0000000000000000,-2.2050781250000000,0.0000000000000000
35.7480545,0.0000000000000000,0.0000000000000000,2.8784639835357666,0.0000000000000000,0.0000000000000000,-2.2050781250000000,0.0000000000000000
35.7579346,0.0000000000000000,0.0000000000000000,2.8919830322265625,0.0000000000000000,0.0000000000000000,-2.2050781250000000,0.0000000000000000
35.7676926,0.0000000000000000,0.0000000000000000,2.9153187274932861,0.0000000000000000,0.0000000000000000,-2.2050781250000000,0.0000000000000000
35.7776794,0.0000000000000000,0.0000000000000000,2.9485974311828613,0.0000000000000000,0.0000000000000000,-2.2050781250000000,0.0000000000000000
35.7879944,0.0000000000000000,0.0000000000000000,2.9874975681304932,0.0000000000000000,0.0000000000000000,-2.2050781250000000,0.0000000000000000
35.7976646,0.0000000000000000,0.0000000000000000,2.9874975681304932,0.0000000000000000,0.0000000000000000,3.6992187500000000,0.0000000000000000
35.8076706,0.0000000000000000,0.0000000000000000,2.9874975681304932,0.0000000000000000,0.0000000000000000,2.9570312500000000,0.0000000000000000
35.8176727,0.0000000000000000,0.0000000000000000,2.9874975681304932,0.0000000000000000,0.0000000000000000,1.9824218750000000,0.0000000000000000
35.8273506,0.0000000000000000,0.0000000000000000,2.9874975681304932,0.0000000000000000,0.0000000000000000,0.9042968750000000,0.0000000000000000
35.8380203,0.0000000000000000,0.0000000000000000,3.1236898899078369,0.0000000000000000,0.0000000000000000,0.9042968750000000,0.0000000000000000
35.8476753,0.0000000000000000,0.0000000000000000,3.1236898899078369,0.0000000000000000,0.0000000000000000,-0.4746093750000000,0.0000000000000000
35.8576622,0.0000000000000000,0.0000000000000000,3.1236898899078369,0.0000000000000000,0.0000000000000000,-0.4375000000000000,0.0000000000000000
35.8677330,0.0000000000000000,0.0000000000000000,3.1236898899078369,0.0000000000000000,0.0000000000000000,-0.1445312500000000,0.0000000000000000
35.8776817,0.0000000000000000,0.0000000000000000,3.1236898899078369,0.0000000000000000,0.0000000000000000,0.1855468750000000,0.0000000000000000
35.8876839,0.0000000000000000,0.0000000000000000,3.1236898899078369,0.0000000000000000,0.0000000000000000,0.2871093750000000,0.0000000000000000
35.8976669,0.0000000000000000,0.0000000000000000,3.1236898899078369,0.0000000000000000,0.0000000000000000,0.1425781250000000,0.0000000000000000
35.9076653,0.0000000000000000,0.0000000000000000,3.1236898899078369,0.0000000000000000,0.0000000000000000,-0.1171875000000000,0.0000000000000000
35.9177132,0.0000000000000000,0.0000000000000000,3.1236898899078369,0.0000000000000000,0.0000000000000000,-0.3378906250000000,0.0000000000000000
35.9276848,0.0000000000000000,0.0000000000000000,3.1236898899078369,0.0000000000000000,0.0000000000000000,-0.4570312500000000,0.0000000000000000
35.9381828,0.0000000000000000,0.0000000000000000,3.1236898899078369,0.0000000000000000,0.0000000000000000,-0.4453125000000000,0.0000000000000000
35.9477234,0.0000000000000000,0.0000000000000000,3.1236898899078369,0.0000000000000000,0.0000000000000000,-0.4375000000000000,0.0000000000000000
35.9577293,0.0000000000000000,0.0000000000000000,3.1236898899078369,0.0000000000000000,0.0000000000000000,-0.4980468750000000,0.0000000000000000
35.9678116,0.0000000000000000,0.0000000000000000,3.1236898899078369,0.0000000000000000,0.0000000000000000,-0.5937500000000000,0.0000000000000000
35.9777336,0.0000000000000000,0.0000000000000000,3.1236898899078369,0.0000000000000000,0.0000000000000000,-0.6542968750000000,0.0000000000000000
35.9884186,0.0000000000000000,0.0000000000000000,3.1236898899078369,0.0000000000000000,0.0000000000000000,-0.5683593750000000,0.0000000000000000
35.9983215,0.0000000000000000,0.0000000000000000,3.1236898899078369,0.0000000000000000,0.0000000000000000,-0.3203125000000000,0.0000000000000000
36.0081024,0.0000000000000000,0.0000000000000000,3.1236898899078369,0.0000000000000000,0.0000000000000000,0.0410156250000000,0.0000000000000000
36.0181427,0.0000000000000000,0.0000000000000000,3.1236898899078369,0.0000000000000000,0.0000000000000000,0.4121093750000000,0.0000000000000000
36.0281639,0.0000000000000000,0.0000000000000000,3.1236898899078369,0.0000000000000000,0.0000000000000000,0.6679687500000000,0.0000000000000000
36.0381317,0.0000000000000000,0.0000000000000000,3.1236898899078369,0.0000000000000000,0.0000000000000000,0.7890625000000000,0.0000000000000000
36.0481033,0.0000000000000000,0.0000000000000000,3.1236898899078369,0.0000000000000000,0.0000000000000000,0.7753906250000000,0.0000000000000000
36.0579987,0.0000000000000000,0.0000000000000000,3.1236898899078369,0.0000000000000000,0.0000000000000000,0.6503906250000000,0.0000000000000000
36.0681114,0.0000000000000000,0.0000000000000000,3.1236898899078369,0.0000000000000000,0.0000000000000000,0.4726562500000000,0.0000000000000000
36.0784798,0.0000000000000000,0.0000000000000000,3.1236898899078369,0.0000000000000000,0.0000000000000000,0.2949218750000000,0.0000000000000000
36.0881920,0.0000000000000000,0.0000000000000000,3.1236898899078369,0.0000000000000000,0.0000000000000000,0.1445312500000000,0.0000000000000000
36.0981560,0.0000000000000000,0.0000000000000000,3.1236898899078369,0.0000000000000000,0.0000000000000000,0.0585937500000000,0.0000000000000000
36.1083183,0.0000000000000000,0.0000000000000000,3.1236898899078369,0.0000000000000000,0.0000000000000000,0.0175781250000000,0.0000000000000000
36.1181984,0.0000000000000000,0.0000000000000000,3.1236898899078369,0.0000000000000000,0.0000000000000000,-0.0839843750000000,0.0000000000000000
36.1277962,0.0000000000000000,0.0000000000000000,3.1236898899078369,0.0000000000000000,0.0000000000000000,-0.2500000000000000,0.0000000000000000
36.1380806,0.0000000000000000,0.0000000000000000,3.1236898899078369,0.0000000000000000,0.0000000000000000,-0.4804687500000000,0.0000000000000000
36.1479454,0.0000000000000000,0.0000000000000000,3.1236898899078369,0.0000000000000000,0.0000000000000000,-0.7304687500000000,0.0000000000000000
36.1579018,0.0000000000000000,0.0000000000000000,3.1236898899078369,0.0000000000000000,0.0000000000000000,-0.9121093750000000,0.0000000000000000
36.1677704,0.0000000000000000,0.0000000000000000,3.1236898899078369,0.0000000000000000,0.0000000000000000,-0.9707031250000000,0.0000000000000000
36.1777649,0.0000000000000000,0.0000000000000000,3.1236898899078369,0.0000000000000000,0.0000000000000000,-0.9121093750000000,0.0000000000000000
36.1877785,0.0000000000000000,0.0000000000000000,3.1236898899078369,0.0000000000000000,0.0000000000000000,-0.7382812500000000,0.0000000000000000
36.1977119,0.0000000000000000,0.0000000000000000,3.1236898899078369,0.0000000000000000,0.0000000000000000,-0.5097656250000000,0.0000000000000000
36.2082596,0.0000000000000000,0.0000000000000000,3.1236898899078369,0.0000000000000000,0.0000000000000000,-0.2636718750000000,0.0000000000000000
36.2197571,0.0000000000000000,0.0000000000000000,3.0609869956970215,0.0000000000000000,0.0000000000000000,-0.2636718750000000,0.0000000000000000
36.2273026,0.0000000000000000,0.0000000000000000,3.0630278587341309,0.0000000000000000,0.0000000000000000,-0.2636718750000000,0.0000000000000000
36.2371063,0.0000000000000000,0.0000000000000000,3.0630278587341309,0.0000000000000000,0.0000000000000000,0.2519531250000000,0.0000000000000000
36.2474823,0.0000000000000000,0.0000000000000000,3.0643441677093506,0.0000000000000000,0.0000000000000000,0.2519531250000000,0.0000000000000000
36.2577744,0.0000000000000000,0.0000000000000000,3.0643441677093506,0.0000000000000000,0.0000000000000000,0.2519531250000000,0.0000000000000000
36.2683105,0.0000000000000000,0.0000000000000000,3.0643441677093506,0.0000000000000000,0.0000000000000000,0.2343750000000000,0.0000000000000000
36.2777557,0.0000000000000000,0.0000000000000000,3.0725708007812500,0.0000000000000000,0.0000000000000000,0.2343750000000000,0.0000000000000000
36.2877426,0.0000000000000000,0.0000000000000000,3.0737175941467285,0.0000000000000000,0.0000000000000000,0.2343750000000000,0.0000000000000000
36.2977676,0.0000000000000000,0.0000000000000000,3.0758483409881592,0.0000000000000000,0.0000000000000000,0.2343750000000000,0.0000000000000000
36.3077888,0.0000000000000000,0.0000000000000000,3.0802397727966309,0.0000000000000000,0.0000000000000000,0.2343750000000000,0.0000000000000000
36.3177567,0.0000000000000000,0.0000000000000000,3.0849096775054932,0.0000000000000000,0.0000000000000000,0.2343750000000000,0.0000000000000000
36.3277740,0.0000000000000000,0.0000000000000000,3.0891993045806885,0.0000000000000000,0.0000000000000000,0.2343750000000000,0.0000000000000000
36.3377762,0.0000000000000000,0.0000000000000000,3.0924782752990723,0.0000000000000000,0.0000000000000000,0.2343750000000000,0.0000000000000000
36.3477669,0.0000000000000000,0.0000000000000000,3.0968945026397705,0.0000000000000000,0.0000000000000000,0.2343750000000000,0.0000000000000000
36.3578148,0.0000000000000000,0.0000000000000000,3.1044409275054932,0.0000000000000000,0.0000000000000000,0.2343750000000000,0.0000000000000000
36.3677902,0.0000000000000000,0.0000000000000000,3.1188778877258301,0.0000000000000000,0.0000000000000000,0.2343750000000000,0.0000000000000000
36.3778648,0.0000000000000000,0.0000000000000000,3.1341359615325928,0.0000000000000000,0.0000000000000000,0.2343750000000000,0.0000000000000000
36.3877640,0.0000000000000000,0.0000000000000000,3.1515176296234131,0.0000000000000000,0.0000000000000000,0.2343750000000000,0.0000000000000000
36.3978195,0.0000000000000000,0.0000000000000000,3.1597366333007812,0.0000000000000000,0.0000000000000000,0.2343750000000000,0.0000000000000000
36.4085236,0.0000000000000000,0.0000000000000000,3.1590077877044678,0.0000000000000000,0.0000000000000000,0.2343750000000000,0.0000000000000000
36.4178658,0.0000000000000000,0.0000000000000000,3.1605286598205566,0.0000000000000000,0.0000000000000000,0.2343750000000000,0.0000000000000000
36.4282341,0.0000000000000000,0.0000000000000000,3.1609292030334473,0.0000000000000000,0.0000000000000000,0.2343750000000000,0.0000000000000000
36.4384956,0.0000000000000000,0.0000000000000000,3.1616775989532471,0.0000000000000000,0.0000000000000000,0.2343750000000000,0.0000000000000000
36.4478226,0.0000000000000000,0.0000000000000000,3.1623277664184570,0.0000000000000000,0.0000000000000000,0.2343750000000000,0.0000000000000000
36.4582558,0.0000000000000000,0.0000000000000000,3.1627929210662842,0.0000000000000000,0.0000000000000000,0.2343750000000000,0.0000000000000000
36.4682236,0.0000000000000000,0.0000000000000000,3.1633045673370361,0.0000000000000000,0.0000000000000000,0.2343750000000000,0.0000000000000000
36.4784279,0.0000000000000000,0.0000000000000000,3.1636562347412109,0.0000000000000000,0.0000000000000000,0.2343750000000000,0.0000000000000000
36.4882278,0.0000000000000000,0.0000000000000000,3.1639096736907959,0.0000000000000000,0.0000000000000000,0.2343750000000000,0.0000000000000000
36.4978828,0.0000000000000000,0.0000000000000000,3.1640837192535400,0.0000000000000000,0.0000000000000000,0.2343750000000000,0.0000000000000000
36.5082321,0.0000000000000000,0.0000000000000000,3.1640689373016357,0.0000000000000000,0.0000000000000000,0.2343750000000000,0.0000000000000000
36.5182228,0.0000000000000000,0.0000000000000000,3.1641047000885010,0.0000000000000000,0.0000000000000000,0.2343750000000000,0.0000000000000000
36.5282555,0.0000000000000000,0.0000000000000000,3.1640591621398926,0.0000000000000000,0.0000000000000000,0.2343750000000000,0.0000000000000000
36.5380630,0.0000000000000000,0.0000000000000000,3.1640911102294922,0.0000000000000000,0.0000000000000000,0.2343750000000000,0.0000000000000000
36.5478935,0.0000000000000000,0.0000000000000000,3.1640675067901611,0.0000000000000000,0.0000000000000000,0.2343750000000000,0.0000000000000000
36.5580063,0.0000000000000000,0.0000000000000000,3.1641573905944824,0.0000000000000000,0.0000000000000000,0.2343750000000000,0.0000000000000000
36.5683441,0.0000000000000000,0.0000000000000000,3.1641852855682373,0.0000000000000000,0.0000000000000000,0.2343750000000000,0.0000000000000000
36.5780945,0.0000000000000000,0.0000000000000000,3.1642773151397705,0.0000000000000000,0.0000000000000000,0.2343750000000000,0.0000000000000000
36.5880661,0.0000000000000000,0.0000000000000000,3.1643936634063721,0.0000000000000000,0.0000000000000000,0.2343750000000000,0.0000000000000000
36.5979462,0.0000000000000000,0.0000000000000000,3.1642835140228271,0.0000000000000000,0.0000000000000000,0.2343750000000000,0.0000000000000000
36.6078987,0.0000000000000000,0.0000000000000000,3.1643166542053223,0.0000000000000000,0.0000000000000000,0.2343750000000000,0.0000000000000000
36.6180916,0.0000000000000000,0.0000000000000000,3.1643333435058594,0.0000000000000000,0.0000000000000000,0.2343750000000000,0.0000000000000000
36.6278534,0.0000000000000000,0.0000000000000000,3.1643533706665039,0.0000000000000000,0.0000000000000000,0.2343750000000000,0.0000000000000000
36.6378098,0.0000000000000000,0.0000000000000000,3.1644437313079834,0.0000000000000000,0.0000000000000000,0.2343750000000000,0.0000000000000000
36.6481972,0.0000000000000000,0.0000000000000000,3.1644902229309082,0.0000000000000000,0.0000000000000000,0.2343750000000000,0.0000000000000000
36.6578140,0.0000000000000000,0.0000000000000000,3.1644442081451416,0.0000000000000000,0.0000000000000000,0.2343750000000000,0.0000000000000000
36.6679726,0.0000000000000000,0.0000000000000000,3.1645104885101318,0.0000000000000000,0.0000000000000000,0.2343750000000000,0.0000000000000000
36.6778526,0.0000000000000000,0.0000000000000000,3.1645767688751221,0.0000000000000000,0.0000000000000000,0.2343750000000000,0.0000000000000000
36.6878319,0.0000000000000000,0.0000000000000000,3.1645305156707764,0.0000000000000000,0.0000000000000000,0.2343750000000000,0.0000000000000000
36.6981697,0.0000000000000000,0.0000000000000000,3.1645801067352295,0.0000000000000000,0.0000000000000000,0.2343750000000000,0.0000000000000000
36.7078209,0.0000000000000000,0.0000000000000000,3.1645801067352295,0.0000000000000000,0.0000000000000000,-0.0019531250000000,0.0000000000000000
36.7178078,0.0000000000000000,0.0000000000000000,3.1645801067352295,0.0000000000000000,0.0000000000000000,-0.0039062500000000,0.0000000000000000
36.7278290,0.0000000000000000,0.0000000000000000,3.1645801067352295,0.0000000000000000,0.0000000000000000,0.0019531250000000,0.0000000000000000
36.7378235,0.0000000000000000,0.0000000000000000,3.1645801067352295,0.0000000000000000,0.0000000000000000,0.0078125000000000,0.0000000000000000
36.7478218,0.0000000000000000,0.0000000000000000,3.1645801067352295,0.0000000000000000,0.0000000000000000,0.0019531250000000,0.0000000000000000
36.7578087,0.0000000000000000,0.0000000000000000,3.1645801067352295,0.0000000000000000,0.0000000000000000,0.0019531250000000,0.0000000000000000
36.7678261,0.0000000000000000,0.0000000000000000,3.1645801067352295,0.0000000000000000,0.0000000000000000,-0.0019531250000000,0.0000000000000000
36.7778397,0.0000000000000000,0.0000000000000000,3.1645801067352295,0.0000000000000000,0.0000000000000000,0.0097656250000000,0.0000000000000000
36.7875061,0.0000000000000000,0.0000000000000000,3.1645801067352295,0.0000000000000000,0.0000000000000000,0.0039062500000000,0.0000000000000000
36.7981987,0.0000000000000000,0.0000000000000000,3.1649079322814941,0.0000000000000000,0.0000000000000000,0.0039062500000000,0.0000000000000000
36.8078346,0.0000000000000000,0.0000000000000000,3.1649079322814941,0.0000000000000000,0.0000000000000000,-0.0000000000000000,0.0000000000000000
36.8178406,0.0000000000000000,0.0000000000000000,3.1649079322814941,0.0000000000000000,0.0000000000000000,0.0078125000000000,0.0000000000000000
36.8278809,0.0000000000000000,0.0000000000000000,3.1649079322814941,0.0000000000000000,0.0000000000000000,-0.0058593750000000,0.0000000000000000
36.8378410,0.0000000000000000,0.0000000000000000,3.1649079322814941,0.0000000000000000,0.0000000000000000,0.0078125000000000,0.0000000000000000
36.8483200,0.0000000000000000,0.0000000000000000,3.1649079322814941,0.0000000000000000,0.0000000000000000,0.0019531250000000,0.0000000000000000
36.8578224,0.0000000000000000,0.0000000000000000,3.1649079322814941,0.0000000000000000,0.0000000000000000,-0.0000000000000000,0.0000000000000000
36.8679924,0.0000000000000000,0.0000000000000000,3.1649079322814941,0.0000000000000000,0.0000000000000000,-0.0019531250000000,0.0000000000000000
36.8783302,0.0000000000000000,0.0000000000000000,3.1649079322814941,0.0000000000000000,0.0000000000000000,-0.0058593750000000,0.0000000000000000
36.8884850,0.0000000000000000,0.0000000000000000,3.1649079322814941,0.0000000000000000,0.0000000000000000,0.0019531250000000,0.0000000000000000
36.8985023,0.0000000000000000,0.0000000000000000,3.1649079322814941,0.0000000000000000,0.0000000000000000,0.0019531250000000,0.0000000000000000
36.9083023,0.0000000000000000,0.0000000000000000,3.1649079322814941,0.0000000000000000,0.0000000000000000,0.0058593750000000,0.0000000000000000
36.9182968,0.0000000000000000,0.0000000000000000,3.1649079322814941,0.0000000000000000,0.0000000000000000,0.0019531250000000,0.0000000000000000
36.9283028,0.0000000000000000,0.0000000000000000,3.1649079322814941,0.0000000000000000,0.0000000000000000,-0.0000000000000000,0.0000000000000000
36.9382668,0.0000000000000000,0.0000000000000000,3.1649079322814941,0.0000000000000000,0.0000000000000000,0.0039062500000000,0.0000000000000000
36.9482956,0.0000000000000000,0.0000000000000000,3.1649079322814941,0.0000000000000000,0.0000000000000000,0.0019531250000000,0.0000000000000000
36.9582596,0.0000000000000000,0.0000000000000000,3.1649079322814941,0.0000000000000000,0.0000000000000000,0.0058593750000000,0.0000000000000000
36.9682693,0.0000000000000000,0.0000000000000000,3.1649079322814941,0.0000000000000000,0.0000000000000000,-0.0000000000000000,0.0000000000000000
36.9783363,0.0000000000000000,0.0000000000000000,3.1649079322814941,0.0000000000000000,0.0000000000000000,-0.0000000000000000,0.0000000000000000
36.9878998,0.0000000000000000,0.0000000000000000,3.1649079322814941,0.0000000000000000,0.0000000000000000,-0.0019531250000000,0.0000000000000000
36.9983253,0.0000000000000000,0.0000000000000000,3.1649079322814941,0.0000000000000000,0.0000000000000000,-0.0000000000000000,0.0000000000000000
37.0083351,0.0000000000000000,0.0000000000000000,3.1649079322814941,0.0000000000000000,0.0000000000000000,0.0019531250000000,0.0000000000000000
37.0184784,0.0000000000000000,0.0000000000000000,3.1649079322814941,0.0000000000000000,0.0000000000000000,0.0058593750000000,0.0000000000000000
37.0282173,0.0000000000000000,0.0000000000000000,3.1649079322814941,0.0000000000000000,0.0000000000000000,-0.0019531250000000,0.0000000000000000
37.0379295,0.0000000000000000,0.0000000000000000,3.1649079322814941,0.0000000000000000,0.0000000000000000,-0.0000000000000000,0.0000000000000000
37.0479927,0.0000000000000000,0.0000000000000000,3.1649079322814941,0.0000000000000000,0.0000000000000000,-0.0058593750000000,0.0000000000000000
37.0581894,0.0000000000000000,0.0000000000000000,3.1649079322814941,0.0000000000000000,0.0000000000000000,0.0039062500000000,0.0000000000000000
37.0679512,0.0000000000000000,0.0000000000000000,3.1649079322814941,0.0000000000000000,0.0000000000000000,0.0019531250000000,0.0000000000000000
37.0779343,0.0000000000000000,0.0000000000000000,3.1649079322814941,0.0000000000000000,0.0000000000000000,-0.0019531250000000,0.0000000000000000
37.0878716,0.0000000000000000,0.0000000000000000,3.1649079322814941,0.0000000000000000,0.0000000000000000,-0.0019531250000000,0.0000000000000000
37.0980949,0.0000000000000000,0.0000000000000000,3.1649079322814941,0.0000000000000000,0.0000000000000000,-0.0000000000000000,0.0000000000000000
37.1078720,0.0000000000000000,0.0000000000000000,3.1649079322814941,0.0000000000000000,0.0000000000000000,-0.0019531250000000,0.0000000000000000
37.1179123,0.0000000000000000,0.0000000000000000,3.1649079322814941,0.0000000000000000,0.0000000000000000,0.0039062500000000,0.0000000000000000
37.1278763,0.0000000000000000,0.0000000000000000,3.1649079322814941,0.0000000000000000,0.0000000000000000,-0.0078125000000000,0.0000000000000000
37.1384468,0.0000000000000000,0.0000000000000000,3.1649079322814941,0.0000000000000000,0.0000000000000000,0.0019531250000000,0.0000000000000000
37.1479301,0.0000000000000000,0.0000000000000000,3.1655023097991943,0.0000000000000000,0.0000000000000000,0.0019531250000000,0.0000000000000000
37.1579132,0.0000000000000000,0.0000000000000000,3.1655089855194092,0.0000000000000000,0.0000000000000000,0.0019531250000000,0.0000000000000000
37.1679268,0.0000000000000000,0.0000000000000000,3.1655123233795166,0.0000000000000000,0.0000000000000000,0.0019531250000000,0.0000000000000000
37.1779137,0.0000000000000000,0.0000000000000000,3.1655223369598389,0.0000000000000000,0.0000000000000000,0.0019531250000000,0.0000000000000000
37.1879120,0.0000000000000000,0.0000000000000000,3.1656391620635986,0.0000000000000000,0.0000000000000000,0.0019531250000000,0.0000000000000000
37.1979065,0.0000000000000000,0.0000000000000000,3.1656558513641357,0.0000000000000000,0.0000000000000000,0.0019531250000000,0.0000000000000000
37.2079124,0.0000000000000000,0.0000000000000000,3.1656758785247803,0.0000000000000000,0.0000000000000000,0.0019531250000000,0.0000000000000000
37.2179642,0.0000000000000000,0.0000000000000000,3.1655857563018799,0.0000000000000000,0.0000000000000000,0.0019531250000000,0.0000000000000000
37.2279015,0.0000000000000000,0.0000000000000000,3.1656057834625244,0.0000000000000000,0.0000000000000000,0.0019531250000000,0.0000000000000000
37.2379341,0.0000000000000000,0.0000000000000000,3.1656291484832764,0.0000000000000000,0.0000000000000000,0.0019531250000000,0.0000000000000000
37.2479248,0.0000000000000000,0.0000000000000000,3.1656525135040283,0.0000000000000000,0.0000000000000000,0.0019531250000000,0.0000000000000000
37.2579155,0.0000000000000000,0.0000000000000000,3.1656658649444580,0.0000000000000000,0.0000000000000000,0.0019531250000000,0.0000000000000000
37.2679520,0.0000000000000000,0.0000000000000000,3.1656792163848877,0.0000000000000000,0.0000000000000000,0.0019531250000000,0.0000000000000000
37.2779312,0.0000000000000000,0.0000000000000000,3.1656892299652100,0.0000000000000000,0.0000000000000000,0.0019531250000000,0.0000000000000000
37.2899208,0.0000000000000000,0.0000000000000000,3.1657092571258545,0.0000000000000000,0.0000000000000000,0.0019531250000000,0.0000000000000000
37.2973633,0.0000000000000000,0.0000000000000000,3.1657192707061768,0.0000000000000000,0.0000000000000000,0.0019531250000000,0.0000000000000000
37.3076286,0.0000000000000000,0.0000000000000000,3.1657192707061768,0.0000000000000000,0.0000000000000000,0.0058593750000000,0.0000000000000000
37.3186569,0.0000000000000000,0.0000000000000000,3.1657359600067139,0.0000000000000000,0.0000000000000000,0.0058593750000000,0.0000000000000000
37.3279800,0.0000000000000000,0.0000000000000000,3.1657493114471436,0.0000000000000000,0.0000000000000000,0.0058593750000000,0.0000000000000000
37.3383942,0.0000000000000000,0.0000000000000000,3.1657660007476807,0.0000000000000000,0.0000000000000000,0.0058593750000000,0.0000000000000000
37.3485832,0.0000000000000000,0.0000000000000000,3.1657826900482178,0.0000000000000000,0.0000000000000000,0.0058593750000000,0.0000000000000000
37.3580017,0.0000000000000000,0.0000000000000000,3.1657927036285400,0.0000000000000000,0.0000000000000000,0.0058593750000000,0.0000000000000000
37.3684311,0.0000000000000000,0.0000000000000000,3.1658647060394287,0.0000000000000000,0.0000000000000000,0.0058593750000000,0.0000000000000000
37.3783875,0.0000000000000000,0.0000000000000000,3.1658744812011719,0.0000000000000000,0.0000000000000000,0.0058593750000000,0.0000000000000000
37.3886070,0.0000000000000000,0.0000000000000000,3.1658813953399658,0.0000000000000000,0.0000000000000000,0.0058593750000000,0.0000000000000000
37.3983803,0.0000000000000000,0.0000000000000000,3.1658914089202881,0.0000000000000000,0.0000000000000000,0.0058593750000000,0.0000000000000000
37.4081688,0.0000000000000000,0.0000000000000000,3.1659080982208252,0.0000000000000000,0.0000000000000000,0.0058593750000000,0.0000000000000000
37.4184532,0.0000000000000000,0.0000000000000000,3.1659212112426758,0.0000000000000000,0.0000000000000000,0.0058593750000000,0.0000000000000000
37.4284706,0.0000000000000000,0.0000000000000000,3.1659348011016846,0.0000000000000000,0.0000000000000000,0.0058593750000000,0.0000000000000000
37.4385757,0.0000000000000000,0.0000000000000000,3.1659479141235352,0.0000000000000000,0.0000000000000000,0.0058593750000000,0.0000000000000000
37.4482117,0.0000000000000000,0.0000000000000000,3.1659646034240723,0.0000000000000000,0.0000000000000000,0.0058593750000000,0.0000000000000000
37.4582520,0.0000000000000000,0.0000000000000000,3.1659195423126221,0.0000000000000000,0.0000000000000000,0.0058593750000000,0.0000000000000000
37.4681358,0.0000000000000000,0.0000000000000000,3.1659295558929443,0.0000000000000000,0.0000000000000000,0.0058593750000000,0.0000000000000000
37.4780388,0.0000000000000000,0.0000000000000000,3.1659395694732666,0.0000000000000000,0.0000000000000000,0.0058593750000000,0.0000000000000000
37.4883003,0.0000000000000000,0.0000000000000000,3.1659495830535889,0.0000000000000000,0.0000000000000000,0.0058593750000000,0.0000000000000000
37.4980202,0.0000000000000000,0.0000000000000000,3.1659629344940186,0.0000000000000000,0.0000000000000000,0.0058593750000000,0.0000000000000000
37.5079765,0.0000000000000000,0.0000000000000000,3.1658689975738525,0.0000000000000000,0.0000000000000000,0.0058593750000000,0.0000000000000000
37.5180016,0.0000000000000000,0.0000000000000000,3.1658859252929688,0.0000000000000000,0.0000000000000000,0.0058593750000000,0.0000000000000000
37.5282326,0.0000000000000000,0.0000000000000000,3.1658990383148193,0.0000000000000000,0.0000000000000000,0.0058593750000000,0.0000000000000000
37.5382385,0.0000000000000000,0.0000000000000000,3.1659126281738281,0.0000000000000000,0.0000000000000000,0.0058593750000000,0.0000000000000000
37.5479584,0.0000000000000000,0.0000000000000000,3.1659257411956787,0.0000000000000000,0.0000000000000000,0.0058593750000000,0.0000000000000000
37.5581360,0.0000000000000000,0.0000000000000000,3.1658284664154053,0.0000000000000000,0.0000000000000000,0.0058593750000000,0.0000000000000000
37.5693855,0.0000000000000000,0.0000000000000000,3.1658453941345215,0.0000000000000000,0.0000000000000000,0.0058593750000000,0.0000000000000000
37.5774002,0.0000000000000000,0.0000000000000000,3.1658551692962646,0.0000000000000000,0.0000000000000000,0.0058593750000000,0.0000000000000000
37.5876656,0.0000000000000000,0.0000000000000000,3.1658551692962646,0.0000000000000000,0.0000000000000000,-0.0000000000000000,0.0000000000000000
37.5979805,0.0000000000000000,0.0000000000000000,3.1658720970153809,0.0000000000000000,0.0000000000000000,-0.0000000000000000,0.0000000000000000
37.6082916,0.0000000000000000,0.0000000000000000,3.1659924983978271,0.0000000000000000,0.0000000000000000,-0.0000000000000000,0.0000000000000000
37.6179695,0.0000000000000000,0.0000000000000000,3.1659924983978271,0.0000000000000000,0.0000000000000000,-0.0039062500000000,0.0000000000000000
37.6279678,0.0000000000000000,0.0000000000000000,3.1659924983978271,0.0000000000000000,0.0000000000000000,-0.0000000000000000,0.0000000000000000
37.6379967,0.0000000000000000,0.0000000000000000,3.1659924983978271,0.0000000000000000,0.0000000000000000,-0.0000000000000000,0.0000000000000000
37.6479721,0.0000000000000000,0.0000000000000000,3.1659924983978271,0.0000000000000000,0.0000000000000000,0.0019531250000000,0.0000000000000000
37.6579742,0.0000000000000000,0.0000000000000000,3.1659924983978271,0.0000000000000000,0.0000000000000000,0.0019531250000000,0.0000000000000000
37.6679611,0.0000000000000000,0.0000000000000000,3.1659924983978271,0.0000000000000000,0.0000000000000000,-0.0019531250000000,0.0000000000000000
37.6780052,0.0000000000000000,0.0000000000000000,3.1659924983978271,0.0000000000000000,0.0000000000000000,0.0058593750000000,0.0000000000000000
37.6879921,0.0000000000000000,0.0000000000000000,3.1659924983978271,0.0000000000000000,0.0000000000000000,0.0019531250000000,0.0000000000000000
37.6979790,0.0000000000000000,0.0000000000000000,3.1659924983978271,0.0000000000000000,0.0000000000000000,-0.0000000000000000,0.0000000000000000
37.7080193,0.0000000000000000,0.0000000000000000,3.1659924983978271,0.0000000000000000,0.0000000000000000,-0.0058593750000000,0.0000000000000000
37.7180061,0.0000000000000000,0.0000000000000000,3.1659924983978271,0.0000000000000000,0.0000000000000000,-0.0000000000000000,0.0000000000000000
37.7279930,0.0000000000000000,0.0000000000000000,3.1659924983978271,0.0000000000000000,0.0000000000000000,0.0058593750000000,0.0000000000000000
37.7380257,0.0000000000000000,0.0000000000000000,3.1659924983978271,0.0000000000000000,0.0000000000000000,0.0019531250000000,0.0000000000000000
37.7480087,0.0000000000000000,0.0000000000000000,3.1659924983978271,0.0000000000000000,0.0000000000000000,0.0019531250000000,0.0000000000000000
37.7586670,0.0000000000000000,0.0000000000000000,3.1659924983978271,0.0000000000000000,0.0000000000000000,-0.0000000000000000,0.0000000000000000
37.7680283,0.0000000000000000,0.0000000000000000,3.1659924983978271,0.0000000000000000,0.0000000000000000,0.0019531250000000,0.0000000000000000
37.7781677,0.0000000000000000,0.0000000000000000,3.1659924983978271,0.0000000000000000,0.0000000000000000,-0.0019531250000000,0.0000000000000000
37.7884407,0.0000000000000000,0.0000000000000000,3.1659924983978271,0.0000000000000000,0.0000000000000000,0.0019531250000000,0.0000000000000000
37.7985725,0.0000000000000000,0.0000000000000000,3.1659924983978271,0.0000000000000000,0.0000000000000000,-0.0000000000000000,0.0000000000000000
37.8086662,0.0000000000000000,0.0000000000000000,3.1659924983978271,0.0000000000000000,0.0000000000000000,0.0039062500000000,0.0000000000000000
37.8184586,0.0000000000000000,0.0000000000000000,3.1659924983978271,0.0000000000000000,0.0000000000000000,0.0039062500000000,0.0000000000000000
37.8282738,0.0000000000000000,0.0000000000000000,3.1659924983978271,0.0000000000000000,0.0000000000000000,0.0058593750000000,0.0000000000000000
37.8384705,0.0000000000000000,0.0000000000000000,3.1659924983978271,0.0000000000000000,0.0000000000000000,0.0039062500000000,0.0000000000000000
37.8484421,0.0000000000000000,0.0000000000000000,3.1659924983978271,0.0000000000000000,0.0000000000000000,-0.0019531250000000,0.0000000000000000
37.8584824,0.0000000000000000,0.0000000000000000,3.1659924983978271,0.0000000000000000,0.0000000000000000,0.0039062500000000,0.0000000000000000
37.8684692,0.0000000000000000,0.0000000000000000,3.1659924983978271,0.0000000000000000,0.0000000000000000,-0.0058593750000000,0.0000000000000000
37.8785591,0.0000000000000000,0.0000000000000000,3.1659924983978271,0.0000000000000000,0.0000000000000000,-0.0000000000000000,0.0000000000000000
37.8885155,0.0000000000000000,0.0000000000000000,3.1659924983978271,0.0000000000000000,0.0000000000000000,-0.0000000000000000,0.0000000000000000
37.8980751,0.0000000000000000,0.0000000000000000,3.1659924983978271,0.0000000000000000,0.0000000000000000,-0.0000000000000000,0.0000000000000000
37.9083519,0.0000000000000000,0.0000000000000000,3.1659924983978271,0.0000000000000000,0.0000000000000000,0.0019531250000000,0.0000000000000000
37.9182205,0.0000000000000000,0.0000000000000000,3.1659924983978271,0.0000000000000000,0.0000000000000000,-0.0019531250000000,0.0000000000000000
37.9282875,0.0000000000000000,0.0000000000000000,3.1659924983978271,0.0000000000000000,0.0000000000000000,0.0039062500000000,0.0000000000000000
37.9381142,0.0000000000000000,0.0000000000000000,3.1659924983978271,0.0000000000000000,0.0000000000000000,-0.0097656250000000,0.0000000000000000
37.9480782,0.0000000000000000,0.0000000000000000,3.1659924983978271,0.0000000000000000,0.0000000000000000,0.0019531250000000,0.0000000000000000
37.9580688,0.0000000000000000,0.0000000000000000,3.1659924983978271,0.0000000000000000,0.0000000000000000,0.0039062500000000,0.0000000000000000
37.9680328,0.0000000000000000,0.0000000000000000,3.1659924983978271,0.0000000000000000,0.0000000000000000,-0.0019531250000000,0.0000000000000000
37.9788399,0.0000000000000000,0.0000000000000000,3.1659924983978271,0.0000000000000000,0.0000000000000000,0.0058593750000000,0.0000000000000000
37.9882126,0.0000000000000000,0.0000000000000000,3.1661157608032227,0.0000000000000000,0.0000000000000000,0.0058593750000000,0.0000000000000000
37.9977875,0.0000000000000000,0.0000000000000000,3.1661190986633301,0.0000000000000000,0.0000000000000000,0.0058593750000000,0.0000000000000000
38.0078011,0.0000000000000000,0.0000000000000000,3.1661767959594727,0.0000000000000000,0.0000000000000000,0.0058593750000000,0.0000000000000000
38.0182953,0.0000000000000000,0.0000000000000000,3.1661767959594727,0.0000000000000000,0.0000000000000000,0.0019531250000000,0.0000000000000000
38.0283890,0.0000000000000000,0.0000000000000000,3.1661868095397949,0.0000000000000000,0.0000000000000000,0.0019531250000000,0.0000000000000000
38.0380974,0.0000000000000000,0.0000000000000000,3.1661968231201172,0.0000000000000000,0.0000000000000000,0.0019531250000000,0.0000000000000000
38.0480728,0.0000000000000000,0.0000000000000000,3.1662034988403320,0.0000000000000000,0.0000000000000000,0.0019531250000000,0.0000000000000000
38.0581055,0.0000000000000000,0.0000000000000000,3.1662068367004395,0.0000000000000000,0.0000000000000000,0.0019531250000000,0.0000000000000000
38.0681076,0.0000000000000000,0.0000000000000000,3.1662135124206543,0.0000000000000000,0.0000000000000000,0.0019531250000000,0.0000000000000000
38.0781555,0.0000000000000000,0.0000000000000000,3.1661090850830078,0.0000000000000000,0.0000000000000000,0.0019531250000000,0.0000000000000000
38.0881195,0.0000000000000000,0.0000000000000000,3.1661157608032227,0.0000000000000000,0.0000000000000000,0.0019531250000000,0.0000000000000000
38.0980492,0.0000000000000000,0.0000000000000000,3.1661226749420166,0.0000000000000000,0.0000000000000000,0.0019531250000000,0.0000000000000000
38.1095810,0.0000000000000000,0.0000000000000000,3.1661357879638672,0.0000000000000000,0.0000000000000000,0.0019531250000000,0.0000000000000000
38.1175117,0.0000000000000000,0.0000000000000000,3.1661427021026611,0.0000000000000000,0.0000000000000000,0.0019531250000000,0.0000000000000000
38.1278191,0.0000000000000000,0.0000000000000000,3.1661427021026611,0.0000000000000000,0.0000000000000000,-0.0000000000000000,0.0000000000000000
38.1380997,0.0000000000000000,0.0000000000000000,3.1661491394042969,0.0000000000000000,0.0000000000000000,-0.0000000000000000,0.0000000000000000
38.1481094,0.0000000000000000,0.0000000000000000,3.1661558151245117,0.0000000000000000,0.0000000000000000,-0.0000000000000000,0.0000000000000000
38.1581230,0.0000000000000000,0.0000000000000000,3.1660516262054443,0.0000000000000000,0.0000000000000000,-0.0000000000000000,0.0000000000000000
38.1681290,0.0000000000000000,0.0000000000000000,3.1660583019256592,0.0000000000000000,0.0000000000000000,-0.0000000000000000,0.0000000000000000
38.1788292,0.0000000000000000,0.0000000000000000,3.1660716533660889,0.0000000000000000,0.0000000000000000,-0.0000000000000000,0.0000000000000000
38.1881523,0.0000000000000000,0.0000000000000000,3.1660850048065186,0.0000000000000000,0.0000000000000000,-0.0000000000000000,0.0000000000000000
38.1985130,0.0000000000000000,0.0000000000000000,3.1660983562469482,0.0000000000000000,0.0000000000000000,-0.0000000000000000,0.0000000000000000
38.2087364,0.0000000000000000,0.0000000000000000,3.1661050319671631,0.0000000000000000,0.0000000000000000,-0.0000000000000000,0.0000000000000000
38.2187920,0.0000000000000000,0.0000000000000000,3.1661083698272705,0.0000000000000000,0.0000000000000000,-0.0000000000000000,0.0000000000000000
38.2285576,0.0000000000000000,0.0000000000000000,3.1661150455474854,0.0000000000000000,0.0000000000000000,-0.0000000000000000,0.0000000000000000
38.2385597,0.0000000000000000,0.0000000000000000,3.1661250591278076,0.0000000000000000,0.0000000000000000,-0.0000000000000000,0.0000000000000000
38.2485733,0.0000000000000000,0.0000000000000000,3.1661417484283447,0.0000000000000000,0.0000000000000000,-0.0000000000000000,0.0000000000000000
38.2585907,0.0000000000000000,0.0000000000000000,3.1660473346710205,0.0000000000000000,0.0000000000000000,-0.0000000000000000,0.0000000000000000
38.2681732,0.0000000000000000,0.0000000000000000,3.1660573482513428,0.0000000000000000,0.0000000000000000,-0.0000000000000000,0.0000000000000000
38.2785110,0.0000000000000000,0.0000000000000000,3.1660068035125732,0.0000000000000000,0.0000000000000000,-0.0000000000000000,0.0000000000000000
38.2885437,0.0000000000000000,0.0000000000000000,3.1660099029541016,0.0000000000000000,0.0000000000000000,-0.0000000000000000,0.0000000000000000
38.2986755,0.0000000000000000,0.0000000000000000,3.1660168170928955,0.0000000000000000,0.0000000000000000,-0.0000000000000000,0.0000000000000000
38.3086281,0.0000000000000000,0.0000000000000000,3.1660168170928955,0.0000000000000000,0.0000000000000000,-0.0000000000000000,0.0000000000000000
38.3182716,0.0000000000000000,0.0000000000000000,3.1660268306732178,0.0000000000000000,0.0000000000000000,-0.0000000000000000,0.0000000000000000
38.3285751,0.0000000000000000,0.0000000000000000,3.1660335063934326,0.0000000000000000,0.0000000000000000,-0.0000000000000000,0.0000000000000000
38.3385239,0.0000000000000000,0.0000000000000000,3.1660399436950684,0.0000000000000000,0.0000000000000000,-0.0000000000000000,0.0000000000000000
38.3484688,0.0000000000000000,0.0000000000000000,3.1660435199737549,0.0000000000000000,0.0000000000000000,-0.0000000000000000,0.0000000000000000
38.3582191,0.0000000000000000,0.0000000000000000,3.1660468578338623,0.0000000000000000,0.0000000000000000,-0.0000000000000000,0.0000000000000000
38.3683205,0.0000000000000000,0.0000000000000000,3.1661546230316162,0.0000000000000000,0.0000000000000000,-0.0000000000000000,0.0000000000000000
38.3781548,0.0000000000000000,0.0000000000000000,3.1661546230316162,0.0000000000000000,0.0000000000000000,-0.0000000000000000,0.0000000000000000
38.3882294,0.0000000000000000,0.0000000000000000,3.1661646366119385,0.0000000000000000,0.0000000000000000,-0.0000000000000000,0.0000000000000000
38.3981438,0.0000000000000000,0.0000000000000000,3.1661713123321533,0.0000000000000000,0.0000000000000000,-0.0000000000000000,0.0000000000000000
38.4081726,0.0000000000000000,0.0000000000000000,3.1661813259124756,0.0000000000000000,0.0000000000000000,-0.0000000000000000,0.0000000000000000
38.4184036,0.0000000000000000,0.0000000000000000,3.1661846637725830,0.0000000000000000,0.0000000000000000,-0.0000000000000000,0.0000000000000000
38.4282227,0.0000000000000000,0.0000000000000000,3.1661946773529053,0.0000000000000000,0.0000000000000000,-0.0000000000000000,0.0000000000000000
38.4395294,0.0000000000000000,0.0000000000000000,3.1662046909332275,0.0000000000000000,0.0000000000000000,-0.0000000000000000,0.0000000000000000
38.4475822,0.0000000000000000,0.0000000000000000,3.1662080287933350,0.0000000000000000,0.0000000000000000,-0.0000000000000000,0.0000000000000000
38.4578133,0.0000000000000000,0.0000000000000000,3.1662080287933350,0.0000000000000000,0.0000000000000000,0.0039062500000000,0.0000000000000000
38.4684448,0.0000000000000000,0.0000000000000000,3.1662147045135498,0.0000000000000000,0.0000000000000000,0.0039062500000000,0.0000000000000000
38.4781265,0.0000000000000000,0.0000000000000000,3.1662147045135498,0.0000000000000000,0.0000000000000000,-0.0019531250000000,0.0000000000000000
38.4881287,0.0000000000000000,0.0000000000000000,3.1662147045135498,0.0000000000000000,0.0000000000000000,-0.0019531250000000,0.0000000000000000
38.4981461,0.0000000000000000,0.0000000000000000,3.1662147045135498,0.0000000000000000,0.0000000000000000,-0.0000000000000000,0.0000000000000000
38.5081406,0.0000000000000000,0.0000000000000000,3.1662147045135498,0.0000000000000000,0.0000000000000000,-0.0000000000000000,0.0000000000000000
38.5181732,0.0000000000000000,0.0000000000000000,3.1662147045135498,0.0000000000000000,0.0000000000000000,-0.0000000000000000,0.0000000000000000
38.5281029,0.0000000000000000,0.0000000000000000,3.1662147045135498,0.0000000000000000,0.0000000000000000,0.0039062500000000,0.0000000000000000
38.5381393,0.0000000000000000,0.0000000000000000,3.1662147045135498,0.0000000000000000,0.0000000000000000,-0.0058593750000000,0.0000000000000000
38.5481720,0.0000000000000000,0.0000000000000000,3.1662147045135498,0.0000000000000000,0.0000000000000000,0.0039062500000000,0.0000000000000000
38.5581436,0.0000000000000000,0.0000000000000000,3.1662147045135498,0.0000000000000000,0.0000000000000000,0.0058593750000000,0.0000000000000000
38.5681343,0.0000000000000000,0.0000000000000000,3.1662147045135498,0.0000000000000000,0.0000000000000000,-0.0058593750000000,0.0000000000000000
38.5781326,0.0000000000000000,0.0000000000000000,3.1662147045135498,0.0000000000000000,0.0000000000000000,0.0019531250000000,0.0000000000000000
38.5881653,0.0000000000000000,0.0000000000000000,3.1662147045135498,0.0000000000000000,0.0000000000000000,0.0019531250000000,0.0000000000000000
38.5981445,0.0000000000000000,0.0000000000000000,3.1662147045135498,0.0000000000000000,0.0000000000000000,0.0019531250000000,0.0000000000000000
38.6081772,0.0000000000000000,0.0000000000000000,3.1662147045135498,0.0000000000000000,0.0000000000000000,0.0019531250000000,0.0000000000000000
38.6181870,0.0000000000000000,0.0000000000000000,3.1662147045135498,0.0000000000000000,0.0000000000000000,-0.0039062500000000,0.0000000000000000
38.6281929,0.0000000000000000,0.0000000000000000,3.1662147045135498,0.0000000000000000,0.0000000000000000,0.0039062500000000,0.0000000000000000
38.6381950,0.0000000000000000,0.0000000000000000,3.1662147045135498,0.0000000000000000,0.0000000000000000,-0.0019531250000000,0.0000000000000000
38.6487846,0.0000000000000000,0.0000000000000000,3.1662147045135498,0.0000000000000000,0.0000000000000000,-0.0058593750000000,0.0000000000000000
38.6588097,0.0000000000000000,0.0000000000000000,3.1662147045135498,0.0000000000000000,0.0000000000000000,-0.0000000000000000,0.0000000000000000
38.6686172,0.0000000000000000,0.0000000000000000,3.1662147045135498,0.0000000000000000,0.0000000000000000,0.0019531250000000,0.0000000000000000
38.6787949,0.0000000000000000,0.0000000000000000,3.1662147045135498,0.0000000000000000,0.0000000000000000,0.0039062500000000,0.0000000000000000
38.6882286,0.0000000000000000,0.0000000000000000,3.1662147045135498,0.0000000000000000,0.0000000000000000,-0.0019531250000000,0.0000000000000000
38.6986237,0.0000000000000000,0.0000000000000000,3.1662147045135498,0.0000000000000000,0.0000000000000000,-0.0019531250000000,0.0000000000000000
38.7087173,0.0000000000000000,0.0000000000000000,3.1662147045135498,0.0000000000000000,0.0000000000000000,-0.0000000000000000,0.0000000000000000
38.7185822,0.0000000000000000,0.0000000000000000,3.1662147045135498,0.0000000000000000,0.0000000000000000,-0.0000000000000000,0.0000000000000000
38.7285919,0.0000000000000000,0.0000000000000000,3.1662147045135498,0.0000000000000000,0.0000000000000000,-0.0000000000000000,0.0000000000000000
38.7383690,0.0000000000000000,0.0000000000000000,3.1662147045135498,0.0000000000000000,0.0000000000000000,0.0039062500000000,0.0000000000000000
38.7486610,0.0000000000000000,0.0000000000000000,3.1662147045135498,0.0000000000000000,0.0000000000000000,-0.0039062500000000,0.0000000000000000
38.7588768,0.0000000000000000,0.0000000000000000,3.1662147045135498,0.0000000000000000,0.0000000000000000,0.0039062500000000,0.0000000000000000
38.7686615,0.0000000000000000,0.0000000000000000,3.1662147045135498,0.0000000000000000,0.0000000000000000,-0.0019531250000000,0.0000000000000000
38.7785454,0.0000000000000000,0.0000000000000000,3.1662147045135498,0.0000000000000000,0.0000000000000000,-0.0000000000000000,0.0000000000000000
38.7885590,0.0000000000000000,0.0000000000000000,3.1662147045135498,0.0000000000000000,0.0000000000000000,-0.0039062500000000,0.0000000000000000
38.7983398,0.0000000000000000,0.0000000000000000,3.1662147045135498,0.0000000000000000,0.0000000000000000,-0.0000000000000000,0.0000000000000000
38.8085022,0.0000000000000000,0.0000000000000000,3.1662147045135498,0.0000000000000000,0.0000000000000000,0.0019531250000000,0.0000000000000000
38.8182678,0.0000000000000000,0.0000000000000000,3.1662147045135498,0.0000000000000000,0.0000000000000000,0.0058593750000000,0.0000000000000000
38.8282471,0.0000000000000000,0.0000000000000000,3.1662147045135498,0.0000000000000000,0.0000000000000000,-0.0019531250000000,0.0000000000000000
38.8385963,0.0000000000000000,0.0000000000000000,3.1662147045135498,0.0000000000000000,0.0000000000000000,-0.0000000000000000,0.0000000000000000
38.8483849,0.0000000000000000,0.0000000000000000,3.1662147045135498,0.0000000000000000,0.0000000000000000,-0.0000000000000000,0.0000000000000000
38.8583679,0.0000000000000000,0.0000000000000000,3.1662147045135498,0.0000000000000000,0.0000000000000000,-0.0000000000000000,0.0000000000000000
38.8682175,0.0000000000000000,0.0000000000000000,3.1662147045135498,0.0000000000000000,0.0000000000000000,-0.0000000000000000,0.0000000000000000
38.8781929,0.0000000000000000,0.0000000000000000,3.1662147045135498,0.0000000000000000,0.0000000000000000,0.0019531250000000,0.0000000000000000
38.8884506,0.0000000000000000,0.0000000000000000,3.1662147045135498,0.0000000000000000,0.0000000000000000,-0.0000000000000000,0.0000000000000000
38.8985291,0.0000000000000000,0.0000000000000000,3.1660645008087158,0.0000000000000000,0.0000000000000000,-0.0000000000000000,0.0000000000000000
38.9082336,0.0000000000000000,0.0000000000000000,3.1660745143890381,0.0000000000000000,0.0000000000000000,-0.0000000000000000,0.0000000000000000
