timestamp,theta_rad,gamma_rad,phi_rad,phi_rad/s,dgamma_radps,dphi_radps,gamma_deg
1778421179.9846861,0.5822097063064575,3.0881166458129883,0.0186697356402874,0.0,-0.000793870072811842,3.1415927410125732,176.9360504491803
1778421179.9847777,0.5822097063064575,3.0881166458129883,0.0186697356402874,0.0,0.0014342028880491853,3.1415927410125732,176.9360504491803
1778421180.0144353,0.5822097063064575,3.0881166458129883,0.0186697356402874,0.0,0.002898762933909893,3.1415927410125732,176.9360504491803
1778421180.0148463,0.5822097063064575,3.0881166458129883,0.0186697356402874,0.0,0.0014725872315466404,3.1415927410125732,176.9360504491803
1778421180.014886,0.5822097063064575,3.0881166458129883,0.0186697356402874,0.0,0.0002282191999256611,3.1415927410125732,176.9360504491803
1778421180.0285287,0.5822097063064575,3.0881166458129883,0.0186697356402874,0.0,-0.000373729330021888,3.1415927410125732,176.9360504491803
1778421180.0463095,0.5822097063064575,3.0881166458129883,0.0186697356402874,0.0,0.0007171014440245926,3.1415927410125732,176.9360504491803
1778421180.0470884,0.5822097063064575,3.0881166458129883,0.0186697356402874,0.0,0.0032037508208304644,3.1415927410125732,176.9360504491803
1778421180.0587018,0.5822097063064575,3.0881166458129883,0.0186697356402874,0.0,3.0357157811522484e-05,3.1415927410125732,176.9360504491803
1778421180.0742226,0.5822097063064575,3.0881166458129883,0.018669109791517258,-4.0323488662228154e-05,-0.0013958185445517302,3.1415927410125732,176.9360504491803
1778421180.074697,0.5822097063064575,3.0881166458129883,0.018669109791517258,0.0,0.001731163589283824,3.1415927410125732,176.9360504491803
1778421180.0901048,0.5822097063064575,3.0881166458129883,0.018669109791517258,0.0,0.0024866494350135326,3.1415927410125732,176.9360504491803
1778421180.11953,0.5822097063064575,3.0881166458129883,0.018669109791517258,0.0,-0.0017695478163659573,3.1415927410125732,176.9360504491803
1778421180.1203036,0.5822097063064575,3.0881166458129883,0.018669109791517258,0.0,-0.0015029443893581629,3.1415927410125732,176.9360504491803
1778421180.1211767,0.5822097063064575,3.0881166458129883,0.018669109791517258,0.0,-0.0007554857875220478,3.1415927410125732,176.9360504491803
1778421180.1344497,0.5822097063064575,3.0881166458129883,0.018669109791517258,0.0,-0.0006787171005271375,3.1415927410125732,176.9360504491803
1778421180.1346557,0.5822097063064575,3.0881166458129883,0.0186697356402874,0.003001672527912456,0.0018079322762787342,3.1415927410125732,176.9360504491803
1778421180.1502423,0.5822097063064575,3.0881166458129883,0.0186697356402874,0.0,0.0,3.1415927410125732,176.9360504491803
1778421180.1654556,0.5822097063064575,3.0881166458129883,0.0186697356402874,0.0,3.838432166958228e-05,3.1415927410125732,176.9360504491803
1778421180.166482,0.5822097063064575,3.0881166458129883,0.0186697356402874,0.0,-0.0007554857875220478,3.1415927410125732,176.9360504491803
1778421180.180359,0.5822097063064575,3.0881166458129883,0.0186697356402874,0.0,-0.002525033662095666,3.1415927410125732,176.9360504491803
1778421180.1955671,0.5822097063064575,3.0881166458129883,0.0186697356402874,0.0,-0.0003049877705052495,3.1415927410125732,176.9360504491803
1778421180.1963327,0.5822097063064575,3.0881166458129883,0.018779339268803596,0.14314173584258497,-0.002945174463093281,3.1415927410125732,176.9360504491803
1778421180.209089,0.5822097063064575,3.0881166458129883,0.018833119422197342,0.004215769774882331,-3.838432166958228e-05,3.1415927410125732,176.9360504491803
1778421180.2246017,0.5822097063064575,3.0881166458129883,0.018833119422197342,0.0,-0.001815959345549345,3.1415927410125732,176.9360504491803
1778421180.224985,0.5822097063064575,3.0881166458129883,0.018833119422197342,0.0,-0.0011292151175439358,3.1415927410125732,176.9360504491803
1778421180.2393074,0.5822097063064575,3.0881166458129883,0.018833119422197342,0.0,8.02706927061081e-06,3.1415927410125732,176.9360504491803
1778421180.253515,0.5822097063064575,3.0881166458129883,0.018833119422197342,0.0,-0.002898762933909893,3.1415927410125732,176.9360504491803
1778421180.2538428,0.5822097063064575,3.0881166458129883,0.018833119422197342,0.0,-0.004973298870027065,3.1415927410125732,176.9360504491803
1778421180.269374,0.5822097063064575,3.0881166458129883,0.018833119422197342,0.0,0.0024866494350135326,3.1415927410125732,176.9360504491803
1778421180.2848363,0.5822097063064575,3.0881166458129883,0.01894272118806839,0.007088322292403447,-0.00045049801701679826,3.1415927410125732,176.9360504491803
1778421180.2851498,0.5822097063064575,3.0881166458129883,0.01894272118806839,0.0,-0.0013958185445517302,3.1415927410125732,176.9360504491803
1778421180.2987456,0.5822097063064575,3.0881166458129883,0.01894272118806839,0.0,-0.0028300215490162373,3.1415927410125732,176.9360504491803
1778421180.3302877,0.5822097063064575,3.0881166458129883,0.01894272118806839,0.0,-0.0014342028880491853,3.1415927410125732,176.9360504491803
1778421180.3303418,0.5822097063064575,3.0881166458129883,0.018941402435302734,-0.02380420786864818,-0.002898762933909893,3.1415927410125732,176.9360504491803
1778421180.3311362,0.5822097063064575,3.0881166458129883,0.018941402435302734,0.0,0.0007554857875220478,3.1415927410125732,176.9360504491803
1778421180.3453698,0.5822097063064575,3.0881166458129883,0.018941402435302734,0.0,-0.0008322544163092971,3.1415927410125732,176.9360504491803
1778421180.3462422,0.5822097063064575,3.0881166458129883,0.018941402435302734,0.0,0.00045049801701679826,3.1415927410125732,176.9360504491803
1778421180.3592877,0.5822097063064575,3.0881166458129883,0.018941402435302734,0.0,-0.0007251284550875425,3.1415927410125732,176.9360504491803
1778421180.3738232,0.5822097063064575,3.0881166458129883,0.018941402435302734,0.0,3.838432166958228e-05,3.1415927410125732,176.9360504491803
1778421180.3912892,0.5822097063064575,3.0881166458129883,0.01905100606381893,0.006275831318068943,0.002143277321010828,3.1415927410125732,176.9360504491803
1778421180.3914566,0.5822097063064575,3.0881166458129883,0.01905100606381893,0.0,0.0018079322762787342,3.1415927410125732,176.9360504491803
1778421180.410756,0.5822097063064575,3.0881166458129883,0.01910477876663208,0.0027865546728128637,-0.0033189039677381516,3.1415927410125732,176.9360504491803
1778421180.420974,0.5822097063064575,3.0881166458129883,0.01910477876663208,0.0,-0.003165366593748331,3.1415927410125732,176.9360504491803
1778421180.4214637,0.5822097063064575,3.0881166458129883,0.01910477876663208,0.0,-0.0006787171005271375,3.1415927410125732,176.9360504491803
1778421180.4377303,0.5822097063064575,3.0881166458129883,0.01910477876663208,0.0,0.00042014080099761486,3.1415927410125732,176.9360504491803
1778421180.4505997,0.5822097063064575,3.0881166458129883,0.01910477876663208,0.0,-0.0031573395244777203,3.1415927410125732,176.9360504491803
1778421180.4509833,0.5822097063064575,3.0881166458129883,0.01905100606381893,-0.13999661756067933,-0.0003433721140027046,3.1415927410125732,176.9360504491803
1778421180.4695697,0.5822097063064575,3.0881166458129883,0.01905100606381893,0.0,0.0022200457751750946,3.1415927410125732,176.9360504491803
1778421180.4809747,0.5822097063064575,3.0881166458129883,0.01905100606381893,0.0,-0.003959236666560173,3.1415927410125732,176.9360504491803
1778421180.4817095,0.5822097063064575,3.0881166458129883,0.01905100606381893,0.0,-0.0014342028880491853,3.1415927410125732,176.9360504491803
1778421180.495058,0.5822097063064575,3.0881166458129883,0.018941402435302734,-0.008212224161808853,-0.0024866494350135326,3.1415927410125732,176.9360504491803
1778421180.5104918,0.5822097063064575,3.0881166458129883,0.018941402435302734,0.0,0.0018463165033608675,3.1415927410125732,176.9360504491803
1778421180.5119479,0.5822097063064575,3.0881166458129883,0.018941402435302734,0.0,0.0007554857875220478,3.1415927410125732,176.9360504491803
1778421180.5257776,0.5822097063064575,3.0881166458129883,0.018941402435302734,0.0,-0.002189688617363572,3.1415927410125732,176.9360504491803
1778421180.5393527,0.5822097063064575,3.0881166458129883,0.01905100606381893,0.00807357527921549,-0.0003353449865244329,3.1415927410125732,176.9360504491803
1778421180.5403214,0.5822097063064575,3.0881166458129883,0.01905100606381893,0.0,0.0018847009632736444,3.1415927410125732,176.9360504491803
1778421180.5603814,0.5822097063064575,3.0881166458129883,0.018941402435302734,-0.005464116921869038,-0.0014342028880491853,3.1415927410125732,176.9360504491803
1778421180.56984,0.5822097063064575,3.0881166458129883,0.018941402435302734,0.0,-0.000373729330021888,3.1415927410125732,176.9360504491803
1778421180.5700834,0.5822097063064575,3.0881166458129883,0.01905100606381893,0.4473617437399443,0.00045049801701679826,3.1415927410125732,176.9360504491803
1778421180.5896642,0.5822097063064575,3.0881166458129883,0.01905100606381893,0.0,0.005805552937090397,3.1415927410125732,176.9360504491803
1778421180.5986576,0.5822097063064575,3.0881166458129883,0.01910477876663208,0.005979129452698122,0.0033189039677381516,3.1415927410125732,176.9360504491803
1778421180.59923,0.5822097063064575,3.0881166458129883,0.01910477876663208,0.0,-7.676864333916456e-05,3.1415927410125732,176.9360504491803
1778421180.613638,0.5822097063064575,3.0881166458129883,0.01910477876663208,0.0,0.0014342028880491853,3.1415927410125732,176.9360504491803
1778421180.6439424,0.5822097063064575,3.0881166458129883,0.01910477876663208,0.0,-0.0007171014440245926,3.1415927410125732,176.9360504491803
1778421180.644401,0.5822097063064575,3.0881166458129883,0.01910477876663208,0.0,-0.0010604736162349582,3.1415927410125732,176.9360504491803
1778421180.644705,0.5822097063064575,3.0881166458129883,0.01910477876663208,0.0,0.0003433721140027046,3.1415927410125732,176.9360504491803
1778421180.659962,0.5822097063064575,3.0881166458129883,0.01910477876663208,0.0,-0.0014342028880491853,3.1415927410125732,176.9360504491803
1778421180.6603754,0.5822097063064575,3.0881166458129883,0.01910477876663208,0.0,7.676864333916456e-05,3.1415927410125732,176.9360504491803
1778421180.679301,0.5822097063064575,3.0881166458129883,0.01910477876663208,0.0,0.0003049877705052495,3.1415927410125732,176.9360504491803
1778421180.689884,0.5822097063064575,3.0881166458129883,0.01910477876663208,0.0,0.0007554857875220478,3.1415927410125732,176.9360504491803
1778421180.6901195,0.5822097063064575,3.0881166458129883,0.01910477876663208,0.0,-0.0007171014440245926,3.1415927410125732,176.9360504491803
1778421180.7098088,0.5822097063064575,3.0881166458129883,0.01910477876663208,0.0,-0.0018079322762787342,3.1415927410125732,176.9360504491803
1778421180.7190769,0.5822097063064575,3.0881166458129883,0.01910477876663208,0.0,0.0008242273470386863,3.1415927410125732,176.9360504491803
1778421180.7196314,0.5822097063064575,3.0881166458129883,0.01905100606381893,-0.09695763167659631,-0.004745079670101404,3.1415927410125732,176.9360504491803
1778421180.7339284,0.5822097063064575,3.0881166458129883,0.01905100606381893,0.0,0.0010140620870515704,3.1415927410125732,176.9360504491803
1778421180.749884,0.5822097063064575,3.0881166458129883,0.01905100606381893,0.0,0.0014342028880491853,3.1415927410125732,176.9360504491803
1778421180.7501717,0.5822097063064575,3.0881166458129883,0.01905100606381893,0.0,0.00041211367351934314,3.1415927410125732,176.9360504491803
1778421180.7693064,0.5822097063064575,3.0881166458129883,0.018941402435302734,-0.005728123238999838,0.0013877914752811193,3.1415927410125732,176.9360504491803
1778421180.7799098,0.5822097063064575,3.0881166458129883,0.018941402435302734,0.0,-7.676864333916456e-05,3.1415927410125732,176.9360504491803
1778421180.7803009,0.5822097063064575,3.0881166458129883,0.018941402435302734,0.0,-0.0018463165033608675,3.1415927410125732,176.9360504491803
1778421180.7993748,0.5822097063064575,3.0881166458129883,0.018941402435302734,0.0,0.002151304390281439,3.1415927410125732,176.9360504491803
1778421180.809987,0.5822097063064575,3.0881166458129883,0.018941402435302734,0.0,0.00177757500205189,3.1415927410125732,176.9360504491803
1778421180.8100348,0.5822097063064575,3.0881166458129883,0.018941402435302734,0.0,0.003951209597289562,3.1415927410125732,176.9360504491803
1778421180.8306217,0.5822097063064575,3.0881166458129883,0.018941402435302734,0.0,-0.0014645601622760296,3.1415927410125732,176.9360504491803
1778421180.8394341,0.5822097063064575,3.0881166458129883,0.018941402435302734,0.0,0.0021816615480929613,3.1415927410125732,176.9360504491803
1778421180.8549852,0.5822097063064575,3.0881166458129883,0.018941402435302734,0.0,0.0011292151175439358,3.1415927410125732,176.9360504491803
1778421180.8556418,0.5822097063064575,3.0881166458129883,0.018941402435302734,0.0,-0.003731017466634512,3.1415927410125732,176.9360504491803
1778421180.8696394,0.5822097063064575,3.0881166458129883,0.018941402435302734,0.0,-0.0003433721140027046,3.1415927410125732,176.9360504491803
1778421180.8851638,0.5822097063064575,3.0881166458129883,0.018941402435302734,0.0,3.838432166958228e-05,3.1415927410125732,176.9360504491803
1778421180.8857968,0.5822097063064575,3.0881166458129883,0.018941402435302734,0.0,0.0032421350479125977,3.1415927410125732,176.9360504491803
1778421180.8987772,0.5822097063064575,3.0881166458129883,0.018941402435302734,0.0,0.0003433721140027046,3.1415927410125732,176.9360504491803
1778421180.9154942,0.5822097063064575,3.0881166458129883,0.018941402435302734,0.0,-0.000373729330021888,3.1415927410125732,176.9360504491803
1778421180.9162803,0.5822097063064575,3.0881166458129883,0.018941402435302734,0.0,0.002898762933909893,3.1415927410125732,176.9360504491803
1778421180.9294274,0.5822097063064575,3.0881166458129883,0.018941402435302734,0.0,-0.0006403328152373433,3.1415927410125732,176.9360504491803
1778421180.9446125,0.5822097063064575,3.0881166458129883,0.018941402435302734,0.0,0.0036158645525574684,3.1415927410125732,176.9360504491803
1778421180.9452388,0.5822097063064575,3.0881166458129883,0.018941402435302734,0.0,-0.0007090744329616427,3.1415927410125732,176.9360504491803
1778421180.958833,0.5822097063064575,3.0881166458129883,0.018941402435302734,0.0,7.676864333916456e-05,3.1415927410125732,176.9360504491803
1778421180.9746563,0.5822097063064575,3.0881166458129883,0.018941402435302734,0.0,0.000373729330021888,3.1415927410125732,176.9360504491803
1778421180.9751189,0.5822097063064575,3.0881166458129883,0.018941402435302734,0.0,0.0018766737775877118,3.1415927410125732,176.9360504491803
1778421180.9890056,0.5822097063064575,3.0881166458129883,0.018941402435302734,0.0,0.000373729330021888,3.1415927410125732,176.9360504491803
1778421181.0048409,0.5822097063064575,3.0881166458129883,0.018941402435302734,0.0,-0.004294581711292267,3.1415927410125732,176.9360504491803
1778421181.0049546,0.5822097063064575,3.0881166458129883,0.018941402435302734,0.0,-0.0007554857875220478,3.1415927410125732,176.9360504491803
1778421181.0190353,0.5822097063064575,3.0881166458129883,0.018941402435302734,0.0,0.0006787171005271375,3.1415927410125732,176.9360504491803
1778421181.0336156,0.5822097063064575,3.0881166458129883,0.018941402435302734,0.0,-0.0018079322762787342,3.1415927410125732,176.9360504491803
1778421181.034231,0.5822097063064575,3.0881166458129883,0.018941402435302734,0.0,3.838432166958228e-05,3.1415927410125732,176.9360504491803
1778421181.0496454,0.5822097063064575,3.0881166458129883,0.019214382395148277,0.017710101302885164,-0.000373729330021888,3.1415927410125732,176.9360504491803
1778421181.0693476,0.5822097063064575,3.0881166458129883,0.019214382395148277,0.0,-0.0015797130763530731,3.1415927410125732,176.9360504491803
1778421181.0785818,0.5822097063064575,3.0881166458129883,0.019214382395148277,0.0,-0.0012059836881235242,3.1415927410125732,176.9360504491803
1778421181.0789733,0.5822097063064575,3.0881166458129883,0.019214382395148277,0.0,0.0018079322762787342,3.1415927410125732,176.9360504491803
1778421181.0946538,0.5822097063064575,3.0881166458129883,0.019214382395148277,0.0,-0.0013211367186158895,3.1415927410125732,176.9360504491803
1778421181.095139,0.5822097063064575,3.0881166458129883,0.019214382395148277,0.0,-0.00101614894811064,3.1415927410125732,176.9360504491803
1778421181.109474,0.5822097063064575,3.0881166458129883,0.019268155097961426,0.003751383259837977,0.00025857635773718357,3.1415927410125732,176.9360504491803
1778421181.1298056,0.5822097063064575,3.0881166458129883,0.019268155097961426,0.0,-0.003165366593748331,3.1415927410125732,176.9360504491803
1778421181.1402738,0.5822097063064575,3.0881166458129883,0.019266821444034576,-0.00012741145516955492,-0.003165366593748331,3.1415927410125732,176.9360504491803
1778421181.1409929,0.5822097063064575,3.0881166458129883,0.019266821444034576,0.0,-0.004745079670101404,3.1415927410125732,176.9360504491803
1778421181.1539497,0.5822097063064575,3.0881166458129883,0.019266821444034576,0.0,-0.00045049801701679826,3.1318271160125732,176.9360504491803
1778421181.1704795,0.5822097063064575,3.0881166458129883,0.019267477095127106,3.966503274245628e-05,-0.000793870072811842,3.1318271160125732,176.9360504491803
1778421181.1705434,0.5822097063064575,3.0881166458129883,0.019213056191802025,-0.8372450391379531,-0.0018079322762787342,3.1318271160125732,176.9360504491803
1778421181.1852493,0.5822097063064575,3.0881166458129883,0.019213056191802025,0.0,-0.0025634178891777992,3.1318271160125732,176.9360504491803
1778421181.2458026,0.5822097063064575,3.0881166458129883,0.019213056191802025,0.0,-0.00045852508628740907,3.1396396160125732,176.9360504491803
1778421181.246133,0.5822097063064575,3.0881166458129883,0.019213056191802025,0.0,-0.000793870072811842,3.1376864910125732,176.9360504491803
1778421181.2464666,0.5822097063064575,3.0881166458129883,0.019213056191802025,0.0,0.002228073077276349,3.1415927410125732,176.9360504491803
1778421181.2466786,0.5822097063064575,3.0881166458129883,0.019213056191802025,0.0,-0.00025857635773718357,3.1454989910125732,176.9360504491803
1778421181.2471542,0.5822097063064575,3.0881166458129883,0.019213056191802025,0.0,0.0003433721140027046,3.1415927410125732,176.9360504491803
1778421181.2471979,0.5822097063064575,3.0881166458129883,0.019213056191802025,0.0,0.002151304390281439,3.1415927410125732,176.9360504491803
1778421181.305567,0.5822097063064575,3.0881166458129883,0.019213056191802025,0.0,-0.0008322544163092971,3.1415927410125732,176.9360504491803
1778421181.3062732,0.5822097063064575,3.0881166458129883,0.019213056191802025,0.0,0.0032037508208304644,3.1435458660125732,176.9360504491803
1778421181.3069916,0.5822097063064575,3.0881166458129883,0.019213056191802025,0.0,0.0029755316209048033,3.1415927410125732,176.9360504491803
1778421181.3074107,0.5822097063064575,3.0881166458129883,0.019213056191802025,0.0,-0.000793870072811842,3.1415927410125732,176.9360504491803
1778421181.307963,0.5822097063064575,3.0881166458129883,0.019213056191802025,0.0,-0.0010524464305490255,3.1435458660125732,176.9360504491803
1778421181.3086948,0.5822097063064575,3.0881166458129883,0.019213056191802025,0.0,-0.0003353449865244329,3.1435458660125732,176.9360504491803
1778421181.3652163,0.5822097063064575,3.0881166458129883,0.019213056191802025,0.0,-0.0026401865761727095,3.1396396160125732,176.9360504491803
1778421181.3660696,0.5822097063064575,3.0881166458129883,0.019213056191802025,0.0,-0.0026401865761727095,3.1376864910125732,176.9360504491803
1778421181.3665333,0.5822097063064575,3.0881166458129883,0.019213056191802025,0.0,-0.002601802349090576,3.1435458660125732,176.9360504491803
1778421181.424851,0.5822097063064575,3.0881166458129883,0.019213056191802025,0.0,-0.0013190499739721417,3.1435458660125732,176.9360504491803
1778421181.4255779,0.5822097063064575,3.0881166458129883,0.019213056191802025,0.0,-0.0010908307740464807,3.1415927410125732,176.9360504491803
1778421181.4260397,0.5822097063064575,3.0881166458129883,0.019213056191802025,0.0,-0.0015413288492709398,3.1415927410125732,176.9360504491803
1778421181.4265144,0.5822097063064575,3.0881166458129883,0.019213056191802025,0.0,-0.005759141407907009,3.1357333660125732,176.9360504491803
1778421181.4269743,0.5822097063064575,3.0881166458129883,0.019213056191802025,0.0,-0.0025634178891777992,3.1357333660125732,176.9360504491803
1778421181.4290154,0.5822097063064575,3.0881166458129883,0.019213056191802025,0.0,-0.0018543436890468001,3.1396396160125732,176.9360504491803
1778421181.4290652,0.5822097063064575,3.0881166458129883,0.019213056191802025,0.0,0.0013877914752811193,3.1474521160125732,176.9360504491803
1778421181.4296212,0.5822097063064575,3.0881166458129883,0.019213056191802025,0.0,-0.0015029443893581629,3.1357333660125732,176.9360504491803
1778421181.430346,0.5822097063064575,3.0881166458129883,0.019213056191802025,0.0,-0.0007858428871259093,3.1396396160125732,176.9360504491803
1778421181.4857652,0.5822097063064575,3.0881166458129883,0.019213056191802025,0.0,-0.0004888822440989316,3.1435458660125732,176.9360504491803
1778421181.4862294,0.5822097063064575,3.0881166458129883,0.019213056191802025,0.0,0.0003433721140027046,3.1376864910125732,176.9360504491803
1778421181.4867883,0.5822097063064575,3.0881166458129883,0.019213056191802025,0.0,0.0010524464305490255,3.1533114910125732,176.9360504491803
1778421181.487677,0.5822097063064575,3.0881166458129883,0.019213056191802025,0.0,-0.0021816615480929613,3.1357333660125732,176.9360504491803
1778421181.4877248,0.5822097063064575,3.0881166458129883,0.019213056191802025,0.0,0.0018766737775877118,3.1396396160125732,176.9360504491803
1778421181.4886303,0.5822097063064575,3.0881166458129883,0.019213056191802025,0.0,6.874138489365578e-05,3.1396396160125732,176.9360504491803
1778421181.5444746,0.5822097063064575,3.0881166458129883,0.019213056191802025,0.0,0.0010140620870515704,3.1415927410125732,176.9360504491803
1778421181.5450995,0.5822097063064575,3.0881166458129883,0.019213056191802025,0.0,-0.003692633006721735,3.1435458660125732,176.9360504491803
1778421181.545744,0.5822097063064575,3.0881166458129883,0.019213056191802025,0.0,-0.0010908307740464807,3.1376864910125732,176.9360504491803
1778421181.546077,0.5822097063064575,3.0881166458129883,0.019213056191802025,0.0,0.002151304390281439,3.1396396160125732,176.9360504491803
1778421181.5469956,0.5822097063064575,3.0881166458129883,0.019213056191802025,0.0,0.0018079322762787342,3.1474521160125732,176.9360504491803
1778421181.5474317,0.5822097063064575,3.0881166458129883,0.019213056191802025,0.0,0.0011292151175439358,3.1415927410125732,176.9360504491803
1778421181.605543,0.5822097063064575,3.0881166458129883,0.019213056191802025,0.0,-0.0002969606430269778,3.1454989910125732,176.9360504491803
1778421181.6063712,0.5822097063064575,3.0881166458129883,0.019213056191802025,0.0,0.00010712584480643272,3.1415927410125732,176.9360504491803
1778421181.6073456,0.5822097063064575,3.0881166458129883,0.019213056191802025,0.0,0.0010908307740464807,3.1415927410125732,176.9360504491803
1778421181.6083076,0.5822097063064575,3.0881166458129883,0.019213056191802025,0.0,-0.0025634178891777992,3.1435458660125732,176.9360504491803
1778421181.6092677,0.5822097063064575,3.0881166458129883,0.019213056191802025,0.0,0.00041211367351934314,3.1415927410125732,176.9360504491803
1778421181.6093307,0.5822097063064575,3.0881166458129883,0.019213056191802025,0.0,0.000793870072811842,3.1435458660125732,176.9360504491803
1778421181.6656485,0.5822097063064575,3.0881166458129883,0.019213056191802025,0.0,-0.001022089272737503,3.1415927410125732,176.9360504491803
1778421181.666464,0.5822097063064575,3.0881166458129883,0.019213056191802025,0.0,0.0011292151175439358,3.1435458660125732,176.9360504491803
1778421181.6676252,0.5822097063064575,3.0881166458129883,0.019213056191802025,0.0,0.000977764488197863,3.1396396160125732,176.9360504491803
1778421181.6685102,0.5822097063064575,3.0881166458129883,0.019213056191802025,0.0,0.002601802349090576,3.1454989910125732,176.9360504491803
1778421181.669195,0.5822097063064575,3.0881166458129883,0.019213056191802025,0.0,0.000747458660043776,3.1396396160125732,176.9360504491803
1778421181.6701102,0.5822097063064575,3.0881166458129883,0.019213056191802025,0.0,-0.0024482649751007557,3.1396396160125732,176.9360504491803
1778421181.725362,0.5822097063064575,3.0881166458129883,0.019213056191802025,0.0,0.0,3.1357333660125732,176.9360504491803
1778421181.7262383,0.5822097063064575,3.0881166458129883,0.019213056191802025,0.0,0.002189688617363572,3.1337802410125732,176.9360504491803
1778421181.727204,0.5822097063064575,3.0881166458129883,0.019213056191802025,0.0,0.0012059836881235242,3.1435458660125732,176.9360504491803
1778421181.7282314,0.5822097063064575,3.0881166458129883,0.019213056191802025,0.0,0.000373729330021888,3.1415927410125732,176.9360504491803
1778421181.729933,0.5822097063064575,3.0881166458129883,0.019213056191802025,0.0,0.0029371471609920263,3.1415927410125732,176.9360504491803
1778421181.7308674,0.5822097063064575,3.0881166458129883,0.019213056191802025,0.0,3.838432166958228e-05,3.1435458660125732,176.9360504491803
1778421181.7856555,0.5822097063064575,3.0881166458129883,0.019213056191802025,0.0,-0.001357434201054275,3.1513583660125732,176.9360504491803
1778421181.785723,0.5822097063064575,3.0881166458129883,0.019213056191802025,0.0,0.004745079670101404,3.1415927410125732,176.9360504491803
1778421181.7862635,0.5822097063064575,3.0881166458129883,0.019213056191802025,0.0,-0.002189688617363572,3.1435458660125732,176.9360504491803
1778421181.7869923,0.5822097063064575,3.0881166458129883,0.019213056191802025,0.0,-0.0003433721140027046,3.1415927410125732,176.9360504491803
1778421181.7877297,0.5822097063064575,3.0881166458129883,0.019213056191802025,0.0,-0.000983704929240048,3.1474521160125732,176.9360504491803
1778421181.788179,0.5822097063064575,3.0881166458129883,0.019213056191802025,0.0,0.004524887539446354,3.1435458660125732,176.9360504491803
1778421181.8441408,0.5822097063064575,3.0881166458129883,0.019213056191802025,0.0,-0.0020665086340159178,3.1415927410125732,176.9360504491803
1778421181.8448758,0.5822097063064575,3.0881166458129883,0.019213056191802025,0.0,0.001349407248198986,3.1474521160125732,176.9360504491803
1778421181.8461664,0.5822097063064575,3.0881166458129883,0.019213056191802025,0.0,0.00041211367351934314,3.1474521160125732,176.9360504491803
1778421181.8483346,0.5822097063064575,3.0881166458129883,0.019213056191802025,0.0,-0.00041211367351934314,3.1396396160125732,176.9360504491803
1778421181.8492382,0.5822097063064575,3.0881166458129883,0.019213056191802025,0.0,-0.0013958185445517302,3.1396396160125732,176.9360504491803
1778421181.8500414,0.5822097063064575,3.0881166458129883,0.019213056191802025,0.0,-0.0007171014440245926,3.1435458660125732,176.9360504491803
1778421181.9043984,0.5822097063064575,3.0881166458129883,0.019213056191802025,0.0,0.000747458660043776,3.1415927410125732,176.9360504491803
1778421181.9051452,0.5822097063064575,3.0881166458129883,0.019213056191802025,0.0,-0.001357434201054275,3.1396396160125732,176.9360504491803
1778421181.9066575,0.5822097063064575,3.0881166458129883,0.019213056191802025,0.0,0.0010524464305490255,3.1415927410125732,176.9360504491803
1778421181.9076207,0.5822097063064575,3.0881166458129883,0.019213056191802025,0.0,0.002189688617363572,3.1415927410125732,176.9360504491803
1778421181.9085462,0.5822097063064575,3.0881166458129883,0.019213056191802025,0.0,-0.0006403328152373433,3.1415927410125732,176.9360504491803
1778421181.9092724,0.5822097063064575,3.0881166458129883,0.019213056191802025,0.0,-0.0007554857875220478,3.1376864910125732,176.9360504491803
1778421181.9646642,0.5822097063064575,3.0881166458129883,0.019213056191802025,0.0,7.676864333916456e-05,3.1396396160125732,176.9360504491803
1778421181.965013,0.5822097063064575,3.0881166458129883,0.019213056191802025,0.0,0.00041211367351934314,3.1435458660125732,176.9360504491803
1778421181.9656787,0.5822097063064575,3.0881166458129883,0.019213056191802025,0.0,0.0032421350479125977,3.1435458660125732,176.9360504491803
1778421181.9660354,0.5822097063064575,3.0881166458129883,0.019213056191802025,0.0,0.0006787171005271375,3.1415927410125732,176.9360504491803
1778421181.9664936,0.5822097063064575,3.0881166458129883,0.019213056191802025,0.0,0.003692633006721735,3.1435458660125732,176.9360504491803
1778421181.9669876,0.5822097063064575,3.0881166458129883,0.019213056191802025,0.0,-0.002525033662095666,3.1454989910125732,176.9360504491803
1778421182.0230513,0.5822097063064575,3.0881166458129883,0.019213056191802025,0.0,0.0018463165033608675,3.1415927410125732,176.9360504491803
1778421182.0234368,0.5822097063064575,3.0881166458129883,0.019213056191802025,0.0,-0.0032037508208304644,3.1415927410125732,176.9360504491803
1778421182.0238972,0.5822097063064575,3.0881166458129883,0.019213056191802025,0.0,-4.6411529183387756e-05,3.1415927410125732,176.9360504491803
1778421182.0245347,0.5822097063064575,3.0881166458129883,0.019213056191802025,0.0,0.0007858428871259093,3.1454989910125732,176.9360504491803
1778421182.025046,0.5822097063064575,3.0881166458129883,0.019213056191802025,0.0,0.002143277321010828,3.1454989910125732,176.9360504491803
1778421182.0260005,0.5822097063064575,3.0881166458129883,0.019213056191802025,0.0,0.0003433721140027046,3.1435458660125732,176.9360504491803
1778421182.0844927,0.5822097063064575,3.0881166458129883,0.019213056191802025,0.0,-0.0013958185445517302,3.1396396160125732,176.9360504491803
1778421182.0849166,0.5822097063064575,3.0881166458129883,0.019213056191802025,0.0,0.0007171014440245926,3.1376864910125732,176.9360504491803
1778421182.0852654,0.5822097063064575,3.0881166458129883,0.019536441192030907,0.9260738558848702,0.003692633006721735,3.1376864910125732,176.9360504491803
1778421182.085737,0.5822097063064575,3.0881166458129883,0.01953510008752346,-0.0028467511915365,-0.003508738474920392,3.1376864910125732,176.9360504491803
1778421182.086449,0.5822097063064575,3.0881166458129883,0.01953510008752346,0.0,0.0010524464305490255,3.1376864910125732,176.9360504491803
1778421182.0870082,0.5822097063064575,3.0881166458129883,0.019536441192030907,0.0023961131799484637,0.002296814462170005,3.1376864910125732,176.9360504491803
1778421182.145204,0.5822097063064575,3.0881166458129883,0.019536441192030907,0.0,-0.001022089272737503,3.1376864910125732,176.9360504491803
1778421182.2050152,0.5822097063064575,3.0881166458129883,0.019536441192030907,0.0,-0.000793870072811842,3.1376864910125732,176.9360504491803
1778421182.2055726,0.5822097063064575,3.0881166458129883,0.019536441192030907,0.0,0.0021816615480929613,3.1376864910125732,176.9360504491803
1778421182.2060425,0.5822097063064575,3.0881166458129883,0.019535770639777184,-0.0014273142981395665,0.0022200457751750946,3.1376864910125732,176.9360504491803
1778421182.2064729,0.5822097063064575,3.0881166458129883,0.019535770639777184,0.0,-0.0010604736162349582,3.1376864910125732,176.9360504491803
1778421182.2069955,0.5822097063064575,3.0881166458129883,0.019535770639777184,0.0,0.0010524464305490255,3.1376864910125732,176.9360504491803
1778421182.2070444,0.5822097063064575,3.0881166458129883,0.019535770639777184,0.0,-0.0003049877705052495,3.1376864910125732,176.9360504491803
1778421182.2078197,0.5822097063064575,3.0881166458129883,0.019535770639777184,0.0,-0.0003433721140027046,3.1376864910125732,176.9360504491803
1778421182.207872,0.5822097063064575,3.0881166458129883,0.019535770639777184,0.0,0.002151304390281439,3.1376864910125732,176.9360504491803
1778421182.2091208,0.5822097063064575,3.0881166458129883,0.019535770639777184,0.0,-0.0032037508208304644,3.1376864910125732,176.9360504491803
1778421182.2098508,0.5822097063064575,3.0881166458129883,0.019535770639777184,0.0,0.0003433721140027046,3.1376864910125732,176.9360504491803
1778421182.2104878,0.5822097063064575,3.0881166458129883,0.019535770639777184,0.0,0.002525033662095666,3.1376864910125732,176.9360504491803
1778421182.264229,0.5822097063064575,3.0881166458129883,0.019535770639777184,0.0,-0.0010140620870515704,3.1376864910125732,176.9360504491803
1778421182.264669,0.5822097063064575,3.0881166458129883,0.019535770639777184,0.0,-0.000609975541010499,3.1376864910125732,176.9360504491803
1778421182.265366,0.5822097063064575,3.0881166458129883,0.019535770639777184,0.0,0.0003353449865244329,3.1376864910125732,176.9360504491803
1778421182.265763,0.5822097063064575,3.0881166458129883,0.019589507952332497,0.135392575406713,0.0036158645525574684,3.1376864910125732,176.9360504491803
1778421182.2660966,0.5822097063064575,3.0881166458129883,0.019426152110099792,-0.4889429403787888,0.0014261759351938963,3.1376864910125732,176.9360504491803
1778421182.3247924,0.5822097063064575,3.0881166458129883,0.01942749321460724,2.284877890068744e-05,0.000793870072811842,3.1376864910125732,176.9360504491803
1778421182.3251953,0.5822097063064575,3.0881166458129883,0.01948123797774315,0.1334610423160433,-0.00177757500205189,3.1376864910125732,176.9360504491803
1778421182.325602,0.5822097063064575,3.0881166458129883,0.01948123797774315,0.0,0.002601802349090576,3.1376864910125732,176.9360504491803
1778421182.3267682,0.5822097063064575,3.0881166458129883,0.01942749321460724,-0.04609723225543153,0.002601802349090576,3.1376864910125732,176.9360504491803
1778421182.3268151,0.5822097063064575,3.0881166458129883,0.01942749321460724,0.0,0.005385412834584713,3.1376864910125732,176.9360504491803
1778421182.3273008,0.5822097063064575,3.0881166458129883,0.01942749321460724,0.0,-0.0017391906585544348,3.1376864910125732,176.9360504491803
1778421182.385645,0.5822097063064575,3.0881166458129883,0.01942749321460724,0.0,0.00041211367351934314,3.1376864910125732,176.9360504491803
1778421182.3863933,0.5822097063064575,3.0881166458129883,0.01942749321460724,0.0,0.0033189039677381516,3.1376864910125732,176.9360504491803
1778421182.387368,0.5822097063064575,3.0881166458129883,0.01942749321460724,0.0,0.000793870072811842,3.1376864910125732,176.9360504491803
1778421182.3879948,0.5822097063064575,3.0881166458129883,0.01942749321460724,0.0,0.0015413288492709398,3.1376864910125732,176.9360504491803
1778421182.3881226,0.5822097063064575,3.0881166458129883,0.01942749321460724,0.0,-0.0006787171005271375,3.1376864910125732,176.9360504491803
1778421182.388655,0.5822097063064575,3.0881166458129883,0.01942749321460724,0.0,0.002228073077276349,3.1376864910125732,176.9360504491803
1778421182.4450366,0.5822097063064575,3.0881166458129883,0.01942749321460724,0.0,0.003654248546808958,3.1376864910125732,176.9360504491803
1778421182.4457898,0.5822097063064575,3.0881166458129883,0.01942749321460724,0.0,-0.001731163589283824,3.1376864910125732,176.9360504491803
1778421182.4462285,0.5822097063064575,3.0881166458129883,0.019317874684929848,-0.2501563782881449,0.0019150582375004888,3.1376864910125732,176.9360504491803
1778421182.4472349,0.5822097063064575,3.0881166458129883,0.019317874684929848,0.0,0.000747458660043776,3.1376864910125732,176.9360504491803
1778421182.44779,0.5822097063064575,3.0881166458129883,0.019317874684929848,0.0,0.000373729330021888,3.1376864910125732,176.9360504491803
1778421182.448375,0.5822097063064575,3.0881166458129883,0.01942749321460724,0.18731806065244203,0.002151304390281439,3.1376864910125732,176.9360504491803
1778421182.5648568,0.5822097063064575,3.0881166458129883,0.01942749321460724,0.0,-0.0010524464305490255,3.1376864910125732,176.9360504491803
1778421182.5656433,0.5822097063064575,3.0881166458129883,0.01942749321460724,0.0,0.004027978051453829,3.1357333660125732,176.9360504491803
1778421182.566187,0.5822097063064575,3.0881166458129883,0.01942749321460724,0.0,0.0006706899730488658,3.1396396160125732,176.9360504491803
1778421182.566944,0.5822097063064575,3.0881166458129883,0.01942749321460724,0.0,0.0015029443893581629,3.1396396160125732,176.9360504491803
1778421182.5680842,0.5822097063064575,3.0881166458129883,0.01942749321460724,0.0,-0.0006019484717398882,3.1415927410125732,176.9360504491803
1778421182.5682375,0.5822097063064575,3.0881166458129883,0.01942749321460724,0.0,0.0004888822440989316,3.1435458660125732,176.9360504491803
1778421182.568806,0.5822097063064575,3.0881166458129883,0.01942749321460724,0.0,0.0017695478163659573,3.1396396160125732,176.9360504491803
1778421182.5691142,0.5822097063064575,3.0881166458129883,0.01942749321460724,0.0,0.0032037508208304644,3.1376864910125732,176.9360504491803
1778421182.5702748,0.5822097063064575,3.0881166458129883,0.019317874684929848,-0.09448244348157474,0.001731163589283824,3.1376864910125732,176.9360504491803
1778421182.5710754,0.5822097063064575,3.0881166458129883,0.019317874684929848,0.0,-0.0024866494350135326,3.1435458660125732,176.9360504491803
1778421182.5717669,0.5822097063064575,3.0881166458129883,0.019317874684929848,0.0,-0.0022584302350878716,3.1435458660125732,176.9360504491803
1778421182.5724287,0.5822097063064575,3.0881166458129883,0.019317874684929848,0.0,0.0007554857875220478,3.1435458660125732,176.9360504491803
1778421182.6235678,0.5822097063064575,3.0881166458129883,0.019317874684929848,0.0,0.00038175645750015974,3.1435458660125732,176.9360504491803
1778421182.6242537,0.5822097063064575,3.0881166458129883,0.019317874684929848,0.0,-0.0018079322762787342,3.1435458660125732,176.9360504491803
1778421182.6248624,0.5822097063064575,3.0881166458129883,0.019317874684929848,0.0,-0.0015109715750440955,3.1435458660125732,176.9360504491803
1778421182.6252685,0.5822097063064575,3.0881166458129883,0.019264131784439087,-0.1322088539506104,0.0020665086340159178,3.1435458660125732,176.9360504491803
1778421182.625956,0.5822097063064575,3.0881166458129883,0.019264131784439087,0.0,-7.676864333916456e-05,3.1435458660125732,176.9360504491803
1778421182.6268938,0.5822097063064575,3.0881166458129883,0.019154513254761696,-0.11686410264405814,0.0028300215490162373,3.1435458660125732,176.9360504491803
1778421182.6851554,0.5822097063064575,3.0881166458129883,0.019154513254761696,0.0,0.0018079322762787342,3.1435458660125732,176.9360504491803
1778421182.6861427,0.5822097063064575,3.0881166458129883,0.019208256155252457,0.054329661137203646,-0.0011292151175439358,3.1435458660125732,176.9360504491803
1778421182.6867824,0.5822097063064575,3.0881166458129883,0.019208256155252457,0.0,0.0014342028880491853,3.1435458660125732,176.9360504491803
1778421182.6873233,0.5822097063064575,3.0881166458129883,0.019154513254761696,-0.0993766624849644,0.0003049877705052495,3.1435458660125732,176.9360504491803
1778421182.6880648,0.5822097063064575,3.0881166458129883,0.019208256155252457,0.07246885171967297,0.00045049801701679826,3.1435458660125732,176.9360504491803
1778421182.6885114,0.5822097063064575,3.0881166458129883,0.019208256155252457,0.0,0.0003433721140027046,3.1435458660125732,176.9360504491803
1778421182.744058,0.5822097063064575,3.0881166458129883,0.019208256155252457,0.0,0.0035774800926446915,3.1415927410125732,176.9360504491803
1778421182.7445893,0.5822097063064575,3.0881166458129883,0.019208256155252457,0.0,-0.003692633006721735,3.1415927410125732,176.9360504491803
1778421182.74496,0.5822097063064575,3.0881166458129883,0.019208256155252457,0.0,-0.0010908307740464807,3.1415927410125732,176.9360504491803
1778421182.7468317,0.5822097063064575,3.0881166458129883,0.019209597259759903,0.0007165550942075571,0.0024179075844585896,3.1415927410125732,176.9360504491803
1778421182.7479305,0.5822097063064575,3.0881166458129883,0.019209597259759903,0.0,0.0036158645525574684,3.1415927410125732,176.9360504491803
1778421182.80501,0.5822097063064575,3.0881166458129883,0.01920894905924797,-1.1356199513548995e-05,-0.003272492438554764,3.1415927410125732,176.9360504491803
1778421182.8054187,0.5822097063064575,3.0881166458129883,0.01920894905924797,0.0,0.002151304390281439,3.1415927410125732,176.9360504491803
1778421182.8060443,0.5822097063064575,3.0881166458129883,0.01920894905924797,0.0,0.002082563005387783,3.1415927410125732,176.9360504491803
1778421182.8067153,0.5822097063064575,3.0881166458129883,0.019210290163755417,0.0020001558281124766,-0.0014725872315466404,3.1415927410125732,176.9360504491803
1778421182.807341,0.5822097063064575,3.0881166458129883,0.019156532362103462,-0.0859299911441732,-0.0014725872315466404,3.1415927410125732,176.9360504491803
1778421182.8082995,0.5822097063064575,3.0881166458129883,0.019046921283006668,-0.11427343540286185,-0.0015413288492709398,3.1415927410125732,176.9360504491803
1778421182.8639026,0.5822097063064575,3.0881166458129883,0.019046921283006668,0.0,0.0014342028880491853,3.1415927410125732,176.9360504491803
1778421182.8639553,0.5822097063064575,3.0881166458129883,0.019046921283006668,0.0,-0.0022584302350878716,3.1415927410125732,176.9360504491803
1778421182.8658404,0.5822097063064575,3.0881166458129883,0.019046921283006668,0.0,-0.0011292151175439358,3.1415927410125732,176.9360504491803
1778421182.8663702,0.5822097063064575,3.0881166458129883,0.019046921283006668,0.0,-0.0036158645525574684,3.1415927410125732,176.9360504491803
1778421182.86707,0.5822097063064575,3.0881166458129883,0.019046921283006668,0.0,-7.676864333916456e-05,3.1415927410125732,176.9360504491803
1778421182.8678193,0.5822097063064575,3.0881166458129883,0.018937312066555023,-0.14614562066517853,-0.0011292151175439358,3.1415927410125732,176.9360504491803
1778421182.9853046,0.5822097063064575,3.0881166458129883,0.019046921283006668,0.0009329722324839877,7.676864333916456e-05,3.1415927410125732,176.9360504491803
1778421182.9864743,0.5822097063064575,3.0881166458129883,0.018937312066555023,-0.09370711837841827,-0.00041211367351934314,3.1415927410125732,176.9360504491803
1778421182.9867053,0.5822097063064575,3.0881166458129883,0.018937312066555023,0.0,-0.00010712584480643272,3.1415927410125732,176.9360504491803
1778421182.987923,0.5822097063064575,3.0881166458129883,0.018937312066555023,0.0,-0.000373729330021888,3.1415927410125732,176.9360504491803
1778421182.988111,0.5822097063064575,3.0881166458129883,0.018935978412628174,-0.00702662693539303,-0.0003353449865244329,3.1415927410125732,176.9360504491803
1778421182.9889765,0.5822097063064575,3.0881166458129883,0.018935978412628174,0.0,3.838432166958228e-05,3.1415927410125732,176.9360504491803
1778421182.9896476,0.5822097063064575,3.0881166458129883,0.018936611711978912,0.000945364040750056,-0.0019230851903557777,3.1415927410125732,176.9360504491803
1778421182.9904222,0.5822097063064575,3.0881166458129883,0.018936611711978912,0.0,-0.0007171014440245926,3.1415927410125732,176.9360504491803
1778421182.991216,0.5822097063064575,3.0881166458129883,0.018935276195406914,-0.0016815872354160565,0.0013958185445517302,3.1415927410125732,176.9360504491803
1778421182.992094,0.5822097063064575,3.0881166458129883,0.018935276195406914,0.0,-0.004294581711292267,3.1415927410125732,176.9360504491803
1778421182.993032,0.5822097063064575,3.0881166458129883,0.018935276195406914,0.0,0.0003049877705052495,3.1415927410125732,176.9360504491803
1778421182.9939494,0.5822097063064575,3.0881166458129883,0.018936611711978912,0.0014557625584265582,0.0022584302350878716,3.1415927410125732,176.9360504491803
1778421182.994567,0.5822097063064575,3.0881166458129883,0.018936611711978912,0.0,0.0025937752798199654,3.1415927410125732,176.9360504491803
1778421183.0442228,0.5822097063064575,3.0881166458129883,0.018936611711978912,0.0,-0.003654248546808958,3.1415927410125732,176.9360504491803
1778421183.0448792,0.5822097063064575,3.0881166458129883,0.018935276195406914,-0.0020367798372289427,0.0013958185445517302,3.1415927410125732,176.9360504491803
1778421183.045011,0.5822097063064575,3.0881166458129883,0.018935276195406914,0.0,-0.0017695478163659573,3.1415927410125732,176.9360504491803
1778421183.0456405,0.5822097063064575,3.0881166458129883,0.018935276195406914,0.0,-0.0018847009632736444,3.1415927410125732,176.9360504491803
1778421183.0460877,0.5822097063064575,3.0881166458129883,0.018935276195406914,0.0,-0.0011292151175439358,3.1435458660125732,176.9360504491803
1778421183.1061616,0.5822097063064575,3.0881166458129883,0.018935276195406914,0.0,0.0007171014440245926,3.1435458660125732,176.9360504491803
1778421183.106245,0.5822097063064575,3.0881166458129883,0.018935276195406914,0.0,-0.0018463165033608675,3.1435458660125732,176.9360504491803
1778421183.1071584,0.5822097063064575,3.0881166458129883,0.018935276195406914,0.0,-0.0018463165033608675,3.1435458660125732,176.9360504491803
1778421183.1072192,0.5822097063064575,3.0881166458129883,0.018935276195406914,0.0,-0.00042014080099761486,3.1435458660125732,176.9360504491803
1778421183.1079822,0.5822097063064575,3.0881166458129883,0.018935276195406914,0.0,-0.002821994246914983,3.1435458660125732,176.9360504491803
1778421183.1080863,0.5822097063064575,3.0881166458129883,0.018935276195406914,0.0,0.003349261125549674,3.1435458660125732,176.9360504491803
1778421183.1661131,0.5822097063064575,3.0881166458129883,0.018935276195406914,0.0,-0.0010908307740464807,3.1435458660125732,176.9360504491803
1778421183.1666484,0.5822097063064575,3.0881166458129883,0.018935276195406914,0.0,0.0006706899730488658,3.1435458660125732,176.9360504491803
1778421183.1670234,0.5822097063064575,3.0881166458129883,0.018935276195406914,0.0,0.0032037508208304644,3.1435458660125732,176.9360504491803
1778421183.168081,0.5822097063064575,3.0881166458129883,0.018935276195406914,0.0,-0.0014342028880491853,3.1435458660125732,176.9360504491803
1778421183.1684573,0.5822097063064575,3.0881166458129883,0.018935276195406914,0.0,-0.0028684057760983706,3.1435458660125732,176.9360504491803
1778421183.1693501,0.5822097063064575,3.0881166458129883,0.018935276195406914,0.0,0.002525033662095666,3.1435458660125732,176.9360504491803
1778421183.2247934,0.5822097063064575,3.0881166458129883,0.01877191662788391,-0.002946415135059752,3.838432166958228e-05,3.1435458660125732,176.9360504491803
1778421183.225173,0.5822097063064575,3.0881166458129883,0.018825659528374672,0.14131711396234595,0.005058094393461943,3.1435458660125732,176.9360504491803
1778421183.2252069,0.5822097063064575,3.0881166458129883,0.01877191662788391,-1.5668484454057099,0.002753252862021327,3.1435458660125732,176.9360504491803
1778421183.2259417,0.5822097063064575,3.0881166458129883,0.018825659528374672,0.07318929625883995,-0.0003433721140027046,3.1435458660125732,176.9360504491803
1778421183.2265694,0.5822097063064575,3.0881166458129883,0.018825659528374672,0.0,-0.00038175645750015974,3.1454989910125732,176.9360504491803
1778421183.226613,0.5822097063064575,3.0881166458129883,0.018825659528374672,0.0,-0.002189688617363572,3.1435458660125732,176.9360504491803
1778421183.2842627,0.5822097063064575,3.0881166458129883,0.018825659528374672,0.0,-0.0018079322762787342,3.1415927410125732,176.9360504491803
1778421183.285082,0.5822097063064575,3.0881166458129883,0.018825659528374672,0.0,-0.0003049877705052495,3.1376864910125732,176.9360504491803
1778421183.285768,0.5822097063064575,3.0881166458129883,0.01877191662788391,-0.07837669805596424,-0.0025634178891777992,3.1376864910125732,176.9360504491803
1778421183.286606,0.5822097063064575,3.0881166458129883,0.01877191662788391,0.0,0.002143277321010828,3.1376864910125732,176.9360504491803
1778421183.2871642,0.5822097063064575,3.0881166458129883,0.01877191662788391,0.0,-0.0018847009632736444,3.1376864910125732,176.9360504491803
1778421183.2875965,0.5822097063064575,3.0881166458129883,0.01877191662788391,0.0,-0.0013958185445517302,3.1415927410125732,176.9360504491803
1778421183.344518,0.5822097063064575,3.0881166458129883,0.01877191662788391,0.0,0.0006787171005271375,3.1396396160125732,176.9360504491803
1778421183.3451052,0.5822097063064575,3.0881166458129883,0.01877191662788391,0.0,0.0021816615480929613,3.1396396160125732,176.9360504491803
1778421183.3452077,0.5822097063064575,3.0881166458129883,0.01877191662788391,0.0,0.00041211367351934314,3.1435458660125732,176.9360504491803
1778421183.3462362,0.5822097063064575,3.0881166458129883,0.01877191662788391,0.0,-0.001167599461041391,3.1435458660125732,176.9360504491803
1778421183.3471045,0.5822097063064575,3.0881166458129883,0.01877191662788391,0.0,0.0032805195078253746,3.1396396160125732,176.9360504491803
1778421183.3475773,0.5822097063064575,3.0881166458129883,0.01877191662788391,0.0,0.0022200457751750946,3.1396396160125732,176.9360504491803
1778421183.405912,0.5822097063064575,3.0881166458129883,0.01877191662788391,0.0,0.0018463165033608675,3.1454989910125732,176.9360504491803
1778421183.406507,0.5822097063064575,3.0881166458129883,0.01877191662788391,0.0,-0.0017695478163659573,3.1435458660125732,176.9360504491803
1778421183.4070387,0.5822097063064575,3.0881166458129883,0.01877191662788391,0.0,-0.0002969606430269778,3.1357333660125732,176.9360504491803
1778421183.4077742,0.5822097063064575,3.0881166458129883,0.01877191662788391,0.0,0.0035774800926446915,3.1415927410125732,176.9360504491803
1778421183.4078271,0.5822097063064575,3.0881166458129883,0.01877191662788391,0.0,0.0005272665875963867,3.1415927410125732,176.9360504491803
1778421183.4087632,0.5822097063064575,3.0881166458129883,0.01877191662788391,0.0,0.00041211367351934314,3.1435458660125732,176.9360504491803
1778421183.4657152,0.5822097063064575,3.0881166458129883,0.01877191662788391,0.0,0.0007171014440245926,3.1376864910125732,176.9360504491803
1778421183.466304,0.5822097063064575,3.0881166458129883,0.01877191662788391,0.0,-0.0029371471609920263,3.1474521160125732,176.9360504491803
1778421183.4663606,0.5822097063064575,3.0881166458129883,0.01877191662788391,0.0,-0.0007171014440245926,3.1415927410125732,176.9360504491803
1778421183.4674513,0.5822097063064575,3.0881166458129883,0.01877191662788391,0.0,0.002898762933909893,3.1396396160125732,176.9360504491803
1778421183.4675062,0.5822097063064575,3.0881166458129883,0.01877191662788391,0.0,-0.000793870072811842,3.1435458660125732,176.9360504491803
1778421183.4678552,0.5822097063064575,3.0881166458129883,0.01877191662788391,0.0,-0.0020665086340159178,3.1415927410125732,176.9360504491803
1778421183.525862,0.5822097063064575,3.0881166458129883,0.01877191662788391,0.0,0.000373729330021888,3.1435458660125732,176.9360504491803
1778421183.526518,0.5822097063064575,3.0881166458129883,0.01877191662788391,0.0,0.0007171014440245926,3.1415927410125732,176.9360504491803
1778421183.5266383,0.5822097063064575,3.0881166458129883,0.01877191662788391,0.0,0.0018463165033608675,3.1454989910125732,176.9360504491803
1778421183.5278885,0.5822097063064575,3.0881166458129883,0.01877191662788391,0.0,0.0028684057760983706,3.1415927410125732,176.9360504491803
1778421183.5280957,0.5822097063064575,3.0881166458129883,0.01877191662788391,0.0,0.0021816615480929613,3.1396396160125732,176.9360504491803
1778421183.528629,0.5822097063064575,3.0881166458129883,0.01877191662788391,0.0,-0.0010988579597324133,3.1396396160125732,176.9360504491803
1778421183.5856497,0.5822097063064575,3.0881166458129883,0.01877191662788391,0.0,-0.002525033662095666,3.1415927410125732,176.9360504491803
1778421183.5863671,0.5822097063064575,3.0881166458129883,0.01877191662788391,0.0,-0.00038175645750015974,3.1396396160125732,176.9360504491803
1778421183.5871093,0.5822097063064575,3.0881166458129883,0.01877191662788391,0.0,0.00045049801701679826,3.1396396160125732,176.9360504491803
1778421183.5876503,0.5822097063064575,3.0881166458129883,0.01877191662788391,0.0,-0.0017391906585544348,3.1396396160125732,176.9360504491803
1778421183.588405,0.5822097063064575,3.0881166458129883,0.01877191662788391,0.0,-3.838432166958228e-05,3.1357333660125732,176.9360504491803
1778421183.5891724,0.5822097063064575,3.0881166458129883,0.01877191662788391,0.0,-0.000373729330021888,3.1474521160125732,176.9360504491803
1778421183.6448371,0.5822097063064575,3.0881166458129883,0.01877191662788391,0.0,0.0024098807480186224,3.1396396160125732,176.9360504491803
1778421183.645739,0.5822097063064575,3.0881166458129883,0.01877191662788391,0.0,0.0028684057760983706,3.1396396160125732,176.9360504491803
1778421183.646167,0.5822097063064575,3.0881166458129883,0.01877191662788391,0.0,-0.0020361514762043953,3.1396396160125732,176.9360504491803
1778421183.6471574,0.5822097063064575,3.0881166458129883,0.01877191662788391,0.0,-0.00177757500205189,3.1435458660125732,176.9360504491803
1778421183.6476305,0.5822097063064575,3.0881166458129883,0.01877191662788391,0.0,0.0007171014440245926,3.1415927410125732,176.9360504491803
1778421183.647677,0.5822097063064575,3.0881166458129883,0.01877191662788391,0.0,0.005500565283000469,3.1435458660125732,176.9360504491803
1778421183.7060602,0.5822097063064575,3.0881166458129883,0.01877191662788391,0.0,0.0035774800926446915,3.1396396160125732,176.9360504491803
1778421183.7069314,0.5822097063064575,3.0881166458129883,0.01877191662788391,0.0,0.0018463165033608675,3.1435458660125732,176.9360504491803
1778421183.707724,0.5822097063064575,3.0881166458129883,0.01877191662788391,0.0,-4.6411529183387756e-05,3.1435458660125732,176.9360504491803
1778421183.7086163,0.5822097063064575,3.0881166458129883,0.01877191662788391,0.0,0.0,3.1376864910125732,176.9360504491803
1778421183.7094429,0.5822097063064575,3.0881166458129883,0.01877191662788391,0.0,0.0036158645525574684,3.1435458660125732,176.9360504491803
1778421183.7098675,0.5822097063064575,3.0881166458129883,0.01877191662788391,0.0,-7.676864333916456e-05,3.1396396160125732,176.9360504491803
1778421183.7668862,0.5822097063064575,3.0881166458129883,0.01877191662788391,0.0,0.00425619725137949,3.1396396160125732,176.9360504491803
1778421183.767049,0.5822097063064575,3.0881166458129883,0.018606536090373993,-1.0078034092096155,-7.676864333916456e-05,3.1396396160125732,176.9360504491803
1778421183.7678528,0.5822097063064575,3.0881166458129883,0.018606536090373993,0.0,-0.0018463165033608675,3.1435458660125732,176.9360504491803
1778421183.7686627,0.5822097063064575,3.0881166458129883,0.018606536090373993,0.0,0.0026401865761727095,3.1396396160125732,176.9360504491803
1778421183.7698662,0.5822097063064575,3.0881166458129883,0.018606536090373993,0.0,0.0051268357783555984,3.1435458660125732,176.9360504491803
1778421183.7707884,0.5822097063064575,3.0881166458129883,0.01871616207063198,0.11880999116476228,-0.0002969606430269778,3.1435458660125732,176.9360504491803
1778421183.8250437,0.5822097063064575,3.0881166458129883,0.01871616207063198,0.0,0.0024482649751007557,3.1435458660125732,176.9360504491803
1778421183.8257604,0.5822097063064575,3.0881166458129883,0.01871616207063198,0.0,0.00010712584480643272,3.1435458660125732,176.9360504491803
1778421183.8263044,0.5822097063064575,3.0881166458129883,0.018606536090373993,-0.20137027502477622,0.0010604736162349582,3.1435458660125732,176.9360504491803
1778421183.8268743,0.5822097063064575,3.0881166458129883,0.01871616207063198,0.19229255390130712,0.0032037508208304644,3.1435458660125732,176.9360504491803
1778421183.827486,0.5822097063064575,3.0881166458129883,0.01871616207063198,0.0,0.004745079670101404,3.1435458660125732,176.9360504491803
1778421183.828049,0.5822097063064575,3.0881166458129883,0.018714843317866325,-0.002342367220754308,0.0010140620870515704,3.1435458660125732,176.9360504491803
1778421183.8842108,0.5822097063064575,3.0881166458129883,0.018714843317866325,0.0,0.0032037508208304644,3.1435458660125732,176.9360504491803
1778421183.8848546,0.5822097063064575,3.0881166458129883,0.018769189715385437,0.084375712232754,0.0006787171005271375,3.1435458660125732,176.9360504491803
1778421183.8854976,0.5822097063064575,3.0881166458129883,0.018769189715385437,0.0,-0.0006019484717398882,3.1435458660125732,176.9360504491803
1778421183.885963,0.5822097063064575,3.0881166458129883,0.018878821283578873,0.23546299281642946,0.0007554857875220478,3.1435458660125732,176.9360504491803
1778421183.8862638,0.5822097063064575,3.0881166458129883,0.018878821283578873,0.0,-0.0003049877705052495,3.1435458660125732,176.9360504491803
1778421183.9460769,0.5822097063064575,3.0881166458129883,0.018823781982064247,-0.0009202019240283735,0.001167599461041391,3.1435458660125732,176.9360504491803
1778421183.946539,0.5822097063064575,3.0881166458129883,0.018714148551225662,-0.23699401345658946,0.001731163589283824,3.1435458660125732,176.9360504491803
1778421183.9476438,0.5822097063064575,3.0881166458129883,0.018714148551225662,0.0,-0.0007554857875220478,3.1435458660125732,176.9360504491803
1778421183.9481893,0.5822097063064575,3.0881166458129883,0.018714148551225662,0.0,0.0014645601622760296,3.1435458660125732,176.9360504491803
1778421183.9490385,0.5822097063064575,3.0881166458129883,0.018714148551225662,0.0,0.0026321597397327423,3.1435458660125732,176.9360504491803
1778421183.9498186,0.5822097063064575,3.0881166458129883,0.018714148551225662,0.0,0.00399762112647295,3.1435458660125732,176.9360504491803
1778421184.0062768,0.5822097063064575,3.0881166458129883,0.018714148551225662,0.0,0.005385412834584713,3.1474521160125732,176.9360504491803
1778421184.0070713,0.5822097063064575,3.0881166458129883,0.018714148551225662,0.0,0.005347028374671936,3.1415927410125732,176.9360504491803
1778421184.0077753,0.5822097063064575,3.0881166458129883,0.018714148551225662,0.0,0.0025634178891777992,3.1435458660125732,176.9360504491803
1778421184.007817,0.5822097063064575,3.0881166458129883,0.018714148551225662,0.0,0.0029371471609920263,3.1454989910125732,176.9360504491803
1778421184.008621,0.5822097063064575,3.0881166458129883,0.018714148551225662,0.0,0.0011292151175439358,3.1435458660125732,176.9360504491803
1778421184.008679,0.5822097063064575,3.0881166458129883,0.018714148551225662,0.0,-0.0018463165033608675,3.1435458660125732,176.9360504491803
1778421184.0661578,0.5822097063064575,3.0881166458129883,0.018714148551225662,0.0,0.001731163589283824,3.1415927410125732,176.9360504491803
1778421184.0667205,0.5822097063064575,3.0881166458129883,0.018714148551225662,0.0,0.00042014080099761486,3.1415927410125732,176.9360504491803
1778421184.067233,0.5822097063064575,3.0881166458129883,0.018714148551225662,0.0,0.0007171014440245926,3.1415927410125732,176.9360504491803
1778421184.0674634,0.5822097063064575,3.0881166458129883,0.018714148551225662,0.0,0.0017695478163659573,3.1415927410125732,176.9360504491803
1778421184.0682158,0.5822097063064575,3.0881166458129883,0.018714148551225662,0.0,0.0007171014440245926,3.1415927410125732,176.9360504491803
1778421184.069012,0.5822097063064575,3.0881166458129883,0.018714148551225662,0.0,-0.003959236666560173,3.1415927410125732,176.9360504491803
1778421184.1239092,0.5822097063064575,3.0881166458129883,0.018714148551225662,0.0,-0.004371350165456533,3.1415927410125732,176.9360504491803
1778421184.124938,0.5822097063064575,3.0881166458129883,0.018714148551225662,0.0,0.0036158645525574684,3.1415927410125732,176.9360504491803
1778421184.125626,0.5822097063064575,3.0881166458129883,0.018714148551225662,0.0,-0.0032037508208304644,3.1415927410125732,176.9360504491803
1778421184.1261475,0.5822097063064575,3.0881166458129883,0.018714148551225662,0.0,-0.0014725872315466404,3.1415927410125732,176.9360504491803
1778421184.1265707,0.5822097063064575,3.0881166458129883,0.018714148551225662,0.0,-0.0010908307740464807,3.1415927410125732,176.9360504491803
1778421184.1269667,0.5822097063064575,3.0881166458129883,0.018714148551225662,0.0,-0.001731163589283824,3.1415927410125732,176.9360504491803
1778421184.1851683,0.5822097063064575,3.0881166458129883,0.018714148551225662,0.0,-0.0007171014440245926,3.1415927410125732,176.9360504491803
1778421184.1858923,0.5822097063064575,3.0881166458129883,0.018714148551225662,0.0,-0.0003353449865244329,3.1415927410125732,176.9360504491803
1778421184.1859326,0.5822097063064575,3.0881166458129883,0.018714148551225662,0.0,-0.0007090744329616427,3.1415927410125732,176.9360504491803
1778421184.1863432,0.5822097063064575,3.0881166458129883,0.018714148551225662,0.0,0.0003433721140027046,3.1415927410125732,176.9360504491803
1778421184.1870205,0.5822097063064575,3.0881166458129883,0.018714148551225662,0.0,3.838432166958228e-05,3.1415927410125732,176.9360504491803
1778421184.1877265,0.5822097063064575,3.0881166458129883,0.018714148551225662,0.0,-0.004074389580637217,3.1415927410125732,176.9360504491803
1778421184.2457418,0.5822097063064575,3.0881166458129883,0.018714148551225662,0.0,0.0028684057760983706,3.1415927410125732,176.9360504491803
1778421184.245798,0.5822097063064575,3.0881166458129883,0.018714148551225662,0.0,-0.00038175645750015974,3.1415927410125732,176.9360504491803
1778421184.2466147,0.5822097063064575,3.0881166458129883,0.018714148551225662,0.0,-0.003989594057202339,3.1415927410125732,176.9360504491803
1778421184.2474077,0.5822097063064575,3.0881166458129883,0.018714148551225662,0.0,-0.0014725872315466404,3.1415927410125732,176.9360504491803
1778421184.2477756,0.5822097063064575,3.0881166458129883,0.018714148551225662,0.0,0.0,3.1415927410125732,176.9360504491803
1778421184.248402,0.5822097063064575,3.0881166458129883,0.018714148551225662,0.0,0.0007171014440245926,3.1415927410125732,176.9360504491803
1778421184.3048892,0.5822097063064575,3.0881166458129883,0.018714148551225662,0.0,-0.0022200457751750946,3.1415927410125732,176.9360504491803
1778421184.3058398,0.5822097063064575,3.0881166458129883,0.018714148551225662,0.0,-0.003882467746734619,3.1415927410125732,176.9360504491803
1778421184.3065677,0.5822097063064575,3.0881166458129883,0.01915115863084793,0.5999589333917434,-0.0007171014440245926,3.1415927410125732,176.9360504491803
1778421184.30714,0.5822097063064575,3.0881166458129883,0.01915115863084793,0.0,0.0006787171005271375,3.1415927410125732,176.9360504491803
1778421184.3078763,0.5822097063064575,3.0881166458129883,0.01915115863084793,0.0,0.0010524464305490255,3.1415927410125732,176.9360504491803
1778421184.3085241,0.5822097063064575,3.0881166458129883,0.01915115863084793,0.0,-0.0035774800926446915,3.1415927410125732,176.9360504491803
1778421184.3647425,0.5822097063064575,3.0881166458129883,0.01915115863084793,0.0,0.002898762933909893,3.1415927410125732,176.9360504491803
1778421184.3654914,0.5822097063064575,3.0881166458129883,0.01915115863084793,0.0,0.001022089272737503,3.1415927410125732,176.9360504491803
1778421184.3663545,0.5822097063064575,3.0881166458129883,0.01909743808209896,-0.06215497919293324,-0.00041211367351934314,3.1415927410125732,176.9360504491803
1778421184.3667798,0.5822097063064575,3.0881166458129883,0.01909743808209896,0.0,-0.00547020835801959,3.1415927410125732,176.9360504491803
1778421184.3671832,0.5822097063064575,3.0881166458129883,0.01909743808209896,0.0,-0.0010524464305490255,3.1415927410125732,176.9360504491803
1778421184.3679023,0.5822097063064575,3.0881166458129883,0.01909743808209896,0.0,0.0024562920443713665,3.1415927410125732,176.9360504491803
1778421184.4250805,0.5822097063064575,3.0881166458129883,0.01909743808209896,0.0,0.0007171014440245926,3.1415927410125732,176.9360504491803
1778421184.4251368,0.5822097063064575,3.0881166458129883,0.01909743808209896,0.0,-3.838432166958228e-05,3.1415927410125732,176.9360504491803
1778421184.4256983,0.5822097063064575,3.0881166458129883,0.018989140167832375,-0.19304441270518655,0.0010524464305490255,3.1415927410125732,176.9360504491803
1778421184.4261427,0.5822097063064575,3.0881166458129883,0.018989140167832375,0.0,-0.001022089272737503,3.1415927410125732,176.9360504491803
1778421184.4267368,0.5822097063064575,3.0881166458129883,0.018989140167832375,0.0,0.0008322544163092971,3.1415927410125732,176.9360504491803
1778421184.426954,0.5822097063064575,3.0881166458129883,0.018989140167832375,0.0,0.0012140108738094568,3.1415927410125732,176.9360504491803
1778421184.484452,0.5822097063064575,3.0881166458129883,0.018989140167832375,0.0,0.0010908307740464807,3.1415927410125732,176.9360504491803
1778421184.4850922,0.5822097063064575,3.0881166458129883,0.018989140167832375,0.0,-0.0018463165033608675,3.1415927410125732,176.9360504491803
1778421184.485538,0.5822097063064575,3.0881166458129883,0.018989140167832375,0.0,-0.0007171014440245926,3.1415927410125732,176.9360504491803
1778421184.485924,0.5822097063064575,3.0881166458129883,0.018989140167832375,0.0,-0.0010524464305490255,3.1415927410125732,176.9360504491803
1778421184.4862556,0.5822097063064575,3.0881166458129883,0.018989140167832375,0.0,-0.001022089272737503,3.1415927410125732,176.9360504491803
1778421184.5457356,0.5822097063064575,3.0881166458129883,0.018989140167832375,0.0,-0.0018079322762787342,3.1415927410125732,176.9360504491803
1778421184.5461953,0.5822097063064575,3.0881166458129883,0.019098764285445213,0.23784795069941073,0.003272492438554764,3.1415927410125732,176.9360504491803
1778421184.54829,0.5822097063064575,3.0881166458129883,0.019098764285445213,0.0,-0.003272492438554764,3.1415927410125732,176.9360504491803
1778421184.5483475,0.5822097063064575,3.0881166458129883,0.019098764285445213,0.0,-0.002228073077276349,3.1415927410125732,176.9360504491803
1778421184.5498626,0.5822097063064575,3.0881166458129883,0.019098764285445213,0.0,-0.0029755316209048033,3.1415927410125732,176.9360504491803
1778421184.5508182,0.5822097063064575,3.0881166458129883,0.01915249414741993,0.0562027842867324,0.0014725872315466404,3.1415927410125732,176.9360504491803
1778421184.551762,0.5822097063064575,3.0881166458129883,0.01915249414741993,0.0,-0.002104892861098051,3.1415927410125732,176.9360504491803
1778421184.605753,0.5822097063064575,3.0881166458129883,0.01915249414741993,0.0,0.0003049877705052495,3.1415927410125732,176.9360504491803
1778421184.6062922,0.5822097063064575,3.0881166458129883,0.019098764285445213,-0.0994997428892202,-0.0022664573043584824,3.1415927410125732,176.9360504491803
1778421184.6072233,0.5822097063064575,3.0881166458129883,0.019098764285445213,0.0,-0.0032805195078253746,3.1415927410125732,176.9360504491803
1778421184.607635,0.5822097063064575,3.0881166458129883,0.019098764285445213,0.0,0.001357434201054275,3.1415927410125732,176.9360504491803
1778421184.6084924,0.5822097063064575,3.0881166458129883,0.019098764285445213,0.0,-0.001022089272737503,3.1415927410125732,176.9360504491803
1778421184.6652164,0.5822097063064575,3.0881166458129883,0.019098764285445213,0.0,-0.0064762430265545845,3.1415927410125732,176.9360504491803
1778421184.666166,0.5822097063064575,3.0881166458129883,0.019098764285445213,0.0,0.0007554857875220478,3.1415927410125732,176.9360504491803
1778421184.6668885,0.5822097063064575,3.0881166458129883,0.01915249414741993,0.07436659088123217,-0.0002666034270077944,3.1415927410125732,176.9360504491803
1778421184.6674194,0.5822097063064575,3.0881166458129883,0.01915249414741993,0.0,0.0022584302350878716,3.1415927410125732,176.9360504491803
1778421184.6680892,0.5822097063064575,3.0881166458129883,0.01915249414741993,0.0,-0.003654248546808958,3.1415927410125732,176.9360504491803
1778421184.6689897,0.5822097063064575,3.0881166458129883,0.01915249414741993,0.0,7.676864333916456e-05,3.1415927410125732,176.9360504491803
1778421184.7255113,0.5822097063064575,3.0881166458129883,0.01915249414741993,0.0,0.0003353449865244329,3.1415927410125732,176.9360504491803
1778421184.726396,0.5822097063064575,3.0881166458129883,0.01915249414741993,0.0,-0.000373729330021888,3.1415927410125732,176.9360504491803
1778421184.7273617,0.5822097063064575,3.0881166458129883,0.01915249414741993,0.0,-0.0015493558021262288,3.1415927410125732,176.9360504491803
1778421184.728917,0.5822097063064575,3.0881166458129883,0.01915249414741993,0.0,-0.002601802349090576,3.1415927410125732,176.9360504491803
1778421184.729053,0.5822097063064575,3.0881166458129883,0.01915249414741993,0.0,0.0010524464305490255,3.1415927410125732,176.9360504491803
1778421184.730421,0.5822097063064575,3.0881166458129883,0.01915249414741993,0.0,-0.0032037508208304644,3.1415927410125732,176.9360504491803
1778421184.7850096,0.5822097063064575,3.0881166458129883,0.01915249414741993,0.0,-0.0026401865761727095,3.1415927410125732,176.9360504491803
1778421184.7850776,0.5822097063064575,3.0881166458129883,0.019262118265032768,1.5841634794048352,-0.0010604736162349582,3.1415927410125732,176.9360504491803
1778421184.7864764,0.5822097063064575,3.0881166458129883,0.019262118265032768,0.0,-0.0022200457751750946,3.1415927410125732,176.9360504491803
1778421184.786529,0.5822097063064575,3.0881166458129883,0.019262118265032768,0.0,-0.001167599461041391,3.1415927410125732,176.9360504491803
1778421184.7875135,0.5822097063064575,3.0881166458129883,0.019262118265032768,0.0,0.0006787171005271375,3.1415927410125732,176.9360504491803
1778421184.788326,0.5822097063064575,3.0881166458129883,0.019262118265032768,0.0,-0.0021129201631993055,3.1415927410125732,176.9360504491803
1778421184.8444924,0.5822097063064575,3.0881166458129883,0.019262118265032768,0.0,-0.0007171014440245926,3.1415927410125732,176.9360504491803
1778421184.8449552,0.5822097063064575,3.0881166458129883,0.019262118265032768,0.0,0.0015029443893581629,3.1415927410125732,176.9360504491803
1778421184.8458488,0.5822097063064575,3.0881166458129883,0.019262118265032768,0.0,-0.004783464130014181,3.1415927410125732,176.9360504491803
1778421184.8466575,0.5822097063064575,3.0881166458129883,0.019262118265032768,0.0,-0.0025634178891777992,3.1415927410125732,176.9360504491803
1778421184.8474216,0.5822097063064575,3.0881166458129883,0.019262118265032768,0.0,0.0006787171005271375,3.1415927410125732,176.9360504491803
1778421184.8476014,0.5822097063064575,3.0881166458129883,0.019262118265032768,0.0,0.0006787171005271375,3.1415927410125732,176.9360504491803
1778421184.9044726,0.5822097063064575,3.0881166458129883,0.019263453781604767,2.348350938131221e-05,0.003654248546808958,3.1415927410125732,176.9360504491803
1778421184.9049654,0.5822097063064575,3.0881166458129883,0.019263453781604767,0.0,-0.000747458660043776,3.1415927410125732,176.9360504491803
1778421184.9055142,0.5822097063064575,3.0881166458129883,0.019263453781604767,0.0,-3.838432166958228e-05,3.1415927410125732,176.9360504491803
1778421184.9059594,0.5822097063064575,3.0881166458129883,0.019263453781604767,0.0,0.0028603787068277597,3.1415927410125732,176.9360504491803
1778421184.9062939,0.5822097063064575,3.0881166458129883,0.019263453781604767,0.0,0.0029371471609920263,3.1415927410125732,176.9360504491803
1778421184.9069033,0.5822097063064575,3.0881166458129883,0.01915382780134678,-0.1798621543233634,-0.0035774800926446915,3.1415927410125732,176.9360504491803
1778421184.9660745,0.5822097063064575,3.0881166458129883,0.019263453781604767,0.0018527478768616636,-0.0022584302350878716,3.1415927410125732,176.9360504491803
1778421184.9661517,0.5822097063064575,3.0881166458129883,0.019263453781604767,0.0,-0.0007554857875220478,3.1415927410125732,176.9360504491803
1778421184.966724,0.5822097063064575,3.0881166458129883,0.019263453781604767,0.0,0.0018463165033608675,3.1415927410125732,176.9360504491803
1778421184.9675548,0.5822097063064575,3.0881166458129883,0.019263453781604767,0.0,0.0021816615480929613,3.1415927410125732,176.9360504491803
1778421184.9676712,0.5822097063064575,3.0881166458129883,0.019263453781604767,0.0,-0.0002969606430269778,3.1415927410125732,176.9360504491803
1778421184.9680033,0.5822097063064575,3.0881166458129883,0.019263453781604767,0.0,-0.0048581454902887344,3.1415927410125732,176.9360504491803
1778421185.0260124,0.5822097063064575,3.0881166458129883,0.019263453781604767,0.0,-0.0004888822440989316,3.1415927410125732,176.9360504491803
1778421185.0261216,0.5822097063064575,3.0881166458129883,0.019262798130512238,-0.005822833167093445,0.001961469417437911,3.1415927410125732,176.9360504491803
1778421185.027184,0.5822097063064575,3.0881166458129883,0.019264131784439087,0.0012559129232244841,-0.0021795746870338917,3.1415927410125732,176.9360504491803
1778421185.027611,0.5822097063064575,3.0881166458129883,0.019264131784439087,0.0,-0.004678424913436174,3.1415927410125732,176.9360504491803
1778421185.0849257,0.5822097063064575,3.0881166458129883,0.019262798130512238,-2.3269252307112926e-05,-0.0027553397230803967,3.1415927410125732,176.9360504491803
1778421185.0862048,0.5822097063064575,3.0881166458129883,0.019262798130512238,0.0,-0.002525033662095666,3.1415927410125732,176.9360504491803
1778421185.0871744,0.5822097063064575,3.0881166458129883,0.019262798130512238,0.0,0.002785696880891919,3.1415927410125732,176.9360504491803
1778421185.087242,0.5822097063064575,3.0881166458129883,0.019264131784439087,0.01921691410512437,-0.0004100268706679344,3.1415927410125732,176.9360504491803
1778421185.087795,0.5822097063064575,3.0881166458129883,0.019264131784439087,0.0,0.0037289306055754423,3.1415927410125732,176.9360504491803
1778421185.0883665,0.5822097063064575,3.0881166458129883,0.019262798130512238,-0.0023336026095364514,0.0008301676716655493,3.1415927410125732,176.9360504491803
1778421185.0885112,0.5822097063064575,3.0881166458129883,0.019263453781604767,0.004518615419855351,-0.0019230851903557777,3.1415927410125732,176.9360504491803
1778421185.08911,0.5822097063064575,3.0881166458129883,0.019263453781604767,0.0,-0.0008989091729745269,3.1415927410125732,176.9360504491803
1778421185.1457233,0.5822097063064575,3.0881166458129883,0.019263453781604767,0.0,-0.0019977670162916183,3.1415927410125732,176.9360504491803
1778421185.1462712,0.5822097063064575,3.0881166458129883,0.019262798130512238,-0.0011946995390054976,0.0009069363586604595,3.1415927410125732,176.9360504491803
1778421185.146832,0.5822097063064575,3.0881166458129883,0.019262798130512238,0.0,-0.0032805195078253746,3.1435458660125732,176.9360504491803
1778421185.2054346,0.5822097063064575,3.0881166458129883,0.019262798130512238,0.0,-0.0003049877705052495,3.1435458660125732,176.9360504491803
1778421185.2055573,0.5822097063064575,3.0881166458129883,0.019262798130512238,0.0,-0.00018983485642820597,3.1435458660125732,176.9360504491803
1778421185.2064419,0.5822097063064575,3.0881166458129883,0.019262798130512238,0.0,0.000747458660043776,3.1415927410125732,176.9360504491803
1778421185.2072225,0.5822097063064575,3.0881166458129883,0.019262798130512238,0.0,-0.001626124489121139,3.1454989910125732,176.9360504491803
1778421185.208079,0.5822097063064575,3.0881166458129883,0.019262798130512238,0.0,-0.0014725872315466404,3.1454989910125732,176.9360504491803
1778421185.2084987,0.5822097063064575,3.0881166458129883,0.019262798130512238,0.0,0.003547122934833169,3.1376864910125732,176.9360504491803
1778421185.2093067,0.5822097063064575,3.0881166458129883,0.019262798130512238,0.0,-0.0016927792457863688,3.1376864910125732,176.9360504491803
1778421185.2093527,0.5822097063064575,3.0881166458129883,0.019262798130512238,0.0,-0.002525033662095666,3.1435458660125732,176.9360504491803
1778421185.2098916,0.5822097063064575,3.0881166458129883,0.019262798130512238,0.0,0.001731163589283824,3.1435458660125732,176.9360504491803
1778421185.2648156,0.5822097063064575,3.0881166458129883,0.019262798130512238,0.0,0.0006867442280054092,3.1435458660125732,176.9360504491803
1778421185.2653725,0.5822097063064575,3.0881166458129883,0.019262798130512238,0.0,0.0002969606430269778,3.1415927410125732,176.9360504491803
1778421185.265994,0.5822097063064575,3.0881166458129883,0.019262798130512238,0.0,0.0020361514762043953,3.1396396160125732,176.9360504491803
1778421185.266405,0.5822097063064575,3.0881166458129883,0.019262798130512238,0.0,0.001731163589283824,3.1396396160125732,176.9360504491803
1778421185.2668912,0.5822097063064575,3.0881166458129883,0.019262798130512238,0.0,-0.00572878448292613,3.1415927410125732,176.9360504491803
1778421185.267392,0.5822097063064575,3.0881166458129883,0.019262798130512238,0.0,-0.0024482649751007557,3.1376864910125732,176.9360504491803
1778421185.3232055,0.5822097063064575,3.0881166458129883,0.019262798130512238,0.0,-0.0013958185445517302,3.1435458660125732,176.9360504491803
1778421185.3237455,0.5822097063064575,3.0881166458129883,0.019262798130512238,0.0,-0.0018079322762787342,3.1415927410125732,176.9360504491803
1778421185.3241713,0.5822097063064575,3.0881166458129883,0.019262798130512238,0.0,-0.0021129201631993055,3.1435458660125732,176.9360504491803
1778421185.3250408,0.5822097063064575,3.0881166458129883,0.019262798130512238,0.0,0.0005272665875963867,3.1415927410125732,176.9360504491803
1778421185.325435,0.5822097063064575,3.0881166458129883,0.019262798130512238,0.0,-0.002821994246914983,3.1415927410125732,176.9360504491803
1778421185.3263733,0.5822097063064575,3.0881166458129883,0.019262798130512238,0.0,-0.0015493558021262288,3.1435458660125732,176.9360504491803
1778421185.385403,0.5822097063064575,3.0881166458129883,0.019262798130512238,0.0,0.001731163589283824,3.1376864910125732,176.9360504491803
1778421185.386174,0.5834528803825378,3.0877606868743896,0.019262798130512238,0.0,-0.03949948027729988,3.1904208660125732,176.91565550431866
1778421185.3866308,0.5874921083450317,3.087451219558716,0.019262798130512238,0.0,-0.026579774916172028,3.1689364910125732,176.8979243332333
1778421185.3872025,0.5931239128112793,3.0872650146484375,0.019262798130512238,0.0,-0.0158975999802351,3.1513583660125732,176.88725557774976
1778421185.3875551,0.5970926284790039,3.087099313735962,0.019262798130512238,0.0,-0.018279142677783966,3.1513583660125732,176.87776161480343
1778421185.3875883,0.5984524488449097,3.086836814880371,0.019262798130512238,0.0,-0.02337423339486122,3.1494052410125732,176.86272153825107
1778421185.4452965,0.5987894535064697,3.086665153503418,0.019262798130512238,0.0,-0.012773143127560616,3.1474521160125732,176.85288606584623
1778421185.4454882,0.5990509986877441,3.086585521697998,0.019262798130512238,0.0,0.002626327332109213,3.1454989910125732,176.84832349948067
1778421185.44634,0.598798394203186,3.08685040473938,0.019283238798379898,0.02401112188207735,0.01498583797365427,3.1454989910125732,176.86350017981644
1778421185.4467423,0.5977258086204529,3.0871012210845947,0.019245725125074387,-0.09324800550505852,0.012705175206065178,3.1454989910125732,176.87787089783015
1778421185.4478083,0.5958088040351868,3.0872697830200195,0.019245725125074387,0.0,0.012267842888832092,3.1298739910125732,176.88752878531653
1778421185.5045903,0.5939682722091675,3.0873465538024902,0.019245725125074387,0.0,0.008464239537715912,3.1337802410125732,176.89192742714204
1778421185.5050619,0.5931413173675537,3.087390661239624,0.019245725125074387,0.0,0.0032501190435141325,3.1396396160125732,176.89445459713494
1778421185.5055516,0.5934199094772339,3.087437391281128,0.01938406378030777,0.28220859478491667,-0.001709072501398623,3.1396396160125732,176.89713203128957
1778421185.506005,0.5939682722091675,3.0873465538024902,0.01938052289187908,-0.00780791291774346,0.0017819744534790516,3.1396396160125732,176.89192742714204
1778421185.5065439,0.5941800475120544,3.087425947189331,0.019382670521736145,0.003985210350378471,0.0009119715541601181,3.1396396160125732,176.89647633312927
1778421185.5072799,0.5939856767654419,3.087472438812256,0.01933307759463787,-0.06738169293181859,-0.00037648435682058334,3.1396396160125732,176.89914010690558
1778421185.5653846,0.5936316847801208,3.0875167846679688,0.019386962056159973,0.0009273811487083063,-0.0022035804577171803,3.1396396160125732,176.9016809372768
1778421185.565711,0.5937244296073914,3.0875515937805176,0.019386209547519684,-0.002298438189204772,0.0009949504164978862,3.1396396160125732,176.90367535251445
1778421185.5660224,0.5940030813217163,3.0875983238220215,0.01938481628894806,-0.0044813719109009055,0.0017102195415645838,3.1396396160125732,176.9063527866691
1778421185.5668898,0.5943076014518738,3.0877127647399902,0.01938481628894806,0.0,0.0008748940890654922,3.1396396160125732,176.9129097682723
1778421185.567438,0.5945194959640503,3.08779239654541,0.019386209547519684,0.00254058827525304,0.0009079114533960819,3.1396396160125732,176.9174723346379
1778421185.567848,0.5945194959640503,3.08779239654541,0.019386209547519684,0.0,-0.00012963893823325634,3.1435458660125732,176.9174723346379
1778421185.6256957,0.5945194959640503,3.08779239654541,0.019386209547519684,0.0,-0.0024447827599942684,3.1396396160125732,176.9174723346379
1778421185.625768,0.5946295261383057,3.0879533290863037,0.019386209547519684,0.0,-0.002144580241292715,3.1415927410125732,176.9266930900174
1778421185.6271071,0.594823956489563,3.087906837463379,0.019386209547519684,0.0,-0.000659323064610362,3.1415927410125732,176.9240293162411
1778421185.6271634,0.5949082374572754,3.0880000591278076,0.019386209547519684,0.0,0.0014739090111106634,3.1415927410125732,176.92937052417204
1778421185.62779,0.5951027870178223,3.087953567504883,0.019386209547519684,0.0,0.0010138758225366473,3.1435458660125732,176.92670675039574
1778421185.6279664,0.5951460003852844,3.0881474018096924,0.019386209547519684,0.0,-0.001749047078192234,3.1415927410125732,176.93781263798618
1778421185.6844692,0.5953404903411865,3.0881009101867676,0.019386209547519684,0.0,0.0008848829893395305,3.1396396160125732,176.93514886420988
1778421185.684758,0.5954247713088989,3.0881941318511963,0.019386209547519684,0.0,-0.0005032436456531286,3.1396396160125732,176.94049007214082
1778421185.6855903,0.5954247713088989,3.0881941318511963,0.019386209547519684,0.0,-0.0009330653701908886,3.1415927410125732,176.94049007214082
1778421185.6864226,0.5956366062164307,3.088273763656616,0.019386209547519684,0.0,0.0023394268937408924,3.1396396160125732,176.94505263850638
1778421185.687309,0.5956625938415527,3.088341474533081,0.019386209547519684,0.0,0.001789690344594419,3.1435458660125732,176.94893218595496
1778421185.6883404,0.5957468748092651,3.088434934616089,0.019386209547519684,0.0,-0.0035418597981333733,3.1376864910125732,176.95428705426426
1778421185.744766,0.595941424369812,3.088388442993164,0.019386209547519684,0.0,-0.002293907105922699,3.1376864910125732,176.95162328048795
1778421185.7453556,0.5959587097167969,3.088514566421509,0.019386209547519684,0.0,0.001639620866626501,3.1435458660125732,176.95884962062982
1778421185.7459116,0.5959845781326294,3.0885822772979736,0.019386209547519684,0.0,-0.0014371126890182495,3.1435458660125732,176.9627291680784
1778421185.746406,0.5959845781326294,3.0885822772979736,0.019386209547519684,0.0,0.0037393453530967236,3.1357333660125732,176.9627291680784
1778421185.7464497,0.5957231521606445,3.0886614322662354,0.019386209547519684,0.0,0.0053362310864031315,3.1396396160125732,176.96726441368727
1778421185.7473066,0.5951744318008423,3.088752031326294,0.019386209547519684,0.0,0.004333028569817543,3.1337802410125732,176.97245535745648
1778421185.804169,0.5944399833679199,3.0888304710388184,0.019386209547519684,0.0,0.004793030209839344,3.1415927410125732,176.97694962193034
1778421185.804802,0.5938244462013245,3.0889532566070557,0.019386209547519684,0.0,0.0054413918405771255,3.1337802410125732,176.98398471677547
1778421185.8052485,0.5933430194854736,3.089010715484619,0.019386209547519684,0.0,0.006013060919940472,3.1103427410125732,176.98727686795542
1778421185.806173,0.5924407243728638,3.089144229888916,0.019386209547519684,0.0,0.008300285786390305,3.0595614910125732,176.99492667982582
1778421185.8068311,0.5918323993682861,3.089097261428833,0.019386209547519684,0.0,-0.0017053410410881042,3.0224521160125732,176.99223558529283
1778421185.8075163,0.5922873020172119,3.0890445709228516,0.019386209547519684,0.0,-0.009168952703475952,2.9990146160125732,176.9892166416797
1778421185.8633192,0.5934785008430481,3.088857889175415,0.019386209547519684,0.0,-0.019625559449195862,3.1298739910125732,176.97852056543945
1778421185.863994,0.5947546362876892,3.088583469390869,0.019386209547519684,0.0,-0.029747262597084045,3.1142489910125732,176.96279746997007
1778421185.8658469,0.5937512516975403,3.0887365341186523,0.019386209547519684,0.0,0.016402559354901314,3.1064364910125732,176.9715674328644
1778421185.866162,0.5918697118759155,3.0888514518737793,0.019386209547519684,0.0,0.0172562338411808,3.1220614910125732,176.97815173522426
1778421185.866298,0.5888519287109375,3.0889980792999268,0.019386209547519684,0.0,0.00913722813129425,3.1181552410125732,176.98655286790338
1778421185.8673594,0.5846078395843506,3.0891475677490234,0.019386209547519684,0.0,0.02130945399403572,3.1162021160125732,176.99511792512257
1778421185.9240234,0.5798067450523376,3.089256763458252,0.019386209547519684,0.0,0.032384514808654785,3.1376864910125732,177.00137437840232
1778421185.9242482,0.5740655064582825,3.0897059440612793,0.019386209547519684,0.0,0.04074816778302193,3.1611239910125732,177.02711053119492
1778421185.9249153,0.5655063390731812,3.0903050899505615,0.019386209547519684,0.0,0.0710287094116211,3.2626864910125732,177.0614390619634
1778421185.9255247,0.5557547807693481,3.09177827835083,0.019386209547519684,0.0,0.14673398435115814,3.3251864910125732,177.14584653972642
1778421185.9260316,0.5491437315940857,3.0940725803375244,0.019386209547519684,0.0,0.23581033945083618,3.3232333660125732,177.2773003604925
1778421185.9269385,0.5450453758239746,3.0970075130462646,0.019386209547519684,0.0,0.3014325499534607,3.3212802410125732,177.4454596178582
1778421185.9856384,0.5423434972763062,3.1001627445220947,0.019386209547519684,0.0,0.32558026909828186,3.3154208660125732,177.6262410648101
1778421185.9866729,0.5396407246589661,3.103529453277588,0.019386209547519684,0.0,0.34585845470428467,3.2997958660125732,177.8191392673496
1778421185.987358,0.535618007183075,3.1067137718200684,0.019386209547519684,0.0,0.332363486289978,3.3037021160125732,178.00158728045898
1778421186.0451937,0.52996826171875,3.109828233718872,0.019386209547519684,0.0,0.3198695778846741,3.3349521160125732,178.18003280271475
1778421186.0459437,0.5234875679016113,3.1127774715423584,0.019386209547519684,0.0,0.3096510171890259,3.3681552410125732,178.34901168278085
1778421186.0466025,0.5165195465087891,3.1158699989318848,0.019386209547519684,0.0,0.31796565651893616,3.3994052410125732,178.5262004502293
1778421186.0470417,0.5104219913482666,3.119062662124634,0.019386209547519684,0.0,0.3337579667568207,3.4228427410125732,178.70912657658062
1778421186.0480013,0.5056724548339844,3.1226508617401123,0.019386209547519684,0.0,0.3626629710197449,3.4072177410125732,178.91471527059798
1778421186.048566,0.5018888115882874,3.126145839691162,0.019386209547519684,0.0,0.3644602298736572,3.3798739910125732,179.11496275668443
1778421186.0495415,0.4983794391155243,3.129678964614868,0.019386209547519684,0.0,0.34475278854370117,3.3681552410125732,179.31739590330525
1778421186.0506918,0.4943985641002655,3.132946491241455,0.019386209547519684,0.0,0.3322770893573761,3.3622958660125732,179.50461138845532
1778421186.0514228,0.49029475450515747,3.1362624168395996,0.019386209547519684,0.0,0.32596316933631897,3.3564364910125732,179.69459993040837
1778421186.1057684,0.4860943853855133,3.1393587589263916,0.019386209547519684,0.0,0.31449130177497864,3.3564364910125732,179.8720072639103
1778421186.1064348,0.48143288493156433,3.14247727394104,0.019386209547519684,0.0,0.32177749276161194,3.3779208660125732,180.05068501259782
1778421186.1068225,0.47387561202049255,3.1490352153778076,0.019386209547519684,0.0,0.32699790596961975,3.3876864910125732,180.42642737921858
1778421186.107564,0.47387561202049255,3.1490352153778076,0.019386209547519684,0.0,0.343313992023468,3.4072177410125732,180.42642737921858
1778421186.108192,0.46699434518814087,3.1563150882720947,0.019386209547519684,0.0,0.3648220896720886,3.4306552410125732,180.8435333714529
1778421186.108238,0.46421799063682556,3.1600112915039062,0.019386209547519684,0.0,0.3881503939628601,3.4384677410125732,181.05531021685832
1778421186.1638374,0.46143457293510437,3.1639740467071533,0.019386209547519684,0.0,0.40520650148391724,3.4579989910125732,181.28235936524788
1778421186.1643238,0.45867761969566345,3.1681528091430664,0.019386209547519684,0.0,0.41494113206863403,3.4658114910125732,181.52178481641351
1778421186.164821,0.4558449685573578,3.1725192070007324,0.019386209547519684,0.0,0.4393903613090515,3.4775302410125732,181.77196098533275
1778421186.1650102,0.4531497657299042,3.177084445953369,0.019386209547519684,0.0,0.45333901047706604,3.4990146160125732,182.03352990978755
1778421186.1662908,0.45022323727607727,3.181764841079712,0.019386209547519684,0.0,0.4732084572315216,3.4970614910125732,182.3016967969806
1778421186.2249694,0.4470323622226715,3.1862804889678955,0.019386209547519684,0.0,0.48124825954437256,3.5029208660125732,182.56042436274066
1778421186.2258213,0.44349536299705505,3.191174268722534,0.019386209547519684,0.0,0.48036810755729675,3.5068271160125732,182.84081728854804
1778421186.2264752,0.4402219355106354,3.196107864379883,0.019386209547519684,0.0,0.49836835265159607,3.5204989910125732,183.1234914975382
1778421186.226518,0.4367501139640808,3.2011024951934814,0.019386209547519684,0.0,0.5088087916374207,3.4970614910125732,183.40966276338338
1778421186.2272985,0.4329585134983063,3.205880641937256,0.019386209547519684,0.0,0.5102739930152893,3.4814364910125732,183.68343040569582
1778421186.2274294,0.4290899932384491,3.210810899734497,0.019386209547519684,0.0,0.501861035823822,3.4794833660125732,183.96591336938923
1778421186.2281718,0.42463621497154236,3.215641498565674,0.019386209547519684,0.0,0.4970553517341614,3.4833896160125732,184.24268629493648
1778421186.2844143,0.42023956775665283,3.220672130584717,0.019386209547519684,0.0,0.5000123381614685,3.5029208660125732,184.530920277911
1778421186.2851677,0.4158996343612671,3.2257325649261475,0.019386209547519684,0.0,0.5141596794128418,3.5244052410125732,184.82086180817805
1778421186.28553,0.41116997599601746,3.2309629917144775,0.019386209547519684,0.0,0.526057243347168,3.5165927410125732,185.12054318820154
1778421186.28603,0.40618959069252014,3.2362492084503174,0.019386209547519684,0.0,0.5454131364822388,3.5439364910125732,185.42342109675658
1778421186.2860727,0.40103116631507874,3.241799831390381,0.019386209547519684,0.0,0.5409297943115234,3.5419833660125732,185.74144836489072
1778421186.3443992,0.396236777305603,3.2472944259643555,0.019386209547519684,0.0,0.5688135027885437,3.5732333660125732,186.05626544411493
1778421186.3452883,0.39129623770713806,3.2530484199523926,0.019386209547519684,0.0,0.5677565336227417,3.5654208660125732,186.38594501497312
1778421186.3458216,0.38640645146369934,3.2587974071502686,0.019386209547519684,0.0,0.5871142148971558,3.5556552410125732,186.71533771788614
1778421186.3465075,0.3817629814147949,3.264475107192993,0.17420700192451477,225.81795494908803,0.592276930809021,3.5556552410125732,187.04064596767552
1778421186.346909,0.37678319215774536,3.2700071334838867,0.1797008514404297,13.68672024990721,0.580952525138855,3.5556552410125732,187.35760772629914
1778421186.3474603,0.37145182490348816,3.275682210922241,0.1875646859407425,14.261578510669294,0.5773837566375732,3.5556552410125732,187.68276571192675
1778421186.4040391,0.36638790369033813,3.2812538146972656,0.1929500699043274,0.09518495609746787,0.5784528255462646,3.5556552410125732,188.00199509335482
1778421186.4051166,0.36156561970710754,3.286654472351074,0.19564640522003174,2.50332868814112,0.5673163533210754,3.5556552410125732,188.31142998351308
1778421186.405778,0.3569188416004181,3.2920048236846924,0.19564640522003174,0.0,0.5627300143241882,3.5615146160125732,188.61798253384157
1778421186.4062202,0.3529425859451294,3.297121286392212,0.19564640522003174,0.0,0.5464978218078613,3.5400302410125732,188.91113425301853
1778421186.4066863,0.3487515449523926,3.301720142364502,0.21004356443881989,30.88193745860258,0.5251079797744751,3.5400302410125732,189.17462929081927
1778421186.4073396,0.34411942958831787,3.306039333343506,0.2158290147781372,8.851668204755422,0.4770021438598633,3.5400302410125732,189.4221007048272
1778421186.465803,0.3396734595298767,3.3098690509796143,0.21957248449325562,0.064032857653421,0.4421861171722412,3.5400302410125732,189.641527362103
1778421186.4668229,0.3360559642314911,3.313483238220215,0.22131358087062836,1.7057865925351112,0.4014154076576233,3.3759677410125732,189.84860503735945
1778421186.4674048,0.3328525424003601,3.3167295455932617,0.2269614189863205,9.699189935862114,0.36826401948928833,3.3759677410125732,190.03460474883724
1778421186.4682717,0.32994312047958374,3.3194820880889893,0.2280419021844864,1.246088344139052,0.33337101340293884,3.3759677410125732,190.19231381677284
1778421186.4694524,0.32670527696609497,3.3216185569763184,0.2280419021844864,0.0,0.279509574174881,3.2939364910125732,190.3147244670778
1778421186.4695013,0.323931485414505,3.3233978748321533,0.2280419021844864,0.0,0.23481056094169617,3.2490146160125732,190.41667187062941
1778421186.5245578,0.32109686732292175,3.324476957321167,0.23206600546836853,0.07309268739151083,0.17336039245128632,3.2490146160125732,190.47849874299638
1778421186.5254729,0.3183728754520416,3.325089931488037,0.2323848307132721,0.3480624871936,0.11398071050643921,3.2490146160125732,190.5136195757086
1778421186.5263247,0.31647998094558716,3.3250386714935303,0.23203393816947937,-0.41223278592351104,0.059239692986011505,3.2490146160125732,190.51068259436548
1778421186.5270474,0.3150971531867981,3.324594259262085,0.23133601248264313,-0.9650521029791063,-0.04920697957277298,3.2490146160125732,190.48521964913968
1778421186.527167,0.31399452686309814,3.323639154434204,0.2299657166004181,-11.362321974311403,-0.11056294292211533,3.2490146160125732,190.43049617350954
1778421186.52747,0.31370583176612854,3.3222784996032715,0.228092759847641,-6.193639985428836,-0.16734649240970612,3.2490146160125732,190.352536394323
1778421186.5848086,0.3138926923274994,3.320348024368286,0.22567488253116608,-0.042168993508295845,-0.22366060316562653,3.2490146160125732,190.2419283109038
1778421186.5853357,0.3143860399723053,3.3180620670318604,0.22286438941955566,-5.325929698338275,-0.2728746235370636,3.2490146160125732,190.11095260337964
1778421186.5861497,0.3152036964893341,3.31530499458313,0.21922756731510162,-4.46893845584116,-0.32079625129699707,3.2490146160125732,189.9529839882556
1778421186.5862086,0.3160072863101959,3.3117902278900146,0.21566151082515717,-59.83317446675522,-0.37607628107070923,3.2490146160125732,189.75160269076693
1778421186.587407,0.3170929253101349,3.307945966720581,0.2114429473876953,-3.5248691719841103,-0.4113931357860565,3.2490146160125732,189.53134275041236
1778421186.5874724,0.3201456665992737,3.303368330001831,0.207225039601326,-62.95383308218616,-0.47784531116485596,3.2490146160125732,189.26906348628387
1778421186.64407,0.3234249949455261,3.298429489135742,0.2023027539253235,-0.08697247817912851,-0.5100671052932739,3.2490146160125732,188.98608874897025
1778421186.644442,0.32752910256385803,3.293187141418457,0.19198551774024963,-27.623120767331212,-0.538783609867096,3.2490146160125732,188.68572435002977
1778421186.6453433,0.33146220445632935,3.2875940799713135,0.18672803044319153,-5.8364646444673705,-0.5722322463989258,3.2490146160125732,188.3652655345511
1778421186.6461544,0.3353940546512604,3.2817435264587402,0.18672803044319153,0.0,-0.6049484014511108,2.6454989910125732,188.03005351046522
1778421186.64677,0.3389166593551636,3.275547981262207,0.18071605265140533,-9.770807405910267,-0.6345568299293518,2.6454989910125732,187.67507491892133
1778421186.6476028,0.3424064815044403,3.2692623138427734,0.16868506371974945,-14.439497041657809,-0.649196207523346,2.6454989910125732,187.31493270436488
1778421186.7053273,0.34616604447364807,3.2629880905151367,0.1627337634563446,-0.10310155732646668,-0.6510725617408752,2.6454989910125732,186.9554461879688
1778421186.7061834,0.3498058617115021,3.2566070556640625,0.1627337634563446,0.0,-0.6620931029319763,2.6220614910125732,186.58983982207633
1778421186.7069812,0.3533383011817932,3.250147581100464,0.15643766522407532,-7.891825099773094,-0.6589100956916809,2.6220614910125732,186.21973919171003
1778421186.7070627,0.3569868803024292,3.2437992095947266,0.15055863559246063,-70.66141958142252,-0.6545279026031494,2.6220614910125732,185.85600429765017
1778421186.7077484,0.3606373071670532,3.237537145614624,0.14449681341648102,-8.853252723898759,-0.6462391018867493,2.6220614910125732,185.4972144605494
1778421186.7079737,0.36426565051078796,3.231289863586426,0.1386130452156067,-26.034372138311188,-0.642823338508606,2.6220614910125732,185.1392715669057
1778421186.7648938,0.3683633804321289,3.225226879119873,0.13275879621505737,-0.10285173923111897,-0.6349323391914368,2.6220614910125732,184.79188814571887
1778421186.765512,0.37233906984329224,3.219052791595459,0.12690822780132294,-9.453172458606396,-0.6287460327148438,2.6220614910125732,184.43813898822555
1778421186.7661989,0.3764418363571167,3.2130911350250244,0.12128914147615433,-8.186314720619334,-0.6106888651847839,2.6220614910125732,184.09656122783323
1778421186.7666981,0.3803108036518097,3.2072300910949707,0.11583517491817474,-10.918851532015086,-0.6093072295188904,2.6220614910125732,183.76074814710037
1778421186.7675674,0.3837904632091522,3.201345682144165,0.11037670820951462,-6.285659666956185,-0.610464334487915,2.6220614910125732,183.4235963492902
1778421186.7684786,0.3876815140247345,3.19538950920105,0.1048164814710617,-6.096071292481269,-0.6124144196510315,2.6220614910125732,183.08233277759967
1778421186.8249748,0.3920101821422577,3.1894302368164062,0.09912251681089401,-0.10078634119157516,-0.6280376315116882,2.6220614910125732,182.74089162099074
1778421186.8260646,0.3960820138454437,3.183502674102783,0.09352947771549225,-5.1354688310160945,-0.64607173204422,2.6220614910125732,182.40126729470103
1778421186.8273368,0.39946240186691284,3.177321672439575,0.08755917102098465,-4.689213540303354,-0.654967188835144,2.6220614910125732,182.04712198623588
1778421186.8273888,0.4028121531009674,3.1710500717163086,0.08156207948923111,-112.93958351374786,-0.6645314693450928,2.6220614910125732,181.6877857340015
1778421186.8282504,0.40590938925743103,3.164398431777954,0.07552514970302582,-7.010718767627996,-0.6747432947158813,2.6220614910125732,181.30667483869314
1778421186.8283026,0.40831002593040466,3.1579110622406006,0.06958819180727005,-112.22977601064242,-0.6801152229309082,2.6220614910125732,180.93497594406105
1778421186.8851104,0.41006678342819214,3.1512882709503174,0.06339789181947708,-0.10897245172672423,-0.6803939938545227,2.6220614910125732,180.5555179545318
1778421186.8858018,0.4122077226638794,3.144941806793213,0.05758621543645859,-8.398376258609234,-0.6604883670806885,2.6220614910125732,180.19189234349867
1778421186.886619,0.4150686264038086,3.1387462615966797,0.051877543330192566,-6.981377178881034,-0.633482813835144,2.6220614910125732,179.83691375195477
1778421186.8874075,0.4184703528881073,3.1329729557037354,0.046548567712306976,-6.76180126895802,-0.597920298576355,2.6220614910125732,179.50612769045105
1778421186.9443707,0.42160502076148987,3.127267360687256,0.041135385632514954,-0.0950292921692493,-0.5806965231895447,2.6220614910125732,179.1792211763959
1778421186.9449654,0.42464232444763184,3.1218667030334473,0.036219559609889984,-8.261892607939995,-0.5747932195663452,2.6220614910125732,178.86978628623766
1778421186.9458091,0.42751219868659973,3.1165590286254883,0.031070835888385773,-6.1018295368838285,-0.5600309371948242,2.6220614910125732,178.565678943632
1778421186.9462986,0.43023714423179626,3.1114163398742676,0.026463378220796585,-9.416426860938056,-0.5435899496078491,2.6220614910125732,178.27102458283764
1778421186.946584,0.43229183554649353,3.1062657833099365,0.01730119250714779,-32.10296106470656,-0.5274059772491455,2.6220614910125732,177.97591942955808
1778421186.9469352,0.4355723559856415,3.1022298336029053,0.01730119250714779,0.0,-0.4133146405220032,3.3154208660125732,177.74467654501814
1778421186.9474049,0.4482109546661377,3.101410150527954,0.01665574498474598,-1.3750479974499736,-0.0929655209183693,3.3154208660125732,177.69771216428512
1778421186.948101,0.4580506384372711,3.100851535797119,0.016601430252194405,-0.07800478551735224,-0.048978421837091446,3.3154208660125732,177.66570589783444
1778421187.0052345,0.4648887515068054,3.1006317138671875,0.016616499051451683,0.00026375133040427675,-0.024335656315088272,3.3154208660125732,177.65311102900492
1778421187.0062284,0.4685876965522766,3.1005187034606934,0.016616499051451683,0.0,-0.0123489610850811,3.1415927410125732,177.64663600967177
1778421187.006312,0.47094741463661194,3.1003527641296387,0.016616499051451683,0.0,-0.021350398659706116,3.1494052410125732,177.63712838634711
1778421187.0073721,0.47219809889793396,3.1001193523406982,0.016616499051451683,0.0,-0.016294915229082108,3.1650302410125732,177.62375487595222
1778421187.0074403,0.4730147123336792,3.1001265048980713,0.016616499051451683,0.0,-0.00029708072543144226,3.1884677410125732,177.62416468730243
1778421187.0650127,0.47398295998573303,3.1001012325286865,0.016616499051451683,0.0,-0.012356981635093689,3.1982333660125732,177.62271668719836
1778421187.0659328,0.47537437081336975,3.099971055984497,0.016616499051451683,0.0,-0.015213578939437866,3.2353427410125732,177.61525812062473
1778421187.067072,0.4767650365829468,3.0997631549835205,0.016616499051451683,0.0,-0.013550691306591034,3.2490146160125732,177.60334627071222
1778421187.0675383,0.4770110249519348,3.099745512008667,0.016616499051451683,0.0,0.00189884752035141,3.2177646160125732,177.60233540271506
1778421187.0690303,0.4758184850215912,3.0998876094818115,0.016616499051451683,0.0,0.003593944013118744,3.1708896160125732,177.6104769882057
1778421187.0698876,0.4725525379180908,3.09995698928833,0.016616499051451683,0.0,0.004467174410820007,3.0927646160125732,177.61445215830267
1778421187.125255,0.46821171045303345,3.0997323989868164,0.014872652478516102,-0.03149619308941257,-0.02513371966779232,3.0927646160125732,177.60158408190637
1778421187.1261282,0.46284085512161255,3.0987980365753174,0.013758854940533638,-1.2743679065864266,-0.08210539817810059,3.0927646160125732,177.54804905919178
1778421187.1261852,0.45842617750167847,3.097625970840454,0.012296062894165516,-25.307819312555484,-0.12909847497940063,3.0927646160125732,177.48089463927224
1778421187.127028,0.45499929785728455,3.096372127532959,0.012296062894165516,0.0,-0.1312258541584015,2.9794833660125732,177.40905470958202
1778421187.1275592,0.45258599519729614,3.095475673675537,0.010853980667889118,-2.7147632303126037,-0.0918586254119873,2.9794833660125732,177.35769168702353
1778421187.128385,0.4507802724838257,3.095149517059326,0.010327269323170185,-0.6376650638184281,-0.044242143630981445,2.9794833660125732,177.33900428945438
1778421187.1868043,0.44889703392982483,3.0945863723754883,0.009632818400859833,-0.011887781721419024,-0.0540660060942173,2.9794833660125732,177.30673847581525
1778421187.1877005,0.4473379850387573,3.093754768371582,0.008814717642962933,-0.9113297999590659,-0.07670649886131287,2.9794833660125732,177.25909107616525
1778421187.1890335,0.44532307982444763,3.0929677486419678,0.007892370223999023,-0.6920893115259228,-0.08363277465105057,2.9794833660125732,177.2139981672648
1778421187.189919,0.4425293505191803,3.0918538570404053,0.006303963251411915,-1.7931891321476507,-0.1189168244600296,2.9794833660125732,177.15017687966022
1778421187.1910765,0.43830838799476624,3.0901122093200684,0.004170713014900684,-1.8421850070184718,-0.17131276428699493,2.9794833660125732,177.05038781588632
1778421187.1916044,0.4329938590526581,3.087909460067749,0.0014687856892123818,-5.118256217918732,-0.23418103158473969,2.9794833660125732,176.92417958040284
1778421187.3053627,0.4275681972503662,3.0851335525512695,-0.0015106206992641091,-0.026190787690669154,-0.2830023467540741,2.9794833660125732,176.76513179538992
1778421187.3058443,0.42172589898109436,3.0822019577026367,-0.004560858942568302,-6.323047687446102,-0.3018185496330261,2.9794833660125732,176.59716378332095
1778421187.3063726,0.4167941212654114,3.0792298316955566,-0.007282842881977558,-5.153320825995618,-0.2980661392211914,2.9794833660125732,176.42687350693421
1778421187.3072338,0.4128475487232208,3.0766103267669678,-0.009569940157234669,-2.6591062352748778,-0.27964040637016296,2.9794833660125732,176.27678693011234
1778421187.3077486,0.40974727272987366,3.0745255947113037,-0.011270701885223389,-3.297967297497979,-0.2174171656370163,2.9794833660125732,176.15734058190716
1778421187.3082972,0.4070640206336975,3.073052167892456,-0.012366155162453651,-1.9968159794985112,-0.1466970145702362,2.9794833660125732,176.0729194437658
1778421187.308619,0.4041045904159546,3.0720245838165283,-0.01363170612603426,-3.9290621934655623,-0.10275958478450775,2.9794833660125732,176.0140432131203
1778421187.309122,0.4007440209388733,3.07077693939209,-0.01569986715912819,-4.111652248215988,-0.13372838497161865,2.9794833660125732,175.94255845326694
1778421187.3098981,0.3966076970100403,3.068589210510254,-0.018744343891739845,-3.9263306003732903,-0.22551555931568146,2.9794833660125732,175.81721082161886
1778421187.3104396,0.39153361320495605,3.065288782119751,-0.02306680753827095,-7.979441960771883,-0.3437403738498688,2.9794833660125732,175.6281102042579
1778421187.3107774,0.38509202003479004,3.060774564743042,-0.028379620984196663,-15.709087003754755,-0.4655759632587433,2.9794833660125732,175.36946460076786
1778421187.3113925,0.37762004137039185,3.055338144302368,-0.03421434760093689,-9.48581797448979,-0.5548626780509949,2.9794833660125732,175.05798065385858
1778421187.3653648,0.37004995346069336,3.049549102783203,-0.04010339453816414,-0.10911563006889857,-0.6016353368759155,2.9794833660125732,174.72629300738444
1778421187.3665752,0.36353209614753723,3.043856143951416,-0.045390814542770386,-4.371575093309721,-0.5900996923446655,2.9794833660125732,174.4001104933813
1778421187.367885,0.3585888743400574,3.03875732421875,-0.049702685326337814,-3.291504434101896,-0.524278998374939,2.9794833660125732,174.1079696422015
1778421187.3690143,0.3548174202442169,3.0348453521728516,-0.05265582725405693,-2.6122440237068134,-0.40116816759109497,2.9794833660125732,173.88383015439837
1778421187.3701344,0.35220301151275635,3.0324220657348633,-0.05425741896033287,-1.4296096969195662,-0.2581669092178345,2.9794833660125732,173.74498606895037
1778421187.3711512,0.35020655393600464,3.031229257583618,-0.05484582483768463,-0.578968672875961,-0.1219169870018959,2.9794833660125732,173.6766431961152
1778421187.4247882,0.3482467234134674,3.030900716781616,-0.05499568209052086,-0.0027939104258575204,-0.028783496469259262,2.9794833660125732,173.65781919476265
1778421187.4253557,0.3459720313549042,3.030803680419922,-0.055620040744543076,-1.0984493864744818,-0.006810948718339205,2.9794833660125732,173.65225942077825
1778421187.4258652,0.3440437316894531,3.030240297317505,-0.056992147117853165,-2.6914602233744755,-0.060684457421302795,2.9794833660125732,173.6199799467608
1778421187.4266915,0.3417234420776367,3.0287415981292725,-0.059178877621889114,-2.6499400288978605,-0.15316985547542572,2.9794833660125732,173.53411080851538
1778421187.4272075,0.33888617157936096,3.0261189937591553,-0.06270360201597214,-6.822927530955777,-0.26583603024482727,2.9794833660125732,173.3838466467751
1778421187.4280217,0.33493566513061523,3.0225322246551514,-0.06704504042863846,-5.336084604005647,-0.36935463547706604,2.9794833660125732,173.17833991502775
1778421187.4854472,0.3307858109474182,3.018159866333008,-0.07204337418079376,-0.08704122691846829,-0.45471110939979553,2.9794833660125732,172.92782223665003
1778421187.4859238,0.32661300897598267,3.013183116912842,-0.07741784304380417,-11.238956140186978,-0.5180912613868713,2.9794833660125732,172.64267549918034
1778421187.4864595,0.32252389192581177,3.0077219009399414,-0.08324702084064484,-10.885486020378659,-0.5634320974349976,2.9794833660125732,172.32977087292372
1778421187.487217,0.31838369369506836,3.0021252632141113,-0.08864238858222961,-7.126360751107164,-0.5816470384597778,2.9794833660125732,172.00910715176997
1778421187.487767,0.3138241469860077,2.9967586994171143,-0.0936659723520279,-9.135449725368654,-0.5541886687278748,2.9794833660125732,171.7016256957143
1778421187.4888222,0.30930665135383606,2.991929531097412,-0.09832876920700073,-4.4201316291016015,-0.4984131455421448,2.9794833660125732,171.4249347324371
1778421187.5459847,0.3045531213283539,2.987691640853882,-0.10283050686120987,-0.07875443965894997,-0.437344491481781,2.9794833660125732,171.18212150744316
1778421187.5467958,0.2999446988105774,2.983755111694336,-0.1069052591919899,-5.010762870025664,-0.4051705598831177,2.9794833660125732,170.956575000671
1778421187.546883,0.2957818806171417,2.9798085689544678,-0.1069052591919899,0.0,-0.40612614154815674,2.6611239910125732,170.73045475800856
1778421187.5474043,0.29143133759498596,2.975707530975342,-0.1069052591919899,0.0,-0.4388482868671417,2.6103427410125732,170.49548259018178
1778421187.5478218,0.28748685121536255,2.971013069152832,-0.1213020607829094,-34.49161807603044,-0.4775952100753784,2.6103427410125732,170.22650974066667
1778421187.5481772,0.28393688797950745,2.965925693511963,-0.126587375998497,-14.871455325006012,-0.5279537439346313,2.6103427410125732,169.9350245876472
1778421187.6049094,0.2808140218257904,2.960315465927124,-0.1324707269668579,-0.10370592090323355,-0.5784561634063721,2.6103427410125732,169.61358222492805
1778421187.605692,0.27767321467399597,2.9544267654418945,-0.1324707269668579,0.0,-0.6024684309959412,2.4579989910125732,169.27618454030778
1778421187.606592,0.2739747166633606,2.948420763015747,-0.1324707269668579,0.0,-0.6230660080909729,2.4169833660125732,168.93206594954418
1778421187.60715,0.2654937207698822,2.9354279041290283,-0.1324707269668579,0.0,-0.6507367491722107,2.3583896160125732,168.18762997152615
1778421187.6078753,0.26093482971191406,2.9282729625701904,-0.1324707269668579,0.0,-0.69196617603302,2.3447177410125732,167.777682017542
1778421187.608453,0.26093482971191406,2.9282729625701904,-0.1324707269668579,0.0,-0.7413332462310791,2.3603427410125732,167.777682017542
1778421187.7257402,0.2526651620864868,2.913461685180664,-0.1324707269668579,0.0,-0.7653630971908569,2.3915927410125732,166.9290583339246
1778421187.7263842,0.24878530204296112,2.906360626220703,-0.1324707269668579,0.0,-0.7547032833099365,2.4189364910125732,166.52219762544527
1778421187.727268,0.24491946399211884,2.8994719982147217,-0.18800681829452515,-62.823632138911925,-0.7321447134017944,2.4189364910125732,166.12750831406692
1778421187.727507,0.24085578322410583,2.892601251602173,-0.18800681829452515,0.0,-0.7113139033317566,2.4130771160125732,165.73384353106405
1778421187.728349,0.23703180253505707,2.8853511810302734,-0.18800681829452515,0.0,-0.7127042412757874,2.3740146160125732,165.31844508612224
1778421187.728531,0.23361365497112274,2.8775410652160645,-0.18800681829452515,0.0,-0.7483237385749817,2.3134677410125732,164.87095841245966
1778421187.7294757,0.23022237420082092,2.8692257404327393,-0.18800681829452515,0.0,-0.8032814264297485,2.3017489910125732,164.3945253970946
1778421187.729529,0.22677724063396454,2.8609702587127686,-0.18800681829452515,0.0,-0.8541001081466675,2.3525302410125732,163.9215211366929
1778421187.7303886,0.22305074334144592,2.853365659713745,-0.18800681829452515,0.0,-0.853182315826416,2.4443271160125732,163.4858097091594
1778421187.7309468,0.2193347066640854,2.846951484680176,-0.18800681829452515,0.0,-0.7847495675086975,2.6005771160125732,163.11830455067772
1778421187.731122,0.21710701286792755,2.841968059539795,-0.18800681829452515,0.0,-0.6685778498649597,2.7294833660125732,162.8327753226145
1778421187.7318225,0.21589910984039307,2.8378348350524902,-0.18800681829452515,0.0,-0.5152648687362671,2.7626864910125732,162.5959590037118
1778421187.7869697,0.21498669683933258,2.834099769592285,-0.18800681829452515,0.0,-0.4177709221839905,2.7490146160125732,162.381955516637
1778421187.787145,0.21401096880435944,2.8302576541900635,-0.18800681829452515,0.0,-0.3871130347251892,2.7177646160125732,162.16181851968747
1778421187.7879558,0.2126055210828781,2.8263027667999268,-0.18800681829452515,0.0,-0.39821264147758484,2.7177646160125732,161.93522016378313
1778421187.7889419,0.2110421061515808,2.8224687576293945,-0.18800681829452515,0.0,-0.4057953953742981,2.7646396160125732,161.7155476196972
1778421187.7898078,0.2091938853263855,2.8190441131591797,-0.18800681829452515,0.0,-0.4001994729042053,2.8427646160125732,161.51932994522105
1778421187.7906883,0.20761093497276306,2.816521644592285,-0.18800681829452515,0.0,-0.3453853130340576,2.9287021160125732,161.37480314238357
1778421187.8452618,0.20587971806526184,2.814650058746338,-0.18800681829452515,0.0,-0.26910915970802307,3.0029208660125732,161.26756917241437
1778421187.8461065,0.20403559505939484,2.813596725463867,-0.18800681829452515,0.0,-0.18783988058567047,3.0634677410125732,161.20721762090815
1778421187.8470917,0.202373668551445,2.8130311965942383,-0.18800681829452515,0.0,-0.11041897535324097,3.1025302410125732,161.17481520348562
1778421187.8481555,0.2006831020116806,2.812659740447998,-0.18800681829452515,0.0,-0.06423083692789078,3.1240146160125732,161.15353233403184
1778421187.8489764,0.19896256923675537,2.812572717666626,-0.18800681829452515,0.0,-0.03278643637895584,3.1494052410125732,161.14854629593773
1778421187.8496244,0.19709140062332153,2.8128318786621094,-0.18800681829452515,0.0,-0.011407716199755669,3.1904208660125732,161.16339512719335
1778421187.9048712,0.1953648328781128,2.813478469848633,-0.18800681829452515,0.0,0.026676073670387268,3.2060458660125732,161.2004420732515
1778421187.9054105,0.19365613162517548,2.814427375793457,-0.18800681829452515,0.0,0.06806361675262451,3.2236239910125732,161.2548103790448
1778421187.9059503,0.19212734699249268,2.8155570030212402,-0.18800681829452515,0.0,0.1024918481707573,3.2236239910125732,161.31953325161984
1778421187.906387,0.19100256264209747,2.81648588180542,-0.18800681829452515,0.0,0.11473345756530762,3.2099521160125732,161.37275408563258
1778421187.906956,0.19026438891887665,2.817284345626831,-0.18800681829452515,0.0,0.11036921292543411,3.1982333660125732,161.41850269269332
1778421187.965355,0.1898529976606369,2.8177757263183594,-0.18800681829452515,0.0,0.0914357379078865,3.1923739910125732,161.4466567324521
1778421187.9658406,0.1896599382162094,2.8181793689727783,-0.18800681829452515,0.0,0.06608347594738007,3.1904208660125732,161.46978375298178
1778421187.9663122,0.18954646587371826,2.8186254501342773,-0.18800681829452515,0.0,0.050449762493371964,3.1884677410125732,161.49534232085597
1778421187.9675627,0.18945269286632538,2.818937301635742,-0.18800681829452515,0.0,0.041418612003326416,3.1923739910125732,161.51321009572473
1778421187.9682486,0.18934598565101624,2.819462537765503,-0.18800681829452515,0.0,0.04290524497628212,3.1806552410125732,161.5433039092078
1778421187.9688678,0.18936531245708466,2.81969952583313,-0.18800681829452515,0.0,0.040890663862228394,3.1474521160125732,161.55688232527777
1778421187.9696844,0.18939536809921265,2.8197882175445557,-0.18800681829452515,0.0,0.02710547111928463,3.1181552410125732,161.56196398602026
1778421188.0251837,0.18955132365226746,2.8195884227752686,-0.18800681829452515,0.0,0.003603133372962475,3.1162021160125732,161.55051658897133
1778421188.0258067,0.18950839340686798,2.8193418979644775,-0.18800681829452515,0.0,-0.020061537623405457,3.1240146160125732,161.53639175776775
1778421188.0262587,0.1893763393163681,2.8191795349121094,-0.18800681829452515,0.0,-0.0191035158932209,3.1279208660125732,161.5270890401182
1778421188.026511,0.18917742371559143,2.8191325664520264,-0.18800681829452515,0.0,-0.004062664695084095,3.1533114910125732,161.5243979455852
1778421188.0277567,0.18911059200763702,2.8192479610443115,-0.18800681829452515,0.0,0.018482446670532227,3.1884677410125732,161.53100956870176
1778421188.0858846,0.18902762234210968,2.8197829723358154,-0.18800681829452515,0.0,0.04799950122833252,3.2060458660125732,161.5616634576968
1778421188.0865011,0.18923921883106232,2.820359468460083,-0.18800681829452515,0.0,0.05973540619015694,3.2060458660125732,161.59469425252297
1778421188.0868082,0.1896262764930725,2.8209733963012695,-0.18800681829452515,0.0,0.05524066090583801,3.1904208660125732,161.62986972674855
1778421188.0875072,0.19004365801811218,2.8213043212890625,-0.18800681829452515,0.0,0.043869029730558395,3.1865146160125732,161.64883033188448
1778421188.0881057,0.19054092466831207,2.8216776847839355,-0.18800681829452515,0.0,0.035367198288440704,3.1747958660125732,161.67022248436498
1778421188.088149,0.1909584403038025,2.8220086097717285,-0.18800681829452515,0.0,0.03109000064432621,3.1767489910125732,161.68918308950094
1778421188.1456482,0.1915149688720703,2.822208881378174,-0.18800681829452515,0.0,0.025025708600878716,3.1767489910125732,161.70065780730656
1778421188.1457067,0.19188690185546875,2.8224987983703613,-0.18800681829452515,0.0,0.023026805371046066,3.1728427410125732,161.71726882736803
1778421188.146523,0.19220152497291565,2.8227767944335938,-0.18800681829452515,0.0,0.026534773409366608,3.1747958660125732,161.7331968285125
1778421188.1465683,0.19244369864463806,2.823070526123047,-0.18800681829452515,0.0,0.029426537454128265,3.1747958660125732,161.7500264146274
1778421188.1474006,0.19248704612255096,2.823317050933838,-0.18800681829452515,0.0,0.03029629960656166,3.1630771160125732,161.764151245831
1778421188.1474545,0.1925603449344635,2.823652505874634,-0.18800681829452515,0.0,0.02504192478954792,3.1611239910125732,161.7833713981554
1778421188.2049239,0.19269950687885284,2.8238935470581055,-0.18800681829452515,0.0,0.02123243547976017,3.1747958660125732,161.79718204065716
1778421188.2055666,0.1929417997598648,2.8241872787475586,-0.18800681829452515,0.0,0.028817035257816315,3.1826083660125732,161.81401162677207
1778421188.2058437,0.19299200177192688,2.8245127201080322,-0.18800681829452515,0.0,0.03945344313979149,3.1943271160125732,161.8326580432062
1778421188.2070515,0.19324791431427002,2.8249640464782715,-0.18800681829452515,0.0,0.043348364531993866,3.1865146160125732,161.8585171394039
1778421188.2071085,0.19347406923770905,2.825326442718506,-0.18800681829452515,0.0,0.02863250859081745,3.1513583660125732,161.87928091448072
1778421188.2074728,0.19389210641384125,2.8252851963043213,-0.18800681829452515,0.0,-0.002109578577801585,3.1337802410125732,161.8769176690279
1778421188.2646487,0.19424346089363098,2.8249869346618652,-0.18800681829452515,0.0,-0.016440773382782936,3.1279208660125732,161.85982853572452
1778421188.2650905,0.19446256756782532,2.8248984813690186,-0.26794904470443726,-180.45649417489787,-0.02054230310022831,3.1279208660125732,161.85476053536038
1778421188.265444,0.19472487270832062,2.8246846199035645,-0.2681742012500763,-0.6367549098719596,-0.021087775006890297,3.1279208660125732,161.84250717598937
1778421188.2662668,0.1950599104166031,2.8244547843933105,-0.268464595079422,-0.3531912411272606,-0.020198684185743332,3.1279208660125732,161.8293385712696
1778421188.266971,0.19549109041690826,2.8241987228393555,-0.26858285069465637,-0.16776225445062753,-0.028729191049933434,3.1279208660125732,161.8146673249324
1778421188.2673707,0.19606804847717285,2.82388973236084,-0.2687087953090668,-0.3152555935447342,-0.027786798775196075,3.1279208660125732,161.79696347460373
1778421188.3240435,0.19653595983982086,2.823800563812256,-0.2685644030570984,0.0025478632625516437,-0.019297316670417786,3.1279208660125732,161.79185449310455
1778421188.3248672,0.19731278717517853,2.8239099979400635,-0.2682613432407379,0.36770178299270634,0.010549003258347511,3.1279208660125732,161.79812460676263
1778421188.3256512,0.19795767962932587,2.8242290019989014,-0.2676183879375458,0.8199914548095759,0.03990061581134796,3.1279208660125732,161.8164021929816
1778421188.3263297,0.1986539661884308,2.8248729705810547,-0.26680049300193787,1.2061568444562674,0.0630468800663948,3.1279208660125732,161.853298874878
1778421188.327328,0.1995568573474884,2.8256418704986572,-0.26584309339523315,0.958645838150823,0.08304089307785034,3.1279208660125732,161.89735359502458
1778421188.3280933,0.20038752257823944,2.826447010040283,-0.265013188123703,1.0841348957774923,0.08279663324356079,3.1279208660125732,161.94348469267885
1778421188.3852334,0.20114530622959137,2.827268362045288,-0.26412200927734375,0.015596464225299178,0.07885634899139404,3.1279208660125732,161.99054469606023
1778421188.3857274,0.20179340243339539,2.827958345413208,-0.2634732127189636,1.3122907463183862,0.06606701761484146,3.1279208660125732,162.03007783097627
1778421188.386502,0.20213186740875244,2.8284504413604736,-0.26300248503685,0.6077042191123948,0.05067537724971771,3.1279208660125732,162.05827285187007
1778421188.386885,0.2024492770433426,2.8287267684936523,-0.2625856101512909,1.0887304254130175,0.0319303497672081,3.1279208660125732,162.07410523036617
1778421188.3874211,0.20257419347763062,2.829015016555786,-0.26233258843421936,0.4717034417234026,0.015261569991707802,3.1279208660125732,162.09062062777926
1778421188.3879292,0.20261716842651367,2.8288891315460205,-0.26236817240715027,-0.07014384279319655,0.0058238692581653595,3.1279208660125732,162.08340794801572
1778421188.4454162,0.2027134895324707,2.828883171081543,-0.26229292154312134,0.001309043061858526,0.006149626336991787,3.1279208660125732,162.08306643855724
1778421188.4458263,0.20275819301605225,2.829129457473755,-0.26202917098999023,0.6403266751342634,0.019076751545071602,3.1279208660125732,162.09717760938247
1778421188.4470694,0.20283277332782745,2.82946515083313,-0.26178932189941406,0.193006429424195,0.035484425723552704,3.1279208660125732,162.11641142208524
1778421188.4478557,0.20284192264080048,2.82991623878479,-0.2612740993499756,0.655833195334644,0.05705798789858818,3.1279208660125732,162.14225685790456
1778421188.448834,0.20291827619075775,2.8306243419647217,-0.26066112518310547,0.6259309332495495,0.07033161073923111,3.1279208660125732,162.18282818157442
1778421188.4495654,0.20299461483955383,2.8313326835632324,-0.25989773869514465,1.043447888888292,0.0733841061592102,3.1279208660125732,162.22341316562265
1778421188.505435,0.20292389392852783,2.832094430923462,-0.2592203617095947,0.012124792331866691,0.0781594067811966,3.1279208660125732,162.26705807441903
1778421188.506371,0.20268511772155762,2.832918405532837,-0.2584346532821655,0.8378208772529981,0.08750196546316147,3.1279208660125732,162.31426834196216
1778421188.565809,0.20176927745342255,2.8339123725891113,-0.2575819790363312,0.014345607959273131,0.09919526427984238,3.1279208660125732,162.3712184592617
1778421188.5680091,0.20088303089141846,2.8349952697753906,-0.2567294239997864,0.3877012478939097,0.10705884546041489,3.1279208660125732,162.4332638976821
1778421188.5702276,0.1999889314174652,2.835999011993408,-0.25577959418296814,0.4278705378147629,0.11902008950710297,3.1279208660125732,162.49077409049363
1778421188.5706775,0.19926506280899048,2.837332010269165,-0.2546652555465698,2.474658338606235,0.13357126712799072,3.1279208660125732,162.56714926579272
1778421188.5717778,0.19865114986896515,2.8387961387634277,-0.2532610297203064,1.2785448879490584,0.15691374242305756,3.1279208660125732,162.65103764917882
1778421188.572808,0.19800080358982086,2.840463876724243,-0.2516973316669464,1.5152112918349936,0.1784626841545105,3.1279208660125732,162.74659199566727
1778421188.574272,0.1973431408405304,2.8424243927001953,-0.24988360702991486,1.239475573368124,0.19862696528434753,3.1279208660125732,162.85892128675732
1778421188.577014,0.1966034322977066,2.8443410396575928,-0.24805887043476105,0.6657678756511236,0.2030598223209381,3.1279208660125732,162.96873706823277
1778421188.5789883,0.19601738452911377,2.846264362335205,-0.24628518521785736,0.8983868859492328,0.19309154152870178,3.1279208660125732,163.07893534030177
1778421188.5814822,0.19556277990341187,2.8479771614074707,-0.24462153017520905,0.6667688856431285,0.17583207786083221,3.1279208660125732,163.1770714982965
1778421188.6245718,0.19542519748210907,2.849595069885254,-0.24314193427562714,0.034337258438311855,0.16571898758411407,3.1279208660125732,163.26977082571193
1778421188.6250358,0.1955590546131134,2.851224899291992,-0.24150623381137848,3.5214217656168674,0.17236144840717316,3.1279208660125732,163.36315317204435
1778421188.625771,0.19581131637096405,2.853066921234131,-0.23959416151046753,2.6018128727876295,0.18872831761837006,3.1279208660125732,163.46869325509937
1778421188.6266227,0.1959533393383026,2.855147361755371,-0.2376096546649933,2.3308748675090323,0.21832698583602905,3.1279208660125732,163.58789371649445
1778421188.6276562,0.196132093667984,2.857396364212036,-0.2376096546649933,0.0,0.24210427701473236,3.3876864910125732,163.71675206537589
1778421188.6858585,0.19626019895076752,2.8598992824554443,-0.2376096546649933,0.0,0.2629261016845703,3.3935458660125732,163.86015871718948
1778421188.6864886,0.19626930356025696,2.8625614643096924,-0.2376096546649933,0.0,0.27594271302223206,3.3954989910125732,164.0126905017342
1778421188.6869688,0.19650153815746307,2.8651363849639893,-0.2376096546649933,0.0,0.27063024044036865,3.3915927410125732,164.1602225878065
1778421188.6878498,0.19642089307308197,2.867659091949463,-0.2253250926733017,13.943883983742818,0.26205527782440186,3.3915927410125732,164.3047630510223
1778421188.6883302,0.19670817255973816,2.8701882362365723,-0.2253250926733017,0.0,0.25963151454925537,3.3896396160125732,164.4496723444533
1778421188.688937,0.19697710871696472,2.872706413269043,-0.2253250926733017,0.0,0.26111099123954773,3.4033114910125732,164.59395326048065
1778421188.744875,0.19709622859954834,2.8752777576446533,-0.2253250926733017,0.0,0.26359114050865173,3.4033114910125732,164.7412804408778
1778421188.7449355,0.1972251534461975,2.877927541732788,-0.21272876858711243,204.48576936160563,0.27724090218544006,3.4033114910125732,164.89310188574885
1778421188.7456677,0.1975712925195694,2.8807830810546875,-0.20640023052692413,8.64790645508869,0.3003554046154022,3.4033114910125732,165.05671223712733
1778421188.746071,0.19781380891799927,2.883939266204834,-0.2029401808977127,8.581472610566047,0.329043447971344,3.4033114910125732,165.2375483255926
1778421188.7467077,0.19845367968082428,2.887338399887085,-0.2029401808977127,0.0,0.3505658209323883,3.5829989910125732,165.43230433958635
1778421188.7469573,0.19934000074863434,2.89103364944458,-0.19866082072257996,17.09009751410966,0.3832336664199829,3.5829989910125732,165.6440265434784
1778421188.8048,0.2008640021085739,2.895334482192993,-0.1961376667022705,0.04362148646149075,0.43802890181541443,3.5829989910125732,165.89044610835413
1778421188.8057601,0.20233578979969025,2.90018367767334,-0.1961376667022705,0.0,0.5047450661659241,3.7177646160125732,166.1682845434119
1778421188.8063047,0.2038622945547104,2.9057841300964355,-0.1961376667022705,0.0,0.5711792707443237,3.7783114910125732,166.4891668306191
1778421188.8070197,0.20516514778137207,2.911909341812134,-0.17565742135047913,28.643699714737686,0.641690731048584,3.7783114910125732,166.8401156105527
1778421188.807989,0.2066662758588791,2.918881416320801,-0.16777096688747406,8.148847296761485,0.7198352217674255,3.7783114910125732,167.23958605435004
1778421188.8084102,0.20862385630607605,2.9267051219940186,-0.15943683683872223,19.71175560050848,0.8019959926605225,3.7783114910125732,167.687851369578
1778421188.865141,0.2115400731563568,2.9354169368743896,-0.1494038999080658,0.1768532323692849,0.9010301828384399,3.7783114910125732,168.18700159412253
1778421188.865545,0.21534934639930725,2.945254325866699,-0.13857249915599823,26.810398481875012,1.019059419631958,3.7783114910125732,168.7506424648103
1778421188.8660014,0.22069351375102997,2.9563143253326416,-0.12570826709270477,28.16779431526438,1.1366078853607178,3.7783114910125732,169.38433375562576
1778421188.8664594,0.22703726589679718,2.9685027599334717,-0.11286269873380661,28.034850408088808,1.266687273979187,3.7783114910125732,170.08267961712454
1778421188.8670218,0.23416714370250702,2.9817569255828857,-0.09865957498550415,25.267966023336186,1.358807921409607,3.7783114910125732,170.84208736980324
1778421188.8679519,0.24217085540294647,2.9951956272125244,-0.08560098707675934,14.047534671316434,1.388184905052185,3.7783114910125732,171.61206825531713
1778421188.9242823,0.250601202249527,3.0084333419799805,-0.07242036610841751,0.23398853480034512,1.3657664060592651,3.7783114910125732,172.37053344189036
1778421188.9252324,0.258218914270401,3.0208723545074463,-0.0611572265625,11.8634292767557,1.2843742370605469,3.7783114910125732,173.0832363610245
1778421188.9259818,0.2658325135707855,3.0320324897766113,-0.051480572670698166,12.891891485287948,1.148405909538269,3.7783114910125732,173.72266501074276
1778421188.926647,0.27329087257385254,3.0414609909057617,-0.04344617947936058,12.09634638694038,0.9696403741836548,3.7783114910125732,174.2628783325774
1778421188.98632,0.2788137197494507,3.049069881439209,-0.03675371780991554,0.11215075405900302,0.7944592833518982,3.7783114910125732,174.69883564692097
1778421188.9870908,0.2841379940509796,3.055485248565674,-0.031109746545553207,7.324125806804193,0.6557296514511108,3.7783114910125732,175.0664091072944
1778421188.9885008,0.2892269790172577,3.060880184173584,-0.02567349746823311,3.8571371548475977,0.5548729300498962,3.7783114910125732,175.37551614837247
1778421188.9885888,0.29382941126823425,3.0657060146331787,-0.02108059450984001,51.202923750246995,0.5054753422737122,3.7783114910125732,175.65201586635294
1778421188.989043,0.2986724376678467,3.0705137252807617,-0.015762928873300552,11.728420301944224,0.4905271530151367,3.7783114910125732,175.92747739557956
1778421188.9895346,0.30463501811027527,3.0754730701446533,-0.01058732345700264,10.517385679933444,0.49954235553741455,3.7783114910125732,176.2116269254304
1778421188.990459,0.3108297288417816,3.0807156562805176,-0.0045332838781178,6.55695816213333,0.5468308329582214,3.7783114910125732,176.51200498474924
1778421188.9907963,0.3171705901622772,3.086569309234619,0.001707591931335628,18.46959493650171,0.6043442487716675,3.7783114910125732,176.84739459375353
1778421189.0453963,0.3240266442298889,3.0930843353271484,0.009053860791027546,0.13455123798905622,0.6712366342544556,3.7783114910125732,177.2206780922731
1778421189.0461779,0.33071163296699524,3.100127935409546,0.013333089649677277,5.467964346952025,0.7243678569793701,3.7783114910125732,177.62424664957246
1778421189.0466688,0.33362045884132385,3.1035373210906982,0.013333089649677277,0.0,0.34920522570610046,2.8935458660125732,177.81959005983484
1778421189.0470653,0.3360901474952698,3.101696491241455,0.012604227289557457,-1.8387041424719062,-0.18859988451004028,2.8935458660125732,177.7141182786715
1778421189.0477002,0.34092041850090027,3.1025030612945557,0.015017008408904076,3.8050483051987123,0.08280713856220245,2.8935458660125732,177.7603313385958
1778421189.0484924,0.3449879288673401,3.1046953201293945,0.015807466581463814,0.9965433513523668,0.2312212884426117,2.8935458660125732,177.88593851743232
1778421189.104206,0.3477122187614441,3.1053309440612793,0.01717340387403965,0.024517388982090195,0.05236423760652542,2.8935458660125732,177.92235708608683
1778421189.1049309,0.35142818093299866,3.10636043548584,0.018300019204616547,1.5578198575127662,0.11047062277793884,2.8935458660125732,177.98134259975907
1778421189.1054413,0.3536384403705597,3.1074416637420654,0.01962297409772873,2.580368554305894,0.11446433514356613,2.8935458660125732,178.04329241553108
1778421189.1058085,0.35490748286247253,3.108856439590454,0.021078724414110184,3.9644616235245183,0.1349194347858429,2.8935458660125732,178.12435310060079
1778421189.1062176,0.35576510429382324,3.1102843284606934,0.022704167291522026,3.9712750243699246,0.1552395224571228,2.8935458660125732,178.2061651064792
1778421189.1065624,0.3563298285007477,3.1120426654815674,0.024533161893486977,5.307587282352589,0.17627111077308655,2.8935458660125732,178.3069103967369
1778421189.165361,0.3569790720939636,3.113912343978882,0.026464413851499557,0.03284598514544299,0.19141876697540283,2.8935458660125732,178.41403508367938
1778421189.1658251,0.3577495515346527,3.1158721446990967,0.02866692841053009,4.729470862734535,0.2079472690820694,2.8935458660125732,178.52632339363439
1778421189.16623,0.35963359475135803,3.1210103034973145,0.03107706643640995,5.953898324387213,0.23381349444389343,2.8935458660125732,178.82071820724028
1778421189.1666467,0.35963359475135803,3.1210103034973145,0.03392525389790535,6.8466045519090954,0.2681005001068115,2.8935458660125732,178.82071820724028
1778421189.1670213,0.36115705966949463,3.1274664402008057,0.03717654570937157,8.667799990968579,0.3051079511642456,2.8935458660125732,179.19062759230982
1778421189.1676526,0.3611288070678711,3.1313204765319824,0.04066178947687149,5.533889812009494,0.3510180711746216,2.8935458660125732,179.41144760817633
1778421189.2242944,0.36084380745887756,3.1354780197143555,0.044552549719810486,0.06869013283585748,0.3917959928512573,2.8935458660125732,179.6496572856697
1778421189.224986,0.3605225384235382,3.1400368213653564,0.048845257610082626,6.199751390071483,0.43139609694480896,2.8935458660125732,179.91085737990932
1778421189.2257767,0.3597283363342285,3.144960641860962,0.053344301879405975,5.695713793097223,0.46921712160110474,2.8935458660125732,180.19297151338753
1778421189.2265563,0.3584858477115631,3.150115966796875,0.05814402177929878,6.1566443119184,0.5029285550117493,2.8935458660125732,180.4883498742339
1778421189.2273114,0.3568374514579773,3.1556413173675537,0.06314073503017426,6.609409114472834,0.5311699509620667,2.8935458660125732,180.804929142264
1778421189.227874,0.3552115559577942,3.161233901977539,0.06841232627630234,9.368386682165951,0.5614457130432129,2.8935458660125732,181.125360636986
1778421189.2873337,0.35356542468070984,3.167124032974243,0.07385406643152237,0.09152057468106271,0.5800815224647522,2.8935458660125732,181.46284028387632
1778421189.288147,0.352005273103714,3.1730916500091553,0.079507015645504,6.9446550618658405,0.6014358997344971,2.8935458660125732,181.80475955372714
1778421189.28902,0.35042285919189453,3.1793553829193115,0.08532640337944031,6.673609754749498,0.6199162006378174,2.8935458660125732,182.1636450134763
1778421189.289098,0.34846460819244385,3.1856515407562256,0.0910479724407196,72.06006972457291,0.6398402452468872,2.8935458660125732,182.52438828467967
1778421189.2895834,0.346142053604126,3.1922836303710938,0.09727619588375092,12.846995674827365,0.6591379046440125,2.8935458660125732,182.90437902896417
1778421189.290081,0.3431164026260376,3.198845624923706,0.10340938717126846,12.362812660852784,0.6757160425186157,2.8935458660125732,183.2803536220167
1778421189.343913,0.33994200825691223,3.2056407928466797,0.10999134182929993,0.12226662288917026,0.6907632946968079,2.8935458660125732,183.66968806508575
1778421189.3441696,0.3371807336807251,3.212808609008789,0.11661045253276825,25.66541719931532,0.7151572108268738,2.8935458660125732,184.0803736795003
1778421189.3448906,0.3343067169189453,3.2199413776397705,0.12333590537309647,9.348697221292191,0.7333012223243713,2.8935458660125732,184.48905121829884
1778421189.3452713,0.33105331659317017,3.227060079574585,0.1299974024295807,17.44760898843378,0.7417842149734497,2.8935458660125732,184.89692279477532
1778421189.3457851,0.32794931530952454,3.234426259994507,0.13702748715877533,13.679868746768365,0.7464836835861206,2.8935458660125732,185.31897384396873
1778421189.3469841,0.3250648081302643,3.241729736328125,0.14390216767787933,5.733200371391189,0.7528186440467834,2.8935458660125732,185.73743221365874
1778421189.4046292,0.3221627473831177,3.2489757537841797,0.15097208321094513,0.12264662317435862,0.7551043033599854,2.8935458660125732,186.1525984321688
1778421189.4051843,0.3188411593437195,3.256027936935425,0.1574762463569641,11.712881413868569,0.7475273609161377,2.8935458660125732,186.55665876308842
1778421189.4057424,0.31565284729003906,3.2628555297851562,0.16407880187034607,11.834657690646782,0.7303600907325745,2.8935458660125732,186.94785101761173
1778421189.4061906,0.31233128905296326,3.2695374488830566,0.1705465316772461,14.424018006988684,0.7032620906829834,2.8935458660125732,187.33069678096928
1778421189.4065733,0.30920952558517456,3.276113986968994,0.17714546620845795,17.24310025528021,0.6869516968727112,2.8935458660125732,187.70750465710054
1778421189.4070687,0.30580398440361023,3.2826497554779053,0.18327276408672333,12.360899716429932,0.6753372550010681,2.8935458660125732,188.08197660853565
1778421189.4645526,0.3025202751159668,3.289093017578125,0.18327276408672333,0.0,0.6714794039726257,3.6943271160125732,188.45114833317484
1778421189.465304,0.29923689365386963,3.2956225872039795,0.19575189054012299,16.60120608412157,0.670787513256073,3.6943271160125732,188.82526511477312
1778421189.4656186,0.2952389419078827,3.3021624088287354,0.2024504840373993,21.27888587434357,0.6676484942436218,3.6943271160125732,189.19996929264002
1778421189.4659834,0.2912846803665161,3.3086180686950684,0.20853634178638458,16.650774090248472,0.6706113219261169,3.6943271160125732,189.5698513569529
1778421189.466437,0.28678399324417114,3.314946174621582,0.21511586010456085,14.537158954366147,0.6665166020393372,3.6943271160125732,189.93242511885384
1778421189.4668996,0.28186559677124023,3.321068048477173,0.22094394266605377,12.565939631449357,0.6533302664756775,3.6943271160125732,190.28318265349068
1778421189.524739,0.2765110433101654,3.327139377593994,0.22711528837680817,0.10669924651387752,0.6364046931266785,3.6943271160125732,190.63104418791943
1778421189.5250683,0.2715674042701721,3.333017110824585,0.23286111652851105,17.432730682730284,0.6249155402183533,3.6943271160125732,190.96781349513608
1778421189.5254424,0.26656249165534973,3.3387279510498047,0.2386130690574646,15.367225649937602,0.6002511978149414,3.6943271160125732,191.29502053751472
1778421189.525914,0.2620078921318054,3.344081163406372,0.243933767080307,11.29180445486275,0.588438868522644,3.6943271160125732,191.60173701238332
1778421189.5264592,0.257101833820343,3.349475622177124,0.2493615746498108,9.95380043280538,0.5627379417419434,3.6943271160125732,191.91081673270472
1778421189.5268874,0.2518007159233093,3.354980945587158,0.2546384632587433,12.314792461503478,0.5626732110977173,3.6943271160125732,192.22624852895427
1778421189.5838866,0.24715696275234222,3.360276222229004,0.2546384632587433,0.0,0.5587136745452881,3.5849521160125732,192.52964553188622
1778421189.5843892,0.24315614998340607,3.365478992462158,0.2546384632587433,0.0,0.536026120185852,3.5634677410125732,192.82774230802227
1778421189.5848508,0.23831982910633087,3.3705739974975586,0.2546384632587433,0.0,0.5161904692649841,3.5615146160125732,193.1196645931486
1778421189.5862522,0.2331099659204483,3.37553071975708,0.2803672254085541,18.36325913798695,0.5135130286216736,3.5615146160125732,193.40366385883775
1778421189.5868876,0.2290763407945633,3.3802971839904785,0.2848549485206604,7.0561682867646125,0.4976416826248169,3.5615146160125732,193.67676214261152
1778421189.587303,0.22606496512889862,3.385192632675171,0.2848549485206604,0.0,0.4766994118690491,3.5107333660125732,193.95725069106726
1778421189.6445835,0.2220495045185089,3.3895678520202637,0.2893945574760437,0.07925281126734944,0.44947925209999084,3.5107333660125732,194.20793229398507
1778421189.6449907,0.21800746023654938,3.3937549591064453,0.2893945574760437,0.0,0.4286785423755646,3.4814364910125732,194.4478358583926
1778421189.6453767,0.21444037556648254,3.3975796699523926,0.2893945574760437,0.0,0.4033892750740051,3.4540927410125732,194.6669756477233
1778421189.6458542,0.21103504300117493,3.401174545288086,0.2893945574760437,0.0,0.37105312943458557,3.4384677410125732,194.8729468323342
1778421189.646189,0.20746003091335297,3.4048867225646973,0.2893945574760437,0.0,0.3574761152267456,3.4052646160125732,195.0856389230884
1778421189.6466255,0.2042340636253357,3.408437967300415,0.2893945574760437,0.0,0.32631969451904297,3.3915927410125732,195.28911025846307
1778421189.705156,0.20143923163414001,3.4114632606506348,0.2893945574760437,0.0,0.29397135972976685,3.3662021160125732,195.46244679921966
1778421189.7059898,0.19876828789710999,3.4143049716949463,0.2893945574760437,0.0,0.2702426314353943,3.3349521160125732,195.6252648486544
1778421189.7064288,0.1963837891817093,3.416628360748291,0.2893945574760437,0.0,0.23401445150375366,3.3095614910125732,195.75838523557798
1778421189.70696,0.19421572983264923,3.4187469482421875,0.2893945574760437,0.0,0.21000900864601135,3.2880771160125732,195.87977135750745
1778421189.7075274,0.1919579803943634,3.4204814434051514,0.2893945574760437,0.0,0.18310709297657013,3.2626864910125732,195.9791506099311
1778421189.765771,0.1899200975894928,3.4221084117889404,0.2893945574760437,0.0,0.1574482023715973,3.2372958660125732,196.07236903172347
1778421189.765843,0.188306987285614,3.423368215560913,0.2893945574760437,0.0,0.128240704536438,3.2158114910125732,196.14455047087216
1778421189.8238156,0.18667735159397125,3.424457311630249,0.2893945574760437,0.0,0.09871389716863632,3.2040927410125732,196.2069510791294
1778421189.824524,0.1854112297296524,3.425280809402466,0.2893945574760437,0.0,0.07776015996932983,3.1884677410125732,196.25413402591585
1778421189.825005,0.18451832234859467,3.425875186920166,0.2893945574760437,0.0,0.05038263276219368,3.1689364910125732,196.28818934911752
1778421189.825478,0.18387079238891602,3.426248788833618,0.2893945574760437,0.0,0.03361336141824722,3.1454989910125732,196.30959516197635
1778421189.8261433,0.18362325429916382,3.4263737201690674,0.2893945574760437,0.0,0.008325111120939255,3.1201083660125732,196.31675320022651
1778421189.8270004,0.1835302859544754,3.426302433013916,0.2893945574760437,0.0,-0.012283836491405964,3.1103427410125732,196.31266874710283
1778421189.827661,0.18332451581954956,3.4259674549102783,0.2893945574760437,0.0,-0.02916036546230316,3.1025302410125732,196.2934759155351
1778421189.8282754,0.18323875963687897,3.4256837368011475,0.2893945574760437,0.0,-0.04367644712328911,3.0888583660125732,196.27722006531047
1778421189.8296473,0.1831987202167511,3.42513108253479,0.2893945574760437,0.0,-0.05632529407739639,3.0849521160125732,196.2455553083183
1778421189.8301423,0.18332873284816742,3.424551486968994,0.2893945574760437,0.0,-0.06844314932823181,3.0771396160125732,196.2123469285737
1778421189.8306227,0.18362659215927124,3.423849582672119,0.2893945574760437,0.0,-0.0776696503162384,3.0693271160125732,196.17213077474065
1778421189.8843155,0.1837538778781891,3.4231741428375244,0.2893945574760437,0.0,-0.08724051713943481,3.0517489910125732,196.1334309229034
1778421189.884725,0.18387383222579956,3.422212600708008,0.2893945574760437,0.0,-0.10217797756195068,3.0439364910125732,196.07833861705805
1778421189.8854609,0.18365266919136047,3.4213051795959473,0.2893945574760437,0.0,-0.11516158282756805,3.0322177410125732,196.02634721709592
1778421189.8861625,0.1833440363407135,3.4201149940490723,0.2893945574760437,0.0,-0.13098356127738953,3.0146396160125732,195.95815460842252
1778421189.8865898,0.18271222710609436,3.4187302589416504,0.2893945574760437,0.0,-0.15017004311084747,2.9931552410125732,195.87881513102363
1778421189.9444456,0.18185335397720337,3.417262077331543,0.2893945574760437,0.0,-0.16479812562465668,2.9912021160125732,195.79469452120577
1778421189.945125,0.18113109469413757,3.4155967235565186,0.2893945574760437,0.0,-0.18005014955997467,2.9755771160125732,195.6992767785007
1778421189.9455976,0.18054813146591187,3.4138290882110596,0.2893945574760437,0.0,-0.1901674121618271,2.9736239910125732,195.59799873348774
1778421189.9459734,0.17996026575565338,3.4119670391082764,0.2893945574760437,0.0,-0.19845382869243622,2.9540927410125732,195.49131117865213
1778421189.9465184,0.17894405126571655,3.409976005554199,0.2893945574760437,0.0,-0.20926259458065033,2.9404208660125732,195.37723335913458
1778421189.947076,0.1780303567647934,3.407963752746582,0.2893945574760437,0.0,-0.22743743658065796,2.9267489910125732,195.26193976594476
1778421190.005203,0.1772223860025406,3.4056782722473145,0.2893945574760437,0.0,-0.23933741450309753,2.9150302410125732,195.1309913791773
1778421190.0058613,0.17689280211925507,3.4032325744628906,0.2893945574760437,0.0,-0.25637173652648926,2.8915927410125732,194.9908632181653
1778421190.006358,0.17713229358196259,3.400601387023926,0.2893945574760437,0.0,-0.27518266439437866,2.8779208660125732,194.84010728280478
1778421190.0069401,0.17756511270999908,3.3978796005249023,0.29301366209983826,6.219461384584083,-0.29460620880126953,2.8779208660125732,194.68416040367504
1778421190.0073578,0.17798294126987457,3.394871711730957,0.29301366209983826,0.0,-0.31463822722435,2.8505771160125732,194.51182107053728
1778421190.0079772,0.17856328189373016,3.3917388916015625,0.29301366209983826,0.0,-0.328980952501297,2.8349521160125732,194.33232369914936
1778421190.0646665,0.17913085222244263,3.3884148597717285,0.28297170996665955,-0.17714235543537712,-0.3471360504627228,2.8349521160125732,194.14187070433272
1778421190.065535,0.17983584105968475,3.384984016418457,0.279527485370636,-3.9638907504681935,-0.35498589277267456,2.8349521160125732,193.94529786001974
1778421190.0655992,0.18070191144943237,3.3814268112182617,0.275839626789093,-56.64913254045142,-0.371656596660614,2.8349521160125732,193.74148501518656
1778421190.066251,0.18158085644245148,3.3776144981384277,0.275839626789093,0.0,-0.3910960257053375,2.7861239910125732,193.52305556552955
1778421190.0668032,0.18291515111923218,3.3737919330596924,0.2658710181713104,-18.065618745946665,-0.4075806736946106,2.7861239910125732,193.30403871960394
1778421190.06722,0.1845238357782364,3.369659423828125,0.26182055473327637,-9.706359141985832,-0.41872990131378174,2.7861239910125732,193.06726338183626
1778421190.1252313,0.18625737726688385,3.365572214126587,0.25730422139167786,-0.07785372201041309,-0.43437719345092773,2.7861239910125732,192.8330835159532
1778421190.1257586,0.18760435283184052,3.3612751960754395,0.25305840373039246,-8.033713524255193,-0.4466048777103424,2.7861239910125732,192.58688251713093
1778421190.1264322,0.1891944408416748,3.356935739517212,0.2483423501253128,-7.01376207782998,-0.45395153760910034,2.7861239910125732,192.3382499709641
1778421190.1269617,0.1907205730676651,3.3525798320770264,0.2441030889749527,-8.003136202907713,-0.4606850743293762,2.7861239910125732,192.08867485869186
1778421190.1275015,0.19277499616146088,3.347966194152832,0.23924101889133453,-8.998833961492341,-0.4720185399055481,2.7861239910125732,191.82433287743402
1778421190.1280873,0.19532185792922974,3.3433682918548584,0.23485882580280304,-7.4832531462179706,-0.4781697690486908,2.7861239910125732,191.56089248114662
1778421190.184726,0.1982129067182541,3.338796377182007,0.229940727353096,-0.08683451367478784,-0.4819875955581665,2.7861239910125732,191.2989410660983
1778421190.1848037,0.20159289240837097,3.3341429233551025,0.22541874647140503,-56.737509092661895,-0.4897930324077606,2.7861239910125732,191.03231780165768
1778421190.1863098,0.20501327514648438,3.3293004035949707,0.22070276737213135,-3.135624431783504,-0.5011722445487976,2.7861239910125732,190.75486185719342
1778421190.1880453,0.20810742676258087,3.3244924545288086,0.21589621901512146,-2.7681112261103125,-0.5067904591560364,2.7861239910125732,190.47938666758847
1778421190.1892922,0.21136851608753204,3.319643974304199,0.21089234948158264,-4.015302141058246,-0.5108151435852051,2.7861239910125732,190.20158921366573
1778421190.2451599,0.21405884623527527,3.314518690109253,0.2058708816766739,-0.08988109102637423,-0.5224111676216125,2.7861239910125732,189.9079320604902
1778421190.2456017,0.21659882366657257,3.30949330329895,0.2058708816766739,0.0,-0.5259862542152405,2.6884677410125732,189.61999860583913
1778421190.246249,0.2189519852399826,3.3043956756591797,0.2058708816766739,0.0,-0.5272979140281677,2.6943271160125732,189.32792605655104
1778421190.2463915,0.22117745876312256,3.299237012863159,0.2058708816766739,0.0,-0.522305965423584,2.6923739910125732,189.03235645040792
1778421190.2470078,0.22387909889221191,3.2942519187927246,0.2058708816766739,0.0,-0.5156265497207642,2.7001864910125732,188.74673159969632
1778421190.2473762,0.226464182138443,3.289302110671997,0.2058708816766739,0.0,-0.513009250164032,2.7060458660125732,188.46312848497905
1778421190.305762,0.2286231517791748,3.2844247817993164,0.2058708816766739,0.0,-0.5087328553199768,2.7158114910125732,188.18367812527714
1778421190.3061197,0.23120805621147156,3.279557466506958,0.2058708816766739,0.0,-0.4952671527862549,2.7197177410125732,187.90480150146553
1778421190.3069782,0.2343359738588333,3.2748727798461914,0.2058708816766739,0.0,-0.4883532226085663,2.7294833660125732,187.63638872746236
1778421190.3073719,0.23746109008789062,3.2701804637908936,0.2058708816766739,0.0,-0.4776657223701477,2.7314364910125732,187.36753882135233
1778421190.307756,0.24043335020542145,3.2657101154327393,0.2058708816766739,0.0,-0.47071075439453125,2.7470614910125732,187.11140672747686
1778421190.3081815,0.24312864243984222,3.261206865310669,0.2058708816766739,0.0,-0.45483073592185974,2.7607333660125732,186.85338950139044
1778421190.3644824,0.24560262262821198,3.257023572921753,0.2058708816766739,0.0,-0.4378642737865448,2.7626864910125732,186.61370450303636
1778421190.3650804,0.24783749878406525,3.2529828548431396,0.2058708816766739,0.0,-0.4234364926815033,2.7880771160125732,186.38218841092961
1778421190.3657658,0.2500004768371582,3.2490320205688477,0.2058708816766739,0.0,-0.41409552097320557,2.7997958660125732,186.15582228145703
1778421190.3662894,0.25193822383880615,3.245201587677002,0.2058708816766739,0.0,-0.4026961922645569,2.7997958660125732,185.9363546430462
1778421190.367004,0.25334373116493225,3.2413747310638428,0.2058708816766739,0.0,-0.3904222249984741,2.8095614910125732,185.71709191031044
1778421190.3674834,0.25479650497436523,3.237816095352173,0.2058708816766739,0.0,-0.3761347234249115,2.8095614910125732,185.51319710320723
1778421190.4232354,0.256221741437912,3.234179973602295,0.2058708816766739,0.0,-0.3709462583065033,2.8232333660125732,185.3048626731435
1778421190.4238615,0.2574847936630249,3.230675220489502,0.2058708816766739,0.0,-0.36285725235939026,2.8388583660125732,185.10405511154514
1778421190.4246063,0.2587961256504059,3.2273168563842773,0.2058708816766739,0.0,-0.3520960807800293,2.8486239910125732,184.9116350222475
1778421190.4253151,0.2600083649158478,3.22397518157959,0.2058708816766739,0.0,-0.339330792427063,2.8603427410125732,184.72017115943373
1778421190.4263687,0.2611423134803772,3.2206478118896484,0.2058708816766739,0.0,-0.32941919565200806,2.8622958660125732,184.52952691932032
1778421190.4270139,0.2624736428260803,3.2174792289733887,0.2058708816766739,0.0,-0.3227708339691162,2.8779208660125732,184.3479804911814
1778421190.4844234,0.2642122805118561,3.2144830226898193,0.2058708816766739,0.0,-0.31029418110847473,2.8857333660125732,184.17631051658228
1778421190.4847693,0.26613909006118774,3.2116217613220215,0.2058708816766739,0.0,-0.30321696400642395,2.8954989910125732,184.01237231612365
1778421190.5444086,0.26770448684692383,3.208731174468994,0.2058708816766739,0.0,-0.29285410046577454,2.8857333660125732,183.84675388912916
1778421190.5446591,0.26910632848739624,3.2058982849121094,0.2058708816766739,0.0,-0.2944622337818146,2.8837802410125732,183.68444127369298
1778421190.545148,0.2706332206726074,3.2029521465301514,0.2058708816766739,0.0,-0.2947876453399658,2.8896396160125732,183.5156399785453
1778421190.5456421,0.27255621552467346,3.200126886367798,0.2058708816766739,0.0,-0.2935267686843872,2.8935458660125732,183.35376449521598
1778421190.5459235,0.2746436595916748,3.1973607540130615,0.2058708816766739,0.0,-0.2884970009326935,2.9033114910125732,183.195276785715
1778421190.5464828,0.27677828073501587,3.1946663856506348,0.2058708816766739,0.0,-0.2810995578765869,2.9169833660125732,183.0409008500944
1778421190.5472543,0.27888956665992737,3.1919682025909424,0.2058708816766739,0.0,-0.2755659818649292,2.9130771160125732,182.88630634842033
1778421190.5478806,0.28094008564949036,3.1893858909606934,0.2058708816766739,0.0,-0.2713003158569336,2.9091708660125732,182.7383507906195
1778421190.5492423,0.2828770875930786,3.1867189407348633,0.2058708816766739,0.0,-0.277639776468277,2.9052646160125732,182.58554579850798
1778421190.5495384,0.28473880887031555,3.1840686798095703,0.2058708816766739,0.0,-0.2726159393787384,2.9130771160125732,182.43369703288025
1778421190.6056252,0.2866748869419098,3.1813955307006836,0.2058708816766739,0.0,-0.27490270137786865,2.9033114910125732,182.28053687093188
1778421190.606873,0.28841277956962585,3.178683280944824,0.2058708816766739,0.0,-0.2711542546749115,2.9091708660125732,182.12513640693575
1778421190.6075351,0.2900160551071167,3.1761088371276855,0.2058708816766739,0.0,-0.2714080512523651,2.9072177410125732,181.97763164162018
1778421190.6087317,0.2916041612625122,3.1734323501586914,0.2058708816766739,0.0,-0.2696380913257599,2.8974521160125732,181.82428023437504
1778421190.609776,0.29308420419692993,3.17079758644104,0.2058708816766739,0.0,-0.2696230411529541,2.9013583660125732,181.67331939333943
1778421190.610391,0.29529163241386414,3.168207883834839,0.2058708816766739,0.0,-0.27502381801605225,2.8974521160125732,181.52494036381006
1778421190.665397,0.2975351810455322,3.1654202938079834,0.2058708816766739,0.0,-0.28337976336479187,2.8779208660125732,181.36522322025849
1778421190.6661782,0.29945677518844604,3.162710666656494,0.2058708816766739,0.0,-0.2877863049507141,2.8798739910125732,181.2099730204241
1778421190.666234,0.3008170425891876,3.159940481185913,0.2058708816766739,0.0,-0.29064634442329407,2.8798739910125732,181.05125308449135
1778421190.666837,0.30225905776023865,3.1571199893951416,0.2058708816766739,0.0,-0.2932945787906647,2.8896396160125732,180.88965080872885
1778421190.6674902,0.3038175702095032,3.154381036758423,0.2058708816766739,0.0,-0.2934933304786682,2.8857333660125732,180.73272038235862
1778421190.6675496,0.3056248426437378,3.1515793800354004,0.2058708816766739,0.0,-0.2892400920391083,2.8935458660125732,180.57219727648499
1778421190.7249463,0.3076235353946686,3.148837089538574,0.04443729296326637,-2.8126523639376173,-0.277589350938797,2.8935458660125732,180.415075604818
1778421190.725618,0.3126486539840698,3.14370059967041,0.04079558327794075,-5.419210649576251,-0.27753832936286926,2.8935458660125732,180.1207764138605
1778421190.7256663,0.3126486539840698,3.14370059967041,0.038347404450178146,-49.75973603060398,-0.27157673239707947,2.8935458660125732,180.1207764138605
1778421190.726068,0.31854867935180664,3.1383838653564453,0.037088893353939056,-3.1360854644534024,-0.27155962586402893,2.8935458660125732,179.81614997687794
1778421190.726584,0.32137760519981384,3.1357522010803223,0.037088893353939056,0.0,-0.2711520493030548,2.8974521160125732,179.66536672076072
1778421190.726936,0.3237621784210205,3.1331465244293213,0.037088893353939056,0.0,-0.274709016084671,2.8974521160125732,179.5160724458826
1778421190.7844284,0.32522082328796387,3.1304304599761963,0.029818780720233917,-0.12645543482841082,-0.2748851180076599,2.8974521160125732,179.360453415833
1778421190.7848167,0.3260124623775482,3.127849817276001,0.02608823962509632,-9.592546066597409,-0.2785106599330902,2.8974521160125732,179.2125934806806
1778421190.7851675,0.32713112235069275,3.125152587890625,0.023480292409658432,-7.438526167382392,-0.27763161063194275,2.8974521160125732,179.05805362051987
1778421190.7856765,0.327556848526001,3.1225552558898926,0.018233265727758408,-10.316607672183977,-0.272674024105072,2.8974521160125732,178.90923745888364
1778421190.7864852,0.3267345428466797,3.1199111938476562,0.01677854172885418,-1.798842547848665,-0.2758069932460785,2.8974521160125732,178.75774386309274
1778421190.7873015,0.3247934877872467,3.1174776554107666,0.015595539472997189,-1.4479831900263558,-0.27509772777557373,2.8974521160125732,178.61831238137611
1778421190.845331,0.3220992386341095,3.1148693561553955,0.015595539472997189,0.0,-0.27426213026046753,2.9013583660125732,178.46886784233624
1778421190.8461614,0.31974756717681885,3.113093137741089,0.015595539472997189,0.0,-0.275816410779953,2.9931552410125732,178.36709802370305
1778421190.8466973,0.32334256172180176,3.1113624572753906,0.009426971897482872,-11.506374721393666,-0.19197392463684082,2.9931552410125732,178.2679373373328
1778421190.847821,0.32567015290260315,3.1075737476348877,0.005840766709297895,-3.192278080701601,-0.1690538227558136,2.9931552410125732,178.05086026513146
1778421190.8486943,0.32618558406829834,3.102595329284668,0.0008938015671446919,-5.666626661401974,-0.3955167829990387,2.9931552410125732,177.76561790501339
1778421190.849304,0.3238101899623871,3.096848964691162,-0.004501864779740572,-8.842455649806222,-0.5178154706954956,2.9931552410125732,177.4363754662621
1778421190.9047544,0.3199222683906555,3.0909006595611572,-0.010660269297659397,-0.11106310084579549,-0.5834062695503235,2.9931552410125732,177.0955626870568
1778421190.9052584,0.31551170349121094,3.084912061691284,-0.016324499621987343,-11.220741483497413,-0.6154743432998657,2.9931552410125732,176.75244130391204
1778421190.9059706,0.3094886541366577,3.0789923667907715,-0.022556772455573082,-8.749505821195262,-0.6248159408569336,2.9931552410125732,176.41326777010752
1778421190.9064827,0.3033062517642975,3.0731465816497803,-0.028092801570892334,-10.812556893156996,-0.6092822551727295,2.9931552410125732,176.07832895358845
1778421190.9073775,0.29802805185317993,3.0676610469818115,-0.0339263491332531,-6.527411219072052,-0.6016004681587219,2.9931552410125732,175.76403096874114
1778421190.9079564,0.29263532161712646,3.062791109085083,-0.03871312737464905,-8.264465387947235,-0.5623659491539001,2.9931552410125732,175.4850040807678
1778421190.9655528,0.28720343112945557,3.0581986904144287,-0.03871312737464905,0.0,-0.508208692073822,2.6201083660125732,175.22187787318222
1778421190.965628,0.28195685148239136,3.0538952350616455,-0.04790215566754341,-120.74939038755136,-0.4692883789539337,2.6201083660125732,174.97530804414475
1778421190.9668941,0.2767642140388489,3.049532890319824,-0.05271294713020325,-3.8005936510010208,-0.4460710287094116,2.6201083660125732,174.7253641016573
1778421190.967545,0.2717888057231903,3.0452847480773926,-0.05696998909115791,-6.5432553327423095,-0.44510170817375183,2.6201083660125732,174.48196348039474
1778421190.9681635,0.26712286472320557,3.0412216186523438,-0.06123198941349983,-6.888638028221354,-0.4354177415370941,2.6201083660125732,174.24916331272402
1778421190.9686317,0.2632873058319092,3.0372414588928223,-0.06534526497125626,-8.775924158409042,-0.42791569232940674,2.6201083660125732,174.02111695671564
1778421191.0248656,0.26018035411834717,3.0337073802948,-0.06901200860738754,-0.0652071879787737,-0.4039328098297119,2.6201083660125732,173.81862916858142
1778421191.0258484,0.2576889991760254,3.0305755138397217,-0.07216036319732666,-3.1988971180199934,-0.369768887758255,2.6201083660125732,173.63918643870687
1778421191.0259092,0.25547870993614197,3.027782678604126,-0.07511114329099655,-48.05830625191972,-0.32243359088897705,2.6201083660125732,173.4791687668318
1778421191.0265803,0.2531256377696991,3.025146484375,-0.07770030200481415,-3.8632628877601323,-0.29025304317474365,2.6201083660125732,173.32812596352613
1778421191.0272498,0.2508033812046051,3.0226247310638428,-0.08048340678215027,-4.156369107675088,-0.26472151279449463,2.6201083660125732,173.1836401418237
1778421191.0277905,0.2484763264656067,3.0195930004119873,-0.08354387432336807,-5.656011110983219,-0.26960018277168274,2.6201083660125732,173.0099347708519
1778421191.0861032,0.2465522140264511,3.016356945037842,-0.08691667765378952,-0.05784133315926193,-0.3076232969760895,2.6201083660125732,172.82452245564275
1778421191.0868542,0.24447621405124664,3.0128655433654785,-0.0902494415640831,-4.432456200652384,-0.34427550435066223,2.6201083660125732,172.62447987523143
1778421191.0880818,0.24232494831085205,3.0093834400177,-0.09410849213600159,-3.142549378986342,-0.35884836316108704,2.6201083660125732,172.42497004957536
1778421191.0884488,0.23988664150238037,3.005858898162842,-0.09784816205501556,-10.192613576330091,-0.3715120255947113,2.6201083660125732,172.22302867657476
1778421191.0888703,0.23713190853595734,3.0021796226501465,-0.10170520842075348,-9.144253842802613,-0.3775177597999573,2.6201083660125732,172.01222171803147
1778421191.089445,0.23420941829681396,2.9985413551330566,-0.10541152209043503,-6.455867673842029,-0.3926192820072174,2.6201083660125732,171.8037643445627
1778421191.1455748,0.23120911419391632,2.994544744491577,-0.10989159345626831,-0.0798169826689423,-0.4164692759513855,2.6201083660125732,171.57477542244885
1778421191.1465003,0.22806411981582642,2.990237236022949,-0.1144043579697609,-4.870765891265009,-0.44734376668930054,2.6201083660125732,171.3279733669796
1778421191.146913,0.22445616126060486,2.9854986667633057,-0.11914585530757904,-11.486185410012903,-0.49083787202835083,2.6201083660125732,171.0564733474716
1778421191.1469626,0.2206137776374817,2.980339527130127,-0.13052070140838623,-227.9528203010584,-0.5388948321342468,2.6201083660125732,170.76087642057178
1778421191.1478739,0.21654704213142395,2.9745259284973145,-0.1371326893568039,-7.265920802656777,-0.5933695435523987,2.6201083660125732,170.4277817551286
1778421191.1486053,0.2128545492887497,2.9682207107543945,-0.1371326893568039,0.0,-0.6544380784034729,2.3701083660125732,170.0665193895483
1778421191.2046895,0.20980209112167358,2.9611361026763916,-0.15184175968170166,-0.26226997011038167,-0.7361019849777222,2.3701083660125732,169.66060124717444
1778421191.2047448,0.207303985953331,2.953655958175659,-0.1593707948923111,-134.44708169082892,-0.7692017555236816,2.3701083660125732,169.23202053713447
1778421191.2052617,0.20449243485927582,2.9462692737579346,-0.1593707948923111,0.0,-0.777161180973053,2.3154208660125732,168.8087946954038
1778421191.2057638,0.20156283676624298,2.9386513233184814,-0.16707076132297516,-15.347750277420353,-0.7932664752006531,2.3154208660125732,168.3723182866833
1778421191.2061336,0.19858995079994202,2.931213140487671,-0.17480911314487457,-20.942765957228946,-0.7851689457893372,2.3154208660125732,167.9461418032312
1778421191.2067184,0.19557912647724152,2.924098253250122,-0.18208253383636475,-12.428948483882909,-0.7485818862915039,2.3154208660125732,167.53848879280815
1778421191.2644448,0.19246073067188263,2.917416572570801,-0.18880219757556915,-0.11640639192110712,-0.6900784969329834,2.3154208660125732,167.15565668982893
1778421191.2648458,0.18925099074840546,2.9112493991851807,-0.1950524002313614,-15.567129851287763,-0.6318641901016235,2.3154208660125732,166.80230368330749
1778421191.2653522,0.18599776923656464,2.9057211875915527,-0.2007565200328827,-11.264059322156635,-0.5770555734634399,2.3154208660125732,166.48556049073733
1778421191.2657619,0.18247182667255402,2.9005322456359863,-0.20619572699069977,-13.285800963497442,-0.5340909957885742,2.3154208660125732,166.188256016545
1778421191.266173,0.17901398241519928,2.8956034183502197,-0.21144376695156097,-12.759640422978512,-0.5113556981086731,2.3154208660125732,165.90585501512166
1778421191.2668254,0.17599733173847198,2.8905906677246094,-0.21652957797050476,-7.795541216382209,-0.5174581408500671,2.3154208660125732,165.61864556052262
1778421191.3258505,0.17316381633281708,2.8856050968170166,-0.22177006304264069,-0.08878596550553453,-0.5175007581710815,2.3154208660125732,165.33299338905437
1778421191.326406,0.17067617177963257,2.880542755126953,-0.22700190544128418,-9.397956698811056,-0.5249260663986206,2.3154208660125732,165.04294257576058
1778421191.326464,0.16880683600902557,2.8752031326293945,-0.23273374140262604,-97.98008701297732,-0.547454297542572,2.3154208660125732,164.73700474245737
1778421191.3270068,0.16704897582530975,2.8697879314422607,-0.2381291538476944,-9.945460762725295,-0.5649204254150391,2.3154208660125732,164.42673656922037
1778421191.327126,0.165188729763031,2.864219903945923,-0.24383488297462463,-47.78667332268468,-0.578148603439331,2.3154208660125732,164.10771209346743
1778421191.385341,0.1633356213569641,2.858652353286743,-0.2551115155220032,-0.1937123054424172,-0.5827594995498657,2.3154208660125732,163.78871493847114
1778421191.3862734,0.16131412982940674,2.8530433177948,-0.26041358709335327,-5.683429690960935,-0.5696805119514465,2.3154208660125732,163.46734087764372
1778421191.3876667,0.15917156636714935,2.8477206230163574,-0.26041358709335327,0.0,-0.5531518459320068,2.6005771160125732,163.16237293120264
1778421191.3877268,0.15699513256549835,2.8425989151000977,-0.2656371593475342,-85.35248733127388,-0.5261712670326233,2.6005771160125732,162.8689206837022
1778421191.3882434,0.15488316118717194,2.8375167846679688,-0.2706272304058075,-9.670680344338924,-0.5235466361045837,2.6044833660125732,162.57773605900624
1778421191.389218,0.15284666419029236,2.8323216438293457,-0.2706272304058075,0.0,-0.53440922498703,2.6259677410125732,162.28007641497706
1778421191.3898845,0.15099459886550903,2.82724928855896,-0.2839575409889221,-20.000466534633233,-0.5297300815582275,2.6259677410125732,161.98945186579303
1778421191.4438486,0.1491275131702423,2.822251081466675,-0.2864873707294464,-0.046880299677919644,-0.5169291496276855,2.6259677410125732,161.70307569427274
1778421191.4447083,0.14747297763824463,2.8173069953918457,-0.29154372215270996,-5.884952814838699,-0.5172673463821411,2.6259677410125732,161.41980042863563
1778421191.4454136,0.14564014971256256,2.812345027923584,-0.29154372215270996,0.0,-0.5105106234550476,2.6591708660125732,161.135500634623
1778421191.445803,0.1439920961856842,2.8074841499328613,-0.29154372215270996,0.0,-0.5039606690406799,2.6728427410125732,160.85699284102657
1778421191.4466176,0.14261752367019653,2.8028252124786377,-0.29154372215270996,0.0,-0.48155856132507324,2.7158114910125732,160.59005538788415
1778421191.5048895,0.14138463139533997,2.7984681129455566,-0.29154372215270996,0.0,-0.4462386667728424,2.7880771160125732,160.34041197372017
1778421191.505422,0.1405201107263565,2.794733762741089,-0.29154372215270996,0.0,-0.38316234946250916,2.8564364910125732,160.12644946778036
1778421191.5059369,0.13959501683712006,2.7918598651885986,-0.29154372215270996,0.0,-0.30433714389801025,2.9208896160125732,159.9617872672697
1778421191.5065842,0.13875341415405273,2.78961443901062,-0.29154372215270996,0.0,-0.23240457475185394,2.9658114910125732,159.83313382406334
1778421191.5073411,0.137822225689888,2.787872791290283,-0.29154372215270996,0.0,-0.17690804600715637,3.0322177410125732,159.73334476028944
1778421191.507814,0.1367454081773758,2.786701202392578,-0.29154372215270996,0.0,-0.09589171409606934,3.1103427410125732,159.66621766112655
1778421191.5645666,0.13571549952030182,2.786438465118408,-0.29154372215270996,0.0,-0.017470384016633034,3.1708896160125732,159.65116392419586
1778421191.5650804,0.1348201036453247,2.7868423461914062,-0.29154372215270996,0.0,0.045687805861234665,3.1962802410125732,159.67430460510386
1778421191.5651846,0.1341039091348648,2.787531852722168,-0.29154372215270996,0.0,0.06959955394268036,3.2040927410125732,159.7138104192632
1778421191.5656781,0.13354764878749847,2.7881338596343994,-0.29154372215270996,0.0,0.0672508254647255,3.2060458660125732,159.74830287457178
1778421191.565719,0.13354836404323578,2.788745641708374,-0.29154372215270996,0.0,0.06445452570915222,3.2236239910125732,159.78335540539229
1778421191.5665839,0.1337708830833435,2.789442539215088,-0.29154372215270996,0.0,0.0660366341471672,3.2158114910125732,159.82328469128018
1778421191.625487,0.13418903946876526,2.7901065349578857,-0.29154372215270996,0.0,0.06514106690883636,3.2158114910125732,159.86132884495714
1778421191.6263857,0.13460440933704376,2.79068922996521,-0.29154372215270996,0.0,0.06539316475391388,3.2236239910125732,159.89471480962015
1778421191.6270525,0.13500253856182098,2.7913978099823,-0.29154372215270996,0.0,0.0689554288983345,3.2099521160125732,159.9353134540467
1778421191.62727,0.13506506383419037,2.7921814918518066,-0.29154372215270996,0.0,0.0745689794421196,3.2177646160125732,159.98021511765037
1778421191.628215,0.13512763381004333,2.7929654121398926,-0.29154372215270996,0.0,0.0834861770272255,3.2412021160125732,160.02513044163237
1778421191.6287122,0.13490238785743713,2.793942451477051,-0.29154372215270996,0.0,0.10272641479969025,3.2822177410125732,160.0811106720698
1778421191.6851323,0.1344567984342575,2.7952888011932373,-0.29154372215270996,0.0,0.13989891111850739,3.3408114910125732,160.15825082855594
1778421191.685916,0.13390830159187317,2.7971951961517334,-0.29154372215270996,0.0,0.19531415402889252,3.4540927410125732,160.26747921376278
1778421191.6866016,0.1333647072315216,2.800055742263794,-0.29154372215270996,0.0,0.2955115735530853,3.5947177410125732,160.4313764330864
1778421191.687391,0.1329522430896759,2.804222583770752,-0.29815641045570374,-8.377914835401674,0.4294343590736389,3.5947177410125732,160.67011886533504
1778421191.688175,0.1331130564212799,2.809933662414551,-0.29815641045570374,0.0,0.5907683968544006,3.8954989910125732,160.997339568092
1778421191.6887076,0.1338590532541275,2.8170580863952637,-0.28261473774909973,29.16433326284479,0.7356365323066711,3.8954989910125732,161.40553899364863
1778421191.7452083,0.13602349162101746,2.825009822845459,-0.2741478979587555,0.14985636719804515,0.8122543692588806,3.8954989910125732,161.86113993204518
1778421191.745664,0.13978736102581024,2.832934856414795,-0.2654808759689331,18.981650755702034,0.8318588733673096,3.8954989910125732,162.31521090806763
1778421191.7462332,0.14453591406345367,2.8412630558013916,-0.25575020909309387,17.09533892336177,0.8539237380027771,3.8954989910125732,162.79238158386306
1778421191.7467,0.14973099529743195,2.8499414920806885,-0.2456737905740738,21.59078305953782,0.8951317667961121,3.8954989910125732,163.28961935543998
1778421191.7471693,0.15606284141540527,2.859428644180298,-0.22207699716091156,50.23801059424049,0.9774954915046692,3.8954989910125732,163.83319313034627
1778421191.7477114,0.16319923102855682,2.8699159622192383,-0.20876088738441467,24.573002279003425,1.084977149963379,3.8954989910125732,164.43407219238898
1778421191.8066356,0.17043986916542053,2.8817243576049805,-0.20876088738441467,0.0,1.2151261568069458,4.682608127593994,165.11064341081376
1778421191.8071766,0.17805956304073334,2.894558906555176,-0.1939041167497635,27.451535399174745,1.3282687664031982,4.682608127593994,165.846008897614
1778421191.8077533,0.18588675558567047,2.9087655544281006,-0.1766510307788849,29.948075350681965,1.4624059200286865,4.682608127593994,166.65998986176112
1778421191.808852,0.19278667867183685,2.9243502616882324,-0.1602085679769516,14.964017648660036,1.619178056716919,4.682608127593994,167.55292781271356
1778421191.8094337,0.19784533977508545,2.9411165714263916,-0.14402660727500916,27.794504365074605,1.7268699407577515,4.682608127593994,168.51356659871917
1778421191.8652565,0.2024315595626831,2.9578840732574463,-0.11363212019205093,0.5444893963990326,1.7315220832824707,4.682608127593994,169.47427368661647
1778421191.86544,0.20641519129276276,2.9737608432769775,-0.10145311057567596,65.90373844095112,1.6452293395996094,4.682608127593994,170.38394560103546
1778421191.866226,0.2094523310661316,2.9883930683135986,-0.10145311057567596,0.0,1.5050597190856934,4.233389377593994,171.2223103405195
1778421191.8662813,0.21257653832435608,3.0013315677642822,-0.09031597524881363,199.23322897950706,1.335359811782837,4.233389377593994,171.963631752276
1778421191.8667724,0.21535290777683258,3.012587547302246,-0.08149673044681549,17.97644642356288,1.1630996465682983,4.233389377593994,172.60855187408694
1778421191.8672132,0.2175246924161911,3.0222842693328857,-0.08149673044681549,0.0,0.9945459365844727,3.6533114910125732,173.16413312155413
1778421191.9253905,0.21951521933078766,3.0278663635253906,-0.08149673044681549,0.0,0.5819826126098633,3.4462802410125732,173.48396355962916
1778421191.9263616,0.22185833752155304,3.031311273574829,-0.06557809561491013,16.868321373273975,0.34962713718414307,3.4462802410125732,173.68134236626418
1778421191.9273074,0.2242918163537979,3.033176898956299,-0.06557809561491013,0.0,0.19144855439662933,3.2392489910125732,173.78823482677487
1778421191.9282043,0.22679942846298218,3.0340585708618164,-0.06557809561491013,0.0,0.09971609711647034,3.2060458660125732,173.83875090587628
1778421191.9290934,0.22918111085891724,3.0347180366516113,-0.06557809561491013,0.0,0.05940394848585129,3.2275302410125732,173.8765355123648
1778421191.9298017,0.231541708111763,3.035364866256714,-0.06557809561491013,0.0,0.06791171431541443,3.2744052410125732,173.91359611880128
1778421191.9851527,0.23391519486904144,3.036458730697632,-0.06557809561491013,0.0,0.10692837834358215,3.3193271160125732,173.97626993462532
1778421191.9858127,0.23618896305561066,3.037935256958008,-0.06557809561491013,0.0,0.16098080575466156,3.3662021160125732,174.06086865768512
1778421191.9858603,0.23851212859153748,3.040031671524048,-0.06557809561491013,0.0,0.20780663192272186,3.4150302410125732,174.18098436442895
1778421191.986521,0.24107401072978973,3.04249906539917,-0.06557809561491013,0.0,0.2610761523246765,3.4892489910125732,174.32235561986988
1778421191.9872725,0.24409495294094086,3.0458176136016846,-0.06557809561491013,0.0,0.3235681653022766,3.5771396160125732,174.5124944259847
1778421191.9880438,0.2486884891986847,3.0498387813568115,-0.06557809561491013,0.0,0.4041891396045685,3.6767489910125732,174.74289036706756
1778421192.0449302,0.2544414699077606,3.0546867847442627,-0.06557809561491013,0.0,0.4935561716556549,3.7568271160125732,175.02066050023365
1778421192.0454335,0.2596490979194641,3.060366630554199,-0.06557809561491013,0.0,0.5891795754432678,3.7919833660125732,175.34609169342806
1778421192.0461276,0.2651284635066986,3.066483974456787,-0.06557809561491013,0.0,0.6355680823326111,3.7802646160125732,175.69658968087643
1778421192.0466356,0.2704581022262573,3.072772741317749,-0.06557809561491013,0.0,0.6430113911628723,3.7685458660125732,176.0569094803513
1778421192.0471148,0.2749840319156647,3.079077959060669,-0.06557809561491013,0.0,0.6455643177032471,3.7548739910125732,176.4181718459316
1778421192.0475292,0.2795560657978058,3.085157871246338,-0.06557809561491013,0.0,0.634014368057251,3.7099521160125732,176.7665251539806
1778421192.1057706,0.28476306796073914,3.090918779373169,-0.06557809561491013,0.0,0.590274453163147,3.6376864910125732,177.09660087581062
1778421192.1063035,0.2890371084213257,3.096071720123291,-0.06557809561491013,0.0,0.5366465449333191,3.5810458660125732,177.39184263287362
1778421192.1074283,0.2965683043003082,3.104567289352417,-0.06557809561491013,0.0,0.4677823781967163,3.5263583660125732,177.87860289426374
1778421192.1075034,0.29859885573387146,3.106621742248535,0.010267699137330055,995.3516613627926,0.40289825201034546,3.5263583660125732,177.99631437441974
1778421192.1079576,0.3010295331478119,3.105914354324341,0.010267699137330055,0.0,0.21526208519935608,3.1181552410125732,177.9557840318849
1778421192.1088588,0.30649080872535706,3.1064207553863525,0.010267699137330055,0.0,-0.07674361765384674,3.3037021160125732,177.98479867547908
1778421192.1657362,0.31050267815589905,3.1063449382781982,0.010267699137330055,0.0,0.05490344017744064,3.1474521160125732,177.98045467516695
1778421192.166677,0.3159544765949249,3.10640811920166,0.010267699137330055,0.0,-0.012708942405879498,3.1650302410125732,177.98407467542708
1778421192.1667416,0.32030975818634033,3.10638165473938,0.010267699137330055,0.0,0.0022949539124965668,3.1650302410125732,177.98255837343132
1778421192.1672602,0.32376331090927124,3.106649160385132,0.010267699137330055,0.0,0.0066206734627485275,3.1826083660125732,177.99788531792885
1778421192.1677713,0.3271356523036957,3.1070070266723633,0.010267699137330055,0.0,0.021053632721304893,3.2001864910125732,178.0183895458172
1778421192.1683109,0.33040663599967957,3.1073808670043945,0.010267699137330055,0.0,0.03885791450738907,3.2001864910125732,178.0398090190544
1778421192.2246394,0.33399808406829834,3.1078531742095947,0.010267699137330055,0.0,0.04493410140275955,3.2001864910125732,178.06687022854595
1778421192.2252867,0.3373280167579651,3.1084814071655273,0.010267699137330055,0.0,0.04924248158931732,3.2060458660125732,178.10286532547192
1778421192.225701,0.3400070071220398,3.1089367866516113,0.010267699137330055,0.0,0.047163624316453934,3.2099521160125732,178.1289566481014
1778421192.2261174,0.3409186899662018,3.1093389987945557,0.010267699137330055,0.0,0.04568634554743767,3.1943271160125732,178.152001706361
1778421192.2265873,0.34017372131347656,3.1096620559692383,0.010267699137330055,0.0,0.03980066999793053,3.1708896160125732,178.17051151901174
1778421192.2271185,0.3389483392238617,3.1096060276031494,0.010267699137330055,0.0,0.02246888354420662,3.1513583660125732,178.16730133010182
1778421192.2846792,0.3373028635978699,3.1094400882720947,0.010267699137330055,0.0,0.004381513223052025,3.1298739910125732,178.15779370677717
1778421192.2851734,0.3353025019168854,3.1091537475585938,0.010267699137330055,0.0,-0.01786760613322258,3.1083896160125732,178.1413875923908
1778421192.2856941,0.3318556845188141,3.1083920001983643,0.010267699137330055,0.0,-0.04371380805969238,3.0771396160125732,178.09774268359442
1778421192.2861307,0.32619380950927734,3.1072986125946045,0.010267699137330055,0.0,-0.07240626215934753,3.0146396160125732,178.03509618852706
1778421192.286459,0.31890055537223816,3.105698347091675,0.010267699137330055,0.0,-0.12210765480995178,2.9306552410125732,177.94340772910883
1778421192.2871947,0.3175574839115143,3.104243755340576,0.010267699137330055,0.0,-0.16038136184215546,3.0576083660125732,177.86006576085632
1778421192.3453374,0.3178659677505493,3.1009583473205566,0.010267699137330055,0.0,-0.14552339911460876,2.7763583660125732,177.67182574733076
1778421192.3454027,0.3150414228439331,3.095064401626587,0.010267699137330055,0.0,-0.33742576837539673,2.5068271160125732,177.334127534387
1778421192.3459213,0.30973830819129944,3.0867466926574707,0.010267699137330055,0.0,-0.6086390614509583,2.2412021160125732,176.85755791523852
1778421192.3467822,0.30138424038887024,3.0762691497802734,0.010267699137330055,0.0,-0.8642553091049194,2.0068271160125732,176.25723892870778
1778421192.3476677,0.29038289189338684,3.06400728225708,0.010267699137330055,0.0,-1.082722544670105,1.8349519968032837,175.55468567068024
1778421192.3480864,0.2782021164894104,3.0502939224243164,0.010267699137330055,0.0,-1.2551180124282837,1.6689363718032837,174.76896802931867
1778421192.4060037,0.26699841022491455,3.0353076457977295,0.010267699137330055,0.0,-1.4117988348007202,1.5419832468032837,173.9103176279997
1778421192.4066796,0.25709012150764465,3.0197174549102783,0.010267699137330055,0.0,-1.5455793142318726,1.5302644968032837,173.01706548834542
1778421192.4074516,0.2487293779850006,3.0043439865112305,0.010267699137330055,0.0,-1.6076622009277344,1.5634676218032837,172.13623063260223
1778421192.4080355,0.24009175598621368,2.9892795085906982,0.010267699137330055,0.0,-1.5837163925170898,1.5810457468032837,171.27309962718772
1778421192.4085994,0.2312856763601303,2.974273681640625,0.010267699137330055,0.0,-1.5602478981018066,1.5849519968032837,170.41332907484485
1778421192.4089031,0.223016157746315,2.9600021839141846,0.010267699137330055,0.0,-1.5422612428665161,1.6747957468032837,169.59563248778926
1778421192.4646323,0.21477144956588745,2.9463391304016113,0.010267699137330055,0.0,-1.4786280393600464,1.7353426218032837,168.81279718625743
1778421192.4649463,0.2071409523487091,2.9338150024414062,0.010267699137330055,0.0,-1.4016226530075073,1.8486238718032837,168.09521751205588
1778421192.465355,0.2003111094236374,2.9225399494171143,0.010267699137330055,0.0,-1.2998125553131104,2.0009677410125732,167.44920455997774
1778421192.465803,0.19449813663959503,2.9124159812927246,0.010267699137330055,0.0,-1.1685656309127808,2.1162021160125732,166.86914391452524
1778421192.46624,0.18937984108924866,2.903550148010254,0.010267699137330055,0.0,-1.0440226793289185,2.2822177410125732,166.36116908557304
1778421192.4670668,0.184727281332016,2.8960888385772705,0.010267699137330055,0.0,-0.9072534441947937,2.4033114910125732,165.93366754542194
1778421192.524678,0.17990189790725708,2.88985013961792,0.010267699137330055,0.0,-0.6484818458557129,2.5107333660125732,165.5762164253985
1778421192.5252233,0.17436660826206207,2.8844237327575684,0.010267699137330055,0.0,-0.5533711910247803,2.5790927410125732,165.26530621437954
1778421192.5252728,0.1695556491613388,2.879897356033325,0.010267699137330055,0.0,-0.46921730041503906,2.6767489910125732,165.00596393159415
1778421192.5259166,0.164553701877594,2.875992774963379,0.010267699137330055,0.0,-0.40371939539909363,2.7099521160125732,164.78224791551955
1778421192.5265088,0.16016870737075806,2.87247896194458,0.010267699137330055,0.0,-0.3572219908237457,2.7822177410125732,164.58092125954425
1778421192.526922,0.1560940146446228,2.869152069091797,0.010267699137330055,0.0,-0.34248271584510803,2.7626864910125732,164.39030434018753
1778421192.585334,0.15240870416164398,2.865844249725342,0.010267699137330055,0.0,-0.3491778075695038,2.7587802410125732,164.20078025109802
1778421192.586429,0.14802582561969757,2.8620200157165527,0.010267699137330055,0.0,-0.38983702659606934,2.6923739910125732,163.981667782524
1778421192.5865698,0.1434241682291031,2.8578240871429443,0.010267699137330055,0.0,-0.43767741322517395,2.6513583660125732,163.7412587841179
1778421192.5876057,0.13890480995178223,2.853145122528076,0.010267699137330055,0.0,-0.4795667827129364,2.6122958660125732,163.4731738591949
1778421192.588587,0.1341617852449417,2.848247528076172,0.010267699137330055,0.0,-0.5117323398590088,2.5771396160125732,163.1925623673341
1778421192.5890849,0.1292363554239273,2.8429319858551025,0.010267699137330055,0.0,-0.5405969023704529,2.5634677410125732,162.88800423224322
1778421192.645416,0.12498126178979874,2.837517261505127,-0.2636958360671997,-4.863494001847099,-0.5648006200790405,2.5634677410125732,162.5777633797629
1778421192.646077,0.120958611369133,2.831892490386963,-0.2636958360671997,0.0,-0.5783992409706116,2.5458896160125732,162.25548773396503
1778421192.6465406,0.1175147220492363,2.8267054557800293,-0.2636958360671997,0.0,-0.5347180366516113,2.6064364910125732,161.95829254279943
1778421192.6467774,0.11529948562383652,2.8222432136535645,-0.2805157005786896,-70.93995969407959,-0.4625517725944519,2.6064364910125732,161.70262490178752
1778421192.6472557,0.11366850137710571,2.818957567214966,-0.2854262590408325,-10.268838202727105,-0.3364328444004059,2.6064364910125732,161.51437122788363
1778421192.648118,0.11289758235216141,2.8171772956848145,-0.28662919998168945,-1.395523155541339,-0.17577803134918213,2.6064364910125732,161.41236918281865
1778421192.764874,0.11266996711492538,2.8170883655548096,-0.2866203188896179,7.606559740957196e-05,-0.011896383948624134,2.6064364910125732,161.40727386169783
1778421192.7654984,0.11279002577066422,2.8181939125061035,-0.2849961519241333,2.598667202860129,0.10834798216819763,2.6064364910125732,161.47061703606053
1778421192.7660398,0.11399931460618973,2.819465160369873,-0.28351709246635437,2.732420854170781,0.13708390295505524,2.6064364910125732,161.54345417336953
1778421192.7660992,0.11514424532651901,2.8204843997955322,-0.2826675474643707,14.112044926263842,0.09431002289056778,2.6064364910125732,161.60185229077314
1778421192.7667584,0.11574134230613708,2.8207101821899414,-0.28238236904144287,0.4328755591266306,0.0329945906996727,2.6064364910125732,161.61478866906114
1778421192.7671587,0.11627911031246185,2.8207647800445557,-0.2823733985424042,0.022392658918286307,-0.004180958494544029,2.6064364910125732,161.61791689570103
1778421192.767563,0.11700151860713959,2.820577621459961,-0.2824447453022003,-0.17712700548543606,-0.01687031239271164,2.6064364910125732,161.6071934987041
1778421192.7680948,0.11799481511116028,2.8208537101745605,-0.28178998827934265,1.2293598315540615,0.029004212468862534,2.6064364910125732,161.62301221682185
1778421192.7689903,0.11970917135477066,2.821967840194702,-0.2800721526145935,1.9180835719277636,0.11569061875343323,2.6064364910125732,161.6868471648048
1778421192.769381,0.12073314934968948,2.8238861560821533,-0.2780410051345825,5.1920946499394045,0.1932719498872757,2.6064364910125732,161.79675856892862
1778421192.7698503,0.12174033373594284,2.826009750366211,-0.27566033601760864,5.077136200405169,0.22194519639015198,2.6064364910125732,161.91843155880323
1778421192.7714539,0.12368468940258026,2.8285815715789795,-0.2729038894176483,1.7189115878763996,0.2533184587955475,2.6064364910125732,162.0657860599571
1778421192.8249621,0.12685994803905487,2.831831455230713,-0.2688160538673401,0.07639785953802446,0.33262738585472107,2.6064364910125732,162.25199067710997
1778421192.8258812,0.13087593019008636,2.8365836143493652,-0.26344412565231323,5.839052462786719,0.4943341314792633,2.6064364910125732,162.52426933818336
1778421192.826153,0.1354466825723648,2.8432438373565674,-0.25546813011169434,29.34508993865174,0.6864892840385437,2.6064364910125732,162.90587200711198
1778421192.8834302,0.1412367969751358,2.851632833480835,-0.24640055000782013,0.15831074026911404,0.8721003532409668,2.6064364910125732,163.3865260793841
1778421192.8838546,0.1480882465839386,2.861790180206299,-0.23464231193065643,27.679467898674,1.038675308227539,2.6064364910125732,163.96849917780423
1778421192.8844302,0.15554802119731903,2.873516321182251,-0.22240181267261505,21.27302666136519,1.219948410987854,2.6064364910125732,164.6403575657017
1778421192.8851185,0.16266444325447083,2.8867554664611816,-0.20767095685005188,21.398686455016488,1.3658888339996338,2.6064364910125732,165.39890471454498
1778421192.885694,0.16976167261600494,2.900777816772461,-0.17931605875492096,49.261463994500815,1.4475659132003784,2.6064364910125732,166.20232620623523
1778421192.8862402,0.17592284083366394,2.9150230884552,-0.16541245579719543,25.455150181787044,1.464614987373352,2.6064364910125732,167.0185201516734
1778421192.8871365,0.1812104731798172,2.9287946224212646,-0.16541245579719543,0.0,1.4216525554656982,4.418936252593994,167.80757092534998
1778421192.8880618,0.18636812269687653,2.941772699356079,-0.15234139561653137,14.133931875259119,1.3336321115493774,4.418936252593994,168.55115995991093
1778421192.8895972,0.1914873868227005,2.9537835121154785,-0.14028999209403992,7.850054455936379,1.2514607906341553,4.418936252593994,169.23932883954637
1778421192.94525,0.1957836002111435,2.9653587341308594,-0.12880319356918335,0.20640331419917632,1.18485689163208,4.418936252593994,169.90254020795462
1778421192.945994,0.1988271027803421,2.9756364822387695,-0.11886631697416306,13.37399251980647,1.0636475086212158,4.418936252593994,170.49141179743646
1778421192.9464169,0.201650932431221,2.98408579826355,-0.11099813133478165,18.513378997359975,0.8732851147651672,4.418936252593994,170.9755219454286
1778421192.9468646,0.20459473133087158,2.9902448654174805,-0.10528125613927841,12.77799547466012,0.6408409476280212,4.418936252593994,171.3284104990865
1778421192.947302,0.2067202776670456,2.994312047958374,-0.10177406668663025,8.0292797321808,0.41030603647232056,4.418936252593994,171.56144289318897
1778421193.0051956,0.20818717777729034,2.9965980052948,-0.09969338029623032,0.03594064132707969,0.2413553148508072,4.418936252593994,171.69241860071315
1778421193.0069106,0.20964783430099487,2.9981164932250977,-0.09809324145317078,0.9322645311649137,0.15653768181800842,4.418936252593994,171.77942155036078
1778421193.0086784,0.21118155121803284,2.999654769897461,-0.09644399583339691,0.9329367762165168,0.1533864140510559,4.418936252593994,171.86755831141062
1778421193.009637,0.21311870217323303,3.001889705657959,-0.09386300295591354,2.6907765646563044,0.2281063050031662,4.418936252593994,171.99561069797002
1778421193.0099993,0.21587501466274261,3.0050878524780273,-0.09386300295591354,0.0,0.3366182744503021,3.6611239910125732,172.17885101302312
1778421193.010465,0.21938841044902802,3.0096004009246826,-0.09386300295591354,0.0,0.45556533336639404,3.7802646160125732,172.43740099386477
1778421193.0656004,0.22370545566082,3.015064239501953,-0.09386300295591354,0.0,0.5711814761161804,3.8915927410125732,172.75045588428313
1778421193.0667813,0.2288030982017517,3.0216357707977295,-0.09386300295591354,0.0,0.6771487593650818,3.9599521160125732,173.12697689246926
1778421193.0675936,0.23437392711639404,3.029100179672241,-0.09386300295591354,0.0,0.766968309879303,4.010733127593994,173.55465601753878
1778421193.068184,0.24041208624839783,3.0371129512786865,-0.09386300295591354,0.0,0.8264087438583374,4.030264377593994,174.01375401279037
1778421193.0693834,0.24592788517475128,3.0455663204193115,-0.04703216999769211,39.05172790763388,0.8743811845779419,4.030264377593994,174.4980963872143
1778421193.0694656,0.25119030475616455,3.054041624069214,-0.04703216999769211,0.0,0.8704173564910889,3.9247958660125732,174.98369551644552
1778421193.124845,0.2557944655418396,3.061955213546753,-0.02356847934424877,0.4236982835642546,0.8186028003692627,3.9247958660125732,175.43711079430764
1778421193.1255236,0.2595386803150177,3.0691463947296143,-0.02356847934424877,0.0,0.7401720285415649,3.7021396160125732,175.8491351257995
1778421193.1261668,0.2633964717388153,3.075181484222412,-0.02356847934424877,0.0,0.6260068416595459,3.6142489910125732,176.19492028272057
1778421193.126717,0.26720407605171204,3.0802161693573,-0.009061564691364765,26.328338531527425,0.5146592259407043,3.6142489910125732,176.4833864921269
1778421193.1271248,0.2708311676979065,3.0843708515167236,-0.005190075375139713,9.502919562911032,0.42935824394226074,3.6142489910125732,176.72143224508017
1778421193.1277175,0.2748844623565674,3.0880184173583984,-0.0010923075024038553,6.9172313885695935,0.37788283824920654,3.6142489910125732,176.93042237330422
1778421193.1855083,0.2792615294456482,3.091935634613037,-0.0010923075024038553,0.0,0.398218035697937,3.6923739910125732,177.15486238943083
1778421193.1863582,0.28528425097465515,3.0964741706848145,0.010399051941931248,13.506534559174282,0.47135239839553833,3.6923739910125732,177.41490135151156
1778421193.1864073,0.29306724667549133,3.1021628379821777,0.012697366997599602,46.243763611311024,0.5841392278671265,3.6923739910125732,177.74083797870458
1778421193.1869552,0.29952552914619446,3.106666326522827,0.011939086951315403,-1.385492487803166,0.47102269530296326,3.6923739910125732,177.99886886516933
1778421193.187006,0.30453234910964966,3.1049535274505615,0.013760590925812721,35.576261725380256,-0.1789429783821106,3.6923739910125732,177.90073270717457
1778421193.1876328,0.3158206641674042,3.105832576751709,0.01357705146074295,-0.29324086694723334,0.08825337886810303,3.6923739910125732,177.95109852211425
1778421193.2446342,0.32169845700263977,3.1057956218719482,0.013830521143972874,0.00444679754054591,0.004147467203438282,3.6923739910125732,177.94898116347156
1778421193.2455418,0.32834622263908386,3.1054742336273193,0.01404598355293274,0.2370584336650724,-0.03284415602684021,3.6923739910125732,177.93056697346918
1778421193.2457287,0.33640769124031067,3.105134963989258,0.014249248430132866,1.0846578242169027,-0.03641236200928688,3.6923739910125732,177.91112825509134
1778421193.2461684,0.3427775800228119,3.104790687561035,0.014390458352863789,0.3211506080529511,-0.025914598256349564,3.6923739910125732,177.89140266876834
1778421193.2466037,0.3487396538257599,3.1046552658081055,0.014459040947258472,0.1575524808324565,-0.02048373781144619,3.6923739910125732,177.8836435738712
1778421193.246928,0.3537243604660034,3.104494333267212,0.014551660977303982,0.2857760930302476,-0.01932501420378685,3.6923739910125732,177.8744228184917
1778421193.3062766,0.3582463264465332,3.1042892932891846,0.014695748686790466,0.002427873036779905,-0.021836208179593086,3.6923739910125732,177.86267489311928
1778421193.3072064,0.3621203303337097,3.1040775775909424,0.014664743095636368,-0.033317850487246795,-0.023355040699243546,3.6923739910125732,177.85054447715333
1778421193.3078334,0.3643401563167572,3.1039366722106934,0.014716537669301033,0.08271250663864296,-0.007142908871173859,3.6923739910125732,177.84247119355436
1778421193.3089511,0.365319162607193,3.104408025741577,0.014673878438770771,-0.03816014948523136,-0.003900508861988783,3.6923739910125732,177.8694777615326
1778421193.3097355,0.3659062087535858,3.1045775413513184,0.014682402834296227,0.010868794419011217,-0.0019778525456786156,3.6923739910125732,177.87919029053236
1778421193.310339,0.3664597272872925,3.1047370433807373,0.014682402834296227,0.0,-0.006607211194932461,3.1474521160125732,177.88832908364182
1778421193.364852,0.3670305907726288,3.104801654815674,0.014659393578767776,-0.0004220905905331029,-0.0036408640444278717,3.1474521160125732,177.89203104617198
1778421193.364933,0.36765721440315247,3.1047372817993164,0.01463827583938837,-0.2559726360454344,-0.009448879398405552,3.1474521160125732,177.88834274402018
1778421193.3658986,0.36827021837234497,3.1047353744506836,0.014721172861754894,0.08594818196565548,-0.010310272686183453,3.1474521160125732,177.88823346099346
1778421193.365966,0.369180291891098,3.1048192977905273,0.01460313517600298,-1.7206660110526677,-0.00781640037894249,3.1474521160125732,177.89304191416915
1778421193.366589,0.3697871267795563,3.104681968688965,0.01460313517600298,0.0,-0.005749985575675964,3.1298739910125732,177.88517353624528
1778421193.424999,0.36953675746917725,3.104743719100952,0.01447235606610775,-0.0022389504336479157,-0.004269542172551155,3.1298739910125732,177.88871157423534
1778421193.4253762,0.3682903051376343,3.1048080921173096,0.013909654691815376,-1.4886279861357974,-0.005048009101301432,3.1298739910125732,177.89239987638715
1778421193.4264855,0.36640483140945435,3.104799509048462,0.01234790775924921,-1.4086289615216754,-0.010098341852426529,3.1298739910125732,177.8919081027669
1778421193.427119,0.36398306488990784,3.1047375202178955,0.01234790775924921,0.0,-0.01804482936859131,2.7548739910125732,177.8883564043985
1778421193.427677,0.36046716570854187,3.1037368774414062,0.008690212853252888,-6.5644198792525374,-0.09078501909971237,2.7548739910125732,177.83102379650543
1778421193.4284892,0.3555915951728821,3.101001501083374,0.0019545864779502153,-8.286942001271502,-0.2911812663078308,2.7548739910125732,177.67429827581032
1778421193.4285486,0.3484446704387665,3.0953714847564697,-0.00826022494584322,-170.24688200917353,-0.5788691639900208,2.7548739910125732,177.35172210168895
1778421193.484032,0.33784639835357666,3.0865001678466797,-0.021612776443362236,-0.24066196424381148,-0.9163535833358765,2.7548739910125732,176.84343308403493
1778421193.5445266,0.32426291704177856,3.0744330883026123,-0.037809789180755615,-0.2677457720781931,-1.2525079250335693,2.7548739910125732,176.15204035511124
1778421193.544612,0.3080313205718994,3.0595929622650146,-0.05587444826960564,-208.35825845614065,-1.539442777633667,2.7548739910125732,175.3017637657147
1778421193.5457752,0.2907162606716156,3.0424928665161133,-0.07486747950315475,-16.346528305535365,-1.772705078125,2.7548739910125732,174.32200045003304
1778421193.546416,0.27432847023010254,3.0242199897766113,-0.09318337589502335,-28.551670346649082,-1.8935257196426392,2.7548739910125732,173.2750417332968
1778421193.5470784,0.26115256547927856,3.00590181350708,-0.11123566329479218,-27.256963881237215,-1.8928169012069702,2.7548739910125732,172.22548754467596
1778421193.547592,0.24898386001586914,2.9881203174591064,-0.12800881266593933,-32.645287983471654,-1.840366005897522,2.7548739910125732,171.2066828676985
1778421193.5482469,0.22878652811050415,2.955784797668457,-0.14343078434467316,-23.54859082172972,-1.7510195970535278,2.7548739910125732,169.35399405533255
1778421193.5486639,0.21924588084220886,2.941800355911255,-0.15729092061519623,-33.333659229021514,-1.5934805870056152,2.7548739910125732,168.55274456379837
1778421193.5492597,0.21924588084220886,2.941800355911255,-0.16910356283187866,-19.789986087793128,-1.4360274076461792,2.7548739910125732,168.55274456379837
1778421193.5499196,0.2058514505624771,2.9197661876678467,-0.17875558137893677,-14.626486240270351,-1.2465418577194214,2.7548739910125732,167.29027971836987
1778421193.550369,0.20055145025253296,2.912059783935547,-0.1860157996416092,-16.15535928206923,-1.034676194190979,2.7548739910125732,166.84873530928525
1778421193.6038282,0.1972379833459854,2.906660318374634,-0.19081135094165802,-0.08970505112231589,-0.7910557985305786,2.7548739910125732,166.5393687210187
1778421193.6047761,0.19460707902908325,2.9034922122955322,-0.19353912770748138,-2.8767947259758655,-0.5572647452354431,2.7548739910125732,166.35784961363643
1778421193.6048489,0.19248870015144348,2.901625394821167,-0.1952430009841919,-23.21353970889816,-0.33438840508461,2.7548739910125732,166.25088885123404
1778421193.6063902,0.19035957753658295,2.9002084732055664,-0.19674144685268402,-0.9730167993168235,-0.1855706125497818,2.7548739910125732,166.16970522275926
1778421193.6069543,0.187787726521492,2.897642135620117,-0.19884856045246124,-3.7327077496563352,-0.14281077682971954,2.7548739910125732,166.0226649103072
1778421193.665174,0.18484151363372803,2.893646240234375,-0.20204895734786987,-0.05497197456502374,-0.26871877908706665,2.7548739910125732,165.7937169693284
1778421193.665759,0.1815488189458847,2.888010025024414,-0.2068818062543869,-8.238747072623932,-0.41240596771240234,2.7548739910125732,165.47078562537018
1778421193.6658125,0.17723987996578217,2.8811163902282715,-0.2132544368505478,-118.23061679598702,-0.5799288749694824,2.7548739910125732,165.0758094460467
1778421193.6663482,0.17276456952095032,2.873645067214966,-0.22085799276828766,-14.21225407263228,-0.7064117193222046,2.7548739910125732,164.64773417000532
1778421193.6667876,0.168573796749115,2.8659915924072266,-0.22857047617435455,-17.54831265659036,-0.7754408121109009,2.7548739910125732,164.20922236491216
1778421193.667315,0.1640869379043579,2.858368158340454,-0.23670023679733276,-15.414790727786697,-0.7905254364013672,2.7548739910125732,163.77243176748985
1778421193.7266498,0.15920068323612213,2.8507022857666016,-0.2446351945400238,-0.13373374018389575,-0.7894297242164612,2.7548739910125732,163.333209622723
1778421193.7273192,0.15525640547275543,2.8435091972351074,-0.25269368290901184,-12.022211828651509,-0.7887668013572693,2.7548739910125732,162.92107600820444
1778421193.7277274,0.15212202072143555,2.8375039100646973,-0.25988152623176575,-17.61726210865515,-0.7418503165245056,2.7548739910125732,162.57699839857588
1778421193.7283392,0.149910107254982,2.8333730697631836,-0.26552748680114746,-9.235989835893054,-0.6147397756576538,2.7548739910125732,162.3403186834566
1778421193.7291214,0.1482136845588684,2.831099271774292,-0.2690493166446686,-4.500165954312044,-0.43003711104393005,2.7548739910125732,162.21003965522777
1778421193.7295651,0.14676009118556976,2.8300247192382812,-0.270876944065094,-4.116277929516816,-0.23991358280181885,2.7548739910125732,162.14847233004926
1778421193.78555,0.14540566504001617,2.8295063972473145,-0.271666556596756,-0.014104152798726071,-0.10277678072452545,2.7548739910125732,162.11877466753805
1778421193.7860918,0.14439530670642853,2.82912540435791,-0.2722799777984619,-1.131147345669465,-0.04863487556576729,2.7548739910125732,162.09694538295068
1778421193.7865214,0.14351493120193481,2.8284573554992676,-0.27265357971191406,-0.8698530944384377,-0.04598896577954292,2.7548739910125732,162.05866900284195
1778421193.7870955,0.14265282452106476,2.8275809288024902,-0.2735564410686493,-1.572107513592345,-0.060466088354587555,2.7548739910125732,162.008453452064
1778421193.7874842,0.14147494733333588,2.826122522354126,-0.2747357189655304,-3.0362459594455644,-0.09694913774728775,2.7548739910125732,161.92489291775806
1778421193.7883925,0.1397683471441269,2.823894739151001,-0.2765469253063202,-1.9949403124653091,-0.15341238677501678,2.7548739910125732,161.79725034254886
1778421193.8443143,0.1373569220304489,2.8210678100585938,-0.27920082211494446,-0.04745728515029321,-0.22373950481414795,2.7548739910125732,161.6352792365712
1778421193.8453624,0.13476574420928955,2.8174550533294678,-0.2827528119087219,-3.388656525324747,-0.29951953887939453,2.7548739910125732,161.42828352358478
1778421193.8461003,0.13206304609775543,2.8136284351348877,-0.2865820527076721,-5.196418550289575,-0.36181989312171936,2.7548739910125732,161.20903445122738
1778421193.8467116,0.12947626411914825,2.8094866275787354,-0.2908669114112854,-6.9968299446666045,-0.40443354845046997,2.7548739910125732,160.97172635870444
1778421193.8472533,0.1269734501838684,2.805098056793213,-0.2952742874622345,-8.134691970490499,-0.4267168641090393,2.7548739910125732,160.7202797745996
1778421193.8483768,0.12431880086660385,2.80046010017395,-0.2952742874622345,0.0,-0.4535609483718872,2.6435458660125732,160.45454443475109
1778421193.9045842,0.1217959076166153,2.7963273525238037,-0.2952742874622345,0.0,-0.46943986415863037,2.6943271160125732,160.21775543660507
1778421193.9053178,0.12002713233232498,2.792705774307251,-0.2952742874622345,0.0,-0.4522249400615692,2.8017489910125732,160.0102542896201
1778421193.9062188,0.11853586882352829,2.789947509765625,-0.3126247525215149,-19.25903503666278,-0.37585240602493286,2.8017489910125732,159.85221737260434
1778421193.9070067,0.11718253046274185,2.7879385948181152,-0.31520774960517883,-3.2770834283368004,-0.2821144461631775,2.8017489910125732,159.73711502471127
1778421193.907471,0.11585472524166107,2.786463975906372,-0.31520774960517883,0.0,-0.20874376595020294,3.0009677410125732,159.65262558467822
1778421193.908133,0.11482283473014832,2.78519868850708,-0.31520774960517883,0.0,-0.15339875221252441,3.0048739910125732,159.5801299568277
1778421193.9643981,0.11372783780097961,2.7839386463165283,-0.31968027353286743,-0.07949132804904202,-0.13291029632091522,3.0048739910125732,159.50793485730068
1778421193.964959,0.11259756237268448,2.7824299335479736,-0.3212795853614807,-2.848792017359445,-0.16050221025943756,3.0048739910125732,159.421491983165
1778421193.9655635,0.11123177409172058,2.7805426120758057,-0.3212795853614807,0.0,-0.1950620859861374,2.9228427410125732,159.31335642822535
1778421193.9661,0.1098029762506485,2.7784032821655273,-0.3212795853614807,0.0,-0.21798649430274963,2.8974521160125732,159.19078185338032
1778421193.9666014,0.10815726220607758,2.77601957321167,-0.3212795853614807,0.0,-0.24221274256706238,2.8779208660125732,159.05420539073674
1778421193.9670923,0.10603874176740646,2.773491859436035,-0.3212795853614807,0.0,-0.26739537715911865,2.8505771160125732,158.90937805957577
1778421194.0247252,0.10380153357982635,2.770963191986084,-0.3212795853614807,0.0,-0.2491472214460373,2.9091708660125732,158.76449608690146
1778421194.0253086,0.10249646008014679,2.7693653106689453,-0.3212795853614807,0.0,-0.1729516237974167,2.9990146160125732,158.67294423126663
1778421194.0253623,0.10137099027633667,2.7685508728027344,-0.3212795853614807,0.0,-0.09384763985872269,3.0751864910125732,158.6262803788571
1778421194.0262477,0.10097050666809082,2.7682907581329346,-0.3212795853614807,0.0,-0.020186400040984154,3.1591708660125732,158.6113769060881
1778421194.026987,0.10079559683799744,2.7687768936157227,-0.3212795853614807,0.0,0.053581055253744125,3.2158114910125732,158.63923041752344
1778421194.0272994,0.10084456205368042,2.7699270248413086,-0.3212795853614807,0.0,0.11741653829813004,3.2841708660125732,158.70512808263572
1778421194.084077,0.10125699639320374,2.771785020828247,-0.3212795853614807,0.0,0.18794283270835876,3.3720614910125732,158.81158341103955
1778421194.084606,0.1023087203502655,2.7743639945983887,-0.3212795853614807,0.0,0.2668544054031372,3.4423739910125732,158.9593477235436
1778421194.0852942,0.10362701117992401,2.7771506309509277,-0.3212795853614807,0.0,0.2951613664627075,3.4423739910125732,159.1190102255818
1778421194.0859292,0.10498841851949692,2.779653310775757,-0.3212795853614807,0.0,0.2633967399597168,3.3954989910125732,159.26240321701707
1778421194.086383,0.10614389181137085,2.7817792892456055,-0.3212795853614807,0.0,0.21227377653121948,3.3447177410125732,159.38421281067508
1778421194.086894,0.10726718604564667,2.783738374710083,-0.3212795853614807,0.0,0.19164657592773438,3.3408114910125732,159.49646013949507
1778421194.144751,0.10871651023626328,2.785755157470703,-0.3212795853614807,0.0,0.21505621075630188,3.4013583660125732,159.61201327987334
1778421194.145238,0.11080065369606018,2.788602113723755,-0.3212795853614807,0.0,0.2960403561592102,3.5185458660125732,159.77513185763158
1778421194.1457505,0.11383543163537979,2.7927958965301514,-0.3212795853614807,0.0,0.4323523938655853,3.6728427410125732,160.0154179126326
1778421194.146352,0.11698295921087265,2.7983362674713135,-0.3212795853614807,0.0,0.5682435631752014,3.7783114910125732,160.33285778449815
1778421194.1467934,0.11968281865119934,2.8043618202209473,-0.3212795853614807,0.0,0.6277374029159546,3.7900302410125732,160.6780965262856
1778421194.1475978,0.12212681770324707,2.810346841812134,-0.3212795853614807,0.0,0.6147262454032898,3.7509677410125732,161.02101300375526
1778421194.20521,0.12459282577037811,2.815831184387207,-0.3212795853614807,0.0,0.5643933415412903,3.6923739910125732,161.33524268671087
1778421194.2058432,0.12786947190761566,2.820772647857666,-0.3212795853614807,0.0,0.5164764523506165,3.6689364910125732,161.61836768818623
1778421194.2077792,0.1318867802619934,2.825817584991455,-0.3212795853614807,0.0,0.5183535814285278,3.6982333660125732,161.90742129386118
1778421194.2082622,0.13843168318271637,2.831435203552246,-0.3212795853614807,0.0,0.5838890075683594,3.8271396160125732,162.22928712830887
1778421194.2090054,0.14511464536190033,2.8382279872894287,-0.3212795853614807,0.0,0.6931107044219971,3.8994052410125732,162.61848496759453
1778421194.2093906,0.15160953998565674,2.8456432819366455,-0.3212795853614807,0.0,0.7688124775886536,3.9521396160125732,163.043350054726
1778421194.2647638,0.15697264671325684,2.853450059890747,-0.3212795853614807,0.0,0.8006016612052917,3.9540927410125732,163.49064548309178
1778421194.2656145,0.16163389384746552,2.8615481853485107,-0.3212795853614807,0.0,0.8377526998519897,3.9931552410125732,163.9546338937891
1778421194.2663107,0.16628116369247437,2.8701601028442383,-0.3212795853614807,0.0,0.893098771572113,4.067373752593994,164.44806041980917
1778421194.2672067,0.17129722237586975,2.879908323287964,-0.3212795853614807,0.0,1.0005788803100586,4.202139377593994,165.0065923089978
1778421194.2678008,0.17599822580814362,2.891014575958252,-0.3212795853614807,0.0,1.1435422897338867,4.362295627593994,165.6429337132112
1778421194.3302495,0.18072743713855743,2.903770923614502,-0.3212795853614807,0.0,1.3162338733673096,4.528311252593994,166.3738185959159
1778421194.3856251,0.18643790483474731,2.917956590652466,-0.3212795853614807,0.0,1.4698847532272339,4.680655002593994,167.1865974467691
1778421194.386,0.19248121976852417,2.933448553085327,-0.3212795853614807,0.0,1.5963832139968872,4.801748752593994,168.07422151054726
1778421194.3866293,0.198195219039917,2.949892997741699,-0.3212795853614807,0.0,1.7038596868515015,4.887686252593994,169.01641878579386
1778421194.3874564,0.20448793470859528,2.966909170150757,-0.3212795853614807,0.0,1.7550148963928223,4.903311252593994,169.9913736482998
1778421194.3881302,0.21109601855278015,2.9835381507873535,-0.3212795853614807,0.0,1.7097059488296509,4.807608127593994,170.94414405638156
1778421194.388188,0.21751105785369873,2.998591899871826,-0.3212795853614807,0.0,1.5579715967178345,4.602530002593994,171.8066603447708
1778421194.3903072,0.2233942300081253,3.0113632678985596,-0.08635761588811874,110.91688811731828,1.315568447113037,4.602530002593994,172.5384058313109
1778421194.3912382,0.2282135933637619,3.021049976348877,-0.07285401970148087,14.49661439495776,0.9992833733558655,4.602530002593994,173.09341334288783
1778421194.3923018,0.2325604408979416,3.027233123779297,-0.07285401970148087,0.0,0.6302026510238647,3.5849521160125732,173.44768159475805
1778421194.3925853,0.23637716472148895,3.029970407485962,-0.07285401970148087,0.0,0.2885388135910034,3.2744052410125732,173.6045163984799
1778421194.3933215,0.2395990490913391,3.0306873321533203,-0.06534302234649658,10.209320662730246,0.07837462425231934,3.2744052410125732,173.64559315614832
1778421194.393998,0.24364419281482697,3.0312328338623047,-0.06402697414159775,1.9450904578106512,0.055276378989219666,3.2744052410125732,173.6768481017903
1778421194.4448864,0.24830205738544464,3.0330283641815186,-0.06118452176451683,0.05585669745439307,0.17633017897605896,3.2744052410125732,173.77972441106905
1778421194.4454963,0.2528747022151947,3.036285400390625,-0.05696001276373863,6.920886404277004,0.3425959348678589,3.2744052410125732,173.96633883957213
1778421194.445626,0.25831496715545654,3.041120767593384,-0.0515868254005909,41.268719552185495,0.4937690496444702,3.2744052410125732,174.2433849726862
1778421194.4461155,0.26376351714134216,3.0468428134918213,-0.045140426605939865,13.17473694729191,0.5970606207847595,3.2744052410125732,174.5712340528468
1778421194.4461608,0.26911023259162903,3.0534117221832275,-0.03789057582616806,158.98796275730723,0.6767128705978394,3.2744052410125732,174.9476047968712
1778421194.5052555,0.27550169825553894,3.0606400966644287,-0.03032008185982704,0.12811260252177345,0.7388238310813904,3.2744052410125732,175.36176014738408
1778421194.5056658,0.2822049856185913,3.068514108657837,-0.03032008185982704,0.0,0.8177465200424194,4.067373752593994,175.81290780244177
1778421194.5060225,0.28963637351989746,3.0773415565490723,-0.03032008185982704,0.0,0.8995518088340759,4.172842502593994,176.3186833104812
1778421194.506919,0.2972307801246643,3.0870256423950195,-0.0014980366686359048,32.15669492181174,1.0058839321136475,4.172842502593994,176.87354055789635
1778421194.5074253,0.30414214730262756,3.0982813835144043,0.009879340417683125,22.431736256875723,1.1525163650512695,4.172842502593994,177.51844701932896
1778421194.5080996,0.3099904954433441,3.108938694000244,0.009879340417683125,0.0,1.102063536643982,3.0283114910125732,178.1290659311281
1778421194.5652125,0.30570098757743835,3.1088526248931885,0.009879340417683125,0.0,-0.009998704306781292,3.4716708660125732,178.12413453454735
1778421194.5661023,0.3090057075023651,3.110255002975464,0.009879340417683125,0.0,0.1431848108768463,3.2529208660125732,178.20448487994338
1778421194.56681,0.31004390120506287,3.1132700443267822,0.009879340417683125,0.0,0.3098351061344147,3.4169833660125732,178.37723402443135
1778421194.5673792,0.3088286519050598,3.115255117416382,0.009879340417683125,0.0,0.2078292816877365,3.4111239910125732,178.49097033449038
1778421194.5677788,0.3073754906654358,3.117783546447754,0.009879340417683125,0.0,0.2684331238269806,3.4247958660125732,178.63583864678637
1778421194.5681844,0.30556586384773254,3.120781183242798,0.009879340417683125,0.0,0.300772100687027,3.4384677410125732,178.8075905836555
1778421194.6260757,0.3040224313735962,3.1238205432891846,0.009879340417683125,0.0,0.3195953667163849,3.4384677410125732,178.98173308673415
1778421194.6268203,0.30236268043518066,3.1271018981933594,0.009879340417683125,0.0,0.3333667516708374,3.4384677410125732,179.16974087382792
1778421194.6277533,0.30035263299942017,3.1304514408111572,0.009879340417683125,0.0,0.34010300040245056,3.4443271160125732,179.36165552912695
1778421194.6285865,0.298222154378891,3.1337380409240723,0.009879340417683125,0.0,0.3465055823326111,3.4423739910125732,179.54996384454418
1778421194.6292176,0.29578351974487305,3.137197971343994,0.009879340417683125,0.0,0.3506605923175812,3.4365146160125732,179.74820325501463
1778421194.6299713,0.29288530349731445,3.140568971633911,0.009879340417683125,0.0,0.3500710725784302,3.4384677410125732,179.94134734436426
1778421194.7453327,0.2898019254207611,3.1440210342407227,0.009879340417683125,0.0,0.35303816199302673,3.4365146160125732,180.13913596234948
1778421194.7460427,0.28700172901153564,3.1475415229797363,0.009879340417683125,0.0,0.3596239984035492,3.4228427410125732,180.3408451089183
1778421194.7461839,0.2844228446483612,3.1509511470794678,0.009879340417683125,0.0,0.3638485074043274,3.4306552410125732,180.536202179559
1778421194.7467065,0.2813568711280823,3.1545610427856445,0.009879340417683125,0.0,0.3644621968269348,3.4736239910125732,180.74303396800534
1778421194.747273,0.27838340401649475,3.1582179069519043,0.009879340417683125,0.0,0.38725391030311584,3.4775302410125732,180.95255685098465
1778421194.747873,0.2759280800819397,3.162328004837036,0.009879340417683125,0.0,0.42113006114959717,3.4404208660125732,181.18804811318836
1778421194.7480617,0.2735879123210907,3.1661477088928223,0.009879340417683125,0.0,0.39782580733299255,3.3954989910125732,181.4069010345739
1778421194.7488441,0.2710173726081848,3.1696715354919434,0.009879340417683125,0.0,0.3603760898113251,3.2685458660125732,181.60880142643947
1778421194.749304,0.2690639793872833,3.1723873615264893,0.009879340417683125,0.0,0.27171385288238525,3.0869052410125732,181.7644067961107
1778421194.7497523,0.2675670087337494,3.173403263092041,0.009879340417683125,0.0,0.10853856801986694,2.8779208660125732,181.82261366821754
1778421194.7502713,0.2651660740375519,3.172424793243408,0.009879340417683125,0.0,-0.09578666090965271,2.6943271160125732,181.76655147551008
1778421194.750886,0.2615271508693695,3.16949462890625,0.009879340417683125,0.0,-0.29991936683654785,2.5341708660125732,181.59866542571118
1778421194.8053129,0.2571529150009155,3.164858818054199,0.009879340417683125,0.0,-0.4862804412841797,2.3603427410125732,181.33305302926772
1778421194.8055036,0.2517469525337219,3.1583757400512695,0.009879340417683125,0.0,-0.6692535281181335,2.1923739910125732,180.96160002144575
1778421194.806701,0.244101881980896,3.150193214416504,0.009879340417683125,0.0,-0.8469840288162231,2.0165927410125732,180.49277583681607
1778421194.8073454,0.23487713932991028,3.140152931213379,0.009879340417683125,0.0,-1.03763747215271,1.9326082468032837,179.91750998416092
1778421194.807952,0.22450819611549377,3.128683090209961,0.009879340417683125,0.0,-1.1832689046859741,1.8779207468032837,179.260336502979
1778421194.8087838,0.21320515871047974,3.1166296005249023,0.009879340417683125,0.0,-1.2508116960525513,1.8759676218032837,178.56972241562065
1778421194.8645794,0.2026011198759079,3.10417103767395,0.009879340417683125,0.0,-1.2868945598602295,1.8896394968032837,177.8558993454626
1778421194.8649988,0.19278594851493835,3.091855525970459,0.009879340417683125,0.0,-1.2794721126556396,1.8857332468032837,177.15027250230858
1778421194.8655074,0.18292385339736938,3.0794758796691895,0.009879340417683125,0.0,-1.2801387310028076,1.9130769968032837,176.44097101738112
1778421194.865923,0.17280539870262146,3.0673019886016846,0.009879340417683125,0.0,-1.2537254095077515,1.8974519968032837,175.74345843896106
1778421194.8665957,0.16315019130706787,3.0553457736968994,0.009879340417683125,0.0,-1.238824725151062,1.8896394968032837,175.05841778596547
1778421194.8673248,0.15368671715259552,3.0431249141693115,0.009879340417683125,0.0,-1.2623955011367798,2.0361239910125732,174.35821411301245
1778421194.9267745,0.1458948850631714,3.0315239429473877,0.009879340417683125,0.0,-1.2017533779144287,2.2568271160125732,173.6935274237435
1778421194.9276266,0.14034704864025116,3.021583318710327,0.009879340417683125,0.0,-1.0350782871246338,2.3954989910125732,173.12397160923445
1778421194.928443,0.13578596711158752,3.0134427547454834,0.009879340417683125,0.0,-0.8334167003631592,2.5712802410125732,172.65755165119262
1778421194.928655,0.13114453852176666,3.0070462226867676,-0.10189539194107056,-523.7803885456922,-0.6638947129249573,2.5712802410125732,172.2910573607081
1778421194.929156,0.12662576138973236,3.002446413040161,-0.10189539194107056,0.0,-0.47212857007980347,2.9345614910125732,172.02750768139396
1778421194.9295886,0.12364675849676132,2.9996769428253174,-0.10189539194107056,0.0,-0.28831976652145386,3.1220614910125732,171.86882872659623
1778421194.9856107,0.1218147948384285,2.998619794845581,-0.10562500357627869,-0.0665757174259338,-0.10867085307836533,3.1220614910125732,171.80825860903656
1778421194.9856982,0.12085512280464172,2.9991655349731445,-0.10297655314207077,29.858514707276843,0.05908365175127983,3.1220614910125732,171.83952721505688
1778421194.9871192,0.1201682984828949,3.0009267330169678,-0.10297655314207077,0.0,0.17647786438465118,3.3271396160125732,171.94043642985466
1778421194.9877973,0.11982987076044083,3.002995252609253,-0.10297655314207077,0.0,0.21214839816093445,3.2529208660125732,172.05895387233272
1778421194.9887905,0.11977088451385498,3.0046610832214355,-0.09959127008914948,3.4077743731836474,0.17878957092761993,3.2529208660125732,172.15439893579446
1778421194.9894812,0.11846833676099777,3.0055079460144043,-0.10033659636974335,-1.078463688393034,0.08519688248634338,3.2529208660125732,172.20292059965823
1778421195.0450125,0.11688197404146194,3.0054287910461426,-0.1014794260263443,-0.020580030195542495,-0.0165928415954113,3.2529208660125732,172.19838535404935
1778421195.045366,0.11581635475158691,3.0045087337493896,-0.10219792276620865,-2.026217577975245,-0.08225441724061966,3.2529208660125732,172.14566995403518
1778421195.046037,0.11527302861213684,3.00319242477417,-0.10219792276620865,0.0,-0.13696379959583282,2.8876864910125732,172.07025100521992
1778421195.0466728,0.11458288133144379,3.001258611679077,-0.10219792276620865,0.0,-0.2099626362323761,2.7880771160125732,171.95945167650396
1778421195.0470788,0.11324672400951385,2.998316764831543,-0.11821268498897552,-39.445226520270104,-0.29764294624328613,2.7880771160125732,171.7908962681664
1778421195.0475106,0.11154580116271973,2.994544744491577,-0.12076693028211594,-5.930451236419535,-0.3910798728466034,2.7880771160125732,171.57477542244885
1778421195.1656356,0.10989765077829361,2.990149974822998,-0.12280534952878952,-0.0172566053186851,-0.4572685658931732,2.7880771160125732,171.32297366850716
1778421195.1665666,0.10642614960670471,2.9819142818450928,-0.12601512670516968,-3.4435974570227503,-0.46538013219833374,2.7880771160125732,170.85110321950765
1778421195.1666293,0.10642614960670471,2.9819142818450928,-0.12784071266651154,-28.48027024327343,-0.39072421193122864,2.7880771160125732,170.85110321950765
1778421195.1667666,0.10504826158285141,2.979323625564575,-0.1278393417596817,0.009999320698322125,-0.25353097915649414,2.7880771160125732,170.70266954846494
1778421195.1672437,0.10298743844032288,2.9791548252105713,-0.12686465680599213,2.045079672500684,-0.08485184609889984,2.7880771160125732,170.6929980006002
1778421195.1679246,0.10247306525707245,2.9805831909179688,-0.12536779046058655,2.199979930162784,0.06240001693367958,2.7880771160125732,170.7748373272353
1778421195.1682513,0.10253599286079407,2.98224139213562,-0.12331602722406387,6.2649260887099,0.13953498005867004,2.7880771160125732,170.86984525859017
1778421195.1687393,0.10323412716388702,2.9843859672546387,-0.12087380886077881,5.013792442910696,0.17832079529762268,2.7880771160125732,170.9927203617587
1778421195.169269,0.10494078695774078,2.987114191055298,-0.11770989000797272,5.966281156616863,0.2203294336795807,2.7880771160125732,171.1490360711036
1778421195.169785,0.10737356543540955,2.99031925201416,-0.11410277336835861,6.99731651954318,0.27685362100601196,2.7880771160125732,171.33267253712856
1778421195.170349,0.10972978919744492,2.9939873218536377,-0.11005039513111115,7.182520576309472,0.33645930886268616,2.7880771160125732,171.54283745788987
1778421195.171084,0.1122099831700325,2.9977405071258545,-0.10626858472824097,5.143920701719022,0.3784351050853729,2.7880771160125732,171.75787913371855
1778421195.2249327,0.11386384069919586,3.0013933181762695,-0.10259167104959488,0.06828281817206501,0.3873083293437958,2.7880771160125732,171.96716979026607
1778421195.225475,0.11490461230278015,3.0046472549438477,-0.09963572025299072,5.447753045898768,0.372672438621521,2.7880771160125732,172.15360663385076
1778421195.2259464,0.11548275500535965,3.007822036743164,-0.09625715017318726,7.167098027737048,0.33985790610313416,2.7880771160125732,172.33550823182654
1778421195.2259998,0.11634744703769684,3.011178970336914,-0.0926421657204628,66.82044542329953,0.3197439908981323,2.7880771160125732,172.52784635885408
1778421195.2262807,0.11725175380706787,3.0152180194854736,-0.08779692649841309,17.26742342845805,0.34595075249671936,2.7880771160125732,172.75926682831246
1778421195.2835212,0.11732173711061478,3.020397663116455,-0.0820319801568985,0.10071499299271292,0.41876155138015747,2.7880771160125732,173.05603854774952
1778421195.28385,0.11697512865066528,3.0270564556121826,-0.07433410733938217,23.383574512612515,0.5341858863830566,2.7880771160125732,173.4375592544081
1778421195.2843404,0.11683250218629837,3.0355308055877686,-0.06534650176763535,18.319619611876167,0.6914499402046204,2.7880771160125732,173.92310374212596
1778421195.285867,0.11670995503664017,3.0457723140716553,-0.05447080731391907,7.127863822301599,0.8731063008308411,2.7880771160125732,174.5098989541001
1778421195.2863,0.11669615656137466,3.0577597618103027,-0.041623808443546295,29.649200450696277,1.0533591508865356,2.7880771160125732,175.19672911665822
1778421195.2869604,0.11728759109973907,3.071312427520752,-0.02751748263835907,21.373221221261126,1.2414640188217163,2.7880771160125732,175.97323966301863
1778421195.3460705,0.11953534185886383,3.085522174835205,-0.013235657475888729,0.2416168183588298,1.3987669944763184,2.7880771160125732,176.78739821208416
1778421195.3466997,0.12357275933027267,3.099377393722534,0.001277879229746759,23.030047787176102,1.4623857736587524,2.7880771160125732,177.58124377855805
1778421195.3474584,0.12806326150894165,3.112454891204834,0.01356290839612484,16.211440371192523,1.4378166198730469,2.7880771160125732,178.3305291908868
1778421195.3480387,0.1330830454826355,3.1242923736572266,0.01356290839612484,0.0,1.349552035331726,4.268545627593994,179.00876697546906
1778421195.34858,0.13737934827804565,3.1331446170806885,0.034322094172239304,38.33644510509868,1.223223328590393,4.268545627593994,179.51596316285588
1778421195.3497615,0.14167173206806183,3.1420979499816895,0.04230228811502457,6.7525758171052015,0.9173031449317932,4.268545627593994,180.02895135065884
1778421195.4056013,0.144081249833107,3.1474413871765137,0.048617828637361526,0.11310429996202677,0.918626606464386,4.268545627593994,180.3351077500155
1778421195.4058287,0.1464221328496933,3.151625871658325,0.05355412885546684,21.60306225760874,0.5622940063476562,4.268545627593994,180.5748610502613
1778421195.4067948,0.14852318167686462,3.1545941829681396,0.05698293074965477,3.5494843906906666,0.4218752980232239,4.268545627593994,180.7449327605946
1778421195.4092596,0.14958830177783966,3.1567676067352295,0.0595080628991127,1.0250181300856758,0.30797234177589417,4.268545627593994,180.8694607695423
1778421195.4100437,0.15069761872291565,3.158752918243408,0.06148013100028038,2.5153929750258324,0.224250927567482,4.268545627593994,180.98321073997968
1778421195.4101238,0.1526951640844345,3.1607353687286377,0.0633770078420639,23.04831694666574,0.19908671081066132,4.268545627593994,181.096796785877
1778421195.464989,0.15520711243152618,3.163079023361206,0.06564870476722717,0.0414064189448317,0.2096177041530609,4.268545627593994,181.23107830495942
1778421195.4656754,0.15816311538219452,3.1659727096557617,0.06839526444673538,3.9979035074564266,0.24052782356739044,4.268545627593994,181.39687431687233
1778421195.466668,0.16133031249046326,3.1694581508636475,0.07167506963014603,3.3042567123238507,0.29277411103248596,4.268545627593994,181.59657538782514
1778421195.4669828,0.16440291702747345,3.1738686561584473,0.07589632272720337,13.375325965650473,0.36823365092277527,4.268545627593994,181.84927872673728
1778421195.4678028,0.16736319661140442,3.179020404815674,0.08642520755529404,12.836972666492489,0.45507460832595825,4.268545627593994,182.14445218190855
1778421195.4686158,0.1697274148464203,3.1847352981567383,0.09242304414510727,7.383770130835742,0.5881748795509338,4.268545627593994,182.47189145071897
1778421195.5264072,0.1720520555973053,3.190721273422241,0.09242304414510727,0.0,0.6215474605560303,3.7744052410125732,182.814862569702
1778421195.5273998,0.17425912618637085,3.1969950199127197,0.09893881529569626,6.559060971089414,0.645411491394043,3.7744052410125732,183.17432176534143
1778421195.5278525,0.17662186920642853,3.203145742416382,0.10501041263341904,13.41196721006891,0.6414569020271301,3.7744052410125732,183.52673220575738
1778421195.5291917,0.17870622873306274,3.209258794784546,0.11114703863859177,4.581623075891116,0.624360978603363,3.7744052410125732,183.87698430639566
1778421195.529963,0.17932012677192688,3.213674783706665,0.11701788753271103,7.611628340648471,0.4507197439670563,3.7744052410125732,184.1300018340096
1778421195.5306084,0.17655999958515167,3.213350772857666,0.11795573681592941,1.4526785734813343,-0.030336596071720123,3.7744052410125732,184.1114373798455
1778421195.5843382,0.17673952877521515,3.2137391567230225,0.11780820786952972,-0.0027457718082467995,0.04199806600809097,3.7744052410125732,184.13369013616142
1778421195.584902,0.1771547496318817,3.2149040699005127,0.11875880509614944,1.6836649671733943,0.12135647982358932,3.7744052410125732,184.20043474473079
1778421195.5853078,0.17651201784610748,3.2162108421325684,0.12007391452789307,3.2399837724099134,0.13130953907966614,3.7744052410125732,184.27530727841244
1778421195.5857637,0.17588238418102264,3.217172384262085,0.12112301588058472,2.3021754170926276,0.09699356555938721,3.7744052410125732,184.33039958425778
1778421195.586076,0.1756359189748764,3.2173314094543457,0.12166950851678848,1.7498964172000195,0.02008434757590294,3.7744052410125732,184.33951105661058
1778421195.5865476,0.1753518432378769,3.2164289951324463,0.12126266956329346,-0.8624951095138796,-0.0996754914522171,3.7744052410125732,184.28780652459358
1778421195.6450515,0.17490093410015106,3.2141058444976807,0.11955779045820236,-0.029141887567375895,-0.22876770794391632,3.7744052410125732,184.15469979804837
1778421195.645573,0.17388631403446198,3.2107293605804443,0.11637013405561447,-6.105451630561418,-0.3546038568019867,3.7744052410125732,183.96124151999692
1778421195.646534,0.1728682667016983,3.2064642906188965,0.11239472031593323,-4.138469394850294,-0.44142723083496094,3.7744052410125732,183.7168710118722
1778421195.647346,0.17141792178153992,3.2014100551605225,0.10775170475244522,-5.713777540789327,-0.513489842414856,3.7744052410125732,183.42728465144202
1778421195.6475754,0.16926002502441406,3.1954312324523926,0.10234050452709198,-23.537190618312703,-0.6216157078742981,3.7744052410125732,183.0847233438092
1778421195.6480231,0.16607820987701416,3.1878671646118164,0.09518814086914062,-16.018731786069832,-0.7797754406929016,3.7744052410125732,182.65133418059355
1778421195.704642,0.16179104149341583,3.178711175918579,0.08669143170118332,-0.15006789522172598,-0.947549045085907,3.7744052410125732,182.12673467120155
1778421195.7047975,0.1559070497751236,3.1681690216064453,0.07621096074581146,-66.92510223974978,-1.0925896167755127,3.7744052410125732,181.52271372214062
1778421195.7052035,0.14915645122528076,3.1568944454193115,0.06514116376638412,-27.292398633497676,-1.1804161071777344,1.9912019968032837,180.87672809081917
1778421195.7056103,0.1424572616815567,3.1455256938934326,0.06514116376638412,0.0,-1.189245581626892,2.0244052410125732,180.2253466100534
1778421195.705975,0.13648170232772827,3.134371042251587,0.035194896161556244,-82.13457671449375,-1.1644234657287598,2.0244052410125732,179.58623214903696
1778421195.7071717,0.1313159465789795,3.12343168258667,0.029382947832345963,-4.858676086166899,-1.1252243518829346,2.0244052410125732,178.95945300966156
1778421195.766074,0.12656709551811218,3.112947463989258,0.01873064786195755,-0.18084846256848178,-1.0841838121414185,2.0244052410125732,178.3587515325373
1778421195.7668908,0.12237563729286194,3.1030921936035156,0.008283091709017754,-12.78614151877473,-1.0233796834945679,2.0244052410125732,177.794086133474
1778421195.7675529,0.11884371936321259,3.0939204692840576,0.008283091709017754,0.0,-0.9434263110160828,2.2783114910125732,177.26858503911154
1778421195.7679958,0.11656726151704788,3.0857481956481934,0.008283091709017754,0.0,-0.8415176868438721,2.3818271160125732,176.8003482507505
1778421195.7689164,0.11512228101491928,3.078571081161499,0.008283091709017754,0.0,-0.7458916902542114,2.4638583660125732,176.38912988158071
1778421195.7694795,0.11423847079277039,3.0719234943389893,0.008283091709017754,0.0,-0.6760106682777405,2.5165927410125732,176.00825121270412
1778421195.8252997,0.11369156837463379,3.0660154819488525,0.008283091709017754,0.0,-0.6260776519775391,2.5400302410125732,175.6697470374383
1778421195.8263853,0.11402352899312973,3.060029983520508,0.008283091709017754,0.0,-0.6155433654785156,2.5497958660125732,175.32680323921196
1778421195.8269253,0.11501955986022949,3.054187297821045,0.008283091709017754,0.0,-0.6075088381767273,2.5829989910125732,174.99204200761127
1778421195.8273354,0.11724478006362915,3.048698902130127,0.008283091709017754,0.0,-0.5649101138114929,2.6376864910125732,174.6775800982239
1778421195.8280778,0.11976579576730728,3.0437629222869873,0.008283091709017754,0.0,-0.5041275024414062,2.7021396160125732,174.39476928545034
1778421195.8294473,0.12142258882522583,3.0397958755493164,0.008283091709017754,0.0,-0.4526006579399109,2.7236239910125732,174.16747425025068
1778421195.8846297,0.12106519937515259,3.0359156131744385,0.008283091709017754,0.0,-0.421449214220047,2.7353427410125732,173.94515159276676
1778421195.884967,0.11961406469345093,3.0319716930389404,0.008283091709017754,0.0,-0.40472492575645447,2.7412021160125732,173.71918161426603
1778421195.8856173,0.11812218278646469,3.027920722961426,0.008283091709017754,0.0,-0.4222608804702759,2.6982333660125732,173.48707812589066
1778421195.8860865,0.11633776873350143,3.0233840942382812,0.008283091709017754,0.0,-0.46649089455604553,2.6669833660125732,173.22714844683668
1778421195.8867931,0.11438612639904022,3.018589496612549,0.008283091709017754,0.0,-0.49095582962036133,2.6591708660125732,172.95243823841875
1778421195.8873236,0.11255641281604767,3.0136537551879883,0.008283091709017754,0.0,-0.5108364820480347,2.6376864910125732,172.66964108602355
1778421196.0034497,0.11049322783946991,3.0085017681121826,0.008283091709017754,0.0,-0.538902997970581,2.5986239910125732,172.37445397047395
1778421196.0039518,0.10833851993083954,3.0029351711273193,0.008283091709017754,0.0,-0.5772087574005127,2.5537021160125732,172.055511456991
1778421196.0046127,0.10575409978628159,2.9970293045043945,0.008283091709017754,0.0,-0.5991592407226562,2.5556552410125732,171.71713022513026
1778421196.005029,0.10324647277593613,2.9914722442626953,0.008283091709017754,0.0,-0.5789887309074402,2.6083896160125732,171.39873412678094
1778421196.005765,0.10154211521148682,2.9863626956939697,0.008283091709017754,0.0,-0.5235987901687622,2.6689364910125732,171.10597855857586
1778421196.006173,0.10045349597930908,2.9819424152374268,0.008283091709017754,0.0,-0.45950838923454285,2.7470614910125732,170.85271514415177
1778421196.007078,0.10005053877830505,2.97825288772583,0.008283091709017754,0.0,-0.37330254912376404,2.8369052410125732,170.6413207893399
1778421196.007959,0.09987502545118332,2.9755146503448486,-0.12677010893821716,-153.3301528830007,-0.2926787734031677,2.8369052410125732,170.48443134410468
1778421196.0087094,0.09989219903945923,2.9735589027404785,-0.1286703199148178,-2.530914950297884,-0.22285695374011993,2.8369052410125732,170.37237526058146
1778421196.0097036,0.09960285574197769,2.9721999168395996,-0.1286703199148178,0.0,-0.16536016762256622,2.9990146160125732,170.29451110404332
1778421196.0100455,0.09933174401521683,2.971226453781128,-0.1286703199148178,0.0,-0.12987209856510162,3.0126864910125732,170.238735779281
1778421196.0107048,0.0985969826579094,2.970170497894287,-0.1286703199148178,0.0,-0.13209617137908936,2.9814364910125732,170.17823396361302
1778421196.065379,0.09765127301216125,2.968614339828491,-0.1286703199148178,0.0,-0.16084039211273193,2.9423739910125732,170.08907267418766
1778421196.065859,0.09645193070173264,2.9667539596557617,-0.13689646124839783,-17.09860922898083,-0.1930253505706787,2.9423739910125732,169.98248074200046
1778421196.0665305,0.09494472295045853,2.964768886566162,-0.13902316987514496,-3.166158479782608,-0.20102578401565552,2.9423739910125732,169.8687444319414
1778421196.0665846,0.09322630614042282,2.963017463684082,-0.14073145389556885,-31.230066662161867,-0.18625126779079437,2.9423739910125732,169.76839529265558
1778421196.0670085,0.0913868397474289,2.961554527282715,-0.14251239597797394,-4.207280866319162,-0.16228243708610535,2.9423739910125732,169.6845752111612
1778421196.1254864,0.08974090963602066,2.9601407051086426,-0.14462903141975403,-0.03619566196611025,-0.16850334405899048,2.9423739910125732,169.60356916760483
1778421196.1260612,0.0881575495004654,2.958106756210327,-0.1474076211452484,-4.82897054079407,-0.22048231959342957,2.9423739910125732,169.48703247998606
1778421196.1265295,0.08724433928728104,2.955476760864258,-0.1502542495727539,-6.087742824203209,-0.27724507451057434,2.9423739910125732,169.33634484651725
1778421196.127026,0.08695227652788162,2.9528746604919434,-0.15247374773025513,-4.468488350440355,-0.2785884737968445,2.9423739910125732,169.1872554773142
1778421196.127663,0.08778811246156693,2.9509196281433105,-0.15309950709342957,-0.9823537587390302,-0.19364196062088013,2.9423739910125732,169.075240374926
1778421196.127792,0.0898437350988388,2.950922966003418,-0.15117579698562622,14.854904703493764,-0.006586265750229359,2.9423739910125732,169.07543162022276
1778421196.1850798,0.09351780265569687,2.953401565551758,-0.15117579698562622,0.0,0.25056806206703186,3.8818271160125732,169.21744491344566
1778421196.1855044,0.09911221265792847,2.958575963973999,-0.15117579698562622,0.0,0.5375198125839233,4.147451877593994,169.51391610455923
1778421196.1862166,0.10612327605485916,2.96648907661438,-0.12922589480876923,30.815529767747105,0.8109956979751587,4.147451877593994,169.9673040616647
1778421196.1864073,0.1138840839266777,2.97664737701416,-0.11688592284917831,64.64102704049259,1.0496820211410522,4.147451877593994,170.54933180159816
1778421196.1870825,0.12085874378681183,2.9885146617889404,-0.11688592284917831,0.0,1.2317721843719482,4.627920627593994,171.22927713347292
1778421196.187511,0.12626156210899353,3.002180337905884,-0.11688592284917831,0.0,1.4055757522583008,4.768545627593994,172.0122626991665
1778421196.245088,0.1301412433385849,3.017526626586914,-0.11688592284917831,0.0,1.5759471654891968,4.852530002593994,172.89154027177892
1778421196.2456458,0.1326628476381302,3.034137725830078,-0.11688592284917831,0.0,1.7215181589126587,4.827139377593994,173.8432861514852
1778421196.2461588,0.13394443690776825,3.051286220550537,-0.11688592284917831,0.0,1.7727296352386475,4.694326877593994,174.82582252396986
1778421196.2462902,0.13637346029281616,3.0677244663238525,-0.11688592284917831,0.0,1.6977283954620361,4.444326877593994,175.7676646293796
1778421196.2466736,0.140085831284523,3.0823779106140137,-0.11688592284917831,0.0,1.5134387016296387,4.133780002593994,176.6072451425359
1778421196.2471209,0.14258088171482086,3.094263792037964,-0.11688592284917831,0.0,1.2307709455490112,3.8115146160125732,177.2882559839212
1778421196.3047204,0.14379674196243286,3.1030948162078857,-0.11688592284917831,0.0,0.9114634394645691,3.5204989910125732,177.79423639763573
1778421196.3052423,0.14386224746704102,3.1089365482330322,0.010785513557493687,244.20703512183277,0.5975720882415771,3.5204989910125732,178.12894298772304
1778421196.305649,0.14283409714698792,3.112070083618164,0.010785513557493687,0.0,0.31636831164360046,3.1884677410125732,178.308481340246
1778421196.306178,0.14156995713710785,3.1132044792175293,0.010785513557493687,0.0,0.12438707798719406,3.1591708660125732,178.37347742038784
1778421196.3062208,0.14033450186252594,3.113645076751709,0.010785513557493687,0.0,0.04774024337530136,3.1787021160125732,178.3987217995602
1778421196.3070245,0.13874085247516632,3.114088773727417,0.010785513557493687,0.0,0.045298054814338684,3.2021396160125732,178.424143763651
1778421196.3648586,0.13721230626106262,3.114809036254883,0.010785513557493687,0.0,0.06636442244052887,3.2119052410125732,178.4654117666162
1778421196.3655288,0.13553056120872498,3.1156651973724365,0.010785513557493687,0.0,0.08683907985687256,3.2236239910125732,178.51446618523525
1778421196.3655865,0.1339569091796875,3.1165947914123535,0.010785513557493687,0.0,0.09837218374013901,3.2470614910125732,178.567728000383
1778421196.366032,0.13232728838920593,3.1176862716674805,0.010785513557493687,0.0,0.10938378423452377,3.2841708660125732,178.63026521242364
1778421196.3666055,0.13082921504974365,3.119006633758545,0.010785513557493687,0.0,0.13851548731327057,3.3427646160125732,178.7059163876707
1778421196.366966,0.12943628430366516,3.1208255290985107,0.010785513557493687,0.0,0.18203753232955933,3.3994052410125732,178.81013141402676
1778421196.4254782,0.12786996364593506,3.1231143474578857,0.010785513557493687,0.0,0.23672862350940704,3.4716708660125732,178.941271046091
1778421196.4264033,0.12634776532649994,3.1260013580322266,0.010785513557493687,0.0,0.30383405089378357,3.5068271160125732,179.10668456741035
1778421196.4269102,0.12487517297267914,3.1295833587646484,0.010785513557493687,0.0,0.366159588098526,3.5107333660125732,179.3119180915909
1778421196.42737,0.12365983426570892,3.1335597038269043,0.010785513557493687,0.0,0.3903241455554962,3.4794833660125732,179.53974588154585
1778421196.4277709,0.12256115674972534,3.1372501850128174,0.010785513557493687,0.0,0.3804088830947876,3.4326083660125732,179.75119487787111
1778421196.4282818,0.12166891992092133,3.140638589859009,0.010785513557493687,0.0,0.3467338979244232,3.3818271160125732,179.94533617483955
1778421196.4843109,0.12076735496520996,3.143588066101074,0.010785513557493687,0.0,0.2942850589752197,3.3486239910125732,180.11432871528402
1778421196.4847918,0.11974409222602844,3.1459362506866455,0.010785513557493687,0.0,0.24633845686912537,3.3583896160125732,180.24886978155493
1778421196.4853003,0.11888786405324936,3.148259162902832,0.010785513557493687,0.0,0.2286870777606964,3.3876864910125732,180.38196284772178
1778421196.4858127,0.11891570687294006,3.1505777835845947,0.010785513557493687,0.0,0.23653946816921234,3.3896396160125732,180.51481002707854
1778421196.486347,0.119330495595932,3.15309739112854,0.010785513557493687,0.0,0.25336790084838867,3.4306552410125732,180.65917290537593
1778421196.4868188,0.11946114152669907,3.158644676208496,0.010785513557493687,0.0,0.27395808696746826,3.4540927410125732,180.9770089282133
1778421196.5455775,0.11946114152669907,3.158644676208496,0.010785513557493687,0.0,0.31733813881874084,3.4326083660125732,180.9770089282133
1778421196.5459452,0.11969567835330963,3.161647081375122,0.010785513557493687,0.0,0.32117006182670593,3.4384677410125732,181.14903407264924
1778421196.5467012,0.12054005265235901,3.167787790298462,0.010785513557493687,0.0,0.3078959882259369,3.4521396160125732,181.50087077717492
1778421196.5471616,0.12121850997209549,3.1709091663360596,0.010785513557493687,0.0,0.3240297734737396,3.4501864910125732,181.67971245040255
1778421196.5477529,0.12291910499334335,3.1738173961639404,0.010785513557493687,0.0,0.32323890924453735,3.4482333660125732,181.84634174539417
1778421196.5482793,0.12449023872613907,3.177034378051758,0.010785513557493687,0.0,0.3174143433570862,3.4892489910125732,182.03066123033614
1778421196.6056094,0.12611123919487,3.180504322052002,0.010785513557493687,0.0,0.3321073353290558,3.4814364910125732,182.22947437669688
1778421196.6063745,0.1278901845216751,3.1838409900665283,0.010785513557493687,0.0,0.3554621934890747,3.4599521160125732,182.42065137156553
1778421196.6075974,0.1289292424917221,3.1866164207458496,0.010785513557493687,0.0,0.34777408838272095,3.3251864910125732,182.57967183582176
1778421196.6076639,0.12947067618370056,3.1881465911865234,0.010785513557493687,0.0,0.2863166034221649,3.2216708660125732,182.66734414400804
1778421196.6083422,0.12969163060188293,3.1889376640319824,0.010785513557493687,0.0,0.1591290384531021,3.1943271160125732,182.71266927934025
1778421196.609698,0.12952393293380737,3.1895334720611572,0.010785513557493687,0.0,0.0790574699640274,3.1669833660125732,182.74680656481198
1778421196.6638346,0.12901172041893005,3.189769744873047,0.010785513557493687,0.0,0.05259673297405243,3.1591708660125732,182.76034399974694
1778421196.6644282,0.12888117134571075,3.1902127265930176,0.010785513557493687,0.0,0.030879132449626923,3.2216708660125732,182.7857249827027
1778421196.6648884,0.12983384728431702,3.191258192062378,0.010785513557493687,0.0,0.045826997607946396,3.2822177410125732,182.84562574172372
1778421196.665287,0.1310257613658905,3.192707061767578,0.010785513557493687,0.0,0.10410001128911972,3.3056552410125732,182.92863986089606
1778421196.6659079,0.13235943019390106,3.194390296936035,0.010785513557493687,0.0,0.15443450212478638,3.3232333660125732,183.02508213197663
1778421196.666799,0.13381126523017883,3.196218729019165,0.010785513557493687,0.0,0.17091841995716095,3.3486239910125732,183.1298435734663
1778421196.7272463,0.13522373139858246,3.198317050933838,0.010785513557493687,0.0,0.19816598296165466,3.3486239910125732,183.25006856323685
1778421196.7282913,0.13650107383728027,3.2001824378967285,0.010785513557493687,0.0,0.2106161117553711,3.2958896160125732,183.35694736336922
1778421196.7292292,0.13735657930374146,3.201680898666382,0.010785513557493687,0.0,0.19011209905147552,3.2587802410125732,183.44280284123627
1778421196.7297506,0.13702084124088287,3.2029671669006348,0.010785513557493687,0.0,0.1553272157907486,3.2626864910125732,183.51650058238073
1778421196.7304623,0.13619765639305115,3.2048630714416504,0.010785513557493687,0.0,0.13495731353759766,3.2978427410125732,183.6251279109406
1778421196.7310328,0.1348705142736435,3.2069358825683594,0.010785513557493687,0.0,0.15647481381893158,3.3388583660125732,183.74389124022878
1778421196.7848988,0.1332884579896927,3.209500312805176,0.010785513557493687,0.0,0.19197776913642883,3.4247958660125732,183.8908222696541
1778421196.785384,0.13223016262054443,3.2130274772644043,0.010785513557493687,0.0,0.25037795305252075,3.5107333660125732,184.09291390681642
1778421196.7858913,0.13187147676944733,3.2170567512512207,0.010785513557493687,0.0,0.33844611048698425,3.5244052410125732,184.32377430076286
1778421196.7866242,0.13089419901371002,3.2211055755615234,0.010785513557493687,0.0,0.4040800631046295,3.4951083660125732,184.5557548457332
1778421196.7869818,0.12940379977226257,3.224703550338745,0.010785513557493687,0.0,0.40338999032974243,3.4658114910125732,184.7619036152625
1778421196.7874205,0.12773767113685608,3.228219509124756,0.010785513557493687,0.0,0.3763260543346405,3.4912021160125732,184.96335321464286
1778421196.8454251,0.12608003616333008,3.2317216396331787,0.010785513557493687,0.0,0.36514100432395935,3.4540927410125732,185.1640105120795
1778421196.8459644,0.12442047894001007,3.2351186275482178,0.010785513557493687,0.0,0.359136164188385,3.4951083660125732,185.35864358266818
1778421196.846329,0.12280471622943878,3.238879680633545,0.010785513557493687,0.0,0.347677081823349,3.5087802410125732,185.57413605098208
1778421196.8468246,0.12098540365695953,3.242499589920044,0.010785513557493687,0.0,0.38557958602905273,3.4384677410125732,185.7815415753187
1778421196.8479161,0.11841324716806412,3.2454724311828613,0.010785513557493687,0.0,0.3796249330043793,3.3701083660125732,185.95187283284048
1778421196.8484688,0.11583364754915237,3.2479116916656494,0.010785513557493687,0.0,0.30587753653526306,3.3193271160125732,186.09163216363726
1778421196.9032824,0.11420070379972458,3.249732255935669,0.010785513557493687,0.0,0.24482284486293793,3.2763583660125732,186.1959428126417
1778421196.9043305,0.11316229403018951,3.251110553741455,0.010785513557493687,0.0,0.19208268821239471,3.2451083660125732,186.2749134598254
1778421196.9046738,0.1122048869729042,3.252373695373535,0.010785513557493687,0.0,0.14610163867473602,3.2685458660125732,186.34728614427084
1778421196.905177,0.11111941188573837,3.253826141357422,0.010785513557493687,0.0,0.15467172861099243,3.3017489910125732,186.43050516911828
1778421196.9064775,0.11018780618906021,3.2556979656219482,0.010785513557493687,0.0,0.18238122761249542,3.3037021160125732,186.5377527994658
1778421196.9652655,0.1095658615231514,3.2572360038757324,0.010785513557493687,0.0,0.1627727597951889,3.2939364910125732,186.62587590013732
1778421196.9653406,0.10897039622068405,3.2589848041534424,0.010785513557493687,0.0,0.18584999442100525,3.3857333660125732,186.72607477526142
1778421196.9668918,0.10788198560476303,3.260847568511963,0.010785513557493687,0.0,0.19133886694908142,3.2372958660125732,186.83280331123203
1778421196.967581,0.11097773909568787,3.2615389823913574,0.010785513557493687,0.0,0.062201980501413345,3.1943271160125732,186.8724184084181
1778421196.968392,0.11685412377119064,3.2619922161102295,0.010785513557493687,0.0,0.03689095377922058,3.1435458660125732,186.8983867876425
1778421196.968603,0.12007352709770203,3.26187801361084,0.010785513557493687,0.0,-0.007268950343132019,3.0810458660125732,186.8918434664176
1778421196.9690733,0.12328241765499115,3.2614858150482178,0.16166484355926514,320.8150745835934,-0.043422725051641464,3.0810458660125732,186.86937214404827
1778421197.0237186,0.1260439157485962,3.2608981132507324,0.16125676035881042,-0.0074679510967854135,-0.05777585133910179,3.0810458660125732,186.83569931144012
1778421197.0245514,0.12796348333358765,3.2602505683898926,0.160836324095726,-0.5046648224575511,-0.0637422576546669,3.0810458660125732,186.7985977238686
1778421197.025683,0.12993937730789185,3.2597525119781494,0.16031290590763092,-0.4625470018116594,-0.054983533918857574,3.0810458660125732,186.77006119351628
1778421197.0262113,0.13133496046066284,3.2589104175567627,0.1593751609325409,-1.7746876653407644,-0.07843536883592606,3.0810458660125732,186.72181273721932
1778421197.0269136,0.1320728212594986,3.2576282024383545,0.15767446160316467,-2.4226486509255016,-0.13326908648014069,3.0810458660125732,186.64834722250666
1778421197.085297,0.1327158361673355,3.2557361125946045,0.15552085638046265,-0.03688772912070626,-0.19778960943222046,3.0810458660125732,186.53993846000023
1778421197.0854766,0.1333591341972351,3.253437042236328,0.15277372300624847,-15.160779218067503,-0.24178802967071533,3.0810458660125732,186.40821143166735
1778421197.0859482,0.13496655225753784,3.2507410049438477,0.14999504387378693,-5.8970272832363655,-0.2781680226325989,3.0810458660125732,186.25373987339836
1778421197.08666,0.1370578110218048,3.247673511505127,0.14665323495864868,-4.698170816284495,-0.31253308057785034,3.0810458660125732,186.07798544567558
1778421197.087618,0.1386640965938568,3.244223117828369,0.14295408129692078,-3.8645566369593953,-0.348858118057251,3.0810458660125732,185.88029245033874
1778421197.088066,0.1397220641374588,3.240154266357422,0.13804569840431213,-10.931810824836289,-0.4280412197113037,3.0810458660125732,185.64716443358785
1778421197.1441693,0.14068160951137543,3.2350306510925293,0.1325153112411499,-0.09857560490858815,-0.5219758152961731,3.0810458660125732,185.3536029030607
1778421197.1449752,0.14090439677238464,3.228591203689575,0.12599293887615204,-8.10131964960448,-0.6691722273826599,3.0810458660125732,184.98464974447495
1778421197.145056,0.14082740247249603,3.2214748859405518,0.1193513423204422,-80.50418407163562,-0.7317992448806763,3.0810458660125732,184.57691477178187
1778421197.1455264,0.14024986326694489,3.214089870452881,0.11146189272403717,-16.768224332942374,-0.7750723361968994,3.0810458660125732,184.1537845526996
1778421197.1462805,0.1390562802553177,3.206272840499878,0.10389570146799088,-10.052067591877453,-0.8028092384338379,3.0810458660125732,183.7059017280652
1778421197.1471565,0.13764098286628723,3.1983211040496826,0.09560290724039078,-9.462339281785615,-0.8153221607208252,3.0810458660125732,183.25030078966864
1778421197.2052748,0.1363915354013443,3.190413236618042,0.08774568885564804,-0.1351953953131565,-0.823537290096283,3.0810458660125732,182.79721336088667
1778421197.2053406,0.13563300669193268,3.1824162006378174,0.0797305554151535,-118.74268383806547,-0.8186418414115906,3.0810458660125732,182.33901695060555
1778421197.2062445,0.13473457098007202,3.1742560863494873,0.07143735140562057,-9.18100762534551,-0.8429117798805237,3.0810458660125732,181.87147684153982
1778421197.2066002,0.1339665949344635,3.1659531593322754,0.06295927613973618,-23.821509374189148,-0.857629120349884,3.0810458660125732,181.39575416584844
1778421197.207019,0.1335269957780838,3.157679796218872,0.05455699563026428,-20.057963104206724,-0.854824423789978,3.0810458660125732,180.92172537707123
1778421197.2076285,0.13295432925224304,3.149380922317505,0.04603314399719238,-13.989580609178077,-0.858574390411377,3.0810458660125732,180.44623492781162
1778421197.2644925,0.13146741688251495,3.1406006813049316,0.03730066120624542,-0.1535705606482351,-0.9034115076065063,3.0810458660125732,179.9431641746835
1778421197.3842459,0.12944462895393372,3.1315107345581055,0.02800704911351204,-0.07760605387631844,-0.9429368376731873,3.0810458660125732,179.42234859009167
1778421197.4450343,0.1276678591966629,3.1224100589752197,0.01866598054766655,-0.15366683060901726,-0.9424926042556763,3.0810458660125732,178.90091828847457
1778421197.4454126,0.12623955309391022,3.113337278366089,0.009433766826987267,-24.301693714178025,-0.9314411878585815,3.0810458660125732,178.38108625112324
1778421197.4460902,0.12434374541044235,3.1046409606933594,0.00046563896466977894,-13.266461412905732,-0.9092889428138733,3.0810458660125732,177.8828239511708
1778421197.4470813,0.12196699529886246,3.09623122215271,-0.008150280453264713,-8.682776642051547,-0.8749290704727173,3.0810458660125732,177.40098142598308
1778421197.4474368,0.11972164362668991,3.088993549346924,-0.016486378386616707,-23.42916963117313,-0.7712094783782959,3.0810458660125732,176.98629332071494
1778421197.4482052,0.11769066751003265,3.0825388431549072,-0.02328394539654255,-8.856764564238883,-0.6659683585166931,3.0810458660125732,176.61646589791542
1778421197.449271,0.11554137617349625,3.0764565467834473,-0.02992856316268444,-6.230302635355256,-0.6286837458610535,3.0810458660125732,176.26797598608303
1778421197.4499097,0.11323235929012299,3.0709471702575684,-0.03590429201722145,-9.354616185037305,-0.569640040397644,3.0810458660125732,175.9523119634017
1778421197.4504077,0.11067092418670654,3.0655829906463623,-0.04162798449397087,-11.491051404401567,-0.5526642203330994,3.0810458660125732,175.6449671111295
1778421197.4511788,0.10759563744068146,3.059899091720581,-0.04780583456158638,-8.014854582609058,-0.5840615034103394,3.0810458660125732,175.31930369150328
1778421197.4516191,0.10396135598421097,3.0537192821502686,-0.054399583488702774,-14.975583187120124,-0.6485196948051453,3.0810458660125732,174.9652266849298
1778421197.4521596,0.07845980674028397,2.963475227355957,-0.16936907172203064,-212.70950172466442,-0.9661089181900024,2.2568271160125732,169.79462321906843
1778421197.5039153,0.07674925029277802,2.9538567066192627,-0.17933614552021027,-0.19258334138584896,-0.9994571208953857,2.2568271160125732,169.24352257569677
1778421197.5043914,0.07562687247991562,2.943835735321045,-0.17933614552021027,0.0,-1.0276697874069214,2.1415927410125732,168.66936321368715
1778421197.5047734,0.07543522119522095,2.933619260787964,-0.18992701172828674,-27.717524817089927,-1.0570448637008667,2.1415927410125732,168.08400234143872
1778421197.505374,0.07571692764759064,2.923363447189331,-0.20052021741867065,-17.640642188010936,-1.0607597827911377,2.1415927410125732,167.4963875067642
1778421197.5060482,0.0767216607928276,2.9129130840301514,-0.2110261172056198,-15.582764178339568,-1.0739306211471558,2.1415927410125732,166.8976258033642
1778421197.5654132,0.07788091897964478,2.9025003910064697,-0.22162355482578278,-0.17851773603857335,-1.081528902053833,2.1415927410125732,166.30102243974193
1778421197.56551,0.07945074886083603,2.8921327590942383,-0.23231241106987,-108.07738615299547,-1.0739082098007202,2.1415927410125732,165.70700088762592
1778421197.5659602,0.08071599900722504,2.8819289207458496,-0.24184712767601013,-21.249647828719247,-1.0434778928756714,2.1415927410125732,165.1223640154295
1778421197.5663013,0.08139313757419586,2.872246742248535,-0.2519274950027466,-29.466141169990948,-1.0130436420440674,2.1415927410125732,164.56761605104106
1778421197.5669034,0.08232247829437256,2.8626511096954346,-0.2607889771461487,-14.720070359720452,-0.9803422689437866,2.1415927410125732,164.01782680399006
1778421197.567324,0.08336561918258667,2.8535499572753906,-0.2699974775314331,-21.898930737036338,-0.9395626187324524,2.1415927410125732,163.49636918161627
1778421197.62476,0.08438780903816223,2.8449294567108154,-0.2856071889400482,-0.2717875700614283,-0.8876990675926208,2.1415927410125732,163.00245088197596
1778421197.6256213,0.08583205938339233,2.8369150161743164,-0.29225432872772217,-7.705042138312118,-0.8315837979316711,2.1415927410125732,162.543257264076
1778421197.6263065,0.08768456429243088,2.8293399810791016,-0.29225432872772217,0.0,-0.7791080474853516,2.5341708660125732,162.1092397234567
1778421197.627066,0.09043097496032715,2.8224358558654785,-0.2989059090614319,-8.756688258393588,-0.7184016704559326,2.5341708660125732,161.71366248748626
1778421197.6277795,0.0933384895324707,2.816019296646118,-0.30448344349861145,-7.8215320924323954,-0.6571856737136841,2.5341708660125732,161.34602072522114
1778421197.6283295,0.09615979343652725,2.8102011680603027,-0.30946093797683716,-9.041770155763912,-0.5985569953918457,2.5341708660125732,161.0126665125895
1778421197.685595,0.09852061420679092,2.805379867553711,-0.3132157027721405,-0.06556800281013997,-0.5062411427497864,2.5341708660125732,160.7364263417975
1778421197.6861098,0.10066453367471695,2.802022933959961,-0.31598883867263794,-5.383684599225672,-0.39411988854408264,2.5341708660125732,160.54408821476994
1778421197.68664,0.1033410131931305,2.79959774017334,-0.31797128915786743,-3.7383566153918597,-0.2955172657966614,2.5341708660125732,160.40513484629523
1778421197.6870866,0.10619527846574783,2.7980613708496094,-0.3192407786846161,-2.843201661258395,-0.2101522535085678,2.5341708660125732,160.31710736827208
1778421197.687841,0.10902320593595505,2.797184467315674,-0.3197772800922394,-0.7113516321124607,-0.1445132941007614,2.5341708660125732,160.26686449673747
1778421197.6884124,0.11194996535778046,2.79715633392334,-0.31966352462768555,0.19922147509932892,-0.07467059791088104,2.5341708660125732,160.26525257209335
1778421197.8057132,0.11466019600629807,2.7978358268737793,-0.3190106749534607,0.005565650361936473,-0.007828433997929096,2.5341708660125732,160.30418465036243
1778421197.8069563,0.11762487143278122,2.798954486846924,-0.31800341606140137,0.8102146765662452,0.0386260524392128,2.5341708660125732,160.36827914553382
1778421197.8076088,0.1209089383482933,2.8005247116088867,-0.3161211609840393,2.8807087259332724,0.09004814922809601,2.5341708660125732,160.45824639728124
1778421197.808651,0.1245202124118805,2.8026294708251953,-0.31378331780433655,2.2451197072142954,0.14668214321136475,2.5341708660125732,160.578840217267
1778421197.811001,0.1279711127281189,2.805466651916504,-0.31080400943756104,1.267197636102,0.21023444831371307,2.5341708660125732,160.74139871951328
1778421197.8118007,0.1310584992170334,2.808781385421753,-0.3071436882019043,4.576545805347551,0.2834583818912506,2.5341708660125732,160.93131895957467
1778421197.8125517,0.13385695219039917,2.8129332065582275,-0.30215632915496826,6.644496367255749,0.3734396994113922,2.5341708660125732,161.16920078798785
1778421197.8133605,0.13686540722846985,2.818023920059204,-0.2964262366294861,7.098727064373584,0.48232296109199524,2.5341708660125732,161.4608771863041
1778421197.8140476,0.14017251133918762,2.8236513137817383,-0.28968095779418945,9.795641576736141,0.581542432308197,2.5341708660125732,161.7833030962637
1778421197.8146045,0.1437889039516449,2.8301849365234375,-0.28223761916160583,13.356071608479372,0.6740426421165466,2.5341708660125732,162.15765210429376
1778421197.8154223,0.14728835225105286,2.837437868118286,-0.273908793926239,10.190658614025233,0.752073347568512,2.5341708660125732,162.5732144737757
1778421197.816053,0.15055404603481293,2.8454389572143555,-0.2652505934238434,13.71922113151136,0.8276857137680054,2.5341708660125732,163.0316431104886
1778421197.8636756,0.15307125449180603,2.8542442321777344,-0.2558823525905609,0.1967179692761058,0.9018413424491882,2.5341708660125732,163.5361482033424
1778421197.8642838,0.15468154847621918,2.8633790016174316,-0.24646314978599548,15.481924268332149,0.9475154876708984,2.5341708660125732,164.05953193906217
1778421197.864533,0.1562332957983017,2.87284779548645,-0.23689904808998108,38.34844192403153,0.9699644446372986,2.5341708660125732,164.60205386483628
1778421197.8652897,0.15826241672039032,2.882179021835327,-0.2275567650794983,12.34608565980003,0.9675142765045166,2.5341708660125732,165.1366937523082
1778421197.8657758,0.1611761897802353,2.8913021087646484,-0.21837100386619568,18.889083047416978,0.9453376531600952,2.5341708660125732,165.65940812948926
1778421197.8669133,0.16357286274433136,2.900487184524536,-0.21837100386619568,0.0,0.9435832500457764,4.045889377593994,166.18567420503874
1778421197.9249241,0.16478735208511353,2.909567356109619,-0.20017236471176147,0.31371284768711655,0.9373362064361572,4.045889377593994,166.7059297141186
1778421197.9254353,0.16532574594020844,2.918759346008301,-0.19115112721920013,17.63682811829481,0.9437510967254639,4.045889377593994,167.23259194063996
1778421197.9265673,0.1661512851715088,2.927696704864502,-0.1821252703666687,7.971259202932889,0.9276806712150574,4.045889377593994,167.74466488309415
1778421197.927098,0.16944873332977295,2.9454047679901123,-0.17309127748012543,17.009965938490033,0.9144865274429321,4.045889377593994,168.75926216354287
1778421197.927683,0.17143477499485016,2.954761028289795,-0.16387879848480225,15.755907313533271,0.9201487302780151,4.045889377593994,169.2953363907405
1778421197.928446,0.17333965003490448,2.964223623275757,-0.15409992635250092,12.824750584939292,0.957248330116272,4.045889377593994,169.83750314667776
1778421197.9851432,0.1755692958831787,2.9737250804901123,-0.14444248378276825,0.17033547984422118,0.9829575419425964,4.045889377593994,170.38189654428444
1778421197.9857116,0.17713472247123718,2.982941150665283,-0.13475076854228973,17.014949487021997,0.9796696305274963,4.045889377593994,170.90993846901816
1778421197.9858472,0.1776042878627777,2.9919795989990234,-0.12582482397556305,65.58372751456261,0.9550721645355225,4.045889377593994,171.4278034118885
1778421197.9862328,0.17750075459480286,3.000796318054199,-0.11688484996557236,23.1966116314283,0.9246063232421875,4.045889377593994,171.93296420290267
1778421197.98684,0.17715738713741302,3.009732723236084,-0.10822820663452148,14.277821326583561,0.9160489439964294,4.045889377593994,172.44498250384348
1778421197.9873624,0.17676672339439392,3.0185885429382324,-0.09919751435518265,17.283621873447853,0.9228613972663879,4.045889377593994,172.9523835969054
1778421198.044244,0.17656798660755157,3.0272819995880127,-0.09051064401865005,0.1527176542270186,0.9137235283851624,4.045889377593994,173.45048197231776
1778421198.044634,0.1764647364616394,3.0357508659362793,-0.08164742588996887,22.697101198898928,0.8953733444213867,4.045889377593994,173.93571227133378
1778421198.045093,0.17651477456092834,3.043943405151367,-0.07345601171255112,17.853998862108668,0.8663418292999268,4.045889377593994,174.40511019185374
1778421198.0455742,0.17634987831115723,3.0520849227905273,-0.06492229551076889,17.737925071826446,0.8486433029174805,4.045889377593994,174.87158479140894
1778421198.0458608,0.1760253757238388,3.060476303100586,-0.05677111819386482,28.401314438491287,0.8478532433509827,4.045889377593994,175.35237546746447
1778421198.0467348,0.17622993886470795,3.0693366527557373,-0.04780115932226181,10.271337485497657,0.865753173828125,4.045889377593994,175.86003610771485
1778421198.1067376,0.17617103457450867,3.0786948204040527,-0.03875784948468208,0.15071781145993474,0.916277289390564,4.045889377593994,176.39621961793918
1778421198.1076722,0.17584967613220215,3.0881991386413574,-0.028741911053657532,10.707652891797252,0.9561551213264465,4.045889377593994,176.94077694008595
1778421198.1094975,0.17563974857330322,3.098248243331909,-0.01922590285539627,5.218540271569462,0.9932939410209656,4.045889377593994,177.5165482267397
1778421198.111776,0.1749897301197052,3.108494997024536,-0.01922590285539627,0.0,1.032230019569397,4.102530002593994,178.1036439670373
1778421198.1130178,0.1741238385438919,3.1186840534210205,-0.01922590285539627,0.0,1.0543489456176758,4.114248752593994,178.68743389577665
1778421198.1140664,0.173707976937294,3.1290202140808105,0.012059653177857399,29.807123068304634,1.0601999759674072,4.114248752593994,179.27965227795178
1778421198.1648014,0.17348584532737732,3.1395316123962402,0.02230297215282917,0.2018988699241731,1.0639132261276245,4.114248752593994,179.88191103820682
1778421198.1654797,0.17380133271217346,3.1501612663269043,0.032854095101356506,15.536920399976017,1.0825679302215576,4.114248752593994,180.4909453461185
1778421198.1659508,0.1745707243680954,3.1609630584716797,0.04348856583237648,22.568911721753533,1.0997282266616821,4.114248752593994,181.1098424471917
1778421198.166436,0.1750549077987671,3.171384811401367,0.04348856583237648,0.0,1.1077595949172974,4.118155002593994,181.7069649051909
1778421198.1670551,0.1746274083852768,3.181474208831787,0.04348856583237648,0.0,1.0862268209457397,4.067373752593994,182.2850447957841
1778421198.1675365,0.1738714724779129,3.191272735595703,0.04348856583237648,0.0,1.0467826128005981,4.036123752593994,182.84645902480247
1778421198.2256846,0.17315739393234253,3.200613260269165,0.04348856583237648,0.0,1.0047510862350464,4.008780002593994,183.38163166702964
1778421198.2262242,0.1728300154209137,3.209770679473877,0.09302269667387009,91.69590883227967,0.970328152179718,4.008780002593994,183.90631313869167
1778421198.227477,0.1728382408618927,3.218470335006714,0.09302269667387009,0.0,0.9378358125686646,3.9560458660125732,184.40476668394086
1778421198.2280602,0.17304930090904236,3.2268643379211426,0.09302269667387009,0.0,0.8983079195022583,3.9033114910125732,184.88570762415816
1778421198.2289593,0.17321494221687317,3.2347187995910645,0.09302269667387009,0.0,0.8660722374916077,3.8544833660125732,185.33573512819194
1778421198.229145,0.17303600907325745,3.2422966957092285,0.09302269667387009,0.0,0.8118482828140259,3.8193271160125732,185.76991659335133
1778421198.2855742,0.1721763014793396,3.24875807762146,0.09302269667387009,0.0,0.7765629887580872,3.7490146160125732,186.14012650674437
1778421198.2862167,0.17142722010612488,3.254478693008423,0.09302269667387009,0.0,0.729701578617096,3.7197177410125732,186.46789362463494
1778421198.2869024,0.17062026262283325,3.260042190551758,0.09302269667387009,0.0,0.6706468462944031,3.6611239910125732,186.78665855319943
1778421198.287616,0.16948223114013672,3.264857769012451,0.09302269667387009,0.0,0.6329134106636047,3.2841708660125732,187.06257087491124
1778421198.288506,0.1693822592496872,3.266665458679199,0.09302269667387009,0.0,0.49465125799179077,3.2958896160125732,187.16614386348533
1778421198.2885773,0.17072170972824097,3.2683091163635254,0.09302269667387009,0.0,0.18791651725769043,3.2568271160125732,187.26031851176145
1778421198.3454323,0.1704256683588028,3.2695138454437256,0.09302269667387009,0.0,0.1347726732492447,3.2333896160125732,187.32934440351363
1778421198.346237,0.1693737506866455,3.270639419555664,0.09302269667387009,0.0,0.11022394895553589,3.2294833660125732,187.39383504965687
1778421198.3463051,0.16797518730163574,3.2716166973114014,0.09302269667387009,0.0,0.09958983957767487,3.2119052410125732,187.44982894047263
1778421198.3474443,0.1661359965801239,3.2724833488464355,0.09302269667387009,0.0,0.08581089973449707,3.1962802410125732,187.49948441573864
1778421198.3484633,0.16456960141658783,3.2729432582855225,0.09302269667387009,0.0,0.05584954097867012,3.1747958660125732,187.52583528555655
1778421198.3489208,0.16358433663845062,3.273200035095215,0.09302269667387009,0.0,0.026228997856378555,3.1279208660125732,187.54054751302874
1778421198.4042253,0.16287142038345337,3.273049831390381,0.09302269667387009,0.0,-0.01919318363070488,3.0790927410125732,187.53194147467454
1778421198.4045665,0.1611451357603073,3.272200345993042,0.09302269667387009,0.0,-0.08047077804803848,2.9755771160125732,187.483269546649
1778421198.4049482,0.1583779752254486,3.2706844806671143,0.09302269667387009,0.0,-0.16565586626529694,2.8681552410125732,187.39641686116315
1778421198.405413,0.15638045966625214,3.267245292663574,0.09302269667387009,0.0,-0.2719574570655823,2.7900302410125732,187.19936590360828
1778421198.4058936,0.15617811679840088,3.263113021850586,0.09302269667387009,0.0,-0.35613295435905457,2.7333896160125732,186.96260422621896
1778421198.4065285,0.1575341522693634,3.258315086364746,0.09302269667387009,0.0,-0.4349130690097809,2.6572177410125732,186.68770277250428
1778421198.464442,0.15910595655441284,3.252751111984253,0.09302269667387009,0.0,-0.522364616394043,2.5771396160125732,186.3689105231831
1778421198.4651163,0.160289004445076,3.2465386390686035,0.09302269667387009,0.0,-0.610706627368927,2.4990146160125732,186.01296204477705
1778421198.4654837,0.16121788322925568,3.2394826412200928,0.09302269667387009,0.0,-0.696342945098877,2.4111239910125732,185.60868314780402
1778421198.466007,0.1623803824186325,3.231736421585083,0.09302269667387009,0.0,-0.7817364931106567,2.3310458660125732,185.16485745553658
1778421198.4664257,0.16420623660087585,3.2233104705810547,0.09302269667387009,0.0,-0.8678253889083862,2.2880771160125732,184.68208602462173
1778421198.5245903,0.16626857221126556,3.2142715454101562,0.09302269667387009,0.0,-0.9285625219345093,2.2392489910125732,184.1641937609947
1778421198.5253103,0.1684119999408722,3.2047276496887207,0.09302269667387009,0.0,-0.9851146936416626,2.1904208660125732,183.61736881604347
1778421198.5257459,0.17036420106887817,3.194662570953369,0.09302269667387009,0.0,-1.041020154953003,2.1435458660125732,183.04068228404094
1778421198.5267031,0.1719576120376587,3.1841912269592285,0.09302269667387009,0.0,-1.085434913635254,2.1220614910125732,182.44071846734704
1778421198.5273502,0.17288744449615479,3.17319655418396,0.09302269667387009,0.0,-1.125003457069397,2.0693271160125732,181.81077012019676
1778421198.528117,0.17330506443977356,3.16192889213562,0.09302269667387009,0.0,-1.16660737991333,2.0400302410125732,181.16518063984714
1778421198.5853019,0.17309559881687164,3.150423526763916,0.09302269667387009,0.0,-1.1957188844680786,2.0048739910125732,180.50597176229255
1778421198.585382,0.17232610285282135,3.1385130882263184,0.09302269667387009,0.0,-1.2239736318588257,1.9736238718032837,179.82355390193823
1778421198.5861397,0.17149248719215393,3.126436710357666,0.09302269667387009,0.0,-1.2474387884140015,1.9697176218032837,179.13162841825925
1778421198.5866687,0.171656534075737,3.1142451763153076,0.09302269667387009,0.0,-1.2585482597351074,1.9970613718032837,178.43310497184206
1778421198.5872328,0.17236430943012238,3.102247476577759,0.09302269667387009,0.0,-1.2435266971588135,2.0126864910125732,177.74568741301528
1778421198.587669,0.1725483387708664,3.0904381275177,0.09302269667387009,0.0,-1.2182190418243408,2.0654208660125732,177.06906155307715
1778421198.6454527,0.17279572784900665,3.0791172981262207,0.09302269667387009,0.0,-1.1634374856948853,2.1240146160125732,176.42042580835772
1778421198.6461134,0.17285755276679993,3.068345546722412,0.09302269667387009,0.0,-1.1146461963653564,2.1845614910125732,175.80324991495536
1778421198.646579,0.17309804260730743,3.0580825805664062,0.09302269667387009,0.0,-1.0517634153366089,2.2255771160125732,175.21522526893062
1778421198.6469204,0.17320746183395386,3.0485782623291016,0.09302269667387009,0.0,-0.9861288070678711,2.2724521160125732,174.67066794678385
1778421198.647421,0.1730404794216156,3.0394506454467773,0.09302269667387009,0.0,-0.9427820444107056,2.3115146160125732,174.1476940224143
1778421198.6478007,0.17278383672237396,3.030794620513916,0.09302269667387009,0.0,-0.9006370902061462,2.3349521160125732,173.65174032640135
1778421198.7052999,0.17213931679725647,3.0224287509918213,0.09302269667387009,0.0,-0.8635275959968567,2.3740146160125732,173.17241131082818
1778421198.706308,0.171326145529747,3.0144968032836914,-0.10090240836143494,-192.27157019176786,-0.814484715461731,2.3740146160125732,172.71794418383388
1778421198.7063787,0.17043304443359375,3.00703763961792,-0.10779641568660736,-95.6173051950542,-0.7701746821403503,2.3740146160125732,172.29056558708785
1778421198.7066884,0.16901619732379913,3.0000030994415283,-0.11137355864048004,-11.557812478989057,-0.720543622970581,2.5439364910125732,171.8875161241654
1778421198.7070315,0.1677090972661972,2.9934797286987305,-0.12378299236297607,-36.17910786151328,-0.6743642687797546,2.5439364910125732,171.51375451240395
1778421198.707721,0.16686604917049408,2.98746395111084,-0.1265726387500763,-4.048833608038571,-0.6316071152687073,2.5439364910125732,171.16907584612844
1778421198.7651913,0.16666463017463684,2.9815566539764404,-0.1265726387500763,0.0,-0.5997796058654785,2.5947177410125732,170.83061265199763
1778421198.8270407,0.16646622121334076,2.975959539413452,-0.1265726387500763,0.0,-0.578251838684082,2.5986239910125732,170.5099216100872
1778421198.8281858,0.1663181185722351,2.9704809188842773,-0.14308668673038483,-14.416453676852871,-0.5692425966262817,2.5986239910125732,170.19601977621173
1778421198.8294015,0.1665942221879959,2.964900493621826,-0.14884547889232635,-4.737407170488543,-0.5733035802841187,2.5986239910125732,169.87628496078509
1778421198.8309472,0.16728346049785614,2.9592065811157227,-0.15999464690685272,-7.220496093176891,-0.585552453994751,2.5986239910125732,169.5500478052686
1778421198.8314655,0.16841106116771698,2.953486919403076,-0.16550788283348083,-10.604416079421268,-0.6000810861587524,2.5986239910125732,169.2223353288914
1778421198.8323245,0.16948513686656952,2.9475858211517334,-0.16550788283348083,0.0,-0.5994577407836914,2.6162021160125732,168.88422730459743
1778421198.8327634,0.17054669559001923,2.941972255706787,-0.17094817757606506,-12.367116866334555,-0.5898216366767883,2.6162021160125732,168.56259369658153
1778421198.8334854,0.17185626924037933,2.9364893436431885,-0.1758415400981903,-6.776571855729317,-0.5627296566963196,2.6162021160125732,168.24844597589595
1778421198.8342624,0.1728244572877884,2.9315249919891357,-0.18070702254772186,-6.258660120913048,-0.5237552523612976,2.6162021160125732,167.96400957809993
1778421198.8345497,0.17383691668510437,2.9268746376037598,-0.18505562841892242,-15.120327549671822,-0.4852342903614044,2.6162021160125732,167.69756389857776
1778421198.8353083,0.17484837770462036,2.9223577976226807,-0.18977367877960205,-6.224340769451514,-0.46970391273498535,2.6162021160125732,167.43876803092596
1778421198.8845236,0.1756790727376938,2.917745351791382,-0.1942051351070404,-0.09004353031699962,-0.48260071873664856,2.6162021160125732,167.17449435155984
1778421198.885039,0.1765267550945282,2.912851095199585,-0.19897902011871338,-9.249922503509124,-0.4964047372341156,2.6162021160125732,166.89407410499578
1778421198.885408,0.17785246670246124,2.9080231189727783,-0.19897902011871338,0.0,-0.49578478932380676,2.7236239910125732,166.61745144361026
1778421198.8857596,0.179643452167511,2.903485059738159,-0.19897902011871338,0.0,-0.47121626138687134,2.7314364910125732,166.35743980228622
1778421198.8861415,0.18107587099075317,2.899242401123047,-0.19897902011871338,0.0,-0.4376247823238373,2.7626864910125732,166.11435336972548
1778421198.9453988,0.18198232352733612,2.89534068107605,-0.19897902011871338,0.0,-0.39858362078666687,2.8115146160125732,165.89080127819096
1778421198.94626,0.1825212687253952,2.892096996307373,-0.19897902011871338,0.0,-0.34727635979652405,2.8622958660125732,165.7049518308749
1778421198.9466834,0.18299272656440735,2.889389991760254,-0.19897902011871338,0.0,-0.30191612243652344,2.9111239910125732,165.54985189520227
1778421198.9473288,0.18350747227668762,2.886997938156128,-0.2241879552602768,-39.08362081074609,-0.2545766830444336,2.9111239910125732,165.41279731931678
1778421198.9478493,0.18416926264762878,2.885197639465332,-0.2241879552602768,0.0,-0.19924041628837585,3.0048739910125732,165.30964780247126
1778421198.9482281,0.18477994203567505,2.8838117122650146,-0.2241879552602768,0.0,-0.14499583840370178,3.0712802410125732,165.23024002318067
1778421199.0052702,0.18534325063228607,2.8831958770751953,-0.2241879552602768,0.0,-0.07473000884056091,3.1396396160125732,165.1949552659284
1778421199.0063527,0.1862630397081375,2.883164167404175,-0.2241879552602768,0.0,-0.0011711139231920242,3.2001864910125732,165.19313843560917
1778421199.0065238,0.1873255968093872,2.883885622024536,-0.2241879552602768,0.0,0.06776727735996246,3.2626864910125732,165.23447474046608
1778421199.0070543,0.18838484585285187,2.8852548599243164,-0.2241879552602768,0.0,0.14003558456897736,3.3329989910125732,165.31292629327285
1778421199.0071487,0.18953901529312134,2.887410879135132,-0.2241879552602768,0.0,0.21593253314495087,3.4091708660125732,165.4364570946017
1778421199.0075402,0.19097381830215454,2.8903212547302246,-0.2241879552602768,0.0,0.2914111912250519,3.4892489910125732,165.6032093329984
1778421199.0646985,0.19268809258937836,2.8939871788024902,-0.2241879552602768,0.0,0.373676598072052,3.5556552410125732,165.81325131035462
1778421199.0650845,0.19474798440933228,2.898311138153076,-0.2241879552602768,0.0,0.4390161335468292,3.6201083660125732,166.06099593192934
1778421199.0658057,0.19689886271953583,2.903345823287964,-0.2241879552602768,0.0,0.5069918036460876,3.6806552410125732,166.34946214133566
1778421199.065862,0.19897903501987457,2.9091622829437256,-0.2241879552602768,0.0,0.5809026956558228,3.7392489910125732,166.6827207313189
1778421199.0664785,0.20114563405513763,2.915334701538086,-0.2241879552602768,0.0,0.6454933881759644,3.7978427410125732,167.03637426616382
1778421199.0669355,0.20338580012321472,2.9222230911254883,-0.2241879552602768,0.0,0.7086303234100342,3.8622958660125732,167.43104991716385
1778421199.1263142,0.205222949385643,2.9297547340393066,-0.2241879552602768,0.0,0.7703190445899963,3.9033114910125732,167.86258126892525
1778421199.126909,0.20698225498199463,2.9377660751342773,-0.2241879552602768,0.0,0.825701117515564,3.9521396160125732,168.3215973019068
1778421199.1280844,0.20824243128299713,2.946303129196167,-0.2241879552602768,0.0,0.8856795430183411,4.004873752593994,168.81073446912808
1778421199.1287887,0.2087988555431366,2.955376148223877,-0.2241879552602768,0.0,0.9383553862571716,4.018545627593994,169.33058016685774
1778421199.12924,0.2087041139602661,2.9647936820983887,-0.2241879552602768,0.0,0.974270761013031,4.043936252593994,169.87016511128877
1778421199.1297176,0.20793314278125763,2.974466562271118,-0.2241879552602768,0.0,0.9937697052955627,4.075186252593994,170.42438032092193
1778421199.2468343,0.2070663422346115,2.984287738800049,-0.2241879552602768,0.0,1.0213721990585327,4.096670627593994,170.9870922858826
1778421199.2476807,0.20552939176559448,2.99442195892334,-0.10708369314670563,138.27401560905565,1.0463898181915283,4.096670627593994,171.56774032760373
1778421199.2488968,0.20331598818302155,3.004850149154663,-0.10708369314670563,0.0,1.0761157274246216,4.159170627593994,172.1652316158181
1778421199.24945,0.20043329894542694,3.015645742416382,-0.10708369314670563,0.0,1.1107773780822754,4.196280002593994,172.78377354705447
1778421199.2500234,0.19713333249092102,3.0265989303588867,-0.10708369314670563,0.0,1.1404951810836792,4.219717502593994,173.41134498837357
1778421199.2505643,0.19404804706573486,3.037811756134033,-0.10708369314670563,0.0,1.1584175825119019,4.223623752593994,174.05379258170498
1778421199.251529,0.1909952461719513,3.049182891845703,-0.10708369314670563,0.0,1.1683763265609741,4.221670627593994,174.70531066625415
1778421199.2519,0.18765518069267273,3.060516357421875,-0.10708369314670563,0.0,1.1674808263778687,4.213858127593994,175.3546704110256
1778421199.252316,0.1843688189983368,3.07173490524292,-0.03197581693530083,180.591193064625,1.1615331172943115,4.213858127593994,175.99744585343717
1778421199.2527587,0.1810205578804016,3.083070993423462,-0.020361250266432762,26.22390328039402,1.1701269149780273,4.213858127593994,176.64695586237036
1778421199.2531924,0.17760717868804932,3.094578504562378,-0.009339863434433937,25.41246595465963,1.1930196285247803,4.213858127593994,177.30628768333003
1778421199.253584,0.17386184632778168,3.1062681674957275,-0.009339863434433937,0.0,1.2114003896713257,4.256826877593994,177.97605603334148
1778421199.2539642,0.1698944866657257,3.1178226470947266,-0.009339863434433937,0.0,1.215753436088562,4.258780002593994,178.63807894883413
1778421199.3045259,0.16615477204322815,3.129676580429077,0.019650941714644432,0.5733816143710225,1.2154289484024048,4.258780002593994,179.31725929952185
1778421199.305069,0.16331136226654053,3.141319513320923,0.03709641844034195,32.104301620243625,1.2124078273773193,4.258780002593994,179.98435021537867
1778421199.3051093,0.16118474304676056,3.153066873550415,0.04854586720466614,279.93748301091426,1.2103253602981567,4.258780002593994,180.6574243769484
1778421199.3053632,0.15927180647850037,3.164656639099121,0.0540996752679348,21.90851477114227,1.1883107423782349,4.258780002593994,181.3214690284354
1778421199.3060687,0.15722452104091644,3.1757116317749023,0.07053858786821365,23.304383645743595,1.1553469896316528,4.258780002593994,181.95487345130567
1778421199.3651156,0.1554400473833084,3.186769485473633,0.08109891414642334,0.1788509566764749,1.138353943824768,4.258780002593994,182.58844179871608
1778421199.365319,0.15341536700725555,3.1976070404052734,0.09202125668525696,53.27972246585836,1.123792290687561,4.258780002593994,183.20938795654027
1778421199.3659048,0.15143539011478424,3.2083420753479004,0.10191670060157776,16.903730505492366,1.1013396978378296,4.258780002593994,183.82446015167827
1778421199.3663218,0.14987576007843018,3.218175172805786,0.11214049905538559,24.499876170979316,1.0720508098602295,4.258780002593994,184.38785513555592
1778421199.3667886,0.14811226725578308,3.227959632873535,0.12095528841018677,18.879394450836468,1.0188636779785156,4.258780002593994,184.94846340225223
1778421199.3671336,0.14436885714530945,3.2458839416503906,0.12984776496887207,25.760362317417083,0.9518866539001465,4.258780002593994,185.97545064585535
1778421199.4245188,0.14436885714530945,3.2458839416503906,0.1374272257089615,0.13208248140870305,0.8939831256866455,4.258780002593994,185.97545064585535
1778421199.4250634,0.1409132331609726,3.2608587741851807,0.1447683572769165,13.467495356120958,0.8081690073013306,4.258780002593994,186.833445349014
1778421199.4253805,0.13967084884643555,3.26698899269104,0.1507851630449295,18.98045994518748,0.7322769165039062,4.258780002593994,187.18468099689275
1778421199.426329,0.13891318440437317,3.271047353744507,0.15595097839832306,5.447448419959403,0.6369539499282837,4.258780002593994,187.41720795699666
1778421199.426774,0.13822421431541443,3.2742130756378174,0.1600915789604187,9.302629610449394,0.5391221046447754,4.258780002593994,187.59859046059552
1778421199.4275315,0.13796117901802063,3.2763993740081787,0.1638862043619156,5.007423474071878,0.4399256110191345,4.258780002593994,187.72385612997354
1778421199.4844933,0.13768170773983002,3.2767152786254883,0.16595178842544556,0.036263383159141876,0.3617222011089325,4.258780002593994,187.7419561312741
1778421199.485096,0.1378021538257599,3.2765254974365234,0.16657865047454834,1.0399171496785689,0.21271847188472748,4.258780002593994,187.73108247011544
1778421199.485662,0.13790103793144226,3.276151180267334,0.16686831414699554,0.5118637066440872,0.05972043797373772,4.258780002593994,187.7096356761216
1778421199.4857264,0.13767103850841522,3.275285005569458,0.1666911542415619,-2.688313907963894,0.024193434044718742,4.258780002593994,187.66000752161227
1778421199.486351,0.1373569667339325,3.2735416889190674,0.16579864919185638,-1.4316731560489584,-0.02074291557073593,4.258780002593994,187.56012283519001
1778421199.4869096,0.13727255165576935,3.2713260650634766,0.164246067404747,-2.7754412567985463,-0.09006653726100922,4.258780002593994,187.43317693927614
1778421199.5450966,0.1378650814294815,3.268873453140259,0.16235442459583282,-0.032509994732249956,-0.15802417695522308,4.258780002593994,187.2926526272923
1778421199.5459325,0.13840603828430176,3.2658190727233887,0.1598566472530365,-2.9949368408497175,-0.20343613624572754,4.258780002593994,187.11764952037825
1778421199.546699,0.1388992965221405,3.2625021934509277,0.15710331499576569,-3.5822695187462226,-0.25701484084129333,4.258780002593994,186.9276063369118
1778421199.547363,0.13913868367671967,3.258786678314209,0.153471902012825,-5.47064307932372,-0.3139115571975708,4.258780002593994,186.71472300086086
1778421199.5480711,0.13931727409362793,3.254716396331787,0.14963047206401825,-5.438037907409854,-0.3598953187465668,4.258780002593994,186.48151302183993
1778421199.54845,0.13996346294879913,3.2498199939727783,0.14463110268115997,-13.135495387585648,-0.4133571982383728,4.258780002593994,186.20096983187082
1778421199.6049192,0.14089037477970123,3.2440459728240967,0.1392124444246292,-0.09595895510991194,-0.4932022988796234,4.258780002593994,185.8701427892321
1778421199.6055083,0.14183184504508972,3.237999200820923,0.1264038383960724,-21.694792908800604,-0.58146733045578,4.258780002593994,185.52368827377236
1778421199.6060984,0.14247174561023712,3.2312846183776855,0.11920031905174255,-12.20935460234648,-0.6386843323707581,4.258780002593994,185.13897103858224
1778421199.6066093,0.14291265606880188,3.2240641117095947,0.11920031905174255,0.0,-0.6894277334213257,2.4033114910125732,184.72526648055455
1778421199.6073954,0.14343436062335968,3.2163608074188232,0.11138352751731873,-9.950091227321444,-0.7438221573829651,2.4033114910125732,184.28389965638834
1778421199.6081114,0.14393393695354462,3.208207845687866,0.10286667943000793,-11.896700632247068,-0.7967289090156555,2.4033114910125732,183.81676935867281
1778421199.663591,0.14449186623096466,3.1995983123779297,0.09452559053897858,-0.1503440679438889,-0.8405400514602661,2.4033114910125732,183.32347943643614
1778421199.6641512,0.1449129283428192,3.1908226013183594,0.08540431410074234,-16.267659321673634,-0.8801639080047607,2.4033114910125732,182.8206682304965
1778421199.664524,0.14572995901107788,3.181516408920288,0.07656016945838928,-23.717202854095444,-0.9173688888549805,2.4033114910125732,182.2874626827503
1778421199.6651628,0.1468890756368637,3.1718664169311523,0.06658684462308884,-15.619929227324526,-0.9569511413574219,2.4033114910125732,181.73455886943776
1778421199.665664,0.14768512547016144,3.1618497371673584,0.05689428001642227,-19.33485840577311,-0.9989805221557617,2.4033114910125732,181.16064539423826
1778421199.6665509,0.14809022843837738,3.151825428009033,0.04685424640774727,-11.322920505547353,-1.0287035703659058,2.4033114910125732,180.5862947869319
1778421199.7248983,0.14815053343772888,3.1418771743774414,0.03681480139493942,-0.1720662287883914,-1.036285400390625,2.4033114910125732,180.01630184031598
1778421199.7256787,0.14793972671031952,3.1320605278015137,0.02701934613287449,-12.542196081856813,-1.030474066734314,2.4033114910125732,179.45384942254378
1778421199.7262964,0.14725448191165924,3.1221725940704346,0.016989191994071007,-16.25106024804273,-1.0226387977600098,2.4033114910125732,178.8873125516479
1778421199.7273118,0.14672085642814636,3.1122488975524902,0.007037526462227106,-9.797839525540796,-1.018088459968567,2.4033114910125732,178.31872662400102
1778421199.7281601,0.14537933468818665,3.102409839630127,-0.0027445738669484854,-11.523265750781114,-1.0220662355422974,2.4033114910125732,177.75499013066485
1778421199.7295716,0.1440391093492508,3.0926668643951416,-0.022375036031007767,-13.914418854083507,-1.0145900249481201,2.4033114910125732,177.19675876979971
1778421199.78529,0.1429513692855835,3.082967758178711,-0.03185545653104782,-0.1701497448204618,-1.001624345779419,2.4033114910125732,176.64104091854912
1778421199.785625,0.14215098321437836,3.073397159576416,-0.03185545653104782,0.0,-0.9982252717018127,2.2216708660125732,176.09268601122383
1778421199.7864332,0.1418139636516571,3.0639843940734863,-0.04151524230837822,-11.947787187316504,-0.9874823689460754,2.2216708660125732,175.5533742743596
1778421199.7873733,0.1422756016254425,3.054636001586914,-0.050736598670482635,-9.812041280987234,-0.9580373167991638,2.2216708660125732,175.01775083964722
1778421199.787434,0.14297904074192047,3.0456631183624268,-0.05970848351716995,-145.64747325849493,-0.9318436980247498,2.2216708660125732,174.50364250082035
1778421199.7878199,0.1428433507680893,3.036911725997925,-0.06849910318851471,-22.797250382384032,-0.9037587642669678,2.2216708660125732,174.0022246534714
1778421199.84537,0.14249169826507568,3.0284643173217773,-0.07702306658029556,-0.14811456144128518,-0.8793262243270874,2.2216708660125732,173.51822378850594
1778421199.846335,0.6571380496025085,-0.0004111683228984475,-0.08536475896835327,-8.653208076965262,1.4688363075256348,2.2216708660125732,-0.023558209571553287
1778421199.8473728,0.14170405268669128,3.011992931365967,-0.09351729601621628,-7.851812480741453,-0.6844058036804199,2.2216708660125732,172.57448289050694
1778421199.8481183,0.14190317690372467,3.004056692123413,-0.10133731365203857,-10.49103518857693,-0.8102056980133057,2.2216708660125732,172.1197698767025
1778421199.84895,0.14274436235427856,2.996654987335205,-0.10873578488826752,-8.891324736003666,-0.7692170739173889,2.2216708660125732,171.69568343113642
1778421199.8492818,0.1435026377439499,2.98970890045166,-0.1157093346118927,-21.04269735783055,-0.7191247940063477,2.2216708660125732,171.2977019685781
1778421199.9042683,0.1442953497171402,2.9832944869995117,-0.12200116366147995,-0.11442393744689539,-0.6623827219009399,2.2216708660125732,170.93018314971806
1778421199.9046798,0.1447051614522934,2.9772229194641113,-0.1280452013015747,-14.67355605712971,-0.622542679309845,2.2216708660125732,170.58230795491096
1778421199.9050627,0.14541101455688477,2.971334457397461,-0.13385151326656342,-15.164042533396817,-0.6081782579421997,2.2216708660125732,170.24492393066902
1778421199.9054656,0.1468326449394226,2.965513229370117,-0.13948772847652435,-13.982176700906328,-0.5987388491630554,2.2216708660125732,169.91139213311897
1778421199.905926,0.14814327657222748,2.959986686706543,-0.14503243565559387,-12.051091169059283,-0.5778008699417114,2.2216708660125732,169.59474456319717
1778421199.9064553,0.14943437278270721,2.9543161392211914,-0.15083175897598267,-10.952451652740251,-0.5733751058578491,2.2216708660125732,169.269846124758
1778421199.9646375,0.15067943930625916,2.948831081390381,-0.156168133020401,-0.09171958816353606,-0.5744045376777649,2.2216708660125732,168.95557546066738
1778421199.9652362,0.1523173749446869,2.943145513534546,-0.16744835674762726,-18.82233153870241,-0.5884355306625366,2.2216708660125732,168.62981641839278
1778421199.965884,0.15388081967830658,2.937199354171753,-0.17375119030475616,-9.735609719870455,-0.6102940440177917,2.2216708660125732,168.28912658259256
1778421199.9665263,0.15555159747600555,2.9309582710266113,-0.17375119030475616,0.0,-0.6455292105674744,2.5087802410125732,167.9315388587857
1778421199.9671657,0.15719394385814667,2.9243364334106445,-0.18005086481571198,-9.860188552186711,-0.6868264675140381,2.5087802410125732,167.55213551076983
1778421199.967758,0.15907958149909973,2.91727352142334,-0.18712118268013,-11.94310456755616,-0.7292604446411133,2.5087802410125732,167.1474604628249
1778421200.0249586,0.16071216762065887,2.9098572731018066,-0.19408021867275238,-0.12166019221521905,-0.7686141133308411,2.5087802410125732,166.7225407341801
1778421200.0259185,0.16242074966430664,2.902043104171753,-0.19408021867275238,0.0,-0.8033102750778198,2.3681552410125732,166.27482183408574
1778421200.0267465,0.16434058547019958,2.893986225128174,-0.19408021867275238,0.0,-0.824758768081665,2.3603427410125732,165.81319666884127
1778421200.027666,0.1658313274383545,2.8859686851501465,-0.21775537729263306,-25.773087707905773,-0.8311934471130371,2.3603427410125732,165.3538254660229
1778421200.0290117,0.16737189888954163,2.8779032230377197,-0.22564078867435455,-5.854923886070215,-0.8413002490997314,2.3603427410125732,164.89170852715816
1778421200.0302675,0.1686825305223465,2.8699228763580322,-0.23335523903369904,-6.142078224792422,-0.8451977372169495,2.3603427410125732,164.43446834336083
1778421200.0852463,0.16977949440479279,2.8619489669799805,-0.23335523903369904,0.0,-0.8356233835220337,2.3818271160125732,163.97759698977868
1778421200.085833,0.17064830660820007,2.8540618419647217,-0.23335523903369904,0.0,-0.8134145736694336,2.3896396160125732,163.5256980139123
1778421200.0865483,0.17130188643932343,2.8463423252105713,-0.23335523903369904,0.0,-0.7983322739601135,2.4072177410125732,163.08340228401894
1778421200.086698,0.1720973253250122,2.8388373851776123,-0.23335523903369904,0.0,-0.7757081985473633,2.4462802410125732,162.65340089463163
1778421200.0872774,0.17303408682346344,2.8315677642822266,-0.23335523903369904,0.0,-0.7463657259941101,2.4677646160125732,162.2368822986659
1778421200.0879908,0.17419388890266418,2.8245747089385986,-0.23335523903369904,0.0,-0.7204189300537109,2.5126864910125732,161.83620974157463
1778421200.1468446,0.17551298439502716,2.8179519176483154,-0.23335523903369904,0.0,-0.68679279088974,2.5400302410125732,161.4567517520454
1778421200.1476202,0.17684082686901093,2.8119027614593506,-0.23335523903369904,0.0,-0.6554409861564636,2.5732333660125732,161.11016063280226
1778421200.147798,0.1777653843164444,2.8063530921936035,-0.23335523903369904,0.0,-0.6234898567199707,2.5927646160125732,160.7921880061815
1778421200.1483102,0.17828577756881714,2.801013231277466,-0.23335523903369904,0.0,-0.5977472066879272,2.6240146160125732,160.48623651249994
1778421200.1484342,0.1785830855369568,2.7954745292663574,-0.23335523903369904,0.0,-0.5671819448471069,2.6415927410125732,160.1688922632828
1778421200.2055705,0.17861655354499817,2.7902815341949463,-0.23335523903369904,0.0,-0.5390961766242981,2.6650302410125732,159.87135556265872
1778421200.205643,0.17854338884353638,2.785334348678589,-0.23335523903369904,0.0,-0.508816123008728,2.7060458660125732,159.5879027121032
1778421200.2067788,0.17817099392414093,2.780860662460327,-0.23335523903369904,0.0,-0.4660549759864807,2.7548739910125732,159.33157937293095
1778421200.2075071,0.17774754762649536,2.7768514156341553,-0.23335523903369904,0.0,-0.41331133246421814,2.7958896160125732,159.10186645076507
1778421200.2075572,0.17712301015853882,2.773308753967285,-0.23335523903369904,0.0,-0.3619743883609772,2.8388583660125732,158.89888688901064
1778421200.2080038,0.1764748990535736,2.7707693576812744,-0.23335523903369904,0.0,-0.3166996240615845,2.9130771160125732,158.75339019931104
1778421200.2659655,0.17610174417495728,2.7692553997039795,-0.23335523903369904,0.0,-0.23537829518318176,2.9970614910125732,158.66664679685186
1778421200.2675338,0.17586418986320496,2.768820285797119,-0.23335523903369904,0.0,-0.14769551157951355,3.0927646160125732,158.64171660638132
1778421200.268424,0.1756998598575592,2.76937198638916,-0.23335523903369904,0.0,-0.05068088695406914,3.2060458660125732,158.67332672186015
1778421200.2696939,0.175772026181221,2.771075487136841,-0.23335523903369904,0.0,0.06569439172744751,3.3095614910125732,158.77093012509962
1778421200.27019,0.17594313621520996,2.7737724781036377,-0.23335523903369904,0.0,0.18055593967437744,3.4228427410125732,158.925456324882
1778421200.2711189,0.17644287645816803,2.7772958278656006,-0.23335523903369904,0.0,0.29383373260498047,3.5283114910125732,159.1273293959909
1778421200.3246558,0.1773342788219452,2.781846523284912,-0.23335523903369904,0.0,0.40306761860847473,3.6259677410125732,159.38806503736694
1778421200.3252594,0.17864550650119781,2.7872202396392822,-0.23335523903369904,0.0,0.5024082064628601,3.7001864910125732,159.69595630477278
1778421200.3257658,0.18002405762672424,2.793354034423828,-0.23335523903369904,0.0,0.5941699743270874,3.7685458660125732,160.04739685832664
1778421200.3263118,0.18140117824077606,2.8003687858581543,-0.23335523903369904,0.0,0.6702994704246521,3.8271396160125732,160.44931250984686
1778421200.3266935,0.18253707885742188,2.807528257369995,-0.23335523903369904,0.0,0.7354888916015625,3.8857333660125732,160.85952001101947
1778421200.3272076,0.18381516635417938,2.8153018951416016,-0.23335523903369904,0.0,0.7948371171951294,3.9658114910125732,161.30491664679602
1778421200.385397,0.18531683087348938,2.823707103729248,-0.2757294774055481,-0.7282185841318516,0.8731468319892883,3.9658114910125732,161.78649962479528
1778421200.3858833,0.18679669499397278,2.833272695541382,-0.26451337337493896,23.040476145351988,0.9903632402420044,3.9658114910125732,162.33456766417544
1778421200.3863263,0.18850767612457275,2.84415864944458,-0.25227221846580505,27.63864305311472,1.120877981185913,3.9658114910125732,162.95828687880265
1778421200.3868477,0.19042383134365082,2.856318473815918,-0.25227221846580505,0.0,1.2536702156066895,4.557608127593994,163.65499349490065
1778421200.3874876,0.19198745489120483,2.869534969329834,-0.22467778623104095,43.089370393787014,1.3674020767211914,4.557608127593994,164.4122429078016
1778421200.3879821,0.19329795241355896,2.884005069732666,-0.20955230295658112,30.58124325841206,1.4865102767944336,4.557608127593994,165.24131859001443
1778421200.4467113,0.1944732815027237,2.899061679840088,-0.1942339986562729,0.2608405427505407,1.555158019065857,4.557608127593994,166.10399880294372
1778421200.4480667,0.19509372115135193,2.9144046306610107,-0.17796199023723602,12.000006267196559,1.5870815515518188,4.557608127593994,166.98308513025938
1778421200.4483647,0.1950499564409256,2.9301722049713135,-0.17796199023723602,0.0,1.6322591304779053,4.680655002593994,167.88650059139863
1778421200.4497838,0.19448311626911163,2.9461581707000732,-0.17796199023723602,0.0,1.6491831541061401,4.682608127593994,168.80242895909734
1778421200.4506345,0.1935802698135376,2.9622254371643066,-0.13116763532161713,54.94229797381366,1.664034128189087,4.682608127593994,169.72301551581
1778421200.4507036,0.19308161735534668,2.978262424468994,-0.11488650739192963,229.31160685079413,1.6529825925827026,4.682608127593994,170.64186720447347
1778421200.5056572,0.1924971342086792,2.994121789932251,-0.11488650739192963,0.0,1.635664701461792,4.639639377593994,171.55054191127363
1778421200.5057313,0.19174152612686157,3.009819507598877,-0.11488650739192963,0.0,1.6243102550506592,4.649405002593994,172.44995488155925
1778421200.506954,0.1903909593820572,3.0255136489868164,-0.11488650739192963,0.0,1.6205074787139893,4.604483127593994,173.34916294616977
1778421200.564867,0.18883271515369415,3.041224718093872,-0.11488650739192963,0.0,1.6158450841903687,4.563467502593994,174.24934089764244
1778421200.5661721,0.187636137008667,3.0564119815826416,-0.11488650739192963,0.0,1.5741034746170044,4.510733127593994,175.11950699790205
1778421200.5666335,0.1865699291229248,3.071176528930664,-0.025615453720092773,193.94103170458732,1.5264039039611816,4.510733127593994,175.96545324736482
1778421200.5673683,0.1848365068435669,3.0854501724243164,-0.025615453720092773,0.0,1.4749113321304321,4.313467502593994,176.78327277782546
1778421200.568198,0.18298892676830292,3.098931312561035,-0.025615453720092773,0.0,1.3932136297225952,4.184561252593994,177.55568521068386
1778421200.5687914,0.18087433278560638,3.111301898956299,-0.025615453720092773,0.0,1.2833712100982666,4.024405002593994,178.26446760123443
1778421200.569604,0.17914199829101562,3.1223092079162598,-0.025615453720092773,0.0,1.1382924318313599,3.8466708660125732,178.89513994843674
1778421200.570693,0.17758981883525848,3.1318109035491943,-0.025615453720092773,0.0,0.9738980531692505,3.6318271160125732,179.43954700642178
1778421200.5717933,0.17630979418754578,3.1393725872039795,-0.025615453720092773,0.0,0.7829350233078003,3.3818271160125732,179.87279956585402
1778421200.624789,0.17501087486743927,3.144850492477417,-0.025615453720092773,0.0,0.5672199130058289,3.1142489910125732,180.18666041859444
1778421200.6253493,0.17395418882369995,3.144953966140747,-0.025615453720092773,0.0,0.01612675003707409,2.8466708660125732,180.192589022794
1778421200.6256902,0.17392435669898987,3.139592170715332,-0.025615453720092773,0.0,-0.26952415704727173,2.6083896160125732,179.8853807743052
1778421200.6262226,0.1736956387758255,3.132443428039551,-0.025615453720092773,0.0,-0.5304529666900635,2.3994052410125732,179.47578799015787
1778421200.6267898,0.17291846871376038,3.123600721359253,-0.025615453720092773,0.0,-0.7611804604530334,2.2021396160125732,178.96913821790466
1778421200.6834161,0.17189398407936096,3.1133573055267334,-0.025615453720092773,0.0,-0.9647472500801086,2.0283114910125732,178.3822337229038
1778421200.6839278,0.1711241751909256,3.1014976501464844,-0.025615453720092773,0.0,-1.160279393196106,1.8564363718032837,177.7027255231359
1778421200.6842945,0.17077060043811798,3.0880544185638428,-0.025615453720092773,0.0,-1.350869059562683,1.6708894968032837,176.93248509043357
1778421200.6853125,0.17023220658302307,3.0728161334991455,-0.025615453720092773,0.0,-1.553658127784729,1.4912019968032837,176.05939566920918
1778421200.6857584,0.17032817006111145,3.055938720703125,-0.025615453720092773,0.0,-1.750799298286438,1.3388582468032837,175.0923911468971
1778421200.6869092,0.17100690305233002,3.0372564792633057,-0.025615453720092773,0.0,-1.9206916093826294,1.2529207468032837,174.02197756055105
1778421200.745676,0.1719466894865036,3.0176773071289062,-0.025615453720092773,0.0,-2.0230860710144043,1.1826082468032837,172.9001736308898
1778421200.7471,0.17258068919181824,2.997504711151123,-0.025615453720092773,0.0,-2.088606834411621,1.1787019968032837,171.74436901954027
1778421200.7477427,0.17195220291614532,2.977243661880493,-0.025615453720092773,0.0,-2.091752052307129,1.2665926218032837,170.58349640782654
1778421200.7482653,0.17033293843269348,2.9577221870422363,-0.025615453720092773,0.0,-2.0153748989105225,1.3720613718032837,169.4649982897236
1778421200.7492294,0.168538436293602,2.939301013946533,-0.025615453720092773,0.0,-1.901979923248291,1.5576082468032837,168.40954281765988
1778421200.7492924,0.16683700680732727,2.922640085220337,-0.025615453720092773,0.0,-1.7255394458770752,1.7900301218032837,167.45494191888056
1778421200.803396,0.1658872365951538,2.908125877380371,-0.025615453720092773,0.0,-1.4924249649047852,2.0829989910125732,166.62333906667482
1778421200.8039658,0.16583870351314545,2.896564245223999,-0.025615453720092773,0.0,-1.1961767673492432,2.3388583660125732,165.96090633983195
1778421200.804351,0.16573551297187805,2.8878085613250732,-0.025615453720092773,0.0,-0.9060024619102478,2.6044833660125732,165.45924260567287
1778421200.8050478,0.16500736773014069,2.8819477558135986,-0.025615453720092773,0.0,-0.6040617823600769,2.9306552410125732,165.12344318531837
1778421200.805709,0.16451261937618256,2.8794174194335938,-0.025615453720092773,0.0,-0.26503342390060425,3.2236239910125732,164.97846558999566
1778421200.8065548,0.16412894427776337,2.8799195289611816,-0.025615453720092773,0.0,0.05378717556595802,3.4775302410125732,165.00723434677977
1778421200.8650608,0.1639886051416397,2.8831701278686523,-0.025615453720092773,0.0,0.33277541399002075,3.7177646160125732,165.19347994506768
1778421200.8654048,0.16482096910476685,2.8887932300567627,-0.025615453720092773,0.0,0.5823789238929749,3.9169833660125732,165.51565996821716
1778421200.86624,0.16676637530326843,2.896387815475464,-0.025615453720092773,0.0,0.7822273969650269,4.102530002593994,165.95079765986034
1778421200.866939,0.1698552966117859,2.905742645263672,-0.025615453720092773,0.0,0.9685640335083008,4.282217502593994,166.48678992478793
1778421200.8673995,0.17297807335853577,2.9170191287994385,-0.025615453720092773,0.0,1.159414529800415,4.448233127593994,167.13288483913612
1778421200.868001,0.175657719373703,2.930081605911255,-0.025615453720092773,0.0,1.347863793373108,4.606436252593994,167.88130964762942
1778421200.9236596,0.17732013761997223,2.944883108139038,-0.025615453720092773,0.0,1.5172313451766968,4.704092502593994,168.72937325573488
1778421200.9242067,0.17826473712921143,2.9608144760131836,-0.025615453720092773,0.0,1.6465482711791992,4.731436252593994,169.64217339679374
1778421200.9246664,0.17864710092544556,2.977160692214966,-0.025615453720092773,0.0,1.6900339126586914,4.672842502593994,170.57874259616423
1778421200.9255044,0.17799913883209229,3.008275270462036,-0.025615453720092773,0.0,1.655482530593872,4.557608127593994,172.3614766110509
1778421200.9260106,0.17666013538837433,3.0216939449310303,-0.025615453720092773,0.0,1.5535728931427002,4.383780002593994,173.13031002478422
1778421200.9269323,0.17666013538837433,3.0216939449310303,-0.025615453720092773,0.0,1.384392499923706,4.223623752593994,173.13031002478422
1778421200.9847918,0.17061898112297058,3.0441601276397705,-0.025615453720092773,0.0,1.2258119583129883,4.094717502593994,174.41752747576484
1778421200.9851456,0.16552209854125977,3.054173707962036,-0.025615453720092773,0.0,1.0931476354599,4.045889377593994,174.9912633660459
1778421200.9854476,0.15955442190170288,3.063966989517212,-0.025615453720092773,0.0,1.034185528755188,4.022451877593994,175.5523770667408
1778421200.9858222,0.15318705141544342,3.0741183757781982,-0.025615453720092773,0.0,1.0120245218276978,4.079092502593994,176.1340086557024
1778421200.985864,0.14703477919101715,3.0849454402923584,-0.025615453720092773,0.0,1.041412591934204,4.170889377593994,176.75435375687962
1778421200.9871573,0.14098507165908813,3.0966596603393555,-0.025615453720092773,0.0,1.1207237243652344,4.264639377593994,177.4255291258601
1778421201.0435798,0.1348586231470108,3.1092448234558105,-0.025615453720092773,0.0,1.2042288780212402,4.362295627593994,178.1466058569167
1778421201.044118,0.12909147143363953,3.1230647563934326,-0.025615453720092773,0.0,1.301870346069336,4.497061252593994,178.93842968739628
1778421201.0447416,0.12340221554040909,3.138096332550049,-0.025615453720092773,0.0,1.429044485092163,4.622061252593994,179.79967556059987
1778421201.045635,0.11813661456108093,3.154266357421875,-0.025615453720092773,0.0,1.5511294603347778,4.721670627593994,180.72614974037708
1778421201.0462503,0.1137031763792038,3.1711223125457764,-0.025615453720092773,0.0,1.659809947013855,4.801748752593994,181.69192482863852
1778421201.0467849,0.1100652888417244,3.1888587474823,-0.025615453720092773,0.0,1.7451086044311523,4.895498752593994,182.7081476941097
1778421201.105278,0.10694444924592972,3.2074453830718994,-0.025615453720092773,0.0,1.8317768573760986,4.979483127593994,183.77308346874142
1778421201.1058443,0.10425408184528351,3.2265572547912598,-0.025615453720092773,0.0,1.9212144613265991,5.024405002593994,184.8681130568562
1778421201.1069636,0.10195378959178925,3.245574951171875,-0.025615453720092773,0.0,1.9697530269622803,5.006826877593994,185.95774679552667
1778421201.1070492,0.09987714886665344,3.2640902996063232,-0.025615453720092773,0.0,1.959709882736206,4.967764377593994,187.0185981170347
1778421201.108067,0.09785155206918716,3.2821431159973145,-0.025615453720092773,0.0,1.9203078746795654,4.916983127593994,188.0529483045631
1778421201.1081455,0.09655295312404633,3.2992515563964844,-0.025615453720092773,0.0,1.8628400564193726,4.809561252593994,189.03318973348667
1778421201.1638038,0.09528815001249313,3.3150227069854736,-0.025615453720092773,0.0,1.7650223970413208,4.680655002593994,189.93681010030102
1778421201.1645377,0.09490028023719788,3.329282283782959,-0.025615453720092773,0.0,1.6273022890090942,4.530264377593994,190.7538236684396
1778421201.1648827,0.09506547451019287,3.341742992401123,-0.025615453720092773,0.0,1.474027156829834,4.352530002593994,191.46776968200268
1778421201.1654506,0.09509716182947159,3.352105140686035,-0.025615453720092773,0.0,1.2916566133499146,4.122061252593994,192.06147704541686
1778421201.1669087,0.09516199678182602,3.3592472076416016,-0.025615453720092773,0.0,1.0652676820755005,3.8740146160125732,192.47068733897066
1778421201.1672595,0.09611112624406815,3.360708713531494,-0.025615453720092773,0.0,0.7338737845420837,3.2294833660125732,192.55442545819503
1778421201.2244306,0.09803174436092377,3.361078977584839,-0.025615453720092773,0.0,0.1586843729019165,3.1650302410125732,192.57564002575708
1778421201.2250733,0.09815846383571625,3.360701560974121,-0.025615453720092773,0.0,0.04298616200685501,3.0810458660125732,192.55401564684482
1778421201.225462,0.09667570143938065,3.3588645458221436,-0.025615453720092773,0.0,-0.04869628697633743,2.9189364910125732,192.44876243173493
1778421201.2258236,0.09500778466463089,3.3545539379119873,0.25236669182777405,768.3309309669727,-0.19475185871124268,2.9189364910125732,192.20178279134728
1778421201.2265062,0.09480784833431244,3.3478927612304688,0.25236669182777405,0.0,-0.4418351352214813,2.4521396160125732,191.8201254809053
1778421201.226653,0.09568473696708679,3.3389487266540527,0.25236669182777405,0.0,-0.6801616549491882,2.2294833660125732,191.30767004785758
1778421201.2843924,0.0966448113322258,3.32751202583313,0.25236669182777405,0.0,-0.9255784749984741,1.9716707468032837,190.6523953592649
1778421201.2847688,0.09741812199354172,3.3134171962738037,0.21421198546886444,-101.36744141307906,-1.182395339012146,1.9716707468032837,189.84482111255926
1778421201.2854853,0.0982116088271141,3.296757459640503,0.21421198546886444,0.0,-1.4530843496322632,1.4423738718032837,188.89028851567164
1778421201.2860503,0.09956306964159012,3.2774786949157715,0.21421198546886444,0.0,-1.724661946296692,1.1904207468032837,187.78569666271886
1778421201.2866342,0.10124101489782333,3.2558236122131348,0.1480160355567932,-113.19416878280744,-1.9899054765701294,1.1904207468032837,186.54495181885102
1778421201.287391,0.10322148352861404,3.2321369647979736,0.0977453887462616,-66.46918822901479,-2.2415926456451416,1.1904207468032837,185.18780689114783
1778421201.3460362,0.10499000549316406,3.2065200805664062,0.08397743850946426,-0.23476847463364908,-2.6361215114593506,1.1904207468032837,183.7200675404038
1778421201.347237,0.10725961625576019,3.1798832416534424,0.07116501033306122,-10.656598189031543,-2.7567715644836426,1.1904207468032837,182.19388909112112
1778421201.3477879,0.10982158035039902,3.1525046825408936,0.07116501033306122,0.0,-2.8252577781677246,0.4521395266056061,180.62521320482261
1778421201.3483481,0.11246417462825775,3.1251344680786133,0.07116501033306122,0.0,-2.8306634426116943,0.4599520266056061,179.05701543176605
1778421201.3487446,0.1143374964594841,3.0979726314544678,0.0022273529320955276,-173.90931837202697,-2.808255195617676,0.4599520266056061,177.50075682937862
1778421201.3492033,0.11491359770298004,3.0714309215545654,-0.03741716593503952,-86.39032735500834,-2.7391293048858643,0.4599520266056061,175.98002887105363
1778421201.4041038,0.11524173617362976,3.0457370281219482,-0.06213780492544174,-0.45029224496698295,-2.6481263637542725,0.7763583064079285,174.50787721810576
1778421201.4044802,0.11573316901922226,3.02142071723938,-0.06213780492544174,0.0,-2.509601593017578,0.9521395564079285,173.11465523120657
1778421201.404923,0.11632703989744186,2.998929738998413,-0.10830812156200409,-104.22193438117635,-2.3305234909057617,0.9521395564079285,171.8260171008786
1778421201.4055567,0.11739153414964676,2.978487014770508,-0.12926453351974487,-33.08036502220459,-2.1093811988830566,0.9521395564079285,170.6547352808698
1778421201.4059827,0.11870409548282623,2.9606544971466064,-0.1457069367170334,-38.59719204047099,-1.844175100326538,0.9521395564079285,169.6330072829276
1778421201.4069095,0.11969627439975739,2.9456567764282227,-0.16053910553455353,-16.005361612026192,-1.54158616065979,0.9521395564079285,168.77370118344828
1778421201.4646742,0.12115849554538727,2.9341278076171875,-0.17837192118167877,-0.30871743480315,-1.194523811340332,0.9521395564079285,168.11313992843802
1778421201.4650428,0.12312674522399902,2.926154136657715,-0.18124520778656006,-7.778253072073267,-0.8231082558631897,0.9521395564079285,167.6562822352342
1778421201.4656413,0.12554150819778442,2.9220433235168457,-0.18124520778656006,0.0,-0.4198734164237976,3.2665927410125732,167.42074999189546
1778421201.4661596,0.1285935342311859,2.9222183227539062,-0.18002073466777802,2.35929312795188,0.01017557829618454,3.2665927410125732,167.43077670959704
1778421201.4666638,0.13198967278003693,2.9264957904815674,-0.1747010350227356,10.554959696969068,0.4534396827220917,3.2665927410125732,167.67585755739546
1778421201.466986,0.13679683208465576,2.937410593032837,-0.16485659778118134,30.51592338529681,0.8999361991882324,3.2665927410125732,168.3012296778018
1778421201.5248904,0.14231880009174347,2.951300621032715,-0.15085627138614655,0.24179014475032054,1.3386707305908203,3.2665927410125732,169.09706965951335
1778421201.5249672,0.14835457503795624,2.968355655670166,-0.13189242780208588,241.27031353272793,1.756492257118225,3.2665927410125732,170.07425116368876
1778421201.5259504,0.1547909528017044,2.989330530166626,-0.11013996601104736,22.139910184838797,2.1584582328796387,3.2665927410125732,171.27602294815247
1778421201.5260043,0.16027827560901642,3.013589859008789,-0.08560195565223694,448.59243683618536,2.504744529724121,3.2665927410125732,172.66598010462843
1778421201.5264876,0.1652812659740448,3.040349245071411,-0.05802731215953827,57.16136982759177,2.763641595840454,3.2665927410125732,174.19917998837786
1778421201.5270004,0.17009730637073517,3.0687265396118164,-0.043934471905231476,27.482137524224342,2.9300742149353027,3.2665927410125732,175.82507919954273
1778421201.5853062,0.17456963658332825,3.0978870391845703,-1.204758882522583e-05,0.7533230364348685,3.000620126724243,3.2665927410125732,177.49585275355457
1778421201.5853915,0.17777703702449799,3.1264469623565674,0.028062211349606514,322.69265716989645,2.9595532417297363,3.2665927410125732,179.13221581452788
1778421201.5861406,0.18038345873355865,3.1537492275238037,0.05516316369175911,36.23122013063729,2.8166606426239014,3.2665927410125732,180.69652037975754
1778421201.5866864,0.1825760155916214,3.1788785457611084,0.0800044909119606,45.455310602309765,2.5968000888824463,3.2665927410125732,182.13632425679623
1778421201.5870962,0.18476764857769012,3.201129913330078,0.10120595991611481,51.774038573271255,2.2883307933807373,3.2665927410125732,183.4112337068925
1778421201.5879564,0.1864500492811203,3.2192492485046387,0.11845996230840683,20.06046084753156,1.884099006652832,3.2665927410125732,184.44939513997775
1778421201.644686,0.1872400939464569,3.2328760623931885,0.13103879988193512,0.22173479570318388,1.4012068510055542,3.2665927410125732,185.2301540640019
1778421201.6448941,0.18725597858428955,3.241511583328247,0.1385657638311386,36.065952881356075,0.8886863589286804,3.2665927410125732,185.72493296747763
1778421201.6461685,0.1872001439332962,3.244786500930786,0.14084739983081818,1.790641955987526,0.33256757259368896,3.2665927410125732,185.9125719243562
1778421201.646779,0.18696536123752594,3.2427566051483154,0.13782112300395966,-4.952179420186543,-0.20588815212249756,3.2665927410125732,185.79626746316924
1778421201.647334,0.18646155297756195,3.236264705657959,0.13069531321525574,-12.843925254775234,-0.6692262887954712,3.2665927410125732,185.42430902134868
1778421201.647722,0.18603169918060303,3.2257492542266846,0.11935970187187195,-29.207966335843366,-1.0893487930297852,3.2665927410125732,184.82181803466185
1778421201.7045937,0.18542198836803436,3.2109005451202393,0.10392740368843079,-0.2713561952714286,-1.5334519147872925,3.2665927410125732,183.97104967164506
1778421201.7050939,0.18476814031600952,3.191815137863159,0.08360800892114639,-40.59008150060885,-1.9640594720840454,3.2665927410125732,182.877536385526
1778421201.7051485,0.1843855082988739,3.169405937194824,0.06090433523058891,-411.29834055480745,-2.3250577449798584,3.2665927410125732,181.59358376496868
1778421201.70574,0.1840309500694275,3.144362449645996,0.03500249981880188,-43.812306873904454,-2.5817482471466064,3.2665927410125732,180.1586976241324
1778421201.7062163,0.18373998999595642,3.1176841259002686,0.008557729423046112,-55.509594825676054,-2.7549941539764404,3.2665927410125732,178.63014226901856
1778421201.706674,0.1832885444164276,3.0900609493255615,-0.019572896882891655,-61.48770504760909,-2.848816394805908,3.2665927410125732,177.0474508345432
1778421201.7660983,0.18282529711723328,3.0624547004699707,-0.04566425085067749,-0.4390850200737997,-2.858738660812378,3.2665927410125732,175.46572928693
1778421201.7669508,0.18280468881130219,3.035627841949463,-0.07301681488752365,-32.02501300574209,-2.7689714431762695,3.2665927410125732,173.92866351611033
1778421201.7674665,0.18312817811965942,3.010589599609375,-0.09721872955560684,-46.921122017555625,-2.586334705352783,3.2665927410125732,172.49407790359754
1778421201.7679682,0.18314971029758453,2.9883127212524414,-0.11846546083688736,-42.29888910623252,-2.302593469619751,3.2665927410125732,171.21770679301892
1778421201.7685826,0.18239529430866241,2.969738245010376,-0.13560296595096588,-27.893075064625048,-1.9200599193572998,3.2665927410125732,170.15346769768254
1778421201.8253467,0.18118344247341156,2.9557137489318848,-0.14791004359722137,-0.21681437349932126,-1.4471286535263062,3.2665927410125732,169.34992326258723
1778421201.8256817,0.18041633069515228,2.9472198486328125,-0.14791004359722137,0.0,-0.8773651123046875,3.0849521160125732,168.8632586238455
1778421201.8262784,0.18080005049705505,2.94502329826355,-0.14791004359722137,0.0,-0.22892838716506958,3.7841708660125732,168.73740555819882
1778421201.826504,0.1824129819869995,2.9496829509735107,-0.14791004359722137,0.0,0.47688764333724976,4.368155002593994,169.00438399247628
1778421201.8270936,0.1842639148235321,2.960452079772949,-0.14791004359722137,0.0,1.1208844184875488,4.885733127593994,169.6214096217169
1778421201.8275764,0.18608799576759338,2.976837396621704,-0.14791004359722137,0.0,1.689967393875122,5.307608127593994,170.56021912313514
1778421201.884495,0.1873393952846527,2.997925043106079,-0.14791004359722137,0.0,2.174370050430298,5.651358127593994,171.76845226655374
1778421201.8849084,0.18831020593643188,3.0227584838867188,-0.14791004359722137,0.0,2.565998077392578,5.840811252593994,173.19130361407244
1778421201.8852901,0.18914030492305756,3.0499072074890137,-0.030996302142739296,306.297465702161,2.81306529045105,5.840811252593994,174.74681089565115
1778421201.8857923,0.19085150957107544,3.078178882598877,0.01023440808057785,82.16562283211121,2.9135234355926514,5.840811252593994,176.36665855921137
1778421201.886185,0.19272197782993317,3.1060445308685303,0.03395184502005577,60.33436074076098,2.8754489421844482,5.840811252593994,177.96324259845852
1778421201.886628,0.1944170743227005,3.131704807281494,0.05558649078011513,48.86976735868963,2.6477596759796143,5.840811252593994,179.43346813806045
1778421201.944722,0.1955408751964569,3.1536176204681396,0.07129831612110138,0.27046918347643795,2.268915891647339,5.840811252593994,180.68897985091385
1778421201.9449153,0.19697722792625427,3.170974016189575,0.07129831612110138,0.0,1.7932606935501099,4.135733127593994,181.68342807331103
1778421201.9468281,0.19808457791805267,3.182873249053955,0.0853905901312828,7.3635040610549645,1.2224972248077393,4.135733127593994,182.36520389588338
1778421201.9474933,0.1984366625547409,3.1883773803710938,0.08256980776786804,-4.2347730517321125,0.5703169703483582,4.135733127593994,182.6805673902412
1778421201.9484298,0.1984119564294815,3.187046527862549,0.0733032152056694,-9.897033613136891,-0.13907074928283691,4.135733127593994,182.60431515834716
1778421201.949212,0.1981404721736908,3.1791279315948486,0.05898231640458107,-18.331924127221296,-0.819467306137085,4.135733127593994,182.1506130125399
1778421202.0051398,0.1980033963918686,3.1656124591827393,0.017812300473451614,-0.7361292511748455,-1.3903231620788574,4.135733127593994,181.37623348520054
1778421202.0057728,0.1978691667318344,3.147444486618042,-0.0066929287277162075,-38.639592058096056,-1.878745198249817,4.135733127593994,180.33528533493393
1778421202.0062573,0.19801479578018188,3.1256067752838135,-0.0066929287277162075,0.0,-2.258495330810547,0.7333895564079285,179.0840766412576
1778421202.0069516,0.19802257418632507,3.1015467643737793,-0.03311045467853546,-38.00535893990212,-2.486464023590088,0.7333895564079285,177.70553956107395
1778421202.0078316,0.19705504179000854,3.076590061187744,-0.055778320878744125,-25.79704822836269,-2.5783119201660156,0.7333895564079285,176.27562579795344
1778421202.0086708,0.19538061320781708,3.051785469055176,-0.07897145301103592,-27.59444641432497,-2.5607805252075195,0.7333895564079285,174.85442735621388
1778421202.065255,0.1932341754436493,3.028179407119751,-0.09955025464296341,-0.3636852336555936,-2.440739393234253,0.7333895564079285,173.5018996363896
1778421202.0663407,0.19187979400157928,3.006742238998413,-0.11698729544878006,-16.065082750443366,-2.2066562175750732,0.7333895564079285,172.27364037832456
1778421202.066557,0.19058063626289368,2.9887595176696777,-0.1295410841703415,-57.79829195886069,-1.8706395626068115,0.7333895564079285,171.24330634202812
1778421202.0676248,0.1893807053565979,2.9748241901397705,-0.13697411119937897,-6.969551826390207,-1.435131549835205,0.7333895564079285,170.44487088843198
1778421202.0676966,0.18846234679222107,2.966024398803711,-0.13861210644245148,-22.346454673268827,-0.9125129580497742,0.7333895564079285,169.94067998427997
1778421202.0684006,0.1884777694940567,2.9630320072174072,-0.13414297997951508,6.352702846044337,-0.30673202872276306,0.7333895564079285,169.7692285757343
1778421202.1247215,0.18874824047088623,2.9660067558288574,-0.12455947697162628,0.17016344293618996,0.3080635666847229,0.7333895564079285,169.9396691162828
1778421202.1254356,0.1892741173505783,2.9744627475738525,-0.11083873361349106,19.179121918610488,0.8737555742263794,0.7333895564079285,170.4241617548685
1778421202.1258733,0.19045396149158478,2.9873831272125244,-0.09359379857778549,39.3989820508432,1.3375669717788696,0.7333895564079285,171.16444497787117
1778421202.1264544,0.19216474890708923,3.0039780139923096,-0.0735880434513092,34.427387871370584,1.710179090499878,0.7333895564079285,172.1152619518503
1778421202.1265075,0.1941506564617157,3.023301362991333,-0.051955945789813995,403.58390645073365,1.9966167211532593,0.7333895564079285,173.22240829555267
1778421202.1270385,0.19598238170146942,3.0446877479553223,-0.029283670708537102,42.70535921083612,2.211125612258911,0.7333895564079285,174.4477578930313
1778421202.1856387,0.19770777225494385,3.067429780960083,-0.006540948525071144,0.3881096710359258,2.339737892150879,0.7333895564079285,175.7507804017513
1778421202.186374,0.19949795305728912,3.090620279312134,0.01668013446033001,31.550385038543002,2.40268611907959,0.7333895564079285,177.07949808212894
1778421202.1864367,0.2017584592103958,3.1135244369506836,0.036304231733083725,308.07064784588215,2.360438108444214,0.7333895564079285,178.39180964812016
1778421202.1870546,0.2045782506465912,3.134512424468994,0.036304231733083725,0.0,2.1621289253234863,4.678701877593994,179.5943327533926
1778421202.188076,0.20722654461860657,3.1515603065490723,0.06256509572267532,25.708138812762595,1.761232614517212,4.678701877593994,180.5711044462178
1778421202.1885881,0.21008801460266113,3.163501024246216,0.06693621724843979,8.525690445372048,1.2277147769927979,4.678701877593994,181.25525717462128
1778421202.2455525,0.21234804391860962,3.16930890083313,0.0646565780043602,-0.040019437861793024,0.6050082445144653,4.678701877593994,181.5880239909843
1778421202.246062,0.21538789570331573,3.1619317531585693,0.056637320667505264,-15.714789541898421,-0.08273111283779144,4.678701877593994,181.16534456438723
1778421202.246803,0.215152770280838,3.1505751609802246,0.0443989522755146,-16.513788209724456,-0.6804007887840271,4.678701877593994,180.5146597629168
1778421202.2474332,0.2143528163433075,3.1356403827667236,0.028818124905228615,-24.707940661231092,-1.1667629480361938,4.678701877593994,179.65896000331927
1778421202.247876,0.213065505027771,3.1179893016815186,0.01070774719119072,-40.9089178292421,-1.541386604309082,4.678701877593994,178.6476275532938
1778421202.3048215,0.21146562695503235,3.0981602668762207,-0.00976682361215353,-0.3595549818751963,-1.8227450847625732,4.678701877593994,177.51150754713223
1778421202.3055236,0.20922963321208954,3.07690167427063,-0.030946433544158936,-30.114616702594358,-2.047927141189575,4.678701877593994,176.29347991244384
1778421202.30605,0.2062535136938095,3.055227041244507,-0.052082233130931854,-40.15159557440424,-2.1947007179260254,4.678701877593994,175.05161491755214
1778421202.3065534,0.20260806381702423,3.0334744453430176,-0.07369501888751984,-43.04478251103856,-2.240945816040039,4.678701877593994,173.80528297894324
1778421202.307179,0.200039342045784,3.012784242630005,-0.09513141214847565,-34.21611069136765,-2.244708299636841,4.678701877593994,172.61982168621748
1778421202.30788,0.19760556519031525,2.9937996864318848,-0.1129457876086235,-25.398311695640484,-2.1353759765625,4.678701877593994,171.53208674013626
1778421202.3084018,0.1952037811279297,2.9775078296661377,-0.12835870683193207,-29.526664237258878,-1.9536211490631104,4.678701877593994,170.5986321070273
1778421202.364757,0.19405844807624817,2.968090057373047,-0.14020682871341705,-0.21024194763566637,-1.6910887956619263,4.678701877593994,170.05903350221794
1778421202.3654652,0.19407321512699127,2.9642093181610107,-0.14843742549419403,-11.631708220034664,-0.972838819026947,4.678701877593994,169.83668352397737
1778421202.366232,0.19543679058551788,2.9648211002349854,-0.14843742549419403,0.0,-0.5327408909797668,3.2255771160125732,169.87173605479788
1778421202.366945,0.1981295347213745,2.9698522090911865,-0.15116673707962036,-3.8284633577924168,-0.05889717489480972,3.2255771160125732,170.1599973585291
1778421202.3674855,0.2018728256225586,2.978945016860962,-0.14563746750354767,10.222351118218805,0.4203065037727356,4.473623752593994,170.68097686766097
1778421202.4255369,0.20610235631465912,2.9917142391204834,-0.14563746750354767,0.0,0.8653784394264221,4.842764377593994,171.41259941079608
1778421202.4263098,0.21051888167858124,3.008228063583374,-0.11313044279813766,41.9716270529521,1.2872674465179443,4.842764377593994,172.35877185613958
1778421202.426364,0.21537332236766815,3.0278480052948,-0.10361725836992264,174.55381858223245,1.697083830833435,4.842764377593994,173.48291171049698
1778421202.4269302,0.21987459063529968,3.049651622772217,-0.08356501907110214,35.4467726594182,2.0307986736297607,4.842764377593994,174.73216697007064
1778421202.4269824,0.22334565222263336,3.0728909969329834,-0.06076378375291824,431.02528017253235,2.2570950984954834,4.842764377593994,176.06368502800794
1778421202.4274611,0.22540460526943207,3.0971691608428955,-0.06076378375291824,0.0,2.4053103923797607,5.426748752593994,177.45472135437274
1778421202.4853194,0.22655417025089264,3.1212997436523438,-0.06076378375291824,0.0,2.4984805583953857,5.407217502593994,178.83730190654506
1778421202.486079,0.2277313470840454,3.1451046466827393,-0.06076378375291824,0.0,2.502032995223999,5.354483127593994,180.2012223819049
1778421202.4864504,0.2292550653219223,3.167729377746582,-0.06076378375291824,0.0,2.454387903213501,5.225576877593994,181.49752398448163
1778421202.4866343,0.23099377751350403,3.188605546951294,-0.06076378375291824,0.0,2.3332912921905518,5.073233127593994,182.69364037231261
1778421202.487127,0.23261646926403046,3.2075445652008057,0.07509618252515793,275.8018011407213,2.1608166694641113,5.073233127593994,183.77876618613087
1778421202.4872448,0.23280073702335358,3.224125385284424,0.07509618252515793,0.0,1.959976315498352,4.643545627593994,184.72877719778793
1778421202.5443494,0.232567697763443,3.238023281097412,0.07509618252515793,0.0,1.712729573249817,4.379873752593994,185.5250679719847
1778421202.5447621,0.23237642645835876,3.248363733291626,0.07509618252515793,0.0,1.4394445419311523,4.077139377593994,186.11753224096995
1778421202.5455923,0.23127518594264984,3.2509396076202393,0.07509618252515793,0.0,1.0684213638305664,3.2040927410125732,186.26511896855558
1778421202.545642,0.2352185845375061,3.2516469955444336,0.07509618252515793,0.0,0.26734521985054016,3.1474521160125732,186.30564931109043
1778421202.5465152,0.23597045242786407,3.2517714500427246,0.07509618252515793,0.0,0.07178740203380585,3.1259677410125732,186.31278002858394
1778421202.5470548,0.23546339571475983,3.251413583755493,0.07509618252515793,0.0,0.009745330549776554,3.0947177410125732,186.29227580069556
1778421202.6047196,0.2336578518152237,3.2505221366882324,0.07509618252515793,0.0,-0.04133349657058716,3.0556552410125732,186.2411996460822
1778421202.605025,0.2314860075712204,3.249389410018921,0.07509618252515793,0.0,-0.0896003246307373,3.0478427410125732,186.17629918858876
1778421202.6057115,0.22978486120700836,3.2483253479003906,0.07509618252515793,0.0,-0.10956035554409027,3.0576083660125732,186.1153329200572
1778421202.6062715,0.2285275161266327,3.2473721504211426,0.07509618252515793,0.0,-0.10624776780605316,3.0576083660125732,186.06071872745378
1778421202.6069388,0.22844526171684265,3.2462151050567627,0.07509618252515793,0.0,-0.10586284101009369,3.0400302410125732,185.99442491136963
1778421202.607445,0.2291891872882843,3.245025157928467,0.07509618252515793,0.0,-0.1206570714712143,3.0361239910125732,185.92624596307456
1778421202.6654987,0.23061241209506989,3.2436118125915527,0.07509618252515793,0.0,-0.1484304517507553,3.0087802410125732,185.8452672402749
1778421202.6659539,0.2323678731918335,3.2417876720428467,0.07509618252515793,0.0,-0.18605777621269226,2.9658114910125732,185.74075168559537
1778421202.6664915,0.23395834863185883,3.2396552562713623,0.07509618252515793,0.0,-0.22474530339241028,2.9189364910125732,185.6185732617222
1778421202.6672826,0.23501525819301605,3.2370920181274414,0.07509618252515793,0.0,-0.2568590044975281,2.8935458660125732,185.47171053418856
1778421202.6676087,0.2354041486978531,3.234306812286377,0.07509618252515793,0.0,-0.279126912355423,2.8662021160125732,185.3121299944204
1778421202.6684475,0.23575535416603088,3.2313485145568848,0.07509618252515793,0.0,-0.30222469568252563,2.8505771160125732,185.14263201997736
1778421202.725711,0.23653928935527802,3.2282795906066895,0.07509618252515793,0.0,-0.3133251667022705,2.8486239910125732,184.96679562998455
1778421202.7265503,0.23732289671897888,3.2252097129821777,0.07509618252515793,0.0,-0.31959956884384155,2.8427646160125732,184.7909045984784
1778421202.7270775,0.23809291422367096,3.222041368484497,0.07509618252515793,0.0,-0.3333868682384491,2.8369052410125732,184.60937183071778
1778421202.727695,0.2388133555650711,3.218721866607666,0.07509618252515793,0.0,-0.33853280544281006,2.8212802410125732,184.41917838308962
1778421202.7277424,0.23980168998241425,3.215345621109009,0.07509618252515793,0.0,-0.3472333550453186,2.8154208660125732,184.2257337654165
1778421202.7285218,0.24093222618103027,3.211956024169922,0.07509618252515793,0.0,-0.3423578143119812,2.8310458660125732,184.03152416655635
1778421202.7852678,0.24202477931976318,3.2087550163269043,0.07509618252515793,0.0,-0.33091267943382263,2.8349521160125732,183.84811992696316
1778421202.7861836,0.24288348853588104,3.2056610584259033,0.07509618252515793,0.0,-0.32457348704338074,2.8505771160125732,183.67084919724468
1778421202.7867594,0.2434791773557663,3.2025229930877686,0.07509618252515793,0.0,-0.31599676609039307,2.8544833660125732,183.49105129753326
1778421202.7873604,0.24388760328292847,3.1993234157562256,0.07509618252515793,0.0,-0.327060341835022,2.8388583660125732,183.3077290202101
1778421202.7874134,0.24418440461158752,3.196044683456421,0.07509618252515793,0.0,-0.3451344668865204,2.8212802410125732,183.11987149727807
1778421202.787988,0.24412620067596436,3.1922805309295654,0.07509618252515793,0.0,-0.38087916374206543,2.7802646160125732,182.90420144404575
1778421202.8445907,0.24407419562339783,3.1881308555603027,0.07509618252515793,0.0,-0.43015146255493164,2.7431552410125732,182.66644255903762
1778421202.8452456,0.2438516914844513,3.1835577487945557,0.07509618252515793,0.0,-0.4746754467487335,2.7021396160125732,182.40442284209757
1778421202.8452933,0.24363254010677338,3.1785995960235596,0.07509618252515793,0.0,-0.5073606967926025,2.6708896160125732,182.12034161413843
1778421202.8457084,0.24310873448848724,3.1735033988952637,0.07509618252515793,0.0,-0.5312121510505676,2.6572177410125732,181.82835102712036
1778421202.8463948,0.242320716381073,3.1679835319519043,0.07509618252515793,0.0,-0.5652806758880615,2.6298739910125732,181.5120859477921
1778421202.8470864,0.24129793047904968,3.1622354984283447,0.07509618252515793,0.0,-0.5926153659820557,2.6005771160125732,181.18274788639243
1778421202.9045358,0.24013552069664001,3.156243324279785,0.07509618252515793,0.0,-0.6182170510292053,2.5732333660125732,180.83942159757257
1778421202.904961,0.23877277970314026,3.1498329639434814,0.07509618252515793,0.0,-0.658661961555481,2.5302646160125732,180.47213500514428
1778421202.9053586,0.23720313608646393,3.143026113510132,0.07509618252515793,0.0,-0.7069056034088135,2.4833896160125732,180.08213120353656
1778421202.9057443,0.23546883463859558,3.1359035968780518,0.07509618252515793,0.0,-0.7419214248657227,2.4501864910125732,179.67404106100665
1778421202.9062438,0.23352989554405212,3.128296136856079,0.07509618252515793,0.0,-0.778517484664917,2.4052646160125732,179.2381657089331
1778421202.906651,0.2314014732837677,3.1203911304473877,0.07509618252515793,0.0,-0.8152526617050171,2.3759677410125732,178.78524220469123
1778421202.9639301,0.2292020618915558,3.1122477054595947,0.07509618252515793,0.0,-0.8386538028717041,2.3564364910125732,178.31865832210931
1778421202.9645274,0.22706791758537292,3.1040897369384766,0.07509618252515793,0.0,-0.8547948002815247,2.3271396160125732,177.85124115644865
1778421202.9651306,0.22539782524108887,3.0956473350524902,0.07509618252515793,0.0,-0.8619608283042908,2.3408114910125732,177.36752715942836
1778421202.965866,0.2232026755809784,3.0873355865478516,-0.027882523834705353,-140.06896752658614,-0.8592267036437988,2.3408114910125732,176.8912990497384
1778421202.9665205,0.2205776423215866,3.079190254211426,-0.0402863509953022,-18.934249645642765,-0.8479042649269104,2.3408114910125732,176.42460588412976
1778421202.9670312,0.21755847334861755,3.0709683895111084,-0.049046002328395844,-17.155604265871535,-0.8453220725059509,2.3408114910125732,175.95352773707398
1778421203.0251415,0.21440857648849487,3.06266450881958,-0.05335031822323799,-0.07407326407011113,-0.863804042339325,2.3408114910125732,175.47775041986924
1778421203.025569,0.21214909851551056,3.0540289878845215,-0.05335031822323799,0.0,-0.886986494064331,2.3232333660125732,174.98297151639352
1778421203.026016,0.21024636924266815,3.0451884269714355,-0.05335031822323799,0.0,-0.918444812297821,2.2861239910125732,174.47644468754535
1778421203.0264623,0.20765472948551178,3.035820722579956,-0.08022583276033401,-60.15110724507556,-0.9609528183937073,2.2861239910125732,173.9397147621874
1778421203.0271072,0.20446012914180756,3.0262067317962646,-0.0948074460029602,-22.63171430418287,-1.0032953023910522,2.2861239910125732,173.38887366600423
1778421203.0274951,0.20132727921009064,3.0161635875701904,-0.10533440858125687,-27.11038401089741,-1.0369843244552612,2.2861239910125732,172.813443888809
1778421203.0848672,0.19863702356815338,3.0058343410491943,-0.11534560471773148,-0.1744968109774451,-1.058762550354004,2.2861239910125732,172.22162165760574
1778421203.0853984,0.19754907488822937,2.995537757873535,-0.12554527819156647,-19.183136002576596,-1.0649282932281494,2.2861239910125732,171.63167089823506
1778421203.08616,0.1969597339630127,2.985543727874756,-0.13521747291088104,-12.699835377639202,-1.0352500677108765,2.2861239910125732,171.05905515897786
1778421203.0866685,0.19619758427143097,2.975914478302002,-0.1445533186197281,-18.352360250838746,-0.985447883605957,2.2861239910125732,170.50733979858092
1778421203.0871298,0.1947174221277237,2.9669699668884277,-0.15344412624835968,-19.31944242071009,-0.9290472269058228,2.2861239910125732,169.99485704477652
1778421203.0876343,0.19374679028987885,2.9586286544799805,-0.16201283037662506,-16.961014518560578,-0.8710968494415283,2.2861239910125732,169.51693504817237
1778421203.1461892,0.19312460720539093,2.950640916824341,-0.16962175071239471,-0.12994661925706621,-0.8218281269073486,2.2861239910125732,169.0592713926465
1778421203.1478412,0.19310300052165985,2.9429352283477783,-0.17698173224925995,-4.453577162125719,-0.7898193001747131,2.2861239910125732,168.6177679646969
1778421203.148738,0.19340234994888306,2.935487985610962,-0.1840890794992447,-7.926998791376307,-0.762997567653656,2.2861239910125732,168.19107238686786
1778421203.1496649,0.1941729038953781,2.928532361984253,-0.1912248581647873,-7.705192552750419,-0.7272873520851135,2.2861239910125732,167.79254450917594
1778421203.1500707,0.19503846764564514,2.921696662902832,-0.1975937783718109,-15.663846615802964,-0.7130828499794006,2.2861239910125732,167.40088780178908
1778421203.150635,0.19603510200977325,2.9149489402770996,-0.20430269837379456,-11.888924555938358,-0.6940851807594299,2.2861239910125732,167.01427177400967
1778421203.2052717,0.19657441973686218,2.9085817337036133,-0.21003678441047668,-0.10495069249351391,-0.6586818099021912,2.2861239910125732,166.64945771006094
1778421203.2058334,0.19696278870105743,2.9029335975646973,-0.21576857566833496,-10.197102364451926,-0.5997930765151978,2.2861239910125732,166.32584334718575
1778421203.2065947,0.1972605586051941,2.897958755493164,-0.2201845794916153,-5.7968020094097295,-0.5263236165046692,2.2861239910125732,166.04080589274278
1778421203.207526,0.19759464263916016,2.894160747528076,-0.22559864819049835,-5.814077277921706,-0.4232605993747711,2.2861239910125732,165.82319606578616
1778421203.2082815,0.19842444360256195,2.8915929794311523,-0.22559864819049835,0.0,-0.2765651047229767,3.4365146160125732,165.67607379106408
1778421203.2665992,0.19973720610141754,2.8908936977386475,-0.22250325977802277,0.053078390313641886,-0.07095100730657578,3.4365146160125732,165.6360079013928
1778421203.266976,0.2008262276649475,2.8927454948425293,-0.22250325977802277,0.0,0.18817691504955292,3.7138583660125732,165.74210805995978
1778421203.2675169,0.2013392150402069,2.897456645965576,-0.22250325977802277,0.0,0.4903988838195801,4.004873752593994,166.01203713595868
1778421203.2679346,0.20157884061336517,2.9051389694213867,-0.22250325977802277,0.0,0.7980481386184692,4.282217502593994,166.45220184683097
1778421203.2683036,0.20209316909313202,2.9158873558044434,-0.22250325977802277,0.0,1.1010380983352661,4.573233127593994,167.06803902315602
1778421203.2690642,0.203302264213562,2.929365396499634,-0.22250325977802277,0.0,1.3979614973068237,4.877920627593994,167.840273871096
1778421203.3252554,0.20486955344676971,2.94604229927063,-0.22250325977802277,0.0,1.7162730693817139,5.114248752593994,168.7957900152241
1778421203.3257484,0.20677611231803894,2.9651973247528076,-0.22250325977802277,0.0,1.9887617826461792,5.276358127593994,169.8932921318184
1778421203.3263516,0.20828865468502045,2.9864816665649414,-0.22250325977802277,0.0,2.189560890197754,5.463858127593994,171.11279508736752
1778421203.32673,0.20921160280704498,3.0096261501312256,-0.22250325977802277,0.0,2.3916499614715576,5.600576877593994,172.4388763147255
1778421203.3270707,0.20973485708236694,3.0343711376190186,-0.22250325977802277,0.0,2.5577001571655273,5.704092502593994,173.85665966188006
1778421203.3274891,0.20996998250484467,3.0604405403137207,-0.22250325977802277,0.0,2.691817045211792,5.790030002593994,175.35032641071348
1778421203.445458,0.21033844351768494,3.0874183177948,-0.22250325977802277,0.0,2.7903871536254883,5.813467502593994,176.89603920102238
1778421203.445521,0.20993751287460327,3.114945888519287,-0.22250325977802277,0.0,2.8378121852874756,5.735342502593994,178.47325282378338
1778421203.4462469,0.21005648374557495,3.1420648097991943,-0.22250325977802277,0.0,2.8030776977539062,5.590811252593994,180.02705255806958
1778421203.448257,0.21067598462104797,3.167987823486328,-0.22250325977802277,0.0,2.678884267807007,5.334951877593994,181.5123318346022
1778421203.4493456,0.21195605397224426,3.1919102668762207,-0.22250325977802277,0.0,2.467541217803955,5.018545627593994,182.8829868764837
1778421203.4500992,0.21245308220386505,3.2129902839660645,-0.22250325977802277,0.0,2.1831817626953125,4.627920627593994,184.0907828877954
1778421203.4508085,0.21179929375648499,3.2306458950042725,-0.22250325977802277,0.0,1.8197236061096191,4.176748752593994,185.1023748850093
1778421203.4514625,0.2107882797718048,3.2438764572143555,-0.22250325977802277,0.0,1.3709512948989868,3.2646396160125732,185.86043026023233
1778421203.4515133,0.20993326604366302,3.2488958835601807,-0.22250325977802277,0.0,0.5126983523368835,3.1552646160125732,186.1480222054249
1778421203.451899,0.21753670275211334,3.249922513961792,0.12831275165081024,910.2647012292404,0.10330997407436371,3.1552646160125732,186.20684379455705
1778421203.452189,0.2194776087999344,3.24833607673645,0.12831275165081024,0.0,-0.16019289195537567,2.2079989910125732,186.1159476370825
1778421203.4527428,0.21660645306110382,3.241499900817871,0.12831275165081024,0.0,-0.7056728005409241,1.8408113718032837,185.72426360893897
1778421203.5050135,0.2142183631658554,3.230360746383667,0.12831275165081024,0.0,-1.1565412282943726,1.4540926218032837,185.08603707251464
1778421203.5056324,0.21451395750045776,3.214857339859009,0.0779891386628151,-81.24574242536869,-1.5972689390182495,1.4540926218032837,184.19775731057612
1778421203.505705,0.21740633249282837,3.195404529571533,0.016562512144446373,-833.4683808834058,-2.006591796875,1.4540926218032837,183.0831933814351
1778421203.506571,0.22061337530612946,3.1724741458892822,-0.010594596154987812,-31.391872505370888,-2.3692786693573,1.4540926218032837,181.76937917382648
1778421203.507007,0.22206808626651764,3.1462669372558594,-0.010594596154987812,0.0,-2.6942546367645264,0.24120202660560608,180.26781672631253
1778421203.5074224,0.22062809765338898,3.088534355163574,-0.026304371654987335,-37.80932808955379,-2.916713237762451,0.24120202660560608,176.95998343203203
1778421203.565644,0.22062809765338898,3.088534355163574,-0.026304371654987335,0.0,-3.059258222579956,0.18065515160560608,176.95998343203203
1778421203.5666506,0.21921660006046295,3.057906150817871,-0.026304371654987335,0.0,-3.1547975540161133,0.2841707766056061,175.20511658895902
1778421203.5673184,0.21524442732334137,2.999566078186035,-0.12653253972530365,-149.95237674534266,-3.1018686294555664,0.2841707766056061,171.86247665066813
1778421203.5682607,0.21414758265018463,2.973781108856201,-0.15078656375408173,-25.739174760149748,-2.9339756965637207,0.2841707766056061,170.38510673319436
1778421203.5691183,0.21359939873218536,2.9521000385284424,-0.17052747309207916,-23.0107343908279,-2.651921272277832,0.2841707766056061,169.14287290808747
1778421203.5697403,0.21277284622192383,2.934896945953369,-0.18582719564437866,-24.60949460872247,-2.2532196044921875,0.2841707766056061,168.15720830896294
1778421203.6249804,0.2109859734773636,2.9236440658569336,-0.19436195492744446,-0.15450520338615073,-1.7685564756393433,0.2841707766056061,167.5124657720704
1778421203.625789,0.20860940217971802,2.918489456176758,-0.19706934690475464,-3.3432847493196287,-1.1692533493041992,0.2841707766056061,167.21712839235906
1778421203.626325,0.20610769093036652,2.9197638034820557,-0.19379065930843353,6.1146727811124935,-0.5244273543357849,0.2841707766056061,167.2901431145865
1778421203.626881,0.2035885453224182,2.9268598556518555,-0.1847444623708725,16.278922488908126,0.13058455288410187,0.2841707766056061,167.69671695512068
1778421203.6274657,0.2014736533164978,2.9393012523651123,-0.17105963826179504,23.38486677413334,0.734603762626648,0.2841707766056061,168.4095564780382
1778421203.6281948,0.2007119506597519,2.956774950027466,-0.15134605765342712,27.05679401063476,1.2881280183792114,0.2841707766056061,169.4107256065787
1778421203.6847546,0.20119725167751312,2.9783506393432617,-0.12958525121212006,0.38473912511608893,1.7944374084472656,0.2841707766056061,170.6469215444593
1778421203.684822,0.20292584598064423,3.003401756286621,-0.10278832167387009,392.91688167371785,2.233529806137085,0.2841707766056061,172.08224481740245
1778421203.6856086,0.20438328385353088,3.030550241470337,-0.07543700188398361,34.81583535885772,2.5861499309539795,0.2841707766056061,173.6377384386028
1778421203.6864605,0.20539987087249756,3.058856725692749,-0.04698461294174194,33.386985424076315,2.801713705062866,0.2841707766056061,175.25958051740068
1778421203.686515,0.20726178586483002,3.0875091552734375,-0.01961681805551052,494.89671142585576,2.933816909790039,0.2841707766056061,176.90124380516994
1778421203.6870537,0.2097291350364685,3.114851713180542,0.006328595336526632,48.22567608117892,2.9593420028686523,0.2841707766056061,178.46785697433907
1778421203.7445335,0.2122804820537567,3.1396613121032715,0.029484199360013008,0.40284837981558136,2.8309600353240967,0.2841707766056061,179.8893422840238
1778421203.744598,0.21547771990299225,3.1596312522888184,0.04687701165676117,266.7609178419421,2.552433490753174,0.2841707766056061,181.03353557378432
1778421203.7450073,0.2189304381608963,3.173380136489868,0.057904813438653946,26.962840528158385,2.0712852478027344,0.2841707766056061,181.82128861151858
1778421203.7453818,0.2224728912115097,3.1795389652252197,0.06089969351887703,7.997009571701969,1.4160265922546387,0.2841707766056061,182.17416350479812
1778421203.7461007,0.22504933178424835,3.177762269973755,0.05631814897060394,-6.377428391370033,0.6438120007514954,0.2841707766056061,182.07236636540824
1778421203.7468076,0.22647078335285187,3.168679714202881,0.04401446133852005,-17.405131784688965,-0.18663577735424042,0.2841707766056061,181.55197425254497
1778421203.8048353,0.22692148387432098,3.153412103652954,0.027417443692684174,-0.28602134253816436,-0.9381203651428223,0.2841707766056061,180.67720460478475
1778421203.8052928,0.22774527966976166,3.1330063343048096,0.005168527830392122,-48.57841944593423,-1.5804364681243896,0.2841707766056061,179.50804014341867
1778421203.8061955,0.22933503985404968,3.1088192462921143,-0.048014022409915924,-58.908451368041206,-2.1004855632781982,0.2841707766056061,178.12222208157974
1778421203.8062468,0.23020155727863312,3.081660747528076,-0.07569990307092667,-533.4467668945252,-2.504835844039917,0.2841707766056061,176.5661547244891
1778421203.8069532,0.22918814420700073,3.05263614654541,-0.07569990307092667,0.0,-2.8116891384124756,0.3935457766056061,174.90316758613108
1778421203.8075063,0.2274220734834671,3.0234386920928955,-0.10518505424261093,-53.33782877312769,-2.987292766571045,0.3935457766056061,173.23027667347654
1778421203.864816,0.2257077842950821,2.99520206451416,-0.1320704072713852,-0.4691280462797971,-3.0182127952575684,0.3935457766056061,171.6124370855323
1778421203.8652916,0.22410927712917328,2.9691197872161865,-0.15697906911373138,-52.31813171131078,-2.913142681121826,0.3935457766056061,170.1180326762685
1778421203.865692,0.22185811400413513,2.9462571144104004,-0.17738591134548187,-50.953410910600304,-2.6961586475372314,0.3935457766056061,168.80809801610846
1778421203.866105,0.22006721794605255,2.9274303913116455,-0.19409669935703278,-40.45216150364295,-2.3647027015686035,0.3935457766056061,167.72940624048834
1778421203.8668988,0.2176101803779602,2.9138145446777344,-0.20526865124702454,-14.077560535674783,-1.9370851516723633,0.3935457766056061,166.94927569386783
1778421203.8675406,0.2151855081319809,2.905928373336792,-0.21103821694850922,-8.996672006680312,-1.4109948873519897,0.3935457766056061,166.49743135951482
1778421203.9242368,0.2137533575296402,2.903996706008911,-0.21043242514133453,0.010684780724045431,-0.8161194920539856,0.3935457766056061,166.3867549742039
1778421203.9246273,0.21260569989681244,2.90799617767334,-0.20490662753582,14.128860833984342,-0.19012130796909332,0.3935457766056061,166.61590782085784
1778421203.9249713,0.2107212394475937,2.916879177093506,-0.1944660097360611,30.35945862643799,0.40639641880989075,0.3935457766056061,167.12486619705052
1778421203.9254,0.2083507478237152,2.9302103519439697,-0.1797202229499817,34.38849486502013,0.9199525117874146,0.3935457766056061,167.88868625193305
1778421203.9257545,0.2066677063703537,2.947859525680542,-0.1609872281551361,52.873257867090864,1.8189743757247925,0.3935457766056061,168.89990941893177
1778421203.926958,0.20570188760757446,2.9686269760131836,-0.1394847333431244,17.87108952652262,2.1517081260681152,0.3935457766056061,170.0897966742397
1778421203.9851797,0.20551106333732605,2.9918394088745117,-0.09141116589307785,0.8257041226613863,2.3963706493377686,0.3935457766056061,171.41977110942457
1778421203.986064,0.2062137871980667,3.0163614749908447,-0.06590049713850021,28.848432038146523,2.539083957672119,0.3935457766056061,172.82478200283123
1778421203.9864063,0.2065727561712265,3.0418810844421387,-0.06590049713850021,0.0,2.6310787200927734,5.512686252593994,174.28694791921254
1778421203.9870446,0.20659764111042023,3.0672314167022705,-0.05361393839120865,19.260948120585578,2.6088051795959473,5.512686252593994,175.73941496697242
1778421203.9877996,0.20682474970817566,3.0914194583892822,-0.01805037632584572,47.147770063142545,2.5069222450256348,5.512686252593994,177.1252876703247
1778421204.0462277,0.2074563056230545,3.1140663623809814,0.003708154894411564,0.3724066903678303,2.3400750160217285,5.512686252593994,178.42285968808702
1778421204.0502985,0.20777004957199097,3.1344056129455566,0.022705329582095146,4.666349308546506,2.0973193645477295,5.512686252593994,179.58821290389628
1778421204.0519423,0.2084452509880066,3.1512773036956787,0.037476133555173874,8.987954230233083,1.746605634689331,5.512686252593994,180.55488957712817
1778421204.0529401,0.20836976170539856,3.1635689735412598,0.04740345850586891,9.946222734841536,1.2721058130264282,5.512686252593994,181.25915038244818
1778421204.0539062,0.20763719081878662,3.1698861122131348,0.05073494464159012,3.446246140250116,0.6500700116157532,5.512686252593994,181.6210957669455
1778421204.0548751,0.20724552869796753,3.1692941188812256,0.047355327755212784,-3.485578505572321,-0.06190567463636398,5.512686252593994,181.5871770475272
1778421204.1055014,0.2079884558916092,3.1620397567749023,0.03719904646277428,-0.20061750577450907,-0.7519333958625793,5.512686252593994,181.17153271577527
1778421204.1063273,0.20876838266849518,3.1436495780944824,0.022258436307311058,-18.09447758254286,-1.8996692895889282,5.512686252593994,180.11785309289573
1778421204.1068933,0.20913250744342804,3.121121644973755,0.0018689866410568357,-35.94754804338318,-2.317474365234375,5.512686252593994,178.82709760392507
1778421204.107624,0.20871353149414062,3.095738410949707,-0.021235348656773567,-31.64543936678739,-2.6310336589813232,5.512686252593994,177.37274542395426
1778421204.1083353,0.2079089730978012,3.0682735443115234,-0.048179786652326584,-37.859263413422504,-2.8390696048736572,5.512686252593994,175.79912448069666
1778421204.1088822,0.20690709352493286,3.0400428771972656,-0.07452305406332016,-48.12434875258659,-2.9167447090148926,5.512686252593994,174.18162640221092
1778421204.166332,0.20621401071548462,3.0122604370117188,-0.10363584011793137,-0.5067561492677368,-2.872990131378174,5.512686252593994,172.58980983500444
1778421204.167131,0.2058447301387787,2.9855377674102783,-0.13106192648410797,-34.304047769450776,-2.753760576248169,5.512686252593994,171.05871364951935
1778421204.1677103,0.20565161108970642,2.960724353790283,-0.15625829994678497,-43.47950638295479,-2.562333583831787,5.512686252593994,169.63700977378122
1778421204.168011,0.20623081922531128,2.93830943107605,-0.17913275957107544,-76.07070285607598,-2.320761203765869,5.512686252593994,168.3527293041437
1778421204.1691282,0.2061769813299179,2.9186129570007324,-0.21734613180160522,-34.216844592321735,-2.0271213054656982,5.512686252593994,167.2242044683392
1778421204.1691906,0.2050236612558365,2.9020917415618896,-0.2323203980922699,-235.81525893476294,-1.708831787109375,5.512686252593994,166.27760855126712
1778421204.2854986,0.20258110761642456,2.8886964321136475,-0.2323203980922699,0.0,-1.38844633102417,1.9658113718032837,165.51011385461112
1778421204.2861176,0.2005326896905899,2.8780808448791504,-0.24447642266750336,-19.59700855980098,-1.097111463546753,1.9658113718032837,164.9018855090215
1778421204.286859,0.20002645254135132,2.870059013366699,-0.24447642266750336,0.0,-0.8304718732833862,2.4931552410125732,164.442268419393
1778421204.2874048,0.20006243884563446,2.864098310470581,-0.24447642266750336,0.0,-0.6142043471336365,2.6669833660125732,164.100745300514
1778421204.2882228,0.1997973918914795,2.8597965240478516,-0.24447642266750336,0.0,-0.44157692790031433,2.7880771160125732,163.85427109412493
1778421204.2887433,0.1992204636335373,2.8565561771392822,-0.24447642266750336,0.0,-0.32828110456466675,2.8564364910125732,163.66861289210564
1778421204.2892194,0.19901826977729797,2.853832244873047,-0.24447642266750336,0.0,-0.2817712426185608,2.8662021160125732,163.51254306957085
1778421204.289888,0.19937342405319214,2.851069450378418,-0.24447642266750336,0.0,-0.29113030433654785,2.8329989910125732,163.35424660536663
1778421204.2903962,0.20033963024616241,2.8477797508239746,-0.24447642266750336,0.0,-0.3377537131309509,2.7880771160125732,163.16576070503098
1778421204.2908878,0.20165938138961792,2.844054937362671,-0.24447642266750336,0.0,-0.38396573066711426,2.7607333660125732,162.95234461422476
1778421204.2912328,0.20329609513282776,2.839913845062256,-0.24447642266750336,0.0,-0.419716477394104,2.7275302410125732,162.71507750283683
1778421204.2914898,0.20489445328712463,2.835604190826416,-0.24447642266750336,0.0,-0.4536711275577545,2.6865146160125732,162.46815250396256
1778421204.2921534,0.20642349123954773,2.830742835998535,-0.24447642266750336,0.0,-0.5000279545783997,2.6454989910125732,162.18961738960942
1778421204.3446035,0.20795434713363647,2.8252909183502197,-0.24447642266750336,0.0,-0.5596370100975037,2.5849521160125732,161.87724551810805
1778421204.345304,0.20944543182849884,2.819669485092163,-0.24447642266750336,0.0,-0.5762242674827576,2.6884677410125732,161.55516111760693
1778421204.346201,0.21148352324962616,2.8155086040496826,-0.24447642266750336,0.0,-0.4426988363265991,2.7763583660125732,161.31676019481682
1778421204.3462656,0.21342359483242035,2.811077117919922,-0.24447642266750336,0.0,-0.447488933801651,2.7255771160125732,161.06285474261077
1778421204.3465567,0.21474112570285797,2.806431770324707,-0.24447642266750336,0.0,-0.48590609431266785,2.6728427410125732,160.7966959310337
1778421204.4051926,0.21543946862220764,2.801574945449829,-0.24447642266750336,0.0,-0.49780353903770447,2.6806552410125732,160.51842036386904
1778421204.4057326,0.21535591781139374,2.797074317932129,-0.24447642266750336,0.0,-0.46581530570983887,2.7001864910125732,160.26055340194438
1778421204.4063754,0.21495619416236877,2.793119192123413,-0.24447642266750336,0.0,-0.41201427578926086,2.7607333660125732,160.0339413856617
1778421204.4064248,0.2144002616405487,2.7895853519439697,-0.24447642266750336,0.0,-0.3551843762397766,2.8212802410125732,159.83146725790584
1778421204.4068677,0.21354271471500397,2.7867534160614014,-0.24447642266750336,0.0,-0.29482412338256836,2.8779208660125732,159.669209283983
1778421204.4073486,0.21255558729171753,2.784359931945801,-0.24447642266750336,0.0,-0.2534753680229187,2.9189364910125732,159.5320727458275
1778421204.4657223,0.21155762672424316,2.782113790512085,-0.24447642266750336,0.0,-0.22673724591732025,2.9247958660125732,159.40337832148612
1778421204.4668083,0.210642009973526,2.779689311981201,-0.24447642266750336,0.0,-0.24675855040550232,2.9091708660125732,159.26446593414641
1778421204.4673839,0.21014323830604553,2.776991844177246,-0.24447642266750336,0.0,-0.27899378538131714,2.8759677410125732,159.10991241360736
1778421204.4677706,0.2096242755651474,2.773843765258789,-0.24447642266750336,0.0,-0.32538744807243347,2.8329989910125732,158.92954077800565
1778421204.4687037,0.20881952345371246,2.770324468612671,-0.35518890619277954,-118.6883397849736,-0.3605024218559265,2.8329989910125732,158.72789993332853
1778421204.5246484,0.20786310732364655,2.766273260116577,-0.3596775531768799,-0.08023450166585863,-0.416978657245636,2.8329989910125732,158.49578278457483
1778421204.524971,0.20749066770076752,2.761702537536621,-0.3643333613872528,-14.37865450597505,-0.4743008613586426,2.8329989910125732,158.2338996714182
1778421204.5255332,0.20681160688400269,2.7564992904663086,-0.36977866291999817,-9.690872983870863,-0.5440747141838074,2.8329989910125732,157.93577557452548
1778421204.5836983,0.2050599902868271,2.750828504562378,-0.3756236732006073,-0.10049240813755282,-0.5834017395973206,2.8329989910125732,157.610863475708
1778421204.5842607,0.20258444547653198,2.744673728942871,-0.38201382756233215,-11.336091063755616,-0.629467248916626,2.8329989910125732,157.25822080886022
1778421204.5848076,0.20054394006729126,2.7380964756011963,-0.3887067437171936,-12.244632550296886,-0.6679261326789856,2.8329989910125732,156.88137195159393
1778421204.5855336,0.19907541573047638,2.7312564849853516,-0.3887067437171936,0.0,-0.6997308135032654,2.4521396160125732,156.48946935739696
1778421204.5859659,0.19803665578365326,2.724595069885254,-0.3887067437171936,0.0,-0.7029008269309998,2.4619052410125732,156.10779838657663
1778421204.5866578,0.1974477916955948,2.717824697494507,-0.3887067437171936,0.0,-0.6991934776306152,2.4912021160125732,155.71988462285492
1778421204.5873103,0.1972285658121109,2.7114782333374023,-0.41201257705688477,-35.70133816542523,-0.6584877371788025,2.4912021160125732,155.35625901182178
1778421204.5879142,0.1969558149576187,2.70570707321167,-0.4200894832611084,-13.376790683303762,-0.5872002840042114,2.4912021160125732,155.02559589372314
1778421204.5887945,0.19666169583797455,2.7005181312561035,-0.42479407787323,-5.347953379084718,-0.5345109701156616,2.6806552410125732,154.72829141953082
1778421204.5898926,0.19655267894268036,2.6955623626708984,-0.4343281090259552,-8.676766500908858,-0.5200878381729126,2.6806552410125732,154.44434679535505
1778421204.6457994,0.19599458575248718,2.6906416416168213,-0.4343281090259552,0.0,-0.5017012357711792,2.6552646160125732,154.16241024679525
1778421204.6465695,0.19564136862754822,2.6858370304107666,-0.4445798099040985,-13.289734180234431,-0.49922817945480347,2.6552646160125732,153.88712630248708
1778421204.6469493,0.1952742040157318,2.6806602478027344,-0.4501451849937439,-14.649578630327355,-0.5368668437004089,2.6552646160125732,153.5905185075901
1778421204.6474645,0.1942892074584961,2.6752750873565674,-0.4501451849937439,0.0,-0.5506575703620911,2.5654208660125732,153.28197154202394
1778421204.648778,0.19255982339382172,2.669735908508301,-0.4556385278701782,-4.181899296137503,-0.566021203994751,2.5654208660125732,152.9645999720501
1778421204.704494,0.19059538841247559,2.6641576290130615,-0.4613756835460663,-0.10297234478762358,-0.5824187397956848,2.5654208660125732,152.64498810002854
1778421204.7049065,0.18839631974697113,2.6582882404327393,-0.4613756835460663,0.0,-0.5975793600082397,2.5556552410125732,152.3086969060538
1778421204.705365,0.1857653558254242,2.652639865875244,-0.4613756835460663,0.0,-0.5879437923431396,2.5790927410125732,151.98506888280025
1778421204.7056503,0.182698056101799,2.6470556259155273,-0.4795125722885132,-63.4156895683943,-0.5765047669410706,2.5790927410125732,151.66511550132017
1778421204.7067697,0.17920799553394318,2.641573905944824,-0.48538389801979065,-5.246002286439786,-0.5626713037490845,2.5790927410125732,151.35103608252632
1778421204.7068906,0.17562264204025269,2.6363525390625,-0.48538389801979065,0.0,-0.5467053055763245,2.5810458660125732,151.05187379687976
1778421204.7670517,0.17177993059158325,2.6311047077178955,-0.48538389801979065,0.0,-0.5428563356399536,2.6103427410125732,150.75119520923744
1778421204.767769,0.16817529499530792,2.625925064086914,-0.48538389801979065,0.0,-0.5375310778617859,2.5947177410125732,150.4544234898004
1778421204.7678213,0.16513381898403168,2.620718240737915,-0.48538389801979065,0.0,-0.5391221642494202,2.6025302410125732,150.1560944872326
1778421204.768956,0.1622554510831833,2.6153879165649414,-0.48538389801979065,0.0,-0.5453214049339294,2.6181552410125732,149.85068940868462
1778421204.7690413,0.15962180495262146,2.6102561950683594,-0.48538389801979065,0.0,-0.5280309319496155,2.6533114910125732,149.55666342529392
1778421204.7695394,0.1568664163351059,2.6051764488220215,-0.48538389801979065,0.0,-0.513504683971405,2.6943271160125732,149.26561540438135
1778421204.8241959,0.15491102635860443,2.6004395484924316,-0.48538389801979065,0.0,-0.4726591408252716,2.7431552410125732,148.9942110075217
1778421204.8248212,0.15324066579341888,2.5961403846740723,-0.48538389801979065,0.0,-0.4334586560726166,2.8232333660125732,148.74788706529438
1778421204.825286,0.15212471783161163,2.592519521713257,-0.48538389801979065,0.0,-0.3730188310146332,2.9013583660125732,148.5404268994444
1778421204.8257825,0.1512371301651001,2.589752197265625,-0.48538389801979065,0.0,-0.2884237468242645,3.0204989910125732,148.38187088805174
1778421204.8263068,0.15053626894950867,2.5877575874328613,-0.5395348072052002,-103.28229766051945,-0.18669581413269043,3.0204989910125732,148.26758816285908
1778421204.8267756,0.15030473470687866,2.587146759033203,-0.5395348072052002,0.0,-0.06758996844291687,3.2529208660125732,148.23259027355192
1778421204.8841517,0.1505896896123886,2.587580680847168,-0.5395348072052002,0.0,0.04501804709434509,3.3486239910125732,148.25745216213076
1778421204.885119,0.15123730897903442,2.5890450477600098,-0.5395348072052002,0.0,0.15560981631278992,3.4306552410125732,148.34135420589521
1778421204.8853307,0.15219646692276,2.591522693634033,-0.5395348072052002,0.0,0.25001364946365356,3.5107333660125732,148.48331285760474
1778421204.886097,0.15366746485233307,2.5946779251098633,-0.5395348072052002,0.0,0.3273116946220398,3.6005771160125732,148.66409430455664
1778421204.8866973,0.1559649407863617,2.5986573696136475,-0.5395348072052002,0.0,0.4066847860813141,3.6904208660125732,148.89209967943003
1778421204.8872237,0.15870770812034607,2.6033644676208496,-0.5395348072052002,0.0,0.49600347876548767,3.7880771160125732,149.16179652899714
1778421204.9445834,0.16153006255626678,2.6092658042907715,-0.5395348072052002,0.0,0.5994604229927063,3.8896396160125732,149.49991821366945
1778421204.9456031,0.1645127534866333,2.6159939765930176,-0.5395348072052002,0.0,0.7029934525489807,3.9990146160125732,149.88541409042497
1778421204.9458752,0.16760151088237762,2.6237921714782715,-0.5395348072052002,0.0,0.8107744455337524,4.118155002593994,150.33221774517054
1778421204.9463253,0.1708914041519165,2.632741928100586,-0.5395348072052002,0.0,0.9246022701263428,4.243155002593994,150.8450010272984
1778421204.9468932,0.17892615497112274,2.65407133102417,-0.5395348072052002,0.0,1.0432623624801636,4.364248752593994,152.06708579435377
1778421204.947061,0.18344518542289734,2.6663103103637695,-0.5395348072052002,0.0,1.1560218334197998,4.457998752593994,152.76832765606065
1778421205.0054893,0.18823878467082977,2.6793456077575684,-0.5395348072052002,0.0,1.2636747360229492,4.504873752593994,153.5151951814232
1778421205.005562,0.1925324946641922,2.693140983581543,-0.5395348072052002,0.0,1.3498719930648804,4.563467502593994,154.30561199293373
1778421205.0065377,0.1964327096939087,2.7077407836914062,-0.5395348072052002,0.0,1.4252169132232666,4.631826877593994,155.14211892096355
1778421205.0068822,0.20062175393104553,2.722963333129883,-0.5395348072052002,0.0,1.5063532590866089,4.694326877593994,156.0143067572175
1778421205.0075958,0.20506693422794342,2.738615036010742,-0.5395348072052002,0.0,1.5720195770263672,4.741201877593994,156.9110832744835
1778421205.008126,0.20949043333530426,2.754626989364624,-0.5395348072052002,0.0,1.625929355621338,4.743155002593994,157.82850062342126
1778421205.0637124,0.2136612981557846,2.77067494392395,-0.5395348072052002,0.0,1.6526108980178833,4.706045627593994,158.74798068948837
1778421205.065449,0.21728627383708954,2.7865500450134277,-0.5395348072052002,0.0,1.6540205478668213,4.694326877593994,159.65755698125898
1778421205.065909,0.2205459624528885,2.8024652004241943,-0.5395348072052002,0.0,1.6400511264801025,4.684561252593994,160.5694282165907
1778421205.0666392,0.22312110662460327,2.8185222148895264,-0.5395348072052002,0.0,1.6463823318481445,4.694326877593994,161.48942737703473
1778421205.0671914,0.22518034279346466,2.8347485065460205,-0.5395348072052002,0.0,1.6623473167419434,4.694326877593994,162.4191254061002
1778421205.0676422,0.22691860795021057,2.8510308265686035,-0.5395348072052002,0.0,1.6750093698501587,4.704092502593994,163.35203362407555
1778421205.1253836,0.2285163253545761,2.867255687713623,-0.5395348072052002,0.0,1.6820154190063477,4.670889377593994,164.28164969087098
1778421205.1256683,0.22972917556762695,2.8828983306884766,-0.5395348072052002,0.0,1.6727129220962524,4.584951877593994,165.17790711376006
1778421205.1259463,0.23032432794570923,2.8979220390319824,-0.5395348072052002,0.0,1.6233501434326172,4.487295627593994,166.03870219447842
1778421205.1265514,0.23017188906669617,2.911928415298462,-0.5395348072052002,0.0,1.54121732711792,4.403311252593994,166.84120844081988
1778421205.1268864,0.22928963601589203,2.9252941608428955,-0.5395348072052002,0.0,1.4471567869186401,4.377920627593994,167.60700925056173
1778421205.1273234,0.22843609750270844,2.9386043548583984,-0.5395348072052002,0.0,1.3836984634399414,4.383780002593994,168.36962719215032
1778421205.1838026,0.22735878825187683,2.9519283771514893,-0.5395348072052002,0.0,1.36884605884552,4.403311252593994,169.13303743568264
1778421205.1842985,0.2258809506893158,2.965665102005005,-0.5395348072052002,0.0,1.3857882022857666,4.438467502593994,169.92009379412156
1778421205.184962,0.2241131067276001,2.979506492614746,-0.5395348072052002,0.0,1.4118983745574951,4.465811252593994,170.71314705865174
1778421205.1854887,0.2223597913980484,2.99350643157959,-0.5395348072052002,0.0,1.4348756074905396,4.461905002593994,171.51528447477804
1778421205.1860914,0.22075435519218445,3.0075294971466064,-0.5395348072052002,0.0,1.4452848434448242,4.459951877593994,172.3187469476033
1778421205.1874607,0.21913029253482819,3.0215580463409424,-0.5395348072052002,0.0,1.4446443319320679,4.457998752593994,173.1225236091304
1778421205.2459786,0.21714144945144653,3.0356712341308594,-0.5395348072052002,0.0,1.448989748954773,4.469717502593994,173.93114970496822
1778421205.2470236,0.21488064527511597,3.0499327182769775,-0.5395348072052002,0.0,1.4577549695968628,4.479483127593994,174.74827255613354
1778421205.247812,0.2121489942073822,3.064270496368408,-0.5395348072052002,0.0,1.4725980758666992,4.491201877593994,175.56976672836765
1778421205.2485096,0.20930804312229156,3.0786805152893066,-0.5395348072052002,0.0,1.4833990335464478,4.469717502593994,176.3953999952388
1778421205.2493424,0.20540966093540192,3.092848777770996,-0.5395348072052002,0.0,1.4854141473770142,4.446280002593994,177.20718163847314
1778421205.2499337,0.2016003131866455,3.1068270206451416,-0.5395348072052002,0.0,1.4632949829101562,4.436514377593994,178.0080759601705
1778421205.3045006,0.19855180382728577,3.1203243732452393,-0.5395348072052002,0.0,1.4353516101837158,4.401358127593994,178.78141729875603
1778421205.3045747,0.19610223174095154,3.1333529949188232,-0.5395348072052002,0.0,1.3975639343261719,4.356436252593994,179.52790233352505
1778421205.3054712,0.1932789534330368,3.1460022926330566,-0.5395348072052002,0.0,1.3437671661376953,4.313467502593994,180.25265370635512
1778421205.305885,0.1902942955493927,3.1579525470733643,-0.5395348072052002,0.0,1.2959423065185547,4.243155002593994,180.9373528498922
1778421205.3067687,0.1868172287940979,3.1693856716156006,-0.5395348072052002,0.0,1.2420450448989868,4.165030002593994,181.5924226328098
1778421205.3071306,0.1831297129392624,3.1799795627593994,-0.5395348072052002,0.0,1.1774990558624268,4.098623752593994,182.19940788397048
1778421205.3669672,0.1794307976961136,3.19022798538208,-0.5395348072052002,0.0,1.0966850519180298,4.081045627593994,182.78659924691647
1778421205.3676183,0.1753203570842743,3.2003583908081055,-0.5395348072052002,0.0,1.0459449291229248,4.079092502593994,183.36702872258417
1778421205.3681114,0.17162273824214935,3.2107107639312744,-0.5395348072052002,0.0,1.0716280937194824,4.170889377593994,183.9601760104864
1778421205.368965,0.16927796602249146,3.2220730781555176,-0.5395348072052002,0.0,1.1758145093917847,4.315420627593994,184.611188661037
1778421205.3694377,0.1684393733739853,3.2342472076416016,-0.5395348072052002,0.0,1.2448022365570068,4.317373752593994,185.3087148998354
1778421205.3699176,0.1683845818042755,3.245988607406616,-0.5395348072052002,0.0,1.2232774496078491,4.270498752593994,185.98144755194662
1778421205.4242716,0.16761045157909393,3.257457971572876,-0.5395348072052002,0.0,1.1794538497924805,4.200186252593994,186.6385937123719
1778421205.4247909,0.1652575582265854,3.2682693004608154,-0.5395348072052002,0.0,1.1160783767700195,4.127920627593994,187.25803722857867
1778421205.4252443,0.16205626726150513,3.278434991836548,-0.5395348072052002,0.0,1.0546451807022095,4.071280002593994,187.8404884402407
1778421205.4255795,0.1589062511920929,3.2881453037261963,-0.5395348072052002,0.0,0.999804675579071,4.040030002593994,188.39684832927324
1778421205.426253,0.15605628490447998,3.297499179840088,0.16863751411437988,1052.7312640468056,0.9729690551757812,4.040030002593994,188.93278595268748
1778421205.4269614,0.15295295417308807,3.3068816661834717,0.16863751411437988,0.0,0.9623872637748718,4.034170627593994,189.4703628215025
1778421205.4856734,0.14964604377746582,3.316209316253662,0.16863751411437988,0.0,0.9681953191757202,4.028311252593994,190.0047978032993
1778421205.486547,0.14639322459697723,3.3255321979522705,0.19684746861457825,32.284223921770185,0.9557482004165649,4.028311252593994,190.53895957752934
1778421205.4871924,0.14326666295528412,3.3346431255340576,0.2100103795528412,20.407614085550193,0.9452216029167175,4.028311252593994,191.06097727541507
1778421205.487969,0.14052391052246094,3.343594789505005,0.21917681396007538,11.800250162556956,0.9213250875473022,4.028311252593994,191.57386984056967
1778421205.4886286,0.13794155418872833,3.3521580696105957,0.22329004108905792,6.231218274190008,0.8871588706970215,4.028311252593994,192.06450964940836
1778421205.4894989,0.13575461506843567,3.3604578971862793,0.2356194108724594,14.168431976821285,0.8563904762268066,4.028311252593994,192.54005474018132
1778421205.5449998,0.1334158182144165,3.3685107231140137,0.24322335422039032,0.13700626026142562,0.8267884254455566,4.028311252593994,193.00144767899403
1778421205.5454772,0.13115596771240234,3.3761110305786133,0.2509218454360962,16.10563009944925,0.7868084907531738,4.028311252593994,193.43691321971735
1778421205.54553,0.1286814659833908,3.383363962173462,0.25774094462394714,127.9380749098764,0.7554919123649597,4.028311252593994,193.8524755891993
1778421205.5461476,0.12648797035217285,3.390213966369629,0.26462239027023315,11.158497702486935,0.7127159237861633,4.028311252593994,194.24495191928654
1778421205.5466692,0.12438708543777466,3.3965978622436523,0.27010244131088257,10.504219274524106,0.6501739025115967,4.028311252593994,194.61072220971906
1778421205.5470898,0.12186774611473083,3.4020543098449707,0.2747916877269745,11.154249332321854,0.560663104057312,4.028311252593994,194.9233536284089
1778421205.6052344,0.11960025131702423,3.4055120944976807,0.27736079692840576,0.04418543681480914,0.35905271768569946,4.028311252593994,195.12147009547428
1778421205.6057503,0.11838551610708237,3.408170223236084,0.27981850504875183,4.754707075777894,0.27172234654426575,4.028311252593994,195.27376965358724
1778421205.6068687,0.11655335873365402,3.4100217819213867,0.2809847295284271,1.0426682974873103,0.19874785840511322,4.028311252593994,195.37985615177587
1778421205.607923,0.1134757474064827,3.4106643199920654,0.28043514490127563,-0.521328618855108,0.057438209652900696,4.028311252593994,195.41667087140223
1778421205.608337,0.11112114042043686,3.409580945968628,0.2783433496952057,-5.0526453131726745,-0.10915055871009827,4.028311252593994,195.35459811222515
1778421205.664741,0.10988006740808487,3.406776189804077,0.2746031880378723,-0.0663103377108252,-0.28317752480506897,4.028311252593994,195.1938974214331
1778421205.665589,0.10917839407920837,3.4022622108459473,0.2688254415988922,-6.816595666276166,-0.4669327735900879,4.028311252593994,194.93526547832138
1778421205.6662698,0.10796920210123062,3.3957931995391846,0.26069238781929016,-11.94105668909939,-0.6767299175262451,4.028311252593994,194.56461843282148
1778421205.6669667,0.10663483291864395,3.387024402618408,0.2507837116718292,-14.208024619821295,-0.8964433670043945,4.028311252593994,194.06220337785368
1778421205.6677175,0.10531214624643326,3.3743536472320557,0.23914997279644012,-15.53236167209705,-1.1070630550384521,4.028311252593994,193.33622257097304
1778421205.6685941,0.10375280678272247,3.3602890968322754,0.2251269668340683,-15.967895247953063,-1.3116455078125,4.028311252593994,192.53038319231658
1778421205.7245543,0.10210943967103958,3.345806121826172,0.2086755335330963,-0.29398610972898154,-1.4971613883972168,4.028311252593994,191.7005698496734
1778421205.7249255,0.10061272978782654,3.3298757076263428,0.1926036775112152,-43.23878318273126,-1.6521192789077759,4.028311252593994,190.78782435012792
1778421205.7254884,0.09903505444526672,3.3128273487091064,0.17539525032043457,-30.56016301039985,-1.761544942855835,4.028311252593994,189.81102533654604
1778421205.725527,0.09730348736047745,3.2955384254455566,0.15791301429271698,-449.4147482331957,-1.7784932851791382,4.028311252593994,188.8204430012191
1778421205.7261066,0.09502559900283813,3.2784595489501953,0.14080296456813812,-29.59192232307557,-1.767591953277588,4.028311252593994,187.84189545920972
1778421205.7268581,0.09352873265743256,3.261594772338867,0.12404584139585495,-22.286372327679796,-1.7379350662231445,4.028311252593994,186.87561493694966
1778421205.7843125,0.09263182431459427,3.2453219890594482,0.10783327370882034,-0.28218049881728263,-1.6895045042037964,4.028311252593994,185.94325313410792
1778421205.784775,0.09303712099790573,3.2295796871185303,0.09276854991912842,-32.55829638115539,-1.6224019527435303,4.028311252593994,185.0412856730727
1778421205.7850688,0.09443123638629913,3.21494722366333,0.07873541861772537,-47.699290754884316,-1.5155805349349976,4.028311252593994,184.20290727321031
1778421205.7854598,0.09656277298927307,3.201568603515625,0.06643744558095932,-31.484825549139202,-1.379571795463562,4.028311252593994,183.43636880303814
1778421205.7858298,0.09938856214284897,3.1895201206207275,0.05463822931051254,-31.86393837312966,-1.2394846677780151,4.028311252593994,182.74604158362493
1778421205.7866554,0.10275722295045853,3.178138256072998,0.043532755225896835,-13.44976876959142,-1.171879768371582,4.028311252593994,182.09390878205048
1778421205.8445728,0.10622190684080124,3.1665267944335938,0.031208351254463196,-0.21279534179758097,-1.1954997777938843,4.028311252593994,181.42862103613453
1778421205.8449845,0.10913621634244919,3.1537649631500244,0.017398489639163017,-33.48657060050151,-1.3210431337356567,4.028311252593994,180.697421964728
1778421205.8454878,0.11099768429994583,3.1391727924346924,0.0008468927117064595,-32.899217505568686,-1.5070091485977173,4.028311252593994,179.86135216880507
1778421205.845899,0.11223539710044861,3.1227729320526123,0.0008468927117064595,0.0,-1.7021028995513916,1.1884676218032837,178.9217093843081
1778421205.8465078,0.11314741522073746,3.1022865772247314,0.0008468927117064595,0.0,-2.1039936542510986,1.0439363718032837,177.74792771506304
1778421205.8469357,0.1143718734383583,3.0806474685668945,0.0008468927117064595,0.0,-2.2407782077789307,0.9482333064079285,176.508098116544
1778421205.9047275,0.11617349088191986,3.0582380294799805,-0.08069556206464767,-1.4109790517808327,-2.3106606006622314,0.9482333064079285,175.22413183560832
1778421205.9053795,0.11872118711471558,3.0358071327209473,-0.10202214866876602,-32.68442433001755,-2.3159005641937256,0.9482333064079285,173.93893612062203
1778421205.906378,0.12182371318340302,3.0137267112731934,-0.10202214866876602,0.0,-2.2781124114990234,1.0126863718032837,172.6738211617956
1778421205.907001,0.124673031270504,2.9922938346862793,-0.10202214866876602,0.0,-2.2135157585144043,1.0986238718032837,171.44580779054067
1778421205.907121,0.12762928009033203,2.971649408340454,-0.186637744307518,-703.9567965443434,-2.138066530227661,1.0986238718032837,170.2629692904562
1778421205.9075344,0.13060826063156128,2.951521873474121,-0.20634672045707703,-47.67531671359607,-2.0723023414611816,1.0986238718032837,169.1097464906129
1778421205.96519,0.1332596391439438,2.9323649406433105,-0.2243177741765976,-0.3117014522088882,-1.9812592267990112,1.0986238718032837,168.01213509099185
1778421205.9671202,0.1357351392507553,2.9141995906829834,-0.24166974425315857,-8.98879510066625,-1.875421166419983,1.0986238718032837,166.97133720488696
1778421205.967694,0.13847465813159943,2.896862030029297,-0.2583865821361542,-29.093001126215963,-1.7833657264709473,1.0986238718032837,165.97796815237865
1778421205.9684415,0.1412610560655594,2.8805084228515625,-0.2748723328113556,-22.07223244066651,-1.6965785026550293,1.0986238718032837,165.04097548127962
1778421205.9689026,0.14328134059906006,2.8649356365203857,-0.2748723328113556,0.0,-1.6006662845611572,1.7529207468032837,164.1487205492442
1778421205.969346,0.14424258470535278,2.850714921951294,-0.30295807123184204,-63.42759416482654,-1.47001314163208,1.7529207468032837,163.33393362277502
1778421206.025811,0.1441303789615631,2.8377513885498047,-0.31462162733078003,-0.20656477521347985,-1.331959843635559,1.7529207468032837,162.5911778712928
1778421206.0261078,0.14418409764766693,2.826068162918091,-0.31462162733078003,0.0,-1.2140445709228516,2.1201083660125732,161.92177835149656
1778421206.026629,0.14442741870880127,2.815534830093384,-0.33567342162132263,-40.39876236947747,-1.0914123058319092,2.1201083660125732,161.31826283643423
1778421206.0272098,0.14477278292179108,2.8060262203216553,-0.34515854716300964,-16.325517276755086,-0.9833352565765381,2.1201083660125732,160.7734596274773
1778421206.027719,0.1450173705816269,2.797421932220459,-0.3607286810874939,-30.559634261679818,-0.8871158957481384,2.1201083660125732,160.28047023356413
1778421206.0282369,0.1455165445804596,2.789553642272949,-0.3673860728740692,-12.884443036786125,-0.8116265535354614,2.1201083660125732,159.8296504275866
1778421206.0855644,0.14568231999874115,2.7823586463928223,-0.3673860728740692,0.0,-0.7420662641525269,2.5771396160125732,159.41740753004132
1778421206.086354,0.1456281691789627,2.7756757736206055,-0.37401509284973145,-8.386918049040323,-0.682640016078949,2.5771396160125732,159.03450712517042
1778421206.0871873,0.14575372636318207,2.7697360515594482,-0.37934258580207825,-6.3955495527985216,-0.6194472908973694,2.5771396160125732,158.69418611958537
1778421206.0878196,0.1462116539478302,2.764455795288086,-0.3842001259326935,-7.675051703100641,-0.5438971519470215,2.5771396160125732,158.3916497204888
1778421206.088187,0.14689213037490845,2.760031223297119,-0.3882162868976593,-10.922384826559536,-0.46861740946769714,2.5771396160125732,158.13814041925463
1778421206.1443639,0.147492915391922,2.756270408630371,-0.39154133200645447,-0.05919030734014888,-0.40082406997680664,2.5771396160125732,157.92266161131906
1778421206.1448011,0.14800263941287994,2.7532217502593994,-0.394111305475235,-5.859492340570273,-0.3240965008735657,2.5771396160125732,157.74798635348515
1778421206.145529,0.14811621606349945,2.751018762588501,-0.3961132764816284,-2.7503380286634553,-0.24134548008441925,2.5771396160125732,157.62176445762333
1778421206.14581,0.14844641089439392,2.7494289875030518,-0.39702561497688293,-3.24675603648108,-0.16127830743789673,2.5771396160125732,157.53067705485202
1778421206.1464593,0.1493040770292282,2.7486412525177,-0.3971792757511139,-0.2365831789269447,-0.0793546661734581,2.5771396160125732,157.4855431648166
1778421206.1468344,0.15061883628368378,2.748584032058716,-0.3964627981185913,1.9100976402077599,0.003213175805285573,2.5771396160125732,157.48226467401497
1778421206.2053602,0.15223342180252075,2.749387741088867,-0.3949936628341675,0.025102996269041732,0.07639502733945847,2.5771396160125732,157.5283138093992
1778421206.2065554,0.15382280945777893,2.7508175373077393,-0.3931560516357422,1.5367211947708999,0.13555169105529785,2.5771396160125732,157.61023509830434
1778421206.2066207,0.15547782182693481,2.7525460720062256,-0.3909132778644562,33.72591549036882,0.18176279962062836,2.5771396160125732,157.70927284126952
1778421206.2070284,0.15699629485607147,2.7546515464782715,-0.3887440860271454,5.325784201056956,0.20463764667510986,2.5771396160125732,157.82990764239028
1778421206.2074687,0.15838344395160675,2.756892204284668,-0.38318800926208496,12.61597793660057,0.2229158878326416,2.5771396160125732,157.95828787802984
1778421206.2079995,0.159444659948349,2.7595226764678955,-0.38007378578186035,5.86593237374932,0.2566318213939667,2.5771396160125732,158.10900283225536
1778421206.2653134,0.1602804809808731,2.7624056339263916,-0.38007378578186035,0.0,0.2877863049507141,3.4638583660125732,158.27418412714295
1778421206.2653794,0.1612357795238495,2.7654922008514404,-0.3767024576663971,49.72460905137814,0.3264230489730835,3.4638583660125732,158.4510313851329
1778421206.2663028,0.16240334510803223,2.7689876556396484,-0.37281399965286255,4.215130590699855,0.35394078493118286,3.4638583660125732,158.651306191976
1778421206.2670004,0.16387784481048584,2.772675037384033,-0.36870819330215454,5.881401534769531,0.3812936544418335,3.4638583660125732,158.86257760338285
1778421206.26754,0.16547206044197083,2.776545524597168,-0.3645550012588501,7.696797634801406,0.3963964581489563,3.4638583660125732,159.08434018535482
1778421206.2679977,0.16672275960445404,2.780522584915161,-0.3603364825248718,9.214763053954163,0.4055832624435425,3.4638583660125732,159.3122089564448
1778421206.3250077,0.16777096688747406,2.7845237255096436,-0.3561614453792572,0.07323521621583347,0.41401052474975586,3.4638583660125732,159.5414574257471
1778421206.3253243,0.16903574764728546,2.7885727882385254,-0.3518049120903015,13.686877720483455,0.41700315475463867,3.4638583660125732,159.77345163109575
1778421206.326042,0.17029818892478943,2.7927064895629883,-0.34719836711883545,6.435519586109219,0.42695319652557373,3.4638583660125732,160.0102952707551
1778421206.326407,0.17180055379867554,2.7971291542053223,-0.342352956533432,13.209952557899802,0.45190343260765076,3.4638583660125732,160.2636952889626
1778421206.3270416,0.1734926402568817,2.8018288612365723,-0.33717119693756104,8.188621524269918,0.4857839345932007,3.4638583660125732,160.53296866680117
1778421206.3273149,0.1748507022857666,2.8069980144500732,-0.3315279185771942,20.50609869075065,0.5284914970397949,3.4638583660125732,160.82913932959127
1778421206.3856595,0.17617857456207275,2.8126628398895264,-0.3253954350948334,0.10511050955364193,0.5834910869598389,3.4638583660125732,161.15370991895028
1778421206.386122,0.17733201384544373,2.8189001083374023,-0.31859132647514343,14.679846673353536,0.643862783908844,3.4638583660125732,161.51107907670368
1778421206.3870988,0.17835403978824615,2.8258519172668457,-0.31128832697868347,7.4779842161639145,0.7112728357315063,3.4638583660125732,161.90938838834214
1778421206.3877475,0.17867432534694672,2.8331453800201416,-0.3038083612918854,11.544938803793462,0.7545702457427979,3.4638583660125732,162.32727302214187
1778421206.388397,0.1780751794576645,2.8484747409820557,-0.2962516248226166,11.629326664205665,0.7806227207183838,3.4638583660125732,163.20558070789215
1778421206.3888607,0.1774323284626007,2.8565917015075684,-0.2882375717163086,17.29029767472643,0.8132624626159668,3.4638583660125732,163.6706482884783
1778421206.4463704,0.17779645323753357,2.864870548248291,-0.27996498346328735,0.1438480843410638,0.8319761157035828,3.4638583660125732,164.14499126595734
1778421206.4476464,0.17941851913928986,2.8736259937286377,-0.2711447775363922,6.907515006057125,0.8595791459083557,3.4638583660125732,164.64664133973812
1778421206.4486172,0.18146929144859314,2.882930040359497,-0.26186197996139526,9.571868065595197,0.9039630889892578,3.4638583660125732,165.17972394407926
1778421206.4488792,0.1825381964445114,2.8932135105133057,-0.2516650855541229,38.7862101642003,0.9678397178649902,3.4638583660125732,165.76892338264125
1778421206.4501686,0.18204589188098907,2.9046411514282227,-0.24053892493247986,8.630952256510879,1.0582208633422852,3.4638583660125732,166.42367897685702
1778421206.4515946,0.18118739128112793,2.9173238277435303,-0.22836370766162872,8.536823191822505,1.1815165281295776,3.4638583660125732,167.15034280265468
1778421206.504999,0.18036624789237976,2.931142568588257,-0.214445099234581,0.26062955119229375,1.3087713718414307,3.4638583660125732,167.94209833124253
1778421206.5058868,0.17969195544719696,2.9458775520324707,-0.20012933015823364,16.10141632642092,1.4292172193527222,3.4638583660125732,168.78635069379115
1778421206.5059414,0.18000461161136627,2.961385726928711,-0.18454115092754364,282.3944854581058,1.5239628553390503,3.4638583660125732,169.67490366329645
1778421206.5064073,0.18050962686538696,2.977266788482666,-0.16916361451148987,33.048649621024715,1.5948190689086914,3.4638583660125732,170.58482146452553
1778421206.5069335,0.1802670806646347,2.9936118125915527,-0.1522788405418396,32.08203354101771,1.6457841396331787,3.4638583660125732,171.52132236200433
1778421206.5073314,0.1797875463962555,3.009939432144165,-0.13659359514713287,39.4200685501626,1.678694486618042,3.4638583660125732,172.45682605186428
1778421206.5648534,0.17932970821857452,3.0262739658355713,-0.11928818374872208,0.30085118424134494,1.6883686780929565,3.4638583660125732,173.39272589269612
1778421206.5654533,0.17961719632148743,3.0427162647247314,-0.10323279350996017,26.74561085100172,1.6936031579971313,3.4638583660125732,174.33480022453764
1778421206.566605,0.17969495058059692,3.059030055999756,-0.08644235134124756,14.578833425864833,1.688691258430481,3.4638583660125732,175.26951161245387
1778421206.5669866,0.18017734587192535,3.075225353240967,-0.06998134404420853,43.11421538420258,1.6837365627288818,3.4638583660125732,176.19743379233515
1778421206.567826,0.1810162216424942,3.0910749435424805,-0.03838326781988144,37.65261631188513,1.6723527908325195,3.4638583660125732,177.10554842362336
1778421206.568587,0.18226157128810883,3.106821298599243,-0.02248002588748932,20.900567599278236,1.6455440521240234,3.4638583660125732,178.00774811109034
1778421206.6253107,0.18336838483810425,3.122387647628784,-0.02248002588748932,0.0,1.622759461402893,4.569326877593994,178.8996342129106
1778421206.6256585,0.18409554660320282,3.1378087997436523,-0.006794355809688568,45.02201457480382,1.6092687845230103,4.569326877593994,179.7832011443218
1778421206.626095,0.18456712365150452,3.152904510498047,0.009321295656263828,36.95402742687304,1.5879093408584595,4.569326877593994,180.64812165929885
1778421206.6860414,0.18465951085090637,3.167753219604492,0.023979071527719498,0.24451714504284142,1.5640661716461182,4.569326877593994,181.49889002231563
1778421206.6861136,0.18458905816078186,3.182163715362549,0.03881639987230301,202.14342160304994,1.5344094038009644,4.569326877593994,182.32455060994346
1778421206.6864922,0.18451687693595886,3.195931911468506,0.05257820338010788,36.39725889793238,1.486646056175232,4.569326877593994,183.11341013832325
1778421206.6868184,0.18369260430335999,3.2088186740875244,0.06604404002428055,41.28092038764302,1.4198856353759766,4.569326877593994,183.85176724797998
1778421206.687633,0.18204379081726074,3.220750093460083,0.07796282321214676,14.63145486675101,1.3322978019714355,4.569326877593994,184.5353872216282
1778421206.6881373,0.18043513596057892,3.2316715717315674,0.08973591029644012,23.363935692720844,1.2364600896835327,4.569326877593994,185.1611418326281
1778421206.6886072,0.1788462996482849,3.241846799850464,0.09956025332212448,20.889523704027102,1.1279867887496948,3.9833896160125732,185.7441394594237
1778421206.6890984,0.17755988240242004,3.251511573791504,0.09956025332212448,0.0,1.0472074747085571,3.9755771160125732,186.2978902161933
1778421206.6899161,0.17611302435398102,3.260817289352417,0.12381045520305634,29.64572355502506,0.9910634756088257,3.9755771160125732,186.83106844318286
1778421206.7446492,0.17470517754554749,3.270009756088257,0.12845563888549805,0.08487206076768937,0.9587734341621399,3.9755771160125732,187.35775799046087
1778421206.7452507,0.17351007461547852,3.2790634632110596,0.1373947560787201,14.819491499336527,0.9499861598014832,3.9755771160125732,187.876497197545
1778421206.7456694,0.17241469025611877,3.2877228260040283,0.14622938632965088,21.090070417515268,0.9354434013366699,3.9755771160125732,188.37264213885473
1778421206.7460198,0.17122294008731842,3.296041965484619,0.14622938632965088,0.0,0.9006819725036621,3.8935458660125732,188.84929372027324
1778421206.7465923,0.16983464360237122,3.304180383682251,0.14622938632965088,0.0,0.8432806134223938,3.8798739910125732,189.31559073491002
1778421206.7470448,0.16806119680404663,3.3122787475585938,0.14622938632965088,0.0,0.8321564197540283,3.8701083660125732,189.77959280598566
1778421206.805343,0.1667974591255188,3.320277452468872,0.14622938632965088,0.0,0.8224287629127502,3.8740146160125732,190.23788483891516
1778421206.8060796,0.166195809841156,3.3279807567596436,0.14622938632965088,0.0,0.7992651462554932,3.8310458660125732,190.6792516630814
1778421206.8066552,0.16586486995220184,3.3352890014648438,0.14622938632965088,0.0,0.7473004460334778,3.7548739910125732,191.09798324033818
1778421206.807191,0.1657194048166275,3.339533567428589,0.14622938632965088,0.0,0.6624621748924255,3.6689364910125732,191.34117895592567
1778421206.8076806,0.16528388857841492,3.3430187702178955,0.14622938632965088,0.0,0.5638830661773682,3.5576083660125732,191.54086636650015
1778421206.8085668,0.1649501621723175,3.34552264213562,0.14622938632965088,0.0,0.4584917724132538,3.4638583660125732,191.68432765982712
1778421206.8645554,0.16408482193946838,3.3492438793182373,0.14622938632965088,0.0,0.3799225389957428,3.4384677410125732,191.89753884495823
1778421206.8651657,0.16349999606609344,3.352478504180908,0.14622938632965088,0.0,0.33445167541503906,3.3759677410125732,192.08286919789734
1778421206.8666797,0.16342316567897797,3.3550302982330322,0.14622938632965088,0.0,0.26419252157211304,3.3212802410125732,192.22907622727064
1778421206.8671489,0.1633562445640564,3.357046365737915,0.14622938632965088,0.0,0.21032722294330597,3.2802646160125732,192.3445883865139
1778421206.8677266,0.16309300065040588,3.3586132526397705,0.14622938632965088,0.0,0.1615353524684906,3.2412021160125732,192.43436439296454
1778421206.8677738,0.1622900813817978,3.3597912788391113,0.14622938632965088,0.0,0.1246757060289383,3.2119052410125732,192.50186032234262
1778421206.9244785,0.16133300960063934,3.360879421234131,0.14622938632965088,0.0,0.10953143239021301,3.2490146160125732,192.56420628908648
1778421206.9249113,0.16031616926193237,3.3622827529907227,0.14622938632965088,0.0,0.13873401284217834,3.2724521160125732,192.64461127599589
1778421206.925279,0.15966357290744781,3.3629188537597656,0.14622938632965088,0.0,0.14537420868873596,3.2665927410125732,192.68105716540705
1778421206.9256701,0.15898194909095764,3.3631949424743652,0.14622938632965088,0.0,0.14263977110385895,3.2490146160125732,192.69687588352483
1778421206.92609,0.1577039659023285,3.3634448051452637,0.14622938632965088,0.0,0.11666277796030045,3.2275302410125732,192.71119196002516
1778421206.9265268,0.1562797576189041,3.3638885021209717,0.14622938632965088,0.0,0.11255274713039398,3.2626864910125732,192.73661392411594
1778421206.9852738,0.15489770472049713,3.36430025100708,0.14622938632965088,0.0,0.12481841444969177,3.2392489910125732,192.76020539750917
1778421206.9857569,0.153909832239151,3.364306688308716,0.14622938632965088,0.0,0.0895475521683693,3.1865146160125732,192.76057422772436
1778421206.9864957,0.15343080461025238,3.3637285232543945,0.14622938632965088,0.0,0.046088408678770065,3.1591708660125732,192.7274478102498
1778421206.9871845,0.15317615866661072,3.362860679626465,0.14622938632965088,0.0,0.007884861901402473,3.1201083660125732,192.6777240330921
1778421206.9878254,0.15288586914539337,3.3618197441101074,0.14622938632965088,0.0,-0.023916779085993767,3.0927646160125732,192.61808282125955
1778421206.9882393,0.15228301286697388,3.3604774475097656,0.14622938632965088,0.0,-0.04577495902776718,3.0771396160125732,192.5411748912052
1778421207.106011,0.15160182118415833,3.359231472015381,0.14622938632965088,0.0,-0.056543223559856415,3.0751864910125732,192.46978575400024
1778421207.107118,0.15135391056537628,3.357922077178955,0.14622938632965088,0.0,-0.06546162068843842,3.0712802410125732,192.39476295615682
1778421207.1077821,0.15143804252147675,3.3565847873687744,0.14622938632965088,0.0,-0.07200592756271362,3.0673739910125732,192.3181418940476
1778421207.1086502,0.15126794576644897,3.3551790714263916,0.14622938632965088,0.0,-0.08591089397668839,3.0517489910125732,192.2376003033548
1778421207.1093602,0.15102674067020416,3.3537774085998535,0.14622938632965088,0.0,-0.0996403619647026,3.0361239910125732,192.1572909390938
1778421207.1096296,0.15080568194389343,3.3520283699035645,0.14622938632965088,0.0,-0.1202148050069809,3.0029208660125732,192.0570784035914
1778421207.1100836,0.15071073174476624,3.3501009941101074,0.14622938632965088,0.0,-0.14502668380737305,2.9892489910125732,191.94664790509063
1778421207.1109056,0.15102435648441315,3.34793758392334,0.14622938632965088,0.0,-0.16457828879356384,2.9716708660125732,191.82269363203324
1778421207.111463,0.15167319774627686,3.3458385467529297,0.14622938632965088,0.0,-0.17758366465568542,2.9716708660125732,191.70242766112764
1778421207.111937,0.15250451862812042,3.343701124191284,0.14622938632965088,0.0,-0.17773690819740295,2.9677646160125732,191.5799623693093
1778421207.1124353,0.15315717458724976,3.3416953086853027,0.14622938632965088,0.0,-0.17705364525318146,2.9638583660125732,191.46503760633468
1778421207.1129885,0.1536465883255005,3.339602470397949,0.14622938632965088,0.0,-0.1841093897819519,2.9540927410125732,191.34512680526592
1778421207.1649573,0.15421348810195923,3.3374123573303223,0.14622938632965088,0.0,-0.195987731218338,2.9423739910125732,191.21964256983446
1778421207.165032,0.15476728975772858,3.3348467350006104,0.14622938632965088,0.0,-0.21986474096775055,2.9208896160125732,191.07264323851746
1778421207.1663072,0.155459925532341,3.3318986892700195,0.14622938632965088,0.0,-0.2454167753458023,2.8915927410125732,190.90373266034302
1778421207.167611,0.15554878115653992,3.3291304111480713,0.14622938632965088,0.0,-0.27471768856048584,2.8603427410125732,190.745122007437
1778421207.1684947,0.15564388036727905,3.326253890991211,0.2094963788986206,71.63382293476079,-0.30268996953964233,2.8603427410125732,190.58030954276458
1778421207.2253091,0.15593884885311127,3.3230059146881104,0.20608574151992798,-0.060030685249795566,-0.33126935362815857,2.8603427410125732,190.39421420863843
1778421207.2253864,0.15649324655532837,3.3195266723632812,0.20046277344226837,-71.44811753359328,-0.36044272780418396,2.8603427410125732,190.19486830752243
1778421207.2261279,0.15709808468818665,3.3155744075775146,0.19608335196971893,-5.9141411445787915,-0.40796011686325073,2.8603427410125732,189.96842021577982
1778421207.2268474,0.15759660303592682,3.3110604286193848,0.19100436568260193,-7.058068693128018,-0.46195393800735474,2.8603427410125732,189.7097882726681
1778421207.2275453,0.15760891139507294,3.3058629035949707,0.1849258840084076,-8.710922591025067,-0.5422220230102539,2.8603427410125732,189.41199202485558
1778421207.228033,0.15750913321971893,3.2996768951416016,0.17765675485134125,-14.901863235748,-0.6395771503448486,2.8603427410125732,189.05755984844527
1778421207.2847838,0.15761634707450867,3.2922699451446533,0.1689247190952301,-0.15386657357549083,-0.7634115815162659,2.8603427410125732,188.6331728745557
1778421207.2853625,0.15771310031414032,3.2833993434906006,0.15863220393657684,-17.76715930330864,-0.9181920886039734,2.8603427410125732,188.1249248380367
1778421207.2861364,0.15833643078804016,3.272824764251709,0.1458016037940979,-16.58128705726579,-1.0947434902191162,2.8603427410125732,187.51904607752155
1778421207.2865195,0.15935951471328735,3.260375738143921,0.13211168348789215,-35.715940546486856,-1.2774856090545654,2.8603427410125732,186.80576942249712
1778421207.2871964,0.16135071218013763,3.2460575103759766,0.11641506105661392,-23.216421396261545,-1.4775595664978027,2.8603427410125732,185.9853954012869
1778421207.287818,0.16534562408924103,3.2298574447631836,0.11641506105661392,0.0,-1.6683870553970337,1.5009676218032837,185.05720001383884
1778421207.3452778,0.17017394304275513,3.212418794631958,0.11641506105661392,0.0,-1.795880913734436,1.4872957468032837,184.05803896091436
1778421207.3458462,0.17559848725795746,3.19446063041687,0.11641506105661392,0.0,-1.859856128692627,1.5458894968032837,183.02911194358694
1778421207.346327,0.18125763535499573,3.17637038230896,0.11641506105661392,0.0,-1.8657300472259521,1.6064363718032837,181.99261707665917
1778421207.3469071,0.18723568320274353,3.158750295639038,0.11641506105661392,0.0,-1.8143445253372192,1.6845613718032837,180.98306047581792
1778421207.3474221,0.19302920997142792,3.141702890396118,0.11641506105661392,0.0,-1.7555088996887207,1.7665926218032837,180.0063161037494
1778421207.3478794,0.19861534237861633,3.125497341156006,0.11641506105661392,0.0,-1.6783860921859741,1.8505769968032837,179.07780652759956
1778421207.405205,0.203778937458992,3.109938621520996,0.11641506105661392,0.0,-1.5940672159194946,1.9482332468032837,178.18635755788617
1778421207.4058976,0.20869167149066925,3.095364809036255,-0.031227299943566322,-213.0788847365259,-1.5040184259414673,1.9482332468032837,177.35133961109543
1778421207.4067569,0.21233497560024261,3.0820088386535645,-0.031227299943566322,0.0,-1.381920576095581,2.2587802410125732,176.58609887686555
1778421207.4073634,0.21569226682186127,3.0701606273651123,-0.031227299943566322,0.0,-1.2123066186904907,2.4345614910125732,175.90724637525798
1778421207.4092507,0.21879130601882935,3.0603582859039307,-0.031227299943566322,0.0,-1.015660285949707,2.6064364910125732,175.34561358018615
1778421207.4098742,0.22152236104011536,3.0523664951324463,-0.031227299943566322,0.0,-0.8215411305427551,2.7333896160125732,174.8877176982285
1778421207.4644444,0.22396127879619598,3.046091079711914,-0.031227299943566322,0.0,-0.6479418277740479,2.7880771160125732,174.5281628799407
1778421207.4652207,0.22634482383728027,3.04117488861084,-0.031227299943566322,0.0,-0.5093498826026917,2.8388583660125732,174.24648587856936
1778421207.4652705,0.22851364314556122,3.0369873046875,-0.031227299943566322,0.0,-0.43230345845222473,2.8740146160125732,174.00655499340516
1778421207.4658315,0.23054595291614532,3.033324718475342,-0.031227299943566322,0.0,-0.3754587471485138,2.9189364910125732,173.7967042613457
1778421207.4665813,0.2317831814289093,3.0301907062530518,-0.031227299943566322,0.0,-0.32751333713531494,2.9599521160125732,173.61713858806607
1778421207.4672358,0.23246963322162628,3.0274248123168945,-0.031227299943566322,0.0,-0.2835915982723236,2.9912021160125732,173.45866453894342
1778421207.5255334,0.23263221979141235,3.0251424312591553,-0.031227299943566322,0.0,-0.23249396681785583,2.9658114910125732,173.32789373709437
1778421207.5263069,0.23224182426929474,3.0231924057006836,-0.031227299943566322,0.0,-0.2063247412443161,2.9638583660125732,173.21616550265128
1778421207.5267768,0.23180244863033295,3.021012783050537,-0.031227299943566322,0.0,-0.22401992976665497,3.0126864910125732,173.09128232386678
1778421207.5273697,0.23173154890537262,3.0188679695129395,-0.031227299943566322,0.0,-0.21726679801940918,3.0712802410125732,172.9683935603199
1778421207.5277572,0.2321840226650238,3.017380714416504,-0.031227299943566322,0.0,-0.15366463363170624,3.1220614910125732,172.88318012023484
1778421207.5283396,0.23233966529369354,3.0165483951568604,-0.031227299943566322,0.0,-0.080776147544384,3.1904208660125732,172.8354917394498
1778421207.5871608,0.23240813612937927,3.01650333404541,-0.031227299943566322,0.0,-0.011568102985620499,3.2568271160125732,172.83290992794355
1778421207.588063,0.23252759873867035,3.0170769691467285,-0.031227299943566322,0.0,0.06080032140016556,3.3369052410125732,172.86577679822963
1778421207.5893497,0.2336004376411438,3.018340587615967,-0.031227299943566322,0.0,0.1308315247297287,3.3896396160125732,172.93817680343176
1778421207.5901022,0.23513919115066528,3.02044677734375,-0.031227299943566322,0.0,0.20935389399528503,3.4423739910125732,173.05885258568756
1778421207.590936,0.23622137308120728,3.0232062339782715,-0.031227299943566322,0.0,0.2853426933288574,3.4462802410125732,173.216957804595
1778421207.5911279,0.23681531846523285,3.0265862941741943,-0.031227299943566322,0.0,0.34600114822387695,3.4775302410125732,173.41062098832154
1778421207.6449633,0.2374587506055832,3.03011417388916,-0.031227299943566322,0.0,0.37021857500076294,3.4990146160125732,173.61275360661892
1778421207.6450229,0.2384321391582489,3.033999443054199,-0.031227299943566322,0.0,0.3981754183769226,3.4658114910125732,173.83536313204797
1778421207.6455564,0.23959669470787048,3.037963628768921,-0.031227299943566322,0.0,0.40681132674217224,3.4638583660125732,174.06249424270757
1778421207.646352,0.24118101596832275,3.041766405105591,-0.031227299943566322,0.0,0.3869096338748932,3.4697177410125732,174.28037727723097
1778421207.6464658,0.24271608889102936,3.0454657077789307,-0.031227299943566322,0.0,0.38874340057373047,3.4736239910125732,174.49233170755483
1778421207.64704,0.2430424839258194,3.049370288848877,-0.031227299943566322,0.0,0.4020887315273285,3.4677646160125732,174.7160477236294
1778421207.7045221,0.24251045286655426,3.0534374713897705,-0.031227299943566322,0.0,0.41921567916870117,3.4853427410125732,174.9490801177319
1778421207.7048454,0.2422376275062561,3.0578417778015137,-0.031227299943566322,0.0,0.4469008147716522,3.5322177410125732,175.2014282868072
1778421207.7053812,0.24296213686466217,3.062486171722412,-0.031227299943566322,0.0,0.4800049066543579,3.5497958660125732,175.46753245687088
1778421207.705421,0.24455809593200684,3.0674777030944824,-0.031227299943566322,0.0,0.5132854580879211,3.5654208660125732,175.75352613779768
1778421207.7059858,0.246046781539917,3.072874069213867,-0.031227299943566322,0.0,0.5550217032432556,3.5888583660125732,176.06271514114582
1778421207.7068782,0.24611443281173706,3.0788493156433105,-0.031227299943566322,0.0,0.6149415969848633,3.6142489910125732,176.40507154310353
1778421207.764807,0.24527117609977722,3.085284471511841,-0.031227299943566322,0.0,0.6694667339324951,3.6630771160125732,176.77377881487914
1778421207.7650743,0.24485696852207184,3.0922608375549316,-0.01724196784198284,52.08690220212498,0.7185884714126587,3.6630771160125732,177.17349514548664
1778421207.765662,0.24517576396465302,3.0995912551879883,-0.01724196784198284,0.0,0.7551829814910889,3.7646396160125732,177.59349713792906
1778421207.7661314,0.24588029086589813,3.107330322265625,-0.01724196784198284,0.0,0.8004310131072998,3.8154208660125732,178.0369130188463
1778421207.7670496,0.24654556810855865,3.1155877113342285,-0.01724196784198284,0.0,0.8498340845108032,3.8583896160125732,178.51002656227473
1778421207.8248937,0.24600479006767273,3.1242995262145996,0.01589074544608593,0.5728012283836802,0.8958116769790649,3.8583896160125732,179.00917678681927
1778421207.8255131,0.2450965940952301,3.1331238746643066,0.01589074544608593,0.0,0.9217319488525391,3.9052646160125732,179.5147747099403
1778421207.8258932,0.24401432275772095,3.1421024799346924,0.01589074544608593,0.0,0.9217731952667236,3.8994052410125732,180.02921089784732
1778421207.8265207,0.24319733679294586,3.1508138179779053,0.041968535631895065,41.544989504631204,0.9048562049865723,3.8994052410125732,180.52833380163517
1778421207.8269806,0.2423066794872284,3.159299373626709,0.05446275323629379,27.167247983868418,0.8731939792633057,3.8994052410125732,181.01452032713502
1778421207.8275747,0.24079151451587677,3.167365789413452,0.061927225440740585,12.564336661911556,0.8308009505271912,3.8994052410125732,181.4766919075131
1778421207.9454575,0.23847556114196777,3.175109386444092,0.061927225440740585,0.0,0.804700493812561,3.7822177410125732,181.92036733561878
1778421207.9466097,0.235946923494339,3.182767152786255,0.07701011002063751,13.078023652811614,0.7954351902008057,3.7822177410125732,182.35912502752205
1778421207.9470332,0.2318934053182602,3.1981589794158936,0.08463124930858612,17.97438519702298,0.7857967019081116,3.7822177410125732,183.24101173239742
1778421207.947773,0.2303306609392166,3.206066370010376,0.09658801555633545,16.179656407034905,0.7952374815940857,3.7822177410125732,183.6940718404227
1778421207.9483855,0.22866646945476532,3.214054822921753,0.1048060953617096,13.397587228817557,0.8130471706390381,3.7822177410125732,184.15177647708362
1778421207.9492285,0.22655417025089264,3.222175121307373,0.1169685423374176,14.427576206807741,0.8299379944801331,3.7822177410125732,184.61703530296654
1778421207.9494495,0.22410999238491058,3.2304866313934326,0.12501102685928345,36.34200012888276,0.8392505049705505,3.7822177410125732,185.09324975227815
1778421207.950146,0.22211551666259766,3.238976240158081,0.12501102685928345,0.0,0.8595027923583984,3.8798739910125732,185.5796685042098
1778421207.9516807,0.22034919261932373,3.247205972671509,0.12953367829322815,2.9469286991230543,0.8693790435791016,3.8798739910125732,186.0511974437508
1778421207.9521399,0.21841727197170258,3.255094051361084,0.12953367829322815,0.0,0.8493726253509521,3.8544833660125732,186.50315106113052
1778421207.952747,0.21634531021118164,3.262730360031128,0.1489330232143402,31.948855481794215,0.8169054388999939,3.8544833660125732,186.9406793189832
1778421207.9532201,0.2145804911851883,3.270220994949341,0.15607988834381104,15.106457888460783,0.7873722910881042,3.8544833660125732,187.36986108567012
1778421207.9532645,0.21286968886852264,3.2775139808654785,0.16366706788539886,170.11605897764684,0.772031307220459,3.8544833660125732,187.78771839871317
1778421208.0036387,0.2108943909406662,3.2843000888824463,0.17049697041511536,0.13558630564357887,0.7508147358894348,3.8544833660125732,188.17653374740533
1778421208.003983,0.20901857316493988,3.2905142307281494,0.1767817586660385,18.2062227225368,0.7041875720024109,3.8544833660125732,188.53257784845974
1778421208.0046568,0.20659078657627106,3.296095848083496,0.18216200172901154,7.989668874996499,0.6395400762557983,3.8544833660125732,188.85238096577808
1778421208.00525,0.20396225154399872,3.300689697265625,0.18724654614925385,8.57138295739169,0.5746365785598755,3.8544833660125732,189.11558913563368
1778421208.0061226,0.201870858669281,3.3047614097595215,0.1917201578617096,5.126761192859509,0.5097745656967163,3.8544833660125732,189.34888107692464
1778421208.065442,0.19984017312526703,3.308532953262329,0.19558444619178772,0.06514507063693138,0.4652349352836609,3.8544833660125732,189.56497460188552
1778421208.0658565,0.198575958609581,3.3104820251464844,0.19777023792266846,5.253044343928242,0.3861810266971588,3.8544833660125732,189.67664819481521
1778421208.0663376,0.19884364306926727,3.312058687210083,0.19941484928131104,3.4191504658367617,0.20592401921749115,3.8544833660125732,189.7669842767778
1778421208.0663927,0.1993682086467743,3.313803195953369,0.20109371840953827,30.46948746634045,0.16195687651634216,3.8544833660125732,189.86693726509176
1778421208.068012,0.19881729781627655,3.315217971801758,0.2026132345199585,0.9387842114757056,0.17276127636432648,3.8544833660125732,189.9479979501615
1778421208.0686703,0.19708393514156342,3.3166489601135254,0.20402933657169342,2.151149988133878,0.15524984896183014,3.8544833660125732,190.02998754095833
1778421208.1243997,0.19445858895778656,3.3179118633270264,0.20524220168590546,0.021763704115914623,0.14529836177825928,3.8544833660125732,190.10234656502544
1778421208.1247516,0.19248917698860168,3.319242000579834,0.20647525787353516,3.4901110814095877,0.12813468277454376,3.8544833660125732,190.17855781578444
1778421208.1253614,0.19058974087238312,3.320279836654663,0.2077411413192749,2.0837587642652484,0.13180766999721527,3.8544833660125732,190.23802144269857
1778421208.1257694,0.1883835792541504,3.3214170932769775,0.20878633856773376,2.5480185875702808,0.1308373361825943,3.8544833660125732,190.3031814473805
1778421208.1262116,0.18600261211395264,3.322479248046875,0.20989516377449036,2.5086543731732736,0.11702970415353775,3.8544833660125732,190.3640384328853
1778421208.1272984,0.18388547003269196,3.3234078884124756,0.2106689214706421,0.7122872979664238,0.10723309963941574,3.8544833660125732,190.4172456065197
1778421208.185883,0.18256452679634094,3.3237106800079346,0.21159404516220093,0.01579162100139007,0.09839313477277756,3.8544833660125732,190.43459428701152
1778421208.1868606,0.18121741712093353,3.3237459659576416,0.21230491995811462,0.726717233109365,0.09204710274934769,3.8544833660125732,190.43661602300585
1778421208.1878297,0.1802906095981598,3.3237404823303223,0.2134227603673935,1.1525316191710195,0.07957573235034943,3.8544833660125732,190.43630183430403
1778421208.2454398,0.17978522181510925,3.3235950469970703,0.21350960433483124,0.0015074617582799183,0.06901589035987854,3.8544833660125732,190.4279690035166
1778421208.2460198,0.1791558414697647,3.3232028484344482,0.21350960433483124,0.0,0.045802585780620575,3.1357333660125732,190.40549768114727
1778421208.2467396,0.17879901826381683,3.322864294052124,0.21333760023117065,-0.2387950957357655,-0.0017548343166708946,3.1357333660125732,190.38609994390444
1778421208.247402,0.17833879590034485,3.322356700897217,0.21299195289611816,-0.5219681836507059,-0.006240230984985828,3.1357333660125732,190.35701699841852
1778421208.2486749,0.17778947949409485,3.3213484287261963,0.21222347021102905,-0.6040580787276232,-0.034543465822935104,3.1357333660125732,190.29924725841857
1778421208.2491782,0.17709223926067352,3.3199212551116943,0.2110368013381958,-2.354501750503023,-0.08191446214914322,3.1357333660125732,190.21747623367517
1778421208.250369,0.17669528722763062,3.3182015419006348,0.20959624648094177,-1.2096354327999066,-0.15184824168682098,3.1357333660125732,190.11894392470856
1778421208.2510579,0.17664311826229095,3.3164401054382324,0.20651115477085114,-4.476337302411091,-0.15888909995555878,3.1357333660125732,190.01802104953245
1778421208.2521381,0.1771910935640335,3.3147060871124268,0.20521412789821625,-1.2007284633336324,-0.15292926132678986,3.1357333660125732,189.91866911786545
1778421208.3058262,0.1777665764093399,3.313239812850952,0.20521412789821625,0.0,-0.14073657989501953,3.0322177410125732,189.8346577910743
1778421208.3069103,0.1777896136045456,3.31209135055542,0.20411477982997894,-1.0141587179515887,-0.11150846630334854,3.0322177410125732,189.76885574861038
1778421208.3074183,0.17741884291172028,3.3112528324127197,0.2033105045557022,-1.5816622860203113,-0.07947740703821182,3.0322177410125732,189.72081219798852
1778421208.3080316,0.17717154324054718,3.3106606006622314,0.20275533199310303,-0.9053695002385214,-0.051460448652505875,3.0322177410125732,189.6868798181919
1778421208.3084886,0.17698480188846588,3.3103017807006836,0.20236457884311676,-0.8548526258103913,-0.036815300583839417,3.0322177410125732,189.66632094879017
1778421208.3096821,0.17665860056877136,3.309929847717285,0.20209044218063354,-0.2296913789358206,-0.026585135608911514,3.0322177410125732,189.64501075857973
1778421208.3640058,0.1761762797832489,3.3095624446868896,0.20168036222457886,-0.007548961228953898,-0.03500201925635338,3.0322177410125732,189.62396011555774
1778421208.364972,0.17574548721313477,3.3089234828948975,0.20014651119709015,-1.5861954783602787,-0.05284963548183441,3.0322177410125732,189.58735030160648
1778421208.3650358,0.17553117871284485,3.307900905609131,0.19905665516853333,-16.923231411169816,-0.08322678506374359,3.0322177410125732,189.5287609389061
1778421208.3655226,0.17536742985248566,3.3066065311431885,0.19905665516853333,0.0,-0.11426688730716705,2.9990146160125732,189.4545987448981
1778421208.3664072,0.1746336966753006,3.304640769958496,0.19745108485221863,-1.8154345271925831,-0.17285025119781494,2.9990146160125732,189.3419689254846
1778421208.3695104,0.17319956421852112,3.30257511138916,0.19527138769626617,-0.7026294769585136,-0.2151004672050476,2.9990146160125732,189.22361540754662
1778421208.424499,0.17114655673503876,3.3001062870025635,0.19261786341667175,-0.048254932823835514,-0.24987967312335968,2.9990146160125732,189.08216218983566
1778421208.4249008,0.16880276799201965,3.2973103523254395,0.1897573322057724,-7.110442849171626,-0.293793648481369,2.9990146160125732,188.92196693304217
1778421208.4253762,0.1669042408466339,3.2941246032714844,0.18641923367977142,-7.023140454674961,-0.32966795563697815,2.9990146160125732,188.73943695766275
1778421208.4258153,0.1654445081949234,3.290154218673706,0.1824980080127716,-8.93217700300154,-0.4011259377002716,2.9990146160125732,188.5119506771663
1778421208.4262295,0.1648954153060913,3.285987615585327,0.1779116690158844,-11.064749947198843,-0.44324037432670593,2.9990146160125732,188.27322190529603
1778421208.4266558,0.16478188335895538,3.281329393386841,0.17349299788475037,-10.374902562988881,-0.4726014733314514,2.9990146160125732,188.0063254332886
1778421208.4856668,0.16422873735427856,3.2763121128082275,0.16812466084957123,-0.09097257331718527,-0.5204510688781738,2.9990146160125732,187.7188564315011
1778421208.4866338,0.16360649466514587,3.270864248275757,0.16278447210788727,-5.521857861418279,-0.560081422328949,2.9990146160125732,187.40671678643153
1778421208.4872797,0.16330647468566895,3.2648611068725586,0.15053164958953857,-18.99073476974775,-0.6143594980239868,2.9990146160125732,187.06276212020802
1778421208.4876685,0.16358335316181183,3.25848650932312,0.1436287760734558,-17.736057567556855,-0.6567902565002441,2.9990146160125732,186.69752458453075
1778421208.4881666,0.16387753188610077,3.251640796661377,0.1436287760734558,0.0,-0.711323618888855,2.4579989910125732,186.3052941412536
1778421208.4889102,0.16415950655937195,3.244166374206543,0.13620728254318237,-9.98317646731809,-0.7696746587753296,2.4579989910125732,185.8770412802938
1778421208.5457404,0.16443584859371185,3.2359304428100586,0.13620728254318237,0.0,-0.8528701066970825,2.3095614910125732,185.40515717091597
1778421208.54582,0.16490872204303741,3.2268483638763428,0.13620728254318237,0.0,-0.9461889863014221,2.2158114910125732,184.88479237880938
1778421208.5464177,0.16597846150398254,3.2165660858154297,0.13620728254318237,0.0,-1.0489271879196167,2.1298739910125732,184.2956612421391
1778421208.5472238,0.16810816526412964,3.2052454948425293,0.13620728254318237,0.0,-1.1679139137268066,2.0087802410125732,183.647039157798
1778421208.5477657,0.17026807367801666,3.1926822662353516,0.13620728254318237,0.0,-1.306234359741211,1.8876863718032837,182.9272191815487
1778421208.548365,0.172313392162323,3.1786177158355713,0.13620728254318237,0.0,-1.4408096075057983,1.7802644968032837,182.12137980289225
1778421208.6054852,0.17399375140666962,3.163344144821167,0.05547962710261345,-1.4133116618635202,-1.5805093050003052,1.7802644968032837,181.24626864567355
1778421208.6068435,0.175449937582016,3.146378993988037,0.05547962710261345,0.0,-1.7573325634002686,1.4619051218032837,180.27423710413234
1778421208.6075437,0.1767333298921585,3.127206325531006,0.05547962710261345,0.0,-1.9700618982315063,1.2314363718032837,179.17572411954086
1778421208.6089177,0.17741994559764862,3.1055567264556885,0.05547962710261345,0.0,-2.2359445095062256,1.0029207468032837,177.93529346437484
1778421208.609419,0.17694346606731415,3.0816264152526855,0.05547962710261345,0.0,-2.4777181148529053,0.8681551814079285,176.56418763000815
1778421208.6105716,0.1759626269340515,3.056138753890991,0.05547962710261345,0.0,-2.6347126960754395,0.7665926814079285,175.1038522043244
1778421208.6662867,0.1759183704853058,3.029710531234741,0.05547962710261345,0.0,-2.7318525314331055,0.7509676814079285,173.58962658608925
1778421208.6675367,0.17561854422092438,3.0031323432922363,0.05547962710261345,0.0,-2.750384569168091,0.8290926814079285,172.06680858987824
1778421208.6680593,0.17714542150497437,2.977080821990967,0.05547962710261345,0.0,-2.686225414276123,0.9892489314079285,170.5741663694203
1778421208.6695652,0.18037541210651398,2.9524424076080322,0.05547962710261345,0.0,-2.5381503105163574,1.1806551218032837,169.16248921138373
1778421208.670563,0.1831812858581543,2.92971134185791,0.05547962710261345,0.0,-2.3461742401123047,1.3447176218032837,167.86009508006737
1778421208.6712847,0.18540741503238678,2.9087164402008057,0.05547962710261345,0.0,-2.1687397956848145,1.4716707468032837,166.65717582382305
1778421208.7244391,0.1854100525379181,2.8890981674194336,0.05547962710261345,0.0,-2.0146992206573486,1.5751863718032837,165.53313159211407
1778421208.724513,0.18415634334087372,2.870858907699585,0.05547962710261345,0.0,-1.8915746212005615,1.6318269968032837,164.48809898872378
1778421208.725186,0.18210095167160034,2.853536605834961,0.05547962710261345,0.0,-1.787729024887085,1.6826082468032837,163.49560420042923
1778421208.7257507,0.1805071234703064,2.8371825218200684,0.05547962710261345,0.0,-1.6974449157714844,1.7431551218032837,162.5585842085735
1778421208.7262905,0.1795313060283661,2.8215906620025635,0.05547962710261345,0.0,-1.6044328212738037,1.8369051218032837,161.66523644627085
1778421208.7863436,0.17961914837360382,2.8071324825286865,0.05547962710261345,0.0,-1.4988198280334473,1.9658113718032837,160.83684378297505
1778421208.786928,0.1805286854505539,2.793898820877075,-0.325860857963562,-652.3101026584602,-1.3660643100738525,1.9658113718032837,160.07861082283358
1778421208.787119,0.1818588227033615,2.782973527908325,-0.33873412013053894,-67.36400926814603,-1.1253865957260132,1.9658113718032837,159.45263764578024
1778421208.7880397,0.18490035831928253,2.774757146835327,-0.3457559645175934,-7.627465151513954,-0.8434540033340454,1.9658113718032837,158.9818736874263
1778421208.7880921,0.18708863854408264,2.7674472332000732,-0.3457559645175934,0.0,-0.7559726238250732,2.6337802410125732,158.56304648752112
1778421208.7891746,0.1878974586725235,2.761910915374756,-0.3542342185974121,-7.841522482426463,-0.5729401111602783,2.6337802410125732,158.24583884208738
1778421208.8442419,0.18892091512680054,2.7591090202331543,-0.3545703887939453,-0.00610467109483884,-0.29250189661979675,2.6337802410125732,158.08530207583541
1778421208.8452656,0.1910536289215088,2.7586123943328857,-0.35289692878723145,1.6356759086619326,-0.044499848037958145,2.6337802410125732,158.05684750775313
1778421208.8456154,0.19413022696971893,2.760159969329834,-0.34917712211608887,10.615886904372319,0.15759658813476562,2.6337802410125732,158.14551702355823
1778421208.8465838,0.19747258722782135,2.7636702060699463,-0.33638185262680054,13.21415817329057,0.35841864347457886,2.6337802410125732,158.34663877385842
1778421208.847425,0.20034947991371155,2.7689456939697266,-0.327958881855011,10.013041782056733,0.5492756366729736,2.6337802410125732,158.64890196538818
1778421208.8479502,0.20195524394512177,2.7760026454925537,-0.327958881855011,0.0,0.7336206436157227,4.053701877593994,159.0532355038746
1778421208.9036863,0.2022436112165451,2.7848308086395264,-0.3070601522922516,0.3749579188872535,0.9048794507980347,4.053701877593994,159.55905199304905
1778421208.9041903,0.20228877663612366,2.7950658798217773,-0.2957664132118225,22.408212639054522,1.0533641576766968,4.053701877593994,160.14547837480802
1778421208.9049454,0.20292119681835175,2.806014060974121,-0.2957664132118225,0.0,1.1355494260787964,4.161123752593994,160.772762948182
1778421208.9054632,0.203478142619133,2.8172450065612793,-0.27372339367866516,42.55409289763138,1.157707929611206,4.161123752593994,161.41624873026723
1778421208.9058187,0.2038489431142807,2.828324317932129,-0.26356449723243713,28.60855118245889,1.1470412015914917,4.161123752593994,162.0510465117282
1778421208.9066424,0.20388783514499664,2.839313268661499,-0.26356449723243713,0.0,1.1345934867858887,4.092764377593994,162.68066700979833
1778421208.964637,0.20387467741966248,2.85015606880188,-0.2426912635564804,0.359921193010433,1.1137809753417969,4.092764377593994,163.301913695946
1778421208.964772,0.20452752709388733,2.8605968952178955,-0.23239997029304504,75.67128076553352,1.0767197608947754,4.092764377593994,163.9001289842124
1778421208.9650402,0.20593494176864624,2.8706815242767334,-0.23239997029304504,0.0,1.0399729013442993,4.012686252593994,164.4779356672388
1778421208.9654396,0.20712898671627045,2.8804659843444824,-0.22287824749946594,23.83410043845159,1.0159741640090942,4.012686252593994,165.0385439339351
1778421208.965902,0.2080560326576233,2.890359401702881,-0.21297164261341095,21.410427599866175,1.0124202966690063,4.012686252593994,165.6053949935328
1778421208.9673095,0.2087971717119217,2.900038957595825,-0.20367148518562317,6.614150807724957,0.9970219135284424,4.012686252593994,166.1599926937595
1778421209.0249019,0.20917604863643646,2.909553050994873,-0.20367148518562317,0.0,0.9901572465896606,3.9267489910125732,166.70511009141822
1778421209.025354,0.20914985239505768,2.9189131259918213,-0.20367148518562317,0.0,0.9625187516212463,3.8974521160125732,167.24140288466927
1778421209.0257576,0.20868730545043945,2.9278948307037354,-0.17693763971328735,66.2056615961037,0.9274054765701294,3.8974521160125732,167.7560166574947
1778421209.02609,0.20795035362243652,2.9364330768585205,-0.17693763971328735,0.0,0.8827420473098755,3.8525302410125732,168.2452221266077
1778421209.0266109,0.20678302645683289,2.94464111328125,-0.17693763971328735,0.0,0.849616289138794,3.8369052410125732,168.71550797171977
1778421209.0272255,0.2054564207792282,2.952458143234253,-0.17693763971328735,0.0,0.8281793594360352,3.8290927410125732,169.16339079635418
1778421209.0869615,0.2038620412349701,2.9602251052856445,-0.17693763971328735,0.0,0.8220362067222595,3.8271396160125732,169.6084049415372
1778421209.1447089,0.20261085033416748,2.968052387237549,-0.17693763971328735,0.0,0.8150853514671326,3.8154208660125732,170.05687516244024
1778421209.1453817,0.20149442553520203,2.9757628440856934,-0.17693763971328735,0.0,0.8080204129219055,3.8290927410125732,170.49865179795665
1778421209.1456528,0.1990906149148941,2.9837493896484375,-0.17693763971328735,0.0,0.8174790740013123,3.8310458660125732,170.95624715159084
1778421209.145953,0.19656001031398773,2.991732120513916,-0.17693763971328735,0.0,0.8269729018211365,3.8310458660125732,171.41362393917157
1778421209.1463814,0.1945287138223648,2.9997196197509766,-0.17693763971328735,0.0,0.8234227895736694,3.8251864910125732,171.8712739343191
1778421209.147168,0.19220156967639923,3.015397071838379,-0.17693763971328735,0.0,0.816423773765564,3.8037021160125732,172.7695257724458
1778421209.1477358,0.19220156967639923,3.015397071838379,-0.17693763971328735,0.0,0.8036544919013977,3.7685458660125732,172.7695257724458
1778421209.148493,0.19267337024211884,3.0229291915893555,-0.17693763971328735,0.0,0.774639904499054,3.7372958660125732,173.2010844449639
1778421209.1489403,0.193507120013237,3.0373871326446533,-0.17693763971328735,0.0,0.755498468875885,3.7119052410125732,174.0294634478814
1778421209.1495795,0.19366008043289185,3.04423189163208,-0.17693763971328735,0.0,0.7335261702537537,3.6884677410125732,174.42163924964518
1778421209.1505818,0.19356906414031982,3.051027536392212,-0.17693763971328735,0.0,0.7134072780609131,3.7079989910125732,174.81100101347093
1778421209.2052574,0.19434580206871033,3.057860851287842,-0.17693763971328735,0.0,0.6981886029243469,3.7236239910125732,175.2025211170744
1778421209.2060843,0.1947232335805893,3.0647506713867188,-0.17693763971328735,0.0,0.703684389591217,3.7587802410125732,175.59727873034444
1778421209.207714,0.19439303874969482,3.0718424320220947,-0.17693763971328735,0.0,0.7259188890457153,3.8017489910125732,176.0036066840685
1778421209.2082675,0.19392603635787964,3.079348564147949,-0.17693763971328735,0.0,0.7534735798835754,3.8349521160125732,176.43367637534755
1778421209.2097192,0.19340084493160248,3.0871074199676514,-0.17693763971328735,0.0,0.7928449511528015,3.8447177410125732,176.878226067667
1778421209.2103965,0.19314469397068024,3.0951380729675293,-0.17693763971328735,0.0,0.8191561102867126,3.8349521160125732,177.33834859129408
1778421209.2645137,0.1930437535047531,3.1032092571258545,-0.17693763971328735,0.0,0.8270044326782227,3.8193271160125732,177.80079337923894
1778421209.2651072,0.19274471700191498,3.110879898071289,-0.00017277896404266357,297.58393468591015,0.8227407932281494,3.8193271160125732,178.24028873157258
1778421209.2653723,0.19234387576580048,3.118293046951294,-0.00017277896404266357,0.0,0.797713041305542,3.7529208660125732,178.665030875299
1778421209.2657197,0.1921614557504654,3.1255605220794678,-0.00017277896404266357,0.0,0.77279132604599,3.7587802410125732,179.08142652785966
1778421209.2661989,0.1922597885131836,3.132660388946533,-0.00017277896404266357,0.0,0.7400736808776855,3.7490146160125732,179.48821893444727
1778421209.2668931,0.19249054789543152,3.139690637588501,-0.00017277896404266357,0.0,0.7362188100814819,3.7451083660125732,179.89102251055962
1778421209.3258002,0.19268390536308289,3.1466116905212402,-0.00017277896404266357,0.0,0.7267002463340759,3.7568271160125732,180.28756963339222
1778421209.3265812,0.19234533607959747,3.153597593307495,-0.00017277896404266357,0.0,0.7160711884498596,3.7724521160125732,180.6878323791333
1778421209.3273094,0.19135238230228424,3.160083532333374,-0.00017277896404266357,0.0,0.7211574912071228,3.7802646160125732,181.05944931149534
1778421209.3278792,0.19014182686805725,3.166938543319702,-0.00017277896404266357,0.0,0.7387513518333435,3.7822177410125732,181.45221250952775
1778421209.32793,0.18901164829730988,3.1742866039276123,-0.00017277896404266357,0.0,0.7502287030220032,3.7900302410125732,181.87322536996734
1778421209.3286836,0.18792541325092316,3.181518793106079,-0.00017277896404266357,0.0,0.75222247838974,3.8173739910125732,182.2875992865337
1778421209.3853428,0.18735770881175995,3.188809633255005,-0.00017277896404266357,0.0,0.7475826144218445,3.8232333660125732,182.70533365617166
1778421209.3865097,0.18725113570690155,3.196256160736084,-0.00017277896404266357,0.0,0.7569058537483215,3.8037021160125732,183.13198825286568
1778421209.3871117,0.1868974268436432,3.203258991241455,-0.00017277896404266357,0.0,0.7570360898971558,3.7939364910125732,183.53322088546892
1778421209.3876908,0.1864161640405655,3.210198402404785,-0.00017277896404266357,0.0,0.7249718904495239,3.7685458660125732,183.9308198574337
1778421209.3883903,0.18578287959098816,3.2166616916656494,-0.00017277896404266357,0.0,0.7247738838195801,3.7275302410125732,184.30113905385343
1778421209.38845,0.18482767045497894,3.222707986831665,-0.00017277896404266357,0.0,0.6593421101570129,3.7197177410125732,184.6475662485565
1778421209.4452305,0.18398188054561615,3.228459596633911,-0.00017277896404266357,0.0,0.6309763789176941,3.6630771160125732,184.97710921563126
1778421209.4454224,0.18311001360416412,3.2340197563171387,-0.00017277896404266357,0.0,0.5879652500152588,3.6728427410125732,185.295682898899
1778421209.44637,0.18240486085414886,3.239549160003662,-0.00017277896404266357,0.0,0.5781492590904236,3.6728427410125732,185.61249439336086
1778421209.4470618,0.18159456551074982,3.244464874267578,-0.00017277896404266357,0.0,0.5693182349205017,3.6220614910125732,185.89414407397553
1778421209.4475417,0.18096107244491577,3.249023199081421,-0.00017277896404266357,0.0,0.5304253697395325,3.5927646160125732,186.15531684745847
1778421209.5052347,0.1804289072751999,3.2533085346221924,-0.00017277896404266357,0.0,0.49790021777153015,3.5537021160125732,186.40084848774208
1778421209.5065932,0.18003477156162262,3.2574028968811035,-0.00017277896404266357,0.0,0.4699387550354004,3.5361239910125732,186.63543816497534
1778421209.5066576,0.1795046627521515,3.261256456375122,-0.00017277896404266357,0.0,0.4441509544849396,3.5126864910125732,186.85623086008516
1778421209.507306,0.17825216054916382,3.2654685974121094,-0.00017277896404266357,0.0,0.4200919568538666,3.5126864910125732,187.0975687642184
1778421209.5080993,0.17720037698745728,3.269279718399048,-0.00017277896404266357,0.0,0.4007592797279358,3.4990146160125732,187.31592991198372
1778421209.5087757,0.17636243999004364,3.2724757194519043,-0.00017277896404266357,0.0,0.32973089814186096,3.4345614910125732,187.49904728363174
1778421209.5096102,0.17520606517791748,3.275259494781494,-0.00017277896404266357,0.0,0.2917955219745636,3.4072177410125732,187.65854586112988
1778421209.5651877,0.17370450496673584,3.277890682220459,-0.00017277896404266357,0.0,0.2746608257293701,3.3954989910125732,187.80930179649042
1778421209.5658216,0.1716499775648117,3.2796995639801025,-0.00017277896404266357,0.0,0.20762275159358978,3.3447177410125732,187.91294308695618
1778421209.5659683,0.16956867277622223,3.2801740169525146,-0.00017277896404266357,0.0,0.07867433875799179,3.1943271160125732,187.94012723985284
1778421209.5662947,0.16771315038204193,3.2797021865844727,-0.00017277896404266357,0.0,-0.02035379223525524,3.1142489910125732,187.91309335111794
1778421209.5667267,0.16601112484931946,3.278592824935913,-0.00017277896404266357,0.0,-0.12242615967988968,3.0263583660125732,187.84953161070177
1778421209.6245642,0.16428810358047485,3.2762389183044434,-0.00017277896404266357,0.0,-0.23707358539104462,2.9130771160125732,187.7146626953507
1778421209.6261325,0.1625850349664688,3.2727975845336914,-0.00017277896404266357,0.0,-0.3548651337623596,2.8037021160125732,187.5174887943908
1778421209.6262014,0.16078521311283112,3.2682106494903564,-0.00017277896404266357,0.0,-0.470481276512146,2.6923739910125732,187.25467677550705
1778421209.6265628,0.15907222032546997,3.2623331546783447,-0.00017277896404266357,0.0,-0.6095689535140991,2.5751864910125732,186.91792112866872
1778421209.6273336,0.15804053843021393,3.2551658153533936,-0.00017277896404266357,0.0,-0.7379952073097229,2.4501864910125732,186.5072628350109
1778421209.6278293,0.15715308487415314,3.2474489212036133,-0.00017277896404266357,0.0,-0.8032928705215454,2.4052646160125732,186.06511736927928
1778421209.684777,0.156489759683609,3.239069700241089,-0.00017277896404266357,0.0,-0.8615505695343018,2.3447177410125732,185.5850233725191
1778421209.6857297,0.15605506300926208,3.2300033569335938,-0.00017277896404266357,0.0,-0.9319609999656677,2.2861239910125732,185.06556016538292
1778421209.6862936,0.15672260522842407,3.2191951274871826,0.11832687258720398,210.21758864767813,-1.0284019708633423,2.2861239910125732,184.44629423409455
1778421209.686969,0.15763090550899506,3.2077383995056152,0.09346570074558258,-36.7714420351864,-1.1808104515075684,2.2861239910125732,183.7898720737213
1778421209.6874564,0.15806955099105835,3.19478702545166,0.08648648858070374,-14.342811416811642,-1.3455897569656372,2.2861239910125732,183.04781300153445
1778421209.6880217,0.15842175483703613,3.1802008152008057,0.07950925081968307,-12.329453508341006,-1.4984689950942993,2.2861239910125732,182.21208471507003
1778421209.7449915,0.15883949398994446,3.164026975631714,0.07950925081968307,0.0,-1.668302297592163,1.6337801218032837,181.28539196923938
1778421209.7454762,0.15997426211833954,3.1461427211761475,0.07950925081968307,0.0,-1.8393056392669678,1.4892488718032837,180.26069966919738
1778421209.7459037,0.16151048243045807,3.1269264221191406,0.024804938584566116,-128.0231991519363,-1.993970274925232,1.4892488718032837,179.15968683536966
1778421209.746404,0.16391858458518982,3.1066339015960693,0.005366611760109663,-38.86110950295929,-2.0953257083892822,1.4892488718032837,177.99701105371508
1778421209.7468846,0.16672974824905396,3.0857512950897217,-0.016438471153378487,-45.361105100369166,-2.151252508163452,1.4892488718032837,176.8005258356689
1778421209.7473571,0.16946913301944733,3.0646307468414307,-0.036727190017700195,-42.91184008159906,-2.1777772903442383,1.4892488718032837,175.5904075600394
1778421209.8062015,0.17146939039230347,3.0436060428619385,-0.057592447847127914,-0.3545974366936638,-2.178215980529785,1.4892488718032837,174.3857807565026
1778421209.8071191,0.17311333119869232,3.022869110107422,-0.07853798568248749,-22.818975633952384,-2.139080762863159,1.4892488718032837,173.19764202962222
1778421209.8082836,0.17394566535949707,3.002687931060791,-0.09867238998413086,-17.28126717743627,-2.084740400314331,1.4892488718032837,172.0413456446524
1778421209.8091648,0.1734432578086853,2.9834139347076416,-0.11829018592834473,-22.239877658990935,-1.9908162355422974,1.4892488718032837,170.9370269992664
1778421209.8098214,0.17156337201595306,2.965409278869629,-0.13785073161125183,-29.85886939328666,-1.8559370040893555,1.4892488718032837,169.9054362081627
1778421209.810625,0.16898185014724731,2.9487862586975098,-0.1540597826242447,-20.127966215414535,-1.7121777534484863,1.4892488718032837,168.95300730953946
1778421209.9247243,0.16757196187973022,2.9338276386260986,-0.1696031093597412,-0.13622738562783399,-1.5619685649871826,1.4892488718032837,168.0959415121079
1778421209.9248497,0.16696690022945404,2.9200644493103027,-0.18302661180496216,-106.11464148107895,-1.4137580394744873,1.4892488718032837,167.30736885167326
1778421209.9252863,0.16714072227478027,2.9078197479248047,-0.19595375657081604,-29.608668275132118,-1.266032338142395,1.4892488718032837,166.60579914088623
1778421209.9255462,0.16645731031894684,2.8968653678894043,-0.20675183832645416,-41.515116088588435,-1.125404715538025,1.4892488718032837,165.97815939767543
1778421209.9262326,0.16519252955913544,2.8873631954193115,-0.2169075906276703,-14.804303972969922,-0.9788148403167725,1.4892488718032837,165.4337250189337
1778421209.985842,0.16353414952754974,2.879323720932007,-0.2249414175748825,-0.13477834149123305,-0.8393906950950623,1.4892488718032837,164.97309706130804
1778421209.9866858,0.16165895760059357,2.8726375102996826,-0.23217874765396118,-8.562860916162546,-0.6890419721603394,1.4892488718032837,164.59000541114037
1778421209.9879298,0.16053506731987,2.8675246238708496,-0.23725388944149017,-4.079040221999399,-0.5278373956680298,1.4892488718032837,164.2970585976385
1778421209.9885252,0.16163979470729828,2.8682353496551514,-0.24066044390201569,-5.733009733227791,-0.34063711762428284,1.4892488718032837,164.33778018547014
1778421209.9892972,0.1619287133216858,2.8667454719543457,-0.24215063452720642,-1.932301138604352,-0.1499181091785431,1.4892488718032837,164.25241648122332
1778421209.9899235,0.16234616935253143,2.8670995235443115,-0.24185076355934143,0.4775775824029131,0.02968428283929825,1.4892488718032837,164.27270214305824
1778421209.9905732,0.1627882868051529,2.8688888549804688,-0.24002406001091003,2.8150771567714687,0.1837064027786255,1.4892488718032837,164.37522328250014
1778421209.9906554,0.16333931684494019,2.871812582015991,-0.23694221675395966,36.732339802315956,0.31122270226478577,1.4892488718032837,164.5427405020839
1778421209.991282,0.1643778383731842,2.8761398792266846,-0.23250170052051544,7.088946770283242,0.4431505799293518,1.4892488718032837,164.79067636895533
1778421209.9915578,0.1665753424167633,2.8817331790924072,-0.22661440074443817,21.31534979389178,0.5746143460273743,1.4892488718032837,165.11114884481233
1778421209.9919758,0.16976721584796906,2.8885293006896973,-0.21963657438755035,16.713356273889975,0.7020807862281799,1.4892488718032837,165.50053792939477
1778421209.9928837,0.17348721623420715,2.8965437412261963,-0.21108123660087585,9.434647103209157,0.8271611928939819,1.4892488718032837,165.95973154729472
1778421209.9935484,0.17698799073696136,2.905745029449463,-0.2015744000673294,14.28525392228232,0.9480255842208862,1.4892488718032837,166.48692652857133
1778421210.045041,0.18068741261959076,2.9160075187683105,-0.2015744000673294,0.0,1.0567959547042847,4.235342502593994,167.07492385383938
1778421210.0456197,0.18401695787906647,2.9270834922790527,-0.2015744000673294,0.0,1.1434803009033203,4.270498752593994,167.7095303900036
1778421210.0460634,0.18742825090885162,2.9386448860168457,-0.2015744000673294,0.0,1.1909902095794678,4.272451877593994,168.37194945646812
1778421210.0464659,0.19054217636585236,2.9501523971557617,-0.2015744000673294,0.0,1.1937330961227417,4.209951877593994,169.0312812774278
1778421210.0468729,0.1935979425907135,2.9612295627593994,-0.2015744000673294,0.0,1.1420032978057861,4.133780002593994,169.6659561154837
1778421210.104591,0.19567470252513885,2.9717352390289307,-0.2015744000673294,0.0,1.0811294317245483,4.090811252593994,170.2678870266586
1778421210.1049793,0.19733446836471558,2.9818239212036133,-0.2015744000673294,0.0,1.0435601472854614,4.049795627593994,170.84592593611677
1778421210.1055434,0.19886592030525208,2.9915220737457275,-0.2015744000673294,0.0,1.0047640800476074,4.000967502593994,171.401589145854
1778421210.1059637,0.20088626444339752,3.0008113384246826,-0.2015744000673294,0.0,0.9534919261932373,3.9345614910125732,171.93382480673807
1778421210.106476,0.20356500148773193,3.0093441009521484,-0.2015744000673294,0.0,0.882438063621521,3.8681552410125732,172.42271608714924
1778421210.1069212,0.2056976854801178,3.0172605514526367,-0.2015744000673294,0.0,0.8224450945854187,3.7880771160125732,172.87629528955145
1778421210.1074123,0.20712201297283173,3.0245885848999023,-0.0769236758351326,253.87112184060442,0.7562629580497742,3.7880771160125732,173.29616067821047
1778421210.1660078,0.20791342854499817,3.031353712081909,-0.07020074874162674,0.11473962023126506,0.6934094429016113,3.6435458660125732,173.6837739136087
1778421210.166608,0.208481103181839,3.0377230644226074,-0.05816638097167015,19.970740072845548,0.6518508791923523,3.6435458660125732,174.0487109209625
1778421210.1671402,0.20908768475055695,3.0436196327209473,-0.055648598819971085,4.73801683739289,0.6133909225463867,3.6435458660125732,174.386559398068
1778421210.1678069,0.20943887531757355,3.0493011474609375,-0.0526643767952919,4.470744481630491,0.5829677581787109,3.6435458660125732,174.7120862139108
1778421210.1679657,0.21003006398677826,3.054638147354126,-0.04524851590394974,46.552801805643405,0.5495049357414246,3.6435458660125732,175.01787378305227
1778421210.225493,0.21023210883140564,3.059539556503296,-0.040503907948732376,0.08247762674400572,0.5083256959915161,3.6435458660125732,175.2987038409665
1778421210.2264943,0.21050289273262024,3.064042568206787,-0.03658389300107956,3.9145345994090532,0.4658850133419037,3.6435458660125732,175.55670740667458
1778421210.2265577,0.21046514809131622,3.0681447982788086,-0.032620977610349655,61.250626272168056,0.42542940378189087,3.6435458660125732,175.79174787639306
1778421210.2269862,0.20980103313922882,3.071889877319336,-0.028925755992531776,8.625633979795257,0.3905147910118103,3.6435458660125732,176.00632509935818
1778421210.2274225,0.20971253514289856,3.0754802227020264,-0.025288445875048637,8.367402667040881,0.3689877986907959,3.6435458660125732,176.21203673678062
1778421210.2279167,0.20923085510730743,3.0789825916290283,-0.02169642224907875,7.2492910236266725,0.36692243814468384,3.6435458660125732,176.4127076945956
1778421210.2876801,0.2085316777229309,3.082719564437866,-0.01793358474969864,0.062962871546096,0.3745060861110687,3.6435458660125732,176.62682046469715
1778421210.3452039,0.2079523205757141,3.0863096714019775,-0.014164802618324757,0.06551794383967818,0.3830568194389343,3.6435458660125732,176.83251844174126
1778421210.3454888,0.20791418850421906,3.0899465084075928,-0.010308947414159775,13.467884182001919,0.3785887360572815,3.6435458660125732,177.04089385294
1778421210.3462348,0.2080554962158203,3.0936367511749268,-0.006449386477470398,5.174367762304855,0.3787142038345337,3.6435458660125732,177.25232918888693
1778421210.346511,0.20949721336364746,3.0972306728363037,-0.0024042525328695774,14.635071672918444,0.37096792459487915,3.6435458660125732,177.45824573198448
1778421210.346891,0.21048617362976074,3.100839376449585,0.0013176131760701537,9.79438312939846,0.3752710819244385,3.6435458660125732,177.6650092185391
1778421210.3475788,0.21092489361763,3.1045455932617188,0.005914193578064442,6.681076164893504,0.3871191442012787,3.6435458660125732,177.87735979983478
1778421210.348128,0.21138109266757965,3.1087567806243896,0.010690133087337017,8.699343536320097,0.4252195358276367,3.6435458660125732,178.11864306245465
1778421210.3486924,0.21198402345180511,3.113403797149658,0.016462093219161034,10.230344287694827,0.4780171513557434,3.6435458660125732,178.3848974966801
1778421210.348747,0.21286451816558838,3.118610143661499,0.029560541734099388,236.86157842717256,0.5426490306854248,3.6435458660125732,178.68319917849124
1778421210.349809,0.21440134942531586,3.124530553817749,0.03623688593506813,6.291315742720601,0.6119272708892822,3.6435458660125732,179.02241369343074
1778421210.3506334,0.21638396382331848,3.1310362815856934,0.03623688593506813,0.0,0.6699690818786621,3.7665927410125732,179.39516443719504
1778421210.4047403,0.21717453002929688,3.137938976287842,0.04393962398171425,0.142362526622126,0.7121238708496094,3.7665927410125732,179.79065971089545
1778421210.4053485,0.21755386888980865,3.145163059234619,0.05158473551273346,12.561799946124918,0.7513427734375,3.7665927410125732,180.20456917459822
1778421210.405792,0.21794013679027557,3.1528875827789307,0.05972449854016304,18.357607179417435,0.79502934217453,3.7665927410125732,180.6471517724367
1778421210.4061975,0.2180500626564026,3.1608142852783203,0.06759905070066452,19.42415422646628,0.8158628940582275,3.7665927410125732,181.10131837110754
1778421210.4067955,0.2186962217092514,3.168910264968872,0.07595992833375931,13.98607806759138,0.8287968635559082,3.7665927410125732,181.56518383839978
1778421210.407393,0.22038277983665466,3.177060842514038,0.0840587168931961,13.547656063209743,0.8427296876907349,3.7665927410125732,182.0321775323319
1778421210.4658012,0.22158965468406677,3.1852471828460693,0.09263511747121811,0.14683832234969615,0.8456845283508301,3.7665927410125732,182.50122028301502
1778421210.4658766,0.22279654443264008,3.1931564807891846,0.10027284920215607,99.57928991208898,0.8245399594306946,3.7665927410125732,182.95438967406702
1778421210.466753,0.22378873825073242,3.2010087966918945,0.1077105775475502,8.49249635927964,0.8086186647415161,3.7665927410125732,183.40429423469575
1778421210.467543,0.22455835342407227,3.208782911300659,0.11525198072195053,9.54970657537614,0.7927252054214478,3.7665927410125732,183.84971819122896
1778421210.4683034,0.2252780795097351,3.2162508964538574,0.12227741628885269,9.23791660047666,0.7807298302650452,3.7665927410125732,184.27760222197358
1778421210.4683678,0.2263663113117218,3.223357915878296,0.12880288064479828,99.62540395447716,0.7297751307487488,3.7665927410125732,184.6848044399114
1778421210.525432,0.2266283929347992,3.229757070541382,0.13457553088665009,0.10116346329588452,0.6673426032066345,3.7665927410125732,185.0514489945577
1778421210.5263388,0.22657835483551025,3.235374927520752,0.13958875834941864,5.521175697326826,0.5962175130844116,3.7665927410125732,185.3733284893837
1778421210.5266974,0.22656728327274323,3.240570068359375,0.1482304334640503,24.078225647537934,0.5355134606361389,3.7665927410125732,185.67098813341286
1778421210.5271513,0.22610454261302948,3.24923038482666,0.15158021450042725,7.381623798697446,0.47672468423843384,3.7665927410125732,186.16718771623596
1778421210.527643,0.22610454261302948,3.24923038482666,0.15158021450042725,0.0,0.41716304421424866,3.3583896160125732,186.16718771623596
1778421210.5283508,0.2246657758951187,3.2543764114379883,0.15407627820968628,3.5275066362779244,0.35320141911506653,3.3583896160125732,186.46203332232704
1778421210.5842085,0.223752960562706,3.2561275959014893,0.1561039239168167,0.03630046040660921,0.2741461396217346,3.3583896160125732,186.56236880123456
1778421210.584622,0.22302387654781342,3.257408857345581,0.1576608419418335,3.7670409157742335,0.2110113948583603,3.3583896160125732,186.63577967443385
1778421210.5850961,0.22250863909721375,3.2578420639038086,0.15826718509197235,1.2765119517182748,0.1594296395778656,3.3583896160125732,186.66060058187767
1778421210.5854993,0.2223297506570816,3.2575693130493164,0.15832972526550293,0.15514803134722863,0.07567136734724045,3.3583896160125732,186.64497310905668
1778421210.5859933,0.22160206735134125,3.257007122039795,0.15792933106422424,-0.8106786719720217,-0.0002910224720835686,3.3583896160125732,186.6127619369309
1778421210.5866334,0.22025665640830994,3.2563323974609375,0.1574370115995407,-0.7692491830008887,-0.043160829693078995,3.3583896160125732,186.57410306622862
1778421210.644269,0.21901537477970123,3.255605697631836,0.15683378279209137,-0.01046645338192148,-0.056701283901929855,3.3583896160125732,186.53246623304824
1778421210.6451857,0.21804194152355194,3.25470232963562,0.15607044100761414,-0.8322522734749745,-0.05562251806259155,3.3583896160125732,186.48070705951787
1778421210.6465325,0.21729183197021484,3.253469944000244,0.1551230549812317,-0.7032259625521501,-0.07250846922397614,3.3583896160125732,186.41009656387828
1778421210.6469028,0.21641407907009125,3.251883029937744,0.1538718044757843,-3.3817581750104595,-0.09441053122282028,3.3583896160125732,186.31917308564707
1778421210.6480634,0.21558701992034912,3.249459981918335,0.15204188227653503,-1.5767036147730102,-0.12662766873836517,3.3583896160125732,186.1803426605774
1778421210.6490664,0.21485617756843567,3.247103452682495,0.14957153797149658,-2.4636923115325997,-0.1792522668838501,3.3583896160125732,186.04532348106457
1778421210.7046273,0.2143736183643341,3.244171380996704,0.14658574759960175,-0.053738960260924534,-0.2497439682483673,3.3583896160125732,185.87732814823895
1778421210.7052913,0.21375378966331482,3.240335702896118,0.14264336228370667,-5.929290604527136,-0.3063351809978485,3.3583896160125732,185.65755998150462
1778421210.7058654,0.2129693627357483,3.235637664794922,0.13781026005744934,-8.420039073161607,-0.3911392390727997,3.3583896160125732,185.3883822263144
1778421210.7063878,0.2121029496192932,3.2298483848571777,0.13190095126628876,-11.31184641735426,-0.48475998640060425,3.3583896160125732,185.0566809194619
1778421210.706823,0.21132470667362213,3.223020076751709,0.12482951581478119,-16.24497014533997,-0.5899233818054199,3.3583896160125732,184.6654476838036
1778421210.7072551,0.21092025935649872,3.214806318283081,0.1165739968419075,-19.10557496970905,-0.7101417183876038,3.3583896160125732,184.19483398961137
1778421210.7654402,0.21062107384204865,3.205169200897217,0.10649161040782928,-0.1732827317591579,-0.8471195101737976,3.3583896160125732,183.6426678367292
1778421210.766031,0.2104012817144394,3.1940927505493164,0.09522917866706848,-19.046899890746197,-0.9908967614173889,3.3583896160125732,183.0080339798083
1778421210.7664425,0.2112080156803131,3.1811108589172363,0.08216244727373123,-31.746189703239917,-1.1534295082092285,3.3583896160125732,182.2642263791939
1778421210.7668054,0.21330706775188446,3.1664223670959473,0.06712494790554047,-41.43703343347649,-1.3338385820388794,3.3583896160125732,181.42263779042162
1778421210.7673185,0.21625322103500366,3.1500487327575684,0.05016013979911804,-33.06335582191746,-1.5231003761291504,3.3583896160125732,180.484497647542
1778421210.7676165,0.21905866265296936,3.1322743892669678,0.03283961862325668,-58.20067678142143,-1.696077823638916,3.3583896160125732,179.46610278191477
1778421210.8249435,0.22107049822807312,3.1134767532348633,-0.006431921850889921,-0.6850444025089308,-1.8331483602523804,3.3583896160125732,178.38907757245215
1778421210.8254557,0.22228161990642548,3.093562364578247,-0.027677351608872414,-41.48687713341421,-1.9527122974395752,3.3583896160125732,177.24806715084483
1778421210.826096,0.22262874245643616,3.0727670192718506,-0.027677351608872414,0.0,-2.0475449562072754,1.2294832468032837,176.05658163127114
1778421210.8265953,0.22179585695266724,3.050713300704956,-0.04915151000022888,-43.10348847547923,-2.155970811843872,1.2294832468032837,174.79299663481876
1778421210.8270922,0.22004647552967072,3.027547597885132,-0.07263293117284775,-47.170391407342656,-2.2769370079040527,1.2294832468032837,173.46569963378855
1778421210.8277223,0.21799059212207794,3.0039303302764893,-0.09652957320213318,-37.94322368502834,-2.381427526473999,1.2294832468032837,172.1125298761823
1778421210.8841472,0.21631298959255219,2.9800188541412354,-0.12111038714647293,-0.435635388956182,-2.444887161254883,1.2294832468032837,170.74250321170445
1778421210.8844743,0.21500055491924286,2.9571030139923096,-0.14365437626838684,-68.83660993596801,-2.459444046020508,1.2294832468032837,169.42952228717456
1778421210.885017,0.2134854942560196,2.9357857704162598,-0.16523292660713196,-39.77612766071363,-2.370478630065918,1.2294832468032837,168.20813419941453
1778421210.88526,0.21101489663124084,2.916630506515503,-0.18379458785057068,-76.4168886098457,-2.200657606124878,1.2294832468032837,167.11061842244186
1778421210.8860083,0.209268257021904,2.8997347354888916,-0.21383048593997955,-40.14957680594697,-1.9831486940383911,1.2294832468032837,166.1425620509976
1778421210.8867748,0.20799791812896729,2.8855724334716797,-0.21383048593997955,0.0,-1.742179274559021,2.4560458660125732,165.33112191722176
1778421210.9442842,0.20763006806373596,2.8741955757141113,-0.22972482442855835,-0.27638049928388403,-1.4525083303451538,2.4560458660125732,164.67927598359242
1778421210.9447246,0.207794189453125,2.8657312393188477,-0.23294448852539062,-7.305795400009919,-1.1810206174850464,2.4560458660125732,164.19430523176484
1778421210.945132,0.20816926658153534,2.8599226474761963,-0.23828904330730438,-13.11225446230779,-0.5954650044441223,2.4560458660125732,163.8614974342668
1778421210.9457626,0.20839843153953552,2.8559341430664062,-0.2443571239709854,-9.622709146503674,-0.4191165268421173,2.4560458660125732,163.6329729650165
1778421210.9462,0.20814639329910278,2.853494167327881,-0.24565991759300232,-2.9819035984366664,-0.2499830424785614,2.4560458660125732,163.49317265308468
1778421210.946607,0.20734907686710358,2.852065324783325,-0.24565991759300232,0.0,-0.1371031254529953,3.0615146160125732,163.41130600569292
1778421211.0056074,0.20581385493278503,2.8513944149017334,-0.24713897705078125,-0.02506910181022542,-0.07251089811325073,3.0615146160125732,163.3728657010441
1778421211.0064704,0.20375248789787292,2.851083993911743,-0.24713897705078125,0.0,-0.03642352670431137,3.1943271160125732,163.35507988844537
1778421211.0068798,0.20242060720920563,2.8509583473205566,-0.24697446823120117,0.40182906269813834,-0.002228280995041132,3.1943271160125732,163.3478808690602
1778421211.0073235,0.2017373889684677,2.851616144180298,-0.24655835330486298,0.9380408582087104,0.0647505596280098,3.1943271160125732,163.38556985290032
1778421211.0078394,0.2011009305715561,2.853095293045044,-0.24510349333286285,2.8194960694318127,0.14527897536754608,3.1943271160125732,163.47031884012185
1778421211.0085068,0.20029112696647644,2.8551530838012695,-0.24510349333286285,0.0,0.21070407330989838,3.3505771160125732,163.5882215655746
1778421211.0654953,0.19930650293827057,2.8579142093658447,-0.24510349333286285,0.0,0.29166150093078613,3.4638583660125732,163.74642240713044
1778421211.0669212,0.19887281954288483,2.861909866333008,-0.24510349333286285,0.0,0.40394508838653564,3.5576083660125732,163.9753566877309
1778421211.068029,0.19953395426273346,2.866652488708496,-0.24510349333286285,0.0,0.49619847536087036,3.6415927410125732,164.2470889336707
1778421211.0681047,0.20100566744804382,2.8722007274627686,-0.24510349333286285,0.0,0.5710660815238953,3.6884677410125732,164.56497959802144
1778421211.0697458,0.20292571187019348,2.878225803375244,-0.24510349333286285,0.0,0.6216912269592285,3.7333896160125732,164.91019101905223
1778421211.0713542,0.20547230541706085,2.886624574661255,-0.24510349333286285,0.0,0.6594964861869812,3.7548739910125732,165.3914051668363
1778421211.1252537,0.20781216025352478,2.893193483352661,-0.24510349333286285,0.0,0.6816916465759277,3.7880771160125732,165.76777591086068
1778421211.1259563,0.21040643751621246,2.9001376628875732,-0.24510349333286285,0.0,0.7118970155715942,3.8076083660125732,166.16564809039227
1778421211.126012,0.21293197572231293,2.907273530960083,-0.24510349333286285,0.0,0.73658686876297,3.8232333660125732,166.57450321410923
1778421211.1264424,0.21586652100086212,2.9144327640533447,-0.24510349333286285,0.0,0.7433677315711975,3.8115146160125732,166.9846970549035
1778421211.127201,0.21844737231731415,2.9216361045837402,-0.24510349333286285,0.0,0.7482750415802002,3.8095614910125732,167.39741806569072
1778421211.1862466,0.220694437623024,2.928906202316284,-0.24510349333286285,0.0,0.7445933818817139,3.7646396160125732,167.8139639824131
1778421211.1884446,0.22353777289390564,2.935629367828369,-0.24510349333286285,0.0,0.6817693710327148,3.7216708660125732,168.1991729912235
1778421211.1895604,0.22679771482944489,2.9422707557678223,-0.24510349333286285,0.0,0.67561274766922,3.7216708660125732,168.57969649026325
1778421211.1898975,0.23023322224617004,2.9489781856536865,-0.24510349333286285,0.0,0.6950002908706665,3.7490146160125732,168.96400391410316
1778421211.190382,0.2334105521440506,2.955918073654175,-0.24510349333286285,0.0,0.7155793905258179,3.7509677410125732,169.36163020682463
1778421211.1920059,0.23692290484905243,2.9628641605377197,-0.24510349333286285,0.0,0.7219918966293335,3.7783114910125732,169.75961166938293
1778421211.2451897,0.240420863032341,2.9695348739624023,-0.24510349333286285,0.0,0.6882015466690063,3.7314364910125732,170.1418153949585
1778421211.245964,0.243296816945076,2.9759602546691895,-0.24510349333286285,0.0,0.6632134914398193,3.7021396160125732,170.5099625912222
1778421211.246433,0.246364027261734,2.982099771499634,-0.24510349333286285,0.0,0.6289652585983276,3.6494052410125732,170.86173099385618
1778421211.2471416,0.24905239045619965,2.987914562225342,-0.24510349333286285,0.0,0.5966498851776123,3.6201083660125732,171.19489396119107
1778421211.2475076,0.25185707211494446,2.993865966796875,-0.24510349333286285,0.0,0.6184159517288208,3.6298739910125732,171.53588432531478
1778421211.248116,0.25388991832733154,3.000429630279541,-0.24510349333286285,0.0,0.6608051657676697,3.6728427410125732,171.9119545410157
1778421211.3065934,0.255950927734375,3.007255792617798,-0.24510349333286285,0.0,0.7102623581886292,3.7216708660125732,172.30306483326896
1778421211.3069777,0.25801265239715576,3.014681100845337,-0.24510349333286285,0.0,0.7598987817764282,3.7626864910125732,172.7285036562907
1778421211.307405,0.2595658302307129,3.0224170684814453,-0.24510349333286285,0.0,0.8044338226318359,3.8095614910125732,173.17174195228952
1778421211.308347,0.2610037624835968,3.0306055545806885,-0.24510349333286285,0.0,0.8417826890945435,3.8447177410125732,173.6409076463777
1778421211.3093376,0.26239070296287537,3.0391831398010254,-0.24510349333286285,0.0,0.8875950574874878,3.8857333660125732,174.1323670779168
1778421211.3094022,0.26395443081855774,3.048276662826538,-0.24510349333286285,0.0,0.9333639144897461,3.9189364910125732,174.65338756818372
1778421211.3645759,0.26547861099243164,3.0578596591949463,-0.24510349333286285,0.0,0.982021152973175,3.9619052410125732,175.2024528151827
1778421211.3654351,0.26717329025268555,3.067612648010254,-0.24510349333286285,0.0,1.0172315835952759,3.9872958660125732,175.76125791193812
1778421211.3662903,0.26903533935546875,3.077538251876831,-0.24510349333286285,0.0,1.0277454853057861,3.9892489910125732,176.32995312261173
1778421211.3668928,0.27108216285705566,3.087367296218872,-0.24510349333286285,0.0,1.0124900341033936,3.9579989910125732,176.89311588005762
1778421211.3674507,0.2726697325706482,3.096874475479126,-0.24510349333286285,0.0,0.9807571172714233,3.9150302410125732,177.43783712674448
1778421211.3680217,0.274079829454422,3.1058881282806396,-0.24510349333286285,0.0,0.9365279674530029,3.8681552410125732,177.95428139026748
1778421211.4254165,0.2754974067211151,3.1142821311950684,-0.24510349333286285,0.0,0.8838328123092651,3.8193271160125732,178.43522233048475
1778421211.4266572,0.27747806906700134,3.1221957206726074,-0.24510349333286285,0.0,0.827858567237854,3.7665927410125732,178.88863760834687
1778421211.4267316,0.27956879138946533,3.129549980163574,0.04057054594159126,3788.7792984589255,0.7742493152618408,3.7665927410125732,179.3100056386233
1778421211.4271798,0.28125181794166565,3.1364004611968994,0.04790295287966728,16.381607158346306,0.7135620713233948,3.7665927410125732,179.70250928946726
1778421211.4274166,0.2825339138507843,3.142716884613037,0.0576687790453434,41.171273587047075,0.6541491746902466,3.7665927410125732,180.06441369282956
1778421211.4281366,0.2831440567970276,3.1485393047332764,0.06316883116960526,7.640022290162153,0.5945078730583191,3.7665927410125732,180.3980137922713
1778421211.4858444,0.28404802083969116,3.1536362171173096,0.06824061274528503,0.08788895528398113,0.5254436731338501,3.7665927410125732,180.6900453604244
1778421211.4871433,0.2857608199119568,3.1578898429870605,0.07270419597625732,3.4351110008537185,0.44852128624916077,3.7665927410125732,180.93376017038878
1778421211.4873855,0.28706228733062744,3.1617414951324463,0.07660766690969467,16.103427131948525,0.3901619613170624,3.7665927410125732,181.15444358247188
1778421211.4878995,0.2877306640148163,3.165210008621216,0.07988270372152328,6.36795040612096,0.34902042150497437,3.7665927410125732,181.35317476656257
1778421211.488971,0.2879948914051056,3.1683120727539062,0.07988270372152328,0.0,0.3306676745414734,3.3701083660125732,181.53090994914464
1778421211.6056702,0.2875432074069977,3.1718459129333496,0.08693716675043106,0.060450279855565975,0.35888612270355225,3.3701083660125732,181.7333840769005
1778421211.606536,0.28698456287384033,3.175727128982544,0.08693716675043106,0.0,0.39398643374443054,3.4697177410125732,181.9557613758978
1778421211.6070802,0.2863772511482239,3.1798183917999268,0.08693716675043106,0.0,0.427006334066391,3.5087802410125732,182.19017346821263
1778421211.6078987,0.2860924303531647,3.1841392517089844,0.08693716675043106,0.0,0.45449256896972656,3.4990146160125732,182.4377405048689
1778421211.6084232,0.2855416238307953,3.18857479095459,0.10352671146392822,31.593116131880763,0.44905704259872437,3.4990146160125732,182.69187818350673
1778421211.6091552,0.28470125794410706,3.1927459239959717,0.10759803652763367,5.562679306771346,0.43475624918937683,3.4990146160125732,182.9308665025655
1778421211.6096177,0.2833266258239746,3.196428060531616,0.11128497123718262,7.970027458639814,0.39883461594581604,3.4990146160125732,183.14183738564884
1778421211.609938,0.2823508083820343,3.1996610164642334,0.11439754068851471,9.720704294532952,0.34938928484916687,3.4990146160125732,183.3270721159396
1778421211.6102054,0.28182655572891235,3.2023088932037354,0.11709882318973541,10.094478690144916,0.28913596272468567,3.4990146160125732,183.47878427778392
1778421211.6108575,0.2810589075088501,3.2045295238494873,0.11939923465251923,3.5282385053593677,0.23952443897724152,3.4990146160125732,183.6060170416429
1778421211.61125,0.2795226275920868,3.206275224685669,0.12101966887712479,4.1305994083086945,0.18988746404647827,3.4990146160125732,183.70603833184856
1778421211.611735,0.27788251638412476,3.2077295780181885,0.12101966887712479,0.0,0.1401045024394989,3.2275302410125732,183.78936663972272
1778421211.6126113,0.27608826756477356,3.2085936069488525,0.12101966887712479,0.0,0.09954480081796646,3.1826083660125732,183.838871850827
1778421211.6647995,0.2741498053073883,3.208970069885254,0.12101966887712479,0.0,0.045669667422771454,3.1220614910125732,183.86044158822588
1778421211.6655073,0.27209988236427307,3.208833694458008,0.12101966887712479,0.0,-0.024596741423010826,3.0771396160125732,183.85262785181538
1778421211.666059,0.2702655494213104,3.207698106765747,0.12101966887712479,0.0,-0.10280285775661469,3.0107333660125732,183.78756346978184
1778421211.6664946,0.26819801330566406,3.205994129180908,0.12101966887712479,0.0,-0.1693371832370758,2.9443271160125732,183.68993274578568
1778421211.6669638,0.2657487094402313,3.203613758087158,0.12101966887712479,0.0,-0.251220703125,2.8720614910125732,183.55354752843886
1778421211.7250032,0.26286157965660095,3.2005715370178223,0.12101966887712479,0.0,-0.3196566700935364,2.8134677410125732,183.37924110082014
1778421211.7256954,0.25965672731399536,3.1966710090637207,0.12101966887712479,0.0,-0.39226603507995605,2.7529208660125732,183.15575731117733
1778421211.7263334,0.2562543749809265,3.1921534538269043,0.12101966887712479,0.0,-0.4626408815383911,2.6728427410125732,182.8969204623905
1778421211.7268798,0.25274866819381714,3.1870081424713135,0.12101966887712479,0.0,-0.5380734801292419,2.5790927410125732,182.60211583743444
1778421211.7273834,0.249314084649086,3.1807477474212646,0.12101966887712479,0.0,-0.6450080871582031,2.4619052410125732,182.24342162298205
1778421211.727882,0.24617476761341095,3.173112630844116,0.12101966887712479,0.0,-0.7902625799179077,2.3154208660125732,181.80596166702105
1778421211.785067,0.2436368465423584,3.163848876953125,0.12101966887712479,0.0,-0.9636996388435364,2.1454989910125732,181.2751876666194
1778421211.7856972,0.24142365157604218,3.1526148319244385,0.12101966887712479,0.0,-1.1584126949310303,1.9560457468032837,180.6315242996157
1778421211.7866642,0.23903119564056396,3.1392202377319336,0.12101966887712479,0.0,-1.3784784078598022,1.7314363718032837,179.86407058409475
1778421211.7868621,0.2362116128206253,3.1235158443450928,0.12101966887712479,0.0,-1.6290202140808105,1.5009676218032837,178.9642751232156
1778421211.788061,0.23228280246257782,3.1052143573760986,0.12101966887712479,0.0,-1.8934249877929688,1.2724519968032837,177.91567716107858
1778421211.788667,0.22821129858493805,3.0845022201538086,0.12101966887712479,0.0,-2.1520259380340576,1.1122957468032837,176.72895911354553
1778421211.8446646,0.22465141117572784,3.061607599258423,0.12101966887712479,0.0,-2.3592653274536133,1.0224519968032837,175.4171939626879
1778421211.8458803,0.22232933342456818,3.037585973739624,0.12101966887712479,0.0,-2.484768867492676,0.9931551814079285,174.04085620341698
1778421211.8466587,0.22108785808086395,3.012993574142456,0.12101966887712479,0.0,-2.539900302886963,0.9912020564079285,172.63181549840002
1778421211.847125,0.21946002542972565,2.988400459289551,0.12101966887712479,0.0,-2.542067527770996,1.0497957468032837,171.22273381224804
1778421211.8475287,0.2194947749376297,2.9644460678100586,0.12101966887712479,0.0,-2.4766132831573486,1.1826082468032837,169.85024827966902
1778421211.8483407,0.2185184806585312,2.9417436122894287,0.12101966887712479,0.0,-2.345860242843628,1.3193269968032837,168.54949339375344
1778421211.904005,0.2159426063299179,2.9206695556640625,0.12101966887712479,0.0,-2.1804137229919434,1.5068269968032837,167.34203889190024
1778421211.9048314,0.21316508948802948,2.9015069007873535,0.12101966887712479,0.0,-1.9816159009933472,1.6513582468032837,166.24409964319904
1778421211.9054265,0.2092941254377365,2.884100914001465,0.12101966887712479,0.0,-1.7995150089263916,1.7919832468032837,165.24681006210713
1778421211.9060166,0.204377681016922,2.8683505058288574,0.12101966887712479,0.0,-1.6251790523529053,1.9423738718032837,164.34437814820836
1778421211.9064734,0.19980786740779877,2.854210376739502,0.12101966887712479,0.0,-1.4693834781646729,2.1064364910125732,163.53420842961813
1778421211.9067466,0.19526883959770203,2.8416390419006348,0.12101966887712479,0.0,-1.3019174337387085,2.2783114910125732,162.81392400050527
1778421211.9651961,0.1912320852279663,2.8308897018432617,0.12101966887712479,0.0,-1.1178877353668213,2.4658114910125732,162.19803218266688
1778421211.965824,0.18735377490520477,2.82194185256958,0.12101966887712479,0.0,-0.9210984110832214,2.6943271160125732,161.6853581835657
1778421211.9664638,0.1835036724805832,2.815368413925171,0.12101966887712479,0.0,-0.6790933012962341,2.8954989910125732,161.3087278923529
1778421211.9668825,0.1798299252986908,2.8112199306488037,0.12101966887712479,0.0,-0.4345242977142334,3.0458896160125732,161.07103730923643
1778421212.0238066,0.17569804191589355,2.8089938163757324,0.12101966887712479,0.0,-0.23304632306098938,3.1630771160125732,160.94349035667562
1778421212.0243568,0.17178663611412048,2.8081042766571045,0.12101966887712479,0.0,-0.07813132554292679,3.2275302410125732,160.892523485089
1778421212.0248103,0.1687534898519516,2.808458089828491,0.12101966887712479,0.0,0.028832226991653442,3.3173739910125732,160.91279548654558
1778421212.0252388,0.1663762331008911,2.8097946643829346,0.12101966887712479,0.0,0.13654282689094543,3.4169833660125732,160.98937556751977
1778421212.0260015,0.16405346989631653,2.8122005462646484,0.12101966887712479,0.0,0.25858667492866516,3.5204989910125732,161.12722244534896
1778421212.0265083,0.16239656507968903,2.8158679008483887,0.12101966887712479,0.0,0.37609440088272095,3.6435458660125732,161.33734638497523
1778421212.027531,0.1611260175704956,2.8207788467407227,0.12101966887712479,0.0,0.5104765892028809,3.7685458660125732,161.6187228580231
1778421212.0285282,0.1603267341852188,2.8272597789764404,0.12101966887712479,0.0,0.6636564135551453,3.8935458660125732,161.99005292244
1778421212.084814,0.16023793816566467,2.8352487087249756,0.12101966887712479,0.0,0.8225812315940857,4.041983127593994,162.44778487985758
1778421212.0853376,0.16046257317066193,2.844820976257324,0.12101966887712479,0.0,0.9946693181991577,4.206045627593994,162.99623540983126
1778421212.0858593,0.16112634539604187,2.85607647895813,-0.21021005511283875,-634.7828945783214,1.162018060684204,4.206045627593994,163.6411282108855
1778421212.0863142,0.16233231127262115,2.8687782287597656,-0.20210038125514984,17.831296971761798,1.3052198886871338,4.206045627593994,164.36888486695037
1778421212.0872,0.16406789422035217,2.8825275897979736,-0.19462937116622925,8.443727637613623,1.4184629917144775,4.206045627593994,165.15666522544132
1778421212.088357,0.16955837607383728,2.912292957305908,-0.19462937116622925,0.0,1.506088376045227,4.602530002593994,166.8620951593018
1778421212.1441157,0.17235834896564484,2.9278206825256348,-0.19462937116622925,0.0,1.5648283958435059,4.622061252593994,167.75176827983097
1778421212.144623,0.17471608519554138,2.9436581134796143,-0.19462937116622925,0.0,1.609440803527832,4.639639377593994,168.65918623182384
1778421212.1453652,0.1781967431306839,2.9596800804138184,-0.19462937116622925,0.0,1.6369309425354004,4.655264377593994,169.5771773166519
1778421212.1461222,0.1821635514497757,2.97577166557312,-0.11448448151350021,105.89969561731232,1.6520590782165527,4.655264377593994,170.49915723195522
1778421212.1467938,0.18579129874706268,2.9920198917388916,-0.09733535349369049,25.54234178248957,1.667422890663147,4.655264377593994,171.43011201582797
1778421212.1473134,0.18881851434707642,3.008361339569092,-0.08144232630729675,30.57527354689132,1.6772199869155884,4.655264377593994,172.36640800763166
1778421212.2066815,0.1917434185743332,3.0247654914855957,-0.07266044616699219,0.14792353650545118,1.6870076656341553,4.655264377593994,173.30629667893876
1778421212.207607,0.19492579996585846,3.041144371032715,-0.05588185042142868,18.11943369603746,1.6952818632125854,4.655264377593994,174.24473735014186
1778421212.20839,0.19833317399024963,3.0573794841766357,-0.031918417662382126,30.612459034629506,1.703043818473816,4.655264377593994,175.1749408132059
1778421212.2095132,0.20155903697013855,3.073218822479248,-0.0010027290554717183,27.556546027193495,1.6811152696609497,4.655264377593994,176.08246804822548
1778421212.209602,0.2045678347349167,3.088071346282959,0.012400885112583637,147.61686034491876,1.6309574842453003,4.655264377593994,176.9334549772957
1778421212.2105892,0.20779860019683838,3.102170705795288,0.012400885112583637,0.0,1.5378574132919312,4.362295627593994,177.7412887711898
1778421212.2649233,0.2114943414926529,3.115065336227417,0.025409594178199768,0.23942556219667854,1.446004867553711,4.362295627593994,178.48009667333173
1778421212.2659183,0.2143925130367279,3.1266674995422363,0.036242127418518066,10.886967977596779,1.339758276939392,4.362295627593994,179.1448516644924
1778421212.2665477,0.21646814048290253,3.1368937492370605,0.04628845676779747,15.94655464925611,1.199794054031372,4.362295627593994,179.73077261225276
1778421212.2673063,0.2177131325006485,3.1452832221984863,0.053771402686834335,9.857654782647568,1.0525001287460327,4.362295627593994,180.21145400528158
1778421212.2681358,0.22005586326122284,3.15170955657959,0.06003164127469063,7.548822614416781,0.8685340285301208,4.362295627593994,180.57965584305865
1778421212.2687864,0.22276148200035095,3.1559858322143555,0.06368470191955566,5.610598604258743,0.6592006683349609,4.362295627593994,180.82466838896534
1778421212.3257592,0.2253684252500534,3.157927989959717,0.06528763473033905,0.02813544917172612,0.4450915455818176,4.362295627593994,180.93594583092317
1778421212.3264372,0.2282378077507019,3.1575963497161865,0.0645081102848053,-1.1494020411475474,0.20303234457969666,4.362295627593994,180.9169442446522
1778421212.3264914,0.23140795528888702,3.154949426651001,0.06143347546458244,-55.398810466468724,-0.033711645752191544,4.362295627593994,180.76528672432124
1778421212.3268688,0.23444625735282898,3.1505372524261475,0.057072073221206665,-11.57791981079342,-0.2652073800563812,4.362295627593994,180.51248776276074
1778421212.3273308,0.23687109351158142,3.144803285598755,0.05109691619873047,-12.924847588911636,-0.45630696415901184,4.362295627593994,180.18395566368312
1778421212.327808,0.23829899728298187,3.1377761363983154,0.04396843537688255,-14.956947031332906,-0.6005538702011108,4.362295627593994,179.7813296724892
1778421212.3854976,0.23877489566802979,3.1296331882476807,0.03560992330312729,-0.14488767597412694,-0.724583625793457,4.362295627593994,179.31477311066396
1778421212.3855622,0.2383967489004135,3.120936632156372,0.02693423628807068,-132.65575821927288,-0.8399288654327393,4.362295627593994,178.8164971503332
1778421212.4452615,0.2372777909040451,3.112189531326294,0.017526928335428238,-0.15758373850077187,-0.8904888033866882,4.362295627593994,178.31532518979435
1778421212.4459448,0.2345418483018875,3.1032304763793945,0.008671392686665058,-12.929676706971087,-0.9135450124740601,4.362295627593994,177.8020091529112
1778421212.4464722,0.22955147922039032,3.0944111347198486,-0.0006166175589896739,-17.637695330310795,-0.9230918884277344,4.362295627593994,177.29669809773532
1778421212.447575,0.22427809238433838,3.0861966609954834,-0.008828486315906048,-7.442331724850369,-0.9036888480186462,4.362295627593994,176.82604342240808
1778421212.4476655,0.21941955387592316,3.078812599182129,-0.016595380380749702,-85.16328871917332,-0.8429506421089172,4.362295627593994,176.40296784483917
1778421212.4485862,0.21559087932109833,3.072178363800049,-0.023108482360839844,-7.078689312257913,-0.7629950642585754,4.362295627593994,176.0228541571496
1778421212.4491568,0.21175162494182587,3.0666706562042236,-0.029024772346019745,-10.37035916983123,-0.6768707633018494,4.362295627593994,175.7072857571167
1778421212.449217,0.2070092409849167,3.0619804859161377,-0.03782954812049866,-144.1043508083339,-0.5722656846046448,4.362295627593994,175.4385587944117
1778421212.4497297,0.20303329825401306,3.0581252574920654,-0.04083483666181564,-5.863977612822631,-0.4777507781982422,4.362295627593994,175.2176704766535
1778421212.450634,0.20013144612312317,3.0549728870391846,-0.04083483666181564,0.0,-0.40110576152801514,2.9677646160125732,175.03705295424166
1778421212.5048413,0.19871550798416138,3.052610397338867,-0.043242838233709335,-0.04442233607327765,-0.31965845823287964,2.9677646160125732,174.90169226527036
1778421212.505735,0.1983160525560379,3.0509374141693115,-0.04464147239923477,-1.563593252284236,-0.24608184397220612,2.9677646160125732,174.8058373904584
1778421212.506436,0.19837182760238647,3.050121545791626,-0.045096371322870255,-0.6487434612364753,-0.17453330755233765,2.9677646160125732,174.75909157577883
1778421212.507104,0.19871680438518524,3.0506293773651123,-0.04413158819079399,1.4447186941296772,-0.07975082099437714,2.9677646160125732,174.78818818164308
1778421212.5077732,0.19922365248203278,3.052358865737915,-0.0417884923517704,3.502909012480361,0.1847967803478241,2.9677646160125732,174.88728056612163
1778421212.5083818,0.19985517859458923,3.055495500564575,-0.038298409432172775,5.728020708285894,0.31884893774986267,2.9677646160125732,175.06699650356302
1778421212.5651128,0.20048289000988007,3.0599515438079834,-0.033372942358255386,0.08682266363976268,0.4635428786277771,2.9677646160125732,175.3223089747381
1778421212.5657911,0.20148560404777527,3.065833568572998,-0.026924822479486465,9.504893896715549,0.6086748242378235,2.9677646160125732,175.65932416876484
1778421212.566582,0.20270226895809174,3.0732696056365967,-0.01883099414408207,10.232399936817828,0.7665542960166931,2.9677646160125732,176.0853777088119
1778421212.567136,0.2044564187526703,3.082205057144165,-0.00925772450864315,17.25846326214639,0.9209440350532532,2.9677646160125732,176.59734136823937
1778421212.5676615,0.2067139595746994,3.0922353267669678,0.0012891594087705016,20.104620224698657,1.0316859483718872,2.9677646160125732,177.17203348500425
1778421212.568174,0.2094229757785797,3.1032345294952393,0.012923600152134895,22.683643238906186,1.137440800666809,2.9677646160125732,177.802241379343
1778421212.625005,0.21201585233211517,3.115511417388916,0.025650832802057266,0.22394877181771447,1.262169361114502,2.9677646160125732,178.50565524120591
1778421212.6257582,0.21374017000198364,3.128885269165039,0.039422083646059036,18.288513730765914,1.3835842609405518,2.9677646160125732,179.27192050381132
1778421212.6262918,0.21418645977973938,3.143270254135132,0.05428498983383179,27.895844341268845,1.4853549003601074,2.9677646160125732,180.09611943095675
1778421212.6268125,0.21410484611988068,3.158623218536377,0.06957677751779556,29.27778667788991,1.5817372798919678,2.9677646160125732,180.9757794941627
1778421212.6272948,0.21358180046081543,3.173898935317993,0.08488296717405319,31.77535733908941,1.580911636352539,2.9677646160125732,181.85101359478648
1778421212.627751,0.21313688158988953,3.18886137008667,0.0995580181479454,32.15392329380871,1.5488313436508179,2.9677646160125732,182.70829795827146
1778421212.6846797,0.21242855489253998,3.203078269958496,0.11312896013259888,0.23838531053299034,1.472088098526001,2.9677646160125732,183.52286631868716
1778421212.684954,0.21117505431175232,3.216055393218994,0.1359747052192688,83.04523863025165,1.3358391523361206,2.9677646160125732,184.26640071173475
1778421212.685682,0.20960776507854462,3.2273359298706055,0.1443072110414505,11.453616095878218,1.1641191244125366,2.9677646160125732,184.91272785251473
1778421212.685735,0.2081580013036728,3.2365150451660156,0.1443072110414505,0.0,0.9500804543495178,3.7724521160125732,185.4386524186057
1778421212.6863503,0.2073478251695633,3.2436931133270264,0.15074753761291504,10.475482460610536,0.7331876158714294,3.7724521160125732,185.84992542928885
1778421212.6867259,0.20686550438404083,3.248568296432495,0.15471406280994415,10.560503499355857,0.5096997618675232,3.7724521160125732,186.12925284558568
1778421212.7444363,0.2063445746898651,3.2512593269348145,0.15648820996284485,0.030742989019549756,0.2832421064376831,3.7724521160125732,186.28343753590957
1778421212.7450554,0.20624449849128723,3.2517569065093994,0.15619242191314697,-0.47669306195649597,0.053510747849941254,3.7724521160125732,186.3119467455052
1778421212.7451046,0.20646265149116516,3.2498390674591064,0.15314555168151855,-61.30523593719897,-0.20414115488529205,3.7724521160125732,186.20206266213802
1778421212.7453902,0.2059534192085266,3.2448582649230957,0.14738993346691132,-20.173916662662723,-0.5102726221084595,3.7724521160125732,185.91668369823657
1778421212.7460406,0.204764261841774,3.2370691299438477,0.1383158564567566,-13.953678230952566,-0.8079993724822998,3.7724521160125732,185.47039913786793
1778421212.7471018,0.2031889110803604,3.2270619869232178,0.12811197340488434,-9.618138272792896,-1.04435133934021,3.7724521160125732,184.89703207780204
1778421212.8056471,0.20241142809391022,3.215264081954956,0.11548703908920288,-0.21564385731945207,-1.2057737112045288,1.8818269968032837,184.2210619160242
1778421212.8061228,0.20232842862606049,3.202644109725952,0.08976412564516068,-54.06244783881739,-1.3091648817062378,1.8818269968032837,183.49799076973
1778421212.8065324,0.20356984436511993,3.1895487308502197,0.08976412564516068,0.0,-1.3556551933288574,1.8798738718032837,182.74768082902574
1778421212.807104,0.2057892233133316,3.1760287284851074,0.07635418325662613,-23.464466692027486,-1.3922326564788818,1.8798738718032837,181.97304175449793
1778421212.8076568,0.20834672451019287,3.1621222496032715,0.06266871839761734,-24.761109362002635,-1.4280264377593994,1.8798738718032837,181.1762592066809
1778421212.8641357,0.21102257072925568,3.148036003112793,0.04904578626155853,-0.24120648341635778,-1.4559656381607056,1.8798738718032837,180.3691767335955
1778421212.864613,0.21222656965255737,3.133624315261841,0.04904578626155853,0.0,-1.4900778532028198,1.8329988718032837,179.543447844076
1778421212.8650193,0.2127525359392166,3.1188807487487793,0.04904578626155853,0.0,-1.5204684734344482,1.8193269968032837,178.69870370790716
1778421212.865452,0.21320320665836334,3.1039633750915527,0.04904578626155853,0.0,-1.542893886566162,1.8173738718032837,177.84400115592845
1778421212.8658144,0.21313652396202087,3.089160442352295,0.04904578626155853,0.0,-1.5501447916030884,1.8369051218032837,176.99585558555296
1778421212.8667636,0.21281996369361877,3.074890375137329,0.04904578626155853,0.0,-1.5328412055969238,1.9091707468032837,176.1782409607674
1778421212.9243238,0.2119063138961792,3.060751438140869,0.04904578626155853,0.0,-1.4529118537902832,2.0302646160125732,175.36813954406887
1778421212.9245825,0.2104467898607254,3.0479063987731934,-0.05134406313300133,-387.45600839664064,-1.334857702255249,2.0302646160125732,174.63217300062166
1778421212.924901,0.211538165807724,3.0385854244232178,-0.05134406313300133,0.0,-0.9567312598228455,2.4306552410125732,174.09812050941835
1778421212.9251711,0.21328864991664886,3.0319325923919678,-0.05134406313300133,0.0,-0.6891531348228455,2.6708896160125732,173.7169413122183
1778421212.9259384,0.2149755358695984,3.027947425842285,-0.05134406313300133,0.0,-0.4091202914714813,2.9306552410125732,173.48860808826475
1778421212.9265647,0.21622437238693237,3.0267813205718994,-0.05134406313300133,0.0,-0.11887065321207047,3.1767489910125732,173.4217951778037
1778421212.9856665,0.2170487344264984,3.0281624794006348,-0.05134406313300133,0.0,0.14742916822433472,3.3896396160125732,173.50092974952747
1778421212.985728,0.21749261021614075,3.0318925380706787,-0.05134406313300133,0.0,0.3810492157936096,3.5712802410125732,173.71464636865716
1778421212.9863553,0.21797087788581848,3.0372862815856934,-0.05134406313300133,0.0,0.5579214096069336,3.7040927410125732,174.02368510784356
1778421212.9871507,0.21840199828147888,3.04439377784729,-0.05134406313300133,0.0,0.7375548481941223,3.8759677410125732,174.43091464653807
1778421212.987217,0.21900740265846252,3.0534119606018066,-0.05134406313300133,0.0,0.9278059601783752,4.020498752593994,174.94761845724952
1778421212.9878209,0.2197386920452118,3.064234495162964,-0.05134406313300133,0.0,1.1157830953598022,4.178701877593994,175.5677040112383
1778421213.0457385,0.22036223113536835,3.0768883228302,-0.05134406313300133,0.0,1.305627465248108,4.348623752593994,176.29271493125682
1778421213.0463014,0.22029100358486176,3.0914864540100098,-0.05134406313300133,0.0,1.50883150100708,4.532217502593994,177.12912623663823
1778421213.0469332,0.21975933015346527,3.1077542304992676,-0.05134406313300133,0.0,1.6850500106811523,4.688467502593994,178.06120117153486
1778421213.0474193,0.2190050184726715,3.125560998916626,-0.05134406313300133,0.0,1.8364715576171875,4.834951877593994,179.08145384861635
1778421213.0479155,0.21875981986522675,3.144606351852417,0.03654784709215164,177.02298235422734,1.966005563735962,4.834951877593994,180.17267219117426
1778421213.0485451,0.21881063282489777,3.164522171020508,0.06532618403434753,45.70892202988496,2.0587127208709717,4.834951877593994,181.3137645750516
1778421213.1056995,0.2197166383266449,3.184997320175171,0.06532618403434753,0.0,2.1144039630889893,5.071280002593994,182.48690420651465
1778421213.1067433,0.2212401032447815,3.2056162357330322,0.10632636398077011,39.287255559268054,2.1286065578460693,5.071280002593994,183.66828104611673
1778421213.107813,0.22383441030979156,3.226196050643921,0.1264766901731491,18.832080581162696,2.1263175010681152,5.071280002593994,184.84741758367107
1778421213.1082182,0.22638361155986786,3.2465851306915283,0.1465124636888504,49.39786327944772,2.095036745071411,5.071280002593994,186.01562581855336
1778421213.108745,0.2287471890449524,3.266153335571289,0.1465124636888504,0.0,2.0235071182250977,4.889639377593994,187.13680137081096
1778421213.1092403,0.2305988073348999,3.2798311710357666,0.17239448428153992,52.244690475134405,1.4147369861602783,4.889639377593994,187.92048361579987
1778421213.1649864,0.2384408861398697,3.2809762954711914,0.17314423620700836,0.0134495747730641,0.1132986843585968,4.889639377593994,187.98609441296702
1778421213.1657097,0.24890007078647614,3.2811522483825684,0.17355534434318542,0.5679073714186789,0.014964088797569275,4.889639377593994,187.99617577218197
1778421213.1657586,0.25686782598495483,3.2818617820739746,0.17355534434318542,0.0,0.06497207283973694,3.1845614910125732,188.03682905812187
1778421213.1661024,0.26132938265800476,3.283039093017578,0.17626948654651642,7.899133373301691,0.13143035769462585,3.1845614910125732,188.10428400636494
1778421213.1666386,0.26331260800361633,3.283806562423706,0.17720715701580048,1.7497116228065412,0.09676402062177658,3.1845614910125732,188.14825676424147
1778421213.2245364,0.26257243752479553,3.2845582962036133,0.17896494269371033,0.030360408483618314,0.07651764154434204,3.1845614910125732,188.19132793714758
1778421213.2250142,0.26046618819236755,3.2853498458862305,0.18002398312091827,2.2141760783553237,0.07380693405866623,3.2079989910125732,188.23668039323644
1778421213.225157,0.2585976719856262,3.2863309383392334,0.18109744787216187,7.5067458806380785,0.10100449621677399,3.2079989910125732,188.29289285010566
1778421213.2255535,0.25640419125556946,3.2873737812042236,0.18109744787216187,0.0,0.11115828156471252,3.2119052410125732,188.35264334496492
1778421213.225895,0.2548244893550873,3.2884888648986816,0.18227209150791168,3.4406666771806456,0.11708017438650131,3.2119052410125732,188.41653293446123
1778421213.2272658,0.25375327467918396,3.2896170616149902,0.18358935415744781,0.963122507996478,0.1143285483121872,3.2119052410125732,188.48117384476623
1778421213.285828,0.25262418389320374,3.2905948162078857,0.18443748354911804,0.014482069929666304,0.10313583165407181,3.2119052410125732,188.53719505633867
1778421213.2868857,0.2518450617790222,3.2913758754730225,0.18443748354911804,0.0,0.07634967565536499,3.1279208660125732,188.58194645578058
1778421213.2875326,0.2506992518901825,3.291670083999634,0.18443748354911804,0.0,0.039581093937158585,3.1064364910125732,188.59880336265218
1778421213.2882445,0.24885879456996918,3.291661262512207,0.18551211059093475,1.5086720060327425,0.0002932269126176834,3.1064364910125732,188.5982979286536
1778421213.2891154,0.24657385051250458,3.291317939758301,0.1849430650472641,-0.6533243707349399,-0.04055282473564148,3.1064364910125732,188.57862698384398
1778421213.2897944,0.24394045770168304,3.2904512882232666,0.1849430650472641,0.0,-0.08263949304819107,3.0341708660125732,188.52897150857797
1778421213.345684,0.24088995158672333,3.2893307209014893,0.1849430650472641,0.0,-0.11515763401985168,2.9931552410125732,188.46476773037986
1778421213.3465483,0.23730440437793732,3.2877871990203857,0.1849430650472641,0.0,-0.15820962190628052,2.9619052410125732,188.37633044100653
1778421213.3466132,0.2342412769794464,3.285869836807251,0.1849430650472641,0.0,-0.19973793625831604,2.9306552410125732,188.26647367839604
1778421213.3481421,0.23192082345485687,3.283143997192383,0.1849430650472641,0.0,-0.2477189302444458,2.8935458660125732,188.11029457283453
1778421213.3490002,0.22918571531772614,3.28025221824646,0.1849430650472641,0.0,-0.284226655960083,2.8310458660125732,187.94460784394838
1778421213.349189,0.2260139286518097,3.27701735496521,0.1849430650472641,0.0,-0.322752982378006,2.7763583660125732,187.75926383063089
1778421213.406265,0.2222437709569931,3.2732174396514893,0.1849430650472641,0.0,-0.37378963828086853,2.6962802410125732,187.54154472064758
1778421213.4069383,0.21858344972133636,3.2688992023468018,0.1849430650472641,0.0,-0.44345974922180176,2.6415927410125732,187.29412794815303
1778421213.4074445,0.21688689291477203,3.2637853622436523,0.1849430650472641,0.0,-0.5316435098648071,2.6454989910125732,187.00112649313783
1778421213.4080217,0.21722805500030518,3.2581944465637207,0.1849430650472641,0.0,-0.5745990872383118,2.5810458660125732,186.68079062106423
1778421213.4084938,0.21897350251674652,3.2520737648010254,0.1849430650472641,0.0,-0.6201080083847046,2.5732333660125732,186.3301013883191
1778421213.4092083,0.22075539827346802,3.2456183433532715,0.1849430650472641,0.0,-0.6694899797439575,2.5654208660125732,185.96023298438456
1778421213.4647388,0.22250132262706757,3.2389237880706787,0.1849430650472641,0.0,-0.6875131130218506,2.5302646160125732,185.57666322097498
1778421213.4652853,0.22360630333423615,3.2320451736450195,0.1849430650472641,0.0,-0.7165105938911438,2.4872958660125732,185.18254764548692
1778421213.465747,0.22383840382099152,3.224634885787964,0.1849430650472641,0.0,-0.7637197375297546,2.4775302410125732,184.75796942630058
1778421213.46641,0.2238052934408188,3.21701717376709,0.1849430650472641,0.0,-0.7852545976638794,2.4833896160125732,184.3215066779584
1778421213.4669394,0.22559291124343872,3.2093560695648193,0.1849430650472641,0.0,-0.7878203392028809,2.5126864910125732,183.8825577407584
1778421213.4673579,0.2293248474597931,3.2017877101898193,0.1849430650472641,0.0,-0.7804639339447021,2.5654208660125732,183.44892269073262
1778421213.52511,0.23498152196407318,3.1945641040802,0.1849430650472641,0.0,-0.7487529516220093,2.6259677410125732,183.0350405477865
1778421213.5257552,0.2424251139163971,3.187788486480713,0.1849430650472641,0.0,-0.6980666518211365,2.7021396160125732,182.64682625574133
1778421213.5264788,0.25866395235061646,3.1762781143188477,0.1849430650472641,0.0,-0.6284624338150024,2.7841708660125732,181.98733051024158
1778421213.5270672,0.26645952463150024,3.1718056201934814,0.1849430650472641,0.0,-0.5492123961448669,2.8564364910125732,181.73107547296104
1778421213.5273936,0.2745591402053833,3.167433261871338,0.1849430650472641,0.0,-0.46529895067214966,2.7704989910125732,181.48055779458332
1778421213.5278363,0.28273656964302063,3.159489154815674,0.1849430650472641,0.0,-0.45791327953338623,2.4111239910125732,181.02539398829367
1778421213.5857587,0.29233357310295105,3.1509804725646973,0.1849430650472641,0.0,-0.8260737061500549,2.4228427410125732,180.53788240609484
1778421213.5858326,0.30230844020843506,3.1424765586853027,0.1849430650472641,0.0,-0.879246175289154,2.4560458660125732,180.0506440314628
1778421213.5863967,0.31363868713378906,3.134308099746704,0.1849430650472641,0.0,-0.8759188652038574,2.4599521160125732,179.5826258091552
1778421213.5867314,0.3256308138370514,3.1263210773468018,0.1849430650472641,0.0,-0.8505070209503174,2.5029208660125732,179.12500313476434
1778421213.5878155,0.33820968866348267,3.118844747543335,0.1849430650472641,0.0,-0.8207653760910034,2.5263583660125732,178.6966409907778
1778421213.5883207,0.35042887926101685,3.1116750240325928,0.1849430650472641,0.0,-0.7818472385406494,2.5595614910125732,178.28584609333657
1778421213.6452906,0.3606550395488739,3.1059248447418213,0.1849430650472641,0.0,-0.7407608032226562,2.9306552410125732,177.95638508853185
1778421213.646095,0.3716624677181244,3.1045641899108887,0.1849430650472641,0.0,-0.599266529083252,3.2216708660125732,177.87842530934532
1778421213.6465893,0.38325512409210205,3.1041133403778076,0.1849430650472641,0.0,-0.13986608386039734,3.1513583660125732,177.85259353390433
1778421213.646996,0.3934163451194763,3.103834867477417,0.1849430650472641,0.0,-0.03807811066508293,3.0810458660125732,177.83663821200318
1778421213.6475031,0.40567490458488464,3.1033823490142822,0.1849430650472641,0.0,-0.028170637786388397,3.0595614910125732,177.8107108139138
1778421213.6479025,0.4179112911224365,3.102860927581787,0.1849430650472641,0.0,-0.04809039831161499,3.0556552410125732,177.78083556648417
1778421213.7045524,0.42821526527404785,3.102444648742676,0.1849430650472641,0.0,-0.04719953238964081,3.0595614910125732,177.7569845459025
1778421213.7052128,0.43617889285087585,3.1021604537963867,0.1849430650472641,0.0,-0.038622841238975525,3.0790927410125732,177.74070137492117
1778421213.7057335,0.4429160952568054,3.1018941402435303,0.1849430650472641,0.0,-0.03391485661268234,3.0947177410125732,177.72544273231537
1778421213.706318,0.44993558526039124,3.101673126220703,0.1849430650472641,0.0,-0.024165146052837372,3.0927646160125732,177.71277956159417
1778421213.7068353,0.4572164714336395,3.101361036300659,0.1849430650472641,0.0,-0.029453955590724945,3.1396396160125732,177.69489812634708
1778421213.7072856,0.46335333585739136,3.1010582447052,0.1849430650472641,0.0,-0.02860378473997116,3.1747958660125732,177.67754944585525
1778421213.7657373,0.46951377391815186,3.1006689071655273,0.1849430650472641,0.0,-0.026897098869085312,3.1689364910125732,177.65524204802597
1778421213.7666194,0.47551241517066956,3.1004791259765625,0.1849430650472641,0.0,-0.028502264991402626,3.1630771160125732,177.6443683868673
1778421213.7679558,0.48044639825820923,3.100304365158081,0.1849430650472641,0.0,-0.02389867976307869,3.1572177410125732,177.63435532954406
1778421213.7689521,0.48369571566581726,3.1001572608947754,0.1849430650472641,0.0,-0.021929094567894936,3.1552646160125732,177.62592687610828
1778421213.7697139,0.48561984300613403,3.100104331970215,0.1849430650472641,0.0,-0.01480102725327015,3.1454989910125732,177.6228942721168
1778421213.770211,0.4864232838153839,3.1000523567199707,0.1849430650472641,0.0,-0.013120293617248535,3.1376864910125732,177.61991630963868
1778421213.825305,0.48660725355148315,3.1000051498413086,0.1849430650472641,0.0,-0.002925340784713626,3.1435458660125732,177.61721155472733
1778421213.8267326,0.4868101179599762,3.100072145462036,0.1849430650472641,0.0,-0.0032908383291214705,3.1396396160125732,177.6210501210409
1778421213.8273933,0.48734214901924133,3.0999844074249268,0.1849430650472641,0.0,-0.001552199712023139,3.1474521160125732,177.61602310181178
1778421213.827968,0.4883487820625305,3.099999189376831,0.1849430650472641,0.0,-0.0024297519121319056,3.1435458660125732,177.61687004526885
1778421213.828639,0.48972412943840027,3.099919319152832,0.1849430650472641,0.0,-0.0028492636047303677,3.1454989910125732,177.61229381852493
1778421213.829039,0.49128270149230957,3.0999603271484375,0.1849430650472641,0.0,-0.006329546682536602,3.1513583660125732,177.61464340359942
1778421213.884288,0.49268588423728943,3.099949598312378,0.1849430650472641,0.0,-0.004872716031968594,3.1474521160125732,177.61402868657413
1778421213.8849213,0.4937625229358673,3.099932909011841,0.1849430650472641,0.0,-0.007355755195021629,3.1513583660125732,177.6130724600903
1778421213.885475,0.49470219016075134,3.0999791622161865,0.1849430650472641,0.0,-0.004235883709043264,3.1435458660125732,177.61572257348828
1778421213.8859315,0.49543869495391846,3.0999579429626465,0.1849430650472641,0.0,-0.0032334807328879833,3.1396396160125732,177.614506799816
1778421213.8864481,0.49599066376686096,3.0999841690063477,0.1849430650472641,0.0,-0.0020831841975450516,3.1474521160125732,177.61600944143342
1778421213.8869243,0.49647417664527893,3.1000418663024902,0.1849430650472641,0.0,-0.0011389692081138492,3.1415927410125732,177.6193152529917
1778421213.9450045,0.4970450699329376,3.1001830101013184,0.1849430650472641,0.0,-0.003933956380933523,3.1415927410125732,177.627402196969
1778421213.945582,0.49768686294555664,3.1001241207122803,0.1849430650472641,0.0,-0.0054496885277330875,3.1396396160125732,177.62402808351902
1778421213.9460137,0.4984695315361023,3.1002871990203857,0.1849430650472641,0.0,-0.0021496592089533806,3.1415927410125732,177.63337178230358
1778421213.9460618,0.4992068409919739,3.1002657413482666,0.1849430650472641,0.0,-0.005086857825517654,3.1376864910125732,177.63214234825298
1778421213.9464653,0.500031590461731,3.100328207015991,0.1849430650472641,0.0,-0.002315577119588852,3.1435458660125732,177.63572136737807
1778421213.9468527,0.5007691979408264,3.100306749343872,0.1849430650472641,0.0,-0.005511670373380184,3.1454989910125732,177.63449193332747
1778421214.0048132,0.5015257596969604,3.100400686264038,0.1849430650472641,0.0,-0.0020713654812425375,3.1454989910125732,177.63987412239345
1778421214.005979,0.5019832253456116,3.1003894805908203,0.1849430650472641,0.0,-0.0040599689818918705,3.1396396160125732,177.63923208461148
1778421214.006906,0.5024676322937012,3.100447177886963,0.1849430650472641,0.0,0.0013254352379590273,3.1415927410125732,177.64253789616976
1778421214.0073743,0.5028353333473206,3.1005210876464844,0.1849430650472641,0.0,-0.0008383244276046753,3.1415927410125732,177.64677261345517
1778421214.0080173,0.5032245516777039,3.100541353225708,0.1849430650472641,0.0,-0.00449857534840703,3.1454989910125732,177.64793374561407
1778421214.0085506,0.5037776231765747,3.100567579269409,0.1849430650472641,0.0,-0.0041476706974208355,3.1396396160125732,177.64943638723148
1778421214.06516,0.504516065120697,3.10054612159729,0.1849430650472641,0.0,-0.0033937012776732445,3.1474521160125732,177.64820695318087
1778421214.0656204,0.505527138710022,3.1005609035491943,0.1849430650472641,0.0,-0.007851689122617245,3.1474521160125732,177.64905389663795
1778421214.0661645,0.5065385103225708,3.1005756855010986,0.1849430650472641,0.0,-0.00468348478898406,3.1454989910125732,177.64990084009503
1778421214.0666,0.5070919990539551,3.1006019115448,0.011101757176220417,-399.17636867863797,-0.0006609705160371959,3.1454989910125732,177.65140348171244
1778421214.0670414,0.5073046088218689,3.10062313079834,0.011099574156105518,-0.004959155134720255,0.00010882370406761765,3.1454989910125732,177.65261925538468
1778421214.0674646,0.5073233246803284,3.1007392406463623,0.011095758527517319,-0.008999124070796715,-0.002522543538361788,3.1454989910125732,177.65927185963628
1778421214.1267269,0.5073916912078857,3.1007072925567627,0.01098660845309496,-0.0018418471848154936,-0.003715258790180087,3.1454989910125732,177.65744136893872
1778421214.127415,0.5077816247940063,3.1007280349731445,0.011091392487287521,0.15214757277352106,-0.002971949288621545,3.1454989910125732,177.6586298218543
1778421214.1283772,0.508081316947937,3.1008336544036865,0.011255240999162197,0.17028529739323806,-0.004386538174003363,3.1454989910125732,177.66468136945895
1778421214.129303,0.5086349248886108,3.1008596420288086,0.011525796726346016,0.2921768087229019,-0.0034439628943800926,3.1454989910125732,177.666170350698
1778421214.1299567,0.5093061923980713,3.10086989402771,0.01168551854789257,0.24478440395064543,-0.002910649636760354,3.1454989910125732,177.66675774696662
1778421214.1303773,0.509901225566864,3.100795030593872,0.011847147718071938,0.38391726493126727,-0.007068677805364132,3.1454989910125732,177.66246838816784
1778421214.184777,0.5103868842124939,3.1008529663085938,0.0121196573600173,0.005009350001832545,-0.00218177936039865,3.1454989910125732,177.66578786010447
1778421214.1853092,0.5107772350311279,3.1008739471435547,0.012228823266923428,0.20481409040425386,-0.0039938283152878284,3.1454989910125732,177.6669899733984
1778421214.185799,0.5109408497810364,3.100878953933716,0.012394567020237446,0.33901359033917183,-0.004511652048677206,3.1454989910125732,177.66727684134355
1778421214.1861951,0.5111454129219055,3.100947618484497,0.012560310773551464,0.4173854308759469,-0.0007285461761057377,3.1454989910125732,177.67121103030547
1778421214.1866226,0.5116313099861145,3.1010055541992188,0.01266534999012947,0.24599348619456027,-0.004199787974357605,3.1454989910125732,177.6745305022421
1778421214.1870787,0.5118855237960815,3.100925922393799,0.012830900028347969,0.3628096300190792,-0.0015067055355757475,3.1454989910125732,177.6699679358765
1778421214.2453039,0.5123715400695801,3.1009838581085205,0.012992695905268192,0.002778866286173711,-0.0014003791147843003,3.1454989910125732,177.67328740781315
1778421214.2460265,0.5127125978469849,3.1009886264801025,0.01315627247095108,0.22609062027603302,-0.004514538682997227,3.1454989910125732,177.67356061537996
1778421214.2465732,0.5131305456161499,3.101078510284424,0.013319849036633968,0.29893377969134516,-0.006673893425613642,3.1454989910125732,177.67871057801415
1778421214.2470324,0.5136849284172058,3.101104497909546,0.01342074666172266,0.21982053272056773,-0.0034513312857598066,3.1454989910125732,177.6801995592532
1778421214.2476506,0.5142393708229065,3.101130485534668,0.013578176498413086,0.2546172382606312,-0.0035622124560177326,3.1454989910125732,177.68168854049227
1778421214.2482986,0.5149714946746826,3.10115647315979,0.013739585876464844,0.249165443861035,-0.00253665866330266,3.1454989910125732,177.68317752173132
1778421214.3065538,0.5154393911361694,3.101097583770752,0.013737581670284271,-3.4404433344569367e-05,-0.0066450210288167,3.1454989910125732,177.67980340828134
1778421214.307342,0.5156442523002625,3.1011667251586914,0.013903276063501835,0.20989915121080266,-0.002208669437095523,3.1454989910125732,177.68376491799995
1778421214.3077729,0.5156442523002625,3.1011667251586914,0.014012474566698074,0.25324328514484995,0.002081711543723941,3.1454989910125732,177.68376491799995
1778421214.3086255,0.5157583355903625,3.101320505142212,0.014178169891238213,0.19443243927563633,-0.0008676447905600071,3.1454989910125732,177.69257586202926
1778421214.3091679,0.5159446597099304,3.1012725830078125,0.014341726899147034,0.30165438798487376,0.003512592753395438,3.1454989910125732,177.68983012598292
1778421214.3097217,0.5162177085876465,3.1013095378875732,0.014339588582515717,-0.0038674562442426634,-0.0005527293542400002,3.1454989910125732,177.69194748462562
1778421214.3655138,0.5165181159973145,3.1014153957366943,0.014501111581921577,0.0028950769100004616,-0.0012950070668011904,3.1454989910125732,177.6980126926086
1778421214.3662834,0.5169861912727356,3.1013565063476562,0.014662619680166245,0.2096146588719522,-0.007116270251572132,3.1454989910125732,177.6946385791586
1778421214.3663378,0.5173274278640747,3.1013615131378174,0.014824113808572292,2.9256191288145406,-0.007319062948226929,3.1454989910125732,177.69492544710374
1778421214.3667052,0.5177462697029114,3.1014516353607178,0.014819925650954247,-0.011418096044545047,0.0008122967556118965,3.1454989910125732,177.7000890701163
1778421214.3673375,0.518019437789917,3.1014888286590576,0.014983536675572395,0.25883724374897293,-0.0064538526348769665,3.1454989910125732,177.7022200891373
1778421214.425456,0.5182740092277527,3.1014087200164795,0.015088505111634731,0.0018061354120806048,-0.00166412815451622,3.1454989910125732,177.69763020201506
1778421214.426119,0.5185064673423767,3.1015467643737793,0.015144994482398033,0.08522838296250831,-0.0001702078152447939,3.1454989910125732,177.70553956107395
1778421214.426927,0.5187609791755676,3.101466655731201,0.015308508649468422,0.20204394984114984,-0.000864138244651258,3.1454989910125732,177.7009496739517
1778421214.42742,0.5190616250038147,3.1015727519989014,0.015306370332837105,-0.0043417594384456085,0.0003874943358823657,3.1454989910125732,177.70702854231303
1778421214.4278498,0.5191482901573181,3.1016578674316406,0.015467865392565727,0.3754825968088099,-0.0017441038507968187,3.1454989910125732,177.7119052973804
1778421214.4283316,0.5194029211997986,3.1015779972076416,0.015572857111692429,0.21800606128362637,-0.003426652867347002,3.1454989910125732,177.7073290706365
1778421214.4853752,0.5197035074234009,3.1016838550567627,0.015627140179276466,0.0009516183009133281,-0.004619264509528875,3.1454989910125732,177.71339427861946
1778421214.4854515,0.5200954079627991,3.101705312728882,0.015727929770946503,1.298834796775776,-0.0026109451428055763,3.1454989910125732,177.71462371267006
1778421214.4863358,0.5205827951431274,3.1017634868621826,0.015782169997692108,0.06139244851273658,-0.004710653331130743,3.1454989910125732,177.71795684498503
1778421214.4873848,0.5208560228347778,3.1018009185791016,0.01588510535657406,0.0982301349485649,-0.0011785195674747229,3.1454989910125732,177.7201015243844
1778421214.488377,0.5211381912231445,3.1017894744873047,0.015941407531499863,0.056876628894996735,-0.002804047428071499,3.1454989910125732,177.7194458262241
1778421214.489149,0.5213435292243958,3.1018588542938232,0.01604648306965828,0.1357039078666641,-0.000373783172108233,3.1454989910125732,177.72342099632104
1778421214.5455005,0.5214115977287292,3.1018269062042236,0.01604648306965828,0.0,-0.003682576585561037,3.1454989910125732,177.72159050562348
1778421214.5460925,0.5215069651603699,3.101863384246826,0.016209954395890236,0.27585441425201707,-0.0013648541644215584,3.1454989910125732,177.72368054350952
1778421214.546564,0.5217123627662659,3.101933002471924,0.016209954395890236,0.0,-0.004247264936566353,3.1474521160125732,177.72766937398478
1778421214.547109,0.5218991041183472,3.1018848419189453,0.016209954395890236,0.0,-0.003981743007898331,3.1435458660125732,177.72490997756012
1778421214.5476096,0.5222679972648621,3.101958990097046,0.016209954395890236,0.0,-0.00041909998981282115,3.1435458660125732,177.72915835522386
1778421214.548007,0.5230291485786438,3.1020545959472656,0.016507122665643692,0.7479694712318194,-0.0021405238658189774,3.1435458660125732,177.7346361669382
1778421214.6053936,0.5239588022232056,3.1019845008850098,0.016507122665643692,0.0,-0.0052365511655807495,3.1454989910125732,177.73062001570625
1778421214.6070569,0.5244872570037842,3.1019418239593506,0.016507122665643692,0.0,-0.0005491591291502118,3.1396396160125732,177.72817480798338
1778421214.608416,0.5247203707695007,3.1020801067352295,0.016771402209997177,0.19426605761702698,-0.005204344168305397,3.1396396160125732,177.7360978274206
1778421214.609265,0.5247203707695007,3.1020801067352295,0.016771402209997177,0.0,0.0018963604234158993,3.1396396160125732,177.7360978274206
1778421214.609764,0.5247203707695007,3.1020801067352295,0.016769278794527054,-0.0042451326726147395,0.0007307016057893634,3.1396396160125732,177.7360978274206
1778421214.6101189,0.5247883796691895,3.102047920227051,0.016769278794527054,0.0,-0.002456030808389187,3.1357333660125732,177.73425367634468
1778421214.6654453,0.5250893831253052,3.10215425491333,0.016928423196077347,0.0028765004609522865,-0.0029021608643233776,3.1357333660125732,177.74034620508434
1778421214.6655095,0.5252764225006104,3.1021060943603516,0.017033565789461136,1.6175783553470229,-0.0014668975491076708,3.1357333660125732,177.73758680865964
1778421214.6667216,0.5254820585250854,3.1021759510040283,0.01708967797458172,0.04637754006936473,-0.0016628140583634377,3.1357333660125732,177.74158929951327
1778421214.666807,0.5254820585250854,3.1021759510040283,0.01719696633517742,1.2219631163639437,0.0018699730280786753,3.1357333660125732,177.74158929951327
1778421214.6674275,0.5255500078201294,3.1021437644958496,0.017194820567965508,-0.0034603566972179443,-0.0026291003450751305,3.1357333660125732,177.73974514843738
1778421214.6678634,0.5257832407951355,3.1022822856903076,0.017190558835864067,-0.009785837240686875,-0.0027293642051517963,3.1357333660125732,177.74768182825292
1778421214.7247474,0.5258511900901794,3.102250099182129,0.017293600365519524,0.001811423005442079,-0.002853317651897669,3.1357333660125732,177.74583767717704
1778421214.7251449,0.526244044303894,3.102271795272827,0.017452724277973175,0.40051324711430353,-0.0033122170716524124,3.1357333660125732,177.74708077160597
1778421214.725763,0.5264074206352234,3.102275848388672,0.017450569197535515,-0.0034866208787134043,-0.0021463236771523952,3.1357333660125732,177.74731299803776
1778421214.7261558,0.5266131162643433,3.1023459434509277,0.017450569197535515,0.0,-0.0016654398059472442,3.1396396160125732,177.7513291492697
1778421214.7266726,0.5266131162643433,3.1023459434509277,0.017508774995803833,0.11264911488476444,0.0004346292407717556,3.1396396160125732,177.7513291492697
1778421214.7271283,0.5268003344535828,3.102297782897949,0.017613941803574562,0.23067956266242032,-0.0007308511412702501,3.1396396160125732,177.74856975284504
1778421214.8452084,0.5269143581390381,3.102452278137207,0.017609672620892525,-3.615546167945289e-05,-0.004457429051399231,3.1396396160125732,177.75742167800936
1778421214.8457992,0.5271015167236328,3.1024041175842285,0.017605401575565338,-0.007221923206141784,-0.005289369262754917,3.1396396160125732,177.75466228158467
1778421214.8467288,0.5273752808570862,3.1024420261383057,0.017710642889142036,0.11317487107885824,-0.0026752804405987263,3.1396396160125732,177.75683428174074
1778421214.847499,0.5276580452919006,3.1024301052093506,0.017766591161489487,0.07257526656866477,0.00023695515119470656,3.1396396160125732,177.75615126282375
1778421214.8485842,0.5275900959968567,3.1024622917175293,0.017766591161489487,0.0,-0.001265058177523315,3.1396396160125732,177.75799541389964
1778421214.8494947,0.5276085734367371,3.1025805473327637,0.017874008044600487,0.11794980303382273,-0.0007345846388489008,3.1396396160125732,177.7647709615563
1778421214.8500364,0.5276085734367371,3.1025805473327637,0.017871839925646782,-0.004001695950716227,-0.0044649275951087475,3.1396396160125732,177.7647709615563
1778421214.8508506,0.5276085734367371,3.1025805473327637,0.01786973886191845,-0.002580842315117658,-0.0030151449609547853,3.1396396160125732,177.7647709615563
1778421214.8509068,0.5276765823364258,3.102548360824585,0.01786540076136589,-0.07597374232966231,-0.005549821071326733,3.1396396160125732,177.7629268104804
1778421214.8517046,0.5279099941253662,3.102686882019043,0.017863299697637558,-0.0026365463259106817,-0.0014878800138831139,3.1396396160125732,177.77086349029597
1778421214.8521101,0.5281652212142944,3.1026065349578857,0.017919262871146202,0.13814656519480745,-0.0014619434950873256,3.1396396160125732,177.76625994279536
1778421214.8527718,0.528251588344574,3.1026926040649414,0.0179170873016119,-0.0032873519494355033,-0.003694202285259962,3.1396396160125732,177.77119133937612
1778421214.904452,0.528438925743103,3.102644443511963,0.018022365868091583,0.00203710425525145,-0.005675910972058773,3.1396396160125732,177.76843194295142
1778421214.9052458,0.5287217497825623,3.102632522583008,0.018015911802649498,-0.008139822894250281,-0.0021156459115445614,3.1396396160125732,177.76774892403444
1778421214.9059277,0.5292508602142334,3.1025900840759277,0.01800743117928505,-0.012420361939453974,-0.0068283239379525185,3.1396396160125732,177.7653173766899
1778421214.9068022,0.5298075675964355,3.10261607170105,0.01799887791275978,-0.00978522664778841,-0.00511898472905159,3.1396396160125732,177.76680635792897
1778421214.9083028,0.5302689075469971,3.1026058197021484,0.01805036887526512,0.03431358316662052,-0.004101276863366365,3.1396396160125732,177.76621896166034
1778421214.965426,0.5304564237594604,3.10255765914917,0.01805036887526512,0.0,0.0014684482011944056,3.1396396160125732,177.76345956523565
1778421214.9662902,0.5304564237594604,3.10255765914917,0.01805036887526512,0.0,-0.0018680167850106955,3.1396396160125732,177.76345956523565
1778421214.9663558,0.5304564237594604,3.10255765914917,0.01805036887526512,0.0,-0.0005893809138797224,3.1396396160125732,177.76345956523565
1778421214.9665587,0.5306715369224548,3.1025779247283936,0.018048260360956192,-0.010391889025044641,-1.1942698620259762e-05,3.1396396160125732,177.76462069739455
1778421214.9668465,0.5307579040527344,3.102663993835449,0.018046077340841293,-0.007590473858160306,-0.002606114139780402,3.1396396160125732,177.7695520939753
1778421214.96728,0.5307579040527344,3.102663993835449,0.018209345638751984,0.3766281276462414,-0.0015785368159413338,3.1396396160125732,177.7695520939753
1778421215.0364852,0.5307579040527344,3.102663993835449,0.018209345638751984,0.0,-0.0012154191499575973,3.1396396160125732,177.7695520939753
1778421215.0444372,0.5307579040527344,3.102663993835449,0.018209345638751984,0.0,-0.0031097885221242905,3.1396396160125732,177.7695520939753
1778421215.0449414,0.5309455394744873,3.1026158332824707,0.018207155168056488,-0.004338424803173027,0.0020570731721818447,3.1396396160125732,177.7667926975506
1778421215.047895,0.5310133099555969,3.102583646774292,0.01820504665374756,-0.0007141937812144322,0.002547146286815405,3.1396396160125732,177.76494854647473
1778421215.0485315,0.5312008857727051,3.1025352478027344,0.018202856183052063,-0.003436032496401511,-0.0033110391814261675,3.1396396160125732,177.7621754896717
1778421215.0487423,0.5312687158584595,3.1025030612945557,0.018202856183052063,0.0,-0.0022215305361896753,3.1396396160125732,177.7603313385958
1778421215.0940042,0.5312687158584595,3.1025030612945557,0.018200745806097984,-4.662765420246941e-05,-0.0015315134078264236,3.1396396160125732,177.7603313385958
1778421215.0952036,0.5314069390296936,3.1026055812835693,0.01819855533540249,-0.0018273718717055003,-0.00039058277616277337,3.1396396160125732,177.766205301282
1778421215.0964243,0.5315024852752686,3.1026418209075928,0.018198637291789055,6.705644495304048e-05,-0.0019814646802842617,3.1396396160125732,177.7682816787897
1778421215.097103,0.5315024852752686,3.1026418209075928,0.018303925171494484,0.15494905180618931,0.0014569656923413277,3.1396396160125732,177.7682816787897
1778421215.145318,0.5316901206970215,3.1025936603546143,0.01830182410776615,-4.357751476296061e-05,-0.0002247696538688615,3.1396396160125732,177.765522282365
1778421215.1462808,0.5317579507827759,3.1025612354278564,0.018299631774425507,-0.0022803550776346352,-0.0013910229317843914,3.1396396160125732,177.76366447091075
1778421215.1468902,0.5319640636444092,3.1026315689086914,0.018297530710697174,-0.0034370419348443647,-0.0003668498247861862,3.1396396160125732,177.76769428252106
1778421215.1471517,0.5322194695472717,3.102550983428955,0.018293239176273346,-0.01643006991604459,-0.0022075013257563114,3.1396396160125732,177.76307707464213
1778421215.147819,0.5322873592376709,3.1025185585021973,0.018348881974816322,0.08337248948387535,-0.0008075735531747341,3.1396396160125732,177.76121926318788
1778421215.14878,0.5322873592376709,3.1025185585021973,0.018454279750585556,0.10964087605525605,0.003949463367462158,3.1396396160125732,177.76121926318788
1778421215.1490684,0.5322873592376709,3.1025185585021973,0.018454279750585556,0.0,-0.0034732797648757696,3.1396396160125732,177.76121926318788
1778421215.1496449,0.5322873592376709,3.1025185585021973,0.018452081829309464,-0.00381517305234961,-0.0019511047285050154,3.1396396160125732,177.76121926318788
1778421215.2082932,0.5322873592376709,3.1025185585021973,0.018452081829309464,0.0,-0.00205149850808084,3.1396396160125732,177.76121926318788
1778421215.2654603,0.5325027704238892,3.102538824081421,0.01844998076558113,-3.675276561850335e-05,-0.0023199671413749456,3.1396396160125732,177.7623803953468
1778421215.2660565,0.5325705409049988,3.102506399154663,0.01844778284430504,-0.0036816101428359437,-0.0017903202679008245,3.1396396160125732,177.76052258389257
1778421215.2667787,0.5325705409049988,3.102506399154663,0.01844778284430504,0.0,-0.0043601393699646,3.1396396160125732,177.76052258389257
1778421215.26738,0.5325705409049988,3.102506399154663,0.018503477796912193,0.09243975700209191,-0.002407764084637165,3.1396396160125732,177.76052258389257
1778421215.267988,0.5327767133712769,3.102576971054077,0.018501272425055504,-0.003633830745566869,0.0019806816708296537,3.1396396160125732,177.7645660558812
1778421215.2683938,0.5329644680023193,3.1025285720825195,0.01844138093292713,-0.147189703037942,-0.0010441459016874433,3.1396396160125732,177.76179299907818
1778421215.2691236,0.5330322980880737,3.1024961471557617,0.01843918301165104,-0.003016636438387737,0.0014263733755797148,3.1396396160125732,177.75993518762394
1778421215.2696826,0.5332199931144714,3.102447986602783,0.018437081947922707,-0.0037559236491145702,-0.0014430093578994274,3.1396396160125732,177.75717579119924
1778421215.2701538,0.5333062410354614,3.102534294128418,0.018437081947922707,0.0,0.00019548658747226,3.1396396160125732,177.76212084815833
1778421215.2702742,0.5335217714309692,3.1025545597076416,0.018434980884194374,-0.01742175330042461,0.0003417374100536108,3.1396396160125732,177.76328198031723
1778421215.2708201,0.5335217714309692,3.1025545597076416,0.018432781100273132,-0.004032601199035151,0.000839369313325733,3.1396396160125732,177.76328198031723
1778421215.2712696,0.5335895419120789,3.102522134780884,0.01843058317899704,-0.004885355229109058,-0.0002263153437525034,3.1396396160125732,177.761424168863
1778421215.3250644,0.5337772965431213,3.102473735809326,0.018428482115268707,-3.9057367192802926e-05,-0.0031779699493199587,3.1396396160125732,177.75865111205997
1778421215.3257372,0.5342392921447754,3.102463483810425,0.018428482115268707,0.0,0.0026662677992135286,3.1415927410125732,177.75806371579134
1778421215.3264253,0.5347967743873596,3.102489471435547,0.018471166491508484,0.062068309403046876,-0.0007856893353164196,3.1415927410125732,177.75955269703041
1778421215.3268332,0.5353543758392334,3.10251522064209,0.018462536856532097,-0.021140703333073097,-0.002035070676356554,3.1415927410125732,177.76102801789114
1778421215.3272383,0.5356100797653198,3.1024343967437744,0.018462536856532097,0.0,0.0014232925605028868,3.1435458660125732,177.75639714963387
1778421215.3855855,0.5356100797653198,3.1024343967437744,0.018462536856532097,0.0,-0.0006842867005616426,3.1415927410125732,177.75639714963387
1778421215.3856626,0.5356100797653198,3.1024343967437744,0.018462536856532097,0.0,-0.003006150247529149,3.1415927410125732,177.75639714963387
1778421215.3864617,0.5356100797653198,3.1024343967437744,0.018462536856532097,0.0,-0.0007482635555788875,3.1376864910125732,177.75639714963387
1778421215.3870459,0.535816490650177,3.1025049686431885,0.018462536856532097,0.0,-0.0031580207869410515,3.1435458660125732,177.7604406216225
1778421215.387118,0.5358843207359314,3.1024725437164307,0.018462536856532097,0.0,-0.0015727998688817024,3.1376864910125732,177.75858281016826
1778421215.3877707,0.5358843207359314,3.1024725437164307,0.018462536856532097,0.0,0.0015607781242579222,3.1415927410125732,177.75858281016826
1778421215.4447956,0.5358843207359314,3.1024725437164307,0.018462536856532097,0.0,-0.0017381238285452127,3.1415927410125732,177.75858281016826
1778421215.4454627,0.5358843207359314,3.1024725437164307,0.018462536856532097,0.0,0.0008510483894497156,3.1454989910125732,177.75858281016826
1778421215.4455893,0.5358843207359314,3.1024725437164307,0.018462536856532097,0.0,-0.0012175062438473105,3.1415927410125732,177.75858281016826
1778421215.4457593,0.5358843207359314,3.1024725437164307,0.018462536856532097,0.0,-0.002853215439245105,3.1435458660125732,177.75858281016826
1778421215.4460924,0.5358843207359314,3.1024725437164307,0.018462536856532097,0.0,0.0015607781242579222,3.1415927410125732,177.75858281016826
1778421215.4470491,0.5358843207359314,3.1024725437164307,0.018462536856532097,0.0,-0.0007486334070563316,3.1337802410125732,177.75858281016826
1778421215.504618,0.5358843207359314,3.1024725437164307,0.018462536856532097,0.0,-0.00010134038893738762,3.1376864910125732,177.75858281016826
1778421215.5050035,0.5358843207359314,3.1024725437164307,0.018462536856532097,0.0,-0.0031847204081714153,3.1435458660125732,177.75858281016826
1778421215.5055182,0.5358843207359314,3.1024725437164307,0.018462536856532097,0.0,-0.0049735140055418015,3.1396396160125732,177.75858281016826
1778421215.5061321,0.5358843207359314,3.1024725437164307,0.018462536856532097,0.0,-0.0010537290945649147,3.1435458660125732,177.75858281016826
1778421215.564491,0.5358843207359314,3.1024725437164307,0.018462536856532097,0.0,-0.0006462185992859304,3.1435458660125732,177.75858281016826
1778421215.5652213,0.5358843207359314,3.1024725437164307,0.018462536856532097,0.0,-0.0014826239785179496,3.1376864910125732,177.75858281016826
1778421215.5658379,0.5358843207359314,3.1024725437164307,0.018462536856532097,0.0,-0.003678928129374981,3.1376864910125732,177.75858281016826
1778421215.5665858,0.5358843207359314,3.1024725437164307,0.018462536856532097,0.0,-0.0010030589764937758,3.1415927410125732,177.75858281016826
1778421215.5674486,0.5358843207359314,3.1024725437164307,0.018462536856532097,0.0,-0.0004064359818585217,3.1396396160125732,177.75858281016826
1778421215.5677605,0.5358843207359314,3.1024725437164307,0.018462536856532097,0.0,-0.0019154695328325033,3.1474521160125732,177.75858281016826
1778421215.5684533,0.5358843207359314,3.1024725437164307,0.018462536856532097,0.0,0.002233406063169241,3.1396396160125732,177.75858281016826
1778421215.5689218,0.5358843207359314,3.1024725437164307,0.018462536856532097,0.0,0.002651608781889081,3.1396396160125732,177.75858281016826
1778421215.6309614,0.5358843207359314,3.1024725437164307,0.018462536856532097,0.0,-0.0017117143142968416,3.1454989910125732,177.75858281016826
1778421215.631915,0.5358843207359314,3.1024725437164307,0.018462536856532097,0.0,-0.0006715537165291607,3.1435458660125732,177.75858281016826
1778421215.6327887,0.5358843207359314,3.1024725437164307,0.018462536856532097,0.0,-0.0024096774868667126,3.1474521160125732,177.75858281016826
1778421215.6335413,0.5358843207359314,3.1024725437164307,0.018462536856532097,0.0,-0.0034391458611935377,3.1396396160125732,177.75858281016826
1778421215.6338747,0.5358843207359314,3.1024725437164307,0.018462536856532097,0.0,-0.002588097471743822,3.1396396160125732,177.75858281016826
1778421215.6346543,0.5358843207359314,3.1024725437164307,0.018462536856532097,0.0,-0.0043262215331196785,3.1415927410125732,177.75858281016826
1778421215.6844213,0.5358843207359314,3.1024725437164307,0.018462536856532097,0.0,-0.001471931696869433,3.1474521160125732,177.75858281016826
1778421215.6859272,0.5360722541809082,3.102424144744873,0.018462536856532097,0.0,0.0016631931066513062,3.1376864910125732,177.75580975336524
1778421215.6867294,0.5360722541809082,3.102424144744873,0.018462536856532097,0.0,-0.001523533253930509,3.1454989910125732,177.75580975336524
1778421215.688092,0.5360722541809082,3.102424144744873,0.018462536856532097,0.0,-0.0008505871519446373,3.1454989910125732,177.75580975336524
1778421215.688454,0.5360722541809082,3.102424144744873,0.018462536856532097,0.0,0.0016115132020786405,3.1435458660125732,177.75580975336524
1778421215.6896732,0.5360722541809082,3.102424144744873,0.018462536856532097,0.0,5.2043236792087555e-05,3.1376864910125732,177.75580975336524
1778421215.7445261,0.5360722541809082,3.102424144744873,0.018462536856532097,0.0,0.002855896484106779,3.1454989910125732,177.75580975336524
1778421215.7450943,0.5360722541809082,3.102424144744873,0.018462536856532097,0.0,0.0011936285300180316,3.1376864910125732,177.75580975336524
1778421215.7455122,0.5360722541809082,3.102424144744873,0.018462536856532097,0.0,0.0020040206145495176,3.1435458660125732,177.75580975336524
1778421215.7460804,0.5360722541809082,3.102424144744873,0.018462536856532097,0.0,-2.4088658392429352e-05,3.1415927410125732,177.75580975336524
1778421215.7466896,0.5360722541809082,3.102424144744873,0.018462536856532097,0.0,-0.0012938490835949779,3.1396396160125732,177.75580975336524
1778421215.7471564,0.5361678004264832,3.1024601459503174,0.018462536856532097,0.0,-0.0016504196682944894,3.1435458660125732,177.7578724704946
1778421215.8034918,0.5363742709159851,3.1025307178497314,0.018462536856532097,0.0,-0.0013697851682081819,3.1435458660125732,177.76191594248323
1778421215.8039126,0.5363742709159851,3.1025307178497314,0.018462536856532097,0.0,-0.0010882329661399126,3.1376864910125732,177.76191594248323
1778421215.8042905,0.5363742709159851,3.1025307178497314,0.018462536856532097,0.0,-0.0018654762534424663,3.1435458660125732,177.76191594248323
1778421215.8048382,0.5363742709159851,3.1025307178497314,0.018462536856532097,0.0,0.0005720399785786867,3.1474521160125732,177.76191594248323
1778421215.8055217,0.5363742709159851,3.1025307178497314,0.018462536856532097,0.0,-0.00010130273585673422,3.1435458660125732,177.76191594248323
1778421215.8065467,0.5363742709159851,3.1025307178497314,0.018462536856532097,0.0,-0.0042776670306921005,3.1396396160125732,177.76191594248323
1778421215.864189,0.5363742709159851,3.1025307178497314,0.018462536856532097,0.0,-0.003885504323989153,3.1454989910125732,177.76191594248323
1778421215.8645587,0.5363742709159851,3.1025307178497314,0.019065089523792267,1.6289610105441787,-0.0008506225422024727,3.1454989910125732,177.76191594248323
1778421215.8648477,0.5363742709159851,3.1025307178497314,0.01906285434961319,-0.007739523124445485,-0.0018908019410446286,3.1454989910125732,177.76191594248323
1778421215.9842818,0.5363742709159851,3.1025307178497314,0.01906285434961319,0.0,0.0016122193774208426,3.1454989910125732,177.76191594248323
1778421215.984667,0.5363742709159851,3.1025307178497314,0.01906074583530426,-0.00546955727977403,-0.0014479882083833218,3.1454989910125732,177.76191594248323
1778421215.9851189,0.5365623235702515,3.102482318878174,0.019054165109992027,-0.014555906197731717,-0.0010532280430197716,3.1454989910125732,177.7591428856802
1778421215.9854972,0.5368858575820923,3.1023690700531006,0.01910286396741867,0.12876482712039913,-0.0043125762604177,3.1454989910125732,177.7526542059687
1778421215.98587,0.5375640392303467,3.1023788452148438,0.01909414492547512,-0.02339426422593257,-0.0029586569871753454,3.1454989910125732,177.75321428148064
1778421215.986249,0.5381221175193787,3.1024043560028076,0.01908542588353157,-0.023005387433795505,-0.000645609456114471,3.1454989910125732,177.75467594196303
1778421215.9868581,0.5385846495628357,3.1023943424224854,0.019083309918642044,-0.003472210116852307,-0.0031254859641194344,3.1454989910125732,177.75410220607273
1778421215.9874718,0.5387200117111206,3.1023290157318115,0.01908106729388237,-0.0036548644212542397,0.00230599963106215,3.1454989910125732,177.75035926240758
1778421215.9881618,0.5387200117111206,3.1023290157318115,0.019083309918642044,0.0032511231006776492,0.00013534643221646547,3.1454989910125732,177.75035926240758
1778421215.9889715,0.5387200117111206,3.1023290157318115,0.019083309918642044,0.0,-0.0013766291085630655,3.1454989910125732,177.75035926240758
1778421215.989633,0.5387200117111206,3.1023290157318115,0.019083309918642044,0.0,0.0030196704901754856,3.1435458660125732,177.75035926240758
1778421215.9908285,0.5387200117111206,3.1023290157318115,0.019083309918642044,0.0,0.0020025139674544334,3.1376864910125732,177.75035926240758
1778421215.9914587,0.5388590693473816,3.1024324893951416,0.019083309918642044,0.0,0.0003955521387979388,3.1435458660125732,177.75628786660715
1778421215.9920766,0.5388590693473816,3.1024324893951416,0.019083309918642044,0.0,0.000388078682590276,3.1454989910125732,177.75628786660715
1778421216.0439024,0.5388590693473816,3.1024324893951416,0.019083309918642044,0.0,-0.0006772188935428858,3.1435458660125732,177.75628786660715
1778421216.0445602,0.5388590693473816,3.1024324893951416,0.019186735153198242,0.15708571290150158,-0.0016065752133727074,3.1435458660125732,177.75628786660715
1778421216.0449846,0.5388590693473816,3.1024324893951416,0.019186735153198242,0.0,-0.004366517066955566,3.1435458660125732,177.75628786660715
1778421216.0455701,0.5388590693473816,3.1024324893951416,0.019186735153198242,0.0,-0.002734408713877201,3.1435458660125732,177.75628786660715
1778421216.0465786,0.5388590693473816,3.1024324893951416,0.019186735153198242,0.0,-0.0002636070130392909,3.1376864910125732,177.75628786660715
1778421216.1049402,0.5388590693473816,3.1024324893951416,0.019186735153198242,0.0,-0.0024197353050112724,3.1435458660125732,177.75628786660715
1778421216.1054602,0.5388590693473816,3.1024324893951416,0.019186735153198242,0.0,-0.003096954198554158,3.1435458660125732,177.75628786660715
1778421216.1059773,0.5388590693473816,3.1024324893951416,0.019186735153198242,0.0,-0.003561632242053747,3.1376864910125732,177.75628786660715
1778421216.1064577,0.5388590693473816,3.1024324893951416,0.019186735153198242,0.0,-0.005819893442094326,3.1435458660125732,177.75628786660715
1778421216.1089427,0.5388590693473816,3.1024324893951416,0.019186735153198242,0.0,-7.659950642846525e-05,3.1376864910125732,177.75628786660715
1778421216.1119018,0.5388590693473816,3.1024324893951416,0.019186735153198242,0.0,-0.004941603168845177,3.1435458660125732,177.75628786660715
1778421216.1637316,0.5388590693473816,3.1024324893951416,0.019186735153198242,0.0,-0.0009918920695781708,3.1415927410125732,177.75628786660715
1778421216.1643152,0.5388590693473816,3.1024324893951416,0.019186735153198242,0.0,-0.0008304179063998163,3.1376864910125732,177.75628786660715
1778421216.1651008,0.5388590693473816,3.1024324893951416,0.019186735153198242,0.0,-0.0013544377870857716,3.1454989910125732,177.75628786660715
1778421216.1655874,0.5388590693473816,3.1024324893951416,0.019186735153198242,0.0,-0.0020571898203343153,3.1435458660125732,177.75628786660715
1778421216.1667225,0.5388590693473816,3.1024324893951416,0.019186735153198242,0.0,-0.0024963347241282463,3.1415927410125732,177.75628786660715
1778421216.1679685,0.5388590693473816,3.1024324893951416,0.019186735153198242,0.0,-0.0005412777536548674,3.1396396160125732,177.75628786660715
1778421216.2242646,0.5388590693473816,3.1024324893951416,0.019186735153198242,0.0,-0.003148020477965474,3.1415927410125732,177.75628786660715
1778421216.2247207,0.5388590693473816,3.1024324893951416,0.019186735153198242,0.0,-0.004026310984045267,3.1415927410125732,177.75628786660715
1778421216.2252393,0.5388590693473816,3.1024324893951416,0.019186735153198242,0.0,-0.0009663589298725128,3.1337802410125732,177.75628786660715
1778421216.2257242,0.5388590693473816,3.1024324893951416,0.019186735153198242,0.0,-0.004077377263456583,3.1396396160125732,177.75628786660715
1778421216.226296,0.5388590693473816,3.1024324893951416,0.019186735153198242,0.0,0.0035954408813267946,3.1415927410125732,177.75628786660715
1778421216.2268672,0.5388590693473816,3.1024324893951416,0.019186735153198242,0.0,-0.0006178772891871631,3.1415927410125732,177.75628786660715
1778421216.2834618,0.5388590693473816,3.1024324893951416,0.019186735153198242,0.0,3.380840644240379e-05,3.1474521160125732,177.75628786660715
1778421216.283825,0.5388590693473816,3.1024324893951416,0.019186735153198242,0.0,-0.0035871658474206924,3.1415927410125732,177.75628786660715
1778421216.28431,0.5388590693473816,3.1024324893951416,0.019186735153198242,0.0,0.0005240198224782944,3.1415927410125732,177.75628786660715
1778421216.2851582,0.5388590693473816,3.1024324893951416,0.019186735153198242,0.0,0.001427843002602458,3.1415927410125732,177.75628786660715
1778421216.2858999,0.5388590693473816,3.1024324893951416,0.019186735153198242,0.0,-0.0036382321268320084,3.1435458660125732,177.75628786660715
1778421216.2870986,0.5388590693473816,3.1024324893951416,0.019186735153198242,0.0,-0.0020316564477980137,3.1396396160125732,177.75628786660715
1778421216.3446803,0.5388590693473816,3.1024324893951416,0.019186735153198242,0.0,-0.0013289045309647918,3.1435458660125732,177.75628786660715
1778421216.3449156,0.5388590693473816,3.1024324893951416,0.019186735153198242,0.0,8.487480226904154e-05,3.1435458660125732,177.75628786660715
1778421216.4036114,0.5388590693473816,3.1024324893951416,0.019186735153198242,0.0,0.000750624225474894,3.1337802410125732,177.75628786660715
1778421216.468551,0.5388590693473816,3.1024324893951416,0.019186735153198242,0.0,-0.00012766584404744208,3.1376864910125732,177.75628786660715
1778421216.4693558,0.5388590693473816,3.1024324893951416,0.019186735153198242,0.0,0.002892688848078251,3.1415927410125732,177.75628786660715
1778421216.4712636,0.5388590693473816,3.1024324893951416,0.019186735153198242,0.0,0.000963164959102869,3.1454989910125732,177.75628786660715
1778421216.4717104,0.5388590693473816,3.1024324893951416,0.019186735153198242,0.0,0.0021420642733573914,3.1454989910125732,177.75628786660715
1778421216.4834301,0.5388590693473816,3.1024324893951416,0.019186735153198242,0.0,0.0029948214069008827,3.1396396160125732,177.75628786660715
1778421216.4840481,0.5388590693473816,3.1024324893951416,0.018885573372244835,-0.4873168048062575,-0.003799706231802702,3.1396396160125732,177.75628786660715
1778421216.4851463,0.5388590693473816,3.1024324893951416,0.018885573372244835,0.0,0.002867155708372593,3.1435458660125732,177.75628786660715
1778421216.4880939,0.5388590693473816,3.1024324893951416,0.01888568513095379,3.792158732180212e-05,0.004286723677068949,3.1435458660125732,177.75628786660715
1778421216.4885597,0.5388590693473816,3.1024324893951416,0.01888343319296837,-0.004831447870209787,-0.00028914015274494886,3.1435458660125732,177.75628786660715
1778421216.489148,0.5388590693473816,3.1024324893951416,0.018881183117628098,-0.003824707376146455,0.0035699077416211367,3.1435458660125732,177.75628786660715
1778421216.490103,0.5388590693473816,3.1024324893951416,0.01888129487633705,0.00011702482663411914,0.0018018579576164484,3.1435458660125732,177.75628786660715
1778421216.4913065,0.5388590693473816,3.1024324893951416,0.01888129487633705,0.0,-0.0006434104288928211,3.1396396160125732,177.75628786660715
1778421216.5242257,0.5392106175422668,3.1023871898651123,0.018868127837777138,-0.0003999878052239642,-0.0030578873120248318,3.1376864910125732,177.75369239472255
1778421216.5255435,0.5396055579185486,3.102409839630127,0.018918592482805252,0.038280091882711406,-0.003111567348241806,3.1376864910125732,177.75499013066485
1778421216.5260942,0.5399571657180786,3.1023645401000977,0.01891418732702732,-0.008003553374648364,-0.0025369497016072273,3.1376864910125732,177.75239465878025
1778421216.5263941,0.5402315855026245,3.102402687072754,0.01890978403389454,-0.014648346164771819,-0.0033114966936409473,3.1376864910125732,177.75458031931464
1778421216.52811,0.54041987657547,3.1023542881011963,0.018907638266682625,-0.0012506657435497747,-0.002282826229929924,3.1376864910125732,177.75180726251162
1778421216.5284572,0.5404875874519348,3.1023216247558594,0.018907638266682625,0.0,-0.004643230699002743,3.1376864910125732,177.74993579067905
1778421216.6449645,0.5404875874519348,3.1023216247558594,0.018907638266682625,0.0,-0.003104515839368105,3.1376864910125732,177.74993579067905
1778421216.6462464,0.5404875874519348,3.1023216247558594,0.018907638266682625,0.0,-0.0018872023792937398,3.1376864910125732,177.74993579067905
1778421216.6471019,0.5404875874519348,3.1023216247558594,0.018907638266682625,0.0,0.0013852901756763458,3.1376864910125732,177.74993579067905
1778421216.6483014,0.5404875874519348,3.1023216247558594,0.01890549249947071,-0.001788586495094851,0.002681555226445198,3.1376864910125732,177.74993579067905
1778421216.6491435,0.5404875874519348,3.1023216247558594,0.018960285931825638,0.06505215677244709,-0.0003972601261921227,3.1376864910125732,177.74993579067905
1778421216.6491957,0.5404875874519348,3.1023216247558594,0.018960285931825638,0.0,-0.000974254566244781,3.1376864910125732,177.74993579067905
1778421216.650495,0.5404875874519348,3.1023216247558594,0.018960285931825638,0.0,-0.003104515839368105,3.1376864910125732,177.74993579067905
1778421216.6513922,0.5404875874519348,3.1023216247558594,0.018960285931825638,0.0,-0.00029445940162986517,3.1376864910125732,177.74993579067905
1778421216.652225,0.5404875874519348,3.1023216247558594,0.018960285931825638,0.0,-0.0034246749710291624,3.1376864910125732,177.74993579067905
1778421216.653041,0.5404875874519348,3.1023216247558594,0.018960285931825638,0.0,0.0033356500789523125,3.1376864910125732,177.74993579067905
1778421216.6540258,0.5404875874519348,3.1023216247558594,0.018960285931825638,0.0,-0.0009505724301561713,3.1376864910125732,177.74993579067905
1778421216.6551337,0.5404875874519348,3.1023216247558594,0.018903233110904694,-0.051477776299346294,-0.000974254566244781,3.1376864910125732,177.74993579067905
1778421216.7051587,0.5404875874519348,3.1023216247558594,0.018900975584983826,-4.513002939612141e-05,-0.004438404925167561,3.1376864910125732,177.74993579067905
1778421216.7062974,0.5404875874519348,3.1023216247558594,0.018900975584983826,0.0,0.0022705195005983114,3.1376864910125732,177.74993579067905
1778421216.7075145,0.5404875874519348,3.1023216247558594,0.01890108734369278,9.172579576606626e-05,0.0013456471497192979,3.1376864910125732,177.74993579067905
1778421216.7101343,0.5404875874519348,3.1023216247558594,0.018958132714033127,0.021787178826203603,-0.002964257262647152,3.1376864910125732,177.74993579067905
1778421216.7110276,0.5404875874519348,3.1023216247558594,0.018955865874886513,-0.0025350471373346032,0.0012310890015214682,3.1376864910125732,177.74993579067905
1778421216.7641964,0.5404875874519348,3.1023216247558594,0.018955865874886513,0.0,-0.00026875920593738556,3.1376864910125732,177.74993579067905
1778421216.76452,0.5404875874519348,3.1023216247558594,0.018955865874886513,0.0,-0.00026875920593738556,3.1376864910125732,177.74993579067905
1778421216.764921,0.5404875874519348,3.1023216247558594,0.018953600898385048,-0.005649729408422717,-0.005606336519122124,3.1376864910125732,177.74993579067905
1778421216.7654905,0.5404875874519348,3.1023216247558594,0.018953712657094002,0.00019624005084661485,-0.001436690567061305,3.1376864910125732,177.74993579067905
1778421216.7656085,0.5404875874519348,3.1023216247558594,0.018845779821276665,-0.9131371509080048,-0.001270732027478516,3.1376864910125732,177.74993579067905
1778421216.766479,0.5404875874519348,3.1023216247558594,0.0188435148447752,-0.002602523870291152,-0.0006423374288715422,3.1376864910125732,177.74993579067905
1778421216.825528,0.5404875874519348,3.1023216247558594,0.0188435148447752,0.0,0.0004484932869672775,3.1376864910125732,177.74993579067905
1778421216.8267713,0.5404875874519348,3.1023216247558594,0.018784338608384132,-0.0476152527957346,0.0002311344724148512,3.1376864910125732,177.74993579067905
1778421216.827508,0.5404875874519348,3.1023216247558594,0.018839087337255478,0.07424563198825933,0.0017309829127043486,3.1376864910125732,177.74993579067905
1778421216.8279731,0.5406759977340698,3.1022732257843018,0.018779927864670753,-0.1271153275881929,-0.0006423374288715422,3.1376864910125732,177.747162733876
1778421216.8286629,0.5407621264457703,3.1023600101470947,0.018834661692380905,0.07940494257598578,-0.0009375441004522145,3.1376864910125732,177.75213511159177
1778421216.8293767,0.5409784317016602,3.10237979888916,0.018775515258312225,-0.08287296444965235,0.00026913697365671396,3.1376864910125732,177.753268922994
1778421216.8849864,0.5409784317016602,3.10237979888916,0.01866530254483223,-0.0019819543104001476,-0.0013991191517561674,3.1376864910125732,177.753268922994
1778421216.885332,0.5409784317016602,3.10237979888916,0.01866530254483223,0.0,-0.006045933347195387,3.1376864910125732,177.753268922994
1778421216.8858278,0.5409784317016602,3.10237979888916,0.01866530254483223,0.0,0.0006034427788108587,3.1376864910125732,177.753268922994
1778421216.8865016,0.5409784317016602,3.10237979888916,0.01866530254483223,0.0,-0.0020672352984547615,3.1376864910125732,177.753268922994
1778421216.8874745,0.5409784317016602,3.10237979888916,0.01866530254483223,0.0,-0.00204154453240335,3.1376864910125732,177.753268922994
1778421216.8880978,0.5409784317016602,3.10237979888916,0.018722375854849815,0.0915810492407202,-0.001988534815609455,3.1376864910125732,177.753268922994
1778421216.9447513,0.5409784317016602,3.10237979888916,0.01872011087834835,-3.997932177666645e-05,0.0021559707820415497,3.1376864910125732,177.753268922994
1778421216.9451606,0.5409784317016602,3.10237979888916,0.01872011087834835,0.0,-0.0020672352984547615,3.1376864910125732,177.753268922994
1778421216.9457421,0.5409784317016602,3.10237979888916,0.01872011087834835,0.0,0.0017456549685448408,3.1357333660125732,177.753268922994
1778421216.9468255,0.5409784317016602,3.10237979888916,0.01866314187645912,-0.05254473566409509,-5.1381386583670974e-05,3.1357333660125732,177.753268922994
1778421216.9471142,0.5409784317016602,3.10237979888916,0.018660882487893105,-0.007815248775318745,-0.005199610721319914,3.1357333660125732,177.753268922994
1778421216.9477549,0.5409784317016602,3.10237979888916,0.018717845901846886,0.08904707768780275,-0.003645454067736864,3.1357333660125732,177.753268922994
1778421217.0055058,0.5409784317016602,3.10237979888916,0.01871567778289318,-3.754325035129833e-05,-0.00021881761495023966,3.1357333660125732,177.753268922994
1778421217.0061085,0.5409784317016602,3.10237979888916,0.01871567778289318,0.0,-0.001822727033868432,3.1357333660125732,177.753268922994
1778421217.0066137,0.5409784317016602,3.10237979888916,0.018658721819519997,-0.112427875241201,-0.0010020951740443707,3.1357333660125732,177.753268922994
1778421217.0076602,0.5409784317016602,3.10237979888916,0.018658721819519997,0.0,-0.003838581033051014,3.1357333660125732,177.753268922994
1778421217.008266,0.5409784317016602,3.10237979888916,0.018658721819519997,0.0,0.00346561917103827,3.1357333660125732,177.753268922994
1778421217.0096374,0.5409784317016602,3.10237979888916,0.01865646429359913,-0.001646146952273559,-0.001142212189733982,3.1357333660125732,177.753268922994
1778421217.0644457,0.5409784317016602,3.10237979888916,0.01865646429359913,0.0,0.00144976528827101,3.1357333660125732,177.753268922994
1778421217.0649078,0.5409784317016602,3.10237979888916,0.01865646429359913,0.0,-0.0018484176835045218,3.1357333660125732,177.753268922994
1778421217.0650322,0.5409784317016602,3.10237979888916,0.01854858361184597,-0.8616666356721775,0.000962377293035388,3.1357333660125732,177.753268922994
1778421217.065462,0.5409784317016602,3.10237979888916,0.01865430362522602,0.2460321561780553,-0.0011679028393700719,3.1357333660125732,177.753268922994
1778421217.0661235,0.5409784317016602,3.10237979888916,0.01865430362522602,0.0,-0.004248896613717079,3.1357333660125732,177.753268922994
1778421217.0665216,0.5409784317016602,3.10237979888916,0.018544068560004234,-0.2765556018958232,-0.0020929258316755295,3.1357333660125732,177.753268922994
1778421217.1251037,0.5409784317016602,3.10237979888916,0.018649883568286896,0.0018063271934672055,-0.002118616597726941,3.1357333660125732,177.753268922994
1778421217.1275742,0.5409784317016602,3.10237979888916,0.018647722899913788,-0.0008741982448703939,0.00017909961752593517,3.1357333660125732,177.753268922994
1778421217.1276412,0.54123455286026,3.1022987365722656,0.018647722899913788,0.0,-0.0021310155279934406,3.1435458660125732,177.7486243943584
1778421217.1286843,0.5414413809776306,3.102369785308838,0.018643304705619812,-0.004247855281910093,-0.004662442021071911,3.1435458660125732,177.7526951871037
1778421217.12933,0.5415090322494507,3.102337121963501,0.018641047179698944,-0.0034832986633568865,-0.0018913514213636518,3.1435458660125732,177.75082371527114
1778421217.1298037,0.5415090322494507,3.102337121963501,0.018638884648680687,-0.004563264443827581,-0.0015172173734754324,3.1435458660125732,177.75082371527114
1778421217.186058,0.5415090322494507,3.102337121963501,0.018638884648680687,0.0,0.0010650812182575464,3.1435458660125732,177.75082371527114
1778421217.186979,0.5415090322494507,3.102337121963501,0.018638884648680687,0.0,-0.002376302145421505,3.1435458660125732,177.75082371527114
1778421217.1877089,0.5415090322494507,3.102337121963501,0.018693506717681885,0.07480425760899558,0.0009878325508907437,3.1435458660125732,177.75082371527114
1778421217.1885078,0.5415090322494507,3.102337121963501,0.018693506717681885,0.0,0.0013771135127171874,3.1435458660125732,177.75082371527114
1778421217.189071,0.5415090322494507,3.102337121963501,0.018693506717681885,0.0,0.0029289142694324255,3.1435458660125732,177.75082371527114
1778421217.1896074,0.5415090322494507,3.102337121963501,0.018693506717681885,0.0,-0.0013627199223265052,3.1435458660125732,177.75082371527114
1778421217.2450826,0.5415090322494507,3.102337121963501,0.018693506717681885,0.0,-0.00174644123762846,3.1454989910125732,177.75082371527114
1778421217.245767,0.5415090322494507,3.102337121963501,0.018693506717681885,0.0,-2.5749563064891845e-05,3.1435458660125732,177.75082371527114
1778421217.2459443,0.5415090322494507,3.102337121963501,0.018693506717681885,0.0,-0.002453550696372986,3.1396396160125732,177.75082371527114
1778421217.2468474,0.5415090322494507,3.102337121963501,0.018693506717681885,0.0,0.0005526121240109205,3.1337802410125732,177.75082371527114
1778421217.2469056,0.5415090322494507,3.102337121963501,0.018693506717681885,0.0,-0.0022846597712486982,3.1415927410125732,177.75082371527114
1778421217.2474635,0.5415090322494507,3.102337121963501,0.018693506717681885,0.0,-0.0011680794414132833,3.1454989910125732,177.75082371527114
1778421217.3050914,0.5415090322494507,3.102337121963501,0.018693506717681885,0.0,-0.003790521062910557,3.1415927410125732,177.75082371527114
1778421217.3059208,0.5415090322494507,3.102337121963501,0.018693506717681885,0.0,0.00033222214551642537,3.1474521160125732,177.75082371527114
1778421217.3067405,0.5416975021362305,3.1022884845733643,0.018693506717681885,0.0,0.002093056682497263,3.1415927410125732,177.74803699808976
1778421217.3076997,0.5419999957084656,3.1023952960968018,0.018693506717681885,0.0,-0.0029812275897711515,3.1454989910125732,177.7541568475861
1778421217.308152,0.5425307154655457,3.1023526191711426,0.018693506717681885,0.0,-0.001969081349670887,3.1454989910125732,177.75171163986323
1778421217.3090136,0.543278157711029,3.1023294925689697,0.018693506717681885,0.0,-0.006186285521835089,3.1415927410125732,177.75038658316424
1778421217.3650951,0.543601930141449,3.10221529006958,0.018693506717681885,0.0,-0.006481311749666929,3.1435458660125732,177.7438432619394
1778421217.3658302,0.543601930141449,3.10221529006958,0.018693506717681885,0.0,-0.0006327656446956098,3.1415927410125732,177.7438432619394
1778421217.3667824,0.5435342788696289,3.102248191833496,0.018693506717681885,0.0,0.0031258510425686836,3.1454989910125732,177.74572839415032
1778421217.3668368,0.5435342788696289,3.102248191833496,0.018693506717681885,0.0,-0.003498897422105074,3.1474521160125732,177.74572839415032
1778421217.3672552,0.5435342788696289,3.102248191833496,0.018693506717681885,0.0,-0.003047690261155367,3.1396396160125732,177.74572839415032
1778421217.3681548,0.5435342788696289,3.102248191833496,0.018693506717681885,0.0,-0.003628529142588377,3.1376864910125732,177.74572839415032
1778421217.4246068,0.5435342788696289,3.102248191833496,0.018693506717681885,0.0,-0.0031444637570530176,3.1435458660125732,177.74572839415032
1778421217.4248855,0.5435342788696289,3.102248191833496,0.018693506717681885,0.0,-0.0013690884225070477,3.1415927410125732,177.74572839415032
1778421217.4264214,0.5435342788696289,3.102248191833496,0.018693506717681885,0.0,-0.00111675716470927,3.1454989910125732,177.74572839415032
1778421217.4268434,0.5435342788696289,3.102248191833496,0.018693506717681885,0.0,-0.00076232326682657,3.1454989910125732,177.74572839415032
1778421217.4272504,0.5435342788696289,3.102248191833496,0.018693506717681885,0.0,-0.0011426834389567375,3.1435458660125732,177.74572839415032
1778421217.4858305,0.5435342788696289,3.102248191833496,0.019042279571294785,0.005953898990814324,0.002988905645906925,3.1435458660125732,177.74572839415032
1778421217.4859016,0.5435342788696289,3.102248191833496,0.019148066639900208,1.4571221603220184,-0.00111675716470927,3.1435458660125732,177.74572839415032
1778421217.5446444,0.5435342788696289,3.102248191833496,0.01914818584918976,2.0293740850212566e-06,0.0013690884225070477,3.1435458660125732,177.74572839415032
1778421217.5452297,0.5435342788696289,3.102248191833496,0.01914818584918976,0.0,0.0015177143504843116,3.1415927410125732,177.74572839415032
1778421217.5456502,0.5435342788696289,3.102248191833496,0.01914818584918976,0.0,-0.0019050068221986294,3.1415927410125732,177.74572839415032
1778421217.5463133,0.5435342788696289,3.102248191833496,0.01914818584918976,0.0,0.0006067651556804776,3.1415927410125732,177.74572839415032
1778421217.5468392,0.5435342788696289,3.102248191833496,0.01914818584918976,0.0,-0.001395014813169837,3.1415927410125732,177.74572839415032
1778421217.5474062,0.5435342788696289,3.102248191833496,0.01914818584918976,0.0,-0.004893912002444267,3.1415927410125732,177.74572839415032
1778421217.5477767,0.5435342788696289,3.102248191833496,0.01920493319630623,0.1529990481030839,-0.0007882495992816985,3.1415927410125732,177.74572839415032
1778421217.5484571,0.5435342788696289,3.102248191833496,0.019145898520946503,-0.08676466096903436,0.001872148597612977,3.1415927410125732,177.74572839415032
1778421217.5492964,0.5435342788696289,3.102248191833496,0.019202638417482376,0.0676118868336833,0.0023562139831483364,3.1415927410125732,177.74572839415032
1778421217.549778,0.5435342788696289,3.102248191833496,0.019202638417482376,0.0,-0.00030418403912335634,3.1415927410125732,177.74572839415032
1778421217.6054454,0.5435342788696289,3.102248191833496,0.019145898520946503,-0.0010192917855723128,-0.0013431621482595801,3.1415927410125732,177.74572839415032
1778421217.6058474,0.5435342788696289,3.102248191833496,0.019145898520946503,0.0,0.0006067651556804776,3.1415927410125732,177.74572839415032
1778421217.6067395,0.5435342788696289,3.102248191833496,0.019145898520946503,0.0,-5.185269401408732e-05,3.1415927410125732,177.74572839415032
1778421217.6070168,0.5435342788696289,3.102248191833496,0.019143611192703247,-0.008227799665557197,0.001419338397681713,3.1415927410125732,177.74572839415032
1778421217.6077635,0.5435342788696289,3.102248191833496,0.019143611192703247,0.0,0.0009611990535631776,3.1415927410125732,177.74572839415032
1778421217.665136,0.5435342788696289,3.102248191833496,0.019145898520946503,3.9867816153392695e-05,-0.004435773007571697,3.1415927410125732,177.74572839415032
1778421217.6660395,0.5435342788696289,3.102248191833496,0.019145898520946503,0.0,-0.0030926112085580826,3.1415927410125732,177.74572839415032
1778421217.666794,0.5435342788696289,3.102248191833496,0.019145898520946503,0.0,-0.002382140140980482,3.1415927410125732,177.74572839415032
1778421217.667563,0.5435342788696289,3.102248191833496,0.019145898520946503,0.0,-0.0007363969343714416,3.1454989910125732,177.74572839415032
1778421217.6681225,0.5435342788696289,3.102248191833496,0.019145898520946503,0.0,-0.00200178031809628,3.1474521160125732,177.74572839415032
1778421217.668572,0.5435342788696289,3.102248191833496,0.019145898520946503,0.0,-0.0013690884225070477,3.1396396160125732,177.74572839415032
1778421217.668967,0.5435342788696289,3.102248191833496,0.019145898520946503,0.0,0.0023043612018227577,3.1415927410125732,177.74572839415032
1778421217.7249496,0.5435342788696289,3.102248191833496,0.019145898520946503,0.0,0.00045280996710062027,3.1396396160125732,177.74572839415032
1778421217.725756,0.5435342788696289,3.102248191833496,0.019145898520946503,0.0,-0.002712250454351306,3.1376864910125732,177.74572839415032
1778421217.7265658,0.5435342788696289,3.102248191833496,0.019145898520946503,0.0,-0.006489405408501625,3.1415927410125732,177.74572839415032
1778421217.7275379,0.5435342788696289,3.102248191833496,0.019145898520946503,0.0,-0.001395014813169837,3.1435458660125732,177.74572839415032
1778421217.7283492,0.5435342788696289,3.102248191833496,0.019145898520946503,0.0,-0.0013172357575967908,3.1435458660125732,177.74572839415032
1778421217.729148,0.5435342788696289,3.102248191833496,0.019145898520946503,0.0,-0.0038030813448131084,3.1494052410125732,177.74572839415032
1778421217.7840078,0.5435342788696289,3.102248191833496,0.019145898520946503,0.0,-0.003602602519094944,3.1415927410125732,177.74572839415032
1778421217.7848566,0.5435342788696289,3.102248191833496,0.019145898520946503,0.0,-0.0022075879387557507,3.1337802410125732,177.74572839415032
1778421217.785232,0.5435342788696289,3.102248191833496,0.019145898520946503,0.0,-0.0013690884225070477,3.1435458660125732,177.74572839415032
1778421217.7858071,0.5435342788696289,3.102248191833496,0.019145898520946503,0.0,-0.001395014813169837,3.1396396160125732,177.74572839415032
1778421217.786351,0.5435342788696289,3.102248191833496,0.019145898520946503,0.0,-0.0011686098296195269,3.1454989910125732,177.74572839415032
1778421217.7868977,0.5435342788696289,3.102248191833496,0.019145898520946503,0.0,-0.00200178031809628,3.1435458660125732,177.74572839415032
1778421217.845477,0.5435342788696289,3.102248191833496,0.019145898520946503,0.0,-0.001395014813169837,3.1474521160125732,177.74572839415032
1778421217.8466372,0.5435342788696289,3.102248191833496,0.019145898520946503,0.0,-0.002511771861463785,3.1396396160125732,177.74572839415032
1778421217.8473852,0.5435342788696289,3.102248191833496,0.019145898520946503,0.0,0.00035443383967503905,3.1415927410125732,177.74572839415032
1778421217.8486037,0.5435342788696289,3.102248191833496,0.019145898520946503,0.0,0.0012394567020237446,3.1474521160125732,177.74572839415032
1778421217.8494072,0.5435342788696289,3.102248191833496,0.019145898520946503,0.0,0.001671669539064169,3.1415927410125732,177.74572839415032
1778421217.8501682,0.5435342788696289,3.102248191833496,0.019145898520946503,0.0,-0.0005359183414839208,3.1435458660125732,177.74572839415032
1778421217.904291,0.5435342788696289,3.102248191833496,0.019145898520946503,0.0,-0.002511771861463785,3.1396396160125732,177.74572839415032
1778421217.9044955,0.5435342788696289,3.102248191833496,0.019145898520946503,0.0,-0.004461699165403843,3.1396396160125732,177.74572839415032
1778421217.9049408,0.5435342788696289,3.102248191833496,0.019145898520946503,0.0,-0.003170390147715807,3.1396396160125732,177.74572839415032
1778421217.905306,0.5435342788696289,3.102248191833496,0.019145898520946503,0.0,-0.0033708682749420404,3.1415927410125732,177.74572839415032
1778421217.9056523,0.5435342788696289,3.102248191833496,0.019145898520946503,0.0,-0.0009628022089600563,3.1337802410125732,177.74572839415032
1778421217.9067564,0.5435342788696289,3.102248191833496,0.019145898520946503,0.0,0.000987125327810645,3.1376864910125732,177.74572839415032
1778421217.9654956,0.5435342788696289,3.102248191833496,0.019145898520946503,0.0,-0.0010146548738703132,3.1357333660125732,177.74572839415032
1778421217.9664643,0.5435342788696289,3.102248191833496,0.019145898520946503,0.0,-0.003777154954150319,3.1415927410125732,177.74572839415032
1778421217.9665258,0.5435342788696289,3.102248191833496,0.019145898520946503,0.0,-0.002712250454351306,3.1376864910125732,177.74572839415032
1778421217.9671504,0.5435342788696289,3.102248191833496,0.019145898520946503,0.0,0.0023562139831483364,3.1396396160125732,177.74572839415032
1778421217.9678843,0.5435342788696289,3.102248191833496,0.019145898520946503,0.0,-0.003602602519094944,3.1337802410125732,177.74572839415032
1778421217.9683275,0.5435342788696289,3.102248191833496,0.019145898520946503,0.0,-0.0016786018386483192,3.1376864910125732,177.74572839415032
1778421218.0254238,0.5435342788696289,3.102248191833496,0.019145898520946503,0.0,-0.004539478104561567,3.1454989910125732,177.74572839415032
1778421218.0263653,0.5435342788696289,3.102248191833496,0.019145898520946503,0.0,-0.0016214197967201471,3.1376864910125732,177.74572839415032
1778421218.0283985,0.5435342788696289,3.102248191833496,0.019145898520946503,0.0,0.001619816990569234,3.1454989910125732,177.74572839415032
1778421218.029251,0.5435342788696289,3.102248191833496,0.019145898520946503,0.0,0.002962979255244136,3.1415927410125732,177.74572839415032
1778421218.0298398,0.5435342788696289,3.102248191833496,0.019145898520946503,0.0,0.0007607204606756568,3.1376864910125732,177.74572839415032
1778421218.0303638,0.5435342788696289,3.102248191833496,0.019145898520946503,0.0,-0.0026398010086268187,3.1474521160125732,177.74572839415032
1778421218.0843835,0.5435342788696289,3.102248191833496,0.019145898520946503,0.0,-0.0011426834389567375,3.1415927410125732,177.74572839415032
1778421218.0846987,0.5435342788696289,3.102248191833496,0.019145898520946503,0.0,-0.0025376982521265745,3.1376864910125732,177.74572839415032
1778421218.0851102,0.5435342788696289,3.102248191833496,0.019145898520946503,0.0,-0.0020277067087590694,3.1396396160125732,177.74572839415032
1778421218.0857825,0.5435342788696289,3.102248191833496,0.019145898520946503,0.0,0.0012135303113609552,3.1396396160125732,177.74572839415032
1778421218.086747,0.5437509417533875,3.1022677421569824,0.019145898520946503,0.0,0.0011616776464506984,3.1376864910125732,177.74684854517417
1778421218.0873504,0.5437509417533875,3.1022677421569824,0.019145898520946503,0.0,0.0003219008503947407,3.1396396160125732,177.74684854517417
1778421218.14518,0.5437509417533875,3.1022677421569824,0.019145898520946503,0.0,0.0030354426708072424,3.1396396160125732,177.74684854517417
1778421218.1458786,0.5437509417533875,3.1022677421569824,0.019145898520946503,0.0,-0.0011686092475429177,3.1396396160125732,177.74684854517417
1778421218.146151,0.5437509417533875,3.1022677421569824,0.019145898520946503,0.0,0.00018148310482501984,3.1435458660125732,177.74684854517417
1778421218.1468322,0.5437509417533875,3.1022677421569824,0.019145898520946503,0.0,0.002363144652917981,3.1415927410125732,177.74684854517417
1778421218.1476958,0.5437509417533875,3.1022677421569824,0.019145898520946503,0.0,-0.00035411142744123936,3.1474521160125732,177.74684854517417
1778421218.1487372,0.5440257787704468,3.102306365966797,0.019145898520946503,0.0,0.002609837334603071,3.1415927410125732,177.74906152646528
1778421218.2659445,0.5442819595336914,3.1022250652313232,0.019145898520946503,0.0,0.002219009678810835,3.1454989910125732,177.74440333745133
1778421218.2677279,0.5442819595336914,3.1022250652313232,0.019145898520946503,0.0,0.002217741683125496,3.1435458660125732,177.74440333745133
1778421218.2685943,0.5442819595336914,3.1022250652313232,0.019145898520946503,0.0,-0.003070021979510784,3.1435458660125732,177.74440333745133
1778421218.269508,0.5442819595336914,3.1022250652313232,0.019145898520946503,0.0,0.002841391833499074,3.1435458660125732,177.74440333745133
1778421218.2702465,0.5444891452789307,3.1022963523864746,0.019145898520946503,0.0,0.002077719895169139,3.1454989910125732,177.74848779057498
1778421218.2712986,0.544773519039154,3.102283239364624,0.019145898520946503,0.0,-0.0032828613184392452,3.1396396160125732,177.7477364697663
1778421218.271994,0.5449086427688599,3.102217674255371,0.019145898520946503,0.0,-0.0006195676978677511,3.1435458660125732,177.7439798657228
1778421218.2726705,0.5449086427688599,3.102217674255371,0.019145898520946503,0.0,-0.0018110424280166626,3.1396396160125732,177.7439798657228
1778421218.2731862,0.5449086427688599,3.102217674255371,0.019145898520946503,0.0,0.0011949391337111592,3.1415927410125732,177.7439798657228
1778421218.2740834,0.5449086427688599,3.102217674255371,0.019145898520946503,0.0,0.0019857382867485285,3.1494052410125732,177.7439798657228
1778421218.2752848,0.5449086427688599,3.102217674255371,0.019145898520946503,0.0,-0.0015693050809204578,3.1454989910125732,177.7439798657228
1778421218.2766273,0.5449086427688599,3.102217674255371,0.019145898520946503,0.0,0.0007647721213288605,3.1474521160125732,177.7439798657228
1778421218.3238835,0.5449086427688599,3.102217674255371,0.019145898520946503,0.0,-0.004011237528175116,3.1337802410125732,177.7439798657228
1778421218.3244004,0.5449086427688599,3.102217674255371,0.019145898520946503,0.0,-0.0004822211340069771,3.1415927410125732,177.7439798657228
1778421218.32527,0.5449086427688599,3.102217674255371,0.019145898520946503,0.0,-0.0005825826083309948,3.1435458660125732,177.7439798657228
1778421218.3264499,0.5449086427688599,3.102217674255371,0.019145898520946503,0.0,0.00018218954210169613,3.1435458660125732,177.7439798657228
1778421218.3271463,0.5449086427688599,3.102217674255371,0.019145898520946503,0.0,0.00114288495387882,3.1376864910125732,177.7439798657228
1778421218.3279188,0.5449086427688599,3.102217674255371,0.019145898520946503,0.0,0.0008343069348484278,3.1435458660125732,177.7439798657228
1778421218.384907,0.5449086427688599,3.102217674255371,0.019145898520946503,0.0,-0.0015518245054408908,3.1415927410125732,177.7439798657228
1778421218.3857229,0.5449086427688599,3.102217674255371,0.019145898520946503,0.0,-0.002160433679819107,3.1396396160125732,177.7439798657228
1778421218.3865943,0.5449086427688599,3.102217674255371,0.019145898520946503,0.0,-0.000986722414381802,3.1454989910125732,177.7439798657228
1778421218.3871138,0.5449086427688599,3.102217674255371,0.019145898520946503,0.0,-0.00221248809248209,3.1415927410125732,177.7439798657228
1778421218.3876972,0.5449086427688599,3.102217674255371,0.019145898520946503,0.0,-0.004111599177122116,3.1376864910125732,177.7439798657228
1778421218.3884418,0.5449086427688599,3.102217674255371,0.019145898520946503,0.0,0.0002565239556133747,3.1435458660125732,177.7439798657228
1778421218.445165,0.5449086427688599,3.102217674255371,0.019145898520946503,0.0,-0.0005825826083309948,3.1415927410125732,177.7439798657228
1778421218.4452243,0.5449086427688599,3.102217674255371,0.019145898520946503,0.0,0.0005082482239231467,3.1435458660125732,177.7439798657228
1778421218.4459124,0.5449086427688599,3.102217674255371,0.019145898520946503,0.0,-0.0010127495042979717,3.1415927410125732,177.7439798657228
1778421218.446415,0.5449086427688599,3.102217674255371,0.019145898520946503,0.0,0.0009692420717328787,3.1376864910125732,177.7439798657228
1778421218.447289,0.5449086427688599,3.102217674255371,0.019145898520946503,0.0,-0.0010908307740464807,3.1415927410125732,177.7439798657228
1778421218.5056596,0.5449086427688599,3.102217674255371,0.019145898520946503,0.0,-0.0017254675040021539,3.1396396160125732,177.7439798657228
1778421218.5057344,0.5449086427688599,3.102217674255371,0.01887836679816246,-3.510915082506688,7.808123336872086e-05,3.1396396160125732,177.7439798657228
1778421218.5655487,0.5449086427688599,3.102217674255371,0.01887836679816246,0.0,0.0007387450314126909,3.1396396160125732,177.7439798657228
1778421218.5662973,0.5449086427688599,3.102217674255371,0.01887836679816246,0.0,-0.0012692734599113464,3.1396396160125732,177.7439798657228
1778421218.5672503,0.5449086427688599,3.102217674255371,0.0189865380525589,0.11352986299481894,-0.00035208568442612886,3.1396396160125732,177.7439798657228
1778421218.5681043,0.5449086427688599,3.102217674255371,0.0189865380525589,0.0,0.002464212477207184,3.1396396160125732,177.7439798657228
1778421218.569003,0.5449086427688599,3.102217674255371,0.018929971382021904,-0.06292876872342908,-0.0020775531884282827,3.1396396160125732,177.7439798657228
1778421218.5698247,0.5449086427688599,3.102217674255371,0.018821800127625465,-0.13165926796710772,-0.0008863608818501234,3.1396396160125732,177.7439798657228
1778421218.5706508,0.5449086427688599,3.102217674255371,0.018821800127625465,0.0,-0.0019819915760308504,3.1396396160125732,177.7439798657228
1778421218.571077,0.5449086427688599,3.102217674255371,0.018821800127625465,0.0,-0.0026166283059865236,3.1396396160125732,177.7439798657228
1778421218.5715427,0.5449086427688599,3.102217674255371,0.018821800127625465,0.0,-0.0016734133241698146,3.1396396160125732,177.7439798657228
1778421218.5723557,0.5449086427688599,3.102217674255371,0.018821800127625465,0.0,-0.0014429165748879313,3.1396396160125732,177.7439798657228
1778421218.573306,0.5449086427688599,3.102217674255371,0.018821800127625465,0.0,-0.0034769622143357992,3.1396396160125732,177.7439798657228
1778421218.626068,0.5449086427688599,3.102217674255371,0.018927691504359245,0.002007008550644137,-0.0016734133241698146,3.1396396160125732,177.7439798657228
1778421218.626836,0.5449086427688599,3.102217674255371,0.0189278032630682,0.00014534882070439445,0.00010410830873297527,3.1396396160125732,177.7439798657228
1778421218.6276891,0.5449086427688599,3.102217674255371,0.0189278032630682,0.0,0.00033460522536188364,3.1396396160125732,177.7439798657228
1778421218.6281805,0.5449086427688599,3.102217674255371,0.018984362483024597,0.11512155810763844,-0.0003781127743422985,3.1396396160125732,177.7439798657228
1778421218.629069,0.5449086427688599,3.102217674255371,0.0189278032630682,-0.06365697141712362,0.002464212477207184,3.1396396160125732,177.7439798657228
1778421218.685698,0.5449086427688599,3.102217674255371,0.0189278032630682,0.0,-0.0034769622143357992,3.1396396160125732,177.7439798657228
1778421218.6863601,0.5449086427688599,3.102217674255371,0.01898207515478134,0.08194457352869768,-0.001064803684130311,3.1396396160125732,177.7439798657228
1778421218.6874163,0.5449086427688599,3.102217674255371,0.01898207515478134,0.0,0.0027207364328205585,3.1396396160125732,177.7439798657228
1778421218.6879385,0.5449086427688599,3.102217674255371,0.01898207515478134,0.0,7.808123336872086e-05,3.1396396160125732,177.7439798657228
1778421218.6883938,0.5449086427688599,3.102217674255371,0.019090255722403526,0.23723809742635327,-0.004059544764459133,3.1396396160125732,177.7439798657228
1778421218.6884346,0.5449086427688599,3.102217674255371,0.01898207515478134,-2.6004928059013577,0.0011949391337111592,3.1396396160125732,177.7439798657228
1778421218.7448156,0.5449086427688599,3.102217674255371,0.019090255722403526,0.001918789201032266,5.205415436648764e-05,3.1396396160125732,177.7439798657228
1778421218.7454126,0.5449086427688599,3.102217674255371,0.019090255722403526,0.0,0.004189680330455303,3.1396396160125732,177.7439798657228
1778421218.7454524,0.5449086427688599,3.102217674255371,0.01908796653151512,-0.05652324821837796,0.0006866909097880125,3.1396396160125732,177.7439798657228
1778421218.7459528,0.5449086427688599,3.102217674255371,0.01908796653151512,0.0,0.0016299057751893997,3.1396396160125732,177.7439798657228
1778421218.7462807,0.5449086427688599,3.102217674255371,0.019090255722403526,0.006983498891337588,0.005967201665043831,3.1396396160125732,177.7439798657228
1778421218.7469804,0.5449086427688599,3.102217674255371,0.01914188265800476,0.07379493356227015,-0.0017254675040021539,3.1396396160125732,177.7439798657228
1778421218.805709,0.5449086427688599,3.102217674255371,0.0191397275775671,-3.669646156723327e-05,-0.0012692734599113464,3.1396396160125732,177.7439798657228
1778421218.8064287,0.5449086427688599,3.102217674255371,0.019139600917696953,-0.00017569686090428333,0.001855602953583002,3.1396396160125732,177.7439798657228
1778421218.8071218,0.5449086427688599,3.102217674255371,0.0191397275775671,0.00018282313621747752,0.0006866909097880125,3.1396396160125732,177.7439798657228
1778421218.8080938,0.5449086427688599,3.102217674255371,0.0191397275775671,0.0,0.00114288495387882,3.1396396160125732,177.7439798657228
1778421218.809604,0.5449086427688599,3.102217674255371,0.0191397275775671,0.0,0.0019819915760308504,3.1396396160125732,177.7439798657228
1778421218.8126671,0.5449086427688599,3.102217674255371,0.0191397275775671,0.0,-0.001064803684130311,3.1396396160125732,177.7439798657228
1778421218.8654184,0.5449086427688599,3.102217674255371,0.019196273759007454,0.0010719309795689915,0.002542293630540371,3.1396396160125732,177.7439798657228
1778421218.8661828,0.5449086427688599,3.102217674255371,0.019196273759007454,0.0,0.00010410830873297527,3.1396396160125732,177.7439798657228
1778421218.866915,0.5449086427688599,3.102217674255371,0.019196273759007454,0.0,0.0035550433676689863,3.1396396160125732,177.7439798657228
1778421218.867154,0.5449086427688599,3.102217674255371,0.019196273759007454,0.0,-0.0005565555184148252,3.1396396160125732,177.7439798657228
1778421218.8679607,0.5449086427688599,3.102217674255371,0.019304461777210236,0.13397896861720476,5.205415436648764e-05,3.1396396160125732,177.7439798657228
1778421218.8682544,0.5449086427688599,3.102217674255371,0.019247915595769882,-0.19207262671065325,-0.0008651337120682001,3.1396396160125732,177.7439798657228
1778421218.924644,0.5449086427688599,3.102217674255371,0.019247915595769882,0.0,-0.0011911923065781593,3.1396396160125732,177.7439798657228
1778421218.9248343,0.5449086427688599,3.102217674255371,0.019247915595769882,0.0,-0.001295300549827516,3.1376864910125732,177.7439798657228
1778421218.9258978,0.5449086427688599,3.102217674255371,0.019247915595769882,0.0,0.0009171878919005394,3.1396396160125732,177.7439798657228
1778421218.9264755,0.5449086427688599,3.102217674255371,0.019247915595769882,0.0,-0.0021556345745921135,3.1415927410125732,177.7439798657228
1778421218.927407,0.5449086427688599,3.102217674255371,0.019247915595769882,0.0,-0.0025645741261541843,3.1396396160125732,177.7439798657228
1778421218.984712,0.5449086427688599,3.102217674255371,0.019247915595769882,0.0,0.001373381819576025,3.1396396160125732,177.7439798657228
1778421218.9852283,0.5449086427688599,3.102217674255371,0.019247915595769882,0.0,-0.002207688521593809,3.1454989910125732,177.7439798657228
1778421218.9858804,0.5449086427688599,3.102217674255371,0.01930217258632183,0.08320348335500537,0.0021816615480929613,3.1454989910125732,177.7439798657228
1778421218.9864502,0.5449086427688599,3.102217674255371,0.01930217258632183,0.0,-0.0019299373961985111,3.1454989910125732,177.7439798657228
1778421218.9870796,0.5449086427688599,3.102217674255371,0.01930217258632183,0.0,-0.00035208568442612886,3.1454989910125732,177.7439798657228
1778421218.9875913,0.5449086427688599,3.102217674255371,0.01930217258632183,0.0,0.0017254675040021539,3.1396396160125732,177.7439798657228
1778421219.0458155,0.5449086427688599,3.102217674255371,0.01930217258632183,0.0,-0.0043681226670742035,3.1396396160125732,177.7439798657228
1778421219.0467212,0.5449086427688599,3.102217674255371,0.019299885258078575,-0.0025274345410629807,0.0003260585945099592,3.1396396160125732,177.7439798657228
1778421219.0475235,0.5449086427688599,3.102217674255371,0.01930001936852932,0.00016719916650054394,-0.0018035487737506628,3.1396396160125732,177.7439798657228
1778421219.047598,0.5449086427688599,3.102217674255371,0.01930001936852932,0.0,0.0006086096400395036,3.1396396160125732,177.7439798657228
1778421219.048278,0.5449086427688599,3.102217674255371,0.019297732040286064,-0.0033686719849095564,-0.0025162668898701668,3.1396396160125732,177.7439798657228
1778421219.0490596,0.5449086427688599,3.102217674255371,0.019297732040286064,0.0,-0.0024902396835386753,3.1396396160125732,177.7439798657228
1778421219.1067796,0.5449086427688599,3.102217674255371,0.019295578822493553,-3.730440629140123e-05,-0.0005082482239231467,3.1396396160125732,177.7439798657228
1778421219.106859,0.5449086427688599,3.102217674255371,0.019295578822493553,0.0,0.0014997703256085515,3.1396396160125732,177.7439798657228
1778421219.107502,0.5449086427688599,3.102217674255371,0.019187375903129578,-0.16882963960522146,0.0010908307740464807,3.1396396160125732,177.7439798657228
1778421219.1086626,0.5449086427688599,3.102217674255371,0.019185088574886322,-0.001968779691267929,-0.002207688521593809,3.1396396160125732,177.7439798657228
1778421219.109185,0.5449086427688599,3.102217674255371,0.019185088574886322,0.0,-0.0013473547296598554,3.1396396160125732,177.7439798657228
1778421219.1102707,0.5449086427688599,3.102217674255371,0.019185088574886322,0.0,-0.00040413986425846815,3.1396396160125732,177.7439798657228
1778421219.166145,0.5449086427688599,3.102217674255371,0.019185088574886322,0.0,-0.00040413986425846815,3.1396396160125732,177.7439798657228
1778421219.1668515,0.5449086427688599,3.102217674255371,0.01924159564077854,0.0797109109884673,-2.602707718324382e-05,3.1396396160125732,177.7439798657228
1778421219.1677327,0.5449086427688599,3.102217674255371,0.019239427521824837,-0.002463491656168708,0.0023861313238739967,3.1396396160125732,177.7439798657228
1778421219.1682968,0.5449086427688599,3.102217674255371,0.019239427521824837,0.0,0.0019559646025300026,3.1396396160125732,177.7439798657228
1778421219.1688378,0.5449086427688599,3.102217674255371,0.019239427521824837,0.0,0.00040413986425846815,3.1396396160125732,177.7439798657228
1778421219.1692936,0.5449086427688599,3.102217674255371,0.019239427521824837,0.0,-0.003529016161337495,3.1396396160125732,177.7439798657228
1778421219.225554,0.5449086427688599,3.102217674255371,0.019239427521824837,0.0,-0.0010908307740464807,3.1396396160125732,177.7439798657228
1778421219.2261343,0.5449086427688599,3.102217674255371,0.019182927906513214,-0.09739633848623154,-0.0023080501705408096,3.1396396160125732,177.7439798657228
1778421219.2862022,0.5449086427688599,3.102217674255371,0.019182927906513214,0.0,-0.0015730519080534577,3.1396396160125732,177.7439798657228
1778421219.2868023,0.5449086427688599,3.102217674255371,0.01918063871562481,-0.003805170951378366,-0.00022569694556295872,3.1396396160125732,177.7439798657228
1778421219.2876136,0.5449086427688599,3.102217674255371,0.019072430208325386,-0.13339313395702068,0.0007822527550160885,3.1396396160125732,177.7439798657228
1778421219.288211,0.5449086427688599,3.102217674255371,0.019072430208325386,0.0,-0.0019819915760308504,3.1396396160125732,177.7439798657228
1778421219.289547,0.5449086427688599,3.102217674255371,0.019072430208325386,0.0,-0.004085571970790625,3.1396396160125732,177.7439798657228
1778421219.2896063,0.5449086427688599,3.102217674255371,0.019072549417614937,0.001976937021813878,-0.0019299373961985111,3.1396396160125732,177.7439798657228
1778421219.2903721,0.5449086427688599,3.102217674255371,0.019013775512576103,-0.07683867795175392,-0.003072822466492653,3.1396396160125732,177.7439798657228
1778421219.2904246,0.5449086427688599,3.102217674255371,0.019013775512576103,0.0,-0.0006606638198718429,3.1396396160125732,177.7439798657228
1778421219.2904558,0.5449086427688599,3.102217674255371,0.01907026208937168,1.8104669298448541,-0.0034769622143357992,3.1396396160125732,177.7439798657228
1778421219.2908845,0.5449086427688599,3.102217674255371,0.019067972898483276,-0.005346078663262837,0.0026686822529882193,3.1396396160125732,177.7439798657228
1778421219.3447163,0.5449086427688599,3.102217674255371,0.01906580477952957,-4.027640121505754e-05,0.0013436079025268555,3.1396396160125732,177.7439798657228
1778421219.3452032,0.5451158881187439,3.1022889614105225,0.01906134933233261,-0.00913375829620278,0.0003966463264077902,3.1396396160125732,177.74806431884645
1778421219.3456469,0.5453046560287476,3.1022403240203857,0.019059060141444206,-0.00515932133304857,0.00029708477086387575,3.1396396160125732,177.7452776016651
1778421219.3466024,0.5454934239387512,3.102191686630249,0.019054604694247246,-0.004663436468446044,0.0019447039812803268,3.1396396160125732,177.74249088448371
1778421219.347694,0.5456750392913818,3.1023142337799072,0.01905243657529354,-0.001986912504770513,0.0023216241970658302,3.1396396160125732,177.74951231895048
1778421219.3482783,0.5458638668060303,3.1022655963897705,0.01904797926545143,-0.007621938853588772,0.0001689397031441331,3.1396396160125732,177.74672560176913
1778421219.4055817,0.5460526943206787,3.102216958999634,0.01893526129424572,-0.001967068997920877,-0.0018973113037645817,3.1396396160125732,177.74393888458775
1778421219.405736,0.5463275909423828,3.1022555828094482,0.018933085724711418,-0.013972827456366691,0.00011343671940267086,3.1396396160125732,177.74615186587886
1778421219.4063854,0.5466120839118958,3.1022424697875977,0.018933085724711418,0.0,0.0008821122464723885,3.1396396160125732,177.74540054507014
1778421219.407055,0.5466120839118958,3.1022424697875977,0.018932973966002464,-0.00016690368583753987,-0.0002970710629597306,3.1396396160125732,177.74540054507014
1778421219.4077926,0.5466120839118958,3.1022424697875977,0.019041236490011215,0.14671706702806586,0.001910701161250472,3.1396396160125732,177.74540054507014
1778421219.4086027,0.5466120839118958,3.1022424697875977,0.019041355699300766,0.00014720831082919825,0.0007415381842292845,3.1396396160125732,177.74540054507014
1778421219.4648378,0.5466120839118958,3.1022424697875977,0.019041355699300766,0.0,0.004171279259026051,3.1396396160125732,177.74540054507014
1778421219.4654129,0.5466120839118958,3.1022424697875977,0.019041355699300766,0.0,0.00020947027951478958,3.1396396160125732,177.74540054507014
1778421219.466308,0.5466120839118958,3.1022424697875977,0.019149623811244965,0.12105110904662503,-0.0010908307740464807,3.1396396160125732,177.74540054507014
1778421219.4669435,0.5466120839118958,3.1022424697875977,0.01914733648300171,-0.003595862598444471,-0.0027926459442824125,3.1396396160125732,177.74540054507014
1778421219.4676368,0.5466120839118958,3.1022424697875977,0.019149623811244965,0.0033001416979865617,-0.003900903509929776,3.1396396160125732,177.74540054507014
1778421219.468267,0.5466120839118958,3.1022424697875977,0.01914733648300171,-0.00363010356871347,-0.002391131827607751,3.1396396160125732,177.74540054507014
