Timestamp,Theta_rad,Gamma_rad,Phi_rad,Dgamma_radps,Dphi_radps

"--- SEND COMMAND: Mode=balance, Value=0.0 ---"
20.012832641601562,-0.08362571895122528,-0.027519702911376953,-5.5470404624938965,0.005046463571488857,0.0030097858980298042
20.052837371826172,-0.0836227685213089,-0.02734231948852539,-5.546893119812012,0.0038221890572458506,-0.0008792669977992773
20.092872619628906,-0.08353269845247269,-0.027256011962890625,-5.546746730804443,0.003088700585067272,0.007082869298756123
20.132856369018555,-0.08344831317663193,-0.027251720428466797,-5.546760559082031,0.0041334000416100025,0.002805606694892049
20.172863006591797,-0.08344831317663193,-0.027251720428466797,-5.546778202056885,-0.00854188110679388,-0.0071527366526424885
20.212871551513672,-0.0835312232375145,-0.027167320251464844,-5.546735763549805,0.0007358039147220552,-0.007970623672008514
20.25290870666504,-0.08353675156831741,-0.027342796325683594,-5.546845436096191,-0.0028457134030759335,0.0031726709567010403
20.292892456054688,-0.08353675156831741,-0.027342796325683594,-5.546851634979248,-0.003581531345844269,-0.0008943676948547363
20.332895278930664,-0.08354228734970093,-0.027518272399902344,-5.547057151794434,-0.008786812424659729,-0.012847501784563065
20.372934341430664,-0.08354781568050385,-0.027694225311279297,-5.547262668609619,-0.004555817693471909,-0.007858124561607838
20.412939071655273,-0.08355335891246796,-0.027869701385498047,-5.547396183013916,-0.006826821248978376,-0.004808800294995308
20.452922821044922,-0.08356032520532608,-0.02813434600830078,-5.547715187072754,-0.009842783212661743,-0.014532547444105148
20.492923736572266,-0.0835658386349678,-0.02830982208251953,-5.547842502593994,-0.0030862714629620314,-0.00041439104825258255
20.532960891723633,-0.08366554975509644,-0.028658390045166016,-5.548221111297607,-0.008062779903411865,-0.008756943978369236
20.572965621948242,-0.08375543355941772,-0.028838634490966797,-5.548395156860352,-0.009845211170613766,-0.004442260134965181
20.61294937133789,-0.08376095443964005,-0.029014110565185547,-5.5485405921936035,-0.006744468584656715,-0.0006900681182742119
20.652963638305664,-0.08376648277044296,-0.0291900634765625,-5.548764705657959,-0.0087890625,-0.009479419328272343
20.692964553833008,-0.0836031436920166,-0.02945089340209961,-5.549031734466553,-0.010826395824551582,-0.015528379008173943
20.732999801635742,-0.08360868692398071,-0.029626846313476562,-5.549195289611816,0.0011425948468968272,-0.0035608368925750256
20.773006439208984,-0.08361420780420303,-0.029802322387695312,-5.549383163452148,-0.0038268796633929014,-0.007173105143010616
20.812986373901367,-0.08361420780420303,-0.029802322387695312,-5.5493950843811035,-0.002850317396223545,-0.005564987659454346
20.85299301147461,-0.08361838757991791,-0.02988910675048828,-5.549439907073975,8.425892156083137e-05,-0.00463583879172802
20.89300537109375,-0.08362393081188202,-0.030065059661865234,-5.549615859985352,-0.002934608608484268,-0.0009583581704646349
20.933040618896484,-0.08362393081188202,-0.030065059661865234,-5.549633502960205,-0.004877891391515732,-0.00284800142981112
20.97304344177246,-0.08362393081188202,-0.030065059661865234,-5.549639701843262,-0.0016307744663208723,-0.0023232516832649708
21.013051986694336,-0.08362393081188202,-0.030065059661865234,-5.54962158203125,0.002838027197867632,0.0015100118471309543
21.05303382873535,-0.08362393081188202,-0.030065059661865234,-5.549657821655273,-0.0046225949190557,-0.005315111018717289
21.093067169189453,-0.0836281105875969,-0.030152320861816406,-5.549720764160156,-0.0017101274570450187,-0.0017101274570450187
21.133054733276367,-0.08363229036331177,-0.030239105224609375,-5.549789905548096,-0.002770986407995224,-0.000789242098107934
21.173059463500977,-0.08363229036331177,-0.030239105224609375,-5.549843788146973,0.00024052688968367875,-0.00515636894851923
21.213096618652344,-0.08363229036331177,-0.030239105224609375,-5.549789905548096,-0.0008897866355255246,0.002465877216309309
21.25307846069336,-0.08363649994134903,-0.030325889587402344,-5.549834728240967,-0.002850340213626623,0.005808319430798292
21.2930850982666,-0.0836351290345192,-0.030237197875976562,-5.549776077270508,0.00104849087074399,0.003019277472048998
21.333091735839844,-0.08363649994134903,-0.030325889587402344,-5.549888610839844,-0.002927205292508006,-0.004262472037225962
21.37310028076172,-0.08363649994134903,-0.030325889587402344,-5.549888610839844,0.0028453757986426353,0.005516732111573219
21.413105010986328,-0.0836407020688057,-0.030413150787353516,-5.549981594085693,-0.0027685100212693214,-0.00340949185192585
21.453142166137695,-0.0836407020688057,-0.030413150787353516,-5.549999713897705,0.0025259596295654774,0.0011903562117367983
21.493152618408203,-0.08372361212968826,-0.030328750610351562,-5.549903392791748,-0.001868724706582725,-0.0032003000378608704
21.53313636779785,-0.0836407020688057,-0.030413150787353516,-5.54996395111084,0.002034958451986313,0.0040002018213272095
21.573143005371094,-0.08372782915830612,-0.030416011810302734,-5.549924850463867,-0.003581065684556961,0.006491449661552906
21.613149642944336,-0.08364490419626236,-0.030499935150146484,-5.5500264167785645,0.000964078470133245,0.005666061770170927
21.653179168701172,-0.08364912867546082,-0.030587196350097656,-5.550143718719482,-0.0006441888399422169,0.0027218149043619633
21.693212509155273,-0.08356328308582306,-0.030588150024414062,-5.550144672393799,0.0009715593769215047,-0.0009990071412175894
21.73317527770996,-0.08356887847185135,-0.030763626098632812,-5.550338268280029,-0.001058324589394033,-0.00442366860806942
21.77318572998047,-0.08348596096038818,-0.03084850311279297,-5.550416946411133,-2.5205151814589044e-06,-0.0026575159281492233
21.81322479248047,-0.08357023447751999,-0.030852794647216797,-5.550385475158691,-0.00015847945178393275,0.0018718652427196503
21.853229522705078,-0.08357448875904083,-0.03094005584716797,-5.550508499145508,-0.0010583295952528715,-0.0010583295952528715
21.89325714111328,-0.08358007669448853,-0.031116008758544922,-5.550708770751953,-0.0008820641087368131,-0.0028937561437487602
21.933298110961914,-0.08358433842658997,-0.031203269958496094,-5.550759792327881,-0.00015334220370277762,0.005240532103925943
21.973299026489258,-0.08358567208051682,-0.031291961669921875,-5.55090856552124,-0.004867453593760729,-0.006195468828082085
22.013288497924805,-0.08358567208051682,-0.031291961669921875,-5.550878524780273,-0.0008896656800061464,-0.006908386014401913
22.053293228149414,-0.08358993381261826,-0.031378746032714844,-5.550917625427246,-0.0031673298217356205,-0.0018317264039069414
22.09330177307129,-0.08359553664922714,-0.0315546989440918,-5.551117420196533,-0.0048828125,-0.005577209405601025
22.133337020874023,-0.08359553664922714,-0.0315546989440918,-5.551135540008545,-0.008630652911961079,-0.011988848447799683
22.173343658447266,-0.08360113203525543,-0.03173065185546875,-5.551323413848877,-0.003827054752036929,-0.008500496856868267
22.213319778442383,-0.08369119465351105,-0.03181648254394531,-5.551384925842285,0.0003249123110435903,0.004362078849226236
22.253326416015625,-0.08360971510410309,-0.03190469741821289,-5.551479339599609,-0.0008077426464296877,-0.0028523490764200687
22.293357849121094,-0.08361102640628815,-0.031993865966796875,-5.551580429077148,-0.000897380115929991,0.0031110020354390144
22.333343505859375,-0.08361533284187317,-0.032080650329589844,-5.551655292510986,-0.005062172655016184,-0.006390039809048176
22.373353958129883,-0.08344234526157379,-0.032079219818115234,-5.551647663116455,-0.0039036304224282503,-0.0018640297930687666
22.413389205932617,-0.08353802561759949,-0.03234100341796875,-5.551939487457275,0.001792313763871789,-0.002910459181293845
22.453397750854492,-0.08362094312906265,-0.032257080078125,-5.551801681518555,-7.916952017694712e-05,-7.916952017694712e-05
22.493385314941406,-0.08362656086683273,-0.03243303298950195,-5.552013874053955,-0.0029323420021682978,0.0003599438350647688
22.533422470092773,-0.08362656086683273,-0.03243303298950195,-5.5520195960998535,0.000892093637958169,0.004257342778146267
22.57340431213379,-0.08362656086683273,-0.03243303298950195,-5.552037715911865,0.0008129336638376117,-0.006517097819596529
22.613418579101562,-0.08354796469211578,-0.032604217529296875,-5.552172660827637,-0.0019504590891301632,0.0021096616983413696
22.653453826904297,-0.08354796469211578,-0.032604217529296875,-5.552190780639648,0.001145367743447423,-0.0008784008678048849
22.693443298339844,-0.08354926109313965,-0.032692909240722656,-5.552255630493164,-0.002921667881309986,0.0004243715666234493
22.73344612121582,-0.08346480131149292,-0.03278303146362305,-5.552363872528076,-0.0001820538891479373,0.00045907171443104744
22.773452758789062,-0.08346480131149292,-0.03278303146362305,-5.552429676055908,0.0018580813193693757,-0.002844164613634348
22.813507080078125,-0.08346913754940033,-0.03287029266357422,-5.552451133728027,-0.0029350577387958765,-0.0016031847335398197
22.853464126586914,-0.08364646881818771,-0.032958984375,-5.55252742767334,-0.0017840636428445578,0.005597851239144802
22.893474578857422,-0.08347476273775101,-0.03304624557495117,-5.552674770355225,-0.0028480240143835545,-0.009571179747581482
22.933507919311523,-0.08347476273775101,-0.03304624557495117,-5.552620887756348,0.0016264705918729305,0.006953665055334568
22.9735164642334,-0.08348040282726288,-0.03322267532348633,-5.5528693199157715,-0.001882313285022974,-0.003900952637195587
23.013519287109375,-0.08348040282726288,-0.03322267532348633,-5.552809238433838,-0.004793001338839531,-0.0068092262372374535
23.053529739379883,-0.08348040282726288,-0.03322267532348633,-5.552821159362793,-0.002029365161433816,-0.0013389510568231344
23.093509674072266,-0.08348476141691208,-0.0333094596862793,-5.552931785583496,-0.00276362057775259,-0.006758458446711302
23.133516311645508,-0.08348476141691208,-0.0333094596862793,-5.552931785583496,-0.0038218556437641382,-0.0038218556437641382
23.173521041870117,-0.08348914235830307,-0.03339672088623047,-5.552983283996582,0.002034801756963134,0.004065089859068394
23.21355628967285,-0.08348914235830307,-0.03339672088623047,-5.553019046783447,0.0012161353370174766,-0.0014550714986398816
23.253564834594727,-0.08348914235830307,-0.03339672088623047,-5.553019046783447,-0.000886699475813657,-0.0022146038245409727
23.293546676635742,-0.08349476754665375,-0.03357267379760742,-5.553201198577881,-0.0008241720497608185,0.0011945234145969152
23.33354949951172,-0.08332178741693497,-0.03357124328613281,-5.5531816482543945,0.0009574001305736601,-0.0037430026568472385
23.373584747314453,-0.08332303911447525,-0.033659934997558594,-5.553282260894775,-0.0050623067654669285,-0.008385400287806988
23.4135684967041,-0.08332867175340652,-0.03383588790893555,-5.553422451019287,0.001052561798132956,-0.00027927395422011614
23.453577041625977,-0.08333306014537811,-0.03392314910888672,-5.5535454750061035,-0.004790224600583315,-0.0014243153855204582
23.49361228942871,-0.08324424922466278,-0.03392601013183594,-5.553572654724121,-0.004804141353815794,-0.012187011539936066
23.533597946166992,-0.08324864506721497,-0.03401327133178711,-5.5536417961120605,0.0,-0.0006903564790263772
23.5736026763916,-0.08324864506721497,-0.03401327133178711,-5.553665637969971,0.0,-0.005343162454664707
23.61363983154297,-0.08324864506721497,-0.03401327133178711,-5.553653717041016,0.0,-0.0026706831995397806
23.653621673583984,-0.08324864506721497,-0.03401327133178711,-5.553653717041016,0.0,0.0026635972317308187
23.69363021850586,-0.08324864506721497,-0.03401327133178711,-5.55361795425415,0.0,0.00535937724635005
23.733659744262695,-0.08324864506721497,-0.03401327133178711,-5.553677558898926,0.0,-0.003312203800305724
23.773645401000977,-0.08324864506721497,-0.03401327133178711,-5.553635597229004,0.0,0.004672661889344454
23.81365203857422,-0.0831657201051712,-0.03409767150878906,-5.553732395172119,0.0013861224288120866,0.0027218754403293133
23.853662490844727,-0.08317012339830399,-0.034184932708740234,-5.553831577301025,0.0009737801156006753,-0.0037268856540322304
23.893693923950195,-0.08317012339830399,-0.034184932708740234,-5.55381965637207,-0.0029324698261916637,0.0017558536492288113
23.9337158203125,-0.08317454159259796,-0.034272193908691406,-5.5539727210998535,0.0013833881821483374,-0.0026656186673790216
23.973709106445312,-0.08308573812246323,-0.034275054931640625,-5.553939342498779,-0.00489395996555686,-0.002185638528317213
24.01372528076172,-0.08318019658327103,-0.03444814682006836,-5.554130554199219,-0.0008979964768514037,-0.0029135486111044884
24.053728103637695,-0.0830913856625557,-0.03445148468017578,-5.554133892059326,-0.0010606468422338367,-0.003090878017246723
24.093765258789062,-0.08300843834877014,-0.03453540802001953,-5.55424165725708,-0.000990589614957571,-0.0016315176617354155
24.133773803710938,-0.08283989876508713,-0.034621238708496094,-5.554315567016602,-0.0018050877843052149,-0.0024442081339657307
24.173755645751953,-0.08283989876508713,-0.034621238708496094,-5.554285526275635,-0.0009821758139878511,0.0010363510809838772
24.21376609802246,-0.08284555375576019,-0.03479719161987305,-5.554479598999023,-0.003911892417818308,0.0001476602628827095
24.253772735595703,-0.08284555375576019,-0.03479719161987305,-5.554497718811035,0.003998574800789356,0.004639646504074335
24.29378318786621,-0.08284555375576019,-0.03479719161987305,-5.5544915199279785,-0.0030889471527189016,-0.0023945500142872334
24.333818435668945,-0.08284999430179596,-0.03488445281982422,-5.554548740386963,7.538781210314482e-05,0.002792029408738017
24.373823165893555,-0.08293414860963821,-0.03488922119140625,-5.554589748382568,-0.002593852346763015,-0.0005753254517912865
24.413808822631836,-0.08293861150741577,-0.03497648239135742,-5.554623126983643,-0.005036558490246534,-0.00572880357503891
24.453811645507812,-0.08293861150741577,-0.03497648239135742,-5.55470085144043,0.0039817034266889095,0.0039817034266889095
24.493850708007812,-0.08293861150741577,-0.03497648239135742,-5.554670810699463,0.003987381234765053,0.004685827065259218
24.53383445739746,-0.08294305950403214,-0.035063743591308594,-5.554746150970459,-0.0047319261357188225,0.0012686969712376595
24.573867797851562,-0.08303755521774292,-0.03523683547973633,-5.55495548248291,-0.006911438424140215,-0.006911438424140215
24.613876342773438,-0.08295319974422455,-0.03532743453979492,-5.555027961730957,-0.0030079644639045,0.0003414326347410679
24.653860092163086,-0.08295319974422455,-0.03532743453979492,-5.555027961730957,-0.0011388517450541258,-0.0024666080716997385
24.693866729736328,-0.08295886963605881,-0.035503387451171875,-5.555245876312256,-0.0029412168078124523,-0.004276932682842016
24.733901977539062,-0.08295886963605881,-0.035503387451171875,-5.555203914642334,-0.0027673880103975534,-0.004099112004041672
24.773887634277344,-0.0828804224729538,-0.035675048828125,-5.555399417877197,-0.0008346726535819471,-0.005521949380636215
24.813926696777344,-0.08296454697847366,-0.03567981719970703,-5.555344104766846,-0.002112537855282426,0.001934547210112214
24.853904724121094,-0.0829690545797348,-0.0357670783996582,-5.555449485778809,0.0010635295184329152,0.004418631084263325
24.89390754699707,-0.08289060741662979,-0.03593873977661133,-5.555644989013672,-0.0020283758640289307,-0.0046998076140880585
24.933940887451172,-0.08289512991905212,-0.0360260009765625,-5.555726528167725,-0.0037499237805604935,-0.005085489712655544
24.973926544189453,-0.08297806233167648,-0.03594207763671875,-5.555636405944824,0.0018024647142738104,0.002494748681783676
25.013931274414062,-0.08289512991905212,-0.0360260009765625,-5.555708408355713,-0.0021152961999177933,-0.0007820454193279147
25.054012298583984,-0.08289512991905212,-0.0360260009765625,-5.555708408355713,0.0,0.0033646842930465937
25.093978881835938,-0.08297925442457199,-0.03603076934814453,-5.555761337280273,-0.0028455934952944517,-0.007532084360718727
25.13397979736328,-0.08281079679727554,-0.036116600036621094,-5.555829048156738,-0.006598784122616053,-0.005906867329031229
25.17396354675293,-0.0829053446650505,-0.03628969192504883,-5.556008338928223,-0.005120208486914635,-0.003792304079979658
25.213973999023438,-0.08298828452825546,-0.036205291748046875,-5.555953502655029,0.0035991857293993235,-0.0004065029788762331
25.254011154174805,-0.08299282938241959,-0.03629302978515625,-5.556047439575195,-0.0018631013808771968,-0.0011687236838042736
25.29401397705078,-0.08299282938241959,-0.03629302978515625,-5.55603551864624,0.003013815963640809,0.0016817940631881356
25.334020614624023,-0.08299282938241959,-0.03629302978515625,-5.556041240692139,0.0,-0.001965134171769023
25.374000549316406,-0.08299282938241959,-0.03629302978515625,-5.556047439575195,0.0,-0.005380616057664156
25.41403579711914,-0.08299282938241959,-0.03629302978515625,-5.55601167678833,0.0,-0.0013887165114283562
25.45404052734375,-0.08299282938241959,-0.03629302978515625,-5.55603551864624,0.0,0.0
25.494028091430664,-0.08299282938241959,-0.03629302978515625,-5.555993556976318,0.0,0.001332729123532772
25.534032821655273,-0.08299282938241959,-0.03629302978515625,-5.556005477905273,0.0,0.004701719619333744
25.574066162109375,-0.08299854397773743,-0.036469459533691406,-5.55620002746582,0.0007300426950678229,-0.0006057479185983539
25.614076614379883,-0.08299854397773743,-0.036469459533691406,-5.556181907653809,-0.0002465197758283466,0.001781666069291532
25.654056549072266,-0.08317149430513382,-0.036470890045166016,-5.55623722076416,-7.541896047769114e-05,-0.004777138587087393
25.694061279296875,-0.08317720890045166,-0.03664731979370117,-5.556365966796875,-0.003812957089394331,-0.0024773161858320236
25.734067916870117,-0.08317720890045166,-0.03664731979370117,-5.55637788772583,0.0018657981418073177,0.006618238519877195
25.774078369140625,-0.08317720890045166,-0.03664731979370117,-5.556431770324707,-0.006923264358192682,-0.013655271381139755
25.814105987548828,-0.08318176865577698,-0.036734580993652344,-5.556488990783691,-0.003978644497692585,-0.005310629028826952
25.854110717773438,-0.0831829234957695,-0.03682374954223633,-5.55656623840332,-0.002037488389760256,-0.0027299849316477776
25.89411735534668,-0.0831829234957695,-0.03682374954223633,-5.556554317474365,0.0001627320161787793,0.0001627320161787793
25.934099197387695,-0.08318749070167542,-0.0369110107421875,-5.556671619415283,-0.003909254912286997,-0.005294286645948887
25.974111557006836,-0.08318863809108734,-0.037000179290771484,-5.556778430938721,-0.0008168324129655957,-0.003487815149128437
26.014148712158203,-0.08319321274757385,-0.037087440490722656,-5.556829929351807,-0.0026795228477567434,-0.0006558671593666077
26.05413246154785,-0.08319321274757385,-0.037087440490722656,-5.556829929351807,0.0019470861880108714,0.004603190813213587
26.094141006469727,-0.08328071236610413,-0.03709077835083008,-5.556851387023926,8.146130130626261e-05,-0.006007867399603128
26.134180068969727,-0.0832035169005394,-0.037351131439208984,-5.5570454597473145,-0.008557073771953583,-0.0031710416078567505
26.1742000579834,-0.08328758180141449,-0.037355899810791016,-5.557116508483887,-0.0021038807462900877,-0.00013841805048286915
26.214174270629883,-0.0832921713590622,-0.03744363784790039,-5.557204246520996,-0.0029989508911967278,-0.004391840659081936
26.254207611083984,-0.08338221907615662,-0.03752899169921875,-5.5572896003723145,-0.0023557073436677456,-0.007053610403090715
26.29421615600586,-0.08321383595466614,-0.03761482238769531,-5.557339191436768,-0.0072488682344555855,-0.0052245911210775375
26.334224700927734,-0.08320923894643784,-0.03752756118774414,-5.557305812835693,0.0017058999510481954,-0.002276704180985689
26.37420654296875,-0.08321496844291687,-0.0377039909362793,-5.557440280914307,-0.0026824327651411295,0.0020045817364007235
26.414209365844727,-0.08321957290172577,-0.03779125213623047,-5.557551860809326,-0.0019715907983481884,5.600741133093834e-06
26.454221725463867,-0.08313067257404327,-0.037795066833496094,-5.557591438293457,-0.0008200883166864514,-0.007551718503236771
26.494232177734375,-0.08305234462022781,-0.037966251373291016,-5.55772066116333,0.0021906562615185976,0.0021906562615185976
26.534265518188477,-0.0830569714307785,-0.03805351257324219,-5.557849884033203,-0.002701436635106802,-0.004725148901343346
26.57427406311035,-0.08305808156728745,-0.03814268112182617,-5.557903289794922,-0.003749971743673086,-0.004442294128239155
26.61427879333496,-0.08306271582841873,-0.038229942321777344,-5.557990550994873,0.0010578060755506158,0.001695679733529687
26.654285430908203,-0.08315028995275497,-0.03823375701904297,-5.558030128479004,9.68849053606391e-05,-0.006595379672944546
26.69426727294922,-0.08315493166446686,-0.03832101821899414,-5.558117389678955,-0.0002408834407106042,-0.00892445258796215
26.734277725219727,-0.08315493166446686,-0.03832101821899414,-5.558027267456055,-0.003079882124438882,0.0030202085617929697
26.774314880371094,-0.08307309448719025,-0.038494110107421875,-5.5583086013793945,-0.004970323760062456,-0.006994487717747688
26.814294815063477,-0.08307309448719025,-0.038494110107421875,-5.558272361755371,-0.00789062399417162,-0.009855648502707481
26.854299545288086,-0.08307775110006332,-0.03858184814453125,-5.55831241607666,-0.003584357677027583,-0.002234232611954212
26.894338607788086,-0.08307775110006332,-0.03858184814453125,-5.5583600997924805,-0.0009015785180963576,-0.0002069479669444263
26.934343338012695,-0.08298773318529129,-0.03849601745605469,-5.558322429656982,0.0008110980852507055,-0.0012131792027503252
26.97435760498047,-0.08290944248437881,-0.03866767883300781,-5.558445930480957,-0.0039125243201851845,0.004105561412870884
27.014341354370117,-0.08281943947076797,-0.03858184814453125,-5.5583600997924805,0.0030854407232254744,0.0030854407232254744
27.05434799194336,-0.08282410353422165,-0.038669586181640625,-5.558489799499512,-0.0029359557665884495,-0.010310346260666847
27.09438133239746,-0.08282521367073059,-0.03875875473022461,-5.558573246002197,-0.005044829566031694,-0.00840077456086874
27.13436508178711,-0.08282987773418427,-0.03884601593017578,-5.55863618850708,-0.007582055404782295,-0.006254409905523062
27.174375534057617,-0.08283457159996033,-0.038933753967285156,-5.558742046356201,0.0011259733000770211,-0.0015451587969437242
27.21441650390625,-0.08275160938501358,-0.039017677307128906,-5.55881404876709,-0.003734900616109371,-0.003093990497291088
27.25442123413086,-0.08283925801515579,-0.03902101516723633,-5.558775424957275,0.0048859757371246815,0.00557756470516324
27.294448852539062,-0.08283925801515579,-0.03902101516723633,-5.5587992668151855,-0.003987271338701248,-0.002655844669789076
27.33441162109375,-0.08284395188093185,-0.0391087532043457,-5.558893203735352,0.0012291515013203025,0.0039008823223412037
27.374448776245117,-0.08284395188093185,-0.0391087532043457,-5.558905124664307,0.002683439292013645,0.002683439292013645
27.4144287109375,-0.08284974843263626,-0.03928518295288086,-5.559105396270752,-0.00789034552872181,-0.008527792990207672
27.454435348510742,-0.08284974843263626,-0.03928518295288086,-5.559105396270752,-0.006910598836839199,-0.006910598836839199
27.494464874267578,-0.08285554498434067,-0.039461612701416016,-5.559276103973389,-0.003026721067726612,-0.00238552363589406
27.534467697143555,-0.08285554498434067,-0.039461612701416016,-5.559269905090332,9.598434189683758e-06,0.0020339887123554945
27.574472427368164,-0.08286026865243912,-0.03954935073852539,-5.559387683868408,-0.008785855956375599,-0.013459557667374611
27.61445426940918,-0.08286132663488388,-0.03963804244995117,-5.559452533721924,-7.461325731128454e-05,0.0025806776247918606
27.65445899963379,-0.08303794264793396,-0.03963804244995117,-5.559476375579834,-0.0008205746416933835,0.0005151784862391651
27.694467544555664,-0.08304374665021896,-0.03981494903564453,-5.559647083282471,7.798444858053699e-05,0.0007724010501988232
27.73450469970703,-0.08303794264793396,-0.03963804244995117,-5.559512138366699,0.003974581137299538,0.003974581137299538
27.77448844909668,-0.08287081122398376,-0.03981351852416992,-5.5596818923950195,-0.000814462429843843,-0.000814462429843843
27.814525604248047,-0.08304374665021896,-0.03981494903564453,-5.559671401977539,-0.0007458445616066456,-0.0007458445616066456
27.85453224182129,-0.08287554234266281,-0.039900779724121094,-5.559757232666016,-0.0007366351783275604,0.002574826590716839
27.894515991210938,-0.08270151913166046,-0.0398101806640625,-5.559666633605957,0.0020340087357908487,0.006029515527188778
27.934524536132812,-0.08278446644544601,-0.03972625732421875,-5.559612274169922,0.0008923789137043059,-0.004450633656233549
27.97455596923828,-0.08288029581308365,-0.03998851776123047,-5.559838771820068,-0.002111999550834298,-7.4062030762434e-05
28.01456069946289,-0.08288505673408508,-0.040076255798339844,-5.5599565505981445,-6.500897143268958e-06,0.0006309464224614203
28.054540634155273,-0.08288505673408508,-0.040076255798339844,-5.5599565505981445,0.0008987498003989458,0.0002062919083982706
28.094575881958008,-0.08288981765508652,-0.040163516998291016,-5.560007572174072,-0.00016213511116802692,0.001867982093244791
28.134578704833984,-0.08289089053869247,-0.040252685546875,-5.560144901275635,-0.003854566253721714,-0.0058729806914925575
28.174558639526367,-0.0828956589102745,-0.040340423583984375,-5.5602264404296875,-6.798358663218096e-05,-0.0033711206633597612
28.214590072631836,-0.0828956589102745,-0.040340423583984375,-5.560274600982666,0.003828449407592416,-0.006910404190421104
28.254573822021484,-0.08297383040189743,-0.04016876220703125,-5.560030937194824,-0.0090227285400033,-0.005677434615790844
28.294599533081055,-0.0828956589102745,-0.040340423583984375,-5.560232639312744,-8.761728531681001e-05,-8.761728531681001e-05
28.334619522094727,-0.0828956589102745,-0.040340423583984375,-5.560220718383789,0.0011452524922788143,-0.001518195727840066
28.374603271484375,-0.08297859877347946,-0.040256500244140625,-5.5601606369018555,0.0008207910577766597,0.0015122833428904414
28.41469955444336,-0.08290043473243713,-0.04042768478393555,-5.5603437423706055,-0.000811128702480346,-0.0014520748518407345
28.454626083374023,-0.08298339694738388,-0.0403437614440918,-5.5602240562438965,-0.00390297407284379,-0.0052306195721030235
28.494632720947266,-0.08298923075199127,-0.040520668029785156,-5.56037712097168,-0.001790796872228384,-0.0011505500879138708
28.534664154052734,-0.0829940214753151,-0.04060840606689453,-5.560494422912598,-0.0022810969967395067,-0.0015885618049651384
28.574647903442383,-0.08299508690834045,-0.04069709777832031,-5.560631275177002,1.3220708751759958e-05,-0.004661262966692448
28.614681243896484,-0.08291694521903992,-0.04086875915527344,-5.560779094696045,0.0029263715259730816,0.0008963679429143667
28.6546630859375,-0.08292174339294434,-0.04095649719238281,-5.560848712921143,-0.0001455762394471094,0.0038383586797863245
28.6946964263916,-0.08292656391859055,-0.04104423522949219,-5.560948371887207,-0.0008954617660492659,-0.0008954617660492659
28.73468017578125,-0.08292656391859055,-0.04104423522949219,-5.560936450958252,-0.002105334773659706,0.0005504738073796034
28.77469253540039,-0.08284243941307068,-0.04113578796386719,-5.561058044433594,-0.002770986407995224,-0.004800648894160986
28.81472396850586,-0.08284243941307068,-0.04113578796386719,-5.561093807220459,0.001953125,-7.075653411448002e-05
28.854707717895508,-0.08284727483987808,-0.04122352600097656,-5.561157703399658,-0.002034147270023823,-0.0033656482119113207
28.894739151000977,-0.08293727040290833,-0.04130840301513672,-5.561218738555908,0.00480840727686882,0.006784934550523758
28.934724807739258,-0.08293727040290833,-0.04130840301513672,-5.561212539672852,-0.0016219784738495946,0.003742157481610775
28.974756240844727,-0.08294211328029633,-0.041396141052246094,-5.561366081237793,0.0031663125846534967,-0.002905137138441205
29.014738082885742,-0.08285314589738846,-0.04139995574951172,-5.561346054077148,0.0020408653654158115,-0.0019429586827754974
29.054744720458984,-0.0829431489109993,-0.04148530960083008,-5.56142520904541,-0.00299733504652977,-0.003638370893895626
29.09477996826172,-0.0829479992389679,-0.04157304763793945,-5.561519145965576,0.003183170687407255,0.0005057391244918108
29.1347599029541,-0.0829479992389679,-0.04157304763793945,-5.561542987823486,-0.0021998595912009478,-0.00885792262852192
29.174795150756836,-0.0829479992389679,-0.04157304763793945,-5.561519145965576,0.001145551330409944,-0.00018982775509357452
29.21478271484375,-0.08286285400390625,-0.04157543182373047,-5.561485767364502,-0.006754901260137558,-0.0027727410197257996
29.25478744506836,-0.08286388218402863,-0.04166412353515625,-5.561645984649658,-0.0018079421715810895,-0.0065093981102108955
29.2947998046875,-0.08286873996257782,-0.041751861572265625,-5.561739921569824,0.0028283323626965284,-0.001165836350992322
29.334808349609375,-0.08286873996257782,-0.041751861572265625,-5.561716079711914,-0.0012230727588757873,-0.0025588260032236576
29.374839782714844,-0.08287360519170761,-0.041839599609375,-5.561791896820068,-0.006586013827472925,-0.0019001769833266735
29.414852142333984,-0.08305143564939499,-0.041928768157958984,-5.5619707107543945,0.0014405917609110475,-0.0045958287082612514
29.454832077026367,-0.08453063666820526,-0.04194164276123047,-5.561779975891113,0.0015274829929694533,0.00954668503254652
29.4948673248291,-0.08659183233976364,-0.04107093811035156,-5.56105899810791,0.025848200544714928,0.008437028154730797
29.53486442565918,-0.08743282407522202,-0.04019927978515625,-5.559636116027832,0.011729070916771889,0.053906314074993134
29.57485580444336,-0.08680441975593567,-0.03966236114501953,-5.556150913238525,0.05532374233007431,0.13432163000106812
29.614887237548828,-0.08365240693092346,-0.0336308479309082,-5.54836368560791,0.19148384034633636,0.18548288941383362
29.654870986938477,-0.07838816195726395,-0.021126747131347656,-5.539239406585693,0.2647138833999634,0.1379254162311554
29.69487190246582,-0.07269635796546936,-0.011505126953125,-5.535166263580322,0.14490509033203125,0.03883738070726395
29.734907150268555,-0.06878941506147385,-0.008541584014892578,-5.533167362213135,-0.017232950776815414,0.021588198840618134
29.77488899230957,-0.0681564137339592,-0.010279655456542969,-5.531579971313477,-0.06586407124996185,0.032444581389427185
29.814924240112305,-0.06811491400003433,-0.011672496795654297,-5.5290422439575195,-0.016053615137934685,0.07250872254371643
29.854930877685547,-0.06360946595668793,-0.009061336517333984,-5.52431583404541,0.11972411721944809,0.1430434137582779
29.894914627075195,-0.04942348971962929,-0.0007681846618652344,-5.516873359680176,0.22343844175338745,0.19797515869140625
29.934947967529297,-0.024931782856583595,0.010144233703613281,-5.505493640899658,0.24772658944129944,0.2825005352497101
29.97492790222168,-0.0011579750571399927,0.02126598358154297,-5.492795944213867,0.2880619764328003,0.3396667540073395
30.01494026184082,0.01907873898744583,0.03241682052612305,-5.476875305175781,0.25251203775405884,0.4143065810203552
30.054969787597656,0.03418710082769394,0.041378021240234375,-5.4593095779418945,0.17602695524692535,0.41773128509521484
30.094980239868164,0.04457109048962593,0.0470881462097168,-5.441303730010986,0.08441523462533951,0.429958313703537
30.135021209716797,0.04986761882901192,0.04942035675048828,-5.424680233001709,0.0001883429940789938,0.34047722816467285
30.174999237060547,0.05004815012216568,0.048137664794921875,-5.414422035217285,-0.08078460395336151,0.16758999228477478
30.215007781982422,0.046013426035642624,0.0452570915222168,-5.410974979400635,-0.12257186323404312,-0.0058458223938941956
30.255046844482422,0.0356869101524353,0.040502071380615234,-5.413339138031006,-0.15106794238090515,-0.11762997508049011
30.29505729675293,0.023798121139407158,0.03621673583984375,-5.416665554046631,-0.14574961364269257,-0.12155458331108093
30.33506202697754,0.01167991105467081,0.03325176239013672,-5.419349193572998,-0.0920022651553154,-0.11278006434440613
30.375041961669922,0.0005173087120056152,0.03132057189941406,-5.421825408935547,-0.09369517117738724,-0.10440073907375336
30.415075302124023,-0.009116558358073235,0.029030323028564453,-5.423079013824463,-0.08335879445075989,-0.037679873406887054
30.4550838470459,-0.017426762729883194,0.028597354888916016,-5.420504093170166,-0.017899030819535255,0.07047418504953384
30.49506187438965,-0.024752793833613396,0.0307769775390625,-5.416077136993408,0.056324660778045654,0.07374604791402817
30.535139083862305,-0.03366091474890709,0.034780025482177734,-5.413302898406982,0.024399003013968468,-0.009103434160351753
30.575075149536133,-0.04322976619005203,0.03445291519165039,-5.413204193115234,-0.08142407238483429,-0.04392062500119209
30.615110397338867,-0.05288941413164139,0.032341957092285156,-5.414320468902588,-0.0731106624007225,-0.06243431195616722
30.65510368347168,-0.06208942085504532,0.030688762664794922,-5.416501045227051,-0.0810571163892746,-0.0870584100484848
30.69512939453125,-0.07014155387878418,0.02784872055053711,-5.419413089752197,-0.1082160621881485,-0.1048509031534195
30.735136032104492,-0.0759841576218605,0.024556636810302734,-5.422351837158203,-0.09685853123664856,-0.08752290159463882
30.775123596191406,-0.08084789663553238,0.022551536560058594,-5.424938201904297,-0.058705806732177734,-0.07889874279499054
30.81516456604004,-0.0858415886759758,0.01997232437133789,-5.428056240081787,-0.09013831615447998,-0.09013831615447998
30.855146408081055,-0.09131955355405807,0.016657352447509766,-5.430628299713135,-0.07166890799999237,-0.057527702301740646
30.895183563232422,-0.09887196868658066,0.015507221221923828,-5.431323051452637,0.003758304752409458,0.01110757514834404
30.935163497924805,-0.10642653703689575,0.01729106903076172,-5.429521560668945,0.07941348105669022,0.08270622789859772
30.975170135498047,-0.11299943923950195,0.020745277404785156,-5.425869464874268,0.10443922877311707,0.11651375889778137
31.01517677307129,-0.10942193120718002,0.02414417266845703,-5.42067289352417,0.07506319880485535,0.1600686013698578
31.055185317993164,-0.09466653317213058,0.02518749237060547,-5.413721084594727,0.04720836877822876,0.18082962930202484
31.09522247314453,-0.07973868399858475,0.025979995727539062,-5.408656597137451,0.034833915531635284,0.1144176796078682
31.13520050048828,-0.06777556985616684,0.025972843170166016,-5.4077229499816895,-0.00905959028750658,-0.021097704768180847
31.17523765563965,-0.06362146884202957,0.023906707763671875,-5.41007661819458,-0.08831611275672913,-0.056843820959329605
31.215219497680664,-0.06476731598377228,0.019627094268798828,-5.411276340484619,-0.11699133366346359,-0.03603772819042206
31.25525665283203,-0.06505808979272842,0.01625537872314453,-5.412766456604004,-0.09378279000520706,-0.054191067814826965
31.295238494873047,-0.0636727437376976,0.014329910278320312,-5.413541316986084,-0.04850427061319351,-0.031136250123381615
31.335237503051758,-0.06088225170969963,0.013758659362792969,-5.41355562210083,-0.018128711730241776,-0.012757714837789536
31.375274658203125,-0.057033900171518326,0.014562606811523438,-5.41305685043335,0.0074314093217253685,-0.008649707771837711
31.415258407592773,-0.05267287418246269,0.015036582946777344,-5.4130024909973145,-0.028575826436281204,-0.021864498034119606
31.455257415771484,-0.05130505934357643,0.013769149780273438,-5.413508892059326,-0.023103132843971252,-0.0163707472383976
31.49529457092285,-0.05258447676897049,0.013200759887695312,-5.414712429046631,-0.024509795010089874,-0.039906248450279236
31.535274505615234,-0.055451709777116776,0.011621952056884766,-5.415464401245117,-0.06211372837424278,-0.03735195845365524
31.575307846069336,-0.05755425989627838,0.009929656982421875,-5.415904521942139,-0.04196770489215851,-0.023163460195064545
31.61528778076172,-0.05721766874194145,0.009325981140136719,-5.416466236114502,0.0006314594065770507,-0.012093782424926758
31.655319213867188,-0.05557592585682869,0.009274482727050781,-5.417134761810303,-0.00849809218198061,-0.019932139664888382
31.69533348083496,-0.05526254326105118,0.0071773529052734375,-5.417482376098633,-0.08142415434122086,-0.006468437612056732
31.735315322875977,-0.05564427003264427,0.004436969757080078,-5.415308952331543,-0.07645945250988007,0.06649334728717804
31.77535057067871,-0.05523598566651344,0.002456188201904297,-5.411261558532715,-0.04554084688425064,0.10551723092794418
31.81536865234375,-0.054640330374240875,0.0019278526306152344,-5.405935764312744,-0.0002139294520020485,0.13860081136226654
31.855348587036133,-0.054296448826789856,0.003367900848388672,-5.400019645690918,0.048658423125743866,0.13360688090324402
31.8953800201416,-0.05379333719611168,0.007356166839599609,-5.394928932189941,0.10234126448631287,0.09630399942398071
31.93536376953125,-0.052974700927734375,0.011303901672363281,-5.3921613693237305,0.042138177901506424,0.02275531180202961
31.975378036499023,-0.05206979811191559,0.011331558227539062,-5.391103267669678,-0.059820059686899185,-0.022907081991434097
32.015411376953125,-0.05140771344304085,0.009505748748779297,-5.391880512237549,-0.050630003213882446,-0.03656856715679169
32.055389404296875,-0.05141808092594147,0.008502006530761719,-5.39296817779541,-0.042469270527362823,-0.05184513330459595
32.095420837402344,-0.05159248039126396,0.0072784423828125,-5.394107818603516,-0.03994935750961304,-0.030573757365345955
32.135406494140625,-0.05141253396868706,0.006220817565917969,-5.395321369171143,-0.029752979055047035,-0.03779502213001251
32.17543411254883,-0.050952959805727005,0.0048198699951171875,-5.396482467651367,-0.039887260645627975,-0.023112080991268158
32.21543884277344,-0.05049366131424904,0.0034208297729492188,-5.397372245788574,-0.029373785480856895,-0.011278713122010231
32.25542068481445,-0.05082722380757332,0.0029344558715820312,-5.397576808929443,0.0042518130503594875,-0.004483234602957964
32.29545211791992,-0.05135783553123474,0.0034956932067871094,-5.397015571594238,0.008236007764935493,0.012923546135425568
32.3354377746582,-0.051537685096263885,0.003937721252441406,-5.396579742431641,0.016883952543139458,0.00944090262055397
32.37547302246094,-0.05154410004615784,0.004395961761474609,-5.396049499511719,0.004311063326895237,0.017039146274328232
32.41548538208008,-0.05154959484934807,0.004642486572265625,-5.395233631134033,0.004228269215673208,0.022281408309936523
32.45547103881836,-0.05155278742313385,0.004815101623535156,-5.394378185272217,0.014426733367145061,0.014426733367145061
32.495479583740234,-0.05208408460021019,0.005586147308349609,-5.393552780151367,0.018498660996556282,0.019883422181010246
32.535484313964844,-0.05244482681155205,0.0063343048095703125,-5.392624855041504,0.01814297027885914,0.029577016830444336
32.575496673583984,-0.052630867809057236,0.0071125030517578125,-5.391289710998535,0.01727106049656868,0.04672057554125786
32.615509033203125,-0.05246678367257118,0.007644176483154297,-5.390092849731445,0.016451241448521614,0.027881447225809097
32.655521392822266,-0.05213573947548866,0.008429527282714844,-5.38940954208374,0.019789477810263634,0.007700460962951183
32.695526123046875,-0.052136074751615524,0.008526802062988281,-5.389287948608398,-0.009202908724546432,-0.005847057327628136
32.73556137084961,-0.05221005529165268,0.008101463317871094,-5.389665603637695,-0.015677684918045998,-0.019724544137716293
32.775543212890625,-0.052192606031894684,0.007158756256103516,-5.390674114227295,-0.035777539014816284,-0.030413253232836723
32.81557083129883,-0.05225217714905739,0.005534648895263672,-5.392172336578369,-0.03248810023069382,-0.03852621093392372
32.855552673339844,-0.052398134022951126,0.0041866302490234375,-5.3932929039001465,-0.03480247035622597,-0.018094679340720177
32.89558410644531,-0.0525420643389225,0.0026726722717285156,-5.393470287322998,-0.020097991451621056,0.013407254591584206
32.93556213378906,-0.052454788237810135,0.002544403076171875,-5.393341064453125,0.01649780198931694,-0.00018021278083324432
32.97557067871094,-0.051854316145181656,0.0030984878540039062,-5.392960548400879,-0.006832639686763287,0.006615929305553436
33.01558303833008,-0.05141615867614746,0.0025129318237304688,-5.393168926239014,-0.008437023498117924,-0.007105411030352116
33.05562210083008,-0.0517614409327507,0.002505779266357422,-5.393211841583252,0.0024066900368779898,-0.0015992226544767618
33.09560775756836,-0.052453264594078064,0.0025811195373535156,-5.393460273742676,0.003181902691721916,-0.013544566929340363
33.1356086730957,-0.052614517509937286,0.0020246505737304688,-5.3941545486450195,-0.04075731337070465,-0.03471937030553818
33.1756477355957,-0.05206119641661644,-0.0001277923583984375,-5.395839214324951,-0.04118780791759491,-0.03511582314968109
33.21562957763672,-0.05169842764735222,-0.00128173828125,-5.397418975830078,-0.020625466480851173,-0.03735052049160004
33.25566482543945,-0.052016500383615494,-0.0032806396484375,-5.399447917938232,-0.06923208385705948,-0.049095697700977325
33.29564666748047,-0.05242086946964264,-0.005613803863525391,-5.401097774505615,-0.04389668628573418,-0.03521384298801422
33.33567810058594,-0.052667006850242615,-0.00667572021484375,-5.402141571044922,-0.01104472391307354,-0.010349099524319172
33.37566375732422,-0.05258547142148018,-0.0068721771240234375,-5.40238618850708,0.009764233604073524,0.005076956935226917
33.41569519042969,-0.05242237448692322,-0.0059356689453125,-5.401431560516357,0.028324197977781296,0.02965603396296501
33.45568084716797,-0.05226881429553032,-0.004237174987792969,-5.399816989898682,0.04476817324757576,0.03599986806511879
33.49570846557617,-0.05229119956493378,-0.0024871826171875,-5.398294925689697,0.03171102702617645,0.034374698996543884
33.53569030761719,-0.05255560949444771,-0.0018091201782226562,-5.397029399871826,0.02158818580210209,0.02696775086224079
33.57572555541992,-0.05274242162704468,-0.0007085800170898438,-5.396024703979492,0.032226599752902985,0.02417106181383133
33.615726470947266,-0.052577175199985504,-8.058547973632812e-05,-5.39539098739624,0.008429174311459064,0.008429174311459064
33.65571594238281,-0.05240868031978607,0.00027179718017578125,-5.394996643066406,0.014136137440800667,0.010088713839650154
33.69575119018555,-0.05232680216431618,0.0003542900085449219,-5.395135879516602,-0.010639892891049385,-0.007968162186443806
33.73573684692383,-0.05240112170577049,-0.0003299713134765625,-5.395723819732666,-0.02513449266552925,-0.02911798283457756
33.77577209472656,-0.0523008331656456,-0.0017123222351074219,-5.397202491760254,-0.03165914863348007,-0.030323544517159462
33.81575012207031,-0.052106231451034546,-0.0034418106079101562,-5.398883819580078,-0.0474439412355423,-0.04478828236460686
33.85575866699219,-0.052253395318984985,-0.005518913269042969,-5.401044845581055,-0.05761634185910225,-0.060287997126579285
33.895782470703125,-0.05213767662644386,-0.007522106170654297,-5.402994155883789,-0.06193188950419426,-0.05794784426689148
33.93577194213867,-0.051934968680143356,-0.009860992431640625,-5.405482769012451,-0.06337704509496689,-0.06540659070014954
33.97581100463867,-0.05173306167125702,-0.012195587158203125,-5.407781600952148,-0.06830696761608124,-0.06431770324707031
34.01580047607422,-0.051613692194223404,-0.014899253845214844,-5.410556793212891,-0.06943682581186295,-0.06943682581186295
34.05582809448242,-0.05131680518388748,-0.017589569091796875,-5.413325309753418,-0.07401638478040695,-0.07738229632377625
34.09581756591797,-0.05110883712768555,-0.020288467407226562,-5.416101932525635,-0.07221568375825882,-0.0795532763004303
34.13582229614258,-0.05090095102787018,-0.02282238006591797,-5.4186177253723145,-0.06660407036542892,-0.06521539390087128
34.17585754394531,-0.05077880248427391,-0.025187015533447266,-5.421084403991699,-0.06435263901948929,-0.06903952360153198
34.21583938598633,-0.05057438090443611,-0.027629852294921875,-5.423485279083252,-0.06845546513795853,-0.06643175333738327
34.2558479309082,-0.05036730691790581,-0.029997825622558594,-5.425913333892822,-0.059807486832141876,-0.06386635452508926
34.29588317871094,-0.05024655535817146,-0.03228044509887695,-5.428219795227051,-0.05858899652957916,-0.06061282008886337
34.33586502075195,-0.05003943666815758,-0.03490734100341797,-5.43089485168457,-0.05557484179735184,-0.05424671620130539
34.37590026855469,-0.05009343847632408,-0.037026405334472656,-5.433067798614502,-0.054930318146944046,-0.054289281368255615
34.41587829589844,-0.05006536468863487,-0.03905344009399414,-5.435094833374023,-0.04780649021267891,-0.046475138515233994
34.45588684082031,-0.049950867891311646,-0.040818214416503906,-5.436895370483398,-0.045902423560619354,-0.04858860373497009
34.49592208862305,-0.04992710053920746,-0.0424957275390625,-5.438579082489014,-0.03916415199637413,-0.041188258677721024
34.53590774536133,-0.04990550875663757,-0.04399824142456055,-5.44011116027832,-0.03919796273112297,-0.041869617998600006
34.5759162902832,-0.049889978021383286,-0.045318603515625,-5.441377639770508,-0.03325183689594269,-0.026519829407334328
34.61594772338867,-0.04995711147785187,-0.046389102935791016,-5.442478179931641,-0.025341849774122238,-0.024006208404898643
34.65592956542969,-0.04994400218129158,-0.04753446578979492,-5.443647384643555,-0.025327948853373528,-0.028620509430766106
34.69596481323242,-0.04993472248315811,-0.048241615295410156,-5.44430685043335,-0.011816246435046196,-0.005776781123131514
34.73594284057617,-0.05000871792435646,-0.048783302307128906,-5.444884300231934,-0.008928369730710983,-0.0069105736911296844
34.77595520019531,-0.0500049851834774,-0.04922199249267578,-5.4452691078186035,-0.010600552894175053,-0.006541568785905838
34.81598663330078,-0.05000034347176552,-0.0495758056640625,-5.445652961730957,-0.007856465876102448,-0.00583269726485014
34.85597229003906,-0.050001297146081924,-0.04966115951538086,-5.44572639465332,4.880987762589939e-05,-0.0033069474156945944
34.8960075378418,-0.04999898746609688,-0.04983806610107422,-5.445903301239014,-0.0019970631692558527,-0.007393808104097843
34.93598175048828,-0.050001297146081924,-0.04966115951538086,-5.445714473724365,-0.0019555508624762297,0.002719063078984618
34.97598648071289,-0.05000361055135727,-0.0494842529296875,-5.445507526397705,0.007766105234622955,0.010437237098813057
35.01603317260742,-0.05000917613506317,-0.04921531677246094,-5.445274353027344,0.007824522443115711,0.006492686457931995
35.056007385253906,-0.05001378431916237,-0.04886150360107422,-5.4449028968811035,0.009804898872971535,0.008477105759084225
35.09601974487305,-0.050018392503261566,-0.0485076904296875,-5.444549083709717,0.009714425541460514,0.0076872603967785835
35.13605499267578,-0.05002300441265106,-0.04815387725830078,-5.44419527053833,0.006687080021947622,0.005355690605938435
35.17603302001953,-0.050028495490550995,-0.047885894775390625,-5.443933010101318,0.0049781533889472485,-0.0023744013160467148
35.216041564941406,-0.04994979128241539,-0.047698020935058594,-5.443739414215088,0.0009788902243599296,-0.005053812637925148
35.256072998046875,-0.0499543622136116,-0.04734468460083008,-5.4434099197387695,0.00882858969271183,0.006804368924349546
35.296051025390625,-0.0499543622136116,-0.04734468460083008,-5.443374156951904,-0.0009301037644036114,0.00040169485146179795
35.33608627319336,-0.0499575138092041,-0.04725313186645508,-5.443258285522461,-0.0009277897188439965,0.00377406133338809
35.376068115234375,-0.0499575138092041,-0.04725313186645508,-5.443240642547607,0.0012227327097207308,0.005205558612942696
35.41607666015625,-0.0499606616795063,-0.047161102294921875,-5.443214416503906,-0.0009323905687779188,-0.007664398290216923
35.45610809326172,-0.049869831651449203,-0.04725074768066406,-5.443292140960693,-0.0037509799003601074,-0.0010801469907164574
35.49609375,-0.0497865229845047,-0.04741668701171875,-5.443446159362793,-0.004794827662408352,-0.00681307353079319
35.5361328125,-0.04995473101735115,-0.04777669906616211,-5.443835735321045,-0.007756736129522324,-0.005726732313632965
35.57611083984375,-0.04995246231555939,-0.04795360565185547,-5.443994998931885,-0.012597779743373394,-0.011263894848525524
35.61611557006836,-0.049862559884786606,-0.04812765121459961,-5.4441328048706055,-0.00297602079808712,-0.0009459035936743021
35.656131744384766,-0.0499456524848938,-0.048483848571777344,-5.444530963897705,-0.002048275899142027,-0.002048275899142027
35.696136474609375,-0.049946583807468414,-0.0485687255859375,-5.444561958312988,-0.0037230642046779394,0.001673530088737607
35.73614501953125,-0.04994432255625725,-0.04874563217163086,-5.4447808265686035,-0.0038206297904253006,-0.00046468479558825493
35.776153564453125,-0.049945272505283356,-0.04883098602294922,-5.444866180419922,-0.0016142081003636122,-0.0009196358732879162
35.816192626953125,-0.04985671490430832,-0.04874372482299805,-5.4447550773620605,0.0029320616740733385,0.0016001142794266343
35.856170654296875,-0.049945272505283356,-0.04883098602294922,-5.444854259490967,0.0009254227043129504,0.0009254227043129504
35.89619827270508,-0.049945272505283356,-0.04883098602294922,-5.444842338562012,0.0028880788013339043,0.006253988016396761
35.936180114746094,-0.04994432255625725,-0.04874563217163086,-5.444775104522705,0.004880433902144432,0.00551939383149147
35.97618865966797,-0.04994752258062363,-0.04865407943725586,-5.444713115692139,-0.003950261045247316,-0.0045913150534033775
36.0162239074707,-0.04985896497964859,-0.04856681823730469,-5.444650173187256,-0.0007308301283046603,-0.0014233074616640806
36.05620574951172,-0.049949776381254196,-0.0484771728515625,-5.44452428817749,0.007910024374723434,0.008600515313446522
36.09620666503906,-0.049783386290073395,-0.048287391662597656,-5.444352626800537,0.007948906160891056,0.005269669461995363
36.136253356933594,-0.04978562518954277,-0.048110008239746094,-5.444151401519775,0.0031750411726534367,0.0011450944002717733
36.17622375488281,-0.04970024526119232,-0.04793119430541992,-5.443984508514404,-0.004705025814473629,-0.008051717653870583
36.21623229980469,-0.049788784235715866,-0.0480189323425293,-5.444060325622559,0.0010204968275502324,-0.000311673735268414
36.25626754760742,-0.049788784235715866,-0.0480189323425293,-5.4440484046936035,0.0009788982570171356,0.004291102290153503
36.2962760925293,-0.04970024526119232,-0.04793119430541992,-5.443972587585449,-9.238444908987731e-05,-0.0034379579592496157
36.33625411987305,-0.04970117658376694,-0.04801654815673828,-5.444069862365723,-0.0008263384224846959,-0.00018598407041281462
36.37629318237305,-0.0496201254427433,-0.04800558090209961,-5.444070816040039,-0.0010343125322833657,-0.005030154716223478
36.41626739501953,-0.04970117658376694,-0.04801654815673828,-5.4440460205078125,0.002784126438200474,0.002093558432534337
36.45627212524414,-0.04970210790634155,-0.04810142517089844,-5.444100856781006,-0.0009327129810117185,0.004410149995237589
36.49631118774414,-0.049791593104600906,-0.04827404022216797,-5.4442973136901855,0.0018512121168896556,0.003875602502375841
36.53629684448242,-0.049791593104600906,-0.04827404022216797,-5.444303512573242,-0.002934384159743786,-0.002934384159743786
36.57630157470703,-0.04969989135861397,-0.0482783317565918,-5.444307804107666,-0.00898079201579094,-0.007639477960765362
36.6163330078125,-0.049700841307640076,-0.048363685607910156,-5.444386959075928,-0.002832649042829871,-0.002139959018677473
36.656307220458984,-0.049700841307640076,-0.048363685607910156,-5.444380760192871,0.001802870654501021,0.001802870654501021

"--- SEND COMMAND: Mode=velocity, Value=0.5 ---"
36.69632339477539,-0.04978938400745392,-0.04845094680786133,-5.444498062133789,5.803287785965949e-05,-0.0005867228610441089
36.736358642578125,-0.04978938400745392,-0.04845094680786133,-5.4444804191589355,0.0009742056718096137,0.006993431132286787
36.77634048461914,-0.049618855118751526,-0.048267364501953125,-5.444314479827881,0.0010250017512589693,-0.00164672895334661
36.81634521484375,-0.049618855118751526,-0.048267364501953125,-5.444302558898926,0.0019023459171876311,-0.000774259096942842
36.856353759765625,-0.049618855118751526,-0.048267364501953125,-5.444212913513184,-0.006992954295128584,0.0037458990700542927
36.89638900756836,-0.04963431507349014,-0.04703044891357422,-5.4444499015808105,0.17890477180480957,0.028524234890937805
36.9364013671875,-0.04988710582256317,-0.015232086181640625,-5.44645881652832,1.31463623046875,-0.05270421504974365
36.97637939453125,-0.05068368837237358,0.07433795928955078,-5.445685863494873,2.373795986175537,-0.15961384773254395
37.01639175415039,-0.05120408907532692,0.17568683624267578,-5.453405857086182,2.5840179920196533,-0.38515305519104004
37.05642318725586,-0.051120057702064514,0.27812719345092773,-5.459476470947266,2.466732978820801,-0.14600586891174316
37.09640884399414,-0.05052070692181587,0.3667764663696289,-5.467599868774414,1.955051302909851,-0.04731953144073486
37.136417388916016,-0.04977761209011078,0.4320688247680664,-5.4678192138671875,1.344425916671753,-0.11349987983703613
37.176429748535156,-0.049281515181064606,0.4732527732849121,-5.46799898147583,0.8148242831230164,0.010835766792297363
37.2164306640625,-0.04870683699846268,0.5012302398681641,-5.464109420776367,0.6321670413017273,0.11943888664245605
37.2564582824707,-0.04823478311300278,0.5266561508178711,-5.45735502243042,0.6254170536994934,0.17698737978935242
37.29644775390625,-0.047627370804548264,0.5545449256896973,-5.446310043334961,0.5854133367538452,0.18555223941802979
37.33646011352539,-0.047201257199048996,0.576869010925293,-5.43744421005249,0.5102375745773315,0.21198266744613647
37.376487731933594,-0.04682080075144768,0.5954570770263672,-5.427844524383545,0.4046158194541931,0.24813733994960785
37.416473388671875,-0.046445704996585846,0.6085805892944336,-5.4177470207214355,0.26588112115859985,0.24781940877437592
37.456504821777344,-0.04618936404585838,0.6183538436889648,-5.406930923461914,0.24003492295742035,0.2554103434085846
37.49648666381836,-0.045897528529167175,0.6296777725219727,-5.395744800567627,0.2890956401824951,0.27039772272109985
37.53649139404297,-0.04551902785897255,0.6409235000610352,-5.3843913078308105,0.2538609504699707,0.2726699411869049
37.576499938964844,-0.04508071392774582,0.6529331207275391,-5.371614933013916,0.27258652448654175,0.2772744596004486
37.61650848388672,-0.044778816401958466,0.6641659736633301,-5.360100269317627,0.2718454599380493,0.27922025322914124
37.65653610229492,-0.04439438134431839,0.675020694732666,-5.348544597625732,0.25581875443458557,0.2805212140083313
37.6965217590332,-0.04411953687667847,0.6854400634765625,-5.336872577667236,0.24888993799686432,0.29394373297691345
37.73652267456055,-0.04411761835217476,0.695429801940918,-5.325193405151367,0.2372494488954544,0.28128519654273987
37.77653503417969,-0.04397466778755188,0.7049431800842285,-5.313319206237793,0.22775839269161224,0.2861329913139343
37.8165397644043,-0.04383225366473198,0.713890552520752,-5.301112174987793,0.20902107656002045,0.3057195246219635
37.85654830932617,-0.04371515288949013,0.7232780456542969,-5.2876739501953125,0.19229799509048462,0.2987145185470581
37.89657974243164,-0.0434468574821949,0.7305212020874023,-5.275139808654785,0.16507068276405334,0.31233489513397217
37.936561584472656,-0.043376144021749496,0.7367463111877441,-5.262287139892578,0.13083674013614655,0.3231830298900604
37.976593017578125,-0.04323848336935043,0.7408785820007324,-5.249083042144775,0.0789874941110611,0.32399746775627136
38.01657485961914,-0.04333057627081871,0.7440648078918457,-5.235158920288086,0.0750756561756134,0.34747034311294556
38.056610107421875,-0.043258752673864365,0.747657299041748,-5.220564842224121,0.10144302248954773,0.3672666549682617
38.096595764160156,-0.043117497116327286,0.7520675659179688,-5.205003261566162,0.09569915384054184,0.3960627615451813
38.136634826660156,-0.04302326217293739,0.7541389465332031,-5.1874003410339355,-0.0018417064566165209,0.45997118949890137
38.1766242980957,-0.04306412860751152,0.7502532005310059,-5.168983459472656,-0.1357421875,0.47200584411621094
38.21663284301758,-0.04301415756344795,0.7447834014892578,-5.149112701416016,-0.1514410525560379,0.4977702498435974
38.25666809082031,-0.043040525168180466,0.7395086288452148,-5.129897594451904,-0.1113106980919838,0.4663751423358917
38.29664611816406,-0.042802050709724426,0.7356376647949219,-5.111178398132324,-0.1153450533747673,0.4683718681335449
38.33665466308594,-0.04266294091939926,0.7303452491760254,-5.091495513916016,-0.146763876080513,0.499999463558197
38.3766975402832,-0.042674873024225235,0.7263975143432617,-5.069119930267334,-0.08121055364608765,0.5867889523506165
38.41667175292969,-0.04262016341090202,0.7236227989196777,-5.04502010345459,-0.07018189877271652,0.6126999258995056
38.456703186035156,-0.04279275983572006,0.7191338539123535,-5.02048921585083,-0.1555330902338028,0.6160151958465576
38.49668502807617,-0.04300857335329056,0.711205005645752,-4.996755599975586,-0.2132374495267868,0.57394939661026
38.53669357299805,-0.04316041246056557,0.7031383514404297,-4.972740650177002,-0.17683196067810059,0.615563154220581
38.57670211791992,-0.04305288940668106,0.6990017890930176,-4.945784091949463,-0.06034058332443237,0.7157588601112366
38.61670684814453,-0.04279552400112152,0.6963262557983398,-4.916749477386475,-0.07033354043960571,0.7356934547424316
38.6567497253418,-0.04282184690237045,0.691166877746582,-4.887094497680664,-0.18774563074111938,0.7224939465522766
38.69672775268555,-0.043028753250837326,0.6808819770812988,-4.859317302703857,-0.31959110498428345,0.69842129945755
38.73674011230469,-0.04321270063519478,0.6668591499328613,-4.830987930297852,-0.2493552416563034,0.8181124329566956
38.776771545410156,-0.043232839554548264,0.6604361534118652,-4.798827648162842,-0.10339706391096115,0.7871145009994507
38.81675338745117,-0.04329259693622589,0.6566691398620605,-4.768296241760254,-0.10843472927808762,0.7331131100654602
38.85679244995117,-0.043444957584142685,0.650853157043457,-4.740424156188965,-0.18503667414188385,0.697032630443573
38.89677429199219,-0.04340572655200958,0.6435966491699219,-4.711069107055664,-0.14549927413463593,0.7814126014709473
38.93678283691406,-0.042783621698617935,0.639833927154541,-4.678933143615723,-0.05036548525094986,0.7977452874183655
38.97679138183594,-0.04237433522939682,0.6389565467834473,-4.64775276184082,-0.012745639309287071,0.7702303528785706
39.01679611206055,-0.042401574552059174,0.6376791000366211,-4.618799686431885,-0.048860207200050354,0.7108938694000244
39.056827545166016,-0.042932286858558655,0.6307249069213867,-4.591796875,-0.2021091878414154,0.6994162797927856
39.09680938720703,-0.04318547621369362,0.6240968704223633,-4.560920238494873,-0.11128020286560059,0.8090417981147766
39.136810302734375,-0.04307878017425537,0.6227226257324219,-4.530925750732422,0.01961454749107361,0.7419016361236572
39.17682647705078,-0.042911138385534286,0.6249270439147949,-4.502445697784424,0.08607131987810135,0.6899429559707642
39.21686553955078,-0.042389851063489914,0.6279869079589844,-4.475956916809082,0.06184898689389229,0.6520547270774841
39.25684356689453,-0.04197828844189644,0.6295843124389648,-4.448958873748779,0.0286973025649786,0.680949866771698
39.296852111816406,-0.04159681499004364,0.6304206848144531,-4.420492649078369,0.01635708473622799,0.7468457818031311
39.33686447143555,-0.04149308800697327,0.6296095848083496,-4.390013217926025,-0.035268634557724,0.7558826208114624
39.376895904541016,-0.04155538231134415,0.6282477378845215,-4.3597846031188965,-0.03764678165316582,0.7412260174751282
39.4168815612793,-0.04145211726427078,0.6273150444030762,-4.331847190856934,-0.019086917862296104,0.6737679839134216
39.456912994384766,-0.04162321984767914,0.625272274017334,-4.3041510581970215,-0.08567368984222412,0.6866066455841064
39.49692153930664,-0.04147058352828026,0.6223716735839844,-4.274322986602783,-0.054315295070409775,0.7911353707313538
39.536903381347656,-0.041369106620550156,0.6206045150756836,-4.242396354675293,-0.031000925227999687,0.8010603189468384
39.576934814453125,-0.041076820343732834,0.6180667877197266,-4.210347652435303,-0.07783135026693344,0.771449863910675
39.616920471191406,-0.040680550038814545,0.6141481399536133,-4.181297779083252,-0.07778890430927277,0.7496771812438965
39.65695571899414,-0.0401703380048275,0.6121621131896973,-4.150824546813965,-0.017917700111865997,0.794646680355072
39.69694137573242,-0.039413124322891235,0.6120243072509766,-4.11741828918457,0.005792034789919853,0.8483256101608276
39.736942291259766,-0.03851652145385742,0.6117029190063477,-4.0835065841674805,-0.04130108654499054,0.8464331030845642
39.776954650878906,-0.037414055317640305,0.6073493957519531,-4.052345275878906,-0.13688021898269653,0.7434468269348145
39.816959381103516,-0.03642532229423523,0.600550651550293,-4.0220465660095215,-0.15861821174621582,0.7811936736106873
39.856990814208984,-0.03575074300169945,0.5970354080200195,-3.9884166717529297,-0.03964747488498688,0.867613673210144
39.896976470947266,-0.03558940812945366,0.5979986190795898,-3.9539756774902344,0.05770879611372948,0.8807824850082397
39.936981201171875,-0.036254819482564926,0.5982761383056641,-3.9195308685302734,-0.05861356481909752,0.8127675652503967
39.97701644897461,-0.037079181522130966,0.5931119918823242,-3.887244701385498,-0.15323419868946075,0.8215972781181335
40.01699447631836,-0.03762461990118027,0.588864803314209,-3.8517580032348633,-0.04859395697712898,0.9354413747787476
40.05699920654297,-0.03756789490580559,0.5884609222412109,-3.8152503967285156,0.009776025079190731,0.9086617827415466
40.0970344543457,-0.037071652710437775,0.5883407592773438,-3.779975414276123,-0.02429327927529812,0.8432208895683289
40.13701629638672,-0.036396048963069916,0.5834050178527832,-3.7467713356018066,-0.19314508140087128,0.8314698338508606
40.17702102661133,-0.03595898672938347,0.5758457183837891,-3.710456371307373,-0.1344078630208969,0.9663535356521606
40.2170295715332,-0.035549458116292953,0.5733304023742676,-3.6736273765563965,-0.003334877546876669,0.9306294918060303
40.25703811645508,-0.035492509603500366,0.5737175941467285,-3.6383180618286133,0.002489434089511633,0.8513162732124329
40.29707336425781,-0.03579367697238922,0.5715055465698242,-3.6035828590393066,-0.10446494817733765,0.8723865747451782
40.337059020996094,-0.03598085045814514,0.5667510032653809,-3.5646190643310547,-0.10360189527273178,1.0202597379684448
40.37709045410156,-0.03615012392401695,0.5631437301635742,-3.524172306060791,-0.07952902466058731,1.007773756980896
40.417076110839844,-0.03638186678290367,0.5588092803955078,-3.486813545227051,-0.1442600041627884,0.9443672299385071
40.45710754394531,-0.03653418645262718,0.550694465637207,-3.446943521499634,-0.20769189298152924,1.0889620780944824
40.49709701538086,-0.03637811541557312,0.5422353744506836,-3.403984308242798,-0.15419268608093262,1.0990432500839233
40.53710174560547,-0.035826899111270905,0.5364704132080078,-3.3638556003570557,-0.13271978497505188,0.9825586080551147
40.57710647583008,-0.0348549522459507,0.5310449600219727,-3.3217875957489014,-0.11516585201025009,1.1368464231491089
40.61714553833008,-0.03457655385136604,0.5261821746826172,-3.2745609283447266,-0.12652720510959625,1.1857866048812866
40.65715026855469,-0.034988678991794586,0.5194873809814453,-3.2308859825134277,-0.1931900531053543,1.0503519773483276
40.6971321105957,-0.03574869781732559,0.5108728408813477,-3.1863086223602295,-0.1943506896495819,1.221794843673706
40.7371711730957,-0.03583814576268196,0.503995418548584,-3.137585163116455,-0.1623895913362503,1.2190452814102173
40.77715301513672,-0.03521822765469551,0.4960355758666992,-3.0927844047546387,-0.21797671914100647,1.1157383918762207
40.817161560058594,-0.0341331884264946,0.48743724822998047,-3.0444278717041016,-0.14699240028858185,1.323747992515564
40.85719680786133,-0.03280975669622421,0.4815177917480469,-2.9931764602661133,-0.16824303567409515,1.2172999382019043
40.897178649902344,-0.031565189361572266,0.4710860252380371,-2.9452691078186035,-0.2850799858570099,1.2647407054901123
40.937217712402344,-0.030237995088100433,0.4614219665527344,-2.890667676925659,-0.19148632884025574,1.3710486888885498
40.97721862792969,-0.02907627634704113,0.45361900329589844,-2.840472936630249,-0.22484202682971954,1.2181642055511475
41.0172004699707,-0.02811415307223797,0.44380617141723633,-2.7865657806396484,-0.21401509642601013,1.4456051588058472
41.05720901489258,-0.02727660909295082,0.43686866760253906,-2.7328150272369385,-0.1446562558412552,1.2493458986282349
41.09724807739258,-0.026536930352449417,0.4274024963378906,-2.6842057704925537,-0.24541781842708588,1.3116509914398193
41.13722610473633,-0.026173941791057587,0.4188976287841797,-2.6270549297332764,-0.15769168734550476,1.443609595298767
41.1772346496582,-0.025752639397978783,0.4125051498413086,-2.574652910232544,-0.17316125333309174,1.3086017370224
41.2172737121582,-0.025769399479031563,0.40438032150268555,-2.5165348052978516,-0.1916026920080185,1.5170292854309082
41.257259368896484,-0.026125788688659668,0.39715576171875,-2.460099220275879,-0.17030711472034454,1.3195359706878662
41.297264099121094,-0.026785429567098618,0.38851022720336914,-2.4043893814086914,-0.21035535633563995,1.5305029153823853
41.3372688293457,-0.027502013370394707,0.3803434371948242,-2.345324754714966,-0.18979600071907043,1.3849035501480103
41.37730026245117,-0.028485627844929695,0.3716292381286621,-2.291583299636841,-0.1742764711380005,1.451779842376709
41.41727828979492,-0.029011478647589684,0.36569881439208984,-2.2298686504364014,-0.1295708417892456,1.5235919952392578
41.4572868347168,-0.02915302850306034,0.35895252227783203,-2.1756391525268555,-0.18918980658054352,1.3358393907546997
41.497318267822266,-0.028776438906788826,0.35234975814819336,-2.1166703701019287,-0.1112256795167923,1.5282926559448242
41.53732681274414,-0.027892842888832092,0.347409725189209,-2.059544086456299,-0.14925459027290344,1.3462167978286743
41.57731246948242,-0.026591727510094643,0.3409409523010254,-2.0012919902801514,-0.12082135677337646,1.5925103425979614
41.6173210144043,-0.02503756806254387,0.33788251876831055,-1.9391381740570068,-0.06010598689317703,1.472254753112793
41.657352447509766,-0.023460298776626587,0.3320322036743164,-1.881232500076294,-0.18793874979019165,1.526350498199463
41.697364807128906,-0.02203810214996338,0.3245372772216797,-1.81817626953125,-0.12641353905200958,1.5636687278747559
41.73737335205078,-0.02114935964345932,0.31821298599243164,-1.7614574432373047,-0.18709583580493927,1.4276033639907837
41.7773551940918,-0.021105987951159477,0.31136083602905273,-1.6970875263214111,-0.1188386082649231,1.6465590000152588
41.81735610961914,-0.021455222740769386,0.307650089263916,-1.6370540857315063,-0.09828955680131912,1.4534947872161865
41.857364654541016,-0.02188914641737938,0.30274534225463867,-1.5739004611968994,-0.12075700610876083,1.6319522857666016
41.897396087646484,-0.022136984393000603,0.2986335754394531,-1.5129379034042358,-0.07956787198781967,1.4425476789474487
41.937374114990234,-0.02205677703022957,0.29477596282958984,-1.4523203372955322,-0.08458546549081802,1.6591849327087402
41.977386474609375,-0.021529894322156906,0.29067039489746094,-1.3888828754425049,-0.08426029235124588,1.5016392469406128
42.01742935180664,-0.020676424726843834,0.28662872314453125,-1.330540657043457,-0.09124510735273361,1.534667730331421
42.057411193847656,-0.02014528028666973,0.28357887268066406,-1.265544056892395,-0.06297992169857025,1.6123837232589722
42.09741973876953,-0.020871246233582497,0.27976512908935547,-1.2066383361816406,-0.10197445750236511,1.467332363128662
42.137451171875,-0.022459276020526886,0.27680015563964844,-1.1417546272277832,-0.03761690855026245,1.6642794609069824
42.177433013916016,-0.024810733273625374,0.27466726303100586,-1.078789234161377,-0.0894276574254036,1.5098917484283447
42.21744155883789,-0.02719758078455925,0.27007484436035156,-1.0143464803695679,-0.08417575806379318,1.6882901191711426
42.25747299194336,-0.02949020266532898,0.26778554916381836,-0.9518430233001709,-0.06262771040201187,1.4425439834594727
42.29745864868164,-0.031160758808255196,0.263887882232666,-0.8921884298324585,-0.08204033970832825,1.6225574016571045
42.33749771118164,-0.03250189870595932,0.262880802154541,-0.8270125389099121,0.016796104609966278,1.5716824531555176
42.377471923828125,-0.033258676528930664,0.2631254196166992,-0.7670146226882935,-0.04571547731757164,1.4946974515914917
42.41750717163086,-0.03391140699386597,0.26075267791748047,-0.7015626430511475,-0.039328549057245255,1.65194571018219
42.457489013671875,-0.03423960506916046,0.26006031036376953,-0.6411774158477783,-0.020710645243525505,1.4572455883026123
42.49752426147461,-0.03445938602089882,0.25775814056396484,-0.5780457258224487,-0.07086410373449326,1.6653730869293213
42.537506103515625,-0.03418060019612312,0.2559018135070801,-0.5139228701591492,-0.02093612216413021,1.5070773363113403
42.5775146484375,-0.033286288380622864,0.254361629486084,-0.4514373540878296,-0.03947886824607849,1.6802992820739746
42.617523193359375,-0.03232644498348236,0.252349853515625,-0.38488733768463135,-0.05019351840019226,1.5841909646987915
42.65755081176758,-0.031251534819602966,0.24963855743408203,-0.32491517066955566,-0.06850351393222809,1.5442967414855957
42.697540283203125,-0.029874755069613457,0.24769210815429688,-0.2593664526939392,-0.023505760356783867,1.6377079486846924
42.737571716308594,-0.028553616255521774,0.24628734588623047,-0.20002317428588867,-0.04799516126513481,1.4302833080291748
42.777557373046875,-0.027585675939917564,0.24495697021484375,-0.13793903589248657,0.008564058691263199,1.626007318496704
42.817588806152344,-0.026856450363993645,0.24666213989257812,-0.07428139448165894,0.0384678915143013,1.5223419666290283
42.85761260986328,-0.02713228017091751,0.2468113899230957,-0.011963993310928345,-0.0046205418184399605,1.6539597511291504
42.89760971069336,-0.028437985107302666,0.2479095458984375,0.05340556800365448,0.03328055515885353,1.5740227699279785
42.937591552734375,-0.030194703489542007,0.2469191551208496,0.11225241422653198,-0.07804203033447266,1.4640141725540161
42.977596282958984,-0.032414764165878296,0.2448558807373047,0.17735472321510315,-0.019208474084734917,1.6366130113601685
43.01763153076172,-0.03430720418691635,0.2455611228942871,0.23907765746116638,0.01868368498980999,1.5123600959777832
43.057613372802734,-0.03598925098776817,0.24511480331420898,0.30398130416870117,-0.025186141952872276,1.7058762311935425
43.09761428833008,-0.037215039134025574,0.2454385757446289,0.36773160099983215,0.025601832196116447,1.4799846410751343
43.13764953613281,-0.03711361065506935,0.2451930046081543,0.42760491371154785,-0.038956716656684875,1.5750046968460083
43.17763137817383,-0.03463700786232948,0.2437877655029297,0.49447378516197205,-0.021841082721948624,1.656866431236267
43.2176399230957,-0.030456116423010826,0.24282503128051758,0.5560327768325806,-0.03400692343711853,1.5370137691497803
43.25764846801758,-0.026240352541208267,0.24098634719848633,0.6242898106575012,-0.04460188373923302,1.739519715309143
43.29766082763672,-0.024018334224820137,0.23824357986450195,0.6883530616760254,-0.0835496038198471,1.5468698740005493
43.337669372558594,-0.024728670716285706,0.23476219177246094,0.755908191204071,-0.07897189259529114,1.7422375679016113
43.37770080566406,-0.02751855179667473,0.2312922477722168,0.8215273022651672,-0.09879330545663834,1.5631167888641357
43.41768264770508,-0.03043692745268345,0.2277235984802246,0.8891929388046265,-0.06280913949012756,1.7912360429763794
43.45771408081055,-0.031816642731428146,0.22569990158081055,0.956144392490387,-0.06797229498624802,1.5609897375106812
43.49769592285156,-0.030946165323257446,0.22234582901000977,1.0220112800598145,-0.06459824740886688,1.7510908842086792
43.53770446777344,-0.02811361476778984,0.22145748138427734,1.0886061191558838,-0.010851693339645863,1.5558521747589111
43.57773208618164,-0.024416431784629822,0.2189927101135254,1.1515271663665771,-0.07497721165418625,1.6846394538879395
43.61771011352539,-0.020353686064481735,0.21855497360229492,1.22068190574646,0.038683000952005386,1.6944330930709839
43.657745361328125,-0.01767890155315399,0.21977949142456055,1.2840626239776611,0.004296501167118549,1.598130226135254
43.69772720336914,-0.01850261725485325,0.21867656707763672,1.353462815284729,-0.01948813535273075,1.7419629096984863
43.737762451171875,-0.022555595263838768,0.21827459335327148,1.4180933237075806,-0.04033929109573364,1.5690696239471436
43.777748107910156,-0.025457441806793213,0.21587371826171875,1.487274169921875,-0.058642107993364334,1.7676753997802734
43.817787170410156,-0.025819607079029083,0.2145371437072754,1.552683711051941,-0.018431195989251137,1.5484416484832764
43.85778045654297,-0.023271026089787483,0.21325397491455078,1.6185901165008545,-0.02122914418578148,1.7533962726593018
43.89777374267578,-0.019562508910894394,0.2127385139465332,1.685605764389038,0.00044733364484272897,1.5696007013320923
43.937808990478516,-0.01623533107340336,0.21277141571044922,1.7501617670059204,0.012997145764529705,1.7240355014801025
43.97783660888672,-0.014086965471506119,0.21392250061035156,1.8180290460586548,0.031577251851558685,1.629522442817688
44.017826080322266,-0.013469056226313114,0.21397733688354492,1.8787060976028442,-0.015287429094314575,1.5244816541671753
44.05780792236328,-0.014578341506421566,0.21490907669067383,1.9456948041915894,0.06504892557859421,1.6978896856307983
44.097843170166016,-0.016112584620714188,0.21686744689941406,2.0087788105010986,0.01257361564785242,1.5241960287094116
44.1378288269043,-0.017186030745506287,0.21802711486816406,2.0750069618225098,0.05968288332223892,1.721684217453003
44.177833557128906,-0.017475849017500877,0.22137737274169922,2.14058518409729,0.073443703353405,1.5302391052246094
44.21786880493164,-0.017399346455931664,0.22172260284423828,2.2037816047668457,-0.020091405138373375,1.681281566619873
44.257843017578125,-0.016887087374925613,0.22230148315429688,2.2718136310577393,0.04527590796351433,1.667435884475708
44.297847747802734,-0.016361188143491745,0.22294855117797852,2.3343052864074707,-0.025241630151867867,1.5834860801696777
44.33786392211914,-0.01687740348279476,0.22165870666503906,2.40384840965271,-0.00899672694504261,1.7604960203170776
44.377872467041016,-0.017778592184185982,0.22234249114990234,2.4682581424713135,0.0015599109465256333,1.556473970413208
44.417903900146484,-0.01903737708926201,0.2212667465209961,2.5360798835754395,-0.04139897972345352,1.719590187072754
44.4578857421875,-0.020201753824949265,0.22040081024169922,2.600815534591675,-0.007220894563943148,1.5307315587997437
44.49791717529297,-0.020932119339704514,0.2200026512145996,2.6658811569213867,0.0008133079973049462,1.7506412267684937
44.53790283203125,-0.021116016432642937,0.22054481506347656,2.733337163925171,0.015245229937136173,1.5614345073699951
44.577938079833984,-0.02103109285235405,0.22129249572753906,2.794970750808716,0.02306915819644928,1.6071314811706543
44.617923736572266,-0.020469466224312782,0.22360944747924805,2.862661600112915,0.059210535138845444,1.6740607023239136
44.65793228149414,-0.01985473930835724,0.22487783432006836,2.923941135406494,0.013238697312772274,1.5073051452636719
44.697967529296875,-0.01941385492682457,0.2261819839477539,2.9898581504821777,0.0631665363907814,1.6977087259292603
44.73794937133789,-0.019016997888684273,0.22872543334960938,3.0549893379211426,0.03269268944859505,1.5366852283477783
44.7779541015625,-0.019183965399861336,0.227996826171875,3.11991024017334,-0.030827587470412254,1.7315731048583984
44.8179931640625,-0.019487179815769196,0.22821998596191406,3.1873409748077393,0.016222205013036728,1.5987248420715332
44.857994079589844,-0.019807958975434303,0.22702693939208984,3.2515158653259277,-0.07355470955371857,1.6872037649154663
44.89797592163086,-0.020310288295149803,0.2252206802368164,3.321465015411377,-0.013964015059173107,1.7000070810317993
44.937984466552734,-0.02077517658472061,0.22386455535888672,3.383092164993286,-0.07452987134456635,1.5349740982055664
44.9780158996582,-0.020850209519267082,0.22141170501708984,3.4521610736846924,-0.024856185540556908,1.7609257698059082
45.01800537109375,-0.020259879529476166,0.22137212753295898,3.5170340538024902,-0.008485469035804272,1.5971460342407227
45.058006286621094,-0.019142204895615578,0.2199230194091797,3.5879697799682617,-0.052378688007593155,1.8218445777893066
45.09806442260742,-0.017695456743240356,0.21765565872192383,3.6551148891448975,-0.06586333364248276,1.5974425077438354
45.1380500793457,-0.016253206878900528,0.21363592147827148,3.7247862815856934,-0.11449138820171356,1.812214970588684
45.17803192138672,-0.01489040907472372,0.20953989028930664,3.7931768894195557,-0.1066150814294815,1.6070138216018677
45.218040466308594,-0.013485821895301342,0.2054901123046875,3.8628299236297607,-0.06862728297710419,1.8531486988067627
45.258052825927734,-0.0120548689737916,0.20310020446777344,3.931440591812134,-0.06882549077272415,1.5892313718795776
45.29806137084961,-0.01049849297851324,0.20055770874023438,3.9988560676574707,-0.041642963886260986,1.804100751876831
45.33809280395508,-0.008578923530876637,0.1990947723388672,4.067219257354736,-0.0466541163623333,1.6075905561447144
45.37807083129883,-0.00657570268958807,0.1964702606201172,4.134846210479736,-0.05063672363758087,1.8465369939804077
45.4180793762207,-0.004388372413814068,0.19579029083251953,4.206418991088867,0.007899628020823002,1.694218397140503
45.45811462402344,-0.003940488211810589,0.19370460510253906,4.275759220123291,-0.09274996817111969,1.8498185873031616
45.49809265136719,-0.005885567981749773,0.19086074829101562,4.348703861236572,-0.07133608311414719,1.6993662118911743
45.53812789916992,-0.00978819653391838,0.18633556365966797,4.417629718780518,-0.15717998147010803,1.8683017492294312
45.57813262939453,-0.01449745986610651,0.18254852294921875,4.492776870727539,-0.06846582144498825,1.7443757057189941
45.61811065673828,-0.017298070713877678,0.17933368682861328,4.56400203704834,-0.11081214994192123,1.906749963760376
45.65812683105469,-0.01673598773777485,0.17529678344726562,4.637509346008301,-0.09201496094465256,1.7014085054397583
45.69816207885742,-0.013016133569180965,0.1708393096923828,4.707952976226807,-0.11120614409446716,1.9223440885543823
45.73814392089844,-0.0087104681879282,0.1666579246520996,4.781848907470703,-0.08285274356603622,1.7179993391036987
45.77815628051758,-0.007035425398498774,0.16329383850097656,4.853290557861328,-0.07613924890756607,1.9349229335784912
45.81816101074219,-0.009569053538143635,0.16010379791259766,4.926925182342529,-0.1024993509054184,1.7010287046432495
45.85819625854492,-0.014043577015399933,0.15657806396484375,4.999972820281982,-0.08502436429262161,1.9581830501556396
45.89817428588867,-0.01807926408946514,0.15435504913330078,5.075491428375244,-0.09045679122209549,1.7519766092300415
45.93818283081055,-0.020433569326996803,0.15070343017578125,5.15069580078125,-0.08563852310180664,1.9604408740997314
45.97821807861328,-0.02030988037586212,0.14774036407470703,5.222508430480957,-0.09526179730892181,1.6607023477554321
46.018226623535156,-0.0187672171741724,0.14295291900634766,5.294803619384766,-0.09767068177461624,1.926742672920227
46.058231353759766,-0.016616342589259148,0.14125871658325195,5.366668701171875,-0.013699951581656933,1.6922489404678345
46.09823226928711,-0.0154693853110075,0.13991212844848633,5.4383416175842285,-0.026378357782959938,1.887451171875
46.138221740722656,-0.015700697898864746,0.1404094696044922,5.5088210105896,0.02439507283270359,1.6431820392608643
46.178253173828125,-0.01723916083574295,0.14054107666015625,5.5780415534973145,-0.022431345656514168,1.8608378171920776
46.218284606933594,-0.01929588057100773,0.14077377319335938,5.6504974365234375,0.034098461270332336,1.7126951217651367
46.258243560791016,-0.021448763087391853,0.14254999160766602,5.720667362213135,0.022347453981637955,1.8657236099243164
46.29825210571289,-0.023593096062541008,0.1434483528137207,5.794915199279785,0.00938600767403841,1.7373871803283691
46.338260650634766,-0.025034327059984207,0.14319801330566406,5.863694190979004,-0.03387122228741646,1.8042811155319214
46.37826919555664,-0.025666741654276848,0.1418590545654297,5.936872959136963,-0.039147596806287766,1.7396308183670044
46.418277740478516,-0.025288153439760208,0.14046764373779297,6.002575397491455,-0.02498251385986805,1.7082229852676392
46.45828628540039,-0.02461658976972103,0.1406688690185547,6.075862407684326,0.028969425708055496,1.8465346097946167
46.498321533203125,-0.024287018924951553,0.14079761505126953,6.144708633422852,-0.012101645581424236,1.736243486404419
46.53833770751953,-0.024291517212986946,0.14150667190551758,6.219037055969238,0.04718036577105522,1.8428457975387573
46.57834243774414,-0.024192864075303078,0.14285039901733398,6.2860541343688965,0.0031466051004827023,1.6459547281265259
46.61832809448242,-0.024060644209384918,0.14258670806884766,6.3574323654174805,0.008457407355308533,1.8008469343185425
46.658363342285156,-0.0237327441573143,0.14391279220581055,6.425666332244873,0.025325722992420197,1.6662691831588745
46.69834899902344,-0.023431820794939995,0.14358854293823242,6.496917724609375,0.005986449774354696,1.8292865753173828
46.73836135864258,-0.0231800340116024,0.14595365524291992,6.564746856689453,0.06843890994787216,1.5768918991088867
46.77836608886719,-0.02328326739370823,0.14815092086791992,6.63035249710083,0.04678370803594589,1.7576004266738892
46.81840896606445,-0.023279519751667976,0.1508340835571289,6.699458122253418,0.08389675617218018,1.6451905965805054
46.85841751098633,-0.023319898173213005,0.15424346923828125,6.7646942138671875,0.07305289059877396,1.6928174495697021
46.89842224121094,-0.02365415170788765,0.1573619842529297,6.836979866027832,0.06902187317609787,1.7947028875350952
46.93843078613281,-0.024197634309530258,0.16023969650268555,6.902636528015137,0.06294920295476913,1.6129884719848633
46.978416442871094,-0.02475908398628235,0.16287994384765625,6.973628997802734,0.051239583641290665,1.7896723747253418
47.01844787597656,-0.024922402575612068,0.16358280181884766,7.040808200836182,-0.01132652722299099,1.6148192882537842
47.05843734741211,-0.02437916025519371,0.1630563735961914,7.110623359680176,0.012148208916187286,1.8265074491500854
47.098472595214844,-0.023273084312677383,0.1637887954711914,7.179348468780518,0.013090653344988823,1.6248294115066528
47.13844680786133,-0.022544214501976967,0.16324615478515625,7.247073650360107,-0.003272848669439554,1.7951723337173462
47.1784782409668,-0.0225996021181345,0.1648874282836914,7.3157429695129395,0.051485415548086166,1.6139767169952393
47.21847915649414,-0.023433933034539223,0.16560888290405273,7.3809332847595215,-0.0026326861698180437,1.7217050790786743
47.25849533081055,-0.023581845685839653,0.16687393188476562,7.451035976409912,0.08316370099782944,1.7246664762496948
47.29848098754883,-0.02147742360830307,0.1703033447265625,7.515914440155029,0.0431300513446331,1.611870288848877
47.338523864746094,-0.019047580659389496,0.17145204544067383,7.586427688598633,0.051254745572805405,1.7795768976211548
47.37849426269531,-0.01732565648853779,0.1737079620361328,7.6524577140808105,0.04375764727592468,1.6143425703048706
47.41850280761719,-0.017686894163489342,0.17423009872436523,7.722464561462402,-0.0014935203362256289,1.813059687614441
47.45851516723633,-0.01871672086417675,0.1749734878540039,7.790103912353516,0.028338218107819557,1.5775048732757568
47.49852752685547,-0.018576718866825104,0.17576360702514648,7.856926918029785,0.013730982318520546,1.7850110530853271
47.53853225708008,-0.016862230375409126,0.1757669448852539,7.926342964172363,0.011731202714145184,1.6394033432006836
47.57853698730469,-0.013567409478127956,0.17599964141845703,7.992123126983643,0.022692635655403137,1.7509667873382568
47.61854553222656,-0.010412955656647682,0.1773996353149414,8.062271118164062,0.043229877948760986,1.6964826583862305
47.65856170654297,-0.00745500810444355,0.17816448211669922,8.12474250793457,0.02167629636824131,1.572535514831543
47.69859313964844,-0.004902237094938755,0.18053150177001953,8.193411827087402,0.09391113370656967,1.73660409450531
47.73857498168945,-0.003597650909796357,0.18335342407226562,8.258216857910156,0.04503946751356125,1.5797806978225708
47.77858352661133,-0.004091155249625444,0.1848301887512207,8.325780868530273,0.061606232076883316,1.7636749744415283
47.81861114501953,-0.005799460224807262,0.18925094604492188,8.39292049407959,0.10167917609214783,1.5603055953979492
47.85860061645508,-0.0087979044765234,0.1920604705810547,8.45760440826416,0.024584608152508736,1.6953257322311401
47.89863204956055,-0.01127338781952858,0.1951589584350586,8.526592254638672,0.09091714024543762,1.665809988975525
47.93867492675781,-0.01309814490377903,0.19791746139526367,8.589397430419922,0.030478836968541145,1.5676608085632324
47.97865676879883,-0.014288777485489845,0.19866418838500977,8.657867431640625,0.03910859674215317,1.7232879400253296
48.01866912841797,-0.01407830324023962,0.20197200775146484,8.72232437133789,0.07516901195049286,1.5331802368164062
48.058677673339844,-0.013137979432940483,0.20391511917114258,8.787952423095703,0.03404318168759346,1.732684850692749
48.09871292114258,-0.01125361304730177,0.20563220977783203,8.853425025939941,0.06244184449315071,1.5399271249771118
48.138694763183594,-0.008639807812869549,0.20771026611328125,8.914849281311035,0.044037532061338425,1.6041743755340576
48.17872619628906,-0.006322820670902729,0.20993423461914062,8.982362747192383,0.07044752687215805,1.6730927228927612
48.218711853027344,-0.004339000675827265,0.21293163299560547,9.042974472045898,0.08307576179504395,1.4816458225250244
48.25874328613281,-0.0037621273659169674,0.2170252799987793,9.106420516967773,0.12502722442150116,1.6334689855575562
48.298728942871094,-0.0046831355430185795,0.2220745086669922,9.169401168823242,0.09572010487318039,1.4765491485595703
48.33879852294922,-0.006709439679980278,0.2255992889404297,9.2283353805542,0.08411210030317307,1.5139291286468506
48.378746032714844,-0.008652057498693466,0.23136520385742188,9.292703628540039,0.1709635853767395,1.5993635654449463
48.41875076293945,-0.01001659780740738,0.23766326904296875,9.352691650390625,0.10537922382354736,1.428691029548645
48.45877456665039,-0.010631202720105648,0.24138879776000977,9.41323471069336,0.09356667101383209,1.5908129215240479
48.49877166748047,-0.009575423784554005,0.24701929092407227,9.47573471069336,0.15509697794914246,1.5249754190444946
48.53877639770508,-0.007837681099772453,0.2512187957763672,9.532330513000488,0.062407489866018295,1.4072397947311401
48.57880783081055,-0.005765555892139673,0.2535977363586426,9.593353271484375,0.09666190296411514,1.5786175727844238
48.61878967285156,-0.002614653902128339,0.2588987350463867,9.65245246887207,0.15042273700237274,1.3821114301681519
48.65879440307617,0.0007766187773086131,0.26326513290405273,9.70627212524414,0.07811171561479568,1.3595774173736572
48.69880294799805,0.003577284747734666,0.26592111587524414,9.765768051147461,0.10538271069526672,1.5189040899276733
48.738807678222656,0.006129813380539417,0.27187490463256836,9.824392318725586,0.13856635987758636,1.373977780342102
48.77884292602539,0.00656880671158433,0.2764167785644531,9.881263732910156,0.08687843382358551,1.488777995109558
48.81883239746094,0.005076951812952757,0.27957630157470703,9.943829536437988,0.06448283791542053,1.5489052534103394
48.858863830566406,0.0025265170261263847,0.28246641159057617,10.000953674316406,0.04983295127749443,1.3764240741729736
48.89884948730469,-5.774945020675659e-05,0.2841663360595703,10.059531211853027,0.024413028731942177,1.5329298973083496
48.93888854980469,-0.0017673643305897713,0.28589963912963867,10.120172500610352,0.032181378453969955,1.4402509927749634
48.97886657714844,-0.0017634080722928047,0.2869420051574707,10.174922943115234,0.030240323394536972,1.378016471862793
49.01887512207031,0.0006074607954360545,0.28904294967651367,10.23591423034668,0.07128705829381943,1.5424258708953857
49.05891036987305,0.0039133639074862,0.2904629707336426,10.293930053710938,0.004856026265770197,1.3566228151321411
49.09889221191406,0.006146387662738562,0.28966617584228516,10.349285125732422,0.0009741912363097072,1.482218623161316
49.13890075683594,0.007019190117716789,0.29167604446411133,10.410041809082031,0.0752248764038086,1.5084340572357178
49.178932189941406,0.006346625741571188,0.2936239242553711,10.466313362121582,0.003954823594540358,1.376879334449768
49.218910217285156,0.004745925776660442,0.29387569427490234,10.526396751403809,0.023470362648367882,1.5685697793960571
49.25895309448242,0.0037361059803515673,0.2960653305053711,10.587416648864746,0.04690995067358017,1.434179425239563
49.298927307128906,0.002874907338991761,0.2954530715942383,10.645809173583984,-0.086871437728405,1.488667368888855
49.338958740234375,0.002258291468024254,0.2926139831542969,10.708434104919434,-0.025351140648126602,1.5527021884918213
49.378944396972656,0.002381595317274332,0.2915840148925781,10.765581130981445,-0.0634627565741539,1.3808027505874634
49.418975830078125,0.0027630103286355734,0.2886800765991211,10.827092170715332,-0.05566754564642906,1.601002812385559
49.458961486816406,0.003295599017292261,0.2882046699523926,10.88784408569336,0.018555711954832077,1.43958580493927
49.49899673461914,0.0035296787973493338,0.28780269622802734,10.947190284729004,-0.038078587502241135,1.5647757053375244
49.53896713256836,0.0033760732039809227,0.2856755256652832,11.01038932800293,-0.03709077090024948,1.5391961336135864
49.57902145385742,0.0030235545709729195,0.28408384323120117,11.067873001098633,-0.05273638293147087,1.4406678676605225
49.61899185180664,0.002082263585180044,0.28179359436035156,11.131688117980957,-0.05759996920824051,1.617059588432312
49.659027099609375,0.0007244274602271616,0.27957725524902344,11.192813873291016,-0.07128476351499557,1.4512206315994263
49.699012756347656,-0.0006582849309779704,0.27683353424072266,11.255426406860352,-0.06641346216201782,1.6650705337524414
49.739017486572266,-0.0022539999336004257,0.2738504409790039,11.319314956665039,-0.10452209413051605,1.4829586744308472
49.779048919677734,-0.004295336082577705,0.2693953514099121,11.381719589233398,-0.11529116332530975,1.6838270425796509
49.81903076171875,-0.006104730535298586,0.26612091064453125,11.449644088745117,-0.09093061089515686,1.6210601329803467
49.859073638916016,-0.008200022391974926,0.261019229888916,11.514057159423828,-0.16224773228168488,1.664871335029602
49.89905548095703,-0.010345933958888054,0.25613927841186523,11.58216667175293,-0.09387100487947464,1.6380966901779175
49.939090728759766,-0.01242754515260458,0.25084686279296875,11.642589569091797,-0.17100991308689117,1.5406255722045898
49.97908020019531,-0.014375895261764526,0.2464618682861328,11.711338996887207,-0.05977523326873779,1.719657063484192
50.01908493041992,-0.01580561138689518,0.24407434463500977,11.774019241333008,-0.09409784525632858,1.541547417640686
50.05908966064453,-0.017322828993201256,0.24005603790283203,11.842607498168945,-0.08711793273687363,1.728335976600647
50.09909439086914,-0.018210798501968384,0.23754405975341797,11.905882835388184,-0.082211934030056,1.5117425918579102
50.13913345336914,-0.01878213696181774,0.23324823379516602,11.973066329956055,-0.12711799144744873,1.749714732170105
50.179107666015625,-0.01909579150378704,0.22915124893188477,12.039779663085938,-0.0840860977768898,1.5990692377090454
50.219139099121094,-0.019633987918496132,0.22497892379760742,12.108818054199219,-0.12127482146024704,1.8037570714950562
50.25912857055664,-0.02075118198990822,0.22011232376098633,12.177145004272461,-0.13880878686904907,1.6019415855407715
50.299137115478516,-0.0222120750695467,0.2146167755126953,12.246341705322266,-0.13880397379398346,1.8204247951507568
50.339176177978516,-0.02391250617802143,0.20959854125976562,12.314600944519043,-0.14645226299762726,1.5762624740600586
50.379154205322266,-0.025554170832037926,0.20392465591430664,12.382377624511719,-0.1212698444724083,1.815189003944397
50.419158935546875,-0.026599615812301636,0.20003604888916016,12.453283309936523,-0.12043377757072449,1.6759120225906372
50.45918655395508,-0.027315057814121246,0.19487762451171875,12.525602340698242,-0.11651437729597092,1.9066153764724731
50.499210357666016,-0.027479754760861397,0.19006919860839844,12.595863342285156,-0.13982073962688446,1.6457436084747314
50.5391960144043,-0.027599135413765907,0.1830277442932129,12.667306900024414,-0.15829546749591827,1.897525668144226
50.57928466796875,-0.027302658185362816,0.17801141738891602,12.738893508911133,-0.13457563519477844,1.7105287313461304
50.619205474853516,-0.027179555967450142,0.171478271484375,12.813607215881348,-0.15606483817100525,1.9297915697097778
50.65922164916992,-0.027101924642920494,0.16649293899536133,12.883199691772461,-0.12556302547454834,1.6327930688858032
50.69923400878906,-0.02738858386874199,0.16096973419189453,12.956191062927246,-0.14904436469078064,1.8840447664260864
50.7392692565918,-0.027460554614663124,0.15638399124145508,13.027364730834961,-0.11011452972888947,1.7298203706741333
50.77924728393555,-0.02762264385819435,0.15074920654296875,13.104156494140625,-0.1259012669324875,1.9916155338287354
50.81928634643555,-0.02759600803256035,0.14601373672485352,13.176498413085938,-0.11758989095687866,1.7798776626586914
50.85926818847656,-0.027686377987265587,0.14095067977905273,13.254844665527344,-0.12754617631435394,1.9702762365341187
50.89927673339844,-0.02844267152249813,0.13468360900878906,13.327475547790527,-0.1685030460357666,1.872685194015503
50.93928909301758,-0.02917330339550972,0.12906837463378906,13.407422065734863,-0.13543395698070526,1.8961961269378662
50.97932434082031,-0.029487572610378265,0.12292098999023438,13.481485366821289,-0.1576842963695526,1.973118543624878
51.01930236816406,-0.029614105820655823,0.11812448501586914,13.557426452636719,-0.10882106423377991,1.753028392791748
51.0593147277832,-0.03100770339369774,0.11222267150878906,13.63029670715332,-0.11668365448713303,1.9912372827529907
51.09931945800781,-0.032546013593673706,0.10983419418334961,13.705589294433594,-0.044295478612184525,1.7321070432662964
51.13933181762695,-0.033641938120126724,0.10776376724243164,13.779979705810547,-0.06314203888177872,1.9845802783966064
51.17933654785156,-0.03292969986796379,0.10587596893310547,13.854095458984375,-0.032895103096961975,1.7353410720825195
51.2193717956543,-0.031010311096906662,0.10360383987426758,13.928581237792969,-0.07046223431825638,1.9769680500030518
51.25935745239258,-0.029734887182712555,0.10148954391479492,14.00248908996582,-0.025791658088564873,1.7377746105194092
51.29936599731445,-0.03053649514913559,0.10077571868896484,14.077115058898926,-0.014723796397447586,1.9771373271942139
51.33940887451172,-0.03239169344305992,0.10001707077026367,14.152605056762695,-0.024594051763415337,1.77780020236969
51.37938690185547,-0.03331600874662399,0.09898567199707031,14.229100227355957,-0.018655067309737206,1.9968323707580566
51.4194221496582,-0.03271009773015976,0.09764671325683594,14.302327156066895,-0.038360998034477234,1.7194818258285522
51.45940017700195,-0.0319281741976738,0.0964813232421875,14.375883102416992,-0.0167838241904974,1.9203662872314453
51.49943923950195,-0.031352102756500244,0.09621953964233398,14.448749542236328,-0.020758643746376038,1.7413843870162964
51.539424896240234,-0.03193030506372452,0.09534454345703125,14.522242546081543,-0.0011099331313744187,1.9059723615646362
51.579437255859375,-0.03302580118179321,0.09753608703613281,14.594152450561523,0.061362508684396744,1.6806621551513672
51.619468688964844,-0.034734003245830536,0.0997467041015625,14.664960861206055,0.06291259080171585,1.876082420349121
51.65945053100586,-0.03581565245985985,0.1048421859741211,14.737305641174316,0.12101355940103531,1.684206247329712
51.699493408203125,-0.035875748842954636,0.1081552505493164,14.805106163024902,0.05815679207444191,1.7997745275497437
51.73946762084961,-0.034232161939144135,0.11143112182617188,14.879327774047852,0.10342982411384583,1.7992178201675415
51.779476165771484,-0.031394075602293015,0.11536264419555664,14.947242736816406,0.09279317408800125,1.7368791103363037
51.81948471069336,-0.028841452673077583,0.11780691146850586,15.021749496459961,0.059007808566093445,1.8587663173675537
51.85951614379883,-0.02743416093289852,0.11962318420410156,15.089933395385742,0.03816691040992737,1.6867634057998657
51.89949417114258,-0.026940535753965378,0.12066364288330078,15.164677619934082,0.022327149286866188,1.8984026908874512
51.93953323364258,-0.027089500799775124,0.12140846252441406,15.234307289123535,0.0221098605543375,1.6805670261383057
51.979515075683594,-0.0269505362957716,0.122467041015625,15.306498527526855,0.03816432133316994,1.8479912281036377
52.01955032348633,-0.02707022987306118,0.12335872650146484,15.376167297363281,0.0031133764423429966,1.6568222045898438
52.059532165527344,-0.02693582884967327,0.12391853332519531,15.447272300720215,0.028551951050758362,1.8596577644348145
52.09956741333008,-0.026554496958851814,0.12617731094360352,15.518308639526367,0.056518491357564926,1.6772385835647583
52.13957214355469,-0.026745710521936417,0.12782001495361328,15.588884353637695,0.04564451798796654,1.876784324645996
52.17955017089844,-0.027047796174883842,0.1308608055114746,15.66114616394043,0.07018081098794937,1.6868326663970947
52.21958541870117,-0.027523938566446304,0.1318511962890625,15.730627059936523,-0.014845321886241436,1.8499157428741455
52.25956344604492,-0.02794964611530304,0.13245296478271484,15.804499626159668,0.03401552885770798,1.7424180507659912
52.29956817626953,-0.028098998591303825,0.13310909271240234,15.870674133300781,-0.011027101427316666,1.7244858741760254
52.339603424072266,-0.0284800473600626,0.1326446533203125,15.9444580078125,0.00879824161529541,1.8264861106872559
52.37958526611328,-0.028619611635804176,0.1333775520324707,16.013338088989258,0.0018439764389768243,1.7618069648742676
52.419620513916016,-0.028694551438093185,0.1325092315673828,16.08991241455078,-0.028757451102137566,1.887565016746521
52.45960235595703,-0.02816121280193329,0.1317739486694336,16.158729553222656,-0.02469266951084137,1.7309695482254028
52.499637603759766,-0.027207136154174805,0.13010787963867188,16.23491096496582,-0.05742434784770012,1.9152272939682007
52.53961944580078,-0.026059726253151894,0.1267986297607422,16.304155349731445,-0.07889805734157562,1.7586681842803955
52.57962417602539,-0.02549191564321518,0.12433242797851562,16.381772994995117,-0.049637921154499054,1.9130500555038452
52.61966323852539,-0.025751814246177673,0.12213850021362305,16.450902938842773,-0.05616581439971924,1.7331418991088867
52.659645080566406,-0.026745427399873734,0.12060403823852539,16.526845932006836,-0.01251139771193266,1.9116193056106567
52.69965362548828,-0.027614444494247437,0.11867380142211914,16.596940994262695,-0.06945904344320297,1.7689108848571777
52.739681243896484,-0.027627164497971535,0.117218017578125,16.674528121948242,-0.007162211928516626,1.9307399988174438
52.779659271240234,-0.026354912668466568,0.11684322357177734,16.746116638183594,-0.03777635842561722,1.8140536546707153
52.819679260253906,-0.02511102892458439,0.11514139175415039,16.823007583618164,-0.013175945729017258,1.896897792816162
52.85968017578125,-0.024892043322324753,0.11355209350585938,16.89255714416504,-0.07875297963619232,1.7697964906692505
52.899688720703125,-0.02595076709985733,0.11112689971923828,16.969829559326172,-0.03388052061200142,1.8966968059539795
52.939697265625,-0.02715577557682991,0.1110849380493164,17.0400390625,-0.009877161122858524,1.7723251581192017
52.979698181152344,-0.02737145684659481,0.11036157608032227,17.115570068359375,-0.01664293184876442,1.8534759283065796
53.019737243652344,-0.02658889815211296,0.1103219985961914,17.18350601196289,0.007050790823996067,1.7148979902267456
53.05971908569336,-0.025060921907424927,0.11099052429199219,17.257516860961914,0.03572964668273926,1.8626421689987183
53.099727630615234,-0.023675138130784035,0.1136159896850586,17.32449722290039,0.09700258821249008,1.633193850517273
53.1397590637207,-0.02265947125852108,0.11886215209960938,17.395320892333984,0.1264616698026657,1.7805477380752563
53.17974090576172,-0.021788563579320908,0.12287378311157227,17.462501525878906,0.0902661681175232,1.5970125198364258
53.21977233886719,-0.021116720512509346,0.12673616409301758,17.529016494750977,0.12023291736841202,1.7705365419387817
53.25978469848633,-0.01984129287302494,0.13286638259887695,17.59812355041504,0.15820197761058807,1.6564052104949951
53.299766540527344,-0.018212752416729927,0.13783884048461914,17.661699295043945,0.12100065499544144,1.6145328283309937
53.339778900146484,-0.01595068909227848,0.14340543746948242,17.729230880737305,0.1649540513753891,1.6738356351852417
53.37981033325195,-0.014266099780797958,0.14932012557983398,17.79165267944336,0.11731979250907898,1.5028315782546997
53.419795989990234,-0.01551252231001854,0.1533517837524414,17.855369567871094,0.10594934225082397,1.7017192840576172
53.45980453491211,-0.01915840618312359,0.16053438186645508,17.9224796295166,0.2014300674200058,1.6055479049682617
53.49983596801758,-0.02393730916082859,0.16833114624023438,17.98358917236328,0.14443255960941315,1.5146971940994263
53.53981399536133,-0.027715256437659264,0.17351865768432617,18.050100326538086,0.1244141235947609,1.6701096296310425
53.579830169677734,-0.028238294646143913,0.17881345748901367,18.11326026916504,0.11475037038326263,1.480441927909851
53.61986541748047,-0.025421656668186188,0.1815199851989746,18.17474937438965,0.05155561491847038,1.6567203998565674
53.659847259521484,-0.020636335015296936,0.18332958221435547,18.24148941040039,0.07820999622344971,1.6420611143112183
53.699886322021484,-0.01517847366631031,0.186737060546875,18.30354881286621,0.07944295555353165,1.5729172229766846
53.7398681640625,-0.012818523682653904,0.1889796257019043,18.3717098236084,0.05112049728631973,1.730085849761963
53.779876708984375,-0.01249029953032732,0.19035816192626953,18.436138153076172,0.019743986427783966,1.5516489744186401
53.819889068603516,-0.013864223845303059,0.19079017639160156,18.502243041992188,0.014801348559558392,1.7350318431854248
53.85989761352539,-0.015307428315281868,0.1917104721069336,18.568206787109375,0.004054061137139797,1.5282230377197266
53.89992904663086,-0.016808440908789635,0.1915130615234375,18.630287170410156,-0.0008504379075020552,1.6548588275909424
53.9399299621582,-0.01781119778752327,0.19279766082763672,18.698665618896484,0.045029688626527786,1.6858948469161987
53.97994613647461,-0.018190639093518257,0.1932835578918457,18.762731552124023,-0.0127404211089015,1.6028835773468018
54.01993179321289,-0.018263550475239754,0.19385433197021484,18.83199691772461,0.04191841557621956,1.7201385498046875
54.059940338134766,-0.018123725429177284,0.19495630264282227,18.894996643066406,-0.00680441502481699,1.524244785308838
54.0999755859375,-0.01841495744884014,0.1937708854675293,18.960655212402344,-0.009620639495551586,1.696643352508545
54.13995361328125,-0.018901776522397995,0.19503164291381836,19.025564193725586,0.044134024530649185,1.5391345024108887
54.17995834350586,-0.019517766311764717,0.19593095779418945,19.090373992919922,0.0009958299342542887,1.719323992729187
54.219966888427734,-0.020078491419553757,0.19744157791137695,19.157024383544922,0.07817113399505615,1.5819123983383179
54.259971618652344,-0.020250463858246803,0.2003774642944336,19.216262817382812,0.05465570464730263,1.4837110042572021
54.299983978271484,-0.019913820549845695,0.20201396942138672,19.28176498413086,0.03794268146157265,1.6523146629333496
54.33999252319336,-0.018380802124738693,0.20426464080810547,19.34445571899414,0.05256662890315056,1.507779598236084
54.380001068115234,-0.016659773886203766,0.20591163635253906,19.408889770507812,0.043017443269491196,1.7099422216415405
54.420040130615234,-0.015863200649619102,0.20768117904663086,19.47493553161621,0.05082196369767189,1.54994535446167
54.460018157958984,-0.01596599817276001,0.2089519500732422,19.53630828857422,0.02039320580661297,1.591878056526184
54.50004959106445,-0.01719810627400875,0.21010494232177734,19.603374481201172,0.027259912341833115,1.6768065690994263
54.540035247802734,-0.0184689499437809,0.2103252410888672,19.665042877197266,-0.02640702575445175,1.5042438507080078
54.58004379272461,-0.01909780316054821,0.2101125717163086,19.730934143066406,0.02615726925432682,1.6790506839752197
54.62007522583008,-0.018040163442492485,0.2117462158203125,19.79435920715332,0.031017865985631943,1.5021770000457764
54.660057067871094,-0.01601814106106758,0.21230792999267578,19.856563568115234,0.04576729238033295,1.6621932983398438
54.70006561279297,-0.01390282902866602,0.21543598175048828,19.920001983642578,0.1054389476776123,1.5326610803604126
54.7401008605957,-0.012451079674065113,0.2178668975830078,19.97801399230957,0.028442755341529846,1.4601426124572754
54.78007888793945,-0.011888411827385426,0.21932411193847656,20.04163360595703,0.084091417491436,1.6262483596801758
54.820091247558594,-0.011561852879822254,0.22413253784179688,20.103164672851562,0.128007709980011,1.4646756649017334
54.86009979248047,-0.011752264574170113,0.22756576538085938,20.16488265991211,0.03815114498138428,1.6286293268203735
54.90013122558594,-0.012406179681420326,0.229705810546875,20.23025131225586,0.07316970080137253,1.595073938369751
54.94011688232422,-0.012829260900616646,0.2318282127380371,20.28986930847168,0.03698083758354187,1.4968544244766235
54.98012161254883,-0.013271933421492577,0.23218202590942383,20.354822158813477,-0.002056334400549531,1.6163644790649414
55.0201530456543,-0.01330932043492794,0.23303794860839844,20.41554069519043,0.03610815852880478,1.4357590675354004
55.06016540527344,-0.013563468120992184,0.23429250717163086,20.475433349609375,0.030281338840723038,1.593695878982544
55.10014343261719,-0.013779554516077042,0.23615169525146484,20.538898468017578,0.05575712025165558,1.5328938961029053
55.14015197753906,-0.013940067030489445,0.23887300491333008,20.597026824951172,0.06748931854963303,1.4485441446304321
55.18016052246094,-0.013959909789264202,0.2423548698425293,20.65947151184082,0.10457531362771988,1.5630953311920166
55.220191955566406,-0.013987986370921135,0.2456798553466797,20.71866226196289,0.05192006751894951,1.37090003490448
55.26017761230469,-0.014087885618209839,0.2475295066833496,20.775070190429688,0.04605499282479286,1.4712398052215576
55.3001823425293,-0.013792270794510841,0.25174951553344727,20.836885452270508,0.13286468386650085,1.5453379154205322
55.34019470214844,-0.013390449807047844,0.25544309616088867,20.894556045532227,0.05279216170310974,1.4134595394134521
55.38023376464844,-0.012969164177775383,0.25681304931640625,20.955097198486328,0.04684071987867355,1.5981472730636597
55.42021179199219,-0.01206229068338871,0.26018619537353516,21.016769409179688,0.10637848824262619,1.4805259704589844
55.46024703979492,-0.011358628049492836,0.2623906135559082,21.074087142944336,-0.0029338495805859566,1.4380580186843872
55.5002326965332,-0.01147492416203022,0.2625284194946289,21.136035919189453,0.030340470373630524,1.5469657182693481
55.54023742675781,-0.01120095606893301,0.2652883529663086,21.194622039794922,0.057596076279878616,1.3892606496810913
55.58027267456055,-0.011066301725804806,0.26612281799316406,21.25337791442871,1.041101131704636e-05,1.5685315132141113
55.62025451660156,-0.010402870364487171,0.26700305938720703,21.315723419189453,0.06450045108795166,1.5290172100067139
55.66029357910156,-0.009573698975145817,0.2693490982055664,21.372875213623047,0.03622359782457352,1.4255810976028442
55.700279235839844,-0.008916026912629604,0.2697725296020508,21.435070037841797,0.0020443599205464125,1.5708720684051514
55.74028778076172,-0.00877066794782877,0.2702188491821289,21.494606018066406,0.013743491843342781,1.3925161361694336
55.78032302856445,-0.009114357642829418,0.2706785202026367,21.55312728881836,0.016642112284898758,1.5566669702529907
55.820308685302734,-0.009881594218313694,0.27201318740844727,21.61647605895996,0.03315841406583786,1.5438684225082397
55.8603401184082,-0.010849625803530216,0.27344369888305664,21.673147201538086,0.02431640215218067,1.3928455114364624
55.90031814575195,-0.011111178435385227,0.27483177185058594,21.733203887939453,0.06739915162324905,1.5429837703704834
55.94032669067383,-0.010393121279776096,0.27758216857910156,21.79256248474121,0.052665941417217255,1.3870725631713867
55.9803581237793,-0.008890030905604362,0.27857542037963867,21.848186492919922,0.024469008669257164,1.434218406677246
56.02033996582031,-0.006579372100532055,0.2818179130554199,21.909696578979492,0.10464422404766083,1.5419613122940063
56.060367584228516,-0.004430781584233046,0.28426361083984375,21.966716766357422,0.02748091146349907,1.3924449682235718
56.10035705566406,-0.002650841372087598,0.2838315963745117,22.025344848632812,-0.0037869582884013653,1.564400315284729
56.14036560058594,-0.0005029179155826569,0.2855339050292969,22.0865421295166,0.06740830093622208,1.4802435636520386
56.180450439453125,0.0013413768028840423,0.28588151931762695,22.14300537109375,-0.03425700217485428,1.4360575675964355
56.22038269042969,0.0029557463712990284,0.28485584259033203,22.205772399902344,0.010564407333731651,1.576647162437439
56.26042556762695,0.004722106270492077,0.2859525680541992,22.26382827758789,0.027051512151956558,1.3733901977539062
56.30040740966797,0.00593875115737319,0.28475189208984375,22.320974349975586,-0.04432421922683716,1.549438714981079
56.34041213989258,0.00718434015288949,0.28468942642211914,22.382802963256836,0.042521871626377106,1.5214335918426514
56.38044738769531,0.008099026046693325,0.2852816581726074,22.439992904663086,-0.01619320921599865,1.437615156173706
56.420433044433594,0.008032978512346745,0.2837390899658203,22.503864288330078,-0.042496465146541595,1.6146224737167358
56.46046447753906,0.00730046397075057,0.28278017044067383,22.56380271911621,-0.034421246498823166,1.4119064807891846
56.50044631958008,0.005688623525202274,0.28118419647216797,22.62399673461914,-0.045071445405483246,1.6050342321395874
56.54048156738281,0.004031370859593153,0.2800478935241699,22.6861515045166,-0.033346645534038544,1.468082070350647
56.58046340942383,0.0029398021288216114,0.27906227111816406,22.74356460571289,-0.03037196956574917,1.4853636026382446
56.6204948425293,0.0029807284008711576,0.2787046432495117,22.807796478271484,0.002859706524759531,1.6074613332748413
56.66048049926758,0.004049759358167648,0.27729272842407227,22.865957260131836,-0.05473077669739723,1.4077084064483643
56.70051193237305,0.006240184884518385,0.2752256393432617,22.926334381103516,-0.013795188628137112,1.5889523029327393
56.7404899597168,0.009614243172109127,0.27507591247558594,22.9869441986084,-0.014876578003168106,1.422684907913208
56.780494689941406,0.012300674803555012,0.2725248336791992,23.044891357421875,-0.055145736783742905,1.5654382705688477
56.82050323486328,0.0141081428155303,0.2720804214477539,23.109477996826172,0.02675643190741539,1.6128404140472412
56.860530853271484,0.013638963922858238,0.272491455078125,23.169221878051758,-0.0589204840362072,1.4630910158157349
56.9005126953125,0.009810269810259342,0.26976585388183594,23.233800888061523,-0.037196092307567596,1.645524263381958
56.940547943115234,0.006825023330748081,0.26916980743408203,23.294960021972656,-0.048819925636053085,1.4205654859542847
56.980525970458984,0.005397509783506393,0.26589107513427734,23.35649871826172,-0.09570451080799103,1.6611381769180298
57.02053451538086,0.005933088716119528,0.2639169692993164,23.420047760009766,-0.010742783546447754,1.4979102611541748
57.060543060302734,0.006801434326916933,0.2636146545410156,23.479341506958008,-0.02059270814061165,1.5257654190063477
57.100555419921875,0.006459437310695648,0.26293182373046875,23.543392181396484,-0.00981928501278162,1.5692288875579834
57.140560150146484,0.00561766279861331,0.2636551856994629,23.60099220275879,0.021474463865160942,1.4047352075576782
57.180580139160156,0.005469521041959524,0.2648744583129883,23.661258697509766,0.04393552616238594,1.5770174264907837
57.220584869384766,0.006300200708210468,0.2667560577392578,23.721479415893555,0.052685752511024475,1.4120570421218872
57.260589599609375,0.007129722274839878,0.2684483528137207,23.776182174682617,0.050741471350193024,1.4012235403060913
57.30061340332031,0.0070742960087955,0.2715911865234375,23.835771560668945,0.0956411212682724,1.4909415245056152
57.34061050415039,0.005751514807343483,0.27455949783325195,23.892242431640625,0.04485676437616348,1.3321919441223145
57.38062286376953,0.0037506534717977047,0.27666473388671875,23.947193145751953,0.06837859749794006,1.439107894897461
57.420654296875,0.002103248378261924,0.2815852165222168,24.00678062438965,0.14258641004562378,1.488811731338501
57.46063995361328,0.0009003431769087911,0.2861137390136719,24.06306266784668,0.05859389901161194,1.3631116151809692
57.50065612792969,-6.301701068878174e-05,0.28777456283569336,24.120485305786133,0.0351560115814209,1.4934195280075073
57.540687561035156,0.00010996311902999878,0.2912616729736328,24.1783504486084,0.10742224007844925,1.406833529472351
57.58067321777344,0.0008068234892562032,0.2939586639404297,24.230321884155273,0.03320801630616188,1.2894707918167114
57.620704650878906,0.0010643976274877787,0.294649600982666,24.285491943359375,0.040047019720077515,1.4521775245666504
57.66068649291992,0.0013817627914249897,0.2989039421081543,24.342880249023438,0.13183653354644775,1.3871716260910034
57.70069122314453,0.0013247806346043944,0.3030548095703125,24.395727157592773,0.05859028175473213,1.3108887672424316
57.74072265625,0.00040293484926223755,0.3042469024658203,24.452713012695312,0.021485498175024986,1.4447740316390991
57.78070831298828,-0.0008505509467795491,0.3070683479309082,24.508928298950195,0.07323113828897476,1.3189074993133545
57.820716857910156,-0.002274187281727791,0.3090076446533203,24.560693740844727,0.019507789984345436,1.3006256818771362
57.86075210571289,-0.00352961546741426,0.3095521926879883,24.618450164794922,0.01073156762868166,1.4546443223953247
57.90073013305664,-0.004201715346425772,0.3112001419067383,24.67467498779297,0.04683801531791687,1.3371236324310303
57.94073486328125,-0.004601651336997747,0.31221723556518555,24.729501724243164,0.0029085755813866854,1.4378288984298706
57.980777740478516,-0.005074552726000547,0.31209802627563477,24.78896713256836,-0.008838814683258533,1.4802405834197998
58.020755767822266,-0.005441603250801563,0.3112449645996094,24.843223571777344,-0.0371662974357605,1.319549322128296
58.060791015625,-0.005641676485538483,0.30960607528686523,24.898990631103516,-0.008855602703988552,1.4776593446731567
58.10077667236328,-0.005481106694787741,0.3096957206726074,24.95608139038086,-0.004970906767994165,1.347847819328308
58.140785217285156,-0.005540302488952875,0.3089127540588379,25.007291793823242,-0.02541288733482361,1.2741974592208862
58.180824279785156,-0.005520155653357506,0.31035947799682617,25.063261032104492,0.09179890900850296,1.429678201675415
58.220802307128906,-0.005186938680708408,0.31406497955322266,25.118701934814453,0.0663406178355217,1.308681845664978
58.26081085205078,-0.00545907486230135,0.31444692611694336,25.17182731628418,-0.011804690584540367,1.365792989730835
58.30086898803711,-0.00563262403011322,0.3149681091308594,25.22907066345215,0.04382854700088501,1.4264252185821533
58.34082794189453,-0.0052675846964120865,0.31685638427734375,25.282495498657227,0.02532203309237957,1.2647897005081177
58.380859375,-0.005275989416986704,0.3157663345336914,25.334407806396484,-0.04011422395706177,1.3686418533325195
58.42086410522461,-0.004915331955999136,0.31712913513183594,25.389680862426758,0.092718705534935,1.3840665817260742
58.460853576660156,-0.004480466246604919,0.3215007781982422,25.4415340423584,0.0878615751862526,1.2542628049850464
58.50086212158203,-0.00453241216018796,0.32370567321777344,25.494239807128906,0.03318341448903084,1.3957960605621338
58.5409049987793,-0.0047982074320316315,0.32614707946777344,25.550371170043945,0.08299560099840164,1.3851999044418335
58.58087158203125,-0.004848298151046038,0.3294491767883301,25.601470947265625,0.051691800355911255,1.233032464981079
58.62090301513672,-0.004656070843338966,0.3301544189453125,25.65414047241211,-0.007925448007881641,1.4130078554153442
58.660884857177734,-0.0035610347986221313,0.3301420211791992,25.71125030517578,0.0350990816950798,1.4337111711502075
58.7009162902832,-0.0021066234912723303,0.3311729431152344,25.76416778564453,0.013704707846045494,1.32177734375
58.74089813232422,-0.0020378916524350643,0.3307685852050781,25.821012496948242,-0.021478421986103058,1.4974545240402222
58.780906677246094,-0.003603182965889573,0.3293619155883789,25.879051208496094,-0.06450889259576797,1.3510485887527466
58.82093811035156,-0.005695902742445469,0.32596635818481445,25.93263053894043,-0.09768853336572647,1.378534197807312
58.86092758178711,-0.006507681217044592,0.32338857650756836,25.992023468017578,-0.048810046166181564,1.483142375946045
58.900936126708984,-0.0060308645479381084,0.3209710121154785,26.046871185302734,-0.07811584323644638,1.3145700693130493
58.940975189208984,-0.005434778053313494,0.318359375,26.103126525878906,-0.015569780021905899,1.5037720203399658
58.980960845947266,-0.005826826673001051,0.319272518157959,26.161558151245117,0.024410979822278023,1.3933097124099731
59.020973205566406,-0.00731724314391613,0.3183250427246094,26.215349197387695,-0.06752895563840866,1.3419841527938843
59.06100845336914,-0.008272659964859486,0.3170499801635742,26.27298355102539,0.003806578228250146,1.4322479963302612
59.10098648071289,-0.007192196790128946,0.31820201873779297,26.327571868896484,0.035193055868148804,1.3049006462097168
59.141021728515625,-0.005554808769375086,0.31719303131103516,26.381080627441406,-0.0429217666387558,1.4118021726608276
59.18100357055664,-0.0041672708466649055,0.31710004806518555,26.43950653076172,0.043961748480796814,1.4640580415725708
59.22101593017578,-0.0037291732151061296,0.31949567794799805,26.494596481323242,0.021499427035450935,1.3400263786315918
59.26104736328125,-0.004242551978677511,0.31822919845581055,26.55228614807129,-0.05080731585621834,1.5364058017730713
59.30103302001953,-0.003712200792506337,0.31768035888671875,26.610950469970703,0.009768695570528507,1.3948392868041992
59.34103012084961,-0.0026814821176230907,0.31723976135253906,26.665067672729492,-0.028267621994018555,1.3725364208221436
59.38106918334961,-0.002299854764714837,0.3154482841491699,26.724300384521484,-0.04489704221487045,1.4770071506500244
59.42107009887695,-0.0027674247976392508,0.31472301483154297,26.779300689697266,-0.004896197933703661,1.3084300756454468
59.461055755615234,-0.0035655945539474487,0.3144645690917969,26.83332633972168,-0.007818641141057014,1.422865390777588
59.50109100341797,-0.004017401020973921,0.3151826858520508,26.891490936279297,0.027342697605490685,1.4424294233322144
59.541072845458984,-0.00384590239264071,0.3162822723388672,26.944805145263672,0.021481843665242195,1.3160223960876465
59.581077575683594,-0.0031719410326331854,0.3173351287841797,27.000930786132812,0.04194391518831253,1.4686881303787231
59.6210823059082,-0.0021451280917972326,0.31903600692749023,27.058048248291016,0.028281060978770256,1.365065336227417
59.661094665527344,-0.0014110957272350788,0.31853342056274414,27.109872817993164,-0.04201629012823105,1.297145128250122
59.70110321044922,-0.0007079393253661692,0.3179144859313965,27.166444778442383,0.025379851460456848,1.4423496723175049
59.741111755371094,0.00040435791015625,0.31998682022094727,27.222564697265625,0.05273551493883133,1.3384668827056885
59.78114700317383,0.000990733620710671,0.31993579864501953,27.276718139648438,-0.014649334363639355,1.40720796585083
59.8211555480957,0.001634255750104785,0.3205699920654297,27.335573196411133,0.04688359797000885,1.472227692604065
59.86113739013672,0.002121524652466178,0.3220705986022949,27.390348434448242,0.003911485895514488,1.3311429023742676
59.90114974975586,0.00211037858389318,0.32004833221435547,27.446258544921875,-0.051736269146203995,1.4819608926773071
59.9411506652832,0.002399484161287546,0.32027721405029297,27.503536224365234,0.04592069983482361,1.392674207687378
59.98115539550781,0.002954315859824419,0.321835994720459,27.5560302734375,0.013709279708564281,1.3075119256973267
60.02119064331055,0.0032235141843557358,0.3214759826660156,27.61334991455078,-0.011724712327122688,1.45974862575531
60.06119918823242,0.0038872011937201023,0.3228874206542969,27.669984817504883,0.07130219042301178,1.340837836265564
60.1011848449707,0.004641996696591377,0.3246426582336426,27.72304916381836,0.013723266310989857,1.3506135940551758
60.14119338989258,0.005104925483465195,0.32450103759765625,27.780643463134766,0.0030382354743778706,1.4346282482147217
60.18122863769531,0.005777447018772364,0.32519054412841797,27.83456802368164,0.03235817700624466,1.2941287755966187
60.22120666503906,0.006299444008618593,0.3258962631225586,27.888092041015625,0.0245807021856308,1.4337866306304932
60.26123809814453,0.006694135721772909,0.3271512985229492,27.94750213623047,0.02560729719698429,1.4784702062606812
60.30121612548828,0.006729292217642069,0.3276500701904297,28.002437591552734,-0.013538606464862823,1.345961332321167
60.34122085571289,0.0054145571775734425,0.32669591903686523,28.060649871826172,-0.028267541900277138,1.5306925773620605
60.38125228881836,0.0026260160375386477,0.32580137252807617,28.1205997467041,-0.051739197224378586,1.4110889434814453
60.421234130859375,-0.0008421802194789052,0.32262134552001953,28.17733383178711,-0.08400055021047592,1.4904170036315918
60.461246490478516,-0.0026486285496503115,0.3206624984741211,28.241294860839844,-0.042064130306243896,1.5864262580871582
60.50128173828125,-0.002511749742552638,0.3163275718688965,28.299583435058594,-0.16118095815181732,1.4423096179962158
60.541290283203125,-0.0006027520284987986,0.30997753143310547,28.362812042236328,-0.10937951505184174,1.6182589530944824
60.58126449584961,0.0022236164659261703,0.30570363998413086,28.422914505004883,-0.11911759525537491,1.4462251663208008
60.621273040771484,0.004158106632530689,0.29943132400512695,28.485279083251953,-0.13181646168231964,1.6649929285049438
60.661312103271484,0.00499460706487298,0.29581642150878906,28.546613693237305,-0.06055033951997757,1.4216176271438599
60.701290130615234,0.003742148634046316,0.2917060852050781,28.604419708251953,-0.12502937018871307,1.5567373037338257
60.74132537841797,0.0011616053525358438,0.28907012939453125,28.669021606445312,-0.026373233646154404,1.5703976154327393
60.781307220458984,-0.0015539011219516397,0.28831911087036133,28.727981567382812,-0.04885498806834221,1.4734550714492798
60.82132339477539,-0.003275068709626794,0.28584909439086914,28.793289184570312,-0.0684443861246109,1.6373041868209839
60.861358642578125,-0.0031496635638177395,0.28336620330810547,28.85321807861328,-0.06745495647192001,1.4252249002456665
60.901344299316406,-0.0017015495104715228,0.2794961929321289,28.91463851928711,-0.08691554516553879,1.623355746269226
60.941349029541016,4.661455750465393e-05,0.2765026092529297,28.976144790649414,-0.05761752277612686,1.4374148845672607
60.981388092041016,0.0005409233272075653,0.2740945816040039,29.034893035888672,-0.039068616926670074,1.5851043462753296
61.0213737487793,-0.001030519837513566,0.2739443778991699,29.09954261779785,-0.0019455113215371966,1.5723402500152588
61.061378479003906,-0.003957401029765606,0.27307987213134766,29.15654754638672,-0.04594862088561058,1.3968381881713867
61.10141372680664,-0.0062532611191272736,0.27330923080444336,29.217485427856445,0.04866810888051987,1.5403858423233032
61.141395568847656,-0.006486457772552967,0.27558422088623047,29.276023864746094,0.049672313034534454,1.3899714946746826
61.18140411376953,-0.005529372487217188,0.27579212188720703,29.3316650390625,0.009699743241071701,1.463782548904419
61.22144317626953,-0.0032311249524354935,0.2786898612976074,29.391284942626953,0.12885995209217072,1.4941471815109253
61.26142120361328,-0.000676460622344166,0.2838873863220215,29.446182250976562,0.07615906000137329,1.3010520935058594
61.301429748535156,0.0007153601036407053,0.2858152389526367,29.500072479248047,0.07519922405481339,1.431124210357666
61.341461181640625,0.0015756122302263975,0.29179811477661133,29.555728912353516,0.2031155675649643,1.3636101484298706
61.381439208984375,0.0020524724386632442,0.3001275062561035,29.605417251586914,0.20213083922863007,1.1954904794692993
61.42145538330078,0.0020464970730245113,0.30676746368408203,29.65308380126953,0.145489901304245,1.2136051654815674
61.46148681640625,0.0019551303703337908,0.3137855529785156,29.703929901123047,0.21483491361141205,1.2668336629867554
61.501468658447266,0.002393780741840601,0.3242168426513672,29.752830505371094,0.29980334639549255,1.1876932382583618
61.541481018066406,0.003127173986285925,0.3369436264038086,29.79962158203125,0.24609549343585968,1.1143741607666016
61.581512451171875,0.00382988341152668,0.3451218605041504,29.844932556152344,0.18554110825061798,1.168331503868103
61.621498107910156,0.0047344667837023735,0.3522357940673828,29.89360809326172,0.1904102861881256,1.20541250705719
61.66155242919922,0.006107189692556858,0.36017704010009766,29.940654754638672,0.21382029354572296,1.1374685764312744
61.7015380859375,0.0079779839143157,0.36827516555786133,29.984363555908203,0.19226793944835663,1.0888032913208008
61.74152374267578,0.010177959688007832,0.3753995895385742,30.02975845336914,0.17851528525352478,1.1930714845657349
61.781532287597656,0.012324492447078228,0.38140010833740234,30.078765869140625,0.1345551759004593,1.2349404096603394
61.82154083251953,0.013970453292131424,0.38496971130371094,30.12665367126465,0.06816805899143219,1.1364970207214355
61.86157989501953,0.01465232577174902,0.38667917251586914,30.172386169433594,0.025286581367254257,1.1493120193481445
61.90156173706055,0.014911715872585773,0.3887190818786621,30.22209358215332,0.08684488385915756,1.2650928497314453
61.94157028198242,0.015023364685475826,0.3916597366333008,30.271953582763672,0.054729945957660675,1.2049736976623535
61.98160934448242,0.014673103578388691,0.3919677734375,30.318166732788086,-0.014571798034012318,1.1542829275131226
62.02159118652344,0.014305289834737778,0.3925619125366211,30.367637634277344,0.04589268937706947,1.2868643999099731
62.06159973144531,0.01434406265616417,0.3957347869873047,30.418556213378906,0.06736137717962265,1.242703914642334
62.101600646972656,0.014133927412331104,0.3963937759399414,30.466209411621094,-0.03801991045475006,1.1929333209991455
62.1416130065918,0.013717582449316978,0.39386844635009766,30.515708923339844,-0.03429922088980675,1.2922546863555908
62.181644439697266,0.013952592387795448,0.39466190338134766,30.565399169921875,0.04195551201701164,1.2185697555541992
62.22163009643555,0.014546963386237621,0.39571189880371094,30.61066436767578,-0.008907214738428593,1.129901647567749
62.26166915893555,0.0148921525105834,0.3946533203125,30.658231735229492,-0.009787967428565025,1.278416633605957
62.30165100097656,0.015382534824311733,0.39713001251220703,30.70947265625,0.10448279231786728,1.2811121940612793
62.34165573120117,0.015263423323631287,0.40044260025024414,30.757436752319336,0.05270169675350189,1.1803139448165894
62.38166809082031,0.013945032842457294,0.3985018730163574,30.80731773376465,-0.1074535921216011,1.3234853744506836
62.42170333862305,0.012133236974477768,0.39510059356689453,30.860881805419922,-0.06829091161489487,1.3142353296279907
62.46168518066406,0.010875826701521873,0.3926219940185547,30.909133911132812,-0.07108903676271439,1.1891111135482788
62.5016975402832,0.010702203027904034,0.3894968032836914,30.960289001464844,-0.06628034263849258,1.3689860105514526
62.54170227050781,0.011338205076754093,0.3879413604736328,31.013748168945312,-0.012615972198545933,1.2858407497406006
62.58173751831055,0.0123064573854208,0.3865785598754883,31.062725067138672,-0.07030786573886871,1.214005470275879
62.62171936035156,0.012954731471836567,0.383547306060791,31.11580467224121,-0.07023820281028748,1.3597139120101929
62.661739349365234,0.013320925645530224,0.3805809020996094,31.167959213256836,-0.06938185542821884,1.2114436626434326
62.701744079589844,0.013783753849565983,0.3778395652770996,31.216217041015625,-0.05952207371592522,1.236405372619629
62.74174880981445,0.014321422204375267,0.3768796920776367,31.26898956298828,0.01384392473846674,1.334193229675293
62.78179931640625,0.014139330014586449,0.3768281936645508,31.319889068603516,-0.026144374161958694,1.1917122602462769
62.8217887878418,0.012805089354515076,0.37464094161987305,31.368118286132812,-0.05748068541288376,1.2576097249984741
62.86176681518555,0.01093231700360775,0.3739814758300781,31.421981811523438,0.023453250527381897,1.3765164613723755
62.90177536010742,0.008574062027037144,0.37417030334472656,31.474498748779297,-0.047871965914964676,1.259037733078003
62.9417839050293,0.0057677351869642735,0.37105751037597656,31.52747917175293,-0.08294505625963211,1.4124153852462769
62.9818115234375,0.003639575792476535,0.36936092376708984,31.583839416503906,-0.03506001457571983,1.3767017126083374
63.02179718017578,0.002209668979048729,0.36600208282470703,31.634300231933594,-0.13763287663459778,1.2325901985168457
63.061805725097656,0.0013980572111904621,0.36058855056762695,31.688785552978516,-0.09175439924001694,1.4225401878356934
63.101844787597656,0.0015939183067530394,0.3593559265136719,31.743465423583984,-0.0029032896272838116,1.300437331199646
63.141822814941406,0.002044783439487219,0.35779762268066406,31.795392990112305,-0.08005938678979874,1.2788660526275635
63.181827545166016,0.002106742700561881,0.35492610931396484,31.85311508178711,-0.04979397729039192,1.4083937406539917
63.22186279296875,0.002299772808328271,0.35462427139282227,31.906085968017578,0.009764065034687519,1.2504167556762695
63.261844635009766,0.00202477490529418,0.35404253005981445,31.959074020385742,-0.030267830938100815,1.349951148033142
63.30185317993164,0.0012104104971513152,0.3534970283508301,32.015953063964844,0.013685841113328934,1.3800301551818848
63.341861724853516,0.000118989497423172,0.35506296157836914,32.06851577758789,0.022462205961346626,1.255624771118164
63.38189697265625,-0.00038275495171546936,0.35537052154541016,32.123687744140625,-0.004877274390310049,1.398061752319336
63.421878814697266,-0.0009868742199614644,0.35472965240478516,32.180015563964844,-0.023444093763828278,1.3312727212905884
63.461883544921875,-0.0016401417087763548,0.3532676696777344,32.230899810791016,-0.049818530678749084,1.234954595565796
63.50191879272461,-0.0020712180994451046,0.35204029083251953,32.28573989868164,0.0038996629882603884,1.360399842262268
63.54190444946289,-0.002338929334655404,0.35323524475097656,32.33891296386719,0.028314661234617233,1.2356897592544556
63.581939697265625,-0.002975721610710025,0.3540220260620117,32.388431549072266,0.021466834470629692,1.2173570394515991
63.62192153930664,-0.002830199897289276,0.35783958435058594,32.442596435546875,0.13278789818286896,1.334099531173706
63.661930084228516,-0.0018835861701518297,0.3624868392944336,32.49396514892578,0.08787502348423004,1.2008029222488403
63.70196533203125,-0.0011121968273073435,0.36333370208740234,32.54216766357422,-0.01075008139014244,1.1858177185058594
63.741947174072266,-0.00038120895624160767,0.3644566535949707,32.59455108642578,0.09081612527370453,1.311138391494751
63.781982421875,0.0005483701825141907,0.36916494369506836,32.6456298828125,0.12891197204589844,1.2165160179138184
63.82196807861328,0.00047794359852559865,0.37178516387939453,32.6935920715332,0.01953420788049698,1.1653474569320679
63.861976623535156,-0.00044434520532377064,0.37227916717529297,32.74589538574219,0.025385890156030655,1.3080546855926514
63.90202713012695,-0.0007100813672877848,0.3758392333984375,32.7987174987793,0.10644146054983139,1.2739404439926147
63.9420166015625,-0.00010619685053825378,0.378633975982666,32.84813690185547,0.0039057659450918436,1.186171054840088
63.981990814208984,0.00023500993847846985,0.3770747184753418,32.90106964111328,-0.034178100526332855,1.3251397609710693
64.02200317382812,0.0002205297350883484,0.3783378601074219,32.95319366455078,0.07519618421792984,1.2454771995544434
64.06200408935547,-0.0001257099211215973,0.38094139099121094,33.0009765625,0.04492168873548508,1.163948655128479

"--- SEND COMMAND: Mode=balance, Value=0.0 ---"
64.10201263427734,-0.0005015730857849121,0.3823671340942383,33.052162170410156,0.032222457230091095,1.2809360027313232
64.14202117919922,-0.00031040608882904053,0.38479089736938477,33.10247802734375,0.087887704372406,1.2021708488464355
64.1820297241211,0.0001588687300682068,0.3885383605957031,33.14719009399414,0.08203262090682983,1.0695542097091675
64.22203063964844,0.0006452426896430552,0.39198923110961914,33.1929817199707,0.09962176531553268,1.1653261184692383
64.26206970214844,0.0014413748867809772,0.39750003814697266,33.240867614746094,0.21778368949890137,1.2041637897491455
64.30207824707031,0.0035072003956884146,0.41414308547973633,33.28636932373047,0.6054787039756775,1.1511175632476807
64.34205627441406,0.007757726591080427,0.4489784240722656,33.328399658203125,1.1094131469726562,1.123929738998413
64.3820571899414,0.013809195719659328,0.5019211769104004,33.36838912963867,1.4941489696502686,1.0504473447799683
64.42208862304688,0.02150358259677887,0.5699911117553711,33.40457534790039,1.8944201469421387,0.9720271825790405
64.46209716796875,0.03078022412955761,0.6546282768249512,33.43834686279297,2.335115909576416,0.9570013284683228
64.50208282470703,0.04410938546061516,0.7757205963134766,33.49163818359375,3.0353658199310303,1.1665043830871582
64.5420913696289,0.058772847056388855,0.9117865562438965,33.52503204345703,3.7323246002197266,1.112344741821289
64.58209228515625,0.07606511563062668,1.079136848449707,33.559329986572266,4.58105993270874,0.9734513759613037
64.62213134765625,0.09448206424713135,1.2818565368652344,33.59449768066406,5.50590705871582,1.139012336730957
64.662109375,0.11153141409158707,1.5240097045898438,33.632423400878906,6.488531589508057,1.2379069328308105
64.70211791992188,0.12250621616840363,1.8077902793884277,33.66748809814453,7.507235527038574,1.2449073791503906
64.74212646484375,0.12198517471551895,2.1323485374450684,33.708984375,8.474796295166016,1.2876849174499512
64.78215789794922,0.10701105743646622,2.4906888008117676,33.75448226928711,9.240782737731934,1.0629816055297852
64.82215118408203,0.07420989871025085,2.91835355758667,33.85246658325195,9.660093307495117,1.8144540786743164
64.86215209960938,0.035895124077796936,-2.9841079711914062,27.61712074279785,9.451339721679688,1.5029072761535645
64.9021987915039,-0.004934938158839941,-2.624028205871582,27.664775848388672,8.702567100524902,1.2004432678222656
64.94217681884766,-0.04213695228099823,-2.3025007247924805,27.708415985107422,7.571832180023193,1.1496315002441406
64.98218536376953,-0.07118690013885498,-2.0298233032226562,27.747831344604492,6.234048366546631,0.8978972434997559
65.022216796875,-0.09023291617631912,-1.8106727600097656,27.790987014770508,4.849217414855957,1.1898961067199707
65.0622329711914,-0.10081105679273605,-1.64630126953125,27.831212997436523,3.4711873531341553,0.9833135604858398
65.10221099853516,-0.10618644952774048,-1.5270843505859375,27.8839054107666,1.9673742055892944,0.721632719039917
65.14221954345703,-0.10815974324941635,-1.476369857788086,27.91766357421875,0.7074799537658691,0.8049719929695129
65.18225860595703,-0.10864091664552689,-1.471083641052246,27.95443344116211,-0.31638529896736145,0.8575321435928345
65.22223663330078,-0.1073220819234848,-1.5060663223266602,27.98676300048828,-1.328096866607666,0.7467086315155029
65.26227569580078,-0.10360037535429001,-1.5826759338378906,28.022968292236328,-2.3656656742095947,0.6253273487091064
65.30226135253906,-0.09675135463476181,-1.7002849578857422,28.058013916015625,-3.38787841796875,0.6260600090026855
65.34226989746094,-0.08595214784145355,-1.8575000762939453,28.09006690979004,-4.3660502433776855,0.5580563545227051
65.38227081298828,-0.06899281591176987,-2.0515060424804688,28.129873275756836,-5.2694172859191895,0.9074926376342773
65.42230224609375,-0.04085930436849594,-2.3091468811035156,28.128538131713867,-6.157249927520752,0.7490887641906738
65.46228790283203,-0.009812400676310062,-2.566068649291992,28.151891708374023,-6.720023155212402,0.48716211318969727
65.50232696533203,0.022815244272351265,-2.838642120361328,28.172595977783203,-6.979947090148926,0.08077335357666016
65.54230499267578,0.05373545363545418,-3.1137170791625977,28.19586944580078,-6.8635969161987305,0.22243595123291016
65.58231353759766,0.08049094676971436,2.9067463874816895,34.49760055541992,-6.367175579071045,0.03621721267700195
65.62234497070312,0.10124599933624268,2.6699681282043457,34.51604080200195,-5.56419038772583,0.36757326126098633
65.6623306274414,0.11500588804483414,2.4691014289855957,34.530616760253906,-4.565005779266357,0.4586319923400879
65.70233917236328,0.12316793948411942,2.293839931488037,34.53071594238281,-3.294752836227417,0.6912860870361328
65.74236297607422,0.12611865997314453,2.187234401702881,34.547752380371094,-2.13051438331604,0.6380200386047363
65.7823715209961,0.12721630930900574,2.12894868850708,34.56782531738281,-0.9077261090278625,0.5500336289405823
65.82235717773438,0.12762077152729034,2.118654727935791,34.583335876464844,0.24669499695301056,0.547120988368988
65.86236572265625,0.12774188816547394,2.151048183441162,34.59978485107422,1.215274691581726,0.558674693107605
65.90239715576172,0.12698513269424438,2.219088077545166,34.61478805541992,2.0862462520599365,0.4531102180480957
65.9423828125,0.12454042583703995,2.322150707244873,34.62763214111328,2.9303860664367676,0.6010591983795166
65.98238372802734,0.11844077706336975,2.4739794731140137,34.65934753417969,3.7288403511047363,0.4817929267883301
66.02239227294922,0.10923594236373901,2.6351475715637207,34.67411804199219,4.2616286277771,0.3741741180419922
66.0624008178711,0.09601889550685883,2.8138575553894043,34.68988800048828,4.634610652923584,0.47933053970336914
66.10243225097656,0.0791226327419281,3.0009713172912598,34.70496368408203,4.751870155334473,0.5835356712341309
66.1424331665039,0.059339091181755066,-3.0960893630981445,28.43960189819336,4.628602504730225,0.730982780456543
66.18242645263672,0.038829490542411804,-2.921278953552246,28.450881958007812,4.249575138092041,0.4946610927581787
66.22246551513672,0.01928340643644333,-2.7654199600219727,28.46282958984375,3.687169075012207,0.5222079753875732
66.262451171875,0.0025165292900055647,-2.6354942321777344,28.47067642211914,2.9824776649475098,0.3778061866760254
66.30245208740234,-0.011563525535166264,-2.526177406311035,28.490520477294922,2.034968852996826,0.07017183303833008
66.34246063232422,-0.01926165632903576,-2.464845657348633,28.49810218811035,1.1813963651657104,0.215704083442688
66.3824691772461,-0.022310681641101837,-2.438174247741699,28.505359649658203,0.29111889004707336,0.10869956016540527
66.4225082397461,-0.021101949736475945,-2.4445419311523438,28.509267807006836,-0.44505155086517334,0.046008020639419556
66.46251678466797,-0.01676042191684246,-2.4760971069335938,28.51011848449707,-1.0399278402328491,-0.017499685287475586
66.50250244140625,-0.00986199826002121,-2.5298452377319336,28.514068603515625,-1.5896873474121094,0.09502089023590088
66.54253387451172,-0.00024845823645591736,-2.6057815551757812,28.514734268188477,-2.134758472442627,-0.0904693603515625
66.58251953125,0.013776276260614395,-2.711648941040039,28.50654411315918,-2.53358793258667,0.034365177154541016
66.62252807617188,0.028266360983252525,-2.818675994873047,28.501989364624023,-2.7875378131866455,0.05337166786193848
66.66253662109375,0.043039124459028244,-2.932140350341797,28.499221801757812,-2.895322322845459,-0.24074506759643555
66.70254516601562,0.05701308697462082,-3.046121597290039,28.499019622802734,-2.7930688858032227,-0.22530579566955566
66.7425537109375,0.06926677376031876,3.1293835639953613,34.77682876586914,-2.6080679893493652,-0.0449061393737793
66.7825927734375,0.07993968576192856,3.032252788543701,34.77002716064453,-2.2788238525390625,-0.1798725128173828
66.82257843017578,0.08879519253969193,2.9495882987976074,34.76954650878906,-1.8766688108444214,-0.027032017707824707
66.86259460449219,0.09565772116184235,2.885819911956787,34.761749267578125,-1.3489089012145996,-0.14000022411346436
66.90259552001953,0.10044079273939133,2.840564250946045,34.75382614135742,-0.7194347381591797,0.0494459867477417
66.94263458251953,0.10208466649055481,2.8237509727478027,34.752471923828125,-0.1776730716228485,0.03679463267326355
66.98261260986328,0.1016259640455246,2.8267693519592285,34.74992370605469,0.25784116983413696,-0.0035647451877593994
67.02262115478516,0.10030563175678253,2.843362331390381,34.74703598022461,0.5605399012565613,-0.0021480321884155273
67.06262969970703,0.09824817627668381,2.871727466583252,34.74580001831055,0.8402838706970215,0.061095237731933594
67.1026382446289,0.09519635885953903,2.910740375518799,34.74747085571289,1.090095043182373,0.1042141318321228
67.14266967773438,0.09085390716791153,2.9579005241394043,34.74626159667969,1.2608808279037476,-0.008769392967224121
67.18267822265625,0.08524449914693832,3.0159316062927246,34.75028991699219,1.336039423942566,0.030864596366882324
67.22265625,0.07993347942829132,3.0698676109313965,34.75288009643555,1.3833913803100586,0.12547564506530762
67.26271057128906,0.07471912354230881,3.123711109161377,34.7510871887207,1.320359468460083,-0.048838257789611816
67.30267333984375,0.07008026540279388,-3.111600875854492,28.465885162353516,1.1249163150787354,0.0163041353225708
67.34270477294922,0.06587990373373032,-3.0721702575683594,28.46697235107422,0.9206137657165527,0.0333174467086792
67.3826904296875,0.06207495555281639,-3.0406951904296875,28.464963912963867,0.7105587124824524,-0.08635663986206055
67.4227066040039,0.059574518352746964,-3.017716407775879,28.460025787353516,0.48560410737991333,-0.12897974252700806
67.46270751953125,0.05900707468390465,-3.0030479431152344,28.45623779296875,0.21327579021453857,-0.1552034616470337
67.5027084350586,0.06066048517823219,-3.0007123947143555,28.451622009277344,-0.06876043230295181,-0.1433408260345459
67.54271697998047,0.0639050155878067,-3.0076608657836914,28.447399139404297,-0.20387013256549835,-0.1040729284286499
67.58275604248047,0.06713319569826126,-3.015859603881836,28.443744659423828,-0.18918946385383606,-0.08710955083370209
67.62276458740234,0.06977993994951248,-3.0225114822387695,28.44068145751953,-0.1411748230457306,-0.061458319425582886
67.66275024414062,0.07169079780578613,-3.0270347595214844,28.438417434692383,-0.083804652094841,-0.0370091050863266
67.7027587890625,0.07231754064559937,-3.029829978942871,28.439842224121094,-0.056500110775232315,0.07397100329399109
67.74279022216797,0.0726645365357399,-3.0314598083496094,28.44520378112793,-0.02351435087621212,0.16252648830413818
67.78280639648438,0.07283025979995728,-3.032597541809082,28.453163146972656,-0.025839924812316895,0.2165909707546234
67.82278442382812,0.07222674041986465,-3.0350847244262695,28.463581085205078,-0.07465681433677673,0.2717086970806122
67.86280059814453,0.07180675864219666,-3.039137840270996,28.475292205810547,-0.10176722705364227,0.29000282287597656
67.90283203125,0.06974217295646667,-3.044558525085449,28.485397338867188,-0.12769515812397003,0.24310247600078583
67.94284057617188,0.06650205701589584,-3.05120849609375,28.494604110717773,-0.13948442041873932,0.26558953523635864
67.98281860351562,0.061914633959531784,-3.058260917663574,28.504486083984375,-0.13126824796199799,0.28393518924713135
68.02283477783203,0.0564214251935482,-3.064927101135254,28.515811920166016,-0.12209159880876541,0.3304912745952606
68.0628662109375,0.05258471891283989,-3.073122978210449,28.52713394165039,-0.16160163283348083,0.32522186636924744
68.10284423828125,0.05338192358613014,-3.081798553466797,28.53795623779297,-0.20692721009254456,0.25496476888656616
68.14286041259766,0.05914575234055519,-3.0908546447753906,28.54596519470215,-0.19691920280456543,0.1933884620666504
68.18289947509766,0.06891294568777084,-3.097146987915039,28.553455352783203,-0.1093011200428009,0.18720144033432007
68.222900390625,0.07982542365789413,-3.099761962890625,28.559911727905273,-0.0046197883784770966,0.1768912822008133
68.26289367675781,0.08829961717128754,-3.098020553588867,28.566082000732422,0.11914510279893875,0.1903727650642395
68.30289459228516,0.09193581342697144,-3.0929479598999023,28.570777893066406,0.15479011833667755,0.12786127626895905
68.34293365478516,0.08877936750650406,-3.091045379638672,28.571313858032227,0.0031596235930919647,-0.03232937678694725
68.3829345703125,0.08412076532840729,-3.0960798263549805,28.56616973876953,-0.15601535141468048,-0.14913155138492584
68.42294311523438,0.08082954585552216,-3.1051206588745117,28.557178497314453,-0.2318088859319687,-0.2309885323047638
68.46295166015625,0.08085720241069794,-3.115694999694824,28.547107696533203,-0.2515418231487274,-0.23634754121303558
68.5029296875,0.08394332230091095,-3.1249828338623047,28.537944793701172,-0.19804243743419647,-0.1974717527627945
68.54293823242188,0.08758991211652756,-3.1316614151000977,28.531326293945312,-0.1298692673444748,-0.1306896209716797
68.58297729492188,0.08801780641078949,-3.1370840072631836,28.525890350341797,-0.12395209819078445,-0.1241661012172699
68.62298583984375,0.0855923667550087,3.140129566192627,34.80317687988281,-0.13421660661697388,-0.12537111341953278
68.66297149658203,0.07927317917346954,3.133852481842041,34.796836853027344,-0.10907308012247086,-0.10918008536100388
68.70297241210938,0.07196404039859772,3.129685878753662,34.79269790649414,-0.06904280930757523,-0.0696134865283966
68.74298858642578,0.06359865516424179,3.1268229484558105,34.78982925415039,-0.0408882312476635,-0.04120923578739166
68.78302001953125,0.0571172870695591,3.125810146331787,34.788814544677734,0.007171312812715769,0.006386631168425083
68.82300567626953,0.05588313564658165,3.1277928352355957,34.79114532470703,0.11103755980730057,0.12919223308563232
68.86300659179688,0.058406729251146317,3.1357645988464355,34.7999267578125,0.27023929357528687,0.265388548374176
68.90304565429688,0.06153082847595215,-3.1379785537719727,28.52450180053711,0.21248236298561096,0.17795637249946594
68.94305419921875,0.06763241440057755,-3.1317014694213867,28.530651092529297,0.12993326783180237,0.1300402730703354
68.9830322265625,0.07377062737941742,-3.128178596496582,28.5341796875,0.06938829272985458,0.06913862377405167
69.0230484008789,0.07853467017412186,-3.1267080307006836,28.535633087158203,0.03427252173423767,0.034129850566387177
69.06307983398438,0.08183350414037704,-3.127622604370117,28.534772872924805,-0.023343423381447792,-0.017244309186935425
69.10306549072266,0.08262916654348373,-3.1288022994995117,28.53408432006836,-0.020305205136537552,-0.0011161789298057556
69.14307403564453,0.0807354748249054,-3.1270198822021484,28.536956787109375,0.12232663482427597,0.14493972063064575
69.18311309814453,0.07719922810792923,-3.118523597717285,28.545448303222656,0.27131420373916626,0.2543722093105316
69.22311401367188,0.07053330540657043,-3.1081247329711914,28.555084228515625,0.2518123388290405,0.2381160855293274
69.26312255859375,0.05812360346317291,-3.0998315811157227,28.563167572021484,0.12841477990150452,0.12178065627813339
69.3031005859375,0.04310927540063858,-3.0967369079589844,28.566287994384766,0.07669942826032639,0.08586592972278595
69.34314727783203,0.0279857125133276,-3.0934648513793945,28.569805145263672,0.09950053691864014,0.10563531517982483
69.38314819335938,0.019733108580112457,-3.090169906616211,28.573070526123047,0.08418344706296921,0.08475412428379059
69.42313385009766,0.018673231825232506,-3.0847597122192383,28.579444885253906,0.20650479197502136,0.2344679832458496
69.46314239501953,0.021280888468027115,-3.0711097717285156,28.595767974853516,0.46322399377822876,0.5430118441581726
69.50320434570312,0.025641443207859993,-3.046780586242676,28.623016357421875,0.6869972944259644,0.7158521413803101
69.54318237304688,0.02988010086119175,-3.0179824829101562,28.648067474365234,0.5440031290054321,0.42383986711502075
69.58319091796875,0.034580033272504807,-3.001209259033203,28.66060447692871,0.3352283239364624,0.26985010504722595
69.62318420410156,0.036266110837459564,-2.9903860092163086,28.67215347290039,0.26765573024749756,0.3145226240158081
69.6631851196289,0.030858587473630905,-2.978642463684082,28.68509292602539,0.3440236747264862,0.345093697309494
69.70321655273438,0.020869538187980652,-2.967151641845703,28.695884704589844,0.26028507947921753,0.24405643343925476
69.74320220947266,0.012308445759117603,-2.960261344909668,28.70264434814453,0.11957357078790665,0.12449566274881363
69.78324127197266,0.009058811701834202,-2.956300735473633,28.70741844177246,0.11857772618532181,0.14550656080245972
69.8232192993164,0.012866045348346233,-2.95101261138916,28.712825775146484,0.14905819296836853,0.1499142050743103
69.86322021484375,0.02522551640868187,-2.945572853088379,28.71773910522461,0.10359925776720047,0.07488705217838287
69.90325927734375,0.04091958329081535,-2.9474868774414062,28.714290618896484,-0.12415573745965958,-0.15233293175697327
69.9432601928711,0.05822032690048218,-2.9583396911621094,28.703840255737305,-0.30425533652305603,-0.28342559933662415
69.98324584960938,0.0710151419043541,-2.9753942489624023,28.686767578125,-0.49757978320121765,-0.5029298663139343
70.02327728271484,0.0762181282043457,-2.9970874786376953,28.666866302490234,-0.5281862020492554,-0.45367714762687683
70.06326293945312,0.07010555267333984,-3.0154647827148438,28.652029037475586,-0.43310651183128357,-0.3554943799972534
70.103271484375,0.05439003184437752,-3.0306339263916016,28.637075424194336,-0.4105335772037506,-0.4249431788921356
70.14328002929688,0.03560179844498634,-3.0475234985351562,28.620702743530273,-0.35125094652175903,-0.3248927891254425
70.18331146240234,0.021145403385162354,-3.057680130004883,28.61166000366211,-0.19299665093421936,-0.1615023910999298
70.22332000732422,0.012347271665930748,-3.061131477355957,28.60927963256836,-0.0006054982077330351,0.02054523304104805
70.2633056640625,0.009869733825325966,-3.058176040649414,28.612056732177734,0.10730108618736267,0.09524552524089813
70.30331420898438,0.022456230595707893,-3.0525283813476562,28.614030838012695,0.16022291779518127,-0.0504283607006073
70.34333038330078,0.04733891040086746,-3.0469350814819336,28.617630004882812,0.08898176997900009,0.12586179375648499
70.38335418701172,0.06388305872678757,-3.0437707901000977,28.62124252319336,0.0744994506239891,0.06312157213687897
70.42333221435547,0.07608596980571747,-3.0400781631469727,28.626636505126953,0.12692072987556458,0.16248106956481934
70.46334838867188,0.07966037094593048,-3.0374698638916016,28.63150405883789,0.06856261193752289,0.14135965704917908
70.50338745117188,0.07706446200609207,-3.0355024337768555,28.635520935058594,0.06123118847608566,0.10991710424423218
70.54338836669922,0.07118646800518036,-3.033413887023926,28.637874603271484,0.05603833869099617,0.04983222112059593
70.5833740234375,0.0651603490114212,-3.033071517944336,28.63820457458496,0.008313373662531376,0.007457357365638018
70.62342071533203,0.06275607645511627,-3.0334672927856445,28.637802124023438,-0.013905061408877373,-0.01458274107426405
70.66339111328125,0.0638844296336174,-3.0343236923217773,28.636959075927734,-0.02919940836727619,-0.029520414769649506
70.70339965820312,0.06717263907194138,-3.035639762878418,28.635616302490234,-0.033730097115039825,-0.03426510840654373
70.7434310913086,0.07004373520612717,-3.0372581481933594,28.63399887084961,-0.02971545420587063,-0.030179129913449287
70.78341674804688,0.07038995623588562,-3.038238525390625,28.633066177368164,-0.017102278769016266,-0.008970126509666443
70.82342529296875,0.06988747417926788,-3.038724899291992,28.632551193237305,-0.0005027641309425235,-0.0007524354732595384
70.86346435546875,0.06937816739082336,-3.038754463195801,28.632537841796875,9.320654498878866e-05,9.320654498878866e-05
70.90345001220703,0.06938522309064865,-3.0383987426757812,28.632858276367188,0.012385742738842964,0.01145839225500822
70.9434814453125,0.06979738175868988,-3.0378150939941406,28.633441925048828,0.02122264727950096,0.020616302266716957
70.98348999023438,0.07048672437667847,-3.0366077423095703,28.6346435546875,0.03116712160408497,0.030774781480431557
71.02346801757812,0.07124435901641846,-3.03519344329834,28.63608169555664,0.02835463173687458,0.02824763022363186
71.06350708007812,0.0718286782503128,-3.034600257873535,28.636680603027344,0.006072602234780788,0.005787263624370098
71.103515625,0.07192008942365646,-3.034878730773926,28.636390686035156,-0.022321026772260666,-0.023462381213903427
71.14348602294922,0.07193679362535477,-3.03633975982666,28.634963989257812,-0.03779861330986023,-0.030486809089779854
71.1834945678711,0.07239381223917007,-3.0387887954711914,28.632492065429688,-0.0698218047618866,-0.07046381384134293
71.2235336303711,0.07292553037405014,-3.0424909591674805,28.6287841796875,-0.08375343680381775,-0.08475212007761002
71.26351928710938,0.07304158806800842,-3.046855926513672,28.624412536621094,-0.10177590698003769,-0.10227525234222412
71.30352783203125,0.07308678328990936,-3.051852226257324,28.619403839111328,-0.11553724855184555,-0.11667860299348831
71.34356689453125,0.0732266828417778,-3.0580101013183594,28.613265991210938,-0.1285841464996338,-0.1287268102169037
71.383544921875,0.07369650155305862,-3.0639400482177734,28.607336044311523,-0.1300760954618454,-0.13029010593891144
71.4235610961914,0.07443271577358246,-3.0700244903564453,28.601232528686523,-0.1402875930070877,-0.14067994058132172
71.46359252929688,0.07508249580860138,-3.0760974884033203,28.595064163208008,-0.1344740092754364,-0.13629303872585297
71.50357818603516,0.07633155584335327,-3.082733154296875,28.58834457397461,-0.1550786942243576,-0.16385285556316376
71.54361724853516,0.07799116522073746,-3.08990478515625,28.581106185913086,-0.1583932489156723,-0.15942759811878204
71.5835952758789,0.07829686999320984,-3.097161293029785,28.573741912841797,-0.16294139623641968,-0.16868384182453156
71.6236343383789,0.07723182439804077,-3.1049985885620117,28.565895080566406,-0.150725319981575,-0.15054698288440704
71.66361236572266,0.07607142627239227,-3.1110687255859375,28.559810638427734,-0.11995987594127655,-0.1183905154466629
71.70365142822266,0.07583633810281754,-3.1155471801757812,28.5551700592041,-0.08211895823478699,-0.08582836389541626
71.7436752319336,0.07636953145265579,-3.1180667877197266,28.552669525146484,-0.03887265920639038,-0.037695638835430145
71.78366088867188,0.07732239365577698,-3.118642807006836,28.552021026611328,0.002892244141548872,-0.0011738319881260395
71.82366943359375,0.07783256471157074,-3.1174697875976562,28.553255081176758,0.038468074053525925,0.042248811572790146
71.8636474609375,0.07747337222099304,-3.1153764724731445,28.55532455444336,0.06065472215414047,0.05837201327085495
71.9036865234375,0.07676520943641663,-3.1130294799804688,28.557706832885742,0.06434157490730286,0.06922800093889236
71.94367218017578,0.07658344507217407,-3.11093807220459,28.55978775024414,0.058216385543346405,0.06238946318626404
71.98370361328125,0.07690688967704773,-3.1088857650756836,28.561813354492188,0.07326067239046097,0.06684055179357529
72.023681640625,0.07774140685796738,-3.106252670288086,28.564477920532227,0.08198915421962738,0.08377251774072647
72.0636978149414,0.07822636514902115,-3.1023387908935547,28.567121505737305,0.17056362330913544,0.10111931711435318
72.10372161865234,0.07805170863866806,-3.089506149291992,28.569204330444336,0.5128605365753174,0.12326622009277344
72.14370727539062,0.0765523761510849,-3.0558271408081055,28.569595336914062,1.161417841911316,0.12631607055664062
72.18370819091797,0.07465215027332306,-2.9925460815429688,28.570667266845703,1.9627336263656616,0.2810187339782715
72.22374725341797,0.07351793348789215,-2.8808460235595703,28.583736419677734,2.929866313934326,0.09249401092529297
72.26372528076172,0.07268885523080826,-2.748575210571289,28.582324981689453,3.668933629989624,-0.1176140308380127
72.30375671386719,0.06965219229459763,-2.5869388580322266,28.579225540161133,4.400976181030273,-0.2825608253479004
72.34374237060547,0.0632191076874733,-2.3983449935913086,28.572608947753906,5.003943920135498,-0.0019130706787109375
72.38377380371094,0.05339483916759491,-2.190431594848633,28.570329666137695,5.4541754722595215,0.10303258895874023
72.42375946044922,0.04115506634116173,-1.9695148468017578,28.55986785888672,5.6110520362854,-0.22832965850830078
72.46379852294922,0.02712128311395645,-1.7507543563842773,28.558155059814453,5.422337055206299,0.04457902908325195
72.5037841796875,0.00873342901468277,-1.5178956985473633,28.575782775878906,5.097601413726807,-0.4150676727294922
72.54381561279297,-0.0069014993496239185,-1.3226451873779297,28.570955276489258,4.807546138763428,0.24286365509033203
72.58380126953125,-0.020970888435840607,-1.1381855010986328,28.569133758544922,4.574990749359131,0.07021951675415039
72.62383270263672,-0.03393328934907913,-0.9614849090576172,28.568790435791016,4.379949569702148,-0.10746431350708008
72.663818359375,-0.04537563398480415,-0.7923049926757812,28.569358825683594,4.243152141571045,-0.14255046844482422
72.70382690429688,-0.053628068417310715,-0.6232852935791016,28.573780059814453,4.238315582275391,-0.06475162506103516
72.74386596679688,-0.057839810848236084,-0.47214698791503906,28.583911895751953,3.305398941040039,0.13086462020874023
72.7838363647461,-0.05863586813211441,-0.3621101379394531,28.611635208129883,1.7884118556976318,0.171850323677063
72.82384490966797,-0.06006883084774017,-0.31926822662353516,28.616859436035156,0.6582927703857422,0.12616336345672607
72.8638687133789,-0.06311173737049103,-0.303375244140625,28.623615264892578,0.3643658757209778,0.23656676709651947
72.90386199951172,-0.06612396240234375,-0.28547000885009766,28.63149642944336,0.6022096872329712,0.26506125926971436
72.94389343261719,-0.06734852492809296,-0.25917720794677734,28.641494750976562,0.750319242477417,0.3429873287677765
72.98387908935547,-0.06678372621536255,-0.2278594970703125,28.656179428100586,0.8529507517814636,0.42817234992980957
73.02388763427734,-0.06545332074165344,-0.19301223754882812,28.672971725463867,0.9405407905578613,0.44141557812690735
73.06391906738281,-0.062049753963947296,-0.14003562927246094,28.694692611694336,1.417635202407837,0.41634249687194824
73.10394287109375,-0.057783935219049454,-0.08165168762207031,28.703907012939453,1.3874706029891968,0.17818713188171387
73.14390563964844,-0.05398301035165787,-0.0370635986328125,28.712331771850586,0.9263219237327576,0.25684571266174316
73.18394470214844,-0.050963643938302994,-0.011668205261230469,28.72385025024414,0.449836790561676,0.2840036153793335
73.22392272949219,-0.04918144270777702,-0.0037565231323242188,28.732540130615234,0.07862680405378342,0.1783602237701416
73.26393127441406,-0.04768025130033493,-0.00391387939453125,28.73625946044922,-0.0030951593071222305,0.06639046967029572
73.30396270751953,-0.04665455222129822,-0.0046520233154296875,28.734617233276367,-0.011842489242553711,-0.06671178340911865
73.34394073486328,-0.04672842472791672,-0.00614166259765625,28.729543685913086,-0.018676938489079475,-0.13955925405025482
73.38398742675781,-0.04692603275179863,-0.0042552947998046875,28.72406578063965,0.12067711353302002,-0.12370043992996216
73.42398834228516,-0.04637732356786728,0.0057544708251953125,28.718921661376953,0.34289973974227905,-0.12332078814506531
73.4639663696289,-0.04601574316620827,0.019418716430664062,28.713159561157227,0.2778381407260895,-0.17132577300071716
73.50398254394531,-0.047680649906396866,0.024214744567871094,28.706714630126953,-0.01714531145989895,-0.18105515837669373
73.54399108886719,-0.05155342072248459,0.018797874450683594,28.699806213378906,-0.2317536622285843,-0.20007066428661346
73.58399963378906,-0.056246377527713776,0.009931564331054688,28.69212532043457,-0.22525842487812042,-0.21930891275405884
73.62403106689453,-0.061027150601148605,0.0028009414672851562,28.683090209960938,-0.18165482580661774,-0.24277547001838684
73.66401672363281,-0.06620097905397415,-0.0048274993896484375,28.67267417907715,-0.1876724511384964,-0.26141318678855896
73.70403289794922,-0.07051927596330643,-0.011694908142089844,28.66289520263672,-0.19487319886684418,-0.26113981008529663
73.74403381347656,-0.07318586111068726,-0.019049644470214844,28.653675079345703,-0.2024909406900406,-0.247597336769104
73.78404235839844,-0.0740651935338974,-0.026391983032226562,28.644794464111328,-0.1770450472831726,-0.21911774575710297
73.8240737915039,-0.07356016337871552,-0.03253364562988281,28.635913848876953,-0.1409122794866562,-0.22749090194702148
73.86406707763672,-0.07273475080728531,-0.03742218017578125,28.626352310180664,-0.10252329707145691,-0.23505279421806335
73.9040756225586,-0.07319355756044388,-0.040947914123535156,28.616554260253906,-0.09735031425952911,-0.26335495710372925
73.94407653808594,-0.07919924706220627,-0.046489715576171875,28.608930587768555,-0.20556309819221497,-0.1748458594083786
73.98411560058594,-0.08703867346048355,-0.05101585388183594,28.6065616607666,-0.11907730251550674,-0.08975064009428024
74.02409362792969,-0.0906994640827179,-0.051194190979003906,28.605243682861328,-0.035976607352495193,-0.07348109781742096
74.06410217285156,-0.08995594829320908,-0.05088329315185547,28.606441497802734,-0.0011235326528549194,0.040986694395542145
74.10414123535156,-0.08646738529205322,-0.04754924774169922,28.61023712158203,0.10716357082128525,0.07895483076572418
74.14411926269531,-0.08249640464782715,-0.041095733642578125,28.6149845123291,0.10326997935771942,0.08202409744262695
74.18413543701172,-0.08003894239664078,-0.03668498992919922,28.620323181152344,0.03414791822433472,0.07292988896369934
74.22417449951172,-0.07883449643850327,-0.03170299530029297,28.62628936767578,0.06949970871210098,0.07355926185846329
74.2641830444336,-0.07914140075445175,-0.024132728576660156,28.633102416992188,0.08988417685031891,0.06708633154630661
74.30416870117188,-0.08055543154478073,-0.01840972900390625,28.639467239379883,0.06283487379550934,0.09416139870882034
74.34417724609375,-0.08250463008880615,-0.012311935424804688,28.645841598510742,0.09766067564487457,0.09766067564487457
74.38421630859375,-0.08414418250322342,-0.0060863494873046875,28.651527404785156,0.09048992395401001,0.09113088995218277
74.42422485351562,-0.08487268537282944,-0.0013074874877929688,28.656570434570312,0.07177543640136719,0.07241716980934143
74.4642105102539,-0.08452648669481277,0.0025358200073242188,28.660079956054688,0.060338858515024185,0.05311284586787224
74.50423431396484,-0.08316058665513992,0.0042629241943359375,28.66242790222168,0.030129365622997284,0.04145750403404236
74.5442123413086,-0.08091159164905548,0.00612640380859375,28.66489028930664,0.027764592319726944,0.035724204033613205
74.58422088623047,-0.07936351746320724,0.007990837097167969,28.666370391845703,0.02808351442217827,0.016608184203505516
74.62425231933594,-0.0793742761015892,0.008326530456542969,28.66695785522461,-0.004739752504974604,-0.000679858960211277
74.66423034667969,-0.08056128770112991,0.007879257202148438,28.666223526000977,-0.014150622300803661,-0.009433707222342491
74.70426940917969,-0.08124314248561859,0.006438255310058594,28.66531753540039,-0.03447575494647026,-0.021689418703317642
74.74427032470703,-0.08043516427278519,0.006110191345214844,28.66474151611328,-0.015490236692130566,-0.031733449548482895
74.78425598144531,-0.0790175050497055,0.005791664123535156,28.664466857910156,-0.021510928869247437,-0.012134281918406487
74.82428741455078,-0.07851628214120865,0.004626274108886719,28.663188934326172,-0.03125106543302536,-0.03252984210848808
74.86429595947266,-0.07887522876262665,0.0032892227172851562,28.661922454833984,-0.03400692343711853,-0.03400692343711853
74.90428161621094,-0.07933034747838974,0.0020952224731445312,28.660564422607422,-0.028089851140975952,-0.033629823476076126
74.94429016113281,-0.07942374050617218,0.0007171630859375,28.658966064453125,-0.043634746223688126,-0.0523671992123127
74.98433685302734,-0.07931594550609589,-0.0012121200561523438,28.657054901123047,-0.06026870012283325,-0.05962744727730751
75.02430725097656,-0.07868411391973495,-0.003154754638671875,28.655057907104492,-0.07547767460346222,-0.07952656596899033
75.06432342529297,-0.07786460965871811,-0.005333900451660156,28.652706146240234,-0.08683868497610092,-0.08833005279302597
75.10436248779297,-0.07698988169431686,-0.008508682250976562,28.64912986755371,-0.10704540461301804,-0.11965315043926239
75.14433288574219,-0.07626266777515411,-0.012112617492675781,28.64562225341797,-0.12101732194423676,-0.11440864950418472
75.18436431884766,-0.07553038746118546,-0.015802383422851562,28.641643524169922,-0.12274663895368576,-0.13364729285240173
75.22435760498047,-0.07494065165519714,-0.02003765106201172,28.637245178222656,-0.1336277574300766,-0.13447782397270203
75.26435089111328,-0.0741579607129097,-0.024613380432128906,28.633193969726562,-0.12597298622131348,-0.10716083645820618
75.30438995361328,-0.07370851933956146,-0.02780437469482422,28.630168914794922,-0.08370744436979294,-0.07901912182569504
75.34436798095703,-0.07404349744319916,-0.02983570098876953,28.62820816040039,-0.040992796421051025,-0.037795230746269226
75.3843994140625,-0.07469449192285538,-0.030870437622070312,28.627397537231445,-0.005096211563795805,-0.0029584078583866358
75.42440795898438,-0.07570754736661911,-0.03025054931640625,28.628538131713867,0.055294331163167953,0.06188220530748367
75.46438598632812,-0.07602577656507492,-0.026243209838867188,28.63242530822754,0.08292554318904877,0.0876142606139183
75.50442504882812,-0.07568352669477463,-0.021482467651367188,28.637706756591797,0.10672693699598312,0.12553802132606506
75.54440307617188,-0.07503299415111542,-0.016021728515625,28.644012451171875,0.11311092227697372,0.14976508915424347
75.58441162109375,-0.07422388345003128,-0.01029205322265625,28.651151657104492,0.12416565418243408,0.15174099802970886
75.62444305419922,-0.07414322346448898,-0.0037479400634765625,28.657833099365234,0.1392618864774704,0.13116386532783508
75.66442108154297,-0.07443616539239883,0.0018787384033203125,28.663267135620117,0.10482151806354523,0.10674748569726944
75.70445251464844,-0.07577171921730042,0.006257057189941406,28.668010711669922,0.06468671560287476,0.07601580768823624
75.74445343017578,-0.07825774699449539,0.009229660034179688,28.671098709106445,0.05645706132054329,0.040519990026950836
75.78443908691406,-0.08036138862371445,0.011243820190429688,28.67230987548828,-0.01721506379544735,-0.01184784434735775
75.82447814941406,-0.0811433419585228,0.0093536376953125,28.671276092529297,-0.04455288127064705,-0.03049144521355629
75.86446380615234,-0.08074051886796951,0.008779525756835938,28.670576095581055,-0.024881277233362198,-0.039583101868629456
75.90448760986328,-0.08025966584682465,0.008382797241210938,28.67048454284668,-0.025857914239168167,-0.0038391519337892532
75.94447326660156,-0.08027974516153336,0.009168624877929688,28.671018600463867,0.031125057488679886,0.005630003288388252
75.98451232910156,-0.0804755911231041,0.010272979736328125,28.67055320739746,-0.022593801841139793,-0.030715180560946465
76.02449035644531,-0.0815507099032402,0.008309364318847656,28.669879913330078,-0.0374736450612545,-0.015378547832369804
76.06452941894531,-0.08319278061389923,0.007954597473144531,28.668163299560547,-0.0007674247026443481,-0.051627203822135925
76.1045150756836,-0.08766929805278778,0.007012367248535156,28.66412353515625,-0.02829933539032936,-0.10330413281917572
76.14454650878906,-0.09343250840902328,0.0042057037353515625,28.659687042236328,-0.07187709212303162,-0.09127024561166763
76.18452453613281,-0.09559165686368942,0.0004825592041015625,28.657791137695312,-0.06840203702449799,0.0058722421526908875
76.22457885742188,-0.0931716188788414,0.0006246566772460938,28.661174774169922,0.08491358160972595,0.165492981672287
76.26456451416016,-0.08916869014501572,0.0068416595458984375,28.670040130615234,0.21729528903961182,0.2680799961090088
76.3045425415039,-0.0820513516664505,0.019186973571777344,28.68326187133789,0.31408461928367615,0.30469486117362976
76.3445816040039,-0.07247447222471237,0.030220985412597656,28.694168090820312,0.2510013282299042,0.26975515484809875
76.38455963134766,-0.06112079694867134,0.038299560546875,28.704086303710938,0.17404355108737946,0.23094433546066284
76.42459106445312,-0.05046667158603668,0.04336833953857422,28.71124267578125,0.11047734320163727,0.15088070929050446
76.4645767211914,-0.04158548638224602,0.046029090881347656,28.716632843017578,0.032985374331474304,0.12801986932754517
76.5046157836914,-0.0341959223151207,0.04602622985839844,28.72289276123047,-0.01252635195851326,0.1727278232574463
76.54459381103516,-0.02669680118560791,0.04551124572753906,28.730497360229492,-0.021322518587112427,0.1962898075580597
76.58460235595703,-0.022966980934143066,0.04597949981689453,28.739898681640625,0.015159414149820805,0.22053907811641693
76.62460327148438,-0.024592673406004906,0.04915618896484375,28.749530792236328,0.07183658331632614,0.20185279846191406
76.66461944580078,-0.030539928004145622,0.05413627624511719,28.758075714111328,0.08949680626392365,0.1618487536907196
76.70462036132812,-0.04087182134389877,0.059543609619140625,28.76586151123047,0.08128926157951355,0.11741530150175095
76.74462890625,-0.05136366933584213,0.0643911361694336,28.771907806396484,0.050574835389852524,0.0725855827331543
76.78466033935547,-0.05721075087785721,0.06737995147705078,28.775928497314453,0.007424596231430769,0.03903663530945778
76.82469940185547,-0.0582650825381279,0.06783103942871094,28.778284072875977,-0.03131185472011566,0.008967358618974686
76.86471557617188,-0.05516669154167175,0.06744194030761719,28.778133392333984,-0.03792565315961838,-0.04879191517829895
76.9046859741211,-0.05180630087852478,0.06563282012939453,28.776409149169922,-0.08165907114744186,-0.06372062116861343
76.94471740722656,-0.04992568492889404,0.06380653381347656,28.775043487548828,-0.04916517436504364,-0.04040214419364929
76.98471069335938,-0.0494174063205719,0.0628213882446289,28.774017333984375,-0.02303362265229225,-0.024520957842469215
77.02474212646484,-0.052037131041288376,0.06292724609375,28.77387046813965,-0.02124016173183918,-0.011838302947580814
77.06472778320312,-0.054794538766145706,0.06374359130859375,28.775279998779297,0.010170013643801212,0.018055584281682968
77.1047592163086,-0.05435333773493767,0.06545829772949219,28.776851654052734,0.03706909343600273,0.023608095943927765
77.14474487304688,-0.05123276263475418,0.06672477722167969,28.777549743652344,-0.003384125418961048,-0.007220241241157055
77.18477630615234,-0.047396469861269,0.06506156921386719,28.778133392333984,-0.0645851343870163,0.03985412418842316
77.22479248046875,-0.040849972516298294,0.06239509582519531,28.78205108642578,-0.06254225224256516,0.14100775122642517
77.26480102539062,-0.031053615733981133,0.060463905334472656,28.788951873779297,-0.02438371255993843,0.1910465508699417
77.3047866821289,-0.019958587363362312,0.05978584289550781,28.79511833190918,0.004012306220829487,0.160287007689476
77.34479522705078,-0.012684927321970463,0.06016063690185547,28.80172348022461,0.007402731105685234,0.1726040542125702
77.3847885131836,-0.00979221984744072,0.060883522033691406,28.808582305908203,0.0004219147376716137,0.141943097114563
77.42479705810547,-0.010054072365164757,0.061379432678222656,28.81528091430664,-0.023245524615049362,0.13084916770458221
77.46482849121094,-0.01375266257673502,0.06137847900390625,28.82248306274414,-0.04633081704378128,0.16120922565460205
77.50481414794922,-0.020755324512720108,0.06057548522949219,28.82969093322754,-0.07980843633413315,0.10783445090055466
77.54481506347656,-0.032917432487010956,0.05891609191894531,28.834192276000977,-0.1060328558087349,0.019666485488414764
77.58483123779297,-0.042348217219114304,0.05573844909667969,28.835519790649414,-0.1524740308523178,-0.038061872124671936
77.62483978271484,-0.048755109310150146,0.04823589324951172,28.83126449584961,-0.2995121479034424,-0.23625442385673523
77.66487121582031,-0.054478466510772705,0.035004615783691406,28.82059097290039,-0.3926185667514801,-0.3331720530986786
77.70484924316406,-0.060109030455350876,0.02170848846435547,28.80957794189453,-0.32924360036849976,-0.27186694741249084
77.74485778808594,-0.06304686516523361,0.012943267822265625,28.80307960510254,-0.1743757426738739,-0.1339791715145111
77.7848892211914,-0.064752496778965,0.010361671447753906,28.800594329833984,-0.008628537878394127,-0.021395262330770493
77.82487487792969,-0.06459891051054001,0.012269020080566406,28.802165985107422,0.06012304872274399,0.052664559334516525
77.86490631103516,-0.063350610435009,0.015718460083007812,28.805686950683594,0.07959035784006119,0.08832597732543945
77.9048843383789,-0.06145971640944481,0.019919395446777344,28.810077667236328,0.10755380988121033,0.09659882634878159
77.9449234008789,-0.059124309569597244,0.02400684356689453,28.813507080078125,0.06811853498220444,0.0775240808725357
77.98492431640625,-0.05702740699052811,0.025936126708984375,28.815963745117188,0.03822549059987068,0.03291298449039459
78.02490234375,-0.05511629208922386,0.027338027954101562,28.816587448120117,0.0018061143346130848,-0.006143185775727034
78.06494140625,-0.053652938455343246,0.026086807250976562,28.81668472290039,-0.04644659161567688,-0.0026437044143676758
78.10492706298828,-0.05250499024987221,0.025861740112304688,28.816627502441406,0.0015806971350684762,-0.02178911678493023
78.14495849609375,-0.05095849931240082,0.02503490447998047,28.815589904785156,-0.0419573076069355,-0.02977796643972397
78.18495178222656,-0.04928481578826904,0.023446083068847656,28.814727783203125,-0.014753282070159912,-0.015390569344162941
78.22496032714844,-0.04703725501894951,0.023397445678710938,28.813934326171875,0.004718634765595198,-0.015365466475486755
78.26496887207031,-0.04404637962579727,0.0229339599609375,28.813831329345703,-0.036797523498535156,-0.007264932617545128
78.30500030517578,-0.040453895926475525,0.022462844848632812,28.813575744628906,0.002246502786874771,-0.014418095350265503
78.34500885009766,-0.03708721697330475,0.022665977478027344,28.813396453857422,-0.0137370266020298,-0.0063005550764501095
78.38499450683594,-0.03659079223871231,0.021955490112304688,28.813121795654297,-0.007838195189833641,-0.0003573494032025337
78.42501068115234,-0.03829677030444145,0.022324562072753906,28.813262939453125,0.010808472521603107,0.007617058232426643
78.46504974365234,-0.04050993546843529,0.023238182067871094,28.81429672241211,0.007978341542184353,0.011184238828718662
78.50502014160156,-0.04255693405866623,0.0241546630859375,28.815183639526367,0.015551595948636532,0.015551595948636532
78.5450668334961,-0.044180478900671005,0.0249786376953125,28.816030502319336,0.010331200435757637,0.014388367533683777
78.58507537841797,-0.04554350674152374,0.025791168212890625,28.816951751708984,0.020286262035369873,0.025613754987716675
78.62505340576172,-0.04654891788959503,0.026845932006835938,28.818012237548828,0.030355459079146385,0.03376448154449463
78.6650619506836,-0.04718990996479988,0.028314590454101562,28.81960105895996,0.03672099485993385,0.039491135627031326
78.70509338378906,-0.04747480899095535,0.029852867126464844,28.821060180664062,0.042410958558321,0.03642778843641281
78.74507904052734,-0.046971093863248825,0.03154277801513672,28.822799682617188,0.042385295033454895,0.04493451490998268
78.78511047363281,-0.045871444046497345,0.03296470642089844,28.824310302734375,0.038534969091415405,0.03981732949614525
78.8250961303711,-0.043994512408971786,0.03436851501464844,28.825756072998047,0.037398066371679306,0.03591052442789078
78.86511993408203,-0.04169348254799843,0.03568267822265625,28.827083587646484,0.037318721413612366,0.04137861356139183
78.90511322021484,-0.039045412093400955,0.037072181701660156,28.828556060791016,0.034145914018154144,0.037557415664196014
78.94512176513672,-0.03709951043128967,0.038219451904296875,28.829710006713867,0.03019663132727146,0.03232751041650772
78.98516082763672,-0.036880940198898315,0.03931427001953125,28.83086395263672,0.027505364269018173,0.031565599143505096
79.025146484375,-0.03804776817560196,0.040355682373046875,28.83188819885254,0.021391740068793297,0.023542441427707672
79.065185546875,-0.03965795412659645,0.0411529541015625,28.832733154296875,0.022121377289295197,0.025530114769935608
79.10517120361328,-0.04092812165617943,0.04185962677001953,28.83346939086914,0.00861898809671402,0.01074921153485775
79.14520263671875,-0.04168953374028206,0.04229736328125,28.833967208862305,0.010556996800005436,0.013335752300918102
79.18517303466797,-0.04193287342786789,0.042728424072265625,28.834373474121094,0.008715939708054066,0.01126551628112793
79.22520446777344,-0.04157737269997597,0.04288768768310547,28.83453369140625,0.0023022224195301533,0.004225976299494505
79.26519012451172,-0.04088195040822029,0.042957305908203125,28.834579467773438,0.003943989984691143,0.003943989984691143
79.30522918701172,-0.03985181078314781,0.04285430908203125,28.83445167541504,-0.0029691248200833797,-0.0004046941176056862
79.34521484375,-0.038825005292892456,0.042578697204589844,28.83414077758789,-0.0027756209019571543,-0.008314510807394981
79.38522338867188,-0.03823133930563927,0.04222297668457031,28.833833694458008,-0.009558526799082756,-0.008066787384450436
79.42526245117188,-0.03841757774353027,0.04188823699951172,28.833473205566406,-0.006848512217402458,-0.005570628214627504
79.46527099609375,-0.0389489121735096,0.04156017303466797,28.833152770996094,-0.013812821358442307,-0.009123711846768856
79.50527954101562,-0.03965967521071434,0.04106616973876953,28.832687377929688,-0.012604612857103348,-0.004508182406425476
79.5452651977539,-0.04010295495390892,0.04082489013671875,28.832399368286133,-0.0038375426083803177,-0.001701833214610815
79.58529663085938,-0.040211569517850876,0.040230751037597656,28.83182144165039,-0.00975614320486784,-0.005707136355340481
79.62531280517578,-0.03996821492910385,0.039798736572265625,28.83137321472168,-0.003811115166172385,-0.00700689572840929
79.66529083251953,-0.039548713713884354,0.03954029083251953,28.83114242553711,-0.007872921414673328,-0.006596426945179701
79.705322265625,-0.03921729326248169,0.03919506072998047,28.830806732177734,-0.006863715592771769,-0.002163049764931202
79.74530029296875,-0.039058439433574677,0.038852691650390625,28.830480575561523,-0.009767107665538788,-0.009767107665538788
79.78530883789062,-0.03923783451318741,0.03868675231933594,28.83026695251465,-0.0019590561278164387,-0.004507922567427158
79.82535552978516,-0.03950344771146774,0.03852081298828125,28.830123901367188,0.0027664927765727043,0.003405774012207985
79.8653335571289,-0.039676010608673096,0.038524627685546875,28.830121994018555,-0.002859677653759718,-0.0022184981498867273
79.9053726196289,-0.039760515093803406,0.03861427307128906,28.830211639404297,-0.0019546246621757746,-0.0013152005849406123
79.94535827636719,-0.03967100381851196,0.03860664367675781,28.830217361450195,0.007891461253166199,0.014712175354361534
79.98538970947266,-0.03949159383773804,0.0387725830078125,28.830347061157227,0.00957433506846428,0.007017210591584444
80.02537536621094,-0.039391666650772095,0.03911113739013672,28.830707550048828,0.008796587586402893,0.008154165931046009
80.0654067993164,-0.039384808391332626,0.03928089141845703,28.83087158203125,0.00015531896497122943,-0.0039057116955518723
80.10538482666016,-0.0395454503595829,0.039536476135253906,28.831153869628906,0.009649799205362797,0.009012280963361263
80.14539337158203,-0.03953859210014343,0.03970527648925781,28.831296920776367,0.005078887101262808,0.0029300644528120756
80.1854019165039,-0.03952665999531746,0.03995800018310547,28.831592559814453,0.0107421875,0.016052769497036934
80.2254409790039,-0.03934722766280174,0.040123939514160156,28.831756591796875,0.002822156297042966,0.002181084593757987
80.26542663574219,-0.03934212774038315,0.0402069091796875,28.831809997558594,0.0048828125,0.0008111731149256229
80.30542755126953,-0.039761513471603394,0.04046916961669922,28.83222198486328,0.004230465739965439,0.0102143045514822
80.34546661376953,-0.04112321883440018,0.040740966796875,28.832962036132812,0.003414849052205682,0.018757596611976624
80.38544464111328,-0.04342690855264664,0.04120159149169922,28.834087371826172,0.012745602987706661,0.02957765758037567
80.42547607421875,-0.044959086924791336,0.04208946228027344,28.83514976501465,0.02129143849015236,0.015324314124882221
80.46546173095703,-0.04633871093392372,0.04290008544921875,28.836618423461914,0.004773369058966637,0.034827135503292084
80.5054931640625,-0.04738669469952583,0.04362297058105469,28.838085174560547,0.023659484460949898,0.0230201855301857
80.54547882080078,-0.04747821390628815,0.044666290283203125,28.837942123413086,0.0015546251088380814,-0.025932930409908295
80.58551025390625,-0.046650372445583344,0.04256629943847656,28.836944580078125,-0.08745540678501129,-0.029285695403814316
80.62549591064453,-0.04482343792915344,0.03943157196044922,28.836833953857422,-0.0817829817533493,0.0104917511343956
80.6655044555664,-0.04287886619567871,0.0369720458984375,28.83780288696289,-0.05687418952584267,0.016526293009519577
80.7055435180664,-0.04095669463276863,0.03629589080810547,28.838241577148438,0.012714147567749023,0.011432075873017311
80.74552917480469,-0.039086081087589264,0.03628826141357422,28.837982177734375,-0.016340261325240135,-0.010373970493674278
80.78556060791016,-0.037574101239442825,0.03569221496582031,28.83824920654297,-0.014437075704336166,0.010921075940132141
80.82554626464844,-0.03715623915195465,0.03517341613769531,28.83867835998535,-0.0015604319050908089,0.017188675701618195
80.8655776977539,-0.03791538253426552,0.03534507751464844,28.838878631591797,0.013247072696685791,0.008544167503714561
80.90554809570312,-0.03928617015480995,0.035442352294921875,28.839107513427734,0.0021699657663702965,0.005994116887450218
80.94559478759766,-0.04039885848760605,0.03545093536376953,28.83941650390625,-0.007908325642347336,0.0014972202479839325
80.98556518554688,-0.04092025011777878,0.03485107421875,28.839984893798828,-0.012915436178445816,0.023315556347370148
81.02560424804688,-0.04093434289097786,0.03399181365966797,28.841323852539062,-0.015751231461763382,0.04193875938653946
81.06558990478516,-0.04084950312972069,0.033557891845703125,28.843000411987305,-0.00669285049661994,0.03613061457872391
81.10562133789062,-0.04066029563546181,0.03354072570800781,28.843942642211914,0.008850207552313805,0.019111379981040955
81.1456298828125,-0.04010487720370293,0.03419971466064453,28.844619750976562,0.01728341169655323,0.01254612859338522
81.18561553955078,-0.03956061974167824,0.03469371795654297,28.845184326171875,0.011850730516016483,0.013338273391127586
81.22564697265625,-0.039207883179187775,0.03494453430175781,28.845478057861328,0.002673736773431301,0.0048113008961081505
81.26563262939453,-0.039036646485328674,0.035030364990234375,28.845659255981445,-0.0030834940262138844,-0.0030834940262138844
81.3056411743164,-0.03921231999993324,0.03486061096191406,28.845561981201172,-0.008412842638790607,-0.0049937935546040535
81.34567260742188,-0.03956218063831329,0.034607887268066406,28.845355987548828,-0.010712917894124985,-0.00793486274778843
81.38565826416016,-0.03975118324160576,0.03418731689453125,28.84493064880371,-0.0147688714787364,-0.011366119608283043
81.42569732666016,-0.039856456220149994,0.03376960754394531,28.844524383544922,-0.013704221695661545,-0.00772138824686408
81.46568298339844,-0.039703402668237686,0.03317070007324219,28.8438720703125,-0.015578508377075195,-0.022800900042057037
81.50569152832031,-0.03947184234857559,0.03231334686279297,28.843036651611328,-0.01644488424062729,-0.018581850454211235
81.54571533203125,-0.03950008377432823,0.03154945373535156,28.8422794342041,-0.01854981854557991,-0.024712666869163513
81.58570098876953,-0.03961631655693054,0.030698776245117188,28.841453552246094,-0.018520750105381012,-0.017881575971841812
81.625732421875,-0.039720527827739716,0.030191421508789062,28.840951919555664,-0.011567095294594765,-0.01028871163725853
81.66571807861328,-0.03982653096318245,0.02959442138671875,28.840301513671875,-0.01175649557262659,-0.016443639993667603
81.70574188232422,-0.03984447568655014,0.029084205627441406,28.839813232421875,-0.013595177792012691,-0.015725936740636826
81.74573516845703,-0.03986060246825218,0.028659820556640625,28.83943748474121,-0.010782234370708466,-0.005439820699393749
81.7857666015625,-0.039868392050266266,0.028403282165527344,28.83913803100586,-0.0008553205989301205,-0.004267774522304535
81.82574462890625,-0.0398743711411953,0.028232574462890625,28.838998794555664,-0.0068359375,-0.003426342736929655
81.86575317382812,-0.039876215159893036,0.028146743774414062,28.838871002197266,-0.0029675376135855913,-0.007669520564377308
81.90576171875,-0.03987206891179085,0.028229713439941406,28.838977813720703,0.0010621452238410711,-0.00021506159100681543
81.94577026367188,-0.03995244577527046,0.028403282165527344,28.83916473388672,0.004921833518892527,0.004921833518892527
81.98580932617188,-0.039861902594566345,0.028484344482421875,28.839208602905273,0.006762509699910879,0.002074709627777338
82.02578735351562,-0.03976365923881531,0.028824806213378906,28.83959197998047,0.01089865155518055,0.01089865155518055
82.0658187866211,-0.03975583240389824,0.029081344604492188,28.83983039855957,0.007814759388566017,0.005902151111513376
82.10579681396484,-0.03974142298102379,0.0294189453125,28.8402156829834,0.008858694694936275,0.0122779356315732
82.14584350585938,-0.039727598428726196,0.02984619140625,28.84058952331543,0.008826703764498234,0.006267935503274202
82.1858139038086,-0.03971133753657341,0.030269622802734375,28.841018676757812,0.013680094853043556,0.01048458181321621
82.2258529663086,-0.03952844813466072,0.030521392822265625,28.841312408447266,0.004027955234050751,0.0074472916312515736
82.26583862304688,-0.03952242434024811,0.030691146850585938,28.841476440429688,0.0030852644704282284,0.004582524299621582
82.30587005615234,-0.03951037675142288,0.03103160858154297,28.84185028076172,0.006879314314574003,0.008797104470431805
82.34585571289062,-0.039506085216999054,0.03111553192138672,28.84197235107422,0.007965625263750553,0.013932749629020691
82.3858871459961,-0.03950178250670433,0.031198501586914062,28.842018127441406,0.0010151397436857224,0.0029476103372871876
82.42587280273438,-0.03959062322974205,0.0312042236328125,28.842065811157227,0.002888609655201435,0.004800632130354643
82.46591186523438,-0.03968043252825737,0.03103160858154297,28.841876983642578,-0.00484406016767025,-0.0001433943398296833
82.50588989257812,-0.0396847166121006,0.03094768524169922,28.841773986816406,-0.00769623089581728,-0.006843974813818932
82.54593658447266,-0.039688218384981155,0.030775070190429688,28.841583251953125,0.0010952289449051023,-0.00018297636415809393
82.5859146118164,-0.03969854861497879,0.030521392822265625,28.841365814208984,-0.009611726738512516,-0.004909348674118519
82.62594604492188,-0.03961755335330963,0.030259132385253906,28.841079711914062,-0.006757383234798908,-0.004839057568460703
82.66592407226562,-0.039708152413368225,0.030178070068359375,28.841033935546875,-0.0038298601284623146,-0.0012733782641589642
82.70596313476562,-0.039714206010103226,0.030008316040039062,28.840869903564453,0.00012101605534553528,0.004809209145605564
82.74593353271484,-0.039714206010103226,0.030008316040039062,28.840864181518555,-0.004027266055345535,2.2306106984615326e-05
82.78594207763672,-0.03971601650118828,0.029921531677246094,28.840755462646484,-0.0019919131882488728,-0.0032728726509958506
82.82598114013672,-0.039804067462682724,0.029834747314453125,28.840654373168945,0.001989679178223014,0.004547446966171265
82.86595916748047,-0.03980053961277008,0.030010223388671875,28.840829849243164,0.0010531371226534247,-0.0017257743747904897
82.90599060058594,-0.03971174359321594,0.030005455017089844,28.84085464477539,4.5768403651891276e-05,4.5768403651891276e-05
82.94603729248047,-0.0397074818611145,0.030089378356933594,28.84088134765625,0.0030871406197547913,-0.0022393097169697285
82.9859848022461,-0.03970140218734741,0.030259132385253906,28.841140747070312,8.458872616756707e-05,0.004772127140313387
83.02601623535156,-0.03970140218734741,0.030259132385253906,28.841197967529297,-0.0008602419402450323,0.0038223268929868937
83.06600189208984,-0.03960905596613884,0.03042888641357422,28.84142303466797,0.0010527512058615685,0.005754734389483929
83.10601043701172,-0.039692819118499756,0.030426979064941406,28.841541290283203,0.003869844600558281,0.0070569925010204315
83.1460189819336,-0.03960297256708145,0.030599594116210938,28.841773986816406,-0.00081711943494156,-0.002740657888352871
83.18602752685547,-0.03960476443171501,0.03051280975341797,28.84172821044922,0.001983539666980505,-0.002704260405153036
83.22606658935547,-0.03952022269368172,0.030424118041992188,28.84173583984375,-0.0010151587193831801,0.002403794787824154
83.26603698730469,-0.03952022269368172,0.030424118041992188,28.84174156188965,0.0008993701194413006,-0.0003754179342649877
83.30604553222656,-0.03952022269368172,0.030424118041992188,28.84174156188965,-0.0038676538970321417,-0.001943953800946474
83.34607696533203,-0.039522022008895874,0.03033733367919922,28.841659545898438,-0.0009789051255211234,-0.0024703112430870533
83.38606262207031,-0.039522022008895874,0.03033733367919922,28.841678619384766,-0.0029706282075494528,-0.0008136648684740067
83.42609405517578,-0.03960837423801422,0.030340194702148438,28.84173011779785,7.266899046953768e-05,-0.0005665228818543255
83.46607208251953,-0.0396144799888134,0.03016948699951172,28.841575622558594,-0.007810164708644152,-0.008449481800198555
83.5060806274414,-0.03953176364302635,0.029994964599609375,28.841426849365234,-0.003792742732912302,-0.00851722527295351
83.54611206054688,-0.03953421860933304,0.029996871948242188,28.84146499633789,-0.0010561003582552075,0.00043140107300132513
83.58609008789062,-0.039537880569696426,0.029824256896972656,28.84131622314453,-0.007659195456653833,-0.006384052336215973
83.6260986328125,-0.03953971341252327,0.029737472534179688,28.841211318969727,-0.0030057707335799932,-0.00022771558724343777
83.66613006591797,-0.03945166990160942,0.029824256896972656,28.841327667236328,0.0010547717101871967,0.002546261064708233
83.70610809326172,-0.03953971341252327,0.029737472534179688,28.841354370117188,0.0038255718536674976,0.011710479855537415
83.74614715576172,-0.03945351392030716,0.029737472534179688,28.841468811035156,-0.0010128018911927938,0.004329761490225792
83.78612518310547,-0.03936896100640297,0.029648780822753906,28.84149932861328,-0.0019508444238454103,0.0014481174293905497
83.82613372802734,-0.03936896100640297,0.029648780822753906,28.841602325439453,0.0009392535430379212,-0.0005564548191614449
83.86616516113281,-0.03937508910894394,0.029478073120117188,28.841760635375977,-0.0028900981415063143,0.010531807318329811
83.9061508178711,-0.03938121721148491,0.029308319091796875,28.841896057128906,-0.0019859487656503916,0.0005714616272598505
83.94620513916016,-0.03938734903931618,0.029137611389160156,28.842056274414062,0.001948640332557261,0.01135102566331625
83.98616790771484,-0.039389219135046005,0.029051780700683594,28.84210205078125,-0.007846497930586338,-0.005933783017098904
84.02617645263672,-0.039395350962877274,0.028881072998046875,28.842103958129883,0.0,0.008780249394476414
84.06620788574219,-0.039395350962877274,0.028881072998046875,28.842187881469727,-0.0009765625,0.0015810620971024036
84.10621643066406,-0.03940148651599884,0.028711318969726562,28.842084884643555,-0.006722701713442802,-0.00736189354211092
84.14620208740234,-0.03940339386463165,0.028624534606933594,28.841991424560547,-0.009720529429614544,-0.008232655003666878
84.18621826171875,-0.03940339386463165,0.028624534606933594,28.84201431274414,0.0039491415955126286,0.0039491415955126286
84.22622680664062,-0.03940529748797417,0.028537750244140625,28.841947555541992,-0.00015943696780595928,0.001976989908143878
84.2662353515625,-0.039411451667547226,0.028367996215820312,28.841812133789062,0.0019113561138510704,-0.0027778842486441135
84.30623626708984,-0.039411451667547226,0.028367996215820312,28.841854095458984,-0.0008599936263635755,-0.0029969592578709126
84.34627532958984,-0.039411451667547226,0.028367996215820312,28.841968536376953,-0.004843228030949831,-0.0007947864942252636
84.3862533569336,-0.039413366466760635,0.028281211853027344,28.84195327758789,-0.004809091333299875,-0.006092205177992582
84.42626190185547,-0.039413366466760635,0.028281211853027344,28.841960906982422,0.0039810603484511375,0.0039810603484511375
84.46627044677734,-0.039411451667547226,0.028367996215820312,28.84208869934082,0.0,-0.004701850935816765
84.50630187988281,-0.039413366466760635,0.028281211853027344,28.842086791992188,-0.004924573935568333,0.002571181859821081
84.5462875366211,-0.039413366466760635,0.028281211853027344,28.842098236083984,-0.0028537882026284933,0.001194200711324811
84.58628845214844,-0.039409130811691284,0.028364181518554688,28.842222213745117,0.003979953471571207,0.004619359504431486
84.62629699707031,-0.039409130811691284,0.028364181518554688,28.84225845336914,0.002035564975813031,0.004613426048308611
84.66632843017578,-0.039409130811691284,0.028364181518554688,28.842294692993164,-0.0007819287711754441,0.0011364505626261234
84.70631408691406,-0.039409130811691284,0.028364181518554688,28.84235382080078,-0.006838121451437473,-0.010899266228079796
84.74632263183594,-0.03923845663666725,0.028275489807128906,28.84237289428711,0.0009819819824770093,0.0009819819824770093
84.7863540649414,-0.039409130811691284,0.028364181518554688,28.842498779296875,-0.0019564011599868536,0.00018104352056980133
84.82633209228516,-0.0392322801053524,0.028446197509765625,28.842567443847656,-0.0028465120121836662,-0.0009335840586572886
84.86637115478516,-0.0392322801053524,0.028446197509765625,28.84260368347168,-7.663387805223465e-05,0.001846473547630012
84.90634155273438,-0.039316847920417786,0.028534889221191406,28.842693328857422,0.0009370669140480459,0.004124036990106106
84.94638061523438,-0.039409130811691284,0.028364181518554688,28.842540740966797,-0.007888387888669968,-0.009170854464173317
84.98636627197266,-0.039409130811691284,0.028364181518554688,28.842527389526367,-4.368112513475353e-06,-0.0014915381325408816
85.02637481689453,-0.03940488025546074,0.028448104858398438,28.842647552490234,3.739053863682784e-05,0.0025976616889238358
85.06642150878906,-0.03940488025546074,0.028448104858398438,28.84263038635254,7.259079575305805e-05,-0.0012062573805451393
85.10638427734375,-0.03940488025546074,0.028448104858398438,28.842666625976562,-0.001952029881067574,-0.0013126237317919731
85.14641571044922,-0.039406806230545044,0.028362274169921875,28.84259796142578,0.00210379995405674,0.0033799740485846996
85.1864013671875,-0.039318766444921494,0.028448104858398438,28.84267234802246,-0.0048422254621982574,-0.004202997777611017
85.2264175415039,-0.039318766444921494,0.028448104858398438,28.84272575378418,4.058697595610283e-05,-0.00209064781665802
85.26644134521484,-0.039318766444921494,0.028448104858398438,28.8427734375,-0.006800814066082239,-0.004876898135989904
85.30644989013672,-0.03923845663666725,0.028275489807128906,28.84264373779297,-0.0049616266041994095,-0.007723590824753046
85.346435546875,-0.03924039378762245,0.028188705444335938,28.842653274536133,-0.003084068652242422,0.0009652776643633842
85.38646697998047,-0.03924039378762245,0.028188705444335938,28.842639923095703,-0.0028541176579892635,-0.0043460652232170105
85.42644500732422,-0.03924039378762245,0.028188705444335938,28.84266471862793,0.0019115579780191183,0.0019115579780191183
85.46648406982422,-0.03924039378762245,0.028188705444335938,28.842676162719727,0.004845567978918552,0.006763090379536152
85.50646209716797,-0.03924039378762245,0.028188705444335938,28.84266471862793,0.0038285190239548683,0.005954231135547161
85.54647064208984,-0.0392342135310173,0.028359413146972656,28.84283447265625,-4.0492905100109056e-05,-4.0492905100109056e-05
85.58650207519531,-0.039236146956682205,0.028272628784179688,28.842754364013672,-0.0027326643466949463,-0.004650668706744909
85.62648010253906,-0.039320699870586395,0.02836132049560547,28.842891693115234,-1.0894652859860798e-06,-0.0012895846739411354
85.66651916503906,-0.039320699870586395,0.02836132049560547,28.84296417236328,0.0,0.006838289555162191
85.70649719238281,-0.039320699870586395,0.02836132049560547,28.84292221069336,0.0,-0.0019176293862983584
85.74653625488281,-0.039320699870586395,0.02836132049560547,28.842979431152344,0.0,0.0019373780814930797
85.78651428222656,-0.039320699870586395,0.02836132049560547,28.843017578125,0.0,0.001275107730180025
85.82654571533203,-0.039320699870586395,0.02836132049560547,28.843040466308594,0.0,-0.0025651489850133657
85.86653137207031,-0.039320699870586395,0.02836132049560547,28.84313201904297,0.0,0.002762194722890854
85.90656280517578,-0.039320699870586395,0.02836132049560547,28.843257904052734,0.0,0.011541553772985935
85.946533203125,-0.039320699870586395,0.02836132049560547,28.84331512451172,0.0,0.005311617162078619
85.986572265625,-0.039320699870586395,0.02836132049560547,28.843345642089844,0.0,0.005343461409211159
86.02657318115234,-0.039320699870586395,0.02836132049560547,28.843441009521484,0.0,0.005950502585619688
86.0665512084961,-0.039320699870586395,0.02836132049560547,28.843482971191406,0.0,0.0012787766754627228
86.10658264160156,-0.039320699870586395,0.02836132049560547,28.843585968017578,0.0,0.002137324772775173
86.14659118652344,-0.039320699870586395,0.02836132049560547,28.84368133544922,0.0,-0.0034055046271532774
86.18657684326172,-0.039320699870586395,0.02836132049560547,28.84380340576172,0.0,0.004049912095069885
86.22660827636719,-0.039320699870586395,0.02836132049560547,28.84381866455078,0.0,-0.0006410357891581953
86.26660919189453,-0.039320699870586395,0.02836132049560547,28.843921661376953,0.0,0.005312505178153515
86.30661010742188,-0.039320699870586395,0.02836132049560547,28.843944549560547,0.0,0.004674223251640797
86.34660339355469,-0.039320699870586395,0.02836132049560547,28.843975067138672,0.0,-0.000641143589746207
86.3865966796875,-0.039320699870586395,0.02836132049560547,28.844036102294922,0.0,0.0025651489850133657
86.42662811279297,-0.039320699870586395,0.02836132049560547,28.84405517578125,0.0,0.0
86.46661376953125,-0.039320699870586395,0.02836132049560547,28.844036102294922,0.0,-0.0021251793950796127
86.50662231445312,-0.039320699870586395,0.02836132049560547,28.844058990478516,0.0,0.0021375042852014303
86.5466537475586,-0.039320699870586395,0.02836132049560547,28.844066619873047,0.0,0.001282287179492414
86.58663940429688,-0.039320699870586395,0.02836132049560547,28.844100952148438,0.0,-0.0012751433532685041
86.62664794921875,-0.039320699870586395,0.02836132049560547,28.844165802001953,0.0,-0.0006416288088075817
86.66668701171875,-0.039320699870586395,0.02836132049560547,28.844207763671875,0.0,-0.000639334786683321
86.7066650390625,-0.039320699870586395,0.02836132049560547,28.844287872314453,0.0,0.0006393168587237597
86.7466812133789,-0.039320699870586395,0.02836132049560547,28.8443603515625,0.0,0.004080235026776791
86.78671264648438,-0.03940874710679054,0.028275489807128906,28.84432601928711,7.589068991364911e-05,-0.0018480251310393214
86.82672119140625,-0.03932265192270279,0.0282745361328125,28.844404220581055,-0.001091778976842761,-0.0064035439863801
86.86671447753906,-0.039410680532455444,0.028188705444335938,28.84441375732422,-0.0076959398575127125,-0.009845670312643051
86.90672302246094,-0.039412643760442734,0.02810192108154297,28.84438705444336,-0.006911842618137598,-0.00819423794746399
86.94676208496094,-0.039416879415512085,0.02801799774169922,28.844379425048828,0.0019211005419492722,0.003195675788447261
86.98674011230469,-0.039412643760442734,0.02810192108154297,28.844463348388672,0.000158302704221569,0.0027154271956533194
87.02674865722656,-0.039412643760442734,0.02810192108154297,28.84454345703125,-0.0019916186574846506,0.004632418043911457
87.0667724609375,-0.039416879415512085,0.02801799774169922,28.844478607177734,0.0009380646515637636,-0.000979993143118918
87.10675811767578,-0.03941884636878967,0.027932167053222656,28.84438705444336,-0.0037929017562419176,-0.00848135631531477
87.14676666259766,-0.039503391832113266,0.028020858764648438,28.84451675415039,0.0009004789753817022,0.0009004789753817022
87.18677520751953,-0.03941884636878967,0.027932167053222656,28.84445571899414,7.80754562583752e-05,0.00540467444807291
87.2267837524414,-0.03949914500117302,0.028104782104492188,28.844623565673828,0.0010548034915700555,0.0004136239876970649
87.26679229736328,-0.03958719223737717,0.02801799774169922,28.844547271728516,0.0028866888023912907,0.0028866888023912907
87.3068618774414,-0.03958947956562042,0.028020858764648438,28.844623565673828,-0.003907333593815565,-0.0032661540899425745
87.34683227539062,-0.03959143906831741,0.027935028076171875,28.844621658325195,-6.869334174552932e-05,0.004619499668478966
87.3868179321289,-0.039503391832113266,0.028020858764648438,28.84471321105957,1.0813965900524636e-06,0.00404737563803792
87.42684936523438,-0.039593406021595,0.027848243713378906,28.844554901123047,-0.0008970667840912938,-0.0021791025064885616
87.46684265136719,-0.039505355060100555,0.02793407440185547,28.844730377197266,0.001992787467315793,0.004117138683795929
87.50684356689453,-0.039505355060100555,0.02793407440185547,28.84475326538086,0.0011309003457427025,0.002413403009995818
87.546875,-0.03942277655005455,0.02775859832763672,28.844581604003906,-0.0009776315419003367,0.0015867269830778241
87.58688354492188,-0.03942277655005455,0.02775859832763672,28.844608306884766,-0.0009744242997840047,-0.0022491412237286568

"--- SEND COMMAND: Mode=velocity, Value=0.5 ---"
22.533203125,-0.08486631512641907,0.0642251968383789,-8.00999641418457,0.0,-0.0019249405013397336
22.573213577270508,-0.08486631512641907,0.0642251968383789,-8.009979248046875,0.0,0.0006389420595951378
22.613243103027344,-0.08486631512641907,0.0642251968383789,-8.010014533996582,0.0,-0.002029548864811659
22.653230667114258,-0.08486631512641907,0.0642251968383789,-8.00999641418457,0.0,0.0020237120334059
22.693239212036133,-0.08486631512641907,0.0642251968383789,-8.010003089904785,0.0,0.0006391204660758376
22.73326873779297,-0.08486631512641907,0.0642251968383789,-8.010092735290527,0.0,-0.008763276971876621
22.773250579833984,-0.08422305434942245,0.06879520416259766,-8.006906509399414,0.2964259386062622,0.18337485194206238
22.813257217407227,-0.08311006426811218,0.10403633117675781,-7.996586799621582,1.2279472351074219,0.22391128540039062
22.85326385498047,-0.08182476460933685,0.16933012008666992,-7.993922710418701,1.7511382102966309,-0.11098885536193848
22.89329719543457,-0.08029542863368988,0.24696016311645508,-7.995184421539307,1.9679814577102661,0.02221536636352539
22.933277130126953,-0.07832670956850052,0.3299875259399414,-7.998516082763672,2.0051777362823486,-0.24956679344177246
22.973316192626953,-0.07570623606443405,0.41644763946533203,-7.989713668823242,1.7276959419250488,-0.015496969223022461
23.01331901550293,-0.07347311079502106,0.47949743270874023,-7.993349552154541,1.349607229232788,-0.18933045864105225
23.053302764892578,-0.07140637934207916,0.5296363830566406,-7.993053436279297,1.0806573629379272,0.03328347206115723
23.093324661254883,-0.06955480575561523,0.5675473213195801,-7.98778772354126,0.7663349509239197,0.09821689128875732
23.133337020874023,-0.06786918640136719,0.5946969985961914,-7.980687141418457,0.5413859486579895,0.13850021362304688
23.17334747314453,-0.06653653085231781,0.6156702041625977,-7.971817970275879,0.44658321142196655,0.194807231426239
23.21335220336914,-0.06523682177066803,0.6340255737304688,-7.961629867553711,0.3921639323234558,0.22146154940128326
23.253339767456055,-0.06379293650388718,0.6527667045593262,-7.948617458343506,0.3616662621498108,0.23977665603160858
23.293344497680664,-0.06261764466762543,0.6678128242492676,-7.937136173248291,0.3188069760799408,0.25335195660591125
23.333351135253906,-0.061595626175403595,0.6807003021240234,-7.925027847290039,0.2728956937789917,0.2809923589229584
23.37336540222168,-0.06043343245983124,0.6935024261474609,-7.911464691162109,0.28813138604164124,0.30485644936561584
23.413408279418945,-0.059328678995370865,0.7067685127258301,-7.897820949554443,0.2987840175628662,0.3128879964351654
23.45341682434082,-0.058335546404123306,0.7198810577392578,-7.883689880371094,0.2881934642791748,0.32303330302238464
23.49339485168457,-0.05739836022257805,0.7326655387878418,-7.868832111358643,0.28619953989982605,0.35514113306999207
23.533403396606445,-0.056294508278369904,0.7460956573486328,-7.851806640625,0.25483933091163635,0.3683018088340759
23.573413848876953,-0.05555529147386551,0.7563943862915039,-7.835497856140137,0.20976343750953674,0.39722833037376404
23.613449096679688,-0.05460521578788757,0.7649798393249512,-7.818044185638428,0.16905003786087036,0.4174235761165619
23.6534366607666,-0.05381600186228752,0.7719969749450684,-7.799684047698975,0.11913464218378067,0.4292585849761963
23.693443298339844,-0.05321240797638893,0.7754740715026855,-7.781514644622803,0.021517137065529823,0.43531516194343567
23.733476638793945,-0.052997853606939316,0.7726521492004395,-7.763189792633057,-0.17419907450675964,0.4362550675868988
23.773460388183594,-0.05237247422337532,0.7661981582641602,-7.741511344909668,-0.15857477486133575,0.5671074390411377
23.813467025756836,-0.05184593051671982,0.7633957862854004,-7.716324329376221,-0.06170492619276047,0.622443437576294
23.853471755981445,-0.05175841599702835,0.7620539665222168,-7.691630840301514,-0.006009107921272516,0.6200355887413025
23.893512725830078,-0.051351938396692276,0.760190486907959,-7.666853427886963,-0.10561245679855347,0.5998079180717468
23.93349266052246,-0.050893384963274,0.7561044692993164,-7.642267227172852,-0.14453125,0.5755847096443176
23.9735050201416,-0.05058760568499565,0.7492961883544922,-7.617412567138672,-0.20721478760242462,0.6267542839050293
24.013511657714844,-0.05022561550140381,0.742617130279541,-7.5876593589782715,-0.1713869273662567,0.781410813331604
24.05352020263672,-0.04991832375526428,0.7378630638122559,-7.5555806159973145,-0.13081671297550201,0.7740713953971863
24.093530654907227,-0.04970669746398926,0.7329888343811035,-7.525041103363037,-0.1560225635766983,0.709982693195343
24.133563995361328,-0.04951110854744911,0.7233924865722656,-7.497385025024414,-0.2689626216888428,0.7291405200958252
24.17354393005371,-0.049533311277627945,0.7136397361755371,-7.4638142585754395,-0.2532416880130768,0.872465968132019
24.213577270507812,-0.04944116622209549,0.7049813270568848,-7.428431034088135,-0.23862183094024658,0.8492215871810913
24.25358009338379,-0.04926389455795288,0.6962032318115234,-7.396426200866699,-0.23761898279190063,0.7569897174835205
24.29359245300293,-0.04894619807600975,0.6873359680175781,-7.363127708435059,-0.22186456620693207,0.8725690841674805
24.3336124420166,-0.048509322106838226,0.6785926818847656,-7.325156211853027,-0.23645314574241638,0.9454935789108276
24.37358283996582,-0.04800758138298988,0.669166088104248,-7.2884135246276855,-0.24792443215847015,0.8461834192276001
24.413616180419922,-0.04739530757069588,0.6573700904846191,-7.255765914916992,-0.25214481353759766,0.890426754951477
24.453624725341797,-0.04684711992740631,0.6490840911865234,-7.216654300689697,-0.2059703916311264,0.9762405157089233
24.49360466003418,-0.046432800590991974,0.6395907402038574,-7.178576469421387,-0.27272796630859375,0.9063574075698853
24.533607482910156,-0.046399299055337906,0.6291141510009766,-7.143171310424805,-0.24775376915931702,0.9018664360046387
24.57364273071289,-0.046917691826820374,0.6221733093261719,-7.102750301361084,-0.14488092064857483,1.0490756034851074
24.613622665405273,-0.04784466326236725,0.6161231994628906,-7.061546802520752,-0.1916937679052353,0.9886907339096069
24.653627395629883,-0.048929475247859955,0.6062016487121582,-7.023758888244629,-0.29251348972320557,0.9433293342590332
24.693634033203125,-0.049925800412893295,0.5962934494018555,-6.982464790344238,-0.15422314405441284,1.1284770965576172
24.733644485473633,-0.05066705495119095,0.5908718109130859,-6.940740585327148,-0.16436545550823212,0.9917442202568054
24.773651123046875,-0.051169801503419876,0.5836272239685059,-6.903943061828613,-0.21620211005210876,0.8952459096908569
24.813688278198242,-0.05133594572544098,0.5770502090454102,-6.864171028137207,-0.11768752336502075,1.084068775177002
24.85369300842285,-0.05144789442420006,0.5747957229614258,-6.820735454559326,-0.037563011050224304,1.065514087677002
24.893701553344727,-0.05119820684194565,0.5719223022460938,-6.781184673309326,-0.11790863424539566,0.925048291683197
24.933712005615234,-0.05060357227921486,0.5645804405212402,-6.743364334106445,-0.20179584622383118,0.9943453073501587
24.97372055053711,-0.049827080219984055,0.5585823059082031,-6.700424671173096,-0.0819641500711441,1.0760384798049927
25.01372718811035,-0.04951782524585724,0.5559020042419434,-6.6597700119018555,-0.07161234319210052,0.9459066390991211
25.053712844848633,-0.04962506890296936,0.5522112846374512,-6.623199939727783,-0.10067519545555115,0.926366925239563
25.093721389770508,-0.050437502562999725,0.5485391616821289,-6.583033561706543,-0.08330224454402924,1.060542345046997
25.13375473022461,-0.05199235677719116,0.5463099479675293,-6.540417671203613,-0.05290675535798073,1.0564579963684082
25.17375946044922,-0.05383971706032753,0.5438895225524902,-6.501870155334473,-0.0811176747083664,0.934575617313385
25.21377182006836,-0.054795339703559875,0.5403289794921875,-6.463054656982422,-0.08156902343034744,1.0190681219100952
25.253755569458008,-0.05512407794594765,0.5374269485473633,-6.421297550201416,-0.052285708487033844,1.0333515405654907
25.293764114379883,-0.054335080087184906,0.5352363586425781,-6.381381511688232,-0.041221778839826584,0.9387580752372742
25.333776473999023,-0.053459834307432175,0.534327507019043,-6.345283031463623,0.0012288651196286082,0.9009889960289001
25.373783111572266,-0.05276034399867058,0.5364422798156738,-6.307964324951172,0.0815482810139656,0.9692929983139038
25.413789749145508,-0.05227794125676155,0.5396852493286133,-6.269691467285156,0.0637832060456276,0.9294888973236084
25.453800201416016,-0.052091728895902634,0.5407676696777344,-6.2328782081604,-0.0019967767875641584,0.8856130838394165
25.49380874633789,-0.05215070769190788,0.540041446685791,-6.199065685272217,-0.031206166371703148,0.8354256749153137
25.533836364746094,-0.052269041538238525,0.5399179458618164,-6.164387226104736,0.04914359003305435,0.9207889437675476
25.573820114135742,-0.052036989480257034,0.544680118560791,-6.125524044036865,0.12444257736206055,0.9511236548423767
25.61383056640625,-0.05178949981927872,0.5472230911254883,-6.087489604949951,0.013182288035750389,0.9537254571914673
25.65386390686035,-0.05142038315534592,0.5446419715881348,-6.050870418548584,-0.11201948672533035,0.9071565270423889
25.69384765625,-0.05120086669921875,0.5416355133056641,-6.011812210083008,-0.04697784408926964,1.0262819528579712
25.733856201171875,-0.050928983837366104,0.5414853096008301,-5.969682216644287,0.024568000808358192,1.0499342679977417
25.773862838745117,-0.050821587443351746,0.5412054061889648,-5.928718090057373,-0.03603905811905861,0.9815241694450378
25.813871383666992,-0.05066404864192009,0.5356669425964355,-5.890981674194336,-0.1921166032552719,0.968467116355896
25.853904724121094,-0.050838906317949295,0.5295372009277344,-5.847322940826416,-0.06139995530247688,1.192370057106018
25.89388656616211,-0.051616210490465164,0.5274262428283691,-5.801712512969971,-0.07262785732746124,1.110634207725525
25.933923721313477,-0.0523429811000824,0.5224065780639648,-5.759634494781494,-0.16620373725891113,1.064513921737671
25.973909378051758,-0.05252267047762871,0.5161962509155273,-5.711669921875,-0.1328824907541275,1.2833552360534668
26.013916015625,-0.05206521600484848,0.5120320320129395,-5.663115501403809,-0.10380415618419647,1.1444423198699951
26.0539493560791,-0.05149678513407707,0.5060558319091797,-5.6208672523498535,-0.1866655945777893,1.0535171031951904
26.093963623046875,-0.051103852689266205,0.49894094467163086,-5.573100566864014,-0.1472335010766983,1.2676985263824463
26.133949279785156,-0.051133472472429276,0.49354982376098633,-5.524436950683594,-0.10959477722644806,1.1687707901000977
26.173961639404297,-0.051264990121126175,0.4879331588745117,-5.478713035583496,-0.14850524067878723,1.1795859336853027
26.21397590637207,-0.05089322850108147,0.4819917678833008,-5.426572799682617,-0.1574869304895401,1.3119540214538574
26.254013061523438,-0.050301261246204376,0.4750652313232422,-5.377143383026123,-0.19411106407642365,1.1540313959121704
26.29399299621582,-0.04983261972665787,0.46753358840942383,-5.32819938659668,-0.16447384655475616,1.3222630023956299
26.334026336669922,-0.04977492615580559,0.46216392517089844,-5.275062084197998,-0.14286060631275177,1.293164849281311
26.37401008605957,-0.049425654113292694,0.45561695098876953,-5.227680206298828,-0.1673886775970459,1.176408290863037
26.414043426513672,-0.04796496778726578,0.4507179260253906,-5.176283359527588,-0.07237712293863297,1.3563728332519531
26.454029083251953,-0.04630233347415924,0.44681310653686523,-5.124461650848389,-0.13671031594276428,1.2202705144882202
26.494043350219727,-0.044567205011844635,0.43959522247314453,-5.076090335845947,-0.16677699983119965,1.2716038227081299
26.53407859802246,-0.04362579435110092,0.43599700927734375,-5.020900249481201,-0.04756087064743042,1.3627853393554688
26.574092864990234,-0.043780773878097534,0.4325990676879883,-4.970003604888916,-0.1347956657409668,1.195820927619934
26.61410140991211,-0.04471901059150696,0.4262547492980957,-4.917852878570557,-0.1311192512512207,1.436078429222107
26.654111862182617,-0.04553285613656044,0.4228963851928711,-4.8603434562683105,-0.06861503422260284,1.3939909934997559
26.694091796875,-0.04517563804984093,0.41694068908691406,-4.809943199157715,-0.1894092708826065,1.2672994136810303
26.734100341796875,-0.04390261694788933,0.4106864929199219,-4.752255439758301,-0.11106552928686142,1.456223964691162
26.77411460876465,-0.04195725545287132,0.40699338912963867,-4.698286533355713,-0.10617264360189438,1.2390190362930298
26.81412124633789,-0.04001935198903084,0.4024820327758789,-4.645854949951172,-0.11198056489229202,1.4051800966262817
26.854156494140625,-0.037988342344760895,0.39914703369140625,-4.5889573097229,-0.060156937688589096,1.3920053243637085
26.894163131713867,-0.03644721955060959,0.3960437774658203,-4.538790702819824,-0.10312023758888245,1.2361013889312744
26.93414306640625,-0.03554539009928703,0.39214468002319336,-4.484206676483154,-0.07995867729187012,1.44956374168396
26.974151611328125,-0.035393450409173965,0.3889951705932617,-4.428160190582275,-0.07210881263017654,1.3256014585494995
27.01416015625,-0.035904619842767715,0.3858985900878906,-4.374427318572998,-0.07109205424785614,1.4181265830993652
27.0541934967041,-0.03691220283508301,0.3833274841308594,-4.3146867752075195,-0.09165289252996445,1.469492793083191
27.09417724609375,-0.03804996609687805,0.3781604766845703,-4.260873317718506,-0.15406547486782074,1.3100358247756958
27.134185791015625,-0.03928807005286217,0.3739137649536133,-4.202789783477783,-0.05558169260621071,1.534630298614502
27.174190521240234,-0.04057607799768448,0.371762752532959,-4.1447319984436035,-0.08414159715175629,1.3425872325897217
27.214221954345703,-0.041495662182569504,0.3670954704284668,-4.089382648468018,-0.09811903536319733,1.484427809715271
27.25423240661621,-0.04199793189764023,0.3650474548339844,-4.028405666351318,-0.028729533776640892,1.4963183403015137
27.294214248657227,-0.04178902134299278,0.36210203170776367,-3.9747252464294434,-0.1341790109872818,1.299835205078125
27.334218978881836,-0.040916334837675095,0.3589048385620117,-3.9165453910827637,-0.026554211974143982,1.4964885711669922
27.374225616455078,-0.040053803473711014,0.35971498489379883,-3.8599905967712402,0.03099890984594822,1.3275707960128784
27.414255142211914,-0.039584945887327194,0.35903501510620117,-3.8083834648132324,-0.04288264736533165,1.31754732131958
27.45429801940918,-0.03987012058496475,0.35854244232177734,-3.750974178314209,0.023693004623055458,1.439871072769165
27.494239807128906,-0.041326768696308136,0.3604545593261719,-3.697512149810791,0.03327026963233948,1.2554093599319458
27.534250259399414,-0.04363086819648743,0.36095428466796875,-3.645468235015869,0.007756475359201431,1.3660134077072144
27.574283599853516,-0.04620686545968056,0.3631401062011719,-3.5888679027557373,0.0826583206653595,1.3947553634643555
27.614295959472656,-0.04794119670987129,0.36695003509521484,-3.53810977935791,0.08909058570861816,1.1982526779174805
27.654306411743164,-0.048715755343437195,0.37105655670166016,-3.4886069297790527,0.11189331859350204,1.2790054082870483
27.694316864013672,-0.04880155995488167,0.37581443786621094,-3.4354748725891113,0.11098756641149521,1.3122848272323608
27.734296798706055,-0.04767997935414314,0.3801078796386719,-3.3854076862335205,0.1008346751332283,1.1680474281311035
27.774303436279297,-0.045926567167043686,0.38453149795532227,-3.33843994140625,0.1266617476940155,1.189819097518921
27.814311981201172,-0.044237781316041946,0.39133787155151367,-3.2876274585723877,0.19656549394130707,1.280443787574768
27.854324340820312,-0.042681097984313965,0.3990750312805176,-3.2372803688049316,0.1330903172492981,1.201159954071045
27.894330978393555,-0.04178139567375183,0.4036540985107422,-3.1913557052612305,0.10645471513271332,1.1469981670379639
27.93433952331543,-0.04089722782373428,0.40937185287475586,-3.143183946609497,0.15844443440437317,1.2587231397628784
27.97437286376953,-0.04012353718280792,0.41564178466796875,-3.0920510292053223,0.12609057128429413,1.2582415342330933
28.014379501342773,-0.03932472690939903,0.4186530113220215,-3.043517827987671,0.0258199330419302,1.1598485708236694
28.054391860961914,-0.038755472749471664,0.41787052154541016,-2.9956562519073486,-0.012472430244088173,1.2534288167953491
28.094398498535156,-0.03867395967245102,0.4203643798828125,-2.942882537841797,0.10886596888303757,1.308764934539795
28.13437843322754,-0.03934437036514282,0.424008846282959,-2.8930089473724365,0.0374271497130394,1.158478021621704
28.17438507080078,-0.04024185612797737,0.42327117919921875,-2.845174551010132,-0.03199407830834389,1.2482028007507324
28.21439552307129,-0.04153880849480629,0.4236440658569336,-2.7905969619750977,0.045771513134241104,1.3627806901931763
28.254404067993164,-0.04273568093776703,0.4252195358276367,-2.739652633666992,0.021944137290120125,1.1910336017608643
28.29441261291504,-0.043544258922338486,0.4224882125854492,-2.691894292831421,-0.09743025153875351,1.2609089612960815
28.33441925048828,-0.04424270987510681,0.4204139709472656,-2.6365222930908203,-0.01065763458609581,1.3926289081573486
28.374431610107422,-0.04469170421361923,0.42040014266967773,-2.584242820739746,-0.029366325587034225,1.2545790672302246
28.41446876525879,-0.04436250403523445,0.4168891906738281,-2.5313680171966553,-0.10995712131261826,1.4299547672271729
28.45447540283203,-0.04350454732775688,0.41344451904296875,-2.472806215286255,-0.09360505640506744,1.4054902791976929
28.494455337524414,-0.042029231786727905,0.40866899490356445,-2.4212918281555176,-0.14298348128795624,1.299519658088684
28.53449058532715,-0.04082430899143219,0.40369701385498047,-2.362957239151001,-0.12052357941865921,1.477318286895752
28.57451629638672,-0.040540117770433426,0.39855146408081055,-2.307438611984253,-0.14375115931034088,1.3116116523742676
28.614479064941406,-0.04131510853767395,0.39348793029785156,-2.2503340244293213,-0.1154385656118393,1.556221842765808
28.654483795166016,-0.042621418833732605,0.3887958526611328,-2.1898977756500244,-0.14785850048065186,1.417701244354248
28.69449234008789,-0.04383409768342972,0.3805227279663086,-2.1363863945007324,-0.17053256928920746,1.4374001026153564
28.734498977661133,-0.04428722336888313,0.37618541717529297,-2.0740792751312256,-0.10195964574813843,1.5328876972198486
28.774511337280273,-0.044043343514204025,0.36989641189575195,-2.018721580505371,-0.17726676166057587,1.3776041269302368
28.81451988220215,-0.04314640164375305,0.3650369644165039,-1.9562954902648926,-0.0926184132695198,1.5974916219711304
28.85455322265625,-0.04185650497674942,0.3600754737854004,-1.8966560363769531,-0.19321885704994202,1.3704769611358643
28.894535064697266,-0.040345512330532074,0.35192251205444336,-1.8354682922363281,-0.17360173165798187,1.6619384288787842
28.93454360961914,-0.03883438557386398,0.34720468521118164,-1.773655652999878,-0.12567655742168427,1.3992435932159424
28.974552154541016,-0.038037002086639404,0.33980369567871094,-1.716569423675537,-0.16266122460365295,1.5936038494110107
29.014585494995117,-0.0383777990937233,0.3359251022338867,-1.6513949632644653,-0.08461533486843109,1.545758843421936
29.0545654296875,-0.03896636888384819,0.3308887481689453,-1.593963623046875,-0.15310069918632507,1.466033697128296
29.09457778930664,-0.039343178272247314,0.32578086853027344,-1.5296827554702759,-0.09625643491744995,1.6089482307434082
29.134586334228516,-0.03912743180990219,0.322664737701416,-1.471247911453247,-0.09513447433710098,1.4071595668792725
29.174623489379883,-0.038175273686647415,0.3194618225097656,-1.4089391231536865,-0.08227858692407608,1.6079312562942505
29.21460723876953,-0.036771900951862335,0.31617307662963867,-1.3477107286453247,-0.09106635302305222,1.4265447854995728
29.254613876342773,-0.03502248227596283,0.3124504089355469,-1.287683367729187,-0.08410745859146118,1.6173303127288818
29.294647216796875,-0.03370561823248863,0.30924129486083984,-1.2246017456054688,-0.09811612218618393,1.4905129671096802
29.33463478088379,-0.03333469480276108,0.3052544593811035,-1.1662945747375488,-0.0747634693980217,1.5352661609649658
29.37464141845703,-0.03426474705338478,0.3032670021057129,-1.1007628440856934,-0.049459781497716904,1.629869818687439
29.414676666259766,-0.035746682435274124,0.29894161224365234,-1.0403075218200684,-0.13924604654312134,1.5100200176239014
29.45465850830078,-0.03749800845980644,0.2955751419067383,-0.9745609760284424,-0.03677283972501755,1.638056755065918
29.494665145874023,-0.038857925683259964,0.2935166358947754,-0.9153860807418823,-0.09728090465068817,1.365586280822754
29.53467559814453,-0.03966095671057701,0.289853572845459,-0.8555448055267334,-0.049759089946746826,1.644899606704712
29.57470703125,-0.0401737354695797,0.2898421287536621,-0.7924532890319824,0.0223111342638731,1.4916831254959106
29.61469268798828,-0.04027364030480385,0.28822803497314453,-0.7349730730056763,-0.07050114125013351,1.493179202079773
29.654701232910156,-0.03993448242545128,0.2869410514831543,-0.6704127788543701,0.0009483422618359327,1.6002287864685059
29.694732666015625,-0.03943309560418129,0.28687620162963867,-0.6124739646911621,-0.028433017432689667,1.4050288200378418
29.7347412109375,-0.03911269083619118,0.28465700149536133,-0.5508831739425659,-0.05955957993865013,1.6303205490112305
29.77475357055664,-0.039202358573675156,0.28374719619750977,-0.48729389905929565,-0.016702674329280853,1.487559199333191
29.81473159790039,-0.03971223533153534,0.2819948196411133,-0.42598527669906616,-0.06271490454673767,1.6391808986663818
29.8547420501709,-0.04032766819000244,0.27921104431152344,-0.36050093173980713,-0.06787575036287308,1.5685971975326538
29.894752502441406,-0.04071924090385437,0.2764410972595215,-0.3011206388473511,-0.06496049463748932,1.5129451751708984
29.934782028198242,-0.04121556878089905,0.27457284927368164,-0.2357993721961975,-0.03703093156218529,1.6272377967834473
29.97476577758789,-0.04204738140106201,0.2722482681274414,-0.17668679356575012,-0.07569146901369095,1.4151405096054077
30.0147705078125,-0.043121617287397385,0.2709054946899414,-0.11448922753334045,0.015043117105960846,1.6203234195709229
30.054805755615234,-0.044280461966991425,0.2719283103942871,-0.05166974663734436,0.0012710143346339464,1.4753025770187378
30.09478759765625,-0.04511929303407669,0.2706785202026367,0.009326547384262085,-0.02624013088643551,1.626595139503479
30.134796142578125,-0.04569825902581215,0.2707958221435547,0.07403281331062317,0.0018133244011551142,1.5568774938583374
30.174802780151367,-0.045670926570892334,0.26859521865844727,0.13110020756721497,-0.08840396255254745,1.435225009918213
30.214832305908203,-0.04517480731010437,0.2680387496948242,0.1947552114725113,0.052164338529109955,1.6138935089111328
30.25481605529785,-0.04422817379236221,0.2706942558288574,0.25476720929145813,0.03929857164621353,1.4065766334533691
30.294822692871094,-0.04268394410610199,0.27129173278808594,0.3145308196544647,0.01082745660096407,1.6035488843917847
30.334856033325195,-0.0408211387693882,0.2734231948852539,0.3775181770324707,0.06588446348905563,1.5087724924087524
30.374835968017578,-0.03876752033829689,0.2752671241760254,0.4330514371395111,0.019160877913236618,1.3812271356582642
30.41484260559082,-0.03776322677731514,0.27614784240722656,0.49420082569122314,0.03766138106584549,1.570361614227295
30.454872131347656,-0.03891879692673683,0.27895641326904297,0.5550429821014404,0.05976761505007744,1.4160412549972534
30.494884490966797,-0.04118427261710167,0.28029823303222656,0.6134597063064575,0.024242976680397987,1.5492465496063232
30.53486442565918,-0.04366549476981163,0.2804679870605469,0.6778229475021362,-0.012369032017886639,1.5963287353515625
30.574871063232422,-0.04576347768306732,0.2792396545410156,0.7364378571510315,-0.04600446671247482,1.449515461921692
30.61488151550293,-0.0468570739030838,0.27817821502685547,0.7997556924819946,-0.001736008794978261,1.614333152770996
30.654916763305664,-0.046621326357126236,0.27736997604370117,0.8606062531471252,-0.041554827243089676,1.4347344636917114
30.69492530822754,-0.04494920000433922,0.27620983123779297,0.9220696687698364,0.009626762010157108,1.6627830266952515
30.734928131103516,-0.04299959912896156,0.2768363952636719,0.9863684177398682,-0.004838546738028526,1.5207170248031616
30.774911880493164,-0.04178256541490555,0.27456092834472656,1.044942855834961,-0.06469722092151642,1.5118488073349
30.814924240112305,-0.0413428470492363,0.2744102478027344,1.1092313528060913,0.03930561617016792,1.597314476966858
30.85495376586914,-0.041564106941223145,0.2751035690307617,1.167712688446045,-0.029111530631780624,1.410577654838562
30.894933700561523,-0.041875578463077545,0.2739443778991699,1.2297582626342773,0.003907547332346439,1.6587538719177246
30.934940338134766,-0.04207395762205124,0.27546167373657227,1.2931201457977295,0.042782969772815704,1.4968007802963257
30.974973678588867,-0.04210445284843445,0.2747058868408203,1.3535078763961792,-0.07168397307395935,1.5834460258483887
31.014955520629883,-0.04238234460353851,0.27306556701660156,1.4202975034713745,-0.00297436211258173,1.6539688110351562
31.054962158203125,-0.04231159761548042,0.2725214958190918,1.4802438020706177,-0.03134546056389809,1.4863927364349365
31.094968795776367,-0.04180362448096275,0.27092790603637695,1.5450128316879272,-0.035576075315475464,1.6275265216827393
31.134977340698242,-0.04075946658849716,0.27069950103759766,1.605220913887024,-0.0004757518763653934,1.4186969995498657
31.174985885620117,-0.038970574736595154,0.27073097229003906,1.664526343345642,0.015141434036195278,1.5903899669647217
31.215015411376953,-0.03652751073241234,0.2723088264465332,1.7273375988006592,0.048606328666210175,1.5127739906311035
31.25499725341797,-0.03346370905637741,0.27452564239501953,1.7849395275115967,0.05566304549574852,1.4496533870697021
31.295005798339844,-0.03071344457566738,0.27819061279296875,1.8480103015899658,0.07529819756746292,1.5601484775543213
31.335041046142578,-0.030042927712202072,0.2795114517211914,1.906459927558899,0.0023075630888342857,1.3703981637954712
31.375049591064453,-0.03205515816807747,0.28009605407714844,1.9641733169555664,0.05349124222993851,1.5563169717788696
31.41503143310547,-0.03574661910533905,0.2841300964355469,2.0269598960876465,0.09732963144779205,1.5389723777770996
31.45504379272461,-0.039272382855415344,0.2858548164367676,2.0836563110351562,0.01404925249516964,1.4141634702682495
31.495054244995117,-0.04242190346121788,0.2878141403198242,2.14544677734375,0.0819501131772995,1.597000002861023
31.535085678100586,-0.04489795118570328,0.29108142852783203,2.206268310546875,0.0356769785284996,1.403469443321228
31.5750675201416,-0.046203166246414185,0.2900733947753906,2.263401985168457,-0.03774978965520859,1.5086846351623535
31.615074157714844,-0.04623941332101822,0.2915329933166504,2.3272035121917725,0.08476894348859787,1.5719155073165894
31.655107498168945,-0.044981665909290314,0.2939143180847168,2.3844544887542725,0.018648378551006317,1.386917233467102
31.695117950439453,-0.04269532859325409,0.2941126823425293,2.445197105407715,0.015544791705906391,1.6055984497070312
31.735097885131836,-0.040132343769073486,0.29630613327026367,2.5076472759246826,0.042214520275592804,1.4476544857025146
31.775102615356445,-0.038158830255270004,0.2963552474975586,2.5650768280029297,-0.033759962767362595,1.4806571006774902
31.815147399902344,-0.03773633763194084,0.29502201080322266,2.628584384918213,-0.012517185881733894,1.587855339050293
31.85514259338379,-0.03959387540817261,0.29511308670043945,2.6866071224212646,0.0056846910156309605,1.4110151529312134
31.895156860351562,-0.04214384779334068,0.2958083152770996,2.7483439445495605,0.017128339037299156,1.618980050086975
31.935136795043945,-0.0444820411503315,0.29610633850097656,2.810342788696289,0.006000908091664314,1.4524518251419067
31.975143432617188,-0.04595762491226196,0.29580068588256836,2.8678910732269287,-0.011275390163064003,1.4944994449615479
32.01517868041992,-0.04655805975198746,0.29689598083496094,2.9312024116516113,0.03790106624364853,1.5661673545837402
32.05516052246094,-0.04608876258134842,0.2974863052368164,2.9890174865722656,-0.0014049686724320054,1.4160585403442383
32.09519577026367,-0.044898245483636856,0.2985568046569824,3.0500030517578125,0.059141382575035095,1.6075005531311035
32.13517379760742,-0.04295479506254196,0.3010373115539551,3.1118714809417725,0.012923682108521461,1.4348338842391968
32.17517852783203,-0.04130454361438751,0.29927492141723633,3.1696765422821045,-0.04859258607029915,1.519675374031067
32.21519470214844,-0.04005540534853935,0.29970264434814453,3.234339714050293,0.04831857234239578,1.609786868095398
32.25520706176758,-0.03986938297748566,0.29997825622558594,3.292888641357422,-0.05213165655732155,1.424100399017334
32.29523849487305,-0.0409359373152256,0.2980527877807617,3.3561155796051025,-0.01635967567563057,1.6573116779327393
32.33522033691406,-0.04268039017915726,0.2982468605041504,3.417710781097412,-0.0009975439170375466,1.4194726943969727
32.37522888183594,-0.04411397501826286,0.295443058013916,3.475996494293213,-0.0885845348238945,1.5842281579971313
32.415260314941406,-0.04478166252374649,0.29412126541137695,3.5414628982543945,0.006676642689853907,1.5979593992233276
32.45526885986328,-0.044221702963113785,0.29325151443481445,3.6011853218078613,-0.0535593181848526,1.5031182765960693
32.49525451660156,-0.04241786152124405,0.29099369049072266,3.669065237045288,-0.061806414276361465,1.7153807878494263
32.53526306152344,-0.040464356541633606,0.28821754455566406,3.7312614917755127,-0.10928206145763397,1.4785199165344238
32.57527160644531,-0.03876275196671486,0.2843003273010254,3.7973921298980713,-0.106100894510746,1.6918630599975586
32.61530303955078,-0.03756457939743996,0.2806272506713867,3.861435890197754,-0.11048050224781036,1.4955307245254517
32.655311584472656,-0.037056587636470795,0.277071475982666,3.9277901649475098,-0.08165808767080307,1.7748130559921265
32.69529724121094,-0.0369955338537693,0.2727198600769043,3.9936959743499756,-0.13959535956382751,1.5080064535140991
32.73529815673828,-0.03731600195169449,0.2680344581604004,4.05805778503418,-0.08868595212697983,1.7557183504104614
32.77531051635742,-0.037414129823446274,0.2653474807739258,4.125154495239258,-0.10073011368513107,1.5359528064727783
32.815345764160156,-0.036910317838191986,0.26096630096435547,4.188742160797119,-0.09093631058931351,1.7293964624404907
32.8553466796875,-0.03629448264837265,0.25882530212402344,4.258824348449707,-0.05286338925361633,1.6692266464233398
32.895355224609375,-0.03533555567264557,0.2538304328918457,4.322241306304932,-0.14743241667747498,1.6677477359771729
32.93533706665039,-0.03480920195579529,0.2505307197570801,4.3927764892578125,-0.05250375717878342,1.6959481239318848
32.975341796875,-0.034856103360652924,0.24753570556640625,4.45438814163208,-0.11680836230516434,1.5365386009216309
33.015342712402344,-0.034849490970373154,0.24435853958129883,4.523416042327881,-0.03199522942304611,1.7483036518096924
33.05535888671875,-0.0348980613052845,0.2432842254638672,4.586463451385498,-0.061275381594896317,1.521833062171936
33.09536361694336,-0.03464266657829285,0.24088764190673828,4.653395652770996,-0.04849252104759216,1.6981157064437866
33.135398864746094,-0.0341610424220562,0.2403702735900879,4.716915607452393,-0.0035509655717760324,1.4989382028579712
33.1754035949707,-0.03358028084039688,0.24025917053222656,4.780854225158691,0.003437584964558482,1.708675742149353
33.215389251708984,-0.03309064731001854,0.2402019500732422,4.846590518951416,-0.00032678863499313593,1.5398163795471191
33.25539779663086,-0.03263181820511818,0.23979568481445312,4.9074296951293945,-0.0130380904302001,1.5895055532455444
33.29541015625,-0.032480787485837936,0.23995685577392578,4.973791599273682,0.006367601919919252,1.6475409269332886
33.33544921875,-0.032553449273109436,0.23937463760375977,5.0338616371154785,-0.017028821632266045,1.48404061794281
33.37542724609375,-0.03273702412843704,0.2407054901123047,5.099044322967529,0.07015928626060486,1.6690953969955444
33.41543197631836,-0.0328400693833828,0.2424335479736328,5.16198205947876,0.008287021890282631,1.4967986345291138
33.455440521240234,-0.03269001841545105,0.24183082580566406,5.224589824676514,0.012981599196791649,1.669838547706604
33.49546813964844,-0.0325280986726284,0.2444896697998047,5.2885661125183105,0.08052515983581543,1.5191067457199097
33.53547668457031,-0.03249558433890343,0.24605464935302734,5.345096588134766,0.007282448932528496,1.4143683910369873
33.57545471191406,-0.03297429159283638,0.24870014190673828,5.408736228942871,0.11736393719911575,1.625725507736206
33.61546325683594,-0.0342884361743927,0.25316715240478516,5.469271183013916,0.06262793391942978,1.394412875175476
33.65549850463867,-0.03623112663626671,0.2539644241333008,5.528036117553711,0.017739970237016678,1.5916125774383545
33.69551086425781,-0.03895311802625656,0.25652313232421875,5.5921759605407715,0.09195799380540848,1.5666149854660034
33.73548889160156,-0.04183492437005043,0.25915002822875977,5.648899555206299,0.03028043359518051,1.3931670188903809
33.77549743652344,-0.04423040896654129,0.25978565216064453,5.710546970367432,0.012148648500442505,1.5992975234985352
33.81553649902344,-0.045712608844041824,0.2618074417114258,5.773166656494141,0.05739317461848259,1.4722211360931396
33.85554122924805,-0.0457921028137207,0.26267528533935547,5.8333024978637695,0.0017675834242254496,1.5950692892074585
33.89552307128906,-0.04458681866526604,0.26244068145751953,5.899167060852051,-0.021609434857964516,1.6084587574005127
33.935585021972656,-0.042712319642305374,0.26120853424072266,5.9586591720581055,-0.04017394036054611,1.4875056743621826
33.97554397583008,-0.04053502902388573,0.2606220245361328,6.0244832038879395,-0.01804751344025135,1.6456515789031982
34.01555252075195,-0.038554251194000244,0.2585268020629883,6.085502624511719,-0.09152091294527054,1.4355705976486206
34.055564880371094,-0.037603698670864105,0.25609874725341797,6.149005889892578,-0.04237641766667366,1.6848411560058594
34.09560012817383,-0.037833355367183685,0.2548794746398926,6.215275764465332,-0.07282199710607529,1.548403024673462
34.13557815551758,-0.03940963000059128,0.2507486343383789,6.28139066696167,-0.07883141934871674,1.8145349025726318
34.17558670043945,-0.04095063358545303,0.24737167358398438,6.3502726554870605,-0.12628145515918732,1.5655890703201294
34.21562576293945,-0.04206305742263794,0.24025964736938477,6.415035724639893,-0.1697576940059662,1.7808024883270264
34.2556266784668,-0.04295266792178154,0.23602008819580078,6.4865546226501465,-0.10199665278196335,1.6639189720153809
34.29561233520508,-0.04320581257343292,0.23017215728759766,6.553912162780762,-0.16412100195884705,1.8250927925109863
34.33562088012695,-0.04280455410480499,0.22542667388916016,6.626261234283447,-0.11241880804300308,1.6402153968811035
34.37562561035156,-0.04168694093823433,0.21935796737670898,6.691426753997803,-0.17850154638290405,1.7641663551330566
34.4156608581543,-0.03986456245183945,0.21372032165527344,6.764028072357178,-0.10370965301990509,1.7297019958496094
34.45566940307617,-0.03862866014242172,0.20933103561401367,6.833281993865967,-0.11442308127880096,1.8726270198822021
34.49565505981445,-0.03815460205078125,0.2047863006591797,6.907305717468262,-0.11388523876667023,1.7101374864578247
34.53569412231445,-0.03807803988456726,0.19985103607177734,6.976576805114746,-0.12586763501167297,1.8612111806869507
34.57567596435547,-0.03800169751048088,0.19501018524169922,7.049046039581299,-0.1371927261352539,1.6695784330368042
34.615692138671875,-0.037498053163290024,0.190185546875,7.118523597717285,-0.10398869961500168,1.887816309928894
34.655696868896484,-0.03655124828219414,0.1875753402709961,7.191060543060303,-0.07376585900783539,1.6623362302780151
34.69570541381836,-0.034895483404397964,0.18436479568481445,7.258964538574219,-0.051253799349069595,1.8297266960144043
34.735721588134766,-0.0336192324757576,0.18392038345336914,7.329352855682373,-0.008649417199194431,1.6519315242767334
34.775726318359375,-0.032505281269550323,0.18207216262817383,7.39396333694458,-0.05808674916625023,1.7093125581741333
34.81573486328125,-0.03165866807103157,0.1822052001953125,7.465749740600586,0.04363390430808067,1.7560780048370361
34.855743408203125,-0.031192660331726074,0.18328285217285156,7.530787467956543,-0.005207977257668972,1.6350510120391846
34.895755767822266,-0.031030455604195595,0.1827549934387207,7.602715969085693,0.015162947587668896,1.8112540245056152
34.935760498046875,-0.031718429177999496,0.1835474967956543,7.669397830963135,2.00622744159773e-05,1.6359525918960571
34.975799560546875,-0.032713472843170166,0.18254995346069336,7.740383625030518,-0.010598581284284592,1.8178046941757202
35.01578140258789,-0.03313542157411575,0.18294715881347656,7.806987762451172,0.011724638752639294,1.5804294347763062
35.05586242675781,-0.03277462348341942,0.18320560455322266,7.87459135055542,0.010071179829537868,1.7789475917816162
35.095794677734375,-0.03170780465006828,0.1839737892150879,7.942591190338135,0.022114701569080353,1.5884886980056763
35.13580322265625,-0.030387746170163155,0.18562984466552734,8.008752822875977,0.06623411178588867,1.776121973991394
35.17581558227539,-0.029240259900689125,0.18848609924316406,8.076916694641113,0.05442063510417938,1.606958270072937
35.2158203125,-0.028174202889204025,0.1902179718017578,8.137365341186523,0.04463251307606697,1.5220766067504883
35.255828857421875,-0.028593983501195908,0.19514989852905273,8.204519271850586,0.1413106620311737,1.6702005863189697
35.29583740234375,-0.029871253296732903,0.1995697021484375,8.266103744506836,0.08173883706331253,1.477858543395996
35.33584976196289,-0.03156444802880287,0.20414018630981445,8.329078674316406,0.15797294676303864,1.6809550523757935
35.3758544921875,-0.03339583799242973,0.21182823181152344,8.393674850463867,0.19130150973796844,1.549553632736206
35.415870666503906,-0.034650109708309174,0.21683454513549805,8.450895309448242,0.07988883554935455,1.4254792928695679
35.45587921142578,-0.03555958718061447,0.2215595245361328,8.513875961303711,0.1608288735151291,1.623647689819336
35.495887756347656,-0.0363701693713665,0.2286667823791504,8.575416564941406,0.16864153742790222,1.4474213123321533
35.53589630126953,-0.037031736224889755,0.2332749366760254,8.633049011230469,0.08077064156532288,1.4905941486358643
35.575904846191406,-0.038040146231651306,0.23778200149536133,8.69856071472168,0.13321423530578613,1.643515944480896
35.61591339111328,-0.03905297443270683,0.2422008514404297,8.759245872497559,0.0678391084074974,1.4461203813552856
35.65592575073242,-0.039867471903562546,0.2434396743774414,8.82142448425293,0.015150035731494427,1.6580389738082886
35.69593048095703,-0.03985178843140602,0.24499940872192383,8.886632919311523,0.0507907010614872,1.5427294969558716
35.73593521118164,-0.039030205458402634,0.2464919090270996,8.946786880493164,0.03124331124126911,1.5605902671813965
35.77596664428711,-0.03724886104464531,0.2475452423095703,9.014371871948242,0.01801506243646145,1.6882338523864746
35.81597137451172,-0.03540276363492012,0.24808645248413086,9.076021194458008,-0.005024336278438568,1.4854440689086914
35.855960845947266,-0.03399950638413429,0.24799013137817383,9.140483856201172,0.023501116782426834,1.6786243915557861
35.895992279052734,-0.03438207134604454,0.24839305877685547,9.204252243041992,-0.011697565205395222,1.4920270442962646
35.935997009277344,-0.03716367855668068,0.24819707870483398,9.266950607299805,0.018703678622841835,1.6945533752441406
35.976009368896484,-0.04019135609269142,0.24951553344726562,9.33405590057373,0.02259751409292221,1.6036386489868164
36.01601028442383,-0.04183562099933624,0.24773454666137695,9.39449691772461,-0.057901110500097275,1.5573656558990479
36.056026458740234,-0.04163945093750954,0.24754619598388672,9.462031364440918,0.043880198150873184,1.6932544708251953
36.096031188964844,-0.039618704468011856,0.24842548370361328,9.523892402648926,-0.02783225290477276,1.4918456077575684
36.13603591918945,-0.03635761886835098,0.2481060028076172,9.590774536132812,0.030282597988843918,1.7550568580627441
36.176029205322266,-0.03336840122938156,0.24927091598510742,9.654850006103516,-0.0099581154063344,1.455137014389038
36.2160530090332,-0.0315888412296772,0.24733972549438477,9.716333389282227,-0.046952471137046814,1.691485047340393
36.25603103637695,-0.03168537840247154,0.2472095489501953,9.783524513244629,0.04014880210161209,1.6133195161819458
36.296043395996094,-0.03359536826610565,0.2473459243774414,9.844901084899902,-0.01710560917854309,1.5796055793762207
36.33605194091797,-0.03605670854449272,0.24662351608276367,9.914321899414062,-0.012417247518897057,1.7350537776947021
36.376060485839844,-0.03823981061577797,0.24555206298828125,9.976365089416504,-0.052021466195583344,1.5038141012191772
36.41606521606445,-0.03934783861041069,0.2430400848388672,10.042757034301758,-0.046355169266462326,1.7094964981079102
36.45607376098633,-0.038833193480968475,0.24187374114990234,10.106712341308594,-0.02389252558350563,1.5185660123825073
36.49607849121094,-0.03706714138388634,0.24136686325073242,10.171567916870117,0.008844264782965183,1.7319304943084717
36.53608703613281,-0.03515458106994629,0.24165821075439453,10.23699951171875,-0.014838537201285362,1.503733515739441
36.57609176635742,-0.03386588767170906,0.24032020568847656,10.297104835510254,-0.016159530729055405,1.5954803228378296
36.61610412597656,-0.03420392796397209,0.2418355941772461,10.363286972045898,0.0589410774409771,1.6237950325012207
36.65611267089844,-0.03578000143170357,0.24262237548828125,10.422843933105469,-0.0013977313647046685,1.478420615196228
36.69611740112305,-0.03819432109594345,0.24444866180419922,10.488564491271973,0.07330654561519623,1.6721142530441284
36.736114501953125,-0.03998748958110809,0.24642419815063477,10.551677703857422,-0.00231529981829226,1.4701160192489624
36.776123046875,-0.04095165431499481,0.24459552764892578,10.614108085632324,-0.03860976919531822,1.685321569442749
36.816131591796875,-0.0410090908408165,0.24582624435424805,10.679597854614258,0.05620405077934265,1.5470726490020752
36.856143951416016,-0.039973028004169464,0.24683761596679688,10.73814582824707,-0.005060240626335144,1.485198974609375
36.896148681640625,-0.038844019174575806,0.2474212646484375,10.803695678710938,0.06026245281100273,1.6515611410140991
36.9361572265625,-0.03844187781214714,0.2503175735473633,10.86476993560791,0.05723297595977783,1.4564299583435059
36.97618865966797,-0.03931865468621254,0.2510833740234375,10.926955223083496,0.011125665158033371,1.6508978605270386
37.016197204589844,-0.040834471583366394,0.2524433135986328,10.989715576171875,0.05566297471523285,1.4719265699386597
37.05620574951172,-0.04236593842506409,0.25451183319091797,11.047361373901367,0.054735392332077026,1.477349042892456
37.09621047973633,-0.04333801567554474,0.256866455078125,11.110871315002441,0.05349576100707054,1.590536117553711
37.13621520996094,-0.043455805629491806,0.2587156295776367,11.170053482055664,0.031254809349775314,1.414853572845459
37.176231384277344,-0.043005917221307755,0.260251522064209,11.229515075683594,0.06062234193086624,1.587438702583313
37.21622848510742,-0.04209345951676369,0.26298999786376953,11.291790962219238,0.04783322289586067,1.4913041591644287
37.2562370300293,-0.0411677360534668,0.26415538787841797,11.348382949829102,0.034425392746925354,1.4308875799179077
37.29621887207031,-0.04123677685856819,0.267545223236084,11.410993576049805,0.09629292041063309,1.564413070678711
37.33622741699219,-0.042112577706575394,0.2697615623474121,11.470829010009766,0.006442598532885313,1.4105809926986694
37.37623977661133,-0.04374973848462105,0.2694358825683594,11.53065299987793,0.029604651033878326,1.6074726581573486
37.4162483215332,-0.04558367654681206,0.2727198600769043,11.593006134033203,0.09605208784341812,1.499167561531067
37.45624923706055,-0.04742640256881714,0.2747659683227539,11.647315979003906,0.014923257753252983,1.3405883312225342
37.49626159667969,-0.04893575236201286,0.2762584686279297,11.70563793182373,0.09081082046031952,1.5420300960540771
37.53626251220703,-0.05056089162826538,0.28266429901123047,11.765823364257812,0.1367935985326767,1.4010224342346191
37.57630157470703,-0.05185791477560997,0.2855362892150879,11.819574356079102,0.027109971269965172,1.3547669649124146
37.61627960205078,-0.05327137932181358,0.2877817153930664,11.879481315612793,0.09117414057254791,1.509976863861084
37.65629577636719,-0.054386258125305176,0.29216814041137695,11.93638801574707,0.07989289611577988,1.3052315711975098
37.6963005065918,-0.05511826276779175,0.29408884048461914,11.990062713623047,0.028920290991663933,1.3980556726455688
37.73630905151367,-0.05516311898827553,0.29573488235473633,12.050552368164062,0.058758657425642014,1.5285075902938843
37.77631378173828,-0.054325301200151443,0.29841041564941406,12.107336044311523,0.047675710171461105,1.3652012348175049
37.816322326660156,-0.05277778580784798,0.29934120178222656,12.165108680725098,0.015247628092765808,1.5370348691940308
37.85633087158203,-0.05105505511164665,0.29998302459716797,12.225323677062988,0.015463385730981827,1.4562088251113892
37.896339416503906,-0.04902423545718193,0.30040550231933594,12.279603004455566,0.01876785047352314,1.3620235919952393
37.93634796142578,-0.04678480327129364,0.30205583572387695,12.338724136352539,0.04955406114459038,1.489655613899231
37.97636032104492,-0.04402964189648628,0.30290937423706055,12.39509391784668,-0.0016745112370699644,1.312290906906128
38.016361236572266,-0.041282445192337036,0.3030552864074707,12.448385238647461,0.027375906705856323,1.3925305604934692
38.056392669677734,-0.03868049010634422,0.30661773681640625,12.507391929626465,0.10198693722486496,1.4692798852920532
38.09640121459961,-0.037197817116975784,0.3090634346008301,12.562826156616211,-0.0011680109892040491,1.3271565437316895
38.13641357421875,-0.037238940596580505,0.3091278076171875,12.619246482849121,0.02911977469921112,1.5140632390975952
38.1763916015625,-0.038404740393161774,0.31137561798095703,12.678322792053223,0.05398723483085632,1.4377886056900024
38.21640396118164,-0.040013786405324936,0.31113672256469727,12.730779647827148,-0.05826433748006821,1.2916580438613892
38.25640869140625,-0.04168887063860893,0.31029510498046875,12.787940979003906,0.04629308357834816,1.5015711784362793
38.29645919799805,-0.04328005388379097,0.31368207931518555,12.845365524291992,0.07783006131649017,1.3485054969787598
38.336456298828125,-0.0445215180516243,0.31536006927490234,12.899138450622559,0.014437784440815449,1.3652136325836182
38.37646484375,-0.045714810490608215,0.31572723388671875,12.958850860595703,0.028143543750047684,1.493542194366455
38.41644287109375,-0.04641415551304817,0.3169441223144531,13.014404296875,0.009639676660299301,1.2920715808868408
38.45645523071289,-0.0467950776219368,0.3158283233642578,13.068464279174805,-0.035449787974357605,1.4578320980072021
38.49646759033203,-0.04667175933718681,0.3157825469970703,13.128752708435059,0.03024897910654545,1.50363028049469
38.536476135253906,-0.045901380479335785,0.31694889068603516,13.184045791625977,0.013201336376369,1.362491250038147
38.57648849487305,-0.04436429217457771,0.31684017181396484,13.243409156799316,-0.020092451944947243,1.5420682430267334
38.61650085449219,-0.04198034107685089,0.3151378631591797,13.303053855895996,-0.058131903409957886,1.3936047554016113
38.65650939941406,-0.03895002231001854,0.31208181381225586,13.359415054321289,-0.052397795021533966,1.5075178146362305
38.6965217590332,-0.036509640514850616,0.3107166290283203,13.421758651733398,-0.048296231776475906,1.5272423028945923
38.73652648925781,-0.03483161702752113,0.30817699432373047,13.47778034210205,-0.059066105633974075,1.3947607278823853
38.77653884887695,-0.034078121185302734,0.3073587417602539,13.538422584533691,0.012265237979590893,1.553826093673706
38.81654357910156,-0.03450918570160866,0.3072171211242676,13.597118377685547,-0.058398738503456116,1.33950674533844
38.85657501220703,-0.03553595021367073,0.30447816848754883,13.653635025024414,-0.04562491923570633,1.5149427652359009
38.89658737182617,-0.036138687282800674,0.3043327331542969,13.714255332946777,0.029919611290097237,1.5000121593475342
38.93657684326172,-0.036141153424978256,0.3045783042907715,13.769790649414062,-0.039851099252700806,1.3656421899795532
38.976585388183594,-0.03497033193707466,0.30281925201416016,13.830007553100586,0.0021789721213281155,1.5946433544158936
39.016597747802734,-0.033305756747722626,0.3031587600708008,13.890717506408691,-0.009151909500360489,1.4173663854599
39.056602478027344,-0.03241175413131714,0.2998371124267578,13.94912052154541,-0.10561065375804901,1.5762158632278442
39.09663772583008,-0.0329410545527935,0.29769229888916016,14.014225006103516,-0.023675570264458656,1.579610824584961
39.13664245605469,-0.0346255898475647,0.2957925796508789,14.07220458984375,-0.06553719192743301,1.4521620273590088
39.176631927490234,-0.035858090966939926,0.2930316925048828,14.136358261108398,-0.056396882981061935,1.6213369369506836
39.21664047241211,-0.03581085801124573,0.2906789779663086,14.195670127868652,-0.07853230834007263,1.401018738746643
39.25664520263672,-0.03452778235077858,0.2879829406738281,14.25649642944336,-0.04805678874254227,1.6205013990402222
39.29665756225586,-0.03307033330202103,0.2863912582397461,14.319002151489258,-0.028583690524101257,1.4714514017105103
39.33666229248047,-0.031684763729572296,0.2848186492919922,14.377758026123047,-0.03153599053621292,1.543984055519104
39.376670837402344,-0.029912104830145836,0.2843284606933594,14.441874504089355,-0.021422432735562325,1.5786508321762085
39.416717529296875,-0.028562912717461586,0.2820711135864258,14.4988431930542,-0.06456907093524933,1.4093420505523682
39.456695556640625,-0.02814587764441967,0.28118896484375,14.560639381408691,0.019180987030267715,1.5956227779388428
39.4967041015625,-0.02924797497689724,0.2824077606201172,14.621431350708008,0.012999975122511387,1.4340698719024658
39.536712646484375,-0.031946681439876556,0.28170061111450195,14.681196212768555,0.008099833503365517,1.6207929849624634
39.576751708984375,-0.034475475549697876,0.2831435203552246,14.745712280273438,0.025804463773965836,1.5518112182617188
39.61676025390625,-0.036563556641340256,0.2815389633178711,14.80263900756836,-0.07855840027332306,1.4281878471374512
39.656742095947266,-0.03779885917901993,0.2800931930541992,14.865872383117676,0.02100859023630619,1.6045360565185547
39.696781158447266,-0.03763896971940994,0.28186559677124023,14.925647735595703,0.03459620103240013,1.4099067449569702
39.736759185791016,-0.03641996532678604,0.28125429153442383,14.984886169433594,-0.03392137587070465,1.5995484590530396
39.77676773071289,-0.03424755111336708,0.2812681198120117,15.04909896850586,0.03116210363805294,1.5644121170043945
39.81678009033203,-0.03142831102013588,0.28078413009643555,15.107278823852539,-0.039881691336631775,1.4738768339157104
39.85678482055664,-0.02971034310758114,0.2795238494873047,15.171984672546387,-0.007811664137989283,1.6331595182418823
39.896793365478516,-0.029650121927261353,0.27977991104125977,15.232210159301758,-0.004457876551896334,1.4388662576675415
39.93679428100586,-0.03092217817902565,0.27930402755737305,15.294466018676758,0.00259657995775342,1.6770143508911133
39.976806640625,-0.03232650086283684,0.27906322479248047,15.358586311340332,-0.013047351501882076,1.4968611001968384
40.016815185546875,-0.03268366679549217,0.2779083251953125,15.417136192321777,-0.03615051135420799,1.5171133279800415
40.056819915771484,-0.03185237571597099,0.27791500091552734,15.481241226196289,0.022392120212316513,1.5936386585235596
40.09685134887695,-0.03021417185664177,0.2783980369567871,15.539163589477539,0.004145540297031403,1.413585901260376
40.13685989379883,-0.029161004349589348,0.28037405014038086,15.600671768188477,0.08303231745958328,1.6030522584915161
40.176841735839844,-0.0284469872713089,0.2829751968383789,15.661396980285645,0.03439163416624069,1.4283933639526367
40.21687698364258,-0.02790994383394718,0.28253936767578125,15.718676567077637,-0.02330152690410614,1.4841036796569824
40.25685501098633,-0.02724568173289299,0.28482484817504883,15.781770706176758,0.09709087759256363,1.5588818788528442
40.29686737060547,-0.026565490290522575,0.28766393661499023,15.83888053894043,0.034558236598968506,1.3903741836547852
40.336875915527344,-0.025732940062880516,0.28813743591308594,15.898285865783691,0.02772045135498047,1.5889759063720703
40.37688446044922,-0.02501211315393448,0.2917814254760742,15.95980167388916,0.08637752383947372,1.4413338899612427
40.41692352294922,-0.024649545550346375,0.2932472229003906,16.01348304748535,-0.00449270149692893,1.3421341180801392
40.45692825317383,-0.02464425377547741,0.29386043548583984,16.07373046875,0.06773053109645844,1.558696985244751
40.49694061279297,-0.024356231093406677,0.2976560592651367,16.132923126220703,0.0775454193353653,1.374808669090271
40.536949157714844,-0.024002589285373688,0.2993350028991699,16.189956665039062,0.01792299747467041,1.510542631149292
40.57695770263672,-0.023412039503455162,0.2996344566345215,16.25290298461914,0.006189409643411636,1.5604476928710938
40.616966247558594,-0.02273605763912201,0.29973602294921875,16.309371948242188,-0.021105188876390457,1.374738335609436
40.65694808959961,-0.021855633705854416,0.2989926338195801,16.3692626953125,0.00046948008821345866,1.5717849731445312
40.696956634521484,-0.02121414802968502,0.2991456985473633,16.42906951904297,0.009209667332470417,1.3997334241867065
40.736968994140625,-0.02078225277364254,0.2992234230041504,16.485698699951172,0.014948454685509205,1.5011056661605835
40.776973724365234,-0.020868971943855286,0.3002910614013672,16.548870086669922,0.01877904310822487,1.5614937543869019
40.816978454589844,-0.021359896287322044,0.29891395568847656,16.60528564453125,-0.06303040683269501,1.3726472854614258
40.857017517089844,-0.022069193422794342,0.2975578308105469,16.665000915527344,0.004355235490947962,1.5675402879714966
40.89699935913086,-0.022528426721692085,0.29886674880981445,16.725116729736328,0.01294595468789339,1.411519169807434
40.93700408935547,-0.02273162268102169,0.297487735748291,16.78139877319336,-0.026233315467834473,1.498153805732727
40.9770393371582,-0.022724073380231857,0.29840803146362305,16.844776153564453,0.04317109286785126,1.5817227363586426
41.01701736450195,-0.022579533979296684,0.2978034019470215,16.902109146118164,-0.09531548619270325,1.3738837242126465
41.0570182800293,-0.02264445088803768,0.29523277282714844,16.963672637939453,-0.0259761530905962,1.612242579460144
41.09702682495117,-0.02296253852546215,0.29606103897094727,17.023672103881836,0.02652464248239994,1.3894585371017456
41.13703155517578,-0.02367306314408779,0.2954540252685547,17.07958984375,-0.03585582971572876,1.4691832065582275
41.177059173583984,-0.024452148005366325,0.29530811309814453,17.141963958740234,0.03732205182313919,1.554567575454712
41.21706771850586,-0.025090321898460388,0.29729557037353516,17.199188232421875,0.011706287041306496,1.3799809217453003
41.257076263427734,-0.02496490813791752,0.29659414291381836,17.258384704589844,-0.011875496245920658,1.5703296661376953
41.297054290771484,-0.02396901696920395,0.2975883483886719,17.318124771118164,0.03810923919081688,1.3954638242721558
41.33706283569336,-0.022300241515040398,0.2989482879638672,17.37273597717285,0.038049548864364624,1.3945757150650024
41.377071380615234,-0.02054346352815628,0.3006935119628906,17.432958602905273,0.037099286913871765,1.5085525512695312
41.41707992553711,-0.01925472728908062,0.3016643524169922,17.489458084106445,0.013792408630251884,1.3322478532791138
41.45708465576172,-0.018601931631565094,0.3020510673522949,17.54479217529297,0.0226267259567976,1.476890206336975
41.49711608886719,-0.018858302384614944,0.30425167083740234,17.604366302490234,0.05082454904913902,1.4670161008834839
41.537139892578125,-0.020162643864750862,0.30516958236694336,17.658519744873047,0.006804845295846462,1.3350129127502441
41.5771369934082,-0.021424682810902596,0.3070540428161621,17.716106414794922,0.08275725692510605,1.5161405801773071
41.61714553833008,-0.022014014422893524,0.3100900650024414,17.77496337890625,0.03660562261939049,1.4028347730636597
41.65715026855469,-0.0219999048858881,0.30895423889160156,17.829753875732422,-0.047377169132232666,1.3985154628753662
41.6971549987793,-0.02098824456334114,0.3093881607055664,17.88949203491211,0.06883113086223602,1.4799485206604004
41.737159729003906,-0.019166242331266403,0.3120384216308594,17.94391441345215,0.02994356118142605,1.254951000213623
41.77714157104492,-0.01714048907160759,0.31223440170288086,17.99632453918457,0.011747694574296474,1.3907157182693481
41.81714630126953,-0.01657530479133129,0.3165626525878906,18.055774688720703,0.12924708425998688,1.46256422996521
41.85715866088867,-0.018759552389383316,0.31980419158935547,18.109222412109375,0.014982063323259354,1.257858395576477
41.89716720581055,-0.022788750007748604,0.31934690475463867,18.164188385009766,-7.810333045199513e-05,1.49468994140625
41.93717956542969,-0.026732534170150757,0.32161664962768555,18.223461151123047,0.0709095150232315,1.4270952939987183
41.97719192504883,-0.02885839343070984,0.32335472106933594,18.27631187438965,0.009805245324969292,1.3041763305664062
42.01720428466797,-0.028219817206263542,0.3227996826171875,18.33303451538086,-0.012344603426754475,1.498793601989746
42.057212829589844,-0.025145983323454857,0.3230934143066406,18.391704559326172,0.010504713281989098,1.3891409635543823
42.09722137451172,-0.02158881537616253,0.32173633575439453,18.445899963378906,-0.047738224267959595,1.4137451648712158
42.13723373413086,-0.02016526460647583,0.3200845718383789,18.50678253173828,-0.04087897762656212,1.5223008394241333
42.177268981933594,-0.020863091573119164,0.31821250915527344,18.563230514526367,-0.052730727940797806,1.3635860681533813
42.217281341552734,-0.023573406040668488,0.3168606758117676,18.6219425201416,-0.0197992455214262,1.5617578029632568
42.257286071777344,-0.026339787989854813,0.31535816192626953,18.68166732788086,-0.06987162679433823,1.398606300354004
42.297271728515625,-0.027937354519963264,0.3118581771850586,18.736495971679688,-0.07002116739749908,1.435317873954773
42.33727264404297,-0.02794862911105156,0.3107175827026367,18.798744201660156,0.003232101444154978,1.5840132236480713
42.377281188964844,-0.02599187381565571,0.3082137107849121,18.856761932373047,-0.09305141121149063,1.4332537651062012
42.41731262207031,-0.023638486862182617,0.30556583404541016,18.91968536376953,-0.04702720418572426,1.6222233772277832
42.45729446411133,-0.022399691864848137,0.3027667999267578,18.980188369750977,-0.11792787164449692,1.3859646320343018
42.49730682373047,-0.022917505353689194,0.29685401916503906,19.039169311523438,-0.12006808817386627,1.617565631866455
42.53733825683594,-0.024828657507896423,0.2948799133300781,19.103437423706055,-0.031231993809342384,1.5331764221191406
42.57732009887695,-0.027053162455558777,0.29192447662353516,19.162071228027344,-0.10967933386564255,1.5066492557525635
42.61735534667969,-0.028685159981250763,0.2886991500854492,19.227760314941406,-0.05628742277622223,1.6219063997268677
42.65738296508789,-0.0287005715072155,0.28625011444091797,19.285362243652344,-0.0868612676858902,1.3865922689437866
42.69734573364258,-0.027166984975337982,0.2828102111816406,19.347070693969727,-0.05799005925655365,1.6406275033950806
42.73735046386719,-0.025339724496006966,0.28174591064453125,19.409210205078125,-0.017445510253310204,1.453721046447754
42.77736282348633,-0.024808481335639954,0.28023242950439453,19.46978759765625,-0.04372936859726906,1.6212996244430542
42.8173713684082,-0.025967532768845558,0.27792835235595703,19.534912109375,-0.0654640719294548,1.5679861307144165
42.85737991333008,-0.028032736852765083,0.2748699188232422,19.594106674194336,-0.08632397651672363,1.5112497806549072
42.89741516113281,-0.029996247962117195,0.27239465713500977,19.659832000732422,-0.06014752388000488,1.6396524906158447
42.93740463256836,-0.030812134966254234,0.26898860931396484,19.719757080078125,-0.0767972320318222,1.4885510206222534
42.97743606567383,-0.030141223222017288,0.26721620559692383,19.78499412536621,-0.022834548726677895,1.6667221784591675
43.01742172241211,-0.029040096327662468,0.2652416229248047,19.84756088256836,-0.1029604822397232,1.4502720832824707
43.05742263793945,-0.02801644429564476,0.26186323165893555,19.910869598388672,-0.05596465989947319,1.690950632095337
43.09746170043945,-0.02739075757563114,0.2611532211303711,19.975067138671875,-0.01571434922516346,1.5094753503799438
43.13743591308594,-0.02692818082869053,0.25823497772216797,20.035140991210938,-0.08798275887966156,1.5984634160995483
43.17747116088867,-0.026686636731028557,0.2565312385559082,20.10305404663086,-0.010714489966630936,1.6808127164840698
43.21745681762695,-0.026434095576405525,0.2544517517089844,20.16507339477539,-0.109375,1.5454782247543335
43.257469177246094,-0.026412205770611763,0.2501096725463867,20.23419952392578,-0.0638515055179596,1.7810624837875366
43.29747772216797,-0.026299310848116875,0.2467937469482422,20.298147201538086,-0.11152702569961548,1.557236671447754
43.33747863769531,-0.025889189913868904,0.2421407699584961,20.367130279541016,-0.09963510185480118,1.7577543258666992
43.37751770019531,-0.02506718784570694,0.23897266387939453,20.43201446533203,-0.09888653457164764,1.5321946144104004
43.41752624511719,-0.023590361699461937,0.23493194580078125,20.49932289123535,-0.08717641979455948,1.7695205211639404
43.4575080871582,-0.02169174514710903,0.23196887969970703,20.566364288330078,-0.07051171362400055,1.580094814300537
43.49751663208008,-0.01993107795715332,0.2294178009033203,20.633987426757812,-0.06146010383963585,1.7784574031829834
43.53752899169922,-0.01929280534386635,0.22591114044189453,20.700275421142578,-0.10619939118623734,1.5257031917572021
43.57756423950195,-0.02057056687772274,0.22263431549072266,20.765296936035156,-0.04645644873380661,1.7711008787155151
43.61756896972656,-0.02314518392086029,0.22168540954589844,20.83392333984375,-0.05156933143734932,1.589298129081726
43.6576042175293,-0.02646723948419094,0.21900510787963867,20.898942947387695,-0.0481187179684639,1.7526860237121582
43.69755172729492,-0.02933613210916519,0.21906375885009766,20.97003173828125,0.011012493632733822,1.6944639682769775
43.73756408691406,-0.030824506655335426,0.21715879440307617,21.033296585083008,-0.08607400953769684,1.6127125024795532
43.77757263183594,-0.030737239867448807,0.21532344818115234,21.103588104248047,-0.01178077794611454,1.742601752281189
43.817604064941406,-0.028738413006067276,0.21415996551513672,21.166996002197266,-0.06275264918804169,1.557844638824463
43.85761260986328,-0.026592588052153587,0.2125239372253418,21.2371883392334,-0.004636260215193033,1.785433053970337
43.89759063720703,-0.025773702189326286,0.21301698684692383,21.30331802368164,-0.007358944043517113,1.5862261056900024
43.937599182128906,-0.02691183239221573,0.2116718292236328,21.371793746948242,-0.03595186397433281,1.7882417440414429
43.97761154174805,-0.028926212340593338,0.21111536026000977,21.438514709472656,-0.007725695613771677,1.5625996589660645
44.01762008666992,-0.030127739533782005,0.21063852310180664,21.504777908325195,-0.008030242286622524,1.7895023822784424
44.0576286315918,-0.029639417305588722,0.21040964126586914,21.573286056518555,0.006588790565729141,1.6001644134521484
44.09763717651367,-0.0278828926384449,0.21040916442871094,21.63603401184082,0.006730401422828436,1.6419955492019653
44.13764953613281,-0.026518726721405983,0.21222686767578125,21.704395294189453,0.04601497948169708,1.6724544763565063
44.17765808105469,-0.026586711406707764,0.21324396133422852,21.765649795532227,0.02363765425980091,1.519139289855957
44.21767044067383,-0.02825690619647503,0.21629047393798828,21.832740783691406,0.10264133661985397,1.6969290971755981
44.25768280029297,-0.030115652829408646,0.21917390823364258,21.896257400512695,0.03706405311822891,1.5001335144042969
44.29768371582031,-0.03114418126642704,0.22026634216308594,21.95961570739746,0.06817104667425156,1.7159957885742188
44.33769226074219,-0.030399158596992493,0.2244853973388672,22.025480270385742,0.11010398715734482,1.5622172355651855
44.377723693847656,-0.028302300721406937,0.22684526443481445,22.08473014831543,0.0349574014544487,1.506209373474121
44.41770553588867,-0.025739537551999092,0.23037099838256836,22.150850296020508,0.1184607520699501,1.6433595418930054
44.45771026611328,-0.02322356589138508,0.23459196090698242,22.210588455200195,0.07352399826049805,1.3892014026641846
44.49771499633789,-0.021190287545323372,0.23656654357910156,22.269439697265625,0.05213148519396782,1.588209867477417
44.53772735595703,-0.020088806748390198,0.24100542068481445,22.334020614624023,0.1457161158323288,1.583073377609253
44.57773208618164,-0.01985299400985241,0.24595355987548828,22.392166137695312,0.09299904108047485,1.4349384307861328
44.617767333984375,-0.02006465755403042,0.24913549423217773,22.455167770385742,0.07155461609363556,1.6291934251785278
44.65774917602539,-0.019899988546967506,0.25254344940185547,22.517364501953125,0.06746295094490051,1.4324043989181519
44.697750091552734,-0.019276289269328117,0.25463247299194336,22.574857711791992,0.048905499279499054,1.4947277307510376
44.737754821777344,-0.018063312396407127,0.25704050064086914,22.638269424438477,0.05578691139817238,1.5758278369903564
44.77780532836914,-0.015973662957549095,0.25911474227905273,22.696203231811523,0.05004851892590523,1.4168516397476196
44.81779861450195,-0.013495080173015594,0.2618236541748047,22.757844924926758,0.07453984767198563,1.63007652759552
44.85780715942383,-0.01118732150644064,0.26407766342163086,22.82051658630371,0.029580283910036087,1.4706904888153076
44.897789001464844,-0.009790932759642601,0.26369285583496094,22.877866744995117,-0.013415711931884289,1.4828029870986938
44.93779754638672,-0.00962899625301361,0.26492834091186523,22.94198989868164,0.04807028919458389,1.6030546426773071
44.97780227661133,-0.010306297801434994,0.2654705047607422,23.001079559326172,-0.019433945417404175,1.4389888048171997
45.01781463623047,-0.011241653002798557,0.2654705047607422,23.06397247314453,0.038286395370960236,1.6596044301986694
45.05781936645508,-0.011645959690213203,0.2672238349914551,23.127635955810547,0.024581613019108772,1.4818769693374634
45.09783172607422,-0.011340496130287647,0.26493120193481445,23.1875,-0.07017678022384644,1.604464054107666
45.13785934448242,-0.010197421535849571,0.2640190124511719,23.2534122467041,0.0099036181345582,1.606654405593872
45.17787170410156,-0.008455902338027954,0.26301097869873047,23.31157684326172,-0.06431817263364792,1.4357779026031494
45.2178840637207,-0.006792312487959862,0.26108598709106445,23.37654685974121,-0.015535573475062847,1.6598799228668213
45.25789260864258,-0.006220993120223284,0.2614588737487793,23.43879508972168,-0.000910928996745497,1.4819434881210327
45.297874450683594,-0.008311228826642036,0.2599458694458008,23.502246856689453,-0.0498393215239048,1.7032508850097656
45.33788299560547,-0.011557432822883129,0.25893497467041016,23.56723403930664,-0.02161514200270176,1.5070809125900269
45.377891540527344,-0.014314979314804077,0.25747156143188477,23.62846565246582,-0.048055920749902725,1.6155154705047607
45.417903900146484,-0.015995962545275688,0.2553873062133789,23.69631576538086,-0.05600130185484886,1.6616724729537964
45.45791244506836,-0.016482355073094368,0.2526054382324219,23.757644653320312,-0.07962697744369507,1.543849229812622
45.497928619384766,-0.015659630298614502,0.2499713897705078,23.825698852539062,-0.0699554830789566,1.7082412242889404
45.53793716430664,-0.013518466614186764,0.24586820602416992,23.88795280456543,-0.099086694419384,1.5451444387435913
45.577945709228516,-0.011185893788933754,0.24332666397094727,23.956865310668945,-0.048966847360134125,1.7723548412322998
45.61794662475586,-0.009982038289308548,0.23936700820922852,24.022966384887695,-0.1384616643190384,1.6087082624435425
45.657958984375,-0.011057334020733833,0.2349414825439453,24.093196868896484,-0.07888615876436234,1.788455605506897
45.69799041748047,-0.013911907561123371,0.2309556007385254,24.158306121826172,-0.14163875579833984,1.513932704925537
45.73800277709961,-0.01701280288398266,0.22581148147583008,24.22591781616211,-0.08334657549858093,1.81646728515625
45.77801513671875,-0.01930580660700798,0.22408246994018555,24.294189453125,-0.05988592654466629,1.5778452157974243
45.818023681640625,-0.020727084949612617,0.2195448875427246,24.361665725708008,-0.0964784324169159,1.8465051651000977
45.8580322265625,-0.02106371521949768,0.2167806625366211,24.430477142333984,-0.08274569362401962,1.563092827796936
45.89802551269531,-0.02063300646841526,0.2123103141784668,24.496856689453125,-0.11979461461305618,1.8171985149383545
45.938053131103516,-0.02028743363916874,0.20899248123168945,24.56852912902832,-0.07052572071552277,1.6633501052856445
45.978031158447266,-0.020717600360512733,0.20513057708740234,24.63751983642578,-0.1102755069732666,1.8638707399368286
46.01803970336914,-0.021739106625318527,0.2008075714111328,24.710004806518555,-0.12219773232936859,1.6665741205215454
46.05805206298828,-0.023053444921970367,0.1959085464477539,24.779563903808594,-0.12044745683670044,1.884854793548584
46.098060607910156,-0.023885970935225487,0.19050121307373047,24.850357055664062,-0.1294262707233429,1.6309908628463745
46.13806915283203,-0.024192558601498604,0.18613243103027344,24.91825294494629,-0.0848681628704071,1.851294994354248
46.17808151245117,-0.024160847067832947,0.18308544158935547,24.990581512451172,-0.10640038549900055,1.6820086240768433
46.21808624267578,-0.023753898218274117,0.17917966842651367,25.06172752380371,-0.07770480215549469,1.928852915763855
46.258094787597656,-0.02326863259077072,0.17656326293945312,25.134252548217773,-0.0839652493596077,1.6579786539077759
46.298099517822266,-0.02246014028787613,0.1719498634338379,25.202903747558594,-0.10412862151861191,1.8675246238708496
46.338104248046875,-0.02155097760260105,0.17005157470703125,25.275121688842773,-0.033872492611408234,1.6796379089355469
46.37811279296875,-0.020733874291181564,0.16718816757202148,25.344127655029297,-0.061349958181381226,1.8832221031188965
46.418121337890625,-0.021139947697520256,0.16606855392456055,25.416400909423828,-0.0028894226998090744,1.6678649187088013
46.458126068115234,-0.02293776348233223,0.16508769989013672,25.48104476928711,-0.04097503423690796,1.7067108154296875
46.498130798339844,-0.025482339784502983,0.16466617584228516,25.553009033203125,0.012765697203576565,1.7667890787124634
46.53814697265625,-0.02856600657105446,0.1646270751953125,25.61897850036621,-0.007958129979670048,1.7002456188201904
46.578155517578125,-0.03150530532002449,0.16426372528076172,25.69281005859375,-0.01412532851099968,1.838834285736084
46.618160247802734,-0.0339043065905571,0.16390419006347656,25.759836196899414,-0.017922909930348396,1.6534910202026367
46.65819549560547,-0.035163383930921555,0.16312360763549805,25.832304000854492,-0.017313441261649132,1.838317632675171
46.69820022583008,-0.034488145262002945,0.1615138053894043,25.899789810180664,-0.050517596304416656,1.657781720161438
46.73817825317383,-0.03287951275706291,0.16096925735473633,25.973108291625977,0.013775902800261974,1.8665801286697388
46.77819061279297,-0.031056921929121017,0.16043806076049805,26.04181671142578,-0.048498187214136124,1.6522014141082764
46.81819534301758,-0.030607497319579124,0.1590890884399414,26.11327362060547,0.00013923828373663127,1.8286982774734497
46.85820388793945,-0.031119095161557198,0.15947818756103516,26.181095123291016,-0.014773953706026077,1.608075499534607
46.898258209228516,-0.032412443310022354,0.1581721305847168,26.250761032104492,-0.013815168291330338,1.852047324180603
46.9382209777832,-0.033898741006851196,0.15894556045532227,26.321060180664062,0.015148497186601162,1.6503981351852417
46.97822952270508,-0.03519931808114052,0.15771484375,26.391027450561523,-0.04129419103264809,1.8908390998840332
47.01823425292969,-0.03563294559717178,0.15739965438842773,26.463638305664062,-0.0012914590770378709,1.689072608947754
47.05826950073242,-0.03514307737350464,0.15538930892944336,26.53448486328125,-0.07650452107191086,1.918139100074768
47.098270416259766,-0.034553464502096176,0.15313243865966797,26.608753204345703,-0.04596494510769844,1.7138177156448364
47.13825225830078,-0.03437737002968788,0.15064144134521484,26.679798126220703,-0.07042723149061203,1.9382617473602295
47.17826461791992,-0.03437140956521034,0.1478252410888672,26.755298614501953,-0.07538964599370956,1.7557759284973145
47.218265533447266,-0.03395911306142807,0.1445937156677246,26.829490661621094,-0.07040431350469589,1.9973993301391602
47.258270263671875,-0.0328373983502388,0.1412968635559082,26.903539657592773,-0.09873781353235245,1.7028571367263794
47.29831314086914,-0.031691018491983414,0.1380014419555664,26.976306915283203,-0.0599634051322937,1.9537365436553955
47.338314056396484,-0.03059312328696251,0.1355266571044922,27.04983139038086,-0.09018097817897797,1.7202019691467285
47.378299713134766,-0.029921261593699455,0.13254737854003906,27.124258041381836,-0.04427289590239525,1.9709303379058838
47.418304443359375,-0.029443582519888878,0.13199424743652344,27.196857452392578,-0.01708231307566166,1.6890090703964233
47.458309173583984,-0.02893942967057228,0.13048028945922852,27.26865577697754,-0.0207225251942873,1.906453013420105
47.49834060668945,-0.028579311445355415,0.13092565536499023,27.340307235717773,0.004878629930317402,1.6733626127243042
47.53834915161133,-0.028929119929671288,0.12972116470336914,27.411521911621094,-0.025754380971193314,1.9418184757232666
47.57832717895508,-0.0308554545044899,0.13060283660888672,27.48575210571289,0.04397723451256752,1.728307843208313
47.61833572387695,-0.034021083265542984,0.13129425048828125,27.557392120361328,0.0012613653670996428,1.9208647012710571
47.658348083496094,-0.037163734436035156,0.131988525390625,27.631507873535156,0.02462679333984852,1.7220600843429565
47.6983528137207,-0.039811089634895325,0.13219976425170898,27.70164680480957,-0.008718910627067089,1.8846625089645386
47.73836135864258,-0.04120676964521408,0.1319265365600586,27.776615142822266,0.0032838978804647923,1.7588483095169067
47.77839279174805,-0.04092001914978027,0.13239717483520508,27.845149993896484,0.0187938641756773,1.8066293001174927
47.81837463378906,-0.0386408232152462,0.13396596908569336,27.918649673461914,0.026201393455266953,1.750720739364624
47.8583869934082,-0.03563868626952171,0.13555574417114258,27.985509872436523,0.05686964839696884,1.7244677543640137
47.89839172363281,-0.03304207697510719,0.13923883438110352,28.058971405029297,0.10590695589780807,1.8145480155944824
47.93839645385742,-0.03197513520717621,0.14201116561889648,28.125171661376953,0.05136876553297043,1.6291073560714722
47.978431701660156,-0.03254322335124016,0.14548492431640625,28.196277618408203,0.11658057570457458,1.7947313785552979
48.018428802490234,-0.03385840356349945,0.14983606338500977,28.263504028320312,0.06380730122327805,1.5819728374481201
48.058448791503906,-0.03520333021879196,0.15199756622314453,28.331993103027344,0.07167156785726547,1.8361480236053467
48.098426818847656,-0.03663147985935211,0.15744924545288086,28.401920318603516,0.12606124579906464,1.594741940498352
48.13846206665039,-0.037309933453798294,0.16090011596679688,28.463756561279297,0.0605672188103199,1.6089226007461548
48.17844772338867,-0.0375669002532959,0.16497039794921875,28.53339385986328,0.13830982148647308,1.745431661605835
48.218482971191406,-0.03700456768274307,0.16985034942626953,28.59707260131836,0.0933031216263771,1.560198426246643
48.258506774902344,-0.03560054674744606,0.17313003540039062,28.665679931640625,0.07936017215251923,1.7783896923065186
48.298500061035156,-0.03332499414682388,0.1770477294921875,28.73265266418457,0.10039326548576355,1.557142734527588
48.33848571777344,-0.030572596937417984,0.18028020858764648,28.797460556030273,0.07260574400424957,1.7373675107955933
48.37849044799805,-0.028447898104786873,0.18300867080688477,28.86691665649414,0.05431501939892769,1.6607493162155151
48.41850280761719,-0.028016362339258194,0.18485403060913086,28.930212020874023,0.0465206503868103,1.6264114379882812
48.45853042602539,-0.029638707637786865,0.1873760223388672,29.0009765625,0.05435449257493019,1.7565200328826904
48.498512268066406,-0.03213432803750038,0.18816614151000977,29.06462287902832,0.001185189699754119,1.5486255884170532
48.53852462768555,-0.03433402255177498,0.18926286697387695,29.13329315185547,0.050707556307315826,1.7636412382125854
48.578529357910156,-0.03544982522726059,0.19058704376220703,29.20014190673828,-0.005910659208893776,1.5649664402008057
48.618534088134766,-0.0350978821516037,0.1900482177734375,29.268146514892578,7.906870450824499e-05,1.8182504177093506
48.658546447753906,-0.03237966075539589,0.19116926193237305,29.338111877441406,-0.0088301757350564,1.599393606185913
48.69858932495117,-0.029156822711229324,0.18953800201416016,29.405277252197266,-0.02944311685860157,1.831851840019226
48.738563537597656,-0.026594603434205055,0.19018793106079102,29.476770401000977,0.020583659410476685,1.6643133163452148
48.77857208251953,-0.02610052563250065,0.18886232376098633,29.541166305541992,-0.06684772670269012,1.6993716955184937
48.81858444213867,-0.027801791206002235,0.18775177001953125,29.61347007751465,0.021909402683377266,1.7782937288284302
48.85858917236328,-0.029736869037151337,0.1882185935974121,29.678688049316406,-0.011644010432064533,1.6391407251358032
48.89862060546875,-0.030504517257213593,0.18741607666015625,29.749467849731445,-0.0017148731276392937,1.7740981578826904
48.938602447509766,-0.029276423156261444,0.1876673698425293,29.814008712768555,0.004312429111450911,1.584652066230774
48.978614807128906,-0.0281880684196949,0.18776369094848633,29.883384704589844,0.007376683410257101,1.775310754776001
49.01866912841797,-0.02823934517800808,0.18848371505737305,29.94997215270996,0.012851313687860966,1.5676205158233643
49.05862808227539,-0.029220901429653168,0.1891031265258789,30.016708374023438,0.026513397693634033,1.7669169902801514
49.098655700683594,-0.02995894104242325,0.189971923828125,30.084394454956055,0.0032314537093043327,1.5709619522094727
49.13871765136719,-0.029943272471427917,0.18966245651245117,30.149303436279297,0.007811347022652626,1.7360414266586304
49.17864227294922,-0.029912879690527916,0.19117450714111328,30.219478607177734,0.04203290864825249,1.6955657005310059
49.218650817871094,-0.03090336173772812,0.19109201431274414,30.28415870666504,-0.020157787948846817,1.6541774272918701
49.25865936279297,-0.03253386914730072,0.19236040115356445,30.354257583618164,0.05505704507231712,1.7185869216918945
49.298667907714844,-0.034286100417375565,0.19290781021118164,30.416044235229492,-0.026314571499824524,1.515289306640625
49.338680267333984,-0.03530096262693405,0.19289875030517578,30.48318862915039,0.06659769266843796,1.766287088394165
49.37871170043945,-0.03510306775569916,0.1964588165283203,30.54873275756836,0.0693218931555748,1.5224483013153076
49.41872024536133,-0.03432415798306465,0.1976466178894043,30.613059997558594,0.013750975951552391,1.722450852394104
49.45869827270508,-0.03383103013038635,0.1999521255493164,30.680572509765625,0.08057713508605957,1.5975066423416138
49.49870681762695,-0.03443080186843872,0.2017669677734375,30.74142074584961,0.014109269715845585,1.5480434894561768
49.53874206542969,-0.03617088869214058,0.20223617553710938,30.809886932373047,0.04610003903508186,1.7593533992767334
49.57872772216797,-0.0371822714805603,0.20403623580932617,30.874042510986328,0.029970433562994003,1.5526480674743652
49.618736267089844,-0.03710096701979637,0.20466995239257812,30.94170379638672,-0.00022967241238802671,1.7221050262451172
49.65874481201172,-0.035797592252492905,0.20452070236206055,31.0073299407959,-0.015220430679619312,1.53801691532135
49.698753356933594,-0.03422161564230919,0.20397377014160156,31.0728759765625,-0.004048553295433521,1.7497215270996094
49.73875045776367,-0.033449940383434296,0.2038888931274414,31.139728546142578,-0.01147380843758583,1.5497380495071411
49.77876281738281,-0.033840011805295944,0.20310163497924805,31.201091766357422,-0.00556513387709856,1.622380018234253
49.81879806518555,-0.03481755033135414,0.20475101470947266,31.269977569580078,0.05177782103419304,1.716828465461731
49.85878372192383,-0.0357510969042778,0.20506715774536133,31.333288192749023,-0.020608752965927124,1.5724704265594482
49.89878845214844,-0.03600442409515381,0.20577526092529297,31.401931762695312,0.042898379266262054,1.7133158445358276
49.93879318237305,-0.03607596457004547,0.20671796798706055,31.46498680114746,-0.02640000730752945,1.493066668510437
49.97880172729492,-0.03581774979829788,0.20516157150268555,31.529451370239258,-0.011524680070579052,1.709816336631775
50.01883316040039,-0.035018082708120346,0.20680904388427734,31.59485626220703,0.05103624612092972,1.5278172492980957
50.05884552001953,-0.0342126190662384,0.20776128768920898,31.657777786254883,-0.0036168606020510197,1.5914621353149414
50.09882354736328,-0.03284554183483124,0.21029376983642578,31.726638793945312,0.1100713312625885,1.657142162322998
50.13885498046875,-0.03170907497406006,0.2139906883239746,31.78601837158203,0.06694052368402481,1.4252240657806396
50.1788330078125,-0.030684418976306915,0.2162027359008789,31.85010528564453,0.07284979522228241,1.6360422372817993
50.218868255615234,-0.030302952975034714,0.22035789489746094,31.91472053527832,0.10202167183160782,1.5026780366897583
50.258846282958984,-0.03098144941031933,0.22380733489990234,31.977401733398438,0.07044903188943863,1.5995076894760132
50.29885482788086,-0.032391346991062164,0.22629404067993164,32.0449333190918,0.05667676031589508,1.6252192258834839
50.338890075683594,-0.03366416320204735,0.22793817520141602,32.10575485229492,0.02901497483253479,1.4830652475357056
50.37887191772461,-0.03384172171354294,0.2296457290649414,32.17204666137695,0.04759526997804642,1.6369318962097168
50.418880462646484,-0.03260771185159683,0.23050498962402344,32.234413146972656,0.002644222928211093,1.466823935508728
50.45888900756836,-0.02995067834854126,0.23160409927368164,32.29914474487305,0.05405208840966225,1.6754891872406006
50.498924255371094,-0.02754397876560688,0.23440980911254883,32.36515426635742,0.052451491355895996,1.5279735326766968
50.53890609741211,-0.027471669018268585,0.23464155197143555,32.426116943359375,0.0011411637533456087,1.5364060401916504
50.578914642333984,-0.02966952882707119,0.23720550537109375,32.49267578125,0.09146501123905182,1.6158512830734253
50.61894226074219,-0.03155733644962311,0.23938560485839844,32.552398681640625,0.013317464850842953,1.4214282035827637
50.6589241027832,-0.03104831837117672,0.24006938934326172,32.6165771484375,0.07150295376777649,1.6605896949768066
50.69895553588867,-0.028935570269823074,0.24427175521850586,32.68075180053711,0.0832606628537178,1.4626235961914062
50.73894500732422,-0.028528962284326553,0.24559593200683594,32.74065399169922,-0.002483842894434929,1.5191917419433594
50.77898025512695,-0.03011021576821804,0.24730348587036133,32.80729675292969,0.07971148937940598,1.6252485513687134
50.81896209716797,-0.030653228983283043,0.25015735626220703,32.86713790893555,0.05327639728784561,1.44305419921875
50.85896682739258,-0.029208052903413773,0.2514610290527344,32.93083190917969,0.030768094584345818,1.5984188318252563
50.89900207519531,-0.027165468782186508,0.2536320686340332,32.992862701416016,0.05991941690444946,1.4357869625091553
50.93898391723633,-0.02618849277496338,0.25511884689331055,33.051761627197266,0.0312768928706646,1.5038386583328247
50.9789924621582,-0.026074707508087158,0.2571258544921875,33.1169548034668,0.060553353279829025,1.5835843086242676
51.01900100708008,-0.02585287019610405,0.2591872215270996,33.176177978515625,0.0500517375767231,1.4320182800292969
51.05900955200195,-0.025454463437199593,0.2617335319519043,33.23968505859375,0.0715133547782898,1.5814900398254395
51.09904479980469,-0.025124594569206238,0.26358652114868164,33.3007698059082,0.02072293497622013,1.399336814880371
51.1390266418457,-0.02515977807343006,0.2641291618347168,33.358280181884766,0.0334319993853569,1.4667596817016602
51.17905807495117,-0.02523583173751831,0.26819705963134766,33.4213981628418,0.13016803562641144,1.546090006828308
51.21903991699219,-0.025198182091116905,0.2713470458984375,33.47858810424805,0.04140161722898483,1.3614140748977661
51.25906753540039,-0.024963688105344772,0.2744922637939453,33.53944396972656,0.1166730746626854,1.5652306079864502
51.2990608215332,-0.024815641343593597,0.2795419692993164,33.60030746459961,0.11065421998500824,1.4323787689208984
51.33906555175781,-0.025392502546310425,0.2816190719604492,33.65534973144531,0.01205680426210165,1.351900339126587
51.37909698486328,-0.026716334745287895,0.284451961517334,33.71678924560547,0.12825869023799896,1.5338728427886963
51.4190788269043,-0.028333649039268494,0.2900848388671875,33.774715423583984,0.11436311155557632,1.3351490497589111
51.459083557128906,-0.029889171943068504,0.2925376892089844,33.82962417602539,0.03025560826063156,1.386541724205017
51.49911117553711,-0.03019925206899643,0.29511451721191406,33.8914794921875,0.09542199969291687,1.5199041366577148
51.539093017578125,-0.02927377261221409,0.29921483993530273,33.94894790649414,0.05640164762735367,1.33222234249115
51.579097747802734,-0.027772491797804832,0.30057334899902344,34.006919860839844,0.030439240857958794,1.4901607036590576
51.61913299560547,-0.026023097336292267,0.3030691146850586,34.06767654418945,0.09111467748880386,1.4578514099121094
51.659114837646484,-0.025180265307426453,0.30609130859375,34.12171173095703,0.0627148225903511,1.3158867359161377
51.69915008544922,-0.025261737406253815,0.3091316223144531,34.18059539794922,0.07437220960855484,1.4797009229660034
51.739131927490234,-0.025837786495685577,0.31238508224487305,34.23924255371094,0.07723197340965271,1.3703513145446777
51.77916717529297,-0.025924643501639366,0.3147926330566406,34.292144775390625,0.0693986639380455,1.3156510591506958
51.819149017333984,-0.025101514533162117,0.3192596435546875,34.35036849975586,0.13355492055416107,1.4250692129135132
51.85915756225586,-0.02395717427134514,0.3244361877441406,34.40596008300781,0.09187952429056168,1.278424859046936
51.899192810058594,-0.023285560309886932,0.3282628059387207,34.458106994628906,0.11551613360643387,1.3134393692016602
51.93916702270508,-0.022656293585896492,0.33434581756591797,34.515018463134766,0.16031424701213837,1.3873776197433472
51.97920227050781,-0.02166016586124897,0.3389606475830078,34.5687255859375,0.06870303303003311,1.2442984580993652
52.019187927246094,-0.02055378258228302,0.3399314880371094,34.619842529296875,0.02271851897239685,1.2832735776901245
52.0591926574707,-0.01900784857571125,0.3442697525024414,34.676639556884766,0.1602182686328888,1.3970187902450562
52.09920120239258,-0.017329061403870583,0.35034847259521484,34.729881286621094,0.11918497085571289,1.2317562103271484
52.13921356201172,-0.015836963430047035,0.35287046432495117,34.7802619934082,0.036304641515016556,1.2525607347488403
52.17921829223633,-0.01514152716845274,0.3566622734069824,34.83659744262695,0.13319317996501923,1.3800519704818726
52.21925735473633,-0.015002614818513393,0.36193132400512695,34.88899230957031,0.10952866077423096,1.210115671157837
52.25924301147461,-0.01547432690858841,0.36409425735473633,34.93672180175781,0.017707208171486855,1.1729365587234497
52.29924392700195,-0.015946844592690468,0.36611461639404297,34.99061965942383,0.10845344513654709,1.3762133121490479
52.33927536010742,-0.015816565603017807,0.3719487190246582,35.04407501220703,0.14357785880565643,1.2420605421066284
52.3792839050293,-0.015358062461018562,0.3754768371582031,35.09330368041992,0.053612444549798965,1.2064164876937866
52.41929244995117,-0.014382382854819298,0.3771095275878906,35.14848327636719,0.02542826160788536,1.3788610696792603
52.45927429199219,-0.013350598514080048,0.3781299591064453,35.202903747558594,0.03531293943524361,1.2782483100891113
52.499351501464844,-0.012630346231162548,0.3778858184814453,35.25267028808594,-0.023180900141596794,1.238158941268921
52.53928756713867,-0.013440819457173347,0.37737369537353516,35.308921813964844,-0.0018684620736166835,1.39368736743927
52.57929992675781,-0.01563209295272827,0.37748003005981445,35.36343002319336,-0.005977993831038475,1.2714120149612427
52.61930847167969,-0.018079224973917007,0.37719058990478516,35.41691970825195,-0.006124753504991531,1.3678168058395386
52.6593132019043,-0.01958211325109005,0.37743473052978516,35.47602462768555,-0.008152092806994915,1.4261741638183594
52.69934844970703,-0.019343189895153046,0.3747982978820801,35.528690338134766,-0.11461982876062393,1.2285051345825195
52.73932647705078,-0.017572658136487007,0.3711400032043457,35.58399963378906,-0.04102427884936333,1.4385638236999512
52.779335021972656,-0.015917977318167686,0.37038135528564453,35.640602111816406,-0.033055275678634644,1.3185584545135498
52.819366455078125,-0.015963539481163025,0.36759138107299805,35.6928825378418,-0.06142060086131096,1.314482569694519
52.859344482421875,-0.01770487241446972,0.3671541213989258,35.7515983581543,0.02518332004547119,1.4477037191390991
52.899375915527344,-0.020408371463418007,0.3669567108154297,35.80621337890625,-0.07063279300928116,1.2348273992538452
52.93935775756836,-0.02200555056333542,0.36287784576416016,35.86084747314453,-0.06965894252061844,1.4344682693481445
52.979393005371094,-0.021574977785348892,0.3628067970275879,35.918968200683594,0.048520561307668686,1.4106205701828003
53.01937484741211,-0.01976918615400791,0.3639054298400879,35.96999740600586,-0.013597190380096436,1.2076523303985596
53.059417724609375,-0.018504975363612175,0.36324214935302734,36.024803161621094,0.013781041838228703,1.417611837387085
53.099395751953125,-0.017857972532510757,0.3658924102783203,36.08051300048828,0.08407416939735413,1.3080344200134277
53.139404296875,-0.016932213678956032,0.36757755279541016,36.12967300415039,0.010716300457715988,1.1941585540771484
53.179412841796875,-0.015208115801215172,0.36794567108154297,36.18227767944336,0.03424327075481415,1.3250797986984253
53.21942138671875,-0.012604201212525368,0.3710923194885254,36.233829498291016,0.11250881850719452,1.231535792350769
53.259456634521484,-0.009593922644853592,0.3757944107055664,36.280147552490234,0.11449644714593887,1.131657600402832
53.299442291259766,-0.006726597435772419,0.38159847259521484,36.329132080078125,0.12810683250427246,1.2271958589553833
53.3394775390625,-0.006212090142071247,0.3860816955566406,36.379234313964844,0.09673534333705902,1.2193291187286377
53.379459381103516,-0.007821640931069851,0.389925479888916,36.42604446411133,0.08403460681438446,1.1001613140106201
53.41946792602539,-0.010578854009509087,0.3937702178955078,36.471771240234375,0.10736075788736343,1.154482364654541
53.45948028564453,-0.013184728100895882,0.39943504333496094,36.52134704589844,0.15319965779781342,1.21112859249115
53.49951171875,-0.014338345266878605,0.40369558334350586,36.568904876708984,0.066216841340065,1.1171904802322388
53.53948974609375,-0.013477833941578865,0.40595245361328125,36.61354446411133,0.06338565796613693,1.1060844659805298
53.579498291015625,-0.010911914519965649,0.410308837890625,36.66201400756836,0.1339213252067566,1.2417488098144531
53.619503021240234,-0.008722086437046528,0.41531991958618164,36.71249008178711,0.06843841820955276,1.1987719535827637
53.65951156616211,-0.008596738800406456,0.41568517684936523,36.75955581665039,-0.040006332099437714,1.1236048936843872
53.699520111083984,-0.009596109390258789,0.41422080993652344,36.80900573730469,0.00592053635045886,1.2809921503067017
53.739524841308594,-0.010678090155124664,0.4173741340637207,36.8607177734375,0.08883777260780334,1.2341872453689575
53.77953338623047,-0.01141052320599556,0.4192171096801758,36.9073486328125,-0.0040342542342841625,1.0894192457199097
53.81954574584961,-0.011929458007216454,0.4175233840942383,36.954811096191406,-0.03137299045920372,1.2337117195129395
53.859554290771484,-0.012009256519377232,0.4181947708129883,37.00862121582031,0.04185881093144417,1.3245631456375122
53.89956283569336,-0.011884627863764763,0.41759634017944336,37.058536529541016,-0.10732871294021606,1.13739013671875
53.939598083496094,-0.012693730182945728,0.4116964340209961,37.112247467041016,-0.13266097009181976,1.4249316453933716
53.979583740234375,-0.014618003740906715,0.4084439277648926,37.170867919921875,-0.07734277844429016,1.3691104650497437
54.019588470458984,-0.017396515235304832,0.40284013748168945,37.223052978515625,-0.18987683951854706,1.2885342836380005
54.05962371826172,-0.020513279363512993,0.3951597213745117,37.284732818603516,-0.18706026673316956,1.5419138669967651
54.099605560302734,-0.02355550415813923,0.38684844970703125,37.34342956542969,-0.2574561834335327,1.3819929361343384
54.1396369934082,-0.026275619864463806,0.3760194778442383,37.409568786621094,-0.2722703516483307,1.661719560623169
54.17961883544922,-0.028574427589774132,0.36306190490722656,37.47058868408203,-0.3037075698375702,1.4750580787658691
54.219627380371094,-0.029855679720640182,0.35110902786254883,37.538944244384766,-0.30278462171554565,1.691697120666504
54.259666442871094,-0.030483320355415344,0.33803844451904297,37.60109329223633,-0.3331299424171448,1.4784140586853027
54.299652099609375,-0.03056257590651512,0.3263230323791504,37.67152404785156,-0.2748752534389496,1.7455724477767944
54.339683532714844,-0.030661409720778465,0.3143491744995117,37.73774719238281,-0.2970871329307556,1.649885892868042
54.379669189453125,-0.030724674463272095,0.30344438552856445,37.81119155883789,-0.2670149803161621,1.7305341958999634
54.41969680786133,-0.031069226562976837,0.29055213928222656,37.87663269042969,-0.3345191776752472,1.6876049041748047
54.45968246459961,-0.031808555126190186,0.279782772064209,37.94900131225586,-0.24258087575435638,1.6717208623886108
54.49972152709961,-0.03312884643673897,0.2676706314086914,38.01667404174805,-0.2582933008670807,1.8152629137039185
54.53969955444336,-0.03475958853960037,0.25926780700683594,38.087501525878906,-0.20670704543590546,1.5785858631134033
54.57973098754883,-0.036243997514247894,0.2499256134033203,38.15416717529297,-0.22953389585018158,1.7570297718048096
54.61972427368164,-0.03712012991309166,0.2430896759033203,38.22499084472656,-0.14257730543613434,1.6387563943862915
54.65972137451172,-0.03754335269331932,0.23716306686401367,38.29513168334961,-0.1512267142534256,1.801239013671875
54.69974899291992,-0.037697840481996536,0.23165369033813477,38.3660774230957,-0.13915885984897614,1.6251258850097656
54.7397346496582,-0.0376305915415287,0.22587203979492188,38.435691833496094,-0.12147676944732666,1.7955355644226074
54.77976608276367,-0.03774188086390495,0.21999454498291016,38.50421142578125,-0.13514962792396545,1.6090188026428223
54.81975173950195,-0.03840984031558037,0.2158370018005371,38.57452392578125,-0.06973367929458618,1.8141794204711914
54.85978698730469,-0.039326753467321396,0.21283769607543945,38.64399337768555,-0.10094720125198364,1.5904691219329834
54.8997688293457,-0.040373437106609344,0.2096881866455078,38.71281433105469,-0.04580773413181305,1.7630256414413452
54.939781188964844,-0.04071663320064545,0.20904064178466797,38.780643463134766,-0.023212170228362083,1.561915636062622
54.97978973388672,-0.039540067315101624,0.2068338394165039,38.845603942871094,-0.03892296925187111,1.6951873302459717
55.019798278808594,-0.037132516503334045,0.2080240249633789,38.915584564208984,0.06199704110622406,1.6519399881362915
55.059810638427734,-0.034337591379880905,0.20929861068725586,38.978092193603516,1.3389886589720845e-05,1.5420907735824585
55.09981918334961,-0.03354152292013168,0.2104806900024414,39.047176361083984,0.0844491645693779,1.7155165672302246
55.139827728271484,-0.03468381240963936,0.21323156356811523,39.10959243774414,0.056642986834049225,1.4934303760528564
55.17986297607422,-0.035988014191389084,0.21541404724121094,39.17523193359375,0.06680207699537277,1.6609179973602295
55.219852447509766,-0.035988885909318924,0.21915960311889648,39.239070892333984,0.11602811515331268,1.485154390335083
55.25986099243164,-0.034538183361291885,0.2233877182006836,39.297672271728516,0.10922529548406601,1.4702194929122925
55.29990005493164,-0.032255854457616806,0.2284846305847168,39.361019134521484,0.1361912488937378,1.5414129495620728
55.33987808227539,-0.029231145977973938,0.235107421875,39.41950988769531,0.16277402639389038,1.3815982341766357
55.37991714477539,-0.03935082629323006,0.26439905166625977,39.47003173828125,0.6732604503631592,0.31562405824661255
55.41989517211914,-0.04777100682258606,0.28237152099609375,39.47743225097656,0.34413060545921326,0.2620244026184082
55.459930419921875,-0.04605826735496521,0.30495262145996094,39.49394226074219,0.7306350469589233,0.4730098843574524
55.49991226196289,-0.0441422276198864,0.33944034576416016,39.4998893737793,1.0687437057495117,0.23523372411727905
55.53994369506836,-0.04992322623729706,0.38327789306640625,39.49346160888672,1.1068652868270874,-0.1768735647201538
55.57992935180664,-0.054041530936956406,0.427858829498291,39.486324310302734,1.1656681299209595,-0.059362173080444336
55.619964599609375,-0.052671030163764954,0.4752082824707031,39.483741760253906,1.23232102394104,-0.023169279098510742
55.659942626953125,-0.048855010420084,0.5269112586975098,39.477474212646484,1.054794430732727,-0.36900997161865234
55.699947357177734,-0.042579542845487595,0.5652093887329102,39.46519470214844,0.9530905485153198,-0.17549538612365723
55.739990234375,-0.03709350898861885,0.6031455993652344,39.45818328857422,0.9440015554428101,-0.16097259521484375
55.77999496459961,-0.034047119319438934,0.6379995346069336,39.44645690917969,0.8333742618560791,-0.2762366533279419
55.819976806640625,-0.03305450826883316,0.6685667037963867,39.43497085571289,0.7223286032676697,-0.23423373699188232
55.860015869140625,-0.03338134288787842,0.6948366165161133,39.42789840698242,0.5954972505569458,-0.16717743873596191
55.89999008178711,-0.03438112884759903,0.715968132019043,39.42215347290039,0.47368738055229187,-0.14745929837226868
55.94002914428711,-0.03493107110261917,0.7344269752502441,39.41801452636719,0.37847983837127686,-0.14286959171295166
55.98000717163086,-0.034716032445430756,0.7503395080566406,39.413230895996094,0.4157225489616394,-0.08882761001586914
56.02001953125,-0.03463679179549217,0.7658815383911133,39.40830612182617,0.36131587624549866,-0.11880216002464294
56.060054779052734,-0.0352507159113884,0.7785921096801758,39.404666900634766,0.29699891805648804,-0.06588056683540344
56.100040435791016,-0.035366643220186234,0.7889766693115234,39.402915954589844,0.22028857469558716,-0.04550442099571228
56.140052795410156,-0.03489645570516586,0.794703483581543,39.40204620361328,0.09042678028345108,-0.025278061628341675
56.18008804321289,-0.034336257725954056,0.7966318130493164,39.40303421020508,0.023323971778154373,0.030956782400608063
56.22006607055664,-0.03438897058367729,0.7981481552124023,39.40528106689453,0.06233462691307068,0.07424751669168472
56.26009750366211,-0.03443315252661705,0.8006443977355957,39.40768051147461,0.06268591433763504,0.06607431173324585
56.30010223388672,-0.034534286707639694,0.8030872344970703,39.41058349609375,0.06833510100841522,0.08285170793533325
56.34008026123047,-0.0346546471118927,0.8060693740844727,39.41370391845703,0.07414545863866806,0.07485880702733994
56.38011169433594,-0.034640274941921234,0.8090119361877441,39.41680145263672,0.07412758469581604,0.07630329579114914
56.42009353637695,-0.034398604184389114,0.8118433952331543,39.41992950439453,0.07329723238945007,0.08082304149866104
56.460121154785156,-0.03415820375084877,0.8147835731506348,39.42296600341797,0.07029515504837036,0.07692927867174149
56.5001335144043,-0.034073807299137115,0.8178973197937012,39.42620086669922,0.07422180473804474,0.08153361082077026
56.54011535644531,-0.034071069210767746,0.8210306167602539,39.42936325073242,0.06850218027830124,0.07510063797235489
56.58012771606445,-0.034147705882787704,0.8234500885009766,39.43194580078125,0.06545595824718475,0.07255376130342484
56.62016677856445,-0.03425842896103859,0.825810432434082,39.434303283691406,0.06531432271003723,0.06934472918510437
56.66014862060547,-0.03436925262212753,0.8281688690185547,39.436683654785156,0.0651758685708046,0.06988395750522614
56.70018005371094,-0.034208182245492935,0.8302726745605469,39.43870162963867,0.058649446815252304,0.0596124641597271
56.74015808105469,-0.03408443555235863,0.8321423530578613,39.44059371948242,0.051715172827243805,0.05164383724331856
56.78017044067383,-0.03395720571279526,0.8340754508972168,39.44244384765625,0.03523681312799454,0.03334644436836243
56.82020950317383,-0.03384220227599144,0.8356356620788574,39.44400405883789,0.03627525269985199,0.0381656214594841
56.86023712158203,-0.03395310416817665,0.8369698524475098,39.445213317871094,0.02434016391634941,0.02113010361790657
56.90022277832031,-0.033952660858631134,0.8378758430480957,39.446083068847656,0.031180964782834053,0.031180964782834053
56.94020462036133,-0.0339539535343647,0.8384943008422852,39.44667053222656,0.009790292009711266,0.004511526320129633
56.9802360534668,-0.03406640142202377,0.8390331268310547,39.4471435546875,0.012789309956133366,0.014965017326176167
57.02022171020508,-0.03395147994160652,0.8391785621643066,39.447166442871094,0.0009050425142049789,-0.0006643203087151051
57.06022644042969,-0.033873993903398514,0.8390903472900391,39.447059631347656,0.0009715393534861505,0.0028619084041565657
57.10026550292969,-0.0339532233774662,0.8388915061950684,39.446712493896484,-0.003881574608385563,-0.004773258231580257
57.14024353027344,-0.034067120403051376,0.8386359214782715,39.446372985839844,-0.013726389035582542,-0.024711929261684418
57.18025588989258,-0.033989317715168,0.8380403518676758,39.445796966552734,-0.01550158578902483,-0.012683866545557976
57.22029113769531,-0.0340675488114357,0.8377304077148438,39.44540786743164,-0.013689221814274788,-0.014687906950712204
57.26026916503906,-0.034025344997644424,0.8371882438659668,39.44483947753906,-0.006047160364687443,-0.011860936880111694
57.3003044128418,-0.03410356864333153,0.836878776550293,39.444576263427734,-0.011812860146164894,-0.009958158247172832
57.34027862548828,-0.03413987159729004,0.8365349769592285,39.44422912597656,-0.013481039553880692,-0.011662005446851254
57.38031768798828,-0.03413883596658707,0.8364238739013672,39.444114685058594,-0.0058322143740952015,-0.006010551005601883
57.4202995300293,-0.034060265868902206,0.8362255096435547,39.44395446777344,-0.004781646188348532,-0.007599365897476673
57.46033477783203,-0.034060265868902206,0.8362255096435547,39.4439697265625,0.0009542594198137522,0.0067323679104447365
57.50032424926758,-0.03401831164956093,0.8361916542053223,39.44395065307617,0.005745606496930122,0.008420656435191631
57.54035568237305,-0.03401556238532066,0.8363676071166992,39.444114685058594,0.002912205643951893,0.002805203665047884
57.580345153808594,-0.03405115008354187,0.836421012878418,39.444244384765625,0.0009295785566791892,0.006137009710073471

"--- SEND COMMAND: Mode=balance, Value=0.0 ---"
46.25822067260742,0.0806858018040657,-3.122988700866699,-13.357882499694824,-0.03035973384976387,-0.0370684377849102
46.29822540283203,0.0801510438323021,-3.124423027038574,-13.359119415283203,-0.03906519338488579,-0.03842340409755707
46.33820724487305,0.07960781455039978,-3.125485420227051,-13.360325813293457,-0.03223158046603203,-0.03627144545316696
46.378238677978516,0.07920327037572861,-3.1267433166503906,-13.361541748046875,-0.03425488620996475,-0.026237446814775467
46.41824722290039,0.07884453982114792,-3.1277542114257812,-13.362606048583984,-0.02140936069190502,-0.026757167652249336
46.45823287963867,0.07831799238920212,-3.1287155151367188,-13.363399505615234,-0.02441011555492878,-0.022383688017725945
46.49824523925781,0.07819221168756485,-3.1294050216674805,-13.364065170288086,-0.009020457975566387,-0.006998326629400253
46.53827667236328,0.07794459164142609,-3.1297988891601562,-13.364459037780762,-0.013674573972821236,-0.006973538547754288
46.57828140258789,0.0778985247015953,-3.130044937133789,-13.364765167236328,-0.0006716747302561998,-0.003346402896568179
46.61826705932617,0.07788170874118805,-3.1301441192626953,-13.3648042678833,-0.00015241102664731443,0.006566421594470739
46.65827941894531,0.07792995870113373,-3.129873275756836,-13.364527702331543,0.00961222592741251,0.012909101322293282
46.69831085205078,0.07807468622922897,-3.1296262741088867,-13.36429214477539,0.009993894025683403,0.017374901100993156
46.73829650878906,0.07825510948896408,-3.129060745239258,-13.363757133483887,0.011794362217187881,0.007700183428823948
46.77830505371094,0.07855098694562912,-3.1283950805664062,-13.36306095123291,0.016525715589523315,0.020566482096910477
46.818336486816406,0.07872720062732697,-3.1279754638671875,-13.362635612487793,0.018323585391044617,0.025063900277018547
46.858314514160156,0.07897710800170898,-3.127556800842285,-13.362277030944824,0.014647352509200573,0.007870162837207317
46.8983268737793,0.07914288341999054,-3.1270647048950195,-13.361688613891602,0.007892191410064697,0.00991263147443533
46.938331604003906,0.0792875736951828,-3.126816749572754,-13.361513137817383,0.008046397008001804,0.0053715938702225685
46.97834396362305,0.07931901514530182,-3.1266441345214844,-13.361274719238281,0.0022612609900534153,0.004187173210084438
47.01837921142578,0.07933346927165985,-3.1265697479248047,-13.361224174499512,0.001721406471915543,0.002363287378102541
47.05839157104492,0.07933346927165985,-3.1265697479248047,-13.36122989654541,-0.0017967021558433771,-0.0004060775972902775
47.0983772277832,0.07930456101894379,-3.1267175674438477,-13.361395835876465,-0.007651527877897024,-0.013711665757000446
47.13841247558594,0.07927311956882477,-3.1268911361694336,-13.361557006835938,-0.008628221228718758,-0.009269976057112217
47.17843246459961,0.07919322699308395,-3.1273345947265625,-13.36198902130127,-0.006679849699139595,-0.0033640237525105476
47.218406677246094,0.07914972305297852,-3.127556800842285,-13.36221694946289,-0.005039884243160486,-0.0036534196697175503
47.25844955444336,0.0791013240814209,-3.1278276443481445,-13.362482070922852,-0.010972261428833008,-0.008298657834529877
47.298439025878906,0.07888519763946533,-3.128049850463867,-13.362715721130371,-0.004498956259340048,-0.005778733640909195
47.33845901489258,0.07885373383760452,-3.1282224655151367,-13.362895011901855,-0.0039834086783230305,-0.0013088304549455643
47.37846374511719,0.07883916795253754,-3.1282958984375,-13.362956047058105,-0.0030798730440437794,0.0029882132075726986
47.4184455871582,0.07885373383760452,-3.1282224655151367,-13.36288833618164,0.00015431741485372186,-0.0011256749276071787
47.45847702026367,0.07885373383760452,-3.1282224655151367,-13.362876892089844,0.00383115466684103,0.0024404909927397966
47.49848175048828,0.07905534654855728,-3.1280746459960938,-13.36275863647461,0.0016478814650326967,0.0010099188657477498
47.53845977783203,0.07908681035041809,-3.127902030944824,-13.362580299377441,0.002107899868860841,-0.002598169958218932
47.5784912109375,0.07930535078048706,-3.1276559829711914,-13.362298011779785,0.0069135394878685474,0.008308584801852703
47.61848068237305,0.07941864430904388,-3.1275806427001953,-13.362258911132812,0.0038263590540736914,0.0038263590540736914
47.65851593017578,0.07946710288524628,-3.127309799194336,-13.361957550048828,0.010977690108120441,0.014400478452444077
47.69852066040039,0.07973172515630722,-3.1260223388671875,-13.36067008972168,0.10997840762138367,0.11933727562427521
47.73850631713867,0.08096445351839066,-3.1174850463867188,-13.35185718536377,0.3560463786125183,0.35476183891296387
47.778541564941406,0.08559231460094452,-3.105299949645996,-13.339768409729004,0.3654824495315552,0.35072416067123413
47.81852340698242,0.09326642751693726,-3.0958261489868164,-13.330204963684082,0.281951904296875,0.29396852850914
47.8585319519043,0.10126063227653503,-3.088650703430176,-13.321969032287598,0.22609685361385345,0.2597065269947052
47.89853286743164,0.10662610828876495,-3.082143783569336,-13.313867568969727,0.1930309534072876,0.23411592841148376
47.93857192993164,0.10851523280143738,-3.0755910873413086,-13.30505657196045,0.1404523253440857,0.20088931918144226
47.97855758666992,0.10802071541547775,-3.071722984313965,-13.297760963439941,0.07598772644996643,0.17450568079948425
48.01856231689453,0.10821928828954697,-3.070096969604492,-13.291784286499023,0.016456374898552895,0.1300358772277832
48.05860137939453,0.10922157019376755,-3.0713882446289062,-13.28789234161377,-0.04635477811098099,0.09342903643846512
48.09858322143555,0.10966034978628159,-3.075021743774414,-13.285869598388672,-0.0853256955742836,0.051696620881557465
48.138587951660156,0.10815129429101944,-3.0792226791381836,-13.284916877746582,-0.10564489662647247,0.01523890346288681
48.17862319946289,0.10564890503883362,-3.0834922790527344,-13.284979820251465,-0.10844539105892181,-0.007574446499347687
48.218631744384766,0.10383877158164978,-3.088850975036621,-13.287588119506836,-0.10539145767688751,-0.05768768861889839
48.25861358642578,0.10318434238433838,-3.0930585861206055,-13.2905912399292,-0.08191383630037308,-0.06709098815917969
48.29861831665039,0.10235890746116638,-3.096329689025879,-13.294168472290039,-0.06470628827810287,-0.07810238003730774
48.33865737915039,0.1007477343082428,-3.0996665954589844,-13.29763126373291,-0.09049725532531738,-0.08643349260091782
48.378662109375,0.09921906143426895,-3.103994369506836,-13.301875114440918,-0.0956096351146698,-0.101701520383358
48.41870880126953,0.0984792560338974,-3.108616828918457,-13.306634902954102,-0.11124953627586365,-0.11124953627586365
48.458656311035156,0.0973152220249176,-3.1136245727539062,-13.311565399169922,-0.11533766984939575,-0.11063054203987122
48.49869155883789,0.09532769024372101,-3.118833541870117,-13.316858291625977,-0.10987061262130737,-0.10923150926828384
48.538673400878906,0.09335538744926453,-3.1234588623046875,-13.321573257446289,-0.1188156008720398,-0.11678900569677353
48.57868576049805,0.09207337349653244,-3.1281518936157227,-13.326272010803223,-0.10442034900188446,-0.09910384565591812
48.61871337890625,0.09135372191667557,-3.132244110107422,-13.330466270446777,-0.08485564589500427,-0.08014798909425735
48.65876770019531,0.09021251648664474,-3.1358470916748047,-13.334081649780273,-0.08088693767786026,-0.06879987567663193
48.698707580566406,0.08891350030899048,-3.138880729675293,-13.337533950805664,-0.0567120723426342,-0.07676136493682861
48.73871612548828,0.08859042078256607,-3.1382007598876953,-13.340731620788574,0.08146477490663528,-0.0589183047413826
48.778724670410156,0.09103312343358994,-3.133401870727539,-13.343218803405762,0.1480071097612381,-0.04220888018608093
48.81875991821289,0.09349643439054489,-3.128952980041504,-13.346086502075195,0.11011561751365662,-0.04047016799449921
48.858768463134766,0.09415185451507568,-3.1277999877929688,-13.347677230834961,-0.05806785821914673,-0.04790075495839119
48.89875411987305,0.091390460729599,-3.134688377380371,-13.348370552062988,-0.2734411954879761,-0.030916541814804077
48.93875503540039,0.0849914476275444,3.1329703330993652,-7.065994739532471,-0.4891856610774994,-0.062139540910720825
48.978790283203125,0.07611067593097687,3.1120381355285645,-7.067494869232178,-0.652945339679718,-0.10403251647949219
49.01877212524414,0.06220599636435509,3.080390453338623,-7.068917751312256,-1.0315427780151367,-0.1168472170829773
49.05878448486328,0.03934241831302643,3.026482105255127,-7.073535442352295,-1.4965872764587402,-0.09407031536102295
49.09878921508789,0.014815157279372215,2.967289447784424,-7.065562725067139,-1.7709732055664062,0.08732926845550537
49.13880157470703,-0.018788443878293037,2.887010097503662,-7.048559665679932,-2.50040864944458,0.2937033176422119
49.17880630493164,-0.059730831533670425,2.788708209991455,-7.036492824554443,-2.695866346359253,0.24748992919921875
49.218841552734375,-0.10132412612438202,2.6838278770446777,-7.025941371917725,-2.8674464225769043,-0.0652461051940918
49.258819580078125,-0.14461927115917206,2.56797456741333,-7.014684200286865,-3.264636516571045,-0.11771917343139648
49.298831939697266,-0.1938462257385254,2.4285311698913574,-7.0052409172058105,-3.910890817642212,-0.2471776008605957
49.338863372802734,-0.2538241147994995,2.243715763092041,-7.022193431854248,-4.414138317108154,-0.23425769805908203
49.378849029541016,-0.3015005588531494,2.0657191276550293,-7.018910884857178,-4.409631729125977,0.020012855529785156
49.41885757446289,-0.33822396397590637,1.8839993476867676,-7.018212795257568,-4.447689533233643,0.39713096618652344
49.458892822265625,-0.36684727668762207,1.6898226737976074,-7.024740695953369,-4.792338848114014,0.16424560546875
49.498905181884766,-0.3844182789325714,1.47743558883667,-7.036373615264893,-5.093780040740967,-0.19000530242919922
49.53895950317383,-0.3859778940677643,1.2590069770812988,-7.047379016876221,-5.080235958099365,0.2894773483276367
49.57889175415039,-0.37098929286003113,1.0465712547302246,-7.059306621551514,-4.862948417663574,0.0006527900695800781
49.618919372558594,-0.3431665301322937,0.8541226387023926,-7.06950569152832,-4.295475482940674,-0.19650697708129883
49.65890121459961,-0.3067936599254608,0.6769189834594727,-7.090908050537109,-3.45633602142334,-0.06708216667175293
49.69891357421875,-0.2761940658092499,0.5539131164550781,-7.084460735321045,-2.7374393939971924,0.05553245544433594
49.738948822021484,-0.24951766431331635,0.4605979919433594,-7.077377796173096,-2.0575249195098877,0.20151352882385254
49.77896499633789,-0.22680841386318207,0.3910374641418457,-7.077627658843994,-1.5391770601272583,-0.030157923698425293
49.81893539428711,-0.21133913099765778,0.3456850051879883,-7.074545860290527,-0.9269993901252747,0.08147341012954712
49.85894775390625,-0.20003771781921387,0.31173181533813477,-7.071335792541504,-0.912231981754303,0.05675244331359863
49.898983001708984,-0.1850799024105072,0.26754283905029297,-7.069104194641113,-1.3293708562850952,-0.016336798667907715
49.938968658447266,-0.16076776385307312,0.20061540603637695,-7.070969104766846,-1.6815224885940552,0.137015700340271
49.97897720336914,-0.13682952523231506,0.13937854766845703,-7.064974308013916,-1.5111881494522095,-0.039893150329589844
50.019012451171875,-0.11811535060405731,0.09264945983886719,-7.063197135925293,-0.9265745282173157,0.060858190059661865
50.058998107910156,-0.1094367578625679,0.06965160369873047,-7.061130046844482,-0.4438788890838623,0.020576030015945435
50.09900665283203,-0.10582257807254791,0.05952644348144531,-7.061290264129639,-0.06757420301437378,0.006267949938774109
50.13904571533203,-0.10717093199491501,0.06245136260986328,-7.063159465789795,0.15713456273078918,0.0005230158567428589
50.179054260253906,-0.10872896760702133,0.06593990325927734,-7.063265800476074,0.06083788722753525,0.03269282728433609
50.21903610229492,-0.10956402122974396,0.06686687469482422,-7.061493873596191,0.021462589502334595,0.04578498750925064
50.259071350097656,-0.11105165630578995,0.06833791732788086,-7.0603766441345215,0.07274889945983887,0.051338959485292435
50.29905319213867,-0.11246612668037415,0.06976079940795898,-7.0586838722229,0.03794155642390251,0.06206700950860977
50.33906173706055,-0.11314515024423599,0.07112979888916016,-7.0569257736206055,0.04551069810986519,0.04551069810986519
50.379093170166016,-0.11357259005308151,0.07198429107666016,-7.055268287658691,0.011503876186907291,0.03760566934943199
50.419071197509766,-0.11360681802034378,0.07214641571044922,-7.054501056671143,0.0031202794052660465,0.00846359133720398
50.45907974243164,-0.11398136615753174,0.07271480560302734,-7.054291725158691,0.01682456023991108,0.006120487116277218
50.49909210205078,-0.11370418220758438,0.07261276245117188,-7.054490089416504,-0.002547869924455881,-0.010591033846139908
50.539119720458984,-0.11382899433374405,0.07351827621459961,-7.054788589477539,0.04685768112540245,0.004044976085424423
50.57913589477539,-0.11476810276508331,0.07620429992675781,-7.054841041564941,0.09807158261537552,0.006787627935409546
50.619117736816406,-0.11711975187063217,0.08269929885864258,-7.055027484893799,0.2156897634267807,0.012667268514633179
50.65913009643555,-0.12032097578048706,0.09196901321411133,-7.05530309677124,0.2350461632013321,0.004790142178535461
50.69915771484375,-0.12341438978910446,0.10071992874145508,-7.054725170135498,0.22768394649028778,0.026946961879730225
50.739139556884766,-0.1266501247882843,0.10918807983398438,-7.053387641906738,0.1947202980518341,0.049076929688453674
50.779151916503906,-0.12794683873653412,0.11230659484863281,-7.050754547119141,-0.010957488790154457,0.07676669955253601
50.81916427612305,-0.12550921738147736,0.10608959197998047,-7.04887056350708,-0.2110288292169571,0.042567178606987
50.85917282104492,-0.12204611301422119,0.09728431701660156,-7.04632043838501,-0.2519996762275696,0.04455697536468506
50.899208068847656,-0.11824080348014832,0.08867502212524414,-7.044144153594971,-0.21244895458221436,0.027812033891677856
50.939186096191406,-0.11568562686443329,0.08277702331542969,-7.043570518493652,-0.11124318093061447,-0.009505137801170349
50.979190826416016,-0.11472692340612411,0.08052921295166016,-7.04517126083374,-0.0185546875,-0.04598820582032204
51.019222259521484,-0.11479920893907547,0.08100032806396484,-7.047654151916504,0.022764509543776512,-0.05977347493171692
51.059234619140625,-0.11502864956855774,0.08132648468017578,-7.049431324005127,-0.02104371041059494,-0.03247487545013428
51.099246978759766,-0.11312071979045868,0.07726860046386719,-7.051206111907959,-0.11219589412212372,-0.041022978723049164
51.13922882080078,-0.11185545474290848,0.07489871978759766,-7.052521705627441,-0.05228042230010033,-0.06231993809342384
51.17926025390625,-0.11119528114795685,0.07378292083740234,-7.054757595062256,-0.037868451327085495,-0.0632791668176651
51.219268798828125,-0.11016799509525299,0.07169103622436523,-7.0562744140625,-0.07087444514036179,-0.0504816472530365
51.25925064086914,-0.10941293835639954,0.07004261016845703,-7.057959079742432,-0.035689741373062134,-0.04974842816591263
51.299259185791016,-0.1088673397898674,0.06866121292114258,-7.059561729431152,-0.03972692787647247,-0.03434871509671211
51.33929443359375,-0.10809111595153809,0.06695079803466797,-7.060900688171387,-0.039259787648916245,-0.033858805894851685
51.3792724609375,-0.10772328823804855,0.06597328186035156,-7.0621538162231445,-0.021365072578191757,-0.024668024852871895
51.419281005859375,-0.10725970566272736,0.0650177001953125,-7.062923908233643,-0.023654187098145485,-0.017635297030210495
51.459312438964844,-0.10707613080739975,0.06446361541748047,-7.063555717468262,0.0009698005742393434,-0.006401904858648777
51.49929428100586,-0.10706266760826111,0.06436014175415039,-7.063587188720703,-0.0025512392167001963,0.004830264486372471
51.539310455322266,-0.10705535858869553,0.06440448760986328,-7.063483238220215,0.009214736521244049,0.009853821247816086
51.579315185546875,-0.10723891854286194,0.06495857238769531,-7.062941074371338,0.01150211226195097,0.015509484335780144
51.61934280395508,-0.10751145333051682,0.06540489196777344,-7.06247091293335,0.02116885781288147,0.01844353973865509
51.65934371948242,-0.10776407271623611,0.06615447998046875,-7.0617451667785645,0.016179896891117096,0.017511621117591858
51.699337005615234,-0.1080159917473793,0.0670328140258789,-7.060818672180176,0.020296495407819748,0.018325652927160263
51.73934555053711,-0.10841691493988037,0.0678105354309082,-7.06007719039917,0.02288513071835041,0.019532276317477226
51.77937698364258,-0.10870268940925598,0.068359375,-7.059474468231201,0.01963757537305355,0.02294987253844738
51.819358825683594,-0.10889939963817596,0.0690159797668457,-7.058871746063232,0.01561763696372509,0.012909089215099812
51.85936737060547,-0.10905677825212479,0.06923294067382812,-7.058618545532227,0.006865524686872959,0.010224847123026848
51.89939880371094,-0.10910416394472122,0.06949901580810547,-7.058394432067871,0.0046619572676718235,0.00332650332711637
51.93938446044922,-0.10909096151590347,0.06939554214477539,-7.058480262756348,0.0008401951636187732,0.002171696163713932
51.979393005371094,-0.10886590927839279,0.06921577453613281,-7.058671951293945,-0.008590864948928356,-0.005245198495686054
52.0194091796875,-0.108797587454319,0.06889104843139648,-7.058996677398682,-0.010551384650170803,-0.007196376565843821
52.059410095214844,-0.10855933278799057,0.06860828399658203,-7.059309482574463,-0.008796359412372112,-0.01284480094909668
52.099449157714844,-0.10837584733963013,0.0680551528930664,-7.05983829498291,-0.008796287700533867,-0.00746083352714777
52.13945770263672,-0.1081509068608284,0.06787538528442383,-7.060024261474609,-0.005002980586141348,-0.008368229493498802
52.179466247558594,-0.10808257013559341,0.0675506591796875,-7.060318946838379,-0.0068359375,-0.0048121120780706406
52.21947479248047,-0.10795413702726364,0.06721830368041992,-7.060669422149658,-0.005002626683562994,-0.003020214382559061
52.25948715209961,-0.10794081538915634,0.06711483001708984,-7.060754776000977,-0.004011834040284157,-0.0019879525061696768
52.299468994140625,-0.10794081538915634,0.06711483001708984,-7.060778617858887,0.005122368223965168,0.004483051598072052
52.3394775390625,-0.10804840177297592,0.06738805770874023,-7.060517311096191,0.0009480308508500457,-0.0050927880220115185
52.379478454589844,-0.10810340940952301,0.06760931015014648,-7.060272216796875,0.007615338545292616,0.006283539813011885
52.41948699951172,-0.10813001543283463,0.06781625747680664,-7.060035228729248,0.0067158048041164875,0.005384378135204315
52.45951461791992,-0.10836821794509888,0.0680994987487793,-7.059788227081299,0.004626549314707518,0.0019015364814549685
52.4995231628418,-0.10840236395597458,0.06826210021972656,-7.059589385986328,0.004315875004976988,0.009017858654260635
52.53950881958008,-0.10844981670379639,0.0685276985168457,-7.059341907501221,0.004147523082792759,0.00015257392078638077
52.57951354980469,-0.10844981670379639,0.0685276985168457,-7.059329986572266,0.00021215126616880298,0.0028760461136698723
52.619544982910156,-0.10855206102132797,0.06852340698242188,-7.0593461990356445,0.0013023789506405592,0.0033322118688374758
52.65952682495117,-0.10842889547348022,0.06846857070922852,-7.05941915512085,-0.0017264684429392219,-0.005775136407464743
52.69953155517578,-0.10842889547348022,0.06846857070922852,-7.05941915512085,-0.00028907498926855624,0.0016815465642139316
52.73956298828125,-0.10831382125616074,0.06824016571044922,-7.059629440307617,-0.009008190594613552,-0.008313559927046299
52.77960968017578,-0.10825882852077484,0.06801891326904297,-7.059868812561035,-0.009440737776458263,-0.011477243155241013
52.81955337524414,-0.10822468250989914,0.0678567886352539,-7.060019016265869,-0.0017486021388322115,-0.003766398411244154
52.85956954956055,-0.10819055140018463,0.06769418716430664,-7.06017541885376,-0.006751635577529669,-0.009413597173988819
52.89957809448242,-0.10808870196342468,0.06756877899169922,-7.060336589813232,-0.0038076783530414104,-0.009825222194194794
52.939613342285156,-0.10801302641630173,0.0677800178527832,-7.060089588165283,0.004026244394481182,1.9546132534742355e-05
52.9796142578125,-0.10810203105211258,0.0676722526550293,-7.060161590576172,0.00022581100347451866,0.0015522746834903955
53.019622802734375,-0.10813615471124649,0.06783485412597656,-7.060028553009033,0.007502371910959482,0.008194945752620697
53.05960464477539,-0.10814940929412842,0.06793832778930664,-7.05990743637085,0.003261434379965067,0.0039006441365927458
53.09961700439453,-0.10816264152526855,0.06804180145263672,-7.059839725494385,0.00812267791479826,0.0074834502302110195
53.1396484375,-0.10817588120698929,0.0681447982788086,-7.059724807739258,-0.0018617595778778195,-0.0038914219476282597
53.179656982421875,-0.10819675773382187,0.06820392608642578,-7.059677600860596,-1.4458266377914697e-05,0.0013172657927498221
53.219635009765625,-0.10820997506380081,0.06830739974975586,-7.059592247009277,0.007047619204968214,0.005719936452805996
53.259639739990234,-0.10820997506380081,0.06830739974975586,-7.059568405151367,-0.004146895837038755,-0.0048415265046060085
53.2996711730957,-0.10820997506380081,0.06830739974975586,-7.059586048126221,0.002619406208395958,-0.00341802928596735
53.33965301513672,-0.10818908363580704,0.06824827194213867,-7.059627532958984,-0.004146824590861797,-0.007524655666202307
53.379661560058594,-0.10807407647371292,0.06802034378051758,-7.059849262237549,-0.012035876512527466,-0.008679837919771671
53.41969680786133,-0.10796426981687546,0.0680685043334961,-7.0598249435424805,-0.007452503778040409,-0.010123486630618572
53.459678649902344,-0.10795102268457413,0.06796550750732422,-7.0598859786987305,0.004230201710015535,0.00627141073346138
53.49967956542969,-0.1080191433429718,0.06779861450195312,-7.060070991516113,0.0010750445071607828,0.0024029486812651157
53.53969192504883,-0.10793018341064453,0.06790637969970703,-7.0599870681762695,-0.0017060902900993824,-0.0036767669953405857
53.579708099365234,-0.10794340819120407,0.0680093765258789,-7.059836387634277,0.0015116549329832196,0.0075300391763448715
53.61971664428711,-0.10795662552118301,0.06811285018920898,-7.059774875640869,0.001194950775243342,-0.002853943035006523
53.65972137451172,-0.10787567496299744,0.06804704666137695,-7.0598225593566895,0.0006600230699405074,-0.0013641976984217763
53.69972229003906,-0.10790973901748657,0.06820917129516602,-7.0596604347229,0.004678931552916765,0.006010432727634907
53.73973083496094,-0.10788889229297638,0.06815052032470703,-7.059749126434326,0.0013003414496779442,-0.0013630327302962542
53.779762268066406,-0.10790209472179413,0.0682535171508789,-7.059622287750244,0.0011948524042963982,-0.002171245403587818
53.81977462768555,-0.10790209472179413,0.0682535171508789,-7.0596160888671875,0.0020658771973103285,0.0027604298666119576
53.859779357910156,-0.10790209472179413,0.0682535171508789,-7.059622287750244,-0.0020586627069860697,-0.0014206646010279655
53.89983367919922,-0.10790209472179413,0.0682535171508789,-7.059634208679199,0.0027546847704797983,0.0020623235031962395
53.93977355957031,-0.10782118886709213,0.06818771362304688,-7.059663772583008,-0.0026133123319596052,0.0054294029250741005
53.97977828979492,-0.10780034214258194,0.06812858581542969,-7.059729099273682,0.0019603194668889046,0.003982958383858204
54.01979064941406,-0.10780034214258194,0.06812858581542969,-7.059759140014648,-0.0030495147220790386,-0.005073226988315582
54.05979919433594,-0.10788130760192871,0.06819438934326172,-7.059693336486816,-0.0007871479028835893,-0.0014797605108469725
54.09981155395508,-0.10780034214258194,0.06812858581542969,-7.059741020202637,-0.0021352237090468407,-0.00282741105183959
54.13982009887695,-0.10780034214258194,0.06812858581542969,-7.059759140014648,0.0038990555331110954,-0.00014814268797636032
54.17985916137695,-0.10771137475967407,0.06823587417602539,-7.059621810913086,1.4399631254491396e-05,-0.002648230642080307
54.21984100341797,-0.10781354457139969,0.06823205947875977,-7.059643745422363,0.010981913655996323,0.01231367513537407
54.25985336303711,-0.10782675445079803,0.06833505630493164,-7.05952262878418,0.0068142833188176155,0.006121670827269554
54.29985427856445,-0.10784757137298584,0.06839418411254883,-7.059439659118652,-0.0028386558406054974,0.001157186459749937
54.339866638183594,-0.10786077380180359,0.0684976577758789,-7.059395790100098,0.0020658576395362616,9.507103823125362e-05
54.379905700683594,-0.10769084095954895,0.06853866577148438,-7.059330940246582,0.0,-0.003364307340234518
54.41987991333008,-0.10769084095954895,0.06853866577148438,-7.059342861175537,0.0,0.0013318730052560568
54.45989227294922,-0.10769084095954895,0.06853866577148438,-7.059349060058594,0.0,-0.0027328981086611748
54.499900817871094,-0.10769084095954895,0.06853866577148438,-7.059337139129639,0.0,-0.0027160346508026123
54.53993225097656,-0.10769084095954895,0.06853866577148438,-7.059330940246582,0.0,-0.0033651553094387054
54.57994079589844,-0.10769084095954895,0.06853866577148438,-7.059319019317627,0.0,-0.0006962494808249176
54.61991882324219,-0.10769084095954895,0.06853866577148438,-7.059337139129639,0.0,-0.0013807512586936355
54.6599235534668,-0.10769084095954895,0.06853866577148438,-7.059330940246582,0.0,0.0
54.6999626159668,-0.10769084095954895,0.06853866577148438,-7.059354782104492,0.0,-0.002670458983629942
54.73997497558594,-0.10769084095954895,0.06853866577148438,-7.05931282043457,0.0,0.0027247837278991938
54.77995681762695,-0.10769084095954895,0.06853866577148438,-7.05931282043457,0.0,0.00271724839694798
54.819984436035156,-0.10769084095954895,0.06853866577148438,-7.059324741363525,0.0,-0.0013319473946467042
54.859962463378906,-0.10769084095954895,0.06853866577148438,-7.059295177459717,0.0,0.00400669826194644
54.900001525878906,-0.10769084095954895,0.06853866577148438,-7.059349060058594,0.0,-0.0020184707827866077
54.94000244140625,-0.10769084095954895,0.06853866577148438,-7.059319019317627,0.0,0.002671431517228484
54.98001480102539,-0.10769084095954895,0.06853866577148438,-7.059319019317627,0.0,0.0
55.02003860473633,-0.10769084095954895,0.06853866577148438,-7.059330940246582,0.0,-0.0006925932830199599
55.06000900268555,-0.10769084095954895,0.06853866577148438,-7.059295177459717,0.0,0.00399528443813324
55.100013732910156,-0.10769084095954895,0.06853866577148438,-7.059330940246582,0.0,-0.0020212288945913315
55.140052795410156,-0.10769084095954895,0.06853866577148438,-7.059307098388672,0.0,0.002670458983629942
55.18006134033203,-0.10769084095954895,0.06853866577148438,-7.05931282043457,0.0,-0.001977025531232357
55.22004318237305,-0.10769084095954895,0.06853866577148438,-7.059330940246582,0.0,-0.001331500941887498
55.260047912597656,-0.10769084095954895,0.06853866577148438,-7.059277057647705,0.0,0.003994726110249758
55.30005645751953,-0.10769084095954895,0.06853866577148438,-7.059295177459717,0.0,0.0019710068590939045
55.34009552001953,-0.10769084095954895,0.06853866577148438,-7.059349060058594,0.0,-0.004062054678797722
55.38007354736328,-0.10769084095954895,0.06853866577148438,-7.059324741363525,0.0,-0.0013318357523530722
55.420082092285156,-0.10769084095954895,0.06853866577148438,-7.05931282043457,0.0,0.002024107612669468
55.46009063720703,-0.10769084095954895,0.06853866577148438,-7.059319019317627,0.0,0.0013332507805898786
55.5001220703125,-0.10769084095954895,0.06853866577148438,-7.05931282043457,0.0,0.0013353790855035186
55.54013442993164,-0.10769084095954895,0.06853866577148438,-7.05931282043457,0.0,0.00336477835662663
55.58012008666992,-0.10769084095954895,0.06853866577148438,-7.059295177459717,0.0,0.0033324582036584616
55.62015151977539,-0.10769084095954895,0.06853866577148438,-7.05931282043457,0.0,-0.000641143589746207
55.660160064697266,-0.10769084095954895,0.06853866577148438,-7.059307098388672,0.0,0.004700402729213238
55.70014572143555,-0.10769084095954895,0.06853866577148438,-7.059330940246582,0.0,0.004016147460788488
55.74015426635742,-0.10769084095954895,0.06853866577148438,-7.059295177459717,0.0,0.0032916443888098
55.780189514160156,-0.10769084095954895,0.06853866577148438,-7.059330940246582,0.0,-0.0006944165797904134
55.82017135620117,-0.10769084095954895,0.06853866577148438,-7.05931282043457,0.0,0.006018216721713543
55.86020278930664,-0.10769084095954895,0.06853866577148438,-7.05931282043457,0.0,0.00133161258418113
55.90018844604492,-0.10769084095954895,0.06853866577148438,-7.059354782104492,0.0,-0.0026627047918736935
55.94020080566406,-0.10769084095954895,0.06853866577148438,-7.059354782104492,0.0,-0.0006390312919393182
55.98023223876953,-0.10769084095954895,0.06853866577148438,-7.059319019317627,0.0,-0.0033660978078842163
56.020267486572266,-0.10769084095954895,0.06853866577148438,-7.059342861175537,0.0,0.000690529472194612
56.060245513916016,-0.10769084095954895,0.06853866577148438,-7.059300899505615,0.0,0.0
56.100223541259766,-0.10769084095954895,0.06853866577148438,-7.059330940246582,0.0,0.0013307207264006138
56.14023208618164,-0.10769084095954895,0.06853866577148438,-7.059307098388672,0.0,0.003993945196270943
56.180240631103516,-0.10769084095954895,0.06853866577148438,-7.05931282043457,0.0,0.0013357531279325485
56.220245361328125,-0.10769084095954895,0.06853866577148438,-7.059319019317627,0.0,0.002666501561179757
56.260284423828125,-0.10769084095954895,0.06853866577148438,-7.059349060058594,0.0,-0.0027239443734288216
56.300262451171875,-0.10769084095954895,0.06853866577148438,-7.059330940246582,0.0,0.0013318730052560568
56.34029769897461,-0.10769084095954895,0.06853866577148438,-7.059295177459717,0.0,0.003994837868958712
56.38027572631836,-0.10769084095954895,0.06853866577148438,-7.059330940246582,0.0,-0.0013357906136661768
56.420284271240234,-0.10769084095954895,0.06853866577148438,-7.059319019317627,0.0,0.003355288878083229
56.46029281616211,-0.10769084095954895,0.06853866577148438,-7.059360980987549,0.0,-0.004062851890921593
56.500301361083984,-0.10769084095954895,0.06853866577148438,-7.059330940246582,0.0,0.0026558085810393095
56.540340423583984,-0.10769084095954895,0.06853866577148438,-7.059295177459717,0.0,0.00870911031961441
56.580322265625,-0.10769084095954895,0.06853866577148438,-7.059349060058594,-0.001045738346874714,-0.0004039836348965764
56.62033462524414,-0.1077040433883667,0.06864213943481445,-7.059233665466309,0.00499539403244853,0.00499539403244853
56.660343170166016,-0.1077248603105545,0.06870126724243164,-7.059192180633545,-0.00011260951578151435,-0.004812880419194698
56.70035171508789,-0.1077040433883667,0.06864213943481445,-7.05920934677124,-0.002501086564734578,0.00022530090063810349
56.74036407470703,-0.1077040433883667,0.06864213943481445,-7.059245586395264,0.00510073360055685,0.0010403851047158241
56.780372619628906,-0.1077040433883667,0.06864213943481445,-7.059227466583252,-0.0039971056394279,-0.004689834546297789
56.820411682128906,-0.10753412544727325,0.06868362426757812,-7.0592041015625,0.001876892987638712,0.001876892987638712
56.86039733886719,-0.10753412544727325,0.06868362426757812,-7.059150218963623,0.00042792255408130586,0.004422537516802549
56.90040969848633,-0.10752648115158081,0.06872797012329102,-7.059141635894775,0.0021562138572335243,0.0008248614612966776
56.94041061401367,-0.10752648115158081,0.06872797012329102,-7.059147834777832,-0.0020655281841754913,-0.00479038804769516
56.98041915893555,-0.1076154038310051,0.06862068176269531,-7.059225082397461,0.002936921315267682,0.008263966999948025
57.02042770385742,-0.10753963887691498,0.06883096694946289,-7.059008598327637,0.003590721171349287,0.001620154595002532
57.06044006347656,-0.1076154038310051,0.06862068176269531,-7.0592427253723145,-0.0007732913945801556,-0.0027437477838248014
57.10044860839844,-0.10753963887691498,0.06883096694946289,-7.0590386390686035,1.4501676560030319e-05,1.4501676560030319e-05
57.1405143737793,-0.10753963887691498,0.06883096694946289,-7.059056758880615,0.0029441891238093376,0.0029441891238093376
57.18046569824219,-0.10753963887691498,0.06883096694946289,-7.059056758880615,-0.00132109469268471,-0.003345032688230276
57.22047424316406,-0.1074586808681488,0.06876516342163086,-7.059086322784424,0.0001340506278211251,0.0021573673002421856
57.26048278808594,-0.10747185349464417,0.06886863708496094,-7.05896520614624,-0.0005633760010823607,0.0027392078191041946
57.30049514770508,-0.10747185349464417,0.06886863708496094,-7.0590128898620605,-0.0016232971101999283,-0.0022623282857239246
57.34052658081055,-0.10747185349464417,0.06886863708496094,-7.059007167816162,0.0020654844120144844,0.0013736640103161335
57.38050842285156,-0.10747185349464417,0.06886863708496094,-7.05898904800415,0.0011795307509601116,0.004535382147878408
57.420509338378906,-0.10738316923379898,0.0688467025756836,-7.059016704559326,-0.003612909698858857,-0.004940851125866175
57.460514068603516,-0.10738316923379898,0.0688467025756836,-7.059010982513428,0.0009838043479248881,0.00433899974450469
57.50055694580078,-0.10739629715681076,0.06894969940185547,-7.058913707733154,-0.0018553445115685463,-0.0031905740033835173
57.5405387878418,-0.10739629715681076,0.06894969940185547,-7.058913707733154,0.005100134294480085,0.008455891162157059
57.58054733276367,-0.10739629715681076,0.06894969940185547,-7.058884143829346,0.0,0.0006393168587237597
57.620582580566406,-0.10739629715681076,0.06894969940185547,-7.058931827545166,0.0,-0.008067271672189236
57.66059112548828,-0.10739629715681076,0.06894969940185547,-7.058919906616211,0.0,-0.0006924191839061677
57.70058059692383,-0.10739629715681076,0.06894969940185547,-7.058907985687256,0.0,0.0006416108226403594
57.7405891418457,-0.10739629715681076,0.06894969940185547,-7.058919906616211,0.0,-0.002023994456976652
57.78062438964844,-0.10739629715681076,0.06894969940185547,-7.058896064758301,0.0,0.0026713565457612276
57.82063674926758,-0.10739629715681076,0.06894969940185547,-7.058931827545166,0.0,-0.0020409217104315758
57.860618591308594,-0.10739629715681076,0.06894969940185547,-7.058919906616211,0.0,-0.0013313523959368467
57.90062713623047,-0.10739629715681076,0.06894969940185547,-7.058901786804199,0.0,0.0
57.94063186645508,-0.10739629715681076,0.06894969940185547,-7.058907985687256,0.0,0.003365720622241497
57.98066711425781,-0.10739629715681076,0.06894969940185547,-7.058866024017334,0.0,0.004700665827840567
58.02067947387695,-0.10739629715681076,0.06894969940185547,-7.058919906616211,0.0,0.0006922838510945439
58.06066131591797,-0.10739629715681076,0.06894969940185547,-7.058896064758301,0.0,0.0006392276263795793
58.10067367553711,-0.10739629715681076,0.06894969940185547,-7.058901786804199,0.0,-0.0019712268840521574
58.14067840576172,-0.10739629715681076,0.06894969940185547,-7.058919906616211,0.0,0.0026711320970207453
58.180694580078125,-0.10739629715681076,0.06894969940185547,-7.058907985687256,0.0,-0.0006943582557141781
58.220726013183594,-0.10739629715681076,0.06894969940185547,-7.058884143829346,0.0,0.003999304957687855
58.26077651977539,-0.10739629715681076,0.06894969940185547,-7.058884143829346,0.0,0.0026633741799741983
58.30072021484375,-0.10739629715681076,0.06894969940185547,-7.058913707733154,0.0,0.0013807897921651602
58.340728759765625,-0.10739629715681076,0.06894969940185547,-7.058901786804199,0.0,0.0020210035145282745
58.38076400756836,-0.10739629715681076,0.06894969940185547,-7.058901786804199,0.0,0.003365626558661461
58.420772552490234,-0.10739629715681076,0.06894969940185547,-7.058901786804199,0.0,0.0
58.460750579833984,-0.10739629715681076,0.06894969940185547,-7.058889865875244,0.0,0.0020245600026100874
58.500789642333984,-0.10739629715681076,0.06894969940185547,-7.058907985687256,0.0,0.004700797609984875
58.540771484375,-0.10739629715681076,0.06894969940185547,-7.058926105499268,0.0,0.004686491098254919
58.580806732177734,-0.10739629715681076,0.06894969940185547,-7.058938026428223,0.0,-0.00202354253269732
58.620792388916016,-0.10739629715681076,0.06894969940185547,-7.058938026428223,0.0,-0.0006923032342456281
58.660823822021484,-0.10739629715681076,0.06894969940185547,-7.058896064758301,0.0,0.005341815762221813

"--- SEND COMMAND: Mode=velocity, Value=0.5 ---"
36.17021942138672,-0.03661840036511421,0.022388935089111328,-6.997095584869385,0.0,-0.0013807897921651602
36.21025466918945,-0.03661840036511421,0.022388935089111328,-6.997071266174316,0.0,0.0033715758472681046
36.25025939941406,-0.03661840036511421,0.022388935089111328,-6.997125148773193,0.0,-0.004687669221311808
36.290245056152344,-0.03661840036511421,0.022388935089111328,-6.997065544128418,0.0,0.0033556639682501554
36.33027267456055,-0.03661840036511421,0.022388935089111328,-6.997065544128418,0.0,0.004733542446047068
36.37025451660156,-0.03661840036511421,0.022388935089111328,-6.997149467468262,0.0,-0.002708849497139454
36.4102668762207,-0.03662891313433647,0.02324199676513672,-6.997644424438477,0.1903972327709198,0.06686678528785706
36.45027542114258,-0.036950789391994476,0.05156517028808594,-6.996363639831543,1.1943315267562866,0.08184051513671875
36.49028396606445,-0.037425071001052856,0.1182708740234375,-7.001814842224121,1.9634878635406494,-0.22830915451049805
36.53031539916992,-0.03794996812939644,0.20219707489013672,-7.006356239318848,2.1969995498657227,0.029242992401123047
36.57029724121094,-0.03818400576710701,0.2906036376953125,-7.014955997467041,2.1794140338897705,-0.2635221481323242
36.61030578613281,-0.03804629668593407,0.37005186080932617,-7.016119956970215,1.8366916179656982,-0.08211135864257812
36.65032958984375,-0.037921465933322906,0.43145751953125,-7.019776344299316,1.3227646350860596,-0.03166604042053223
36.69032287597656,-0.03779526427388191,0.47435665130615234,-7.014573574066162,0.9058034420013428,0.15809929370880127
36.7303581237793,-0.037507276982069016,0.5051975250244141,-7.004201889038086,0.547148585319519,0.16701269149780273
36.770389556884766,-0.03748751059174538,0.5231075286865234,-6.996616363525391,0.39956900477409363,0.2040172964334488
36.81037139892578,-0.03733258694410324,0.5379624366760254,-6.988400459289551,0.3712998628616333,0.22492194175720215
36.8503532409668,-0.03739771991968155,0.5528788566589355,-6.980207443237305,0.3868861198425293,0.20763643085956573
36.89038848876953,-0.03734448552131653,0.5686111450195312,-6.971899509429932,0.4036337435245514,0.2176486849784851
36.93036651611328,-0.03741523623466492,0.5838937759399414,-6.963825225830078,0.37428703904151917,0.20757117867469788
36.97040557861328,-0.0372869037091732,0.5980954170227051,-6.955735683441162,0.35267865657806396,0.20224756002426147
37.0103874206543,-0.03715081512928009,0.6131982803344727,-6.945989608764648,0.3302210569381714,0.20637762546539307
37.05039978027344,-0.03703557699918747,0.6257033348083496,-6.938026428222656,0.3048309087753296,0.2001107931137085
37.09040451049805,-0.03710601478815079,0.6372933387756348,-6.930187702178955,0.28327009081840515,0.19597014784812927
37.13041687011719,-0.03701000288128853,0.647620677947998,-6.9223408699035645,0.25696608424186707,0.2015582025051117
37.17045211791992,-0.036913879215717316,0.6569390296936035,-6.914592742919922,0.23054789006710052,0.19897864758968353
37.21044158935547,-0.03692426532506943,0.6657114028930664,-6.906743049621582,0.21589933335781097,0.19917148351669312
37.25047302246094,-0.03698565810918808,0.6740670204162598,-6.898908615112305,0.209994837641716,0.19658388197422028
37.29045486450195,-0.0368807390332222,0.6829347610473633,-6.890161037445068,0.19925712049007416,0.19787228107452393
37.33048629760742,-0.03674627095460892,0.6906423568725586,-6.882297515869141,0.19933904707431793,0.2033350020647049
37.37047576904297,-0.03674797713756561,0.6984148025512695,-6.874399185180664,0.1974085420370102,0.2020963430404663
37.410484313964844,-0.03677837923169136,0.7062215805053711,-6.866490364074707,0.19929273426532745,0.2020091414451599
37.450496673583984,-0.036747559905052185,0.7140078544616699,-6.8583269119262695,0.20400390028953552,0.2120337188243866
37.49052810668945,-0.036660484969615936,0.7222175598144531,-6.849859237670898,0.2148974984884262,0.22366029024124146
37.530513763427734,-0.036654941737651825,0.7304258346557617,-6.841495513916016,0.210964173078537,0.2129349559545517
37.57054138183594,-0.03655968979001045,0.739933967590332,-6.831477642059326,0.21589027345180511,0.22995799779891968
37.61052322387695,-0.036355193704366684,0.7482147216796875,-6.822381973266602,0.20307107269763947,0.22924743592739105
37.65053176879883,-0.03634316474199295,0.7560019493103027,-6.813192844390869,0.21198861300945282,0.252677857875824
37.69056701660156,-0.03613903000950813,0.7633042335510254,-6.803637504577637,0.18557459115982056,0.257190078496933
37.73054885864258,-0.036158930510282516,0.7698369026184082,-6.793701171875,0.16992421448230743,0.2576024830341339
37.77058029174805,-0.036231547594070435,0.775510311126709,-6.783479690551758,0.15229468047618866,0.2727823555469513
37.8105583190918,-0.036224883049726486,0.7802257537841797,-6.772886276245117,0.12024322152137756,0.2849205732345581
37.8505973815918,-0.036223605275154114,0.7836055755615234,-6.761351108551025,0.05959547311067581,0.2962336540222168
37.890625,-0.036344122141599655,0.7849903106689453,-6.748845100402832,0.004882894456386566,0.3048093020915985
37.93061065673828,-0.03653925657272339,0.7846403121948242,-6.736743450164795,-0.004007144831120968,0.30997705459594727
37.97059631347656,-0.036573827266693115,0.784064769744873,-6.724795341491699,-0.03132576867938042,0.2964939773082733
38.01060104370117,-0.03665000572800636,0.7818107604980469,-6.713201522827148,-0.07534704357385635,0.2957860231399536
38.05060958862305,-0.036851540207862854,0.7766342163085938,-6.7023491859436035,-0.1135876402258873,0.3008494973182678
38.09061813354492,-0.037091635167598724,0.7728147506713867,-6.690942764282227,-0.04913688823580742,0.30161967873573303
38.13065719604492,-0.037282783538103104,0.7733893394470215,-6.678851127624512,0.07997634261846542,0.3277318477630615
38.17063522338867,-0.037311628460884094,0.7777576446533203,-6.666441440582275,0.13759221136569977,0.31904658675193787
38.210670471191406,-0.03725849464535713,0.7822089195251465,-6.654218673706055,0.12299555540084839,0.3345786929130554
38.25065612792969,-0.03728814050555229,0.786046028137207,-6.6419806480407715,0.11143113672733307,0.32830727100372314
38.29066467285156,-0.037122692912817,0.7903404235839844,-6.629746437072754,0.1408054083585739,0.32120442390441895
38.33066940307617,-0.03706477954983711,0.7958035469055176,-6.617979526519775,0.17095017433166504,0.31169354915618896
38.370704650878906,-0.036884915083646774,0.8026094436645508,-6.606362342834473,0.19425994157791138,0.3057807683944702
38.41067886352539,-0.036670438945293427,0.8094568252563477,-6.595104694366455,0.19053342938423157,0.3031068444252014
38.450714111328125,-0.03668356314301491,0.815772533416748,-6.583060264587402,0.13080871105194092,0.2985202372074127
38.490699768066406,-0.036596786230802536,0.8191995620727539,-6.571717739105225,0.08115234225988388,0.290183424949646
38.53073501586914,-0.036588504910469055,0.8211331367492676,-6.5605082511901855,0.062425121665000916,0.3036775588989258
38.57072067260742,-0.03646426275372505,0.8229885101318359,-6.549269199371338,0.05479197949171066,0.29835617542266846
38.6107292175293,-0.03642510622739792,0.8238439559936523,-6.537879943847656,-0.004927299916744232,0.2766188979148865
38.65073776245117,-0.03639305382966995,0.8214788436889648,-6.527152061462402,-0.1025148406624794,0.2609500288963318
38.69075012207031,-0.0364999882876873,0.8141164779663086,-6.517005443572998,-0.21008624136447906,0.2682168483734131
38.73075866699219,-0.036685969680547714,0.803985595703125,-6.507973670959473,-0.17377932369709015,0.28511762619018555
38.77080154418945,-0.0367405004799366,0.7994561195373535,-6.497133255004883,-0.058796074241399765,0.2784835696220398
38.8107795715332,-0.036742787808179855,0.7990531921386719,-6.486630916595459,0.02644159644842148,0.2575691342353821
38.85081100463867,-0.036730486899614334,0.8018050193786621,-6.477209568023682,0.11521108448505402,0.24517519772052765
38.89081954956055,-0.036558836698532104,0.8068790435791016,-6.468690395355225,0.15524981915950775,0.2182149887084961
38.93082809448242,-0.036191653460264206,0.8124022483825684,-6.460716247558594,0.14574287831783295,0.20383282005786896
38.97080612182617,-0.03586018458008766,0.8174571990966797,-6.453150749206543,0.14068247377872467,0.2116367369890213
39.010841369628906,-0.03560600057244301,0.8225922584533691,-6.445487022399902,0.12315434217453003,0.18966054916381836
39.05082321166992,-0.03523283824324608,0.8269743919372559,-6.438833713531494,0.12806443870067596,0.1756201982498169
39.090858459472656,-0.03493737429380417,0.8314385414123535,-6.43278169631958,0.12808988988399506,0.1622859090566635
39.13084030151367,-0.03475465252995491,0.8360376358032227,-6.427199840545654,0.12998844683170319,0.15275336802005768
39.17087936401367,-0.034539539366960526,0.8402891159057617,-6.422481060028076,0.1153150126338005,0.11729336529970169
39.21086502075195,-0.03432709351181984,0.8442487716674805,-6.41837739944458,0.11305289715528488,0.10905403643846512
39.25087356567383,-0.034113846719264984,0.8479824066162109,-6.414895534515381,0.09873868525028229,0.09336871653795242
39.29090881347656,-0.03406216949224472,0.8508095741271973,-6.4121222496032715,0.07905767858028412,0.06697705388069153
39.33088684082031,-0.03397743031382561,0.8534059524536133,-6.40983772277832,0.06647490710020065,0.054397355765104294
39.37091827392578,-0.03396596759557724,0.8554916381835938,-6.408003330230713,0.0487377867102623,0.04135657101869583
39.41090393066406,-0.03379976749420166,0.8571815490722656,-6.406505107879639,0.03608958423137665,0.029445622116327286
39.45094299316406,-0.0337514653801918,0.8582220077514648,-6.405836582183838,0.0205078125,0.011702599935233593
39.49092483520508,-0.033746812492609024,0.8590116500854492,-6.40568208694458,0.010842042043805122,-0.006594441831111908
39.53095626831055,-0.033747170120477676,0.8591213226318359,-6.406339168548584,6.366929301293567e-05,-0.020099256187677383
39.5709342956543,-0.033746812492609024,0.8590116500854492,-6.4075093269348145,-0.0018317361827939749,-0.030162421986460686
39.6109733581543,-0.033826857805252075,0.858924388885498,-6.409304618835449,-0.0038812290877103806,-0.05831579118967056
39.65095138549805,-0.03393997997045517,0.8590655326843262,-6.41130256652832,0.004922674503177404,-0.049885887652635574
39.690982818603516,-0.03390384092926979,0.8590116500854492,-6.413609504699707,-0.0030300067737698555,-0.05467658489942551
39.73099136352539,-0.03414057195186615,0.8588147163391113,-6.415963649749756,-0.0008720994810573757,-0.06135239452123642
39.771026611328125,-0.03414293751120567,0.8584198951721191,-6.418425559997559,-0.01159137673676014,-0.0656982958316803
39.811004638671875,-0.03422228619456291,0.8581123352050781,-6.421004295349121,-0.002867539878934622,-0.07123474031686783
39.85103988647461,-0.03430236876010895,0.858025074005127,-6.423542022705078,0.002941285027191043,-0.06423092633485794
39.89102554321289,-0.03434395417571068,0.858278751373291,-6.42575740814209,0.0067817033268511295,-0.05689079314470291
39.93106460571289,-0.034420933574438095,0.8583660125732422,-6.427779197692871,-0.0030025660526007414,-0.05406123027205467
39.97104263305664,-0.034459080547094345,0.8579154014587402,-6.429553985595703,-0.020569095388054848,-0.04810566455125809
40.01109313964844,-0.034505147486925125,0.857269287109375,-6.430883407592773,-0.028316888958215714,-0.04372711479663849
40.051063537597656,-0.03451274335384369,0.8561949729919434,-6.4320597648620605,-0.023580191656947136,-0.026299186050891876
40.091094970703125,-0.034552861005067825,0.8552379608154297,-6.432902812957764,-0.025361815467476845,-0.02472240850329399
40.131080627441406,-0.03467065840959549,0.8545889854431152,-6.433551788330078,-0.013652948662638664,-0.013652948662638664
40.17111587524414,-0.0346730500459671,0.8541936874389648,-6.4337849617004395,-0.0049371905624866486,0.0017995345406234264
40.21110153198242,-0.03470863029360771,0.8541374206542969,-6.433769702911377,0.003970559686422348,0.005939367227256298
40.25113296508789,-0.03474495932459831,0.8543014526367188,-6.433605670928955,0.009618648327887058,0.008282109163701534
40.29111099243164,-0.034742601215839386,0.8546967506408691,-6.4330902099609375,0.009692134335637093,0.009692134335637093
40.33114242553711,-0.03466008976101875,0.8551793098449707,-6.432511806488037,0.015774989500641823,0.013795968145132065
40.37112808227539,-0.03465575724840164,0.8560795783996582,-6.43172550201416,0.02238084189593792,0.019023114815354347
40.411136627197266,-0.03465377911925316,0.8565845489501953,-6.43101692199707,0.01085647288709879,0.014842739328742027
40.451168060302734,-0.03457169979810715,0.8571767807006836,-6.430340766906738,0.01653866283595562,0.015201523900032043
40.491153717041016,-0.034451182931661606,0.8581099510192871,-6.429485321044922,0.012647840194404125,0.009982009418308735
40.531185150146484,-0.034449201077222824,0.8586149215698242,-6.428974628448486,0.01859867386519909,0.010524164885282516
40.571170806884766,-0.0343671590089798,0.8592066764831543,-6.428388595581055,0.012676888145506382,0.021494261920452118
40.611202239990234,-0.03448064625263214,0.8594579696655273,-6.428155422210693,0.008668528869748116,0.0060024745762348175
40.651187896728516,-0.03447793051600456,0.8597421646118164,-6.427978992462158,0.0030537538696080446,0.005079728551208973
40.691219329833984,-0.034400973469018936,0.8596549034118652,-6.428012371063232,-0.006956195458769798,-0.002236363012343645
40.731204986572266,-0.034400973469018936,0.8596549034118652,-6.42815637588501,7.052189175738022e-06,-0.008042632602155209
40.771240234375,-0.034359414130449295,0.8594012260437012,-6.428410053253174,-0.007776545360684395,-0.009808369912207127
40.811222076416016,-0.03443869575858116,0.8590941429138184,-6.428692817687988,-0.004933767486363649,-0.008238566108047962
40.85125732421875,-0.03444140404462814,0.8588094711303711,-6.429109573364258,-0.012815698981285095,-0.016856128349900246
40.89126968383789,-0.03447945415973663,0.8583583831787109,-6.429464817047119,-0.0136973662301898,-0.012360751628875732
40.931251525878906,-0.03448176011443138,0.8579635620117188,-6.429931640625,-0.00978765543550253,-0.013135746121406555
40.97126007080078,-0.03456144779920578,0.8577666282653809,-6.430146217346191,-0.012625600211322308,-0.016636904329061508
41.011295318603516,-0.034483667463064194,0.8574590682983398,-6.430381774902344,-0.007837974466383457,-0.01051105372607708
41.05127716064453,-0.03448636829853058,0.8571739196777344,-6.430691242218018,-0.004886229522526264,-0.00957835465669632
41.09128952026367,-0.034522052854299545,0.8571176528930664,-6.430681228637695,-0.003969065845012665,-0.0006207888945937157
41.1313591003418,-0.03436495363712311,0.8571176528930664,-6.430705547332764,0.0001303003227803856,0.0014670270029455423
41.17130661010742,-0.03444235771894455,0.8573150634765625,-6.430501937866211,0.004987996071577072,0.00568122835829854
41.21133804321289,-0.03447845205664635,0.8573689460754395,-6.43034029006958,0.003924868069589138,0.003232931951060891
41.25132751464844,-0.03444007411599159,0.8577098846435547,-6.430095195770264,0.004820219241082668,0.00684619415551424
41.29133987426758,-0.03428340330719948,0.8578200340270996,-6.429835319519043,0.0030344538390636444,0.0030344538390636444
41.33137512207031,-0.034316856414079666,0.8581585884094238,-6.429592609405518,0.011558415368199348,0.011558415368199348
41.371402740478516,-0.034237202256917953,0.8583555221557617,-6.429317951202393,0.00857849232852459,0.011885231360793114
41.4113883972168,-0.03435074910521507,0.8586068153381348,-6.4291205406188965,0.007761696353554726,-0.0009559104219079018
41.45136642456055,-0.03435074910521507,0.8586068153381348,-6.4291205406188965,-0.001938137225806713,0.006084022112190723
41.491371154785156,-0.03435074910521507,0.8586068153381348,-6.429156303405762,0.0011912933550775051,-0.0014740903861820698
41.531375885009766,-0.03450779616832733,0.8586068153381348,-6.429126262664795,-0.00081885966937989,-0.0014588558115065098
41.571414947509766,-0.03443039953708649,0.8584098815917969,-6.429359436035156,-0.006773448549211025,-0.004794371780008078
41.61140060424805,-0.03442998230457306,0.858299732208252,-6.4295172691345215,-0.0019565897528082132,-0.007287059910595417
41.651432037353516,-0.03446877375245094,0.8580684661865234,-6.429754734039307,-0.0086210947483778,-0.005262147635221481
41.69144058227539,-0.03446834906935692,0.8579587936401367,-6.429924011230469,-0.0019496725872159004,-0.00866739172488451
41.73142623901367,-0.03451230004429817,0.8578176498413086,-6.429927349090576,-0.003869042731821537,-0.001157928491011262
41.77143859863281,-0.034467924386262894,0.8578481674194336,-6.429938793182373,6.8943081714678556e-06,-0.003980038687586784
41.81144714355469,-0.03454799950122833,0.8577613830566406,-6.430037498474121,-0.001002091565169394,-0.00030131626408547163
41.8514518737793,-0.0345836877822876,0.8577046394348145,-6.430070400238037,0.0047142887488007545,0.008063405752182007
41.89148712158203,-0.034462735056877136,0.8577585220336914,-6.42996883392334,2.89083800453227e-05,0.0053764148615300655
41.93147277832031,-0.03442704305052757,0.8578147888183594,-6.429954528808594,0.0010494434973224998,0.005048413295298815
41.971500396728516,-0.03442440554499626,0.8580994606018066,-6.429651737213135,-0.0011697595473378897,-0.009912422858178616
42.011478424072266,-0.03446054458618164,0.8581533432006836,-6.429633617401123,4.7485242248512805e-05,-0.0012856910470873117
42.051513671875,-0.03442483767867088,0.8582096099853516,-6.429493427276611,-0.000929126690607518,0.00650432426482439
42.09149169921875,-0.034502264112234116,0.8584070205688477,-6.429379940032959,0.010786252096295357,0.0047792731784284115
42.13154602050781,-0.03434520959854126,0.8584070205688477,-6.4293084144592285,-0.0038439154159277678,0.00016570254229009151
42.171512603759766,-0.034502264112234116,0.8584070205688477,-6.429320335388184,0.0019206610741093755,-0.00010548357386142015
42.211544036865234,-0.03434520959854126,0.8584070205688477,-6.429404258728027,-0.0020731687545776367,-0.0007369290105998516
42.251564025878906,-0.03434520959854126,0.8584070205688477,-6.429356098175049,0.0038554633501917124,0.0018291487358510494
42.29155731201172,-0.03434520959854126,0.8584070205688477,-6.429458141326904,-0.0028246529400348663,-0.009562510997056961
42.331539154052734,-0.03426777571439743,0.8582096099853516,-6.42951774597168,-0.0026498164515942335,-0.0026498164515942335
42.37157440185547,-0.03418772667646408,0.8582968711853027,-6.429526329040527,2.527438846300356e-05,2.527438846300356e-05
42.41156005859375,-0.034110717475414276,0.8582096099853516,-6.429559707641602,0.0002017240913119167,-0.0025178035721182823
42.45159149169922,-0.034146420657634735,0.8581533432006836,-6.429633617401123,-0.0010672372300177813,0.004303029738366604
42.491573333740234,-0.034110281616449356,0.8580994606018066,-6.429675579071045,0.0009697161731310189,0.0009697161731310189
42.53157424926758,-0.034110281616449356,0.8580994606018066,-6.429681777954102,-0.0030168460216373205,-0.00035837222822010517
42.57158660888672,-0.03403327241539955,0.8580121994018555,-6.429673194885254,0.003985123243182898,0.01400836743414402
42.61161804199219,-0.03406941145658493,0.8580660820007324,-6.429727077484131,0.0027922666631639004,0.006152058951556683
42.6515998840332,-0.03406941145658493,0.8580660820007324,-6.42958927154541,-0.0009513806435279548,0.010458375327289104
42.69163131713867,-0.03395365551114082,0.8582096099853516,-6.429577350616455,0.0030985577031970024,0.0030985577031970024
42.73161697387695,-0.03391234576702118,0.8580656051635742,-6.4296135902404785,-0.004944402724504471,0.00044162943959236145
42.77164840698242,-0.0339898020029068,0.8582630157470703,-6.429506301879883,0.00497648399323225,0.0002975701354444027
42.81162643432617,-0.03382331505417824,0.8582196235656738,-6.429286003112793,-0.0037322486750781536,0.01047278568148613
42.85163497924805,-0.033694565296173096,0.8586955070495605,-6.427563667297363,0.046541355550289154,0.07727159559726715
42.89164352416992,-0.033974334597587585,0.861323356628418,-6.423215866088867,0.0934155136346817,0.1546047180891037
42.9316520690918,-0.034284982830286026,0.8644356727600098,-6.416298866271973,0.0687924325466156,0.18597474694252014
42.9716911315918,-0.03388882800936699,0.8660516738891602,-6.4072585105896,0.01886872760951519,0.23725078999996185
43.011695861816406,-0.03283572196960449,0.8659491539001465,-6.396203517913818,-0.034204717725515366,0.29246675968170166
43.05167770385742,-0.03153092786669731,0.8624248504638672,-6.381661891937256,-0.1346883773803711,0.4058023691177368
43.091712951660156,-0.030360262840986252,0.8521027565002441,-6.365540504455566,-0.2746873199939728,0.4424402415752411
43.13169479370117,-0.02990027703344822,0.8385705947875977,-6.347212791442871,-0.3932613134384155,0.48258376121520996
43.17170333862305,-0.029499756172299385,0.8207383155822754,-6.324885845184326,-0.4397597014904022,0.6509865522384644
43.21171188354492,-0.02874935045838356,0.8032426834106445,-6.297009468078613,-0.39542946219444275,0.7197250127792358
43.25174331665039,-0.02783609926700592,0.7881355285644531,-6.271028518676758,-0.3412953019142151,0.6164169311523438
43.29172134399414,-0.026944003999233246,0.7732458114624023,-6.247958183288574,-0.38334426283836365,0.5879130363464355
43.33176040649414,-0.02638612687587738,0.7587766647338867,-6.222855567932129,-0.3297511637210846,0.6610550880432129
43.37175369262695,-0.026182526722550392,0.744877815246582,-6.199573040008545,-0.2772511839866638,0.6204433441162109
43.411746978759766,-0.026152927428483963,0.7341675758361816,-6.177944183349609,-0.22740815579891205,0.506372332572937
43.451751708984375,-0.02590235508978367,0.7265915870666504,-6.159496307373047,-0.13566024601459503,0.46114999055862427
43.491764068603516,-0.025741584599018097,0.7236499786376953,-6.141849040985107,-0.016499478369951248,0.44540560245513916
43.53177261352539,-0.025468669831752777,0.7259173393249512,-6.124613285064697,0.11139814555644989,0.4398062825202942
43.57178497314453,-0.025094136595726013,0.7308869361877441,-6.107611656188965,0.14344266057014465,0.43808895349502563
43.611793518066406,-0.024622540920972824,0.7359609603881836,-6.091278553009033,0.13368313014507294,0.4100165367126465
43.651798248291016,-0.024023661389946938,0.7414932250976562,-6.074822425842285,0.14159409701824188,0.40532875061035156
43.69180679321289,-0.02344583533704281,0.746401309967041,-6.059530258178711,0.14163179695606232,0.4035588502883911
43.73181915283203,-0.022899875417351723,0.7501940727233887,-6.044519901275635,0.08789251744747162,0.3909059166908264
43.77182388305664,-0.022419128566980362,0.752471923828125,-6.02948522567749,0.061485350131988525,0.38242265582084656
43.811859130859375,-0.022275486961007118,0.7545952796936035,-6.014808177947998,0.05561461299657822,0.3691153824329376
43.85184097290039,-0.02227799780666828,0.7565727233886719,-6.000493049621582,0.0469338558614254,0.36154037714004517
43.89187240600586,-0.022406909614801407,0.7574477195739746,-5.985758304595947,-0.00881654117256403,0.36925452947616577
43.931854248046875,-0.022533535957336426,0.7559370994567871,-5.9710540771484375,-0.050902947783470154,0.37663114070892334
43.97185516357422,-0.022725608199834824,0.7550606727600098,-5.955536365509033,0.014573328197002411,0.4046776294708252
44.011863708496094,-0.022935306653380394,0.7570710182189941,-5.938443660736084,0.06158856675028801,0.4520564377307892
44.05187225341797,-0.023097185418009758,0.758115291595459,-5.919327259063721,-0.005024153273552656,0.49487218260765076
44.09187698364258,-0.023255782201886177,0.7557296752929688,-5.8986310958862305,-0.09578005969524384,0.5370810031890869
44.13188171386719,-0.023522911593317986,0.7474775314331055,-5.87665319442749,-0.2637943625450134,0.5512442588806152
44.1718864440918,-0.024058986455202103,0.7341289520263672,-5.854948043823242,-0.3517637550830841,0.5656453371047974
44.21189498901367,-0.024675941094756126,0.7213339805603027,-5.830963134765625,-0.23464122414588928,0.6771694421768188
44.25190734863281,-0.02537704072892666,0.7147812843322754,-5.803828239440918,-0.06747923046350479,0.7167031764984131
44.29191970825195,-0.02610420249402523,0.7130928039550781,-5.7750468254089355,-0.05272760987281799,0.7221378087997437
44.33192825317383,-0.02668929286301136,0.7086544036865234,-5.747768878936768,-0.15336273610591888,0.6673796772956848
44.37199020385742,-0.027243120595812798,0.6979799270629883,-5.719794273376465,-0.3086187541484833,0.7420443296432495
44.41194534301758,-0.02767494134604931,0.686091423034668,-5.6865620613098145,-0.25805607438087463,0.8708826303482056
44.451942443847656,-0.028221311047673225,0.676483154296875,-5.65199089050293,-0.23588141798973083,0.8671281337738037
44.49198532104492,-0.029064105823636055,0.6648797988891602,-5.618742942810059,-0.3345164954662323,0.8538005352020264
44.53196716308594,-0.03041440062224865,0.6479883193969727,-5.582406520843506,-0.34788694977760315,1.0707571506500244
44.571998596191406,-0.031990449875593185,0.6367831230163574,-5.541696071624756,-0.22671818733215332,0.993931770324707
44.61198043823242,-0.03409602493047714,0.6275758743286133,-5.505423069000244,-0.25590312480926514,0.9081835746765137
44.65201187133789,-0.03651686757802963,0.6154732704162598,-5.4646453857421875,-0.30793294310569763,1.131779432296753
44.6920166015625,-0.03891384229063988,0.6023168563842773,-5.419882297515869,-0.3366425037384033,1.082527756690979
44.73199462890625,-0.04077674448490143,0.587371826171875,-5.377464771270752,-0.40039685368537903,1.1122140884399414
44.77199935913086,-0.04187322407960892,0.5715460777282715,-5.327245235443115,-0.3674229383468628,1.2891106605529785
44.812007904052734,-0.04199878126382828,0.554865837097168,-5.282440662384033,-0.37269124388694763,1.122506022453308
44.8520393371582,-0.04155779257416725,0.539914608001709,-5.232287406921387,-0.35313165187835693,1.341517686843872
44.892024993896484,-0.04088134691119194,0.5250649452209473,-5.180918216705322,-0.39017215371131897,1.1993825435638428
44.93205642700195,-0.04026369750499725,0.5083537101745605,-5.129097938537598,-0.38897278904914856,1.4609060287475586
44.97203826904297,-0.04005064070224762,0.4944281578063965,-5.072424411773682,-0.32470637559890747,1.3416664600372314
45.01207733154297,-0.040594588965177536,0.47910499572753906,-5.018298625946045,-0.3957381844520569,1.4696924686431885
45.052059173583984,-0.04214997589588165,0.4646148681640625,-4.9588704109191895,-0.3331570625305176,1.4357436895370483
45.09209060668945,-0.04410379379987717,0.44860267639160156,-4.903366565704346,-0.4242348372936249,1.5083355903625488
45.132076263427734,-0.04612430930137634,0.4322776794433594,-4.841800212860107,-0.30481261014938354,1.5264744758605957
45.17211151123047,-0.04713922739028931,0.41820573806762695,-4.783732891082764,-0.3790055215358734,1.556560754776001
45.212093353271484,-0.04697087034583092,0.40432310104370117,-4.719352722167969,-0.305748850107193,1.5279717445373535
45.252098083496094,-0.04616430029273033,0.3913083076477051,-4.660971641540527,-0.32354795932769775,1.566428303718567
45.292137145996094,-0.044986966997385025,0.3795146942138672,-4.596887111663818,-0.24705038964748383,1.526780128479004
45.33211898803711,-0.043731220066547394,0.36980533599853516,-4.540083885192871,-0.23508258163928986,1.4866950511932373
45.372127532958984,-0.04246615618467331,0.36099767684936523,-4.475476264953613,-0.20545366406440735,1.6108245849609375
45.41216278076172,-0.04113828018307686,0.3513360023498535,-4.417564868927002,-0.2151772528886795,1.4989680051803589
45.45217514038086,-0.04043099656701088,0.34372663497924805,-4.351812839508057,-0.16729207336902618,1.6426836252212524
45.492191314697266,-0.040269892662763596,0.33591794967651367,-4.293055057525635,-0.20630881190299988,1.446051836013794
45.53217697143555,-0.040791451930999756,0.32893943786621094,-4.228445529937744,-0.12991581857204437,1.6593222618103027
45.572208404541016,-0.041935987770557404,0.32291746139526367,-4.1662774085998535,-0.18423524498939514,1.5029609203338623
45.61219024658203,-0.04287384822964668,0.3156862258911133,-4.100236892700195,-0.14587977528572083,1.7168715000152588
45.652198791503906,-0.04372233897447586,0.3106880187988281,-4.036272048950195,-0.13151609897613525,1.5287503004074097
45.69223403930664,-0.04382273554801941,0.3024435043334961,-3.9716105461120605,-0.16899633407592773,1.734132170677185
45.732215881347656,-0.043416403234004974,0.29657411575317383,-3.907036781311035,-0.15084141492843628,1.5156311988830566
45.77225112915039,-0.042509857565164566,0.28896188735961914,-3.8411617279052734,-0.19110120832920074,1.7884132862091064
45.81223678588867,-0.04161930829286575,0.28347063064575195,-3.773543357849121,-0.10979989171028137,1.574342131614685
45.852272033691406,-0.040573738515377045,0.27751874923706055,-3.706073760986328,-0.17073020339012146,1.8179627656936646
45.89225769042969,-0.03986585512757301,0.27143192291259766,-3.637139320373535,-0.14212356507778168,1.6026532649993896
45.9322624206543,-0.04000074416399002,0.26474523544311523,-3.568678855895996,-0.17356976866722107,1.8649111986160278
45.97229766845703,-0.04132015258073807,0.25763368606567383,-3.4995288848876953,-0.14986509084701538,1.5999627113342285
46.01227951049805,-0.042753174901008606,0.25190114974975586,-3.4314024448394775,-0.12292701005935669,1.843818187713623
46.05228805541992,-0.04386639967560768,0.2471752166748047,-3.3621199131011963,-0.13068534433841705,1.5935882329940796
46.09232711791992,-0.04424883425235748,0.2420501708984375,-3.2938475608825684,-0.10006026178598404,1.8554743528366089
46.13230895996094,-0.04394647851586342,0.2391667366027832,-3.2234115600585938,-0.08616142719984055,1.633712887763977
46.17232131958008,-0.042968254536390305,0.23428630828857422,-3.1545231342315674,-0.11989855021238327,1.8627021312713623
46.21232604980469,-0.041795674711465836,0.23096847534179688,-3.083017349243164,-0.08413088321685791,1.6663895845413208
46.25233840942383,-0.04097399115562439,0.22515583038330078,-3.012957811355591,-0.1290966421365738,1.9317559003829956
46.29237365722656,-0.041194166988134384,0.22197294235229492,-2.9412992000579834,-0.06672541797161102,1.6285650730133057
46.33235168457031,-0.04185948148369789,0.21752119064331055,-2.8738577365875244,-0.1343737691640854,1.8376649618148804
46.37236404418945,-0.042888544499874115,0.2142791748046875,-2.802276134490967,-0.045457109808921814,1.6773608922958374
46.412376403808594,-0.04370341822504997,0.2113800048828125,-2.731801986694336,-0.09575115144252777,1.9182382822036743
46.45240783691406,-0.044436100870370865,0.20804595947265625,-2.658311128616333,-0.07014065980911255,1.686497449874878
46.49238967895508,-0.04458159953355789,0.20465564727783203,-2.588106155395508,-0.10455978661775589,1.9020217657089233
46.53241729736328,-0.04387824982404709,0.20081424713134766,-2.5145955085754395,-0.09891463071107864,1.6953866481781006
46.5723991394043,-0.042034365236759186,0.19644451141357422,-2.4432427883148193,-0.09635921567678452,1.9593582153320312
46.612430572509766,-0.0404965914785862,0.1930065155029297,-2.3689093589782715,-0.10652463883161545,1.6978349685668945
46.652442932128906,-0.04042219743132591,0.18868732452392578,-2.297212600708008,-0.09340966492891312,1.9351855516433716
46.692420959472656,-0.04160354658961296,0.18590641021728516,-2.223450183868408,-0.09147323668003082,1.7161946296691895
46.73248291015625,-0.04312240704894066,0.18142127990722656,-2.149660348892212,-0.09720207005739212,1.9682016372680664
46.77243423461914,-0.04364490136504173,0.17901611328125,-2.0748870372772217,-0.07149530202150345,1.745807409286499
46.81247329711914,-0.04215312376618385,0.17450809478759766,-1.999891757965088,-0.11088226735591888,1.9533331394195557
46.852455139160156,-0.039757128804922104,0.17074203491210938,-1.9278275966644287,-0.10579056292772293,1.6975769996643066
46.89246368408203,-0.03889923170208931,0.16597747802734375,-1.852567434310913,-0.098151795566082,1.9653321504592896
46.93246841430664,-0.0399676114320755,0.1639699935913086,-1.779841423034668,-0.03907938301563263,1.7419825792312622
46.972476959228516,-0.0420115701854229,0.16167163848876953,-1.7043381929397583,-0.05733410641551018,1.916616439819336
47.012508392333984,-0.043216705322265625,0.16002225875854492,-1.6333690881729126,-0.038383182138204575,1.7150859832763672
47.052490234375,-0.042437594383955,0.15836048126220703,-1.5578525066375732,-0.04209432378411293,1.9399336576461792
47.092498779296875,-0.040035683661699295,0.15704584121704102,-1.4861292839050293,-0.03028852678835392,1.7142610549926758
47.132530212402344,-0.03675705939531326,0.15615606307983398,-1.41109299659729,-0.02111968956887722,1.9234317541122437
47.172515869140625,-0.03373115509748459,0.1550288200378418,-1.3393081426620483,-0.05041692778468132,1.715732216835022
47.212547302246094,-0.030537132173776627,0.1542196273803711,-1.263927698135376,-0.0008772542933002114,1.9384745359420776
47.252532958984375,-0.02717900276184082,0.15404558181762695,-1.1909440755844116,-0.03476567938923836,1.7643156051635742
47.292564392089844,-0.024440940469503403,0.15315580368041992,-1.1153684854507446,-0.007011428941041231,1.8932238817214966
47.33254623413086,-0.02474961057305336,0.15277385711669922,-1.0455228090286255,-0.04677844047546387,1.6678329706192017
47.37255096435547,-0.029498673975467682,0.1506342887878418,-0.9716764688491821,-0.024671006947755814,1.921068549156189
47.41258239746094,-0.03804514929652214,0.15168142318725586,-0.8994190692901611,0.015465698204934597,1.710471272468567
47.45256423950195,-0.04444366320967674,0.15128850936889648,-0.8248445987701416,-0.011511621996760368,1.9234291315078735
47.49257278442383,-0.04690529406070709,0.15189456939697266,-0.7530761957168579,0.006615007296204567,1.6961801052093506
47.53260040283203,-0.04428204521536827,0.1504526138305664,-0.6803118586540222,-0.05706646665930748,1.912575602531433
47.57258224487305,-0.03851591423153877,0.15007495880126953,-0.6067708134651184,-0.0013448861427605152,1.7314857244491577
47.61262130737305,-0.0323774479329586,0.15045166015625,-0.5320858955383301,-0.004932709038257599,1.9400651454925537
47.65260314941406,-0.029773909598588943,0.15044212341308594,-0.4590575695037842,-0.009320292621850967,1.714712381362915
47.69263458251953,-0.032199107110500336,0.14967727661132812,-0.38635313510894775,-0.01226582657545805,1.9096471071243286
47.732635498046875,-0.039115335792303085,0.14913272857666016,-0.31524401903152466,-0.019831568002700806,1.6553897857666016
47.772647857666016,-0.04577169939875603,0.14902448654174805,-0.24535837769508362,0.01200114469975233,1.8702930212020874
47.8126335144043,-0.049416348338127136,0.1508173942565918,-0.17215746641159058,0.023368041962385178,1.7155423164367676
47.852638244628906,-0.04926259070634842,0.15102481842041016,-0.100308358669281,0.0038749841041862965,1.9141546487808228
47.89267349243164,-0.04502969607710838,0.15313005447387695,-0.02639363706111908,0.04901157692074776,1.7072110176086426
47.932647705078125,-0.039178311824798584,0.15362215042114258,0.042606279253959656,-0.02469797059893608,1.8242812156677246
47.97265625,-0.03397301211953163,0.15439653396606445,0.11633463203907013,0.04120318591594696,1.7686772346496582
48.012691497802734,-0.03138826787471771,0.15562152862548828,0.1858217716217041,-0.008904964663088322,1.804201602935791
48.052677154541016,-0.032876528799533844,0.15608501434326172,0.2602459192276001,0.05504276975989342,1.8057466745376587
48.092716217041016,-0.036645494401454926,0.15859460830688477,0.32584643363952637,0.03242902085185051,1.6248193979263306
48.132694244384766,-0.040439873933792114,0.16002845764160156,0.39783143997192383,0.046351172029972076,1.8319059610366821
48.172733306884766,-0.04198574647307396,0.16277503967285156,0.46579018235206604,0.05354790389537811,1.6505931615829468
48.212711334228516,-0.04105902090668678,0.16485166549682617,0.5382201671600342,0.046155333518981934,1.840950608253479
48.252716064453125,-0.03790421783924103,0.16684532165527344,0.6078587770462036,0.038669828325510025,1.64888596534729
48.292724609375,-0.0351894311606884,0.16853046417236328,0.6782554984092712,0.0328805185854435,1.836063265800476
48.332759857177734,-0.03539770096540451,0.16942501068115234,0.7484728097915649,-0.001435549696907401,1.6456319093704224
48.372745513916016,-0.03779678791761398,0.1691293716430664,0.8179733157157898,0.006698248907923698,1.873753309249878
48.41275405883789,-0.04037810489535332,0.1706695556640625,0.8903762102127075,0.030242735520005226,1.684005856513977
48.452762603759766,-0.041604045778512955,0.1705493927001953,0.9584522843360901,-0.014791995286941528,1.7959266901016235
48.492801666259766,-0.04112342745065689,0.17207813262939453,1.0294716358184814,0.062205519527196884,1.702797293663025
48.53278350830078,-0.0392594076693058,0.17322540283203125,1.0949501991271973,-0.0018029750790446997,1.6796164512634277
48.572792053222656,-0.036936383694410324,0.1740889549255371,1.1674613952636719,0.05965476855635643,1.8129075765609741
48.61282730102539,-0.035289619117975235,0.17740726470947266,1.2350990772247314,0.04447679966688156,1.6569222211837769
48.65281295776367,-0.03542139008641243,0.1778888702392578,1.3076717853546143,0.02569524012506008,1.8373444080352783
48.69281768798828,-0.03660694882273674,0.17930889129638672,1.3762154579162598,0.012452705763280392,1.6666264533996582
48.732852935791016,-0.037051279097795486,0.17833518981933594,1.4486809968948364,-0.03421531245112419,1.8577994108200073
48.77283477783203,-0.035922106355428696,0.17788124084472656,1.5171962976455688,0.004075862001627684,1.6230294704437256
48.812870025634766,-0.033679015934467316,0.17801666259765625,1.5867862701416016,0.0004318171995691955,1.8185063600540161
48.852901458740234,-0.03124072588980198,0.17879009246826172,1.6565948724746704,0.018995029851794243,1.6269913911819458
48.89286422729492,-0.028850987553596497,0.17989587783813477,1.725279688835144,0.043709896504879,1.833842158317566
48.93289566040039,-0.027410371229052544,0.18224620819091797,1.7953588962554932,0.05250415578484535,1.6373072862625122
48.97288131713867,-0.027324968948960304,0.18355083465576172,1.8588076829910278,0.034721825271844864,1.6448886394500732
49.01288604736328,-0.028759516775608063,0.18701648712158203,1.928342342376709,0.10966963320970535,1.7232698202133179
49.052921295166016,-0.03129732981324196,0.19031381607055664,1.9927952289581299,0.03445955738425255,1.5791887044906616
49.0929069519043,-0.034017905592918396,0.19328594207763672,2.0617523193359375,0.102796271443367,1.7221285104751587
49.132938385009766,-0.03650430589914322,0.19893932342529297,2.127183198928833,0.12102074176073074,1.539069652557373
49.17292785644531,-0.038414012640714645,0.2020564079284668,2.1921088695526123,0.050444088876247406,1.7137902975082397
49.21293640136719,-0.039258431643247604,0.20627832412719727,2.2599971294403076,0.10773486644029617,1.6177349090576172
49.25297164916992,-0.03916054591536522,0.20941543579101562,2.3222403526306152,0.034690309315919876,1.5775662660598755
49.29294967651367,-0.03775249794125557,0.21037721633911133,2.3911585807800293,0.049463119357824326,1.7474141120910645
49.33295822143555,-0.035322122275829315,0.2134714126586914,2.455899715423584,0.05667126178741455,1.5603965520858765
49.37299728393555,-0.032501451671123505,0.21500778198242188,2.52354097366333,0.01898324117064476,1.7507675886154175
49.4129753112793,-0.029745683073997498,0.21648168563842773,2.589963436126709,0.03540131822228432,1.555017352104187
49.45301055908203,-0.028016412630677223,0.217132568359375,2.6547420024871826,0.009075583890080452,1.7432184219360352
49.49299240112305,-0.02787621133029461,0.2175455093383789,2.723740577697754,0.016921183094382286,1.6333582401275635
49.53300094604492,-0.02928364835679531,0.21823692321777344,2.7858991622924805,0.012792049907147884,1.5907901525497437
49.57301330566406,-0.030972851440310478,0.21977806091308594,2.8540725708007812,0.0527755469083786,1.7086231708526611
49.6130256652832,-0.03224700316786766,0.22061586380004883,2.917006731033325,-0.007001384627074003,1.5416176319122314
49.65305709838867,-0.032894764095544815,0.2207632064819336,2.983959913253784,0.025090523064136505,1.7205709218978882
49.69303512573242,-0.0329345166683197,0.2223963737487793,3.0498645305633545,0.030908901244401932,1.5609313249588013
49.73303985595703,-0.032209206372499466,0.2220783233642578,3.1156036853790283,-0.004122090060263872,1.7530570030212402
49.7730712890625,-0.030721427872776985,0.22343111038208008,3.183534860610962,0.049638353288173676,1.6137686967849731
49.81305694580078,-0.029118871316313744,0.22313404083251953,3.247131586074829,-0.04308644309639931,1.6637955904006958
49.85306930541992,-0.0276877973228693,0.22283315658569336,3.3159077167510986,0.03215158358216286,1.6749438047409058
49.893096923828125,-0.02630608342587948,0.2242717742919922,3.376542568206787,0.013937805779278278,1.4959042072296143
49.93307876586914,-0.025400517508387566,0.22437286376953125,3.4422991275787354,0.02371933124959469,1.6756261587142944
49.97316360473633,-0.02505364827811718,0.22773265838623047,3.5065207481384277,0.08207892626523972,1.5265989303588867
50.013118743896484,-0.025049373507499695,0.23009014129638672,3.5715856552124023,0.03826235234737396,1.734550952911377
50.053104400634766,-0.02522156946361065,0.2315688133239746,3.6388039588928223,0.03606925532221794,1.5757439136505127
50.0931396484375,-0.025380458682775497,0.232330322265625,3.699714183807373,-0.0029099779203534126,1.5666911602020264
50.133148193359375,-0.025865670293569565,0.23240280151367188,3.7672698497772217,0.004053186159580946,1.6851850748062134
50.173126220703125,-0.02693004347383976,0.23256206512451172,3.8288962841033936,-0.010422902181744576,1.502415657043457
50.213134765625,-0.02932094596326351,0.23323917388916016,3.895780086517334,0.03555147349834442,1.712749719619751
50.25314712524414,-0.03276422247290611,0.23483800888061523,3.9603381156921387,0.00876636989414692,1.5013142824172974
50.293155670166016,-0.0357777401804924,0.23525047302246094,4.022948741912842,0.01010783202946186,1.660596251487732
50.33317184448242,-0.03652504086494446,0.23749589920043945,4.08878231048584,0.05023251101374626,1.568650722503662
50.37317657470703,-0.03461981192231178,0.2378835678100586,4.149247169494629,-0.00966789573431015,1.5536388158798218
50.4132080078125,-0.03163819760084152,0.23965883255004883,4.2168755531311035,0.06768551468849182,1.686366319656372
50.45318603515625,-0.029395515099167824,0.24208641052246094,4.278834819793701,0.01987612247467041,1.4960708618164062
50.49322509765625,-0.028738588094711304,0.2413330078125,4.342077255249023,-0.004562410991638899,1.6363377571105957
50.533203125,-0.0297077763825655,0.24389410018920898,4.404217720031738,0.08516649901866913,1.4461050033569336
50.5732421875,-0.03164029121398926,0.2463383674621582,4.462029457092285,0.034110117703676224,1.489311933517456
50.61322784423828,-0.03318442776799202,0.2488718032836914,4.525466442108154,0.10133093595504761,1.580704927444458
50.65323257446289,-0.03354911506175995,0.25559139251708984,4.584844589233398,0.14179469645023346,1.4097089767456055
50.693260192871094,-0.03268139436841011,0.2604823112487793,4.6437907218933105,0.08815578371286392,1.5401486158370972
50.73326873779297,-0.031334612518548965,0.2649531364440918,4.704641342163086,0.11125966161489487,1.4737730026245117
50.77324676513672,-0.03085516206920147,0.2698078155517578,4.759865760803223,0.0975610613822937,1.3506433963775635
50.81328201293945,-0.031634751707315445,0.2742433547973633,4.818625450134277,0.10659397393465042,1.5210257768630981
50.853271484375,-0.03341802954673767,0.27849912643432617,4.878350257873535,0.10194776207208633,1.430219054222107
50.893306732177734,-0.03562917560338974,0.28201961517333984,4.932995796203613,0.0675627589225769,1.3592514991760254
50.93328857421875,-0.037426065653562546,0.2861156463623047,4.992932319641113,0.09348788112401962,1.4843922853469849
50.97331237792969,-0.037546247243881226,0.28908348083496094,5.050662040710449,0.04470999911427498,1.3609830141067505
51.013328552246094,-0.036450956016778946,0.2898573875427246,5.105844020843506,0.0197677593678236,1.4361895322799683
51.053306579589844,-0.034766219556331635,0.29268550872802734,5.1666998863220215,0.09085145592689514,1.525634527206421
51.09333801269531,-0.03356734663248062,0.2952117919921875,5.224311828613281,0.013765817508101463,1.4055874347686768
51.13331985473633,-0.03338222950696945,0.2949967384338379,5.283143043518066,0.0001899780036183074,1.5396509170532227
51.17335510253906,-0.034021392464637756,0.29712820053100586,5.342121601104736,0.06172509118914604,1.4048088788986206
51.213340759277344,-0.0347902849316597,0.2984142303466797,5.395580768585205,-0.018042348325252533,1.327876329421997
51.25336837768555,-0.035493798553943634,0.29795122146606445,5.454098224639893,0.027739182114601135,1.4936555624008179
51.2933464050293,-0.03585289418697357,0.3018317222595215,5.512303352355957,0.09504017978906631,1.3599134683609009
51.33338165283203,-0.03623184561729431,0.3035745620727539,5.567561626434326,-0.0007128389552235603,1.4395768642425537
51.37336349487305,-0.03670528531074524,0.30364513397216797,5.6277031898498535,0.025447886437177658,1.4968721866607666
51.413394927978516,-0.03767993673682213,0.30484580993652344,5.683066368103027,0.011088967323303223,1.338295817375183
51.45337677001953,-0.03941720351576805,0.30385446548461914,5.740959644317627,-0.0487060546875,1.544097900390625
51.49338150024414,-0.041680071502923965,0.3027782440185547,5.801752090454102,-0.0019285465823486447,1.455118179321289
51.533390045166016,-0.044236116111278534,0.30228614807128906,5.8580169677734375,-0.026208363473415375,1.4300830364227295
51.57342529296875,-0.04606784135103226,0.30115604400634766,5.919990062713623,-0.035438064485788345,1.5379745960235596
51.6134033203125,-0.047535885125398636,0.299407958984375,5.977270126342773,-0.05645763501524925,1.3800065517425537
51.65341567993164,-0.048334818333387375,0.29744958877563477,6.035592555999756,-0.02949770912528038,1.5538368225097656
51.693424224853516,-0.048698656260967255,0.2968459129333496,6.095107555389404,-0.014371609315276146,1.4025037288665771
51.73343276977539,-0.04844189062714577,0.29587745666503906,6.148745536804199,-0.030042635276913643,1.3524028062820435
51.77346420288086,-0.04751541092991829,0.2969388961791992,6.207528591156006,0.07934515178203583,1.5013853311538696
51.813453674316406,-0.046263691037893295,0.30031538009643555,6.265445709228516,0.05532223358750343,1.3891828060150146
51.85345458984375,-0.04434209316968918,0.29998016357421875,6.322257041931152,-0.018060123547911644,1.4947383403778076
51.89348602294922,-0.04245433956384659,0.3007659912109375,6.382053375244141,0.04092710092663765,1.4715051651000977
51.933467864990234,-0.040610164403915405,0.30128002166748047,6.435693264007568,-0.028533566743135452,1.3108772039413452
51.97347640991211,-0.03911438211798668,0.29994678497314453,6.491764545440674,0.002346282359212637,1.4549589157104492
52.013511657714844,-0.03799241781234741,0.30407047271728516,6.5489182472229,0.1288471221923828,1.3596208095550537
52.05349349975586,-0.03735755383968353,0.3084840774536133,6.6017842292785645,0.06891119480133057,1.316502571105957
52.093528747558594,-0.03714490309357643,0.310452938079834,6.658754825592041,0.056356482207775116,1.4461175203323364
52.13350296020508,-0.037174493074417114,0.31462907791137695,6.71468448638916,0.09927941113710403,1.293384075164795
52.17351150512695,-0.03783242404460907,0.31763648986816406,6.765473365783691,0.04838116094470024,1.282839059829712
52.21355056762695,-0.038905344903469086,0.31960344314575195,6.8215012550354,0.06867505609989166,1.4302654266357422
52.25353240966797,-0.04044758901000023,0.3235311508178711,6.877080917358398,0.0981656014919281,1.2986955642700195
52.29353713989258,-0.04206614941358566,0.3262333869934082,6.929337978363037,0.03781583160161972,1.3216960430145264
52.33353805541992,-0.043549228459596634,0.32744836807250977,6.986615180969238,0.023803869262337685,1.4376341104507446
52.37357711791992,-0.044821590185165405,0.32820701599121094,7.0410990715026855,0.00992074329406023,1.2754665613174438
52.41355514526367,-0.04583055526018143,0.3281254768371582,7.09323263168335,0.006677166558802128,1.3712807893753052
52.45355987548828,-0.045984841883182526,0.33008289337158203,7.149754047393799,0.06129630655050278,1.4065003395080566
52.49356460571289,-0.04557325690984726,0.33194780349731445,7.202150821685791,0.02132457308471203,1.262826919555664
52.53359603881836,-0.04474301636219025,0.3327169418334961,7.254655838012695,0.03998282179236412,1.39675772190094
52.57358169555664,-0.0437079481780529,0.336517333984375,7.310449600219727,0.10347915440797806,1.3676971197128296
52.61358642578125,-0.04250620678067207,0.3397407531738281,7.361969470977783,0.036073390394449234,1.250598430633545
52.653621673583984,-0.04124093055725098,0.3400607109069824,7.414013385772705,0.019947918131947517,1.376902461051941
52.693607330322266,-0.039908602833747864,0.34359073638916016,7.468296527862549,0.11761593073606491,1.3526915311813354
52.733619689941406,-0.038217511028051376,0.3478994369506836,7.519097805023193,0.056945763528347015,1.2396440505981445
52.77363204956055,-0.036893971264362335,0.3482208251953125,7.571017265319824,0.0004799205344170332,1.3822160959243774
52.81364059448242,-0.03572230413556099,0.3503913879394531,7.626811504364014,0.08082139492034912,1.387949824333191
52.85367202758789,-0.03556293249130249,0.35330772399902344,7.679234504699707,0.0375467948615551,1.2985838651657104
52.89365005493164,-0.036685649305582047,0.35233640670776367,7.7343974113464355,-0.04898647218942642,1.4661202430725098
52.93365478515625,-0.038633860647678375,0.35130739212036133,7.791078567504883,-0.022524435073137283,1.3514484167099
52.973663330078125,-0.04063352569937706,0.3497285842895508,7.842751502990723,-0.060148704797029495,1.2999383211135864
53.013671875,-0.04186602681875229,0.34717750549316406,7.8996124267578125,-0.05243150144815445,1.4242855310440063
53.053680419921875,-0.04204403981566429,0.3467893600463867,7.953710556030273,0.01910528913140297,1.2642489671707153
53.093711853027344,-0.04154897853732109,0.34723615646362305,8.004634857177734,0.015023278072476387,1.320048451423645
53.133697509765625,-0.040653541684150696,0.34848928451538086,8.06096076965332,0.0393327958881855,1.4202003479003906
53.173702239990234,-0.03972374647855759,0.34900474548339844,8.114303588867188,-0.0016991253942251205,1.2840074300765991
53.213748931884766,-0.038378965109586716,0.34796142578125,8.168357849121094,-0.02540525235235691,1.437164545059204
53.25372314453125,-0.03698916733264923,0.34764909744262695,8.225730895996094,-0.001979058375582099,1.419183611869812
53.29373550415039,-0.035069555044174194,0.34605836868286133,8.276883125305176,-0.05538666993379593,1.257112741470337
53.333763122558594,-0.033054452389478683,0.34537506103515625,8.331890106201172,0.02683783322572708,1.446205735206604
53.37374496459961,-0.030725205317139626,0.3473353385925293,8.388223648071289,0.030573569238185883,1.351472020149231
53.413753509521484,-0.028884612023830414,0.3457918167114258,8.441339492797852,-0.08423759788274765,1.3509527444839478
53.45378494262695,-0.028275540098547935,0.34355640411376953,8.500200271606445,-0.024489713832736015,1.4783895015716553
53.49379348754883,-0.029873138293623924,0.3428206443786621,8.556346893310547,-0.05026843026280403,1.3352478742599487
53.53377151489258,-0.0336284376680851,0.33923912048339844,8.613699913024902,-0.1073305606842041,1.5352860689163208
53.57378005981445,-0.037609878927469254,0.33734941482543945,8.674055099487305,-0.026022305712103844,1.456242322921753
53.613792419433594,-0.04066675528883934,0.3343043327331543,8.729021072387695,-0.12951837480068207,1.3801937103271484
53.65380096435547,-0.04097643122076988,0.3295574188232422,8.791019439697266,-0.09158501774072647,1.5728976726531982
53.693809509277344,-0.03932633623480797,0.32686328887939453,8.849043846130371,-0.08730130642652512,1.393330454826355
53.73384475708008,-0.036049552261829376,0.32219886779785156,8.910070419311523,-0.13380971550941467,1.6110962629318237
53.77382278442383,-0.03245509788393974,0.31777000427246094,8.971399307250977,-0.10501744598150253,1.4241905212402344
53.8138313293457,-0.030839689075946808,0.3132004737854004,9.031347274780273,-0.11844592541456223,1.6241545677185059
53.853843688964844,-0.03221053257584572,0.3089771270751953,9.0966796875,-0.1034972295165062,1.5523602962493896
53.89385223388672,-0.035668060183525085,0.30425357818603516,9.154394149780273,-0.10717221349477768,1.499451994895935
53.93388748168945,-0.0379047766327858,0.30104732513427734,9.218976974487305,-0.07213562726974487,1.6092379093170166
53.97386932373047,-0.037936411798000336,0.29715824127197266,9.277920722961426,-0.12122533470392227,1.4382507801055908
54.01387405395508,-0.03602254018187523,0.29351234436035156,9.341362953186035,-0.0545787587761879,1.6316800117492676
54.05388641357422,-0.033820558339357376,0.29117822647094727,9.403131484985352,-0.09046635776758194,1.4583156108856201
54.093929290771484,-0.032221272587776184,0.2866244316101074,9.465312957763672,-0.10096181929111481,1.6729134321212769
54.13393020629883,-0.03208133950829506,0.2843465805053711,9.529097557067871,-0.03818780556321144,1.5059069395065308
54.173912048339844,-0.03370847925543785,0.2799344062805176,9.589202880859375,-0.1279640793800354,1.6103668212890625
54.21391677856445,-0.03551601991057396,0.27707576751708984,9.655678749084473,-0.036669544875621796,1.5981855392456055
54.253929138183594,-0.03682597354054451,0.27530479431152344,9.7135591506958,-0.0859077200293541,1.423965334892273
54.2939567565918,-0.03722286596894264,0.27206897735595703,9.777687072753906,-0.05762145295739174,1.6263420581817627
54.33397674560547,-0.03671926259994507,0.27167320251464844,9.83908748626709,-0.007754252292215824,1.4785659313201904
54.37394714355469,-0.035341937094926834,0.2703886032104492,9.903212547302246,-0.05421515554189682,1.7074191570281982
54.41395568847656,-0.033811356872320175,0.26842260360717773,9.967872619628906,-0.04707835614681244,1.4922899007797241
54.4539680480957,-0.0328858457505703,0.26541900634765625,10.028409957885742,-0.08910574018955231,1.6136054992675781
54.49397277832031,-0.03291858732700348,0.26244544982910156,10.093914031982422,-0.050928521901369095,1.5874364376068115
54.53401184082031,-0.033926934003829956,0.26037025451660156,10.153138160705566,-0.05132836103439331,1.505730152130127
54.5739860534668,-0.035417668521404266,0.2591996192932129,10.219013214111328,-0.008717880584299564,1.6577081680297852
54.61399841308594,-0.03686567023396492,0.25841712951660156,10.279218673706055,-0.03802105784416199,1.4333089590072632
54.65400695800781,-0.03770256042480469,0.25736093521118164,10.340768814086914,-0.002828459721058607,1.6059978008270264
54.69401550292969,-0.037590332329273224,0.25850772857666016,10.403124809265137,0.02853010781109333,1.4787561893463135
54.73402404785156,-0.03684493899345398,0.25782012939453125,10.462681770324707,-0.033983126282691956,1.5626780986785889
54.7740592956543,-0.03496001660823822,0.25814104080200195,10.527795791625977,0.055882588028907776,1.6349748373031616
54.814064025878906,-0.03328491747379303,0.2590055465698242,10.587555885314941,-0.0443585142493248,1.4475454092025757
54.85404968261719,-0.03150520101189613,0.2569313049316406,10.65078353881836,-0.02764245681464672,1.605270504951477
54.8940544128418,-0.030041690915822983,0.2577385902404785,10.711385726928711,0.026933662593364716,1.4222596883773804
54.9340934753418,-0.029249554499983788,0.2572660446166992,10.770732879638672,-0.0325210765004158,1.5885223150253296
54.97410202026367,-0.029223112389445305,0.2573680877685547,10.834015846252441,0.049502287060022354,1.5363589525222778
55.01408386230469,-0.029714807868003845,0.26038503646850586,10.891939163208008,0.06472623348236084,1.445418119430542
55.054100036621094,-0.030332913622260094,0.2621421813964844,10.953821182250977,0.030452121049165726,1.5465470552444458
55.09410858154297,-0.03024998866021633,0.264315128326416,11.01348876953125,0.05983173847198486,1.4101557731628418
55.13414001464844,-0.029497630894184113,0.2659282684326172,11.070648193359375,0.03754382207989693,1.5070065259933472
55.17414855957031,-0.028270404785871506,0.2674899101257324,11.132879257202148,0.03992835432291031,1.5430835485458374
55.21413040161133,-0.027170728892087936,0.26871395111083984,11.189027786254883,0.024330120533704758,1.3618215322494507
55.254173278808594,-0.026803091168403625,0.27010107040405273,11.247747421264648,0.06425603479146957,1.5438495874404907
55.2941780090332,-0.02764337882399559,0.27270984649658203,11.307802200317383,0.049183137714862823,1.4266712665557861
55.33415985107422,-0.029445825144648552,0.2736358642578125,11.363544464111328,0.011757655069231987,1.4214165210723877
55.37419891357422,-0.03183692321181297,0.275543212890625,11.425331115722656,0.06653879582881927,1.5531119108200073
55.4141845703125,-0.03320296108722687,0.27715635299682617,11.484588623046875,0.011960545554757118,1.4379061460494995
55.454193115234375,-0.03377513960003853,0.2762465476989746,11.544540405273438,-0.02033059485256672,1.5710591077804565
55.49421691894531,-0.03341030701994896,0.2772517204284668,11.605173110961914,0.046955157071352005,1.4567902088165283
55.53419876098633,-0.03281854838132858,0.27771854400634766,11.660240173339844,-0.03504198044538498,1.369181513786316
55.574249267578125,-0.03259873390197754,0.2767190933227539,11.72066593170166,0.013312535360455513,1.537952184677124
55.614219665527344,-0.0334644690155983,0.2793922424316406,11.77985668182373,0.08350930362939835,1.4078541994094849
55.654258728027344,-0.03532898426055908,0.2809276580810547,11.838412284851074,-4.7353998525068164e-05,1.5419007539749146
55.69424057006836,-0.0373617559671402,0.2814764976501465,11.900398254394531,0.02709406428039074,1.5124289989471436
55.7342414855957,-0.037894319742918015,0.28191566467285156,11.956156730651855,-0.01975492388010025,1.3729530572891235
55.77427291870117,-0.03737906366586685,0.27993297576904297,12.016851425170898,-0.05612430348992348,1.5676974058151245
55.81425476074219,-0.036506928503513336,0.2791743278503418,12.076900482177734,0.006777874659746885,1.4160101413726807
55.85426330566406,-0.036115340888500214,0.2793269157409668,12.13552474975586,0.0005234740092419088,1.555705189704895
55.89427185058594,-0.03671622276306152,0.2792539596557617,12.1987943649292,-0.009259027428925037,1.5512454509735107
55.93430709838867,-0.03814459219574928,0.27834033966064453,12.255590438842773,-0.03629668429493904,1.4065438508987427
55.97429656982422,-0.039120592176914215,0.27735137939453125,12.316302299499512,-0.0046356068924069405,1.5431182384490967
56.01432800292969,-0.039282526820898056,0.27695512771606445,12.374191284179688,-0.019166378304362297,1.3515503406524658
56.05430603027344,-0.03884876146912575,0.2763209342956543,12.429332733154297,0.009498006664216518,1.4578145742416382
56.09431457519531,-0.03771547973155975,0.27924108505249023,12.489866256713867,0.09975206851959229,1.5154730081558228
56.13434600830078,-0.036661744117736816,0.2816934585571289,12.546942710876465,0.013793128542602062,1.4168877601623535
56.174373626708984,-0.035700153559446335,0.28145742416381836,12.606693267822266,0.008269054815173149,1.5525307655334473
56.21437454223633,-0.03528439998626709,0.2826108932495117,12.666509628295898,0.0337669774889946,1.416658639907837
56.25438690185547,-0.03520003706216812,0.2815413475036621,12.721988677978516,-0.0640949234366417,1.4240407943725586
56.29441833496094,-0.03546471148729324,0.28087902069091797,12.78297233581543,0.03276881203055382,1.5366779565811157
56.33440017700195,-0.03557492792606354,0.28293895721435547,12.840399742126465,0.04259291663765907,1.4002422094345093
56.37441635131836,-0.035613059997558594,0.2828702926635742,12.89997673034668,-0.025306610390543938,1.5711281299591064
56.41444778442383,-0.03511211276054382,0.28295135498046875,12.960386276245117,0.02647152729332447,1.4354960918426514
56.454429626464844,-0.03448242321610451,0.2834949493408203,13.01503849029541,-0.0016792630776762962,1.383938193321228
56.49443054199219,-0.03393736481666565,0.2824268341064453,13.076162338256836,-0.015503608621656895,1.561646819114685
56.53446960449219,-0.03321372717618942,0.2826709747314453,13.135530471801758,0.013120551593601704,1.4333527088165283
56.57448196411133,-0.03260587900876999,0.2825031280517578,13.196159362792969,-0.015657592564821243,1.6366108655929565
56.61445236206055,-0.031898513436317444,0.28081703186035156,13.259966850280762,-0.052852995693683624,1.5269430875778198
56.65448760986328,-0.031167704612016678,0.27746105194091797,13.319138526916504,-0.1080266609787941,1.531325340270996
56.69447708129883,-0.030515454709529877,0.27378320693969727,13.384620666503906,-0.08971577137708664,1.6355772018432617
56.734474182128906,-0.029435662552714348,0.2693343162536621,13.44454574584961,-0.12653622031211853,1.4835723638534546
56.77450942993164,-0.028053762391209602,0.2656402587890625,13.510503768920898,-0.054277051240205765,1.6815813779830933
56.814491271972656,-0.02716994285583496,0.26302385330200195,13.573003768920898,-0.09338332712650299,1.50820791721344
56.85449981689453,-0.0269937627017498,0.2590198516845703,13.637166023254395,-0.05645698308944702,1.68257737159729
56.894508361816406,-0.027511872351169586,0.2573356628417969,13.70069408416748,-0.06035538390278816,1.4851502180099487
56.93451690673828,-0.02807210572063923,0.2530226707458496,13.763727188110352,-0.10145813226699829,1.7256028652191162
56.97452163696289,-0.028292302042245865,0.25061845779418945,13.830669403076172,-0.0323006734251976,1.5785391330718994
57.0145263671875,-0.028284301981329918,0.2477588653564453,13.893878936767578,-0.11667890101671219,1.661481499671936
57.054534912109375,-0.02891463227570057,0.243896484375,13.96364688873291,-0.07345400750637054,1.6939868927001953
57.09454345703125,-0.030021725222468376,0.24031305313110352,14.027450561523438,-0.11818274855613708,1.6332257986068726
57.134552001953125,-0.030681554228067398,0.23473215103149414,14.097389221191406,-0.1031075268983841,1.7478797435760498
57.174560546875,-0.030637776479125023,0.23091983795166016,14.160263061523438,-0.10163109004497528,1.5685641765594482
57.214569091796875,-0.030614137649536133,0.22710132598876953,14.22984790802002,-0.07887066155672073,1.7810086011886597
57.25460433959961,-0.030947726219892502,0.22413253784179688,14.294559478759766,-0.07494498789310455,1.5894380807876587
57.29458236694336,-0.03135129064321518,0.2216358184814453,14.363824844360352,-0.04930812865495682,1.7517480850219727
57.33462142944336,-0.03200167790055275,0.21930599212646484,14.42801284790039,-0.07464275509119034,1.5305839776992798
57.37459945678711,-0.03259890899062157,0.21680355072021484,14.493928909301758,-0.04445112124085426,1.718632459640503
57.41460418701172,-0.03298715874552727,0.21648025512695312,14.560159683227539,-0.009474790655076504,1.5724661350250244
57.45460891723633,-0.03342670574784279,0.21485185623168945,14.626260757446289,-0.0322544127702713,1.7699271440505981
57.49464797973633,-0.03359019011259079,0.21531295776367188,14.69405460357666,0.03204524144530296,1.5956875085830688
57.53463363647461,-0.03379913792014122,0.21477556228637695,14.75750732421875,-0.05303879827260971,1.6544557809829712
57.574668884277344,-0.033678535372018814,0.21343660354614258,14.826274871826172,-0.00993923470377922,1.6895768642425537
57.61465072631836,-0.032841723412275314,0.21271085739135742,14.889598846435547,-0.03708580881357193,1.6068552732467651
57.65468215942383,-0.03177541494369507,0.21035242080688477,14.959739685058594,-0.03818653151392937,1.768960952758789
57.69467544555664,-0.030414629727602005,0.21011924743652344,15.024862289428711,-0.008665536530315876,1.5936542749404907
57.734703063964844,-0.029372572898864746,0.20869684219360352,15.09417724609375,-0.046501822769641876,1.763350486755371
57.774688720703125,-0.028648968786001205,0.20719623565673828,15.16012954711914,-0.0347023531794548,1.575607180595398
57.81471252441406,-0.028634611517190933,0.2050018310546875,15.228522300720215,-0.059401389211416245,1.8180772066116333
57.8547248840332,-0.029119227081537247,0.20286989212036133,15.296348571777344,-0.042006030678749084,1.5783292055130005
57.89470672607422,-0.02954496443271637,0.20161724090576172,15.36229133605957,-0.019380172714591026,1.7648792266845703
57.93471145629883,-0.02959761954843998,0.2015233039855957,15.430381774902344,-0.00348073267377913,1.6018807888031006
57.9747428894043,-0.029253754764795303,0.2005925178527832,15.494789123535156,-0.028151361271739006,1.6989731788635254
58.01472854614258,-0.028867023065686226,0.20105504989624023,15.565196990966797,0.037363678216934204,1.725752353668213
58.05475997924805,-0.02894577383995056,0.20145750045776367,15.629692077636719,-0.019653964787721634,1.625445008277893
58.09474563598633,-0.028768224641680717,0.2017664909362793,15.699640274047852,0.034136515110731125,1.7558376789093018
58.1347541809082,-0.02835945412516594,0.2030196189880371,15.764404296875,-0.002199732232838869,1.585058569908142
58.17476272583008,-0.027692705392837524,0.20145702362060547,15.833123207092285,-0.02584920823574066,1.7493153810501099
58.21477508544922,-0.026593443006277084,0.20199871063232422,15.897457122802734,0.0314621739089489,1.5096079111099243
58.254783630371094,-0.02509663626551628,0.20221471786499023,15.960870742797852,-0.0075897229835391045,1.695333480834961
58.294795989990234,-0.02314300648868084,0.2042536735534668,16.02729034423828,0.08726657927036285,1.5844436883926392
58.33480453491211,-0.0211588554084301,0.20740127563476562,16.090179443359375,0.04461845010519028,1.618143916130066
58.37483596801758,-0.020283924415707588,0.20847702026367188,16.159595489501953,0.02471933700144291,1.7229573726654053
58.41482162475586,-0.020590899512171745,0.21006298065185547,16.222454071044922,0.03750884160399437,1.5404878854751587
58.45485305786133,-0.02227417193353176,0.21077489852905273,16.289453506469727,0.010110961273312569,1.7198235988616943
58.494834899902344,-0.02452886663377285,0.21133708953857422,16.35486602783203,0.008820503018796444,1.5417768955230713
58.53487014770508,-0.026591848582029343,0.21119022369384766,16.420204162597656,-0.008073856122791767,1.750616192817688
58.574851989746094,-0.027933193370699883,0.21182632446289062,16.48811149597168,0.009284889325499535,1.5823800563812256
58.61488723754883,-0.02845134399831295,0.21081161499023438,16.55000877380371,-0.02581963688135147,1.631276249885559
58.654869079589844,-0.02765817753970623,0.211273193359375,16.61815643310547,0.033889248967170715,1.6851648092269897
58.69486999511719,-0.026024052873253822,0.21119451522827148,16.680587768554688,-0.03838583827018738,1.554080843925476
58.73490905761719,-0.024114234372973442,0.21048212051391602,16.749364852905273,0.02334946021437645,1.7582323551177979
58.77489471435547,-0.02265153080224991,0.21195697784423828,16.814556121826172,0.015787629410624504,1.5743277072906494
58.814918518066406,-0.02268167957663536,0.210784912109375,16.881608963012695,-0.03564835712313652,1.7289270162582397
58.85490417480469,-0.02416231483221054,0.21086454391479492,16.946632385253906,0.016662847250699997,1.5244770050048828
58.89491271972656,-0.02686520293354988,0.2099313735961914,17.010154724121094,-0.044484224170446396,1.704763650894165
58.934974670410156,-0.02893242798745632,0.21041250228881836,17.077688217163086,0.05952506512403488,1.6107102632522583
58.97492599487305,-0.029642023146152496,0.2129993438720703,17.13936996459961,0.051577042788267136,1.5666733980178833
59.01496124267578,-0.029271062463521957,0.2145671844482422,17.206161499023438,0.04590970277786255,1.664311170578003
59.05494689941406,-0.027683166787028313,0.21682453155517578,17.26767349243164,0.05079318583011627,1.4893757104873657
59.0949592590332,-0.025499746203422546,0.21814441680908203,17.33169174194336,0.03447188809514046,1.6806057691574097
59.13499450683594,-0.02321109175682068,0.2197093963623047,17.39647102355957,0.04352858290076256,1.509326696395874
59.17497634887695,-0.02136024832725525,0.22157955169677734,17.457550048828125,0.03339513763785362,1.5917930603027344
59.21498489379883,-0.02074877731502056,0.2234477996826172,17.523935317993164,0.04530363529920578,1.6522793769836426
59.2549934387207,-0.021260859444737434,0.2236175537109375,17.58510398864746,-0.02504463493824005,1.5018174648284912
59.29502868652344,-0.022721193730831146,0.2233891487121582,17.651477813720703,0.018892165273427963,1.6970317363739014
59.33501434326172,-0.023938193917274475,0.22439956665039062,17.716772079467773,-0.007753022946417332,1.5651664733886719
59.37502670288086,-0.024688757956027985,0.2230672836303711,17.78266143798828,-0.024937761947512627,1.727933406829834
59.415035247802734,-0.02468385547399521,0.2235417366027832,17.84760856628418,0.018152881413698196,1.52031672000885
59.45507049560547,-0.024091901257634163,0.22197866439819336,17.90834617614746,-0.06778642535209656,1.6045001745224
59.49505615234375,-0.02255276031792164,0.22150278091430664,17.97502899169922,0.05436106026172638,1.6617900133132935
59.53506088256836,-0.02020752616226673,0.22337055206298828,18.035865783691406,0.014607190154492855,1.5064647197723389
59.5750732421875,-0.01756333000957966,0.22376728057861328,18.102096557617188,0.03435789793729782,1.674507737159729
59.615074157714844,-0.01542777381837368,0.22562885284423828,18.16457748413086,0.03749820217490196,1.4819563627243042
59.65510940551758,-0.014561076648533344,0.22537851333618164,18.22747039794922,-0.03188348188996315,1.7016716003417969
59.69509506225586,-0.015408219769597054,0.22444534301757812,18.293804168701172,-0.0016657906817272305,1.5745813846588135
59.735103607177734,-0.018160859122872353,0.22454452514648438,18.35674285888672,-0.007715901825577021,1.6449004411697388
59.77511215209961,-0.0223042331635952,0.2239232063293457,18.425474166870117,-0.022642474621534348,1.6965192556381226
59.81512451171875,-0.025666333734989166,0.2226090431213379,18.487503051757812,-0.05218168720602989,1.5293899774551392
59.855133056640625,-0.028387384489178658,0.22151851654052734,18.55508041381836,-0.014386417344212532,1.700847864151001
59.89513397216797,-0.030671067535877228,0.22026920318603516,18.61740493774414,-0.04980827122926712,1.4741169214248657
59.9351921081543,-0.032048653811216354,0.21892213821411133,18.68162727355957,-0.002277231775224209,1.702898621559143
59.975181579589844,-0.031783245503902435,0.2194676399230957,18.74834442138672,-0.0011911963811144233,1.5918437242507935
60.015159606933594,-0.02943544276058674,0.21758270263671875,18.814361572265625,-0.05230921879410744,1.7710012197494507
60.055198669433594,-0.025858398526906967,0.21646785736083984,18.882652282714844,-0.01493924856185913,1.6080272197723389
60.09518814086914,-0.020830953493714333,0.21288013458251953,18.945537567138672,-0.11522699892520905,1.6635656356811523
60.135223388671875,-0.015538535080850124,0.2102808952331543,19.014657974243164,-0.02308190055191517,1.6923248767852783
60.17520523071289,-0.011004895903170109,0.20877885818481445,19.078563690185547,-0.06889363378286362,1.6116552352905273
60.215206146240234,-0.009077569469809532,0.20648527145385742,19.14867401123047,-0.02122383564710617,1.728754997253418
60.255245208740234,-0.009674029424786568,0.20663833618164062,19.210803985595703,0.003945044241845608,1.5155051946640015
60.295223236083984,-0.012226881459355354,0.20626068115234375,19.277524948120117,-0.016628682613372803,1.7220029830932617
60.33525848388672,-0.015746595337986946,0.2063617706298828,19.343910217285156,-0.00011312717106193304,1.5906795263290405
60.37523651123047,-0.020204801112413406,0.20525264739990234,19.412105560302734,-0.04405370354652405,1.813161849975586
60.415245056152344,-0.023496456444263458,0.20328760147094727,19.48151397705078,-0.05793757736682892,1.6138105392456055
60.45527648925781,-0.025472067296504974,0.2006978988647461,19.549129486083984,-0.07576313614845276,1.8128401041030884
60.49525451660156,-0.02540808729827404,0.19745683670043945,19.619140625,-0.10770413279533386,1.6248880624771118
60.5352668762207,-0.023883305490016937,0.19295597076416016,19.686843872070312,-0.09988650679588318,1.835713267326355
60.57529830932617,-0.0212315171957016,0.19017648696899414,19.758108139038086,-0.05975174158811569,1.6649202108383179
60.61528015136719,-0.019407693296670914,0.18692398071289062,19.824995040893555,-0.07052745670080185,1.7854158878326416
60.655311584472656,-0.02001754753291607,0.18589401245117188,19.894672393798828,0.007854020223021507,1.6665109395980835
60.69529342651367,-0.02302226796746254,0.1843891143798828,19.958995819091797,-0.06264176219701767,1.683186411857605
60.735328674316406,-0.026221560314297676,0.18400096893310547,20.031063079833984,0.01801583543419838,1.7752052545547485
60.775306701660156,-0.02836703322827816,0.18468856811523438,20.096778869628906,-0.010580385103821754,1.6360958814620972
60.815311431884766,-0.028730032965540886,0.1833357810974121,20.168811798095703,-0.032774247229099274,1.8032827377319336
60.855323791503906,-0.027237186208367348,0.1823740005493164,20.235591888427734,-0.042048379778862,1.6343961954116821
60.895355224609375,-0.025871390476822853,0.17976999282836914,20.307653427124023,-0.07122807204723358,1.8266643285751343
60.93533706665039,-0.025884713977575302,0.17786026000976562,20.374364852905273,-0.03335130587220192,1.600638747215271
60.975337982177734,-0.02710821107029915,0.1761770248413086,20.44451141357422,-0.04511037841439247,1.8178291320800781
61.015377044677734,-0.028265655040740967,0.1748180389404297,20.513774871826172,-0.03241696208715439,1.6498746871948242
61.05539321899414,-0.028545716777443886,0.17377948760986328,20.584564208984375,-0.019731678068637848,1.8356695175170898
61.095394134521484,-0.02831462398171425,0.17313671112060547,20.653499603271484,-0.031375348567962646,1.601938247680664
61.135379791259766,-0.02765294909477234,0.17138099670410156,20.72089385986328,-0.03325789049267769,1.799336552619934
61.175411224365234,-0.02712894417345524,0.1714639663696289,20.79071807861328,0.005083675496280193,1.6408240795135498
61.215396881103516,-0.026855064556002617,0.17050886154174805,20.85854148864746,-0.03202420100569725,1.8099653720855713
61.255435943603516,-0.027339909225702286,0.1708230972290039,20.92974090576172,0.03050752729177475,1.6933406591415405
61.295413970947266,-0.02860751561820507,0.17083072662353516,20.99593734741211,-0.03710663318634033,1.7181463241577148
61.33544921875,-0.030666425824165344,0.17058086395263672,21.06755828857422,0.030116917565464973,1.7667418718338013
61.37543487548828,-0.032647717744112015,0.17120838165283203,21.13347625732422,-0.01699896529316902,1.6609522104263306
61.41543960571289,-0.03416373208165169,0.16983747482299805,21.206340789794922,-0.011009161360561848,1.8376524448394775
61.455474853515625,-0.03480570390820503,0.17039108276367188,21.273197174072266,0.01609312742948532,1.6477268934249878
61.495460510253906,-0.03459486365318298,0.16998004913330078,21.344837188720703,-0.017055479809641838,1.8036270141601562
61.535491943359375,-0.033964306116104126,0.1701364517211914,21.41112518310547,0.010374249890446663,1.602164626121521
61.575477600097656,-0.03331071510910988,0.1705317497253418,21.480510711669922,0.009474668651819229,1.810465931892395
61.615509033203125,-0.032545119524002075,0.17157459259033203,21.54803466796875,0.039034899324178696,1.566674828529358
61.65549087524414,-0.03184656426310539,0.1733393669128418,21.61311912536621,0.05075370520353317,1.7298599481582642
61.695526123046875,-0.03175809606909752,0.17644453048706055,21.68137550354004,0.07217730581760406,1.6246790885925293
61.73550796508789,-0.03216633200645447,0.17883682250976562,21.74387550354004,0.06245861202478409,1.5965687036514282
61.77553939819336,-0.03298705816268921,0.18296051025390625,21.8120174407959,0.13469065725803375,1.696987509727478
61.81552505493164,-0.033985838294029236,0.1885051727294922,21.875417709350586,0.09841203689575195,1.5084137916564941
61.855560302734375,-0.03467467799782753,0.19252681732177734,21.939437866210938,0.12445756793022156,1.6811984777450562
61.895538330078125,-0.035212624818086624,0.19861507415771484,22.0040283203125,0.149499773979187,1.53305983543396
61.935546875,-0.03548535704612732,0.2023763656616211,22.063522338867188,0.05529437214136124,1.5045546293258667
61.97555923461914,-0.03595219925045967,0.20612525939941406,22.12879753112793,0.14113099873065948,1.6201043128967285
62.01556396484375,-0.03598044067621231,0.21326017379760742,22.18863296508789,0.17341555655002594,1.4112210273742676
62.05559539794922,-0.03604269027709961,0.21864795684814453,22.246646881103516,0.10416250675916672,1.534847617149353
62.095577239990234,-0.035485219210386276,0.2238631248474121,22.310144424438477,0.15117165446281433,1.5844056606292725
62.13557815551758,-0.03434007614850998,0.23094940185546875,22.369888305664062,0.12407774478197098,1.4444142580032349
62.17561721801758,-0.03276091441512108,0.23451757431030273,22.43230438232422,0.07050172239542007,1.6427112817764282
62.215599060058594,-0.03084287978708744,0.23747730255126953,22.495616912841797,0.08317450433969498,1.4799143075942993
62.255638122558594,-0.028767606243491173,0.2402057647705078,22.553659439086914,0.0499541275203228,1.4839167594909668
62.29561996459961,-0.02600076235830784,0.24207305908203125,22.617868423461914,0.03361319750547409,1.608320713043213
62.33565139770508,-0.023471802473068237,0.2432398796081543,22.678165435791016,0.01540571078658104,1.4570715427398682
62.37563705444336,-0.022025836631655693,0.24372625350952148,22.741586685180664,0.028601767495274544,1.697605013847351
62.415645599365234,-0.02349754236638546,0.24450016021728516,22.806591033935547,-0.011138955131173134,1.5008913278579712
62.4556770324707,-0.02742929942905903,0.24339008331298828,22.867496490478516,-0.024590997025370598,1.6203713417053223
62.49565124511719,-0.03214285522699356,0.24372482299804688,22.934465408325195,0.018812362104654312,1.6507149934768677
62.53565979003906,-0.03678823262453079,0.2420358657836914,22.99529266357422,-0.08338036388158798,1.5219892263412476
62.57566833496094,-0.04076935723423958,0.2395477294921875,23.063283920288086,-0.033813364803791046,1.7315162420272827
62.615699768066406,-0.04302293434739113,0.23795223236083984,23.127601623535156,-0.08458869159221649,1.5438095331192017
62.65568161010742,-0.04302885755896568,0.23367023468017578,23.19532012939453,-0.09338389337062836,1.7328803539276123
62.695716857910156,-0.040564004331827164,0.23092079162597656,23.259538650512695,-0.07730397582054138,1.5120106935501099
62.73572540283203,-0.03706260770559311,0.2265152931213379,23.325851440429688,-0.10640023648738861,1.7765802145004272
62.77570343017578,-0.03283882886171341,0.22444438934326172,23.393211364746094,-0.03432542458176613,1.5698440074920654
62.81571578979492,-0.02834365889430046,0.22223663330078125,23.45908546447754,-0.07131993770599365,1.7731091976165771
62.8557243347168,-0.024753082543611526,0.21976804733276367,23.527246475219727,-0.04362078756093979,1.594865322113037
62.895729064941406,-0.022886978462338448,0.21722126007080078,23.591655731201172,-0.08058016002178192,1.7233201265335083
62.93574142456055,-0.022958839312195778,0.2142505645751953,23.66181182861328,-0.06018492206931114,1.6835973262786865
62.975746154785156,-0.02418651059269905,0.21181106567382812,23.725448608398438,-0.06920628249645233,1.6366477012634277
63.015785217285156,-0.026264745742082596,0.20912837982177734,23.79546356201172,-0.06326072663068771,1.7437292337417603
63.05576705932617,-0.028267478570342064,0.20565271377563477,23.859594345092773,-0.09637706726789474,1.6174354553222656
63.09577560424805,-0.030100448057055473,0.20313215255737305,23.93128204345703,-0.04173479974269867,1.8171075582504272
63.13581085205078,-0.031584709882736206,0.2000408172607422,23.99833869934082,-0.10120254009962082,1.6713262796401978
63.1757926940918,-0.032467830926179886,0.19673585891723633,24.069971084594727,-0.05428290739655495,1.786582350730896
63.21580505371094,-0.032520003616809845,0.19413232803344727,24.13466453552246,-0.10921967029571533,1.5528191328048706
63.25580596923828,-0.03173099085688591,0.19025897979736328,24.203536987304688,-0.05051993578672409,1.7777241468429565
63.29587936401367,-0.030298063531517982,0.19021034240722656,24.269203186035156,0.020168645307421684,1.5750247240066528
63.33582305908203,-0.028848707675933838,0.19000625610351562,24.336015701293945,-0.00701740849763155,1.7438589334487915
63.3758544921875,-0.027623970061540604,0.19160747528076172,24.401790618896484,0.061379484832286835,1.5354872941970825
63.41584014892578,-0.02692985348403454,0.19319772720336914,24.463476181030273,0.022971073165535927,1.637086272239685
63.455848693847656,-0.02667992003262043,0.19440507888793945,24.530729293823242,0.0572240948677063,1.6606125831604004
63.49588394165039,-0.027086399495601654,0.19773387908935547,24.592193603515625,0.08856503665447235,1.5213510990142822
63.53587341308594,-0.02763497084379196,0.20113563537597656,24.657751083374023,0.0828285962343216,1.655291199684143
63.57590103149414,-0.027998998761177063,0.20430278778076172,24.720439910888672,0.05363287031650543,1.4499834775924683
63.615882873535156,-0.027913659811019897,0.20706748962402344,24.780492782592773,0.08704410493373871,1.5791468620300293
63.655887603759766,-0.027528701350092888,0.21157407760620117,24.84335708618164,0.11244751513004303,1.5284252166748047
63.6959228515625,-0.02705124206840992,0.21597576141357422,24.89919662475586,0.1144929975271225,1.3648980855941772
63.735931396484375,-0.026392614468932152,0.22185230255126953,24.956623077392578,0.19140876829624176,1.5076274871826172
63.77591323852539,-0.025622934103012085,0.23068952560424805,25.016422271728516,0.21693666279315948,1.469046950340271
63.81591796875,-0.024835234507918358,0.23661231994628906,25.07194709777832,0.10371967405080795,1.3760335445404053
63.85595703125,-0.024022158235311508,0.2408919334411621,25.129976272583008,0.14779800176620483,1.5009140968322754
63.89594268798828,-0.023142721503973007,0.24926233291625977,25.188871383666992,0.20416732132434845,1.3994604349136353
63.93594741821289,-0.02259424701333046,0.25551509857177734,25.24129867553711,0.11122429370880127,1.2961902618408203
63.975982666015625,-0.022345824167132378,0.26023292541503906,25.29686164855957,0.15212783217430115,1.4543321132659912
64.01596069335938,-0.022263288497924805,0.26814794540405273,25.353565216064453,0.21733996272087097,1.3980416059494019
64.05597686767578,-0.022463984787464142,0.27519798278808594,25.406747817993164,0.1292359083890915,1.3228111267089844
64.09600830078125,-0.022895876318216324,0.27848196029663086,25.463361740112305,0.08138944953680038,1.4935932159423828
64.135986328125,-0.02315078303217888,0.2827606201171875,25.52082633972168,0.13018327951431274,1.3824501037597656
64.17599487304688,-0.02304374985396862,0.2881002426147461,25.573028564453125,0.09409927576780319,1.2735401391983032
64.21602630615234,-0.022811956703662872,0.29106712341308594,25.628110885620117,0.07451963424682617,1.455756664276123
64.25601196289062,-0.022395072504878044,0.2948036193847656,25.68550682067871,0.1037839874625206,1.3872097730636597
64.29602813720703,-0.022226674482226372,0.29807424545288086,25.738876342773438,0.047379422932863235,1.330271601676941
64.3360595703125,-0.022128380835056305,0.29981327056884766,25.797527313232422,0.039605762809515,1.5080711841583252
64.37603759765625,-0.022353893145918846,0.30026721954345703,25.855876922607422,-0.001247488078661263,1.370489239692688
64.41606903076172,-0.02280881255865097,0.29888391494750977,25.911474227905273,-0.046447694301605225,1.456946611404419
64.4560546875,-0.023629916831851006,0.29769182205200195,25.973217010498047,-0.024165824055671692,1.54611074924469
64.49606323242188,-0.02453240379691124,0.2949528694152832,26.030141830444336,-0.09736603498458862,1.3976130485534668
64.53609466552734,-0.025047749280929565,0.29223012924194336,26.092864990234375,-0.04766890034079552,1.6086649894714355
64.57608032226562,-0.025299252942204475,0.29055213928222656,26.154176712036133,-0.07408133894205093,1.4341118335723877
64.6161117553711,-0.025456374511122704,0.286287784576416,26.2147274017334,-0.10241556167602539,1.6170284748077393
64.65609741210938,-0.025148911401629448,0.2839183807373047,26.27727699279785,-0.04483342543244362,1.484656810760498
64.69613647460938,-0.02461661770939827,0.27993202209472656,26.335416793823242,-0.13359986245632172,1.5115410089492798
64.73612213134766,-0.023394690826535225,0.27626895904541016,26.400897979736328,-0.05059165507555008,1.6325916051864624
64.77613067626953,-0.021695606410503387,0.27387571334838867,26.460552215576172,-0.08170504122972488,1.4750229120254517
64.81616973876953,-0.02134898118674755,0.269960880279541,26.525978088378906,-0.07876762747764587,1.6724615097045898
64.85614776611328,-0.022835737094283104,0.26743268966674805,26.588470458984375,-0.07595236599445343,1.4946799278259277
64.89615631103516,-0.02544230781495571,0.2633070945739746,26.653057098388672,-0.1182965561747551,1.6968564987182617
64.93620300292969,-0.027482710778713226,0.25986242294311523,26.717004776000977,-0.06357807666063309,1.4810205698013306
64.97618103027344,-0.027521513402462006,0.2569398880004883,26.777812957763672,-0.06817624717950821,1.6476731300354004
65.0162124633789,-0.026009635999798775,0.2544527053833008,26.843517303466797,-0.050502292811870575,1.5899403095245361
65.05619812011719,-0.023298755288124084,0.2519521713256836,26.903335571289062,-0.04439317807555199,1.5509755611419678
65.09619903564453,-0.020964836701750755,0.25083160400390625,26.969524383544922,-0.015855146571993828,1.6492072343826294
65.13621520996094,-0.01926652155816555,0.24910497665405273,27.02891731262207,-0.0558316595852375,1.4330846071243286
65.17621612548828,-0.01918603666126728,0.24793767929077148,27.091062545776367,-0.0005185086047276855,1.604268193244934
65.21625518798828,-0.02089766226708889,0.24941158294677734,27.153278350830078,0.022850926965475082,1.4555200338363647
65.25624084472656,-0.023935584351420403,0.24914979934692383,27.21401596069336,-0.020085368305444717,1.603339672088623
65.29627227783203,-0.027261503040790558,0.2506575584411621,27.2790584564209,0.06692954152822495,1.5864415168762207
65.33625793457031,-0.030593931674957275,0.2522392272949219,27.33761215209961,-0.01344810239970684,1.4387249946594238
65.37625885009766,-0.03214762732386589,0.2518024444580078,27.400230407714844,0.016386009752750397,1.5867162942886353
65.41629791259766,-0.031155280768871307,0.25379085540771484,27.46030044555664,0.055221255868673325,1.4196511507034302
65.456298828125,-0.028112227097153664,0.25391483306884766,27.51903533935547,-0.014390820637345314,1.5709766149520874
65.49627685546875,-0.023763639852404594,0.2547645568847656,27.58272933959961,0.06212102994322777,1.5660135746002197
65.53633880615234,-0.020287074148654938,0.257479190826416,27.640270233154297,0.05737097188830376,1.4326276779174805
65.57630157470703,-0.01904226467013359,0.25860118865966797,27.702098846435547,0.017435478046536446,1.580138921737671
65.6163330078125,-0.02034103311598301,0.25975513458251953,27.76218032836914,0.035675711929798126,1.401889443397522
65.65631866455078,-0.023598570376634598,0.26143503189086914,27.820131301879883,0.03321511298418045,1.5139166116714478
65.69632720947266,-0.025995388627052307,0.26331520080566406,27.883575439453125,0.03609463945031166,1.5653923749923706
65.73635864257812,-0.027562886476516724,0.26503467559814453,27.940757751464844,0.03888358920812607,1.3894981145858765
65.77633666992188,-0.0273031834512949,0.2671828269958496,28.000059127807617,0.08555709570646286,1.5645514726638794
65.81634521484375,-0.02507706917822361,0.2701435089111328,28.059986114501953,0.060460057109594345,1.4399076700210571
65.85637664794922,-0.022116584703326225,0.27102088928222656,28.11540412902832,0.01867622323334217,1.4113637208938599
65.89635467529297,-0.01913127303123474,0.27294492721557617,28.17643928527832,0.08731774240732193,1.5445029735565186
65.93638610839844,-0.01637711562216282,0.2760477066040039,28.23520278930664,0.045319896191358566,1.4021492004394531
65.97636413574219,-0.01468725223094225,0.27629566192626953,28.292999267578125,0.005390305537730455,1.5336138010025024
66.01637268066406,-0.013412781059741974,0.27877044677734375,28.35442543029785,0.08840713649988174,1.5129199028015137
66.05638885498047,-0.012401926331222057,0.2804832458496094,28.41082763671875,-0.00844110082834959,1.4002324342727661
66.09639739990234,-0.011703467927873135,0.27939319610595703,28.471649169921875,-0.0016483826329931617,1.5708386898040771
66.13642883300781,-0.010758009739220142,0.2812628746032715,28.530292510986328,0.06272856146097183,1.3631813526153564
66.1764144897461,-0.00983572006225586,0.2827625274658203,28.585355758666992,0.00803749356418848,1.437296986579895
66.21642303466797,-0.00894925743341446,0.28304004669189453,28.646472930908203,0.03434843197464943,1.5475102663040161
66.25645446777344,-0.007923581637442112,0.28544139862060547,28.70458221435547,0.03916983678936958,1.4156454801559448
66.29643249511719,-0.007337568793445826,0.2854142189025879,28.765966415405273,-0.021387742832303047,1.6349533796310425
66.33647155761719,-0.007282438687980175,0.284027099609375,28.82855224609375,-0.036940693855285645,1.4591028690338135
66.37644958496094,-0.007506111171096563,0.2815518379211426,28.886608123779297,-0.07396449148654938,1.5298128128051758
66.41645812988281,-0.008398246020078659,0.27893781661987305,28.95102310180664,-0.06017863377928734,1.5973446369171143
66.45648956298828,-0.009111094288527966,0.27679967880249023,29.00945281982422,-0.05632500723004341,1.4455629587173462
66.49647521972656,-0.009607822634279728,0.27486562728881836,29.07359504699707,-0.030039794743061066,1.64341139793396
66.53651428222656,-0.009617614559829235,0.2729215621948242,29.134628295898438,-0.07301642745733261,1.429694652557373
66.57648468017578,-0.00908438116312027,0.2701282501220703,29.195541381835938,-0.05250563845038414,1.6303083896636963
66.61649322509766,-0.007745436392724514,0.2690849304199219,29.25893211364746,-0.02324768528342247,1.5024607181549072
66.65653228759766,-0.006229217629879713,0.26540088653564453,29.318466186523438,-0.1042981892824173,1.5833353996276855
66.696533203125,-0.004674097988754511,0.263089656829834,29.385644912719727,-0.025150738656520844,1.6714812517166138
66.73653411865234,-0.0042500621639192104,0.2605619430541992,29.44708251953125,-0.10916672646999359,1.531416893005371
66.77651977539062,-0.005706702824681997,0.25600719451904297,29.514366149902344,-0.08083360642194748,1.6942170858383179
66.8165283203125,-0.008586966432631016,0.2528972625732422,29.5760440826416,-0.10902423411607742,1.4818038940429688
66.85653686523438,-0.011794833466410637,0.2481546401977539,29.642215728759766,-0.0972374826669693,1.7088581323623657
66.89653778076172,-0.01433346513658762,0.2464280128479004,29.70685386657715,-0.04453268647193909,1.524338960647583
66.93656921386719,-0.015455520711839199,0.24396610260009766,29.7716064453125,-0.07412715256214142,1.7229231595993042
66.97655487060547,-0.014630569145083427,0.24128293991088867,29.836471557617188,-0.0556771345436573,1.512355923652649
67.01656341552734,-0.012392194010317326,0.2382678985595703,29.89876937866211,-0.07969287037849426,1.6787009239196777
67.05658721923828,-0.01063978299498558,0.23544025421142578,29.966331481933594,-0.04940338432788849,1.6234395503997803
67.09657287597656,-0.010235942900180817,0.23375606536865234,30.027278900146484,-0.034941382706165314,1.562171220779419
67.1365737915039,-0.011166178621351719,0.2330617904663086,30.094295501708984,-0.012498597614467144,1.6818536520004272
67.1766128540039,-0.012683802284300327,0.23137283325195312,30.15555763244629,-0.06911549717187881,1.488261342048645
67.21662139892578,-0.014039292000234127,0.2295246124267578,30.221467971801758,-0.023188810795545578,1.693329095840454
67.25659942626953,-0.014674527570605278,0.2291426658630371,30.286771774291992,-0.030975496396422386,1.5672072172164917
67.296630859375,-0.015189415775239468,0.22719097137451172,30.35289764404297,-0.0377524234354496,1.7363265752792358
67.33663940429688,-0.015355516225099564,0.22710561752319336,30.41793441772461,0.00323088513687253,1.501023530960083
67.37662506103516,-0.01598491333425045,0.22514820098876953,30.47893524169922,-0.0682116150856018,1.6287720203399658
67.4166259765625,-0.016040997579693794,0.22411441802978516,30.545570373535156,0.03535908833146095,1.648353099822998
67.4566421508789,-0.015608766116201878,0.22542238235473633,30.60649871826172,0.010904401540756226,1.52553391456604
67.49665069580078,-0.015585703775286674,0.22510337829589844,30.672693252563477,0.011909488588571548,1.6682966947555542
67.53665924072266,-0.01578598842024803,0.22649240493774414,30.73457145690918,0.03150663897395134,1.4762167930603027
67.57666015625,-0.016719255596399307,0.22626018524169922,30.797771453857422,-0.03671738877892494,1.680108666419983
67.61666870117188,-0.01833740621805191,0.22550678253173828,30.86377716064453,-0.00628698943182826,1.5494590997695923
67.65668487548828,-0.020326225087046623,0.22538471221923828,30.926937103271484,-0.021011196076869965,1.6659575700759888
67.69668579101562,-0.022036932408809662,0.22458696365356445,30.995929718017578,-0.03233020752668381,1.6894190311431885
67.73672485351562,-0.022571193054318428,0.22203540802001953,31.057830810546875,-0.08341848850250244,1.548948884010315
67.77674102783203,-0.021723465994000435,0.21882057189941406,31.1259765625,-0.07373683154582977,1.7043944597244263
67.81671905517578,-0.02032063715159893,0.21556901931762695,31.187335968017578,-0.07051162421703339,1.4975078105926514
67.85672760009766,-0.018350699916481972,0.21385765075683594,31.252965927124023,-0.006505636032670736,1.70074462890625
67.89676666259766,-0.016728928312659264,0.21414852142333984,31.318618774414062,-0.00025738170370459557,1.5871106386184692
67.93675231933594,-0.016160722821950912,0.2126474380493164,31.385234832763672,-0.03525096923112869,1.7579079866409302
67.976806640625,-0.016579605638980865,0.21213722229003906,31.452268600463867,-0.012947368435561657,1.570868730545044
68.01678466796875,-0.018193667754530907,0.2086038589477539,31.515880584716797,-0.09704121947288513,1.7239463329315186
68.05679321289062,-0.01973756030201912,0.20689725875854492,31.584930419921875,-0.01443160604685545,1.6561095714569092
68.0968017578125,-0.020611213520169258,0.2055339813232422,31.64952850341797,-0.07278379797935486,1.6182045936584473
68.1368408203125,-0.02063019946217537,0.20312166213989258,31.71959686279297,-0.02711477503180504,1.6762502193450928
68.17684173583984,-0.019460635259747505,0.20377159118652344,31.781078338623047,0.02094952203333378,1.4903724193572998
68.21682739257812,-0.017893506214022636,0.20380306243896484,31.847911834716797,0.0028723012655973434,1.6600838899612427
68.25682830810547,-0.01676429808139801,0.20525121688842773,31.913055419921875,0.058768704533576965,1.559257984161377
68.29683685302734,-0.017184261232614517,0.2071523666381836,31.98116683959961,0.03193804994225502,1.7349820137023926
68.33684539794922,-0.018684744834899902,0.2083415985107422,32.049781799316406,0.020915193483233452,1.5846067667007446
68.37687683105469,-0.019791606813669205,0.20880365371704102,32.115413665771484,-0.009295002557337284,1.6682112216949463
68.41686248779297,-0.019725879654288292,0.2085256576538086,32.18482971191406,-0.021854080259799957,1.6284379959106445
68.45690155029297,-0.018938593566417694,0.20670127868652344,32.24840545654297,-0.046045590192079544,1.5969347953796387
68.49687957763672,-0.018222646787762642,0.2060527801513672,32.31793212890625,0.014485936611890793,1.6848230361938477
68.5368881225586,-0.01847710832953453,0.20670509338378906,32.38139343261719,0.0009053352987393737,1.5319615602493286
68.57691955566406,-0.01968342438340187,0.20783376693725586,32.44821548461914,0.07118285447359085,1.6516025066375732
68.61690521240234,-0.02081914059817791,0.2119770050048828,32.51195526123047,0.05918077379465103,1.4674699306488037
68.65691375732422,-0.02109193429350853,0.2131819725036621,32.5756950378418,0.021087706089019775,1.6344282627105713
68.69694519042969,-0.01977185532450676,0.21644306182861328,32.64208984375,0.11514263600111008,1.5760409832000732
68.73693084716797,-0.017574891448020935,0.2198958396911621,32.70355224609375,0.046879712492227554,1.5186210870742798
68.77693939208984,-0.016074571758508682,0.22093629837036133,32.77125930786133,0.04207663983106613,1.6707541942596436
68.81694030761719,-0.01550708245486021,0.2232522964477539,32.834537506103516,0.044010452926158905,1.5153594017028809
68.85697937011719,-0.016068456694483757,0.22389745712280273,32.900978088378906,-0.0021661308128386736,1.6716663837432861
68.89700317382812,-0.016992194578051567,0.22434139251708984,32.96537780761719,0.027024392038583755,1.4887431859970093
68.9369888305664,-0.017101043835282326,0.22530174255371094,33.02690124511719,0.01834678091108799,1.5685205459594727
68.97697448730469,-0.016547227278351784,0.2267770767211914,33.09356689453125,0.0508284866809845,1.6097050905227661
69.0169906616211,-0.015990309417247772,0.22870302200317383,33.15403747558594,0.049055229872465134,1.4739296436309814
69.05701446533203,-0.01553304772824049,0.23122692108154297,33.219539642333984,0.07539509236812592,1.6133350133895874
69.09700775146484,-0.016021117568016052,0.23395252227783203,33.28113555908203,0.04995390772819519,1.429102897644043
69.13701629638672,-0.01718844845890999,0.23585891723632812,33.34169387817383,0.06437060981988907,1.5596524477005005
69.1770248413086,-0.01840433105826378,0.2409529685974121,33.406490325927734,0.11701133847236633,1.5306506156921387
69.21705627441406,-0.019239412620663643,0.24395465850830078,33.46525573730469,0.0387895405292511,1.4271762371063232
69.25703430175781,-0.019772179424762726,0.2464594841003418,33.528236389160156,0.1042342409491539,1.5674153566360474
69.29704284667969,-0.01930515468120575,0.2515549659729004,33.58850860595703,0.11702314764261246,1.397872805595398
69.33707427978516,-0.01879175379872322,0.25400829315185547,33.64606475830078,0.03311635181307793,1.4431531429290771
69.3770523071289,-0.017794184386730194,0.25731849670410156,33.7083740234375,0.1260322779417038,1.5276515483856201
69.41706848144531,-0.01625250279903412,0.26225900650024414,33.76579284667969,0.09972161799669266,1.3741157054901123
69.45707702636719,-0.014997776597738266,0.26427745819091797,33.82539367675781,0.032430004328489304,1.5298875570297241
69.49708557128906,-0.013817880302667618,0.267364501953125,33.88780212402344,0.11059795320034027,1.4938843250274658
69.53712463378906,-0.012875458225607872,0.2708454132080078,33.94469451904297,0.061700448393821716,1.3936971426010132
69.57710266113281,-0.012630575336515903,0.2721366882324219,34.00678253173828,0.03027675300836563,1.528946876525879
69.61713409423828,-0.012438114732503891,0.27389097213745117,34.06596755981445,0.05176109820604324,1.3894646167755127
69.6571273803711,-0.012239992618560791,0.2754216194152832,34.124961853027344,0.033124104142189026,1.516706943511963
69.69715881347656,-0.011747950688004494,0.2764582633972168,34.18880081176758,0.026496198028326035,1.5369722843170166
69.73714447021484,-0.011284654028713703,0.2774972915649414,34.24612808227539,0.03137410804629326,1.3994303941726685
69.77718353271484,-0.011067557148635387,0.2792387008666992,34.308292388916016,0.06258311867713928,1.5567234754562378
69.8171615600586,-0.011036758311092854,0.2809147834777832,34.36918640136719,0.013707322999835014,1.4245644807815552
69.85717010498047,-0.011302361264824867,0.28023195266723633,34.42854309082031,-0.01457899808883667,1.5283544063568115
69.89720916748047,-0.01150896493345499,0.28077030181884766,34.493072509765625,0.03512364998459816,1.5679631233215332
69.93718719482422,-0.01153321098536253,0.28055286407470703,34.55252456665039,-0.04889306426048279,1.4306236505508423
69.97722625732422,-0.011511948890984058,0.2786393165588379,34.61710739135742,-0.01671578176319599,1.6079314947128296
70.01725006103516,-0.011042815633118153,0.2784152030944824,34.67887496948242,-0.0217791348695755,1.4634801149368286
70.05724334716797,-0.010630755685269833,0.2743806838989258,34.74300003051758,-0.08126670122146606,1.6727817058563232
70.09721374511719,-0.009921438060700893,0.2727065086364746,34.80720901489258,-0.01583186350762844,1.478700876235962
70.13725280761719,-0.009056498296558857,0.26963376998901367,34.86753463745117,-0.11141616851091385,1.547471523284912
70.17723846435547,-0.00797190424054861,0.26676177978515625,34.934364318847656,-0.03813771903514862,1.6017038822174072
70.21724700927734,-0.007126417942345142,0.26511335372924805,34.99729919433594,-0.0683247298002243,1.577508807182312
70.25724792480469,-0.007270862348377705,0.2611832618713379,35.06807327270508,-0.09757854789495468,1.7193156480789185
70.29725646972656,-0.00814873818308115,0.2572021484375,35.13190460205078,-0.12000415474176407,1.5542563199996948
70.33726501464844,-0.009871523827314377,0.25183868408203125,35.20293426513672,-0.13569529354572296,1.7437949180603027
70.37727355957031,-0.011345197446644306,0.2455596923828125,35.267372131347656,-0.14752544462680817,1.5766335725784302
70.41728210449219,-0.011225496418774128,0.23973560333251953,35.340145111083984,-0.1397194266319275,1.7956972122192383
70.45729064941406,-0.010022029280662537,0.2331552505493164,35.405452728271484,-0.16892164945602417,1.5775296688079834
70.49729919433594,-0.007944082841277122,0.22754383087158203,35.477882385253906,-0.10435400903224945,1.803527593612671
70.53730010986328,-0.00617036409676075,0.22191238403320312,35.54475784301758,-0.15225525200366974,1.6396716833114624
70.57730865478516,-0.005648948717862368,0.21625375747680664,35.6198616027832,-0.1074543222784996,1.8501474857330322
70.61732482910156,-0.006431094836443663,0.21127986907958984,35.689334869384766,-0.1631649136543274,1.689218282699585
70.6573715209961,-0.008570731617510319,0.20467519760131836,35.76446533203125,-0.11730024218559265,1.8185445070266724
70.69734191894531,-0.01059794519096613,0.19878673553466797,35.83280944824219,-0.19158333539962769,1.7009611129760742
70.73737335205078,-0.012166986241936684,0.19222259521484375,35.90858840942383,-0.11936809867620468,1.8092718124389648
70.77735900878906,-0.012791282497346401,0.18726825714111328,35.97837829589844,-0.13985075056552887,1.7684944868087769
70.81739044189453,-0.012549901381134987,0.1821894645690918,36.052852630615234,-0.10156059265136719,1.7472914457321167
70.85737609863281,-0.011965579353272915,0.17821025848388672,36.12271499633789,-0.09958265721797943,1.8075141906738281
70.89738464355469,-0.011550754308700562,0.17364120483398438,36.198158264160156,-0.09666234999895096,1.762176513671875
70.93739318847656,-0.011081669479608536,0.1695694923400879,36.26907730102539,-0.07920034974813461,1.844517469406128
70.97740173339844,-0.01109277456998825,0.16605663299560547,36.343868255615234,-0.0996752679347992,1.7272769212722778
71.01744842529297,-0.01163882203400135,0.16167593002319336,36.41602325439453,-0.10355086624622345,1.8759863376617432
71.05741882324219,-0.012311456725001335,0.15824317932128906,36.49201965332031,-0.08602149784564972,1.770249366760254
71.09742736816406,-0.013172143138945103,0.15475845336914062,36.567317962646484,-0.06746736168861389,1.9209154844284058
71.1374740600586,-0.014375202357769012,0.15277433395385742,36.639671325683594,-0.057574547827243805,1.652638554573059
71.17743682861328,-0.01608268916606903,0.14930152893066406,36.71128845214844,-0.08310511708259583,1.8421820402145386
71.21746826171875,-0.017618922516703606,0.14839839935302734,36.783233642578125,0.019254034385085106,1.680424690246582
71.25746154785156,-0.01800915040075779,0.14867687225341797,36.85329055786133,-0.0013558020582422614,1.7947087287902832
71.2974853515625,-0.01704518310725689,0.15052223205566406,36.92353057861328,0.07395447045564651,1.6312617063522339
71.33747863769531,-0.015933427959680557,0.15323686599731445,36.98838424682617,0.057539284229278564,1.6433804035186768
71.37751007080078,-0.015646083280444145,0.15603876113891602,37.05904006958008,0.09669969975948334,1.714284896850586
71.41751861572266,-0.016870785504579544,0.16129302978515625,37.12325668334961,0.13947077095508575,1.5618128776550293
71.45750427246094,-0.019168149679899216,0.16690540313720703,37.191810607910156,0.1314394325017929,1.6862857341766357
71.4975357055664,-0.021932218223810196,0.17213821411132812,37.256404876708984,0.1146068200469017,1.4938271045684814
71.53751373291016,-0.02497781068086624,0.1776738166809082,37.319583892822266,0.1298266500234604,1.5973591804504395
71.57752227783203,-0.027371225878596306,0.18368244171142578,37.38492202758789,0.14510571956634521,1.5635600090026855
71.61756134033203,-0.029841946437954903,0.18980884552001953,37.44283676147461,0.15992310643196106,1.398400068283081
71.65754699707031,-0.032188042998313904,0.1977090835571289,37.5029296875,0.22750970721244812,1.523090124130249
71.69757843017578,-0.034270063042640686,0.20763492584228516,37.56496810913086,0.2353639006614685,1.4894988536834717
71.737548828125,-0.03700525686144829,0.2142314910888672,37.62287902832031,0.12067050486803055,1.4025546312332153
71.7775650024414,-0.04006770998239517,0.21964550018310547,37.685462951660156,0.15107932686805725,1.5524133443832397
71.81757354736328,-0.043428752571344376,0.2279529571533203,37.74766540527344,0.16758611798286438,1.4242533445358276
71.85760498046875,-0.04603271931409836,0.23183107376098633,37.80546188354492,0.0549648255109787,1.4438508749008179
71.89759063720703,-0.04646972194314003,0.2354440689086914,37.870086669921875,0.1183418408036232,1.592472791671753
71.93759155273438,-0.04429543763399124,0.2399888038635254,37.93156433105469,0.08201369643211365,1.4645867347717285
71.97760772705078,-0.040199164301157,0.24063634872436523,37.99623489379883,-0.005082506686449051,1.6604751348495483
72.01761627197266,-0.03491779416799545,0.24123382568359375,38.06079864501953,0.04351307079195976,1.5063732862472534
72.05762481689453,-0.029027190059423447,0.24095726013183594,38.1204833984375,-0.025428319349884987,1.5124045610427856
72.09765625,-0.023855241015553474,0.23913240432739258,38.18761444091797,-0.01846555434167385,1.6491963863372803
72.13764190673828,-0.019906600937247276,0.23828363418579102,38.25004196166992,-0.030253954231739044,1.5263043642044067
72.17765045166016,-0.018767748028039932,0.2367844581604004,38.31992721557617,-0.04194489121437073,1.7293307781219482
72.21768951416016,-0.01984264887869358,0.23476028442382812,38.384910583496094,-0.05561738461256027,1.5400680303573608
72.25767517089844,-0.022316912189126015,0.2324204444885254,38.453861236572266,-0.06447748839855194,1.7160003185272217
72.2977066040039,-0.025161713361740112,0.22951698303222656,38.52043151855469,-0.0978577584028244,1.5482969284057617
72.33767700195312,-0.02735811285674572,0.22613906860351562,38.58940505981445,-0.0716167762875557,1.7522680759429932
72.37769317626953,-0.028854383155703545,0.22454118728637695,38.65733337402344,-0.046666134148836136,1.567922830581665
72.41769409179688,-0.029407575726509094,0.22175025939941406,38.72369384765625,-0.04268013313412666,1.7043060064315796
72.45771026611328,-0.028725484386086464,0.22158288955688477,38.78993606567383,0.01225342508405447,1.539849877357483
72.49771881103516,-0.026788979768753052,0.22014999389648438,38.85307312011719,-0.05498303472995758,1.6155680418014526
72.53772735595703,-0.02402171865105629,0.2198634147644043,38.921817779541016,0.038095809519290924,1.6552528142929077

"--- SEND COMMAND: Mode=balance, Value=0.0 ---"
72.5777359008789,-0.020595787093043327,0.22114181518554688,38.98447036743164,0.004758382216095924,1.5278606414794922
72.61774444580078,-0.01755903847515583,0.2205953598022461,39.05314254760742,0.00975883286446333,1.6941131353378296
72.65777587890625,-0.01575295440852642,0.22188282012939453,39.11688995361328,0.03226178511977196,1.524761438369751
72.69776153564453,-0.015461836941540241,0.22180938720703125,39.183956146240234,-0.019358240067958832,1.672521948814392
72.73777770996094,-0.01648654416203499,0.22282981872558594,39.24858093261719,0.09488971531391144,1.522581934928894
72.77778625488281,-0.017258381471037865,0.2320575714111328,39.309844970703125,0.3300119638442993,1.5658495426177979
72.81780242919922,-0.01704355701804161,0.25057220458984375,39.374149322509766,0.5732042789459229,1.6044540405273438
72.8578109741211,-0.015697430819272995,0.2802906036376953,39.43603515625,0.893419623374939,1.5500552654266357
72.89784240722656,-0.012861683033406734,0.3250908851623535,39.494712829589844,1.3123098611831665,1.5214273929595947
72.93781280517578,-0.008538325317203999,0.3869333267211914,39.552093505859375,1.7088122367858887,1.4874250888824463
72.97785949707031,-0.0022701453417539597,0.47281694412231445,39.61882781982422,2.084916830062866,1.4971904754638672
73.01782989501953,0.004387098364531994,0.5642862319946289,39.67356491088867,2.463867664337158,1.4347937107086182
73.05784606933594,0.011897875927388668,0.6726899147033691,39.72832107543945,2.947187900543213,1.5392197370529175
73.09785461425781,0.020351773127913475,0.8044338226318359,39.78704833984375,3.6099343299865723,1.5344877243041992
73.13786315917969,0.030565345659852028,0.9647984504699707,39.84029006958008,4.360357284545898,1.6460731029510498
73.17789459228516,0.042126648128032684,1.1584539413452148,39.892494201660156,5.239471912384033,1.6127815246582031
73.21788024902344,0.0542856901884079,1.3889570236206055,39.94682312011719,6.201961517333984,1.7859883308410645
73.25794982910156,0.0656980574131012,1.659780502319336,39.99760437011719,7.221160888671875,1.3986468315124512
73.29790496826172,0.07449692487716675,2.014538288116455,40.098968505859375,8.38886547088623,1.948307991027832
73.33792877197266,0.07467526942491531,2.3697257041931152,40.16741180419922,9.22215747833252,2.251154899597168
73.37792205810547,0.06569727510213852,2.7527413368225098,40.234004974365234,9.772031784057617,2.049126148223877
73.41792297363281,0.04866314306855202,-3.137448310852051,34.02084732055664,9.808499336242676,1.9809455871582031
73.45793151855469,0.02734943851828575,-2.7557554244995117,34.09027099609375,9.28124713897705,1.712174892425537
73.49796295166016,0.0056746178306639194,-2.4058732986450195,34.16288757324219,8.308323860168457,1.6936025619506836
73.53793334960938,-0.013578170910477638,-2.1021833419799805,34.23118209838867,7.044361114501953,1.6628022193908691
73.57794189453125,-0.030269423499703407,-1.8235645294189453,34.325523376464844,5.503876686096191,1.5078508853912354
73.61795043945312,-0.04043949022889137,-1.6343441009521484,34.38520812988281,4.125391006469727,1.5087637901306152
73.657958984375,-0.046583134680986404,-1.5000076293945312,34.4418830871582,2.7462615966796875,1.2508728504180908
73.69796752929688,-0.04955488443374634,-1.4191341400146484,34.50215148925781,1.4578886032104492,1.3501375913619995
73.73799896240234,-0.05022059381008148,-1.385493278503418,34.56443786621094,0.3641428053379059,1.4189685583114624
73.77798461914062,-0.04915355145931244,-1.394556999206543,34.628902435302734,-0.6958664059638977,1.345125675201416
73.8179931640625,-0.046727024018764496,-1.444559097290039,34.690773010253906,-1.7048594951629639,1.4798412322998047
73.85802459716797,-0.041804227977991104,-1.5503063201904297,34.73960876464844,-2.874006748199463,1.388810634613037
73.89801025390625,-0.034384164959192276,-1.687821388244629,34.79812240600586,-3.908294677734375,1.0286707878112793
73.93804168701172,-0.02371090091764927,-1.8651599884033203,34.853981018066406,-4.88770866394043,1.2137956619262695
73.97802734375,-0.010071308352053165,-2.0799789428710938,34.9057731628418,-5.791353225708008,0.9457783699035645
74.01802825927734,0.005612940993160009,-2.3279247283935547,34.956825256347656,-6.555102348327637,0.6820507049560547
74.05803680419922,0.02249421738088131,-2.601691246032715,35.00982666015625,-7.082561016082764,0.9939150810241699
74.0980453491211,0.0387805737555027,-2.88924503326416,35.057655334472656,-7.2636542320251465,1.007493495941162
74.13805389404297,0.052734196186065674,3.1071858406066895,41.38396072387695,-7.053578853607178,0.9395785331726074
74.17808532714844,0.0638367310166359,2.805046558380127,41.39403533935547,-6.374516010284424,0.9190268516540527
74.21807098388672,0.06873380392789841,2.569723606109619,41.441776275634766,-5.45387601852417,1.1503233909606934
74.25810241699219,0.06943187862634659,2.374603748321533,41.484745025634766,-4.366775989532471,1.217409610748291
74.29808807373047,0.06756792217493057,2.224900722503662,41.5330696105957,-3.2025976181030273,1.3035783767700195
74.33811950683594,0.06485015153884888,2.1236319541931152,41.57650375366211,-1.9726812839508057,1.2868497371673584
74.37811279296875,0.06286828964948654,2.071302890777588,41.6181640625,-0.7419885396957397,1.2946163415908813
74.41813659667969,0.062309909611940384,2.0687155723571777,41.661598205566406,0.4879262149333954,1.2007379531860352
74.45812225341797,0.06335239112377167,2.122464656829834,41.70974349975586,1.7383583784103394,1.2565639019012451
74.49816131591797,0.06516996771097183,2.2121806144714355,41.750579833984375,2.670775890350342,1.1605137586593628
74.53813934326172,0.0666142925620079,2.3374876976013184,41.79484558105469,3.5069162845611572,1.3531084060668945
74.57814025878906,0.06687711179256439,2.491730213165283,41.834922790527344,4.188045501708984,1.3212833404541016
74.61817932128906,0.06513728201389313,2.6696724891662598,41.87470245361328,4.697291374206543,1.1136870384216309
74.65815734863281,0.060269683599472046,2.8634324073791504,41.91582489013672,4.9986138343811035,1.2041442394256592
74.69818878173828,0.052996762096881866,3.0632128715515137,41.95857238769531,5.047203540802002,1.19427490234375
74.73817443847656,0.04337775707244873,-3.0003480911254883,35.74028015136719,4.794346332550049,1.1357693672180176
74.77820587158203,0.03500527888536453,-2.8202953338623047,35.77857208251953,4.3309502601623535,1.0537281036376953
74.81818389892578,0.027671193704009056,-2.6637353897094727,35.817222595214844,3.6527369022369385,0.8404743671417236
74.85822296142578,0.022048471495509148,-2.536503791809082,35.85745620727539,2.834230422973633,0.9136157035827637
74.89820861816406,0.017973683774471283,-2.443178176879883,35.8924560546875,1.9939144849777222,0.8369730710983276
74.93821716308594,0.015630843117833138,-2.384127616882324,35.93111801147461,1.1155338287353516,0.8937900066375732
74.97821807861328,0.014761814847588539,-2.3584823608398438,35.97047805786133,0.32407504320144653,0.8811988830566406
75.01822662353516,0.015376284718513489,-2.361495018005371,36.01184844970703,-0.3840131163597107,0.9222317337989807
75.05825805664062,0.018284449353814125,-2.3999156951904297,36.042816162109375,-1.2188925743103027,0.6126251220703125
75.09825134277344,0.02221561409533024,-2.4634323120117188,36.07680130004883,-1.8550019264221191,0.7477149963378906
75.13825225830078,0.027991708368062973,-2.552638053894043,36.1041259765625,-2.488002300262451,0.6691992282867432
75.17829132080078,0.03572884574532509,-2.6643810272216797,36.12908935546875,-3.019282817840576,0.4871375560760498
75.21826171875,0.04445013031363487,-2.794239044189453,36.14914321899414,-3.392859935760498,0.3699371814727783
75.25829315185547,0.05303473025560379,-2.9351720809936523,36.16337203979492,-3.5831570625305176,0.2798295021057129
75.29827880859375,0.0601428858935833,-3.0801467895507812,36.17702865600586,-3.5776522159576416,0.3610560894012451
75.33831024169922,0.0653204619884491,3.0466389656066895,42.45211410522461,-3.312755823135376,0.30066633224487305
75.3782958984375,0.0684191957116127,2.921294689178467,42.46142578125,-2.933133602142334,0.2912294864654541
75.41830444335938,0.07140737026929855,2.81477689743042,42.46858215332031,-2.4170496463775635,0.06800079345703125
75.45831298828125,0.07362113893032074,2.731868267059326,42.477012634277344,-1.7601821422576904,0.2581610679626465
75.49833679199219,0.07415129244327545,2.6738009452819824,42.476566314697266,-1.1806130409240723,0.02412259578704834
75.53832244873047,0.07478966563940048,2.6390719413757324,42.47551345825195,-0.576740562915802,0.049863219261169434
75.57835388183594,0.0776967778801918,2.631242275238037,42.47064208984375,0.11946028470993042,-0.04874686896800995
75.61835479736328,0.08266345411539078,2.6505532264709473,42.46630859375,0.6711356043815613,-0.054159700870513916
75.65833282470703,0.08596663177013397,2.6860432624816895,42.46273422241211,1.0678575038909912,-0.0016275644302368164
75.6983642578125,0.09139744937419891,2.738792896270752,42.45760726928711,1.5288833379745483,-0.07140302658081055
75.73834991455078,0.10358686000108719,2.8096108436584473,42.45322036743164,1.9427683353424072,0.09994399547576904
75.77838134765625,0.12366493046283722,2.8941760063171387,42.454410552978516,2.2237954139709473,0.010958194732666016
75.81836700439453,0.14529015123844147,2.9890265464782715,42.457523345947266,2.4080498218536377,0.2481071949005127
75.8583755493164,0.16240079700946808,3.0868630409240723,42.46199417114258,2.4157543182373047,0.1107170581817627
75.89840698242188,0.16981832683086395,-3.101106643676758,36.18914794921875,2.2775886058807373,0.1835949420928955
75.93839263916016,0.1578870266675949,-3.006807327270508,36.19697570800781,1.9828851222991943,0.001493215560913086
75.97842407226562,0.13800962269306183,-2.936722755432129,36.19505310058594,1.6449780464172363,-0.10721564292907715
76.01841735839844,0.11580628156661987,-2.884232521057129,36.18660354614258,1.1576502323150635,-0.1679619550704956
76.05841827392578,0.09952981024980545,-2.850985527038574,36.1822624206543,0.6879299879074097,-0.0859798789024353
76.09844970703125,0.09170712530612946,-2.8353939056396484,36.177459716796875,0.2325342744588852,-0.16166113317012787
76.13843536376953,0.0917026549577713,-2.8377437591552734,36.169708251953125,-0.21117408573627472,-0.2205902636051178
76.17843627929688,0.09663210809230804,-2.8545055389404297,36.16050720214844,-0.47523728013038635,-0.23633745312690735
76.21847534179688,0.1046077236533165,-2.882563591003418,36.14656448364258,-0.6474518775939941,-0.25289979577064514
76.25845336914062,0.11026457697153091,-2.9131908416748047,36.13899230957031,-0.7697986960411072,-0.13206666707992554
76.2984619140625,0.11016268283128738,-2.9479990005493164,36.1389045715332,-0.8552910685539246,0.09196209907531738
76.33847045898438,0.10303138196468353,-2.986809730529785,36.14596939086914,-0.9701112508773804,0.20063340663909912
76.37850952148438,0.08936675637960434,-3.028087615966797,36.151527404785156,-1.018846035003662,0.0893024206161499
76.41850280761719,0.07288247346878052,-3.068655014038086,36.15513610839844,-1.0029977560043335,0.0764385461807251
76.45851135253906,0.056122858077287674,-3.1071701049804688,36.15949630737305,-0.9530710577964783,0.04600667953491211
76.49851989746094,0.040755800902843475,3.135373592376709,42.438453674316406,-0.8799076080322266,-0.04482823610305786
76.5385513305664,0.03129502013325691,3.103886127471924,42.43585968017578,-0.7190249562263489,-0.05561250448226929
76.57853698730469,0.026009803637862206,3.0807690620422363,42.43618392944336,-0.4806053936481476,0.045416444540023804
76.61858367919922,0.02324129454791546,3.0680136680603027,42.439674377441406,-0.19707036018371582,0.12618273496627808
76.65858459472656,0.021363532170653343,3.065459728240967,42.44245910644531,0.02900579571723938,0.07055824249982834
76.69857025146484,0.019456686452031136,3.069457530975342,42.44197082519531,0.12390641868114471,-0.018227919936180115
76.73860931396484,0.015278369188308716,3.0741496086120605,42.43925476074219,0.11282707005739212,-0.07128772884607315
76.77859497070312,0.009075012058019638,3.079078197479248,42.43705368041992,0.11283218860626221,-0.05794301629066467
76.8186264038086,0.0026749258395284414,3.082709789276123,42.434608459472656,0.0870678722858429,-0.04946669936180115
76.85860443115234,-0.005159999709576368,3.0852408409118652,42.43316650390625,0.06358068436384201,-0.008681342005729675
76.89862823486328,-0.015092981047928333,3.0858006477355957,42.43199920654297,0.013990920037031174,-0.01158256083726883
76.93861389160156,-0.025232210755348206,3.0845065116882324,42.43077850341797,-0.02629053220152855,-0.018122712150216103
76.97864532470703,-0.03359377756714821,3.082092761993408,42.42819595336914,-0.06473741680383682,-0.0703371912240982
77.01863098144531,-0.040270768105983734,3.079197406768799,42.42609786987305,-0.053080715239048004,-0.024083169177174568
77.05866241455078,-0.04615503177046776,3.07875394821167,42.42559051513672,0.021960418671369553,0.006730465218424797
77.09864044189453,-0.023509111255407333,3.083448886871338,42.423465728759766,0.15476155281066895,-0.010520890355110168
77.1386489868164,0.0037312686908990145,3.0886712074279785,42.42597579956055,0.1507304459810257,0.11656113713979721
77.17868041992188,0.016203757375478745,3.0954089164733887,42.43443298339844,0.22939777374267578,0.2462327629327774
77.21865844726562,0.04142022132873535,3.1062235832214355,42.43549728393555,0.3508778512477875,0.09271767735481262
77.25867462158203,0.06466997414827347,3.117236614227295,42.43213653564453,0.38698890805244446,-0.09947791695594788
77.2987060546875,0.07682736217975616,3.130028247833252,42.42604446411133,0.36846214532852173,-0.08458438515663147
77.33867645263672,0.07731249183416367,3.140468120574951,42.4247932434082,0.23616376519203186,0.04680587351322174
77.37872314453125,0.07444057613611221,-3.134441375732422,36.146507263183594,0.11310940980911255,0.10337222367525101
77.418701171875,0.06682407110929489,-3.1302480697631836,36.153099060058594,0.09229718148708344,0.15500035881996155
77.45870208740234,0.05863172560930252,-3.1245784759521484,36.161338806152344,0.1464572548866272,0.20880375802516937
77.49874114990234,0.056207325309515,-3.1176881790161133,36.169742584228516,0.1848863810300827,0.21135154366493225
77.5387191772461,0.05940583348274231,-3.111922264099121,36.17677688598633,0.139210507273674,0.1697060763835907
77.57872772216797,0.06556662917137146,-3.1083478927612305,36.18101501464844,0.10145386308431625,0.11047770082950592
77.61875915527344,0.07220443338155746,-3.1051340103149414,36.18445587158203,0.11410749703645706,0.11767423152923584
77.65874481201172,0.07662510871887207,-3.100216865539551,36.18949890136719,0.13271375000476837,0.13735049962997437
77.6987533569336,0.07697945088148117,-3.0950050354003906,36.195091247558594,0.1304008811712265,0.1445608139038086
77.73883056640625,0.07503347843885422,-3.089761734008789,36.20105743408203,0.14531081914901733,0.17031362652778625
77.77879333496094,0.07262832671403885,-3.08431339263916,36.20759963989258,0.1432991772890091,0.1804288774728775
77.81877136230469,0.07131021469831467,-3.0791215896606445,36.21438980102539,0.1299305409193039,0.1814698427915573
77.8587875366211,0.07188135385513306,-3.075284004211426,36.22036361694336,0.08997701853513718,0.14943447709083557
77.8987808227539,0.07358573377132416,-3.073057174682617,36.22528839111328,0.04897666350007057,0.118741974234581
77.93879699707031,0.07509483397006989,-3.0721635818481445,36.22951126098633,0.01195831224322319,0.09174615144729614
77.97882843017578,0.076724112033844,-3.0726099014282227,36.23273849487305,-0.02448350563645363,0.06700322031974792
78.01880645751953,0.0763956755399704,-3.0740480422973633,36.23508071899414,-0.059463705867528915,0.026958245784044266
78.05884552001953,0.07477603107690811,-3.07674503326416,36.23604965209961,-0.05796613544225693,0.03163021802902222
78.09883117675781,0.07405397295951843,-3.0786266326904297,36.237327575683594,-0.03625836223363876,0.03379228711128235
78.13887023925781,0.07468560338020325,-3.0796127319335938,36.23875427246094,-0.011271835304796696,0.039589785039424896
78.17887878417969,0.07569511979818344,-3.0801515579223633,36.239566802978516,-0.01192803680896759,0.010078709572553635
78.21885681152344,0.07584881782531738,-3.0804195404052734,36.239593505859375,-0.0033363569527864456,-0.005940072238445282
78.25886535644531,0.07472261041402817,-3.0804224014282227,36.23933792114258,-0.008850167505443096,-0.009599181823432446
78.29889678955078,0.07366300374269485,-3.081131935119629,36.238746643066406,-0.01849355362355709,-0.013607128523290157
78.33888244628906,0.0732056200504303,-3.081759452819824,36.23804473876953,-0.021527200937271118,-0.021313196048140526
78.37891387939453,0.07316187024116516,-3.0829172134399414,36.23691177368164,-0.03111129440367222,-0.02782990038394928
78.41888427734375,0.07285378873348236,-3.0842552185058594,36.23558807373047,-0.03767125681042671,-0.03784959390759468
78.45890045166016,0.07224955409765244,-3.0863876342773438,36.23342514038086,-0.0587267205119133,-0.05337661877274513
78.49893951416016,0.07230538129806519,-3.089329719543457,36.23048782348633,-0.06642472743988037,-0.0627153217792511
78.5389404296875,0.07285168766975403,-3.0929689407348633,36.22677230834961,-0.06169889122247696,-0.0605575367808342
78.57892608642578,0.07402564585208893,-3.0960769653320312,36.22366714477539,-0.057587530463933945,-0.05612517148256302
78.61895751953125,0.07443611323833466,-3.0987319946289062,36.22092819213867,-0.060740187764167786,-0.06213121488690376
78.65894317626953,0.07458163052797318,-3.1015634536743164,36.21809768676758,-0.060707297176122665,-0.05714056268334389
78.6989517211914,0.07430077344179153,-3.1042089462280273,36.215415954589844,-0.05605444312095642,-0.057802144438028336
78.73898315429688,0.07394387573003769,-3.1065902709960938,36.213016510009766,-0.05972756817936897,-0.06033391132950783
78.77896881103516,0.07377417385578156,-3.108616828918457,36.21099090576172,-0.0548270121216774,-0.05193795636296272
78.8189926147461,0.07386056333780289,-3.110727310180664,36.208824157714844,-0.05098900943994522,-0.05216602981090546
78.8590087890625,0.07359910011291504,-3.1129226684570312,36.206607818603516,-0.046260375529527664,-0.04590370133519173
78.89898681640625,0.07344371825456619,-3.114591598510742,36.20494842529297,-0.04410836100578308,-0.04303834214806557
78.93901824951172,0.07321086525917053,-3.1160802841186523,36.20343017578125,-0.03237707167863846,-0.02599261701107025
78.97901153564453,0.07298274338245392,-3.11739444732666,36.20209884643555,-0.03432244434952736,-0.034750454127788544
79.01904296875,0.07292979955673218,-3.1187076568603516,36.20075988769531,-0.03319985792040825,-0.032486509531736374
79.05902099609375,0.07298070937395096,-3.1195850372314453,36.199851989746094,-0.019672436639666557,-0.02441619336605072
79.09905242919922,0.07294715195894241,-3.1203718185424805,36.19902420043945,-0.015418527647852898,-0.019662940874695778
79.1390380859375,0.07274547219276428,-3.1210708618164062,36.1983757019043,-0.01276792399585247,-0.0066331420093774796
79.1790771484375,0.07272842526435852,-3.1215076446533203,36.197906494140625,-0.006838795263320208,-0.008836166001856327
79.21906280517578,0.0727166011929512,-3.121769905090332,36.197628021240234,-0.0010462761856615543,-0.0006539354799315333
79.25908660888672,0.07271397858858109,-3.1218576431274414,36.19755172729492,0.0020214389078319073,0.0006304127164185047
79.299072265625,0.07270938158035278,-3.121945381164551,36.197452545166016,0.0026424250099807978,0.002000412903726101
79.33910369873047,0.07271920889616013,-3.121683120727539,36.19773864746094,0.005033562891185284,0.004926560912281275
79.37908935546875,0.07273362576961517,-3.1213340759277344,36.19811248779297,0.010050184093415737,0.018574677407741547
79.41912078857422,0.07292809337377548,-3.120809555053711,36.1986083984375,0.011721715331077576,0.011365042068064213
79.4591293334961,0.07294507324695587,-3.120372772216797,36.19910430908203,0.010884879156947136,0.014879620634019375
79.49911499023438,0.073334239423275,-3.11923885345459,36.20034408569336,0.10158348828554153,0.11071432381868362
79.53914642333984,0.07505492120981216,-3.113558769226074,36.209312438964844,0.1804620325565338,0.2807585895061493
79.57913208007812,0.07551886886358261,-3.0979509353637695,36.219722747802734,0.6412301063537598,0.36805397272109985
79.619140625,0.07643742114305496,-3.0589189529418945,36.22953796386719,1.2941535711288452,0.34989649057388306
79.6591567993164,0.08166816085577011,-2.9943466186523438,36.23477554321289,1.9563323259353638,0.27440345287323
79.69918823242188,0.09218335896730423,-2.9016666412353516,36.245643615722656,2.664498805999756,0.4755229949951172
79.73917388916016,0.10885597765445709,-2.7706918716430664,36.268768310546875,3.289479970932007,0.648634672164917
79.77920532226562,0.12905508279800415,-2.6274948120117188,36.27985382080078,3.9420316219329834,0.47209906578063965
79.8191909790039,0.15339158475399017,-2.4621429443359375,36.29106521606445,4.434802532196045,0.47868871688842773
79.85920715332031,0.1775258630514145,-2.2812814712524414,36.30387496948242,4.68809175491333,0.5997591018676758
79.89920806884766,0.19576716423034668,-2.0951099395751953,36.31986999511719,4.685163497924805,0.636528491973877
79.93924713134766,0.20252440869808197,-1.908823013305664,36.335693359375,4.608967304229736,0.6069493293762207
79.97926330566406,0.19592568278312683,-1.7264108657836914,36.35490417480469,4.423678398132324,0.5194246768951416
80.01925659179688,0.17975901067256927,-1.5404109954833984,36.39598846435547,3.707685947418213,0.44276928901672363
80.05924224853516,0.16986921429634094,-1.4230422973632812,36.41550827026367,2.2342605590820312,0.4403005838394165
80.09925079345703,0.16613641381263733,-1.3750829696655273,36.436519622802734,0.4459744095802307,0.26703137159347534
80.1392822265625,0.16302695870399475,-1.3834638595581055,36.452030181884766,-0.6038492321968079,0.19709652662277222
80.17927551269531,0.1585521548986435,-1.422348976135254,36.4629020690918,-1.207322359085083,0.2084212303161621
80.21931457519531,0.15566982328891754,-1.4788188934326172,36.476905822753906,-1.5502667427062988,0.2604926824569702
80.25928497314453,0.1542656272649765,-1.5435543060302734,36.48634338378906,-1.607107162475586,0.28950345516204834
80.29932403564453,0.15595798194408417,-1.6162185668945312,36.49549865722656,-1.6378538608551025,0.32231593132019043
80.33930206298828,0.16042868793010712,-1.6840448379516602,36.50564956665039,-1.6857647895812988,0.2877088785171509
80.37931060791016,0.16445516049861908,-1.75762939453125,36.515724182128906,-1.900856375694275,0.07136905193328857
80.41934204101562,0.16562870144844055,-1.8372163772583008,36.51982116699219,-1.9903843402862549,0.16898751258850098
80.4593276977539,0.16432780027389526,-1.9164276123046875,36.52320098876953,-1.9136111736297607,-0.032515883445739746
80.49935913085938,0.16358870267868042,-1.9909896850585938,36.52396011352539,-1.766315221786499,0.05871117115020752
80.53934478759766,0.16266489028930664,-2.0581541061401367,36.519840240478516,-1.5960267782211304,-0.19562017917633057
80.57936096191406,0.16003182530403137,-2.117971420288086,36.511444091796875,-1.3353599309921265,-0.14093220233917236
80.61939239501953,0.15696941316127777,-2.1666173934936523,36.50178909301758,-0.895552933216095,-0.06757134199142456
80.65937805175781,0.15608631074428558,-2.1996421813964844,36.49607467651367,-0.7691906690597534,-0.14633196592330933
80.69940948486328,0.1556757390499115,-2.2262439727783203,36.48780059814453,-0.5134758949279785,-0.16457802057266235
80.73939514160156,0.15476033091545105,-2.239863395690918,36.479705810546875,-0.250782310962677,-0.1820870190858841
80.7793960571289,0.15385298430919647,-2.250412940979004,36.472015380859375,-0.2760799527168274,-0.18755361437797546
80.81944274902344,0.15486665070056915,-2.2622222900390625,36.46505355834961,-0.30733200907707214,-0.17450684309005737
80.85941314697266,0.15677253901958466,-2.2768354415893555,36.45832443237305,-0.4040866792201996,-0.1859809160232544
80.89945220947266,0.15751290321350098,-2.3006019592285156,36.44815444946289,-0.6510434746742249,-0.24668288230895996
80.93943786621094,0.1564038097858429,-2.337522506713867,36.43993377685547,-1.1319087743759155,-0.2500338554382324
80.9794692993164,0.15398897230625153,-2.394124984741211,36.436058044433594,-1.6062536239624023,-0.17085731029510498
81.01944732666016,0.14986053109169006,-2.466318130493164,36.428855895996094,-1.8982880115509033,-0.27524590492248535
81.05947875976562,0.1439047008752823,-2.5439138412475586,36.427040100097656,-1.9098072052001953,-0.010271787643432617
81.09950256347656,0.1378384828567505,-2.6152114868164062,36.423648834228516,-1.6657261848449707,-0.14098310470581055
81.13949584960938,0.1323867291212082,-2.6769418716430664,36.423133850097656,-1.4611817598342896,0.06898272037506104
81.17947387695312,0.1266428828239441,-2.7378387451171875,36.420623779296875,-1.258435606956482,0.07637882232666016
81.21951293945312,0.12188895046710968,-2.7826709747314453,36.42230987548828,-1.0308650732040405,0.04372048377990723
81.25949096679688,0.11791540682315826,-2.820155143737793,36.426910400390625,-0.9026111364364624,0.1093069314956665
81.29952239990234,0.11394389718770981,-2.857545852661133,36.430267333984375,-1.0076738595962524,0.01219797134399414
81.3395004272461,0.10875332355499268,-2.9025917053222656,36.42775344848633,-1.207600712776184,-0.17092955112457275
81.3795394897461,0.10257215052843094,-2.949906349182129,36.422672271728516,-1.1704270839691162,-0.13782203197479248
81.41951751708984,0.09572786092758179,-2.99515438079834,36.420291900634766,-1.151293396949768,-0.11251795291900635
81.45954895019531,0.08814902603626251,-3.047856330871582,36.41132736206055,-1.2324278354644775,-0.16454780101776123
81.4995346069336,0.08371661603450775,-3.0971126556396484,36.40553283691406,-1.2409311532974243,-0.1690206527709961
81.53955078125,0.08210936188697815,3.1388163566589355,42.68648910522461,-1.1194931268692017,-0.02564716339111328
81.57958221435547,0.08209004998207092,3.0978074073791504,42.68460464477539,-0.9466545581817627,-0.0499420166015625
81.61956024169922,0.08266771584749222,3.0634875297546387,42.679813385009766,-0.7780638337135315,-0.12756294012069702
81.65959167480469,0.08261293917894363,3.0372605323791504,42.675262451171875,-0.5175468325614929,-0.033291399478912354
81.6995849609375,0.08882570266723633,3.0314011573791504,42.684898376464844,0.028023093938827515,0.3766356408596039
81.73959350585938,0.0911700427532196,3.038954257965088,42.70242691040039,0.19975645840168,0.37110233306884766
81.77962493896484,0.08348874002695084,3.0550894737243652,42.71967315673828,0.36345961689949036,0.34330758452415466
81.81961059570312,0.07188697159290314,3.0716309547424316,42.733055114746094,0.3557133078575134,0.25702178478240967
81.8596420288086,0.0695030689239502,3.082793712615967,42.740997314453125,0.17320194840431213,0.1423853635787964
81.89961242675781,0.07027457654476166,3.0886902809143066,42.7476921081543,0.1407460868358612,0.14916357398033142
81.93965911865234,0.07565081119537354,3.0943636894226074,42.75334548950195,0.14553827047348022,0.14211420714855194
81.9796371459961,0.0849086120724678,3.0982813835144043,42.75723648071289,0.07173313945531845,0.06984277069568634
82.01964569091797,0.09042473882436752,3.096365451812744,42.75554275512695,-0.16485098004341125,-0.16388796269893646
82.05967712402344,0.09309825301170349,3.0843634605407715,42.742645263671875,-0.32835859060287476,-0.33709707856178284
82.09967803955078,0.08891543745994568,3.069136142730713,42.728233337402344,-0.3809497654438019,-0.3575519919395447
82.13966369628906,0.08362775295972824,3.060732364654541,42.71954345703125,-0.10148130357265472,-0.12473640590906143
82.17967987060547,0.08272183686494827,3.064903736114502,42.723060607910156,0.13882800936698914,0.14039736986160278
82.21975708007812,0.08390280604362488,3.073300838470459,42.73209762573242,0.18098919093608856,0.18195220828056335
82.25968933105469,0.08454781770706177,3.082533359527588,42.74113464355469,0.20314620435237885,0.1940867006778717
82.29972839355469,0.08474850654602051,3.090583324432373,42.74932098388672,0.1720055788755417,0.1787823736667633
82.33971405029297,0.08509951084852219,3.097367763519287,42.75621032714844,0.11911526322364807,0.11351548880338669
82.37975311279297,0.08479847013950348,3.1002182960510254,42.759185791015625,0.029518935829401016,0.04360753297805786
82.41973114013672,0.08427242934703827,3.0978732109069824,42.75910949707031,-0.104055255651474,-0.03846302628517151
82.45976257324219,0.08391283452510834,3.0950798988342285,42.75691223144531,-0.05265272781252861,-0.06513629853725433
82.49974060058594,0.08408185094594955,3.0931754112243652,42.753360748291016,-0.06252791732549667,-0.10322435200214386
82.5397720336914,0.08460723608732224,3.089259624481201,42.749046325683594,-0.11278343945741653,-0.10664865374565125
82.57978820800781,0.08487288653850555,3.0844006538391113,42.74456787109375,-0.11153461039066315,-0.11103526502847672
82.6197738647461,0.08511178940534592,3.0817341804504395,42.7401237487793,-0.04430520161986351,-0.09830555319786072
82.65978240966797,0.08506917953491211,3.080470561981201,42.735504150390625,0.003927677869796753,-0.08916407078504562
82.69981384277344,0.08535243570804596,3.083160877227783,42.73233413696289,0.11823869496583939,-0.044725365936756134
82.73979949951172,0.08598574995994568,3.090954303741455,42.73139572143555,0.21471171081066132,0.0009216964244842529
82.77980041503906,0.0858815386891365,3.100959300994873,42.73221206665039,0.27274683117866516,0.04436887800693512
82.81980895996094,0.08362753689289093,3.113741397857666,42.73413848876953,0.3436647951602936,0.06945431232452393
82.85981750488281,0.08008052408695221,3.124083995819092,42.736148834228516,0.19777366518974304,0.04575948417186737
82.89984893798828,0.07845841348171234,3.1268954277038574,42.73763656616211,0.012511132284998894,0.02085728943347931
82.93983459472656,0.07974105328321457,3.126796245574951,42.738494873046875,0.05004415288567543,0.05785530060529709
82.97986602783203,0.08293705433607101,3.1293015480041504,42.7408332824707,0.05933162569999695,0.07349155843257904
83.0198745727539,0.08473372459411621,3.1320853233337402,42.74786376953125,0.11156962066888809,0.24635648727416992
83.05985260009766,0.08376014977693558,3.1360983848571777,42.760597229003906,0.0651119276881218,0.3306909203529358
83.09989929199219,0.08391594886779785,3.135084629058838,42.772247314453125,-0.08771538734436035,0.2107132077217102
83.13987731933594,0.08970822393894196,3.132132053375244,42.77315902709961,0.04293163865804672,0.043716318905353546
83.17990112304688,0.09451447427272797,3.132272243499756,42.76882553100586,0.028282679617404938,-0.11613436788320541
83.21989440917969,0.09962159395217896,3.1390442848205566,42.764129638671875,0.33210083842277527,-0.002316117286682129
83.25989532470703,0.10106588155031204,-3.126729965209961,36.48112487792969,0.539016604423523,0.09599259495735168
83.2999267578125,0.09961990267038345,-3.095982551574707,36.483245849609375,1.03421950340271,0.1509178876876831
83.33991241455078,0.10124573111534119,-3.039475440979004,36.48457717895508,1.7549642324447632,0.16898036003112793
83.37995147705078,0.10810624063014984,-2.955158233642578,36.488224029541016,2.303811550140381,0.13495206832885742
83.41993713378906,0.11688453704118729,-2.8546791076660156,36.481929779052734,2.7550244331359863,0.1244513988494873
83.45997619628906,0.12375306338071823,-2.73610782623291,36.474266052246094,3.0981738567352295,-0.14612698554992676
83.49996185302734,0.125625878572464,-2.6045455932617188,36.47014236450195,3.397418737411499,-0.09548377990722656
83.53997039794922,0.1248861774802208,-2.44571590423584,36.48918533325195,3.6226742267608643,-0.033727169036865234
83.5799789428711,0.12306845933198929,-2.299436569213867,36.48981475830078,3.6061952114105225,-0.0932924747467041
83.6200180053711,0.12093546241521835,-2.1599807739257812,36.48756790161133,3.459620237350464,-0.12829971313476562
83.66002655029297,0.11744356155395508,-2.0147571563720703,36.484527587890625,3.7932796478271484,-0.052123069763183594
83.69999694824219,0.10918546468019485,-1.8554725646972656,36.47801208496094,4.0929951667785645,-0.1954669952392578
83.74000549316406,0.09705452620983124,-1.6863040924072266,36.473846435546875,4.30338716506958,-0.045531272888183594
83.7800064086914,0.0818663090467453,-1.5109062194824219,36.47147750854492,4.492114543914795,0.15543031692504883
83.82001495361328,0.0604466088116169,-1.3030214309692383,36.49567413330078,4.736937999725342,0.30569934844970703
83.86004638671875,0.03856445103883743,-1.1156530380249023,36.48581314086914,4.673365116119385,-0.15485095977783203
83.90006256103516,0.016834905371069908,-0.9372482299804688,36.47682571411133,4.341924667358398,-0.2533121109008789
83.94007110595703,-0.0029454384930431843,-0.7769393920898438,36.47215270996094,3.8242685794830322,0.0566563606262207
83.9800796508789,-0.019208844751119614,-0.638829231262207,36.468971252441406,3.189358949661255,-0.08222746849060059
84.02011108398438,-0.031783051788806915,-0.5273141860961914,36.46575927734375,2.5389201641082764,-0.2127077579498291
84.06009674072266,-0.04186070337891579,-0.4349784851074219,36.4647216796875,2.1958277225494385,0.0022864341735839844
84.10010528564453,-0.052243608981370926,-0.34188270568847656,36.469688415527344,1.9874860048294067,-0.022368550300598145
84.14012145996094,-0.06024143472313881,-0.26715850830078125,36.4705696105957,1.7975561618804932,-0.04088103771209717
84.18012237548828,-0.0662374421954155,-0.20372962951660156,36.46562194824219,1.3910112380981445,-0.09581732749938965
84.22013854980469,-0.07031561434268951,-0.15647315979003906,36.46748352050781,1.0877190828323364,0.05860936641693115
84.26016998291016,-0.07383318990468979,-0.11493682861328125,36.466827392578125,0.9348236918449402,-0.071993887424469
84.3001480102539,-0.0759088322520256,-0.08864116668701172,36.46542739868164,0.4361075162887573,-0.08235287666320801
84.3402328491211,-0.07684782892465591,-0.07639598846435547,36.46467971801758,0.24298729002475739,-0.03621663153171539
84.38016510009766,-0.07730688899755478,-0.0699930191040039,36.464813232421875,0.06302379816770554,-0.02111545205116272
84.42018127441406,-0.07752809673547745,-0.06885623931884766,36.465396881103516,0.03395263850688934,0.01158921793103218
84.46019744873047,-0.07774177938699722,-0.06430816650390625,36.46603012084961,0.17241331934928894,0.03648509085178375
84.50019073486328,-0.07848672568798065,-0.0523681640625,36.467262268066406,0.40162572264671326,0.08072668313980103
84.54022979736328,-0.07987881451845169,-0.03195476531982422,36.46923065185547,0.5662956237792969,0.07611942291259766
84.58021545410156,-0.08151218295097351,-0.011210441589355469,36.471275329589844,0.4179898202419281,0.017766624689102173
84.62022399902344,-0.08269249647855759,-0.0021076202392578125,36.47264099121094,0.03727962076663971,-0.03530340641736984
84.66023254394531,-0.08291886001825333,-0.006931304931640625,36.47255325317383,-0.18757441639900208,-0.028105750679969788
84.70024108886719,-0.082295723259449,-0.014849662780761719,36.47141647338867,-0.1552036553621292,-0.005115509033203125
84.74027252197266,-0.081657774746418,-0.017477989196777344,36.47142028808594,-0.010939210653305054,0.010068850591778755
84.78025817871094,-0.08082448691129684,-0.014972686767578125,36.4721565246582,0.07573528587818146,0.026229023933410645
84.8202896118164,-0.0799914076924324,-0.01242828369140625,36.47292709350586,0.04552466794848442,0.010606344789266586
84.86027526855469,-0.07915177941322327,-0.012144088745117188,36.473297119140625,-0.01359595451503992,-0.0075325071811676025
84.9002914428711,-0.0787835344672203,-0.012705802917480469,36.47321319580078,-0.012201786041259766,-0.0029282784089446068
84.94029235839844,-0.07803064584732056,-0.012650489807128906,36.4727668762207,-0.0021920655854046345,-0.012178920209407806
84.98030853271484,-0.07804424315690994,-0.010361671447753906,36.4737663269043,0.12265899777412415,0.06466390192508698
85.02030944824219,-0.0790470689535141,-0.000240325927734375,36.4763069152832,0.33332717418670654,0.09767307341098785
85.0603256225586,-0.07957375794649124,0.014373779296875,36.478675842285156,0.32379013299942017,0.03199565410614014
85.10035705566406,-0.0790957361459732,0.024053573608398438,36.480316162109375,0.17233005166053772,0.01992352306842804
85.14034271240234,-0.07826531678438187,0.029829025268554688,36.48262023925781,0.11888781934976578,0.0464831218123436
85.18035125732422,-0.07787959277629852,0.03334999084472656,36.48504638671875,0.03726457804441452,0.04553940147161484
85.2203598022461,-0.07774412631988525,0.03347206115722656,36.48731231689453,-0.016606418415904045,0.03889196366071701
85.26036834716797,-0.07720727473497391,0.0317535400390625,36.48891830444336,-0.092568039894104,0.005909480154514313
85.30037689208984,-0.07588601112365723,0.02540874481201172,36.487815856933594,-0.18111379444599152,-0.050036340951919556
85.34040832519531,-0.0754070058465004,0.019886016845703125,36.487003326416016,-0.12726321816444397,-0.033422455191612244
85.3803939819336,-0.07571388781070709,0.0175933837890625,36.48542404174805,-0.04288758710026741,-0.06054291874170303
85.4204330444336,-0.07662923634052277,0.01620197296142578,36.483154296875,-0.05974819138646126,-0.06741666793823242
85.46041870117188,-0.07726661115884781,0.014166831970214844,36.481468200683594,-0.056373368948698044,-0.054768338799476624
85.50045013427734,-0.07808513939380646,0.012253761291503906,36.47894287109375,-0.04751978814601898,-0.05504559725522995
85.5404281616211,-0.07819932699203491,0.010053634643554688,36.47687530517578,-0.06506527215242386,-0.05536375567317009
85.58047485351562,-0.07813365012407303,0.007817268371582031,36.47456741333008,-0.04919184744358063,-0.0515458919107914
85.6204833984375,-0.07755635678768158,0.005878448486328125,36.472618103027344,-0.059717629104852676,-0.06085898354649544
85.66045379638672,-0.07715832442045212,0.004075050354003906,36.470855712890625,-0.04048990458250046,-0.04163125902414322
85.7004623413086,-0.07694020122289658,0.0025224685668945312,36.46928024291992,-0.038011033087968826,-0.035264648497104645
85.7405014038086,-0.07706980407238007,0.001049041748046875,36.46785354614258,-0.031024156138300896,-0.0316305011510849
85.78048706054688,-0.07738523930311203,-1.049041748046875e-05,36.466758728027344,-0.02366466447710991,-0.022523310035467148
85.82051849365234,-0.07753031700849533,-0.0009784698486328125,36.46583557128906,-0.014724377542734146,-0.016579078510403633
85.86050415039062,-0.07733449339866638,-0.001739501953125,36.4650764465332,-0.019978364929556847,-0.01152520626783371
85.9005126953125,-0.0772412046790123,-0.0021657943725585938,36.464637756347656,-0.0032326665241271257,-0.005943384021520615
85.9405517578125,-0.07714886963367462,-0.0021772384643554688,36.46466827392578,0.0016498486511409283,0.006179600488394499
85.98053741455078,-0.0770682767033577,-0.0021657943725585938,36.464698791503906,0.004207731690257788,0.0038153911009430885
86.02056884765625,-0.07716158032417297,-0.001739501953125,36.465145111083984,0.008789325132966042,0.009038996882736683
86.06055450439453,-0.0771743506193161,-0.001312255859375,36.46553039550781,0.011114824563264847,0.010508479550480843
86.1005859375,-0.07719223946332932,-0.000713348388671875,36.46609115600586,0.021635495126247406,0.01243332214653492
86.14057159423828,-0.07712934911251068,-9.1552734375e-05,36.466773986816406,0.0211070254445076,0.01950199529528618
86.18057250976562,-0.07723792642354965,0.0008525848388671875,36.467742919921875,0.013747839257121086,0.020916974171996117
86.2205810546875,-0.07726098597049713,0.0016241073608398438,36.468502044677734,0.015624631196260452,0.009846522472798824
86.26058959960938,-0.07728098332881927,0.0023260116577148438,36.46918487548828,0.014125419780611992,0.00891798920929432
86.30059814453125,-0.07747194170951843,0.0029125213623046875,36.46978759765625,0.010438515804708004,0.003554719965904951
86.34060668945312,-0.07731147110462189,0.003360748291015625,36.47023010253906,0.010894758626818657,0.008433712646365166
86.380615234375,-0.0773216262459755,0.0037059783935546875,36.47058868408203,0.003830029396340251,0.00019196094945073128
86.42062377929688,-0.07732898741960526,0.003971099853515625,36.47081756591797,0.0021801255643367767,0.0006820975104346871
86.46063232421875,-0.07732952386140823,0.003958702087402344,36.4708251953125,-0.0021807262673974037,-0.004106762818992138
86.50066375732422,-0.0773317888379097,0.00405120849609375,36.47088623046875,-0.003908089362084866,-0.005049444269388914
86.5406494140625,-0.07732723653316498,0.0038671493530273438,36.4707145690918,-0.0039819153025746346,-0.004944933578372002
86.58068084716797,-0.07731705158948898,0.0035219192504882812,36.47036361694336,-0.014573048800230026,-0.014822720550000668
86.62066650390625,-0.07730685919523239,0.003177642822265625,36.469993591308594,-0.00495749618858099,-0.002853123238310218
86.6606674194336,-0.07729432731866837,0.0027399063110351562,36.46958541870117,-0.012022733688354492,-0.011452056467533112
86.70069885253906,-0.07728176563978195,0.0023021697998046875,36.46912384033203,-0.007737227249890566,-0.007059548050165176
86.74069213867188,-0.0772688090801239,0.0018768310546875,36.46873092651367,-0.011794358491897583,-0.01175869069993496
86.78073120117188,-0.0772562026977539,0.0014400482177734375,36.468284606933594,-0.005033568944782019,-0.005604246165603399
86.82070922851562,-0.07725109905004501,0.0012664794921875,36.46812057495117,-0.006684851832687855,-0.0068988557904958725
86.86072540283203,-0.07724329084157944,0.0010137557983398438,36.46786117553711,-0.0018022649455815554,-0.002551279030740261
86.9007339477539,-0.07706794142723083,0.0009336471557617188,36.467769622802734,-0.002854135585948825,-0.003282143734395504
86.94076538085938,-0.07706794142723083,0.0009336471557617188,36.46778106689453,0.001953125,0.002381133148446679
86.98075103759766,-0.07707305997610092,0.00110626220703125,36.46797180175781,0.0030051034409552813,0.0019350833026692271
87.02075958251953,-0.07698749005794525,0.0009336471557617188,36.46783447265625,-0.0010518241906538606,0.0055109658278524876
87.060791015625,-0.0770808607339859,0.0013589859008789062,36.46823501586914,0.0048072864301502705,0.004450613167136908
87.10077667236328,-0.07708870619535446,0.0016117095947265625,36.46849822998047,0.010591081343591213,0.006917345337569714
87.14081573486328,-0.07709622383117676,0.0018768310546875,36.46872329711914,0.0048826709389686584,0.004347661044448614
87.18080139160156,-0.07710133492946625,0.0020494461059570312,36.46894836425781,0.009765470400452614,0.01718427613377571
87.22083282470703,-0.07711158692836761,0.0023946762084960938,36.46925354003906,0.0038309770170599222,0.0029749609529972076
87.26081848144531,-0.0771166980266571,0.002567291259765625,36.469478607177734,0.0029296875,0.00981348380446434
87.30084991455078,-0.0772896409034729,0.00255584716796875,36.46942138671875,0.0018010946223512292,0.00012472982052713633
87.34083557128906,-0.07729475945234299,0.002727508544921875,36.4695930480957,-7.666503370273858e-05,0.0007436837186105549
87.3808364868164,-0.07721163332462311,0.00264739990234375,36.46947479248047,0.0010525144170969725,0.0008385104010812938
87.42084503173828,-0.07711947709321976,0.00264739990234375,36.46953201293945,-0.0021040476858615875,-0.0035664085298776627
87.46085357666016,-0.07728727161884308,0.0024633407592773438,36.469276428222656,-0.008789435029029846,-0.018740622326731682
87.50089263916016,-0.07711198180913925,0.0023832321166992188,36.46927261352539,-0.0026275115087628365,0.005183635279536247
87.5408706665039,-0.07710684090852737,0.0022106170654296875,36.469078063964844,-0.002778956200927496,-0.002921625506132841
87.5809097290039,-0.0771017074584961,0.0020380020141601562,36.46887969970703,-0.0011268355883657932,-0.0004848235403187573
87.62091827392578,-0.07709931582212448,0.00194549560546875,36.46882247924805,-0.010219008661806583,-0.011146359145641327
87.66089630126953,-0.0770941749215126,0.0017728805541992188,36.46862030029297,-0.0010519991628825665,-0.0009093297994695604
87.700927734375,-0.07701104134321213,0.0016927719116210938,36.46852111816406,0.0028544601518660784,0.0016061033820733428
87.74091339111328,-0.07708903402090073,0.0016002655029296875,36.468467712402344,-0.001877693342976272,-0.002805044176056981
87.78095245361328,-0.07700862735509872,0.0016002655029296875,36.468467712402344,0.007511813193559647,0.005443107802420855
87.8209457397461,-0.0770917758345604,0.0016803741455078125,36.46857452392578,0.004056357778608799,0.009656129404902458
87.8609390258789,-0.07709692418575287,0.00185394287109375,36.468711853027344,0.004957972094416618,0.0033886092714965343
87.90097045898438,-0.07709931582212448,0.00194549560546875,36.468814849853516,-0.0009765625,-0.0039369515143334866
87.94094848632812,-0.07710722088813782,0.0021982192993164062,36.46906280517578,0.000750380102545023,-0.0010329867945984006
87.98096466064453,-0.07710999995470047,0.0022792816162109375,36.4691162109375,0.0018029087223112583,1.954182516783476e-05
88.02099609375,-0.07711237668991089,0.0023708343505859375,36.46925354003906,0.005335360299795866,0.002303636632859707
88.06097412109375,-0.07711515575647354,0.0024509429931640625,36.469322204589844,-0.0021032996010035276,-0.0024956404231488705
88.10101318359375,-0.0771179348230362,0.0025320053100585938,36.469398498535156,0.010515808127820492,0.007947759702801704
88.14099884033203,-0.0771179348230362,0.0025320053100585938,36.46937942504883,0.003605556907132268,0.0032845509704202414
88.1810073852539,-0.0771179348230362,0.0025320053100585938,36.469444274902344,0.003155493875965476,0.011965326964855194
88.22103881835938,-0.0771179348230362,0.0025320053100585938,36.46943283081055,-0.007137013133615255,-3.921333700418472e-05
88.26102447509766,-0.07694500684738159,0.0025434494018554688,36.469398498535156,-0.004132885951548815,-0.004132885951548815
88.30105590820312,-0.07711555808782578,0.0024394989013671875,36.469276428222656,-0.0012789450120180845,-0.0022062957286834717
88.3410415649414,-0.07693984359502792,0.0023708343505859375,36.469215393066406,-0.006610617972910404,-0.007573636248707771
88.38105773925781,-0.07693984359502792,0.0023708343505859375,36.469200134277344,0.00886470451951027,0.010255730710923672
88.42108917236328,-0.07693745195865631,0.0022792816162109375,36.46913146972656,-0.008038176223635674,-0.008359182626008987
88.46107482910156,-0.07694023847579956,0.0023593902587890625,36.46922302246094,0.0022544441744685173,0.0011487567098811269
88.50110626220703,-0.07694023847579956,0.0023593902587890625,36.46923828125,-0.0009762072586454451,-0.0013328806962817907
88.54108428955078,-0.07694023847579956,0.0023593902587890625,36.46924591064453,-0.0020285879727452993,-0.002670600078999996
88.58109283447266,-0.07693745195865631,0.0022792816162109375,36.469139099121094,7.511104922741652e-05,-0.0022789333015680313
88.62112426757812,-0.07694023847579956,0.0023593902587890625,36.46924591064453,0.003981357906013727,0.012113509699702263
88.6611099243164,-0.07694023847579956,0.0023593902587890625,36.46922302246094,0.0009776282822713256,-9.239185601472855e-05
88.70111846923828,-0.07694302499294281,0.0024394989013671875,36.46929168701172,0.003906433470547199,0.0023370706476271152
88.74114990234375,-0.0771159678697586,0.0024280548095703125,36.469261169433594,-0.001203119638375938,-0.003164823167026043
88.78113555908203,-0.07703134417533875,0.00269317626953125,36.46955871582031,0.004731860011816025,0.0030198278836905956
88.82115173339844,-0.07703415304422379,0.002773284912109375,36.46963119506836,-0.0009776076767593622,-0.0021546296775341034
88.86117553710938,-0.07703415304422379,0.002773284912109375,36.46963882446289,-0.0020289206877350807,-0.0030989409424364567
88.90116119384766,-0.07712395489215851,0.0026807785034179688,36.46952438354492,0.0026278244331479073,0.00170047371648252
88.94119262695312,-0.07712677121162415,0.0027608871459960938,36.46961975097656,0.0006746883736923337,0.00046068435767665505
88.9811782836914,-0.07712437957525253,0.0026683807373046875,36.469520568847656,-0.00015133513079490513,-0.0004010064876638353
89.02118682861328,-0.07695382833480835,0.002773284912109375,36.46965026855469,-0.0008998020784929395,-0.0029328400269150734
89.06122589111328,-0.07695144414901733,0.0026807785034179688,36.469566345214844,-0.0009763606358319521,-0.0021890499629080296
89.1011962890625,-0.07695144414901733,0.0026807785034179688,36.46955108642578,-0.0027790949679911137,-0.0037777803372591734
89.14124298095703,-0.07695144414901733,0.0026807785034179688,36.46957778930664,7.428704702761024e-05,0.008991121314466
89.1812515258789,-0.07694903761148453,0.0025882720947265625,36.469444274902344,-0.003981349058449268,-0.006264058873057365
89.22126007080078,-0.07694903761148453,0.0025882720947265625,36.469444274902344,0.0018778310623019934,0.0013784883776679635
89.26123809814453,-0.07677612453699112,0.0025997161865234375,36.46949768066406,-0.0029296875,0.00513113010674715
89.30126953125,-0.07677894085645676,0.0026807785034179688,36.46955871582031,0.0025536504108458757,0.0013052936410531402
89.34125518798828,-0.07677894085645676,0.0026807785034179688,36.469581604003906,0.0,0.006634124554693699
89.38125610351562,-0.07677894085645676,0.0026807785034179688,36.4695930480957,0.0,0.006348785944283009
89.42133331298828,-0.07677894085645676,0.0026807785034179688,36.469547271728516,0.0,-0.0011413547908887267
89.46131896972656,-0.07677894085645676,0.0026807785034179688,36.469547271728516,0.0,-0.0011056874645873904
89.50135040283203,-0.07677894085645676,0.0026807785034179688,36.469566345214844,0.0,-0.0016406974755227566
89.5413589477539,-0.07677894085645676,0.0026807785034179688,36.469547271728516,0.0,-0.0018547015497460961
89.58134460449219,-0.07677894085645676,0.0026807785034179688,36.46953582763672,0.0,-0.001177022117190063
89.62137603759766,-0.07677894085645676,0.0026807785034179688,36.46953582763672,0.0,-0.0019260363187640905
89.66136169433594,-0.07677894085645676,0.0026807785034179688,36.46955871582031,0.0,-0.0006776793743483722
89.7013931274414,-0.07677894085645676,0.0026807785034179688,36.469581604003906,0.0,0.007561475969851017
89.74137115478516,-0.07677894085645676,0.0026807785034179688,36.469505310058594,0.0,-0.0008203487377613783
89.7813720703125,-0.07677894085645676,0.0026807785034179688,36.46952819824219,0.0,-0.002247042255476117
89.8213882446289,-0.07677894085645676,0.0026807785034179688,36.46951675415039,0.0,-0.0011056874645873904
89.86139678955078,-0.07677894085645676,0.0026807785034179688,36.469547271728516,0.0,-0.0006063447217456996
89.90142822265625,-0.07677894085645676,0.0026807785034179688,36.46955108642578,0.0,-0.001712032244540751
89.94143676757812,-0.07677894085645676,0.0026807785034179688,36.469486236572266,0.0,-0.01116387639194727
89.98145294189453,-0.07677894085645676,0.0026807785034179688,36.46955108642578,0.0,-0.0029603890143334866
90.02143096923828,-0.07677894085645676,0.0026807785034179688,36.46955871582031,0.0,-0.001034352695569396
90.06146240234375,-0.07677894085645676,0.0026807785034179688,36.469547271728516,0.0,-0.002782052382826805
90.1014404296875,-0.07677894085645676,0.0026807785034179688,36.46953582763672,0.0,-0.0014266935177147388
90.14144897460938,-0.07677894085645676,0.0026807785034179688,36.469566345214844,0.0,-0.0021757076028734446
90.18145751953125,-0.07677894085645676,0.0026807785034179688,36.46955871582031,0.0,-0.0018190342234447598
90.22146606445312,-0.07677894085645676,0.0026807785034179688,36.469547271728516,0.0,-0.0011056874645873904
90.261474609375,-0.07677894085645676,0.0026807785034179688,36.46957778930664,0.0,0.0060991146601736546
90.30150604248047,-0.07677894085645676,0.0026807785034179688,36.469547271728516,0.0,-0.002104372950270772
90.34148406982422,-0.07677894085645676,0.0026807785034179688,36.469547271728516,0.0,-0.0011056874645873904
90.38150024414062,-0.07677894085645676,0.0026807785034179688,36.46950912475586,0.0,-0.00042800806113518775
90.42153930664062,-0.07677894085645676,0.0026807785034179688,36.46957778930664,0.0,0.0069551304914057255
90.46150970458984,-0.07677894085645676,0.0026807785034179688,36.46952438354492,0.0,-0.002068705391138792
90.50152587890625,-0.07677894085645676,0.0026807785034179688,36.469547271728516,0.0,-0.0033527296036481857
90.54155731201172,-0.07677894085645676,0.0026807785034179688,36.469547271728516,0.0,-0.001177022117190063
90.5815658569336,-0.07677894085645676,0.0026807785034179688,36.46955871582031,0.0,-0.0012126894434913993
90.62154388427734,-0.07677894085645676,0.0026807785034179688,36.46953582763672,0.0,-0.0019260363187640905
90.66155242919922,-0.07677894085645676,0.0026807785034179688,36.469539642333984,0.0,-0.0014980280539020896
90.70159149169922,-0.07677894085645676,0.0026807785034179688,36.46955108642578,0.0,-0.002104372950270772
90.74156951904297,-0.07677894085645676,0.0026807785034179688,36.469505310058594,0.0,-0.0006776793743483722
90.78160095214844,-0.07677894085645676,0.0026807785034179688,36.46955108642578,0.0,-0.0014623608440160751
90.82158660888672,-0.07677894085645676,0.0026807785034179688,36.46952819824219,0.0,-0.0006776793743483722
90.8615951538086,-0.07677894085645676,0.0026807785034179688,36.469566345214844,0.0,-0.0014623608440160751
90.90159606933594,-0.07677894085645676,0.0026807785034179688,36.46955871582031,0.0,-0.0012840240960940719
90.94159698486328,-0.07677894085645676,0.0026807785034179688,36.469581604003906,0.0,0.0069551304914057255
90.98162841796875,-0.07677894085645676,0.0026807785034179688,36.469581604003906,0.0,0.007204802241176367
91.02162170410156,-0.07677894085645676,0.0026807785034179688,36.46952819824219,0.0,-0.00046367538743652403
91.06169128417969,-0.07677894085645676,0.0026807785034179688,36.469539642333984,0.0,-0.0020330380648374557
91.10165405273438,-0.07677894085645676,0.0026807785034179688,36.46955871582031,0.0,-0.001034352695569396
91.14163970947266,-0.07677894085645676,0.0026807785034179688,36.46957015991211,0.0,0.007204802241176367
91.18164825439453,-0.07677894085645676,0.0026807785034179688,36.469505310058594,0.0,-0.0008916834485717118
91.2216796875,-0.07677894085645676,0.0026807785034179688,36.46952819824219,0.0,-0.0014980280539020896
91.26166534423828,-0.07677894085645676,0.0026807785034179688,36.46955871582031,0.0,-0.002104372950270772
91.30170440673828,-0.07677894085645676,0.0026807785034179688,36.46955871582031,0.0,-0.0016763648018240929
91.34169006347656,-0.07677894085645676,0.0026807785034179688,36.46952819824219,0.0,-0.0004993426846340299
91.3816909790039,-0.07677894085645676,0.0026807785034179688,36.46957015991211,0.0,0.00806081760674715
91.4217300415039,-0.07677894085645676,0.0026807785034179688,36.46952819824219,0.0,-0.0003566733794286847
91.46173858642578,-0.07677894085645676,0.0026807785034179688,36.469547271728516,0.0,-0.0005350100691430271
91.50171661376953,-0.07677894085645676,0.0026807785034179688,36.46952438354492,0.0,-0.0013910261914134026
91.541748046875,-0.07677894085645676,0.0026807785034179688,36.469566345214844,0.0,-0.0005706773954443634
91.58173370361328,-0.07677894085645676,0.0026807785034179688,36.469539642333984,0.0,-0.0005350100691430271
91.62177276611328,-0.07677894085645676,0.0026807785034179688,36.469581604003906,0.0,0.007989482954144478
91.66175842285156,-0.07677894085645676,0.0026807785034179688,36.46955108642578,0.0,-0.001961703412234783
91.70176696777344,-0.07677894085645676,0.0026807785034179688,36.469539642333984,0.0,-0.0016406974755227566
91.74180603027344,-0.07677894085645676,0.0026807785034179688,36.469566345214844,0.0,-0.0012483567697927356

"--- SEND COMMAND: Mode=velocity, Value=0.5 ---"
91.78178405761719,-0.07677894085645676,0.0026807785034179688,36.46952438354492,0.0,-0.0012483567697927356
91.82179260253906,-0.07677894085645676,0.0026807785034179688,36.469547271728516,0.0,-0.0018190342234447598
91.86180877685547,-0.07677894085645676,0.0026807785034179688,36.46952819824219,0.0,-0.0008916834485717118
91.90180969238281,-0.07677894085645676,0.0026807785034179688,36.46957015991211,0.0,0.007276136893779039
91.94184112548828,-0.07677894085645676,0.0026807785034179688,36.469539642333984,0.0,-0.0004993426846340299
91.98184967041016,-0.07678938657045364,0.0030260086059570312,36.468570709228516,0.06760936230421066,-0.03482722491025925
92.02183532714844,-0.07712714374065399,0.03856182098388672,36.47275161743164,1.3253955841064453,0.13449883460998535
92.06183624267578,-0.07904255390167236,0.11324119567871094,36.467918395996094,2.075590133666992,-0.02724909782409668
92.10187530517578,-0.08093610405921936,0.20608234405517578,36.462581634521484,2.334702253341675,-0.2264266014099121
92.14185333251953,-0.08246618509292603,0.3039216995239258,36.46104049682617,2.3589119911193848,0.0015864372253417969
92.18191528320312,-0.08298517763614655,0.391845703125,36.456443786621094,1.8951690196990967,-0.11336565017700195
92.22186279296875,-0.08300051093101501,0.4574575424194336,36.46125411987305,1.35481858253479,0.010373950004577637
92.26187133789062,-0.08248690515756607,0.502436637878418,36.46437072753906,0.8800026178359985,0.02234584093093872
92.3019027709961,-0.08200570940971375,0.537714958190918,36.47343826293945,0.6604307293891907,0.09239274263381958
92.34188842773438,-0.08145155757665634,0.5656852722167969,36.481754302978516,0.6538885831832886,0.19688299298286438
92.38191986083984,-0.08073966950178146,0.5925769805908203,36.49180603027344,0.5880898237228394,0.20416662096977234
92.42191314697266,-0.08010268211364746,0.6150789260864258,36.502655029296875,0.4600701928138733,0.22423775494098663
92.46192169189453,-0.07955212891101837,0.6325788497924805,36.51395034790039,0.34551477432250977,0.22577951848506927
92.5019302368164,-0.0790003314614296,0.6466341018676758,36.52569580078125,0.2832043468952179,0.243328258395195
92.5419692993164,-0.07835207134485245,0.658106803894043,36.53726577758789,0.23367980122566223,0.2500154376029968
92.58195495605469,-0.07773515582084656,0.6712493896484375,36.55071258544922,0.2639802396297455,0.2648005783557892
92.62198638916016,-0.07729519158601761,0.6829433441162109,36.562583923339844,0.2484506070613861,0.2615405321121216
92.66195678710938,-0.07669149339199066,0.6941680908203125,36.57442855834961,0.2480372041463852,0.2693662643432617
92.70198822021484,-0.07619092613458633,0.7056713104248047,36.58672332763672,0.251081645488739,0.2649919092655182
92.74197387695312,-0.07577161490917206,0.7169151306152344,36.59918975830078,0.24022719264030457,0.2751811742782593
92.781982421875,-0.07513608038425446,0.7273168563842773,36.611839294433594,0.22147873044013977,0.288105309009552
92.82201385498047,-0.07454148679971695,0.7366580963134766,36.62481689453125,0.18181650340557098,0.2891038656234741
92.86200714111328,-0.07397430390119553,0.7441463470458984,36.638031005859375,0.1329021006822586,0.286342978477478
92.90200805664062,-0.07314988225698471,0.7516098022460938,36.6524543762207,0.14091135561466217,0.3118649125099182
92.94204711914062,-0.07248587906360626,0.7581167221069336,36.66633605957031,0.13396766781806946,0.3181537985801697
92.9820327758789,-0.07162679731845856,0.7640361785888672,36.680641174316406,0.11019697785377502,0.32256031036376953
93.02204132080078,-0.07077936083078384,0.7699260711669922,36.695762634277344,0.12289415299892426,0.3523778021335602
93.06204986572266,-0.0700153037905693,0.775303840637207,36.71156692504883,0.09037201851606369,0.35955342650413513
93.10206604003906,-0.06952925771474838,0.7779531478881836,36.72819137573242,0.026560258120298386,0.39625218510627747
93.14207458496094,-0.06949829310178757,0.7784194946289062,36.7454948425293,-0.002927674911916256,0.41734057664871216
93.18209075927734,-0.06978404521942139,0.7783632278442383,36.76300048828125,0.0020051253959536552,0.43518492579460144
93.22208404541016,-0.07005265355110168,0.7781705856323242,36.78131103515625,-0.003995449282228947,0.45201146602630615
93.26212310791016,-0.07032152265310287,0.7783842086791992,36.7990837097168,0.01221263874322176,0.4381519556045532
93.30215454101562,-0.07082749903202057,0.7778720855712891,36.81756591796875,-0.0682525485754013,0.4324455261230469
93.34210968017578,-0.07089617103338242,0.7735557556152344,36.83728790283203,-0.15818803012371063,0.461353600025177
93.38214111328125,-0.07099325209856033,0.7686500549316406,36.85955810546875,-0.13201095163822174,0.5458468198776245
93.422119140625,-0.07098180055618286,0.7641162872314453,36.884117126464844,-0.1328459084033966,0.5880622863769531
93.46212768554688,-0.071034274995327,0.756678581237793,36.908809661865234,-0.24145227670669556,0.5912730693817139
93.50216674804688,-0.07104143500328064,0.7461032867431641,36.932151794433594,-0.2860362231731415,0.5421593189239502
93.54214477539062,-0.07088245451450348,0.7364292144775391,36.955963134765625,-0.20284360647201538,0.5992791652679443
93.58216094970703,-0.0705590769648552,0.7318916320800781,36.98320388793945,-0.08786537498235703,0.6758793592453003
93.6221923828125,-0.07028879225254059,0.7295923233032227,37.011226654052734,-0.046103447675704956,0.6909620761871338
93.66217803955078,-0.06992924958467484,0.7260265350341797,37.03997039794922,-0.14106185734272003,0.6737940907478333
93.70218658447266,-0.06984134763479233,0.717991828918457,37.068363189697266,-0.27587196230888367,0.6618937253952026
93.74221801757812,-0.06993275880813599,0.7072515487670898,37.09950256347656,-0.24243907630443573,0.8036125302314758
93.78218841552734,-0.0702165961265564,0.6994237899780273,37.132530212402344,-0.15725912153720856,0.8046889901161194
93.82220458984375,-0.07060413807630539,0.6919965744018555,37.16473388671875,-0.23350946605205536,0.7294729948043823
93.86223602294922,-0.07063749432563782,0.6799650192260742,37.19487380981445,-0.3436780273914337,0.7352945804595947
93.9022216796875,-0.0704653188586235,0.6690683364868164,37.23085403442383,-0.20381656289100647,0.9317601919174194
93.94225311279297,-0.069916270673275,0.6639604568481445,37.26789855957031,-0.09933072328567505,0.9007100462913513
93.98223114013672,-0.06908869743347168,0.6582765579223633,37.302249908447266,-0.19838258624076843,0.8173518180847168
94.0222396850586,-0.06787128001451492,0.6468954086303711,37.33922576904297,-0.3210715353488922,0.9423725605010986
94.06224822998047,-0.06662850081920624,0.6336746215820312,37.37824249267578,-0.257247656583786,0.9912160634994507
94.10225677490234,-0.06572558730840683,0.6226291656494141,37.41471862792969,-0.29848405718803406,0.847578763961792
94.14228820800781,-0.06520170718431473,0.6095457077026367,37.45365524291992,-0.31147611141204834,1.0463080406188965
94.18229675292969,-0.06496656686067581,0.5987653732299805,37.49823760986328,-0.21905314922332764,1.1074864864349365
94.22228240966797,-0.06493792682886124,0.5901012420654297,37.53942108154297,-0.23398077487945557,0.9856994152069092
94.26229095458984,-0.06456922739744186,0.5789813995361328,37.58488464355469,-0.2918388545513153,1.1718772649765015
94.3023452758789,-0.06396768987178802,0.5660858154296875,37.63232421875,-0.3374277353286743,1.106243371963501
94.34230041503906,-0.06313114613294601,0.5500564575195312,37.67424392700195,-0.3466216027736664,1.1114591360092163
94.38230895996094,-0.06235526502132416,0.5380649566650391,37.724647521972656,-0.2530876100063324,1.2420158386230469
94.42233276367188,-0.06160477548837662,0.5271406173706055,37.76995086669922,-0.2741452157497406,1.0653772354125977
94.46235656738281,-0.06069563329219818,0.5162115097045898,37.81732940673828,-0.23501400649547577,1.2507089376449585
94.50233459472656,-0.05977436527609825,0.5074424743652344,37.86922836303711,-0.23002007603645325,1.2346590757369995
94.54234313964844,-0.05892258509993553,0.4953022003173828,37.91857147216797,-0.3322369158267975,1.2313835620880127
94.5823745727539,-0.05773322284221649,0.48377227783203125,37.974334716796875,-0.22370226681232452,1.3753713369369507
94.62238311767578,-0.05626844987273216,0.4726219177246094,38.02299880981445,-0.2909066081047058,1.163964033126831
94.66236877441406,-0.054834846407175064,0.46117305755615234,38.07754898071289,-0.2325364500284195,1.4142957925796509
94.70240020751953,-0.05429985001683235,0.45256805419921875,38.13219451904297,-0.21371209621429443,1.2796436548233032
94.74237823486328,-0.05524066090583801,0.4412975311279297,38.188392639160156,-0.28482845425605774,1.484663724899292
94.78238677978516,-0.05775265768170357,0.43176841735839844,38.24736785888672,-0.18796595931053162,1.369341254234314
94.82242584228516,-0.060262471437454224,0.4228992462158203,38.300148010253906,-0.2455458790063858,1.3248156309127808
94.86243438720703,-0.061279237270355225,0.4129829406738281,38.36034393310547,-0.21828006207942963,1.4784151315689087
94.90241241455078,-0.05962406471371651,0.40334129333496094,38.414581298828125,-0.22003448009490967,1.3506836891174316
94.94242095947266,-0.056078117340803146,0.39458465576171875,38.477020263671875,-0.20543771982192993,1.5520703792572021
94.98245239257812,-0.05222600698471069,0.3865833282470703,38.53528594970703,-0.19839704036712646,1.3719286918640137
95.02243041992188,-0.04958612471818924,0.3784017562866211,38.59708023071289,-0.1895870864391327,1.5568283796310425
95.06244659423828,-0.04927697405219078,0.3697376251220703,38.65730285644531,-0.2314070761203766,1.4001952409744263
95.10245513916016,-0.051062095910310745,0.36019325256347656,38.71943664550781,-0.19868013262748718,1.622494101524353
95.14246368408203,-0.05406923219561577,0.3533363342285156,38.78229522705078,-0.1718319207429886,1.458129644393921
95.1824722290039,-0.05632569640874863,0.3448314666748047,38.84485626220703,-0.19811128079891205,1.6247750520706177
95.22248077392578,-0.056282348930835724,0.33728981018066406,38.908103942871094,-0.15976545214653015,1.4904195070266724
95.26248931884766,-0.05398822948336601,0.3286151885986328,38.970802307128906,-0.21481853723526,1.647979497909546
95.30249786376953,-0.05092727020382881,0.3224201202392578,39.038673400878906,-0.11684023588895798,1.588629126548767
95.3425064086914,-0.04940799996256828,0.3157081604003906,39.1028938293457,-0.20031563937664032,1.6496777534484863
95.3825454711914,-0.049984198063611984,0.30858898162841797,39.17156982421875,-0.14376097917556763,1.6062567234039307
95.42254638671875,-0.05103366822004318,0.3017292022705078,39.235633850097656,-0.19074316322803497,1.644484043121338
95.46253204345703,-0.051184456795454025,0.2943305969238281,39.304229736328125,-0.1515108197927475,1.6034291982650757
95.5025405883789,-0.05030089244246483,0.2883920669555664,39.365787506103516,-0.12370988726615906,1.5856472253799438
95.54257202148438,-0.04889780282974243,0.28424930572509766,39.43526840209961,-0.08582200855016708,1.6725777387619019
95.58256530761719,-0.04709986597299576,0.28087711334228516,39.49874496459961,-0.0908246710896492,1.5683841705322266
95.62259674072266,-0.04477423056960106,0.2776813507080078,39.56865692138672,-0.07256729155778885,1.6987797021865845
95.66258239746094,-0.04238152503967285,0.27375221252441406,39.63103485107422,-0.11544768512248993,1.5045627355575562
95.70258331298828,-0.0409713089466095,0.27016639709472656,39.6995849609375,-0.04994507506489754,1.7145180702209473
95.74262237548828,-0.04156346991658211,0.26760005950927734,39.764732360839844,-0.0976100042462349,1.5440505743026733
95.78260040283203,-0.04430696368217468,0.2637290954589844,39.83382034301758,-0.0435783751308918,1.7507383823394775
95.82263946533203,-0.047587089240550995,0.2621145248413086,39.899688720703125,-0.06975264102220535,1.5303196907043457
95.8626480102539,-0.049745384603738785,0.2582235336303711,39.967403411865234,-0.07308070361614227,1.7291542291641235
95.90263366699219,-0.05054585635662079,0.2566184997558594,40.03390884399414,-0.027119215577840805,1.5542278289794922
95.94266510009766,-0.04889848083257675,0.2537860870361328,40.10102081298828,-0.0926155149936676,1.7255983352661133
95.9826431274414,-0.04553160443902016,0.2524909973144531,40.170555114746094,-0.01049506664276123,1.6126540899276733
96.0226821899414,-0.04146993160247803,0.25123119354248047,40.23759460449219,-0.06142422929406166,1.7182332277297974
96.06266021728516,-0.03787835314869881,0.24826622009277344,40.307777404785156,-0.048569370061159134,1.653226375579834
96.10266876220703,-0.037202510982751846,0.24553394317626953,40.373416900634766,-0.07567860186100006,1.6802244186401367
96.14271545410156,-0.03890810161828995,0.24294376373291016,40.445621490478516,-0.04968888685107231,1.7119208574295044
96.18268585205078,-0.041415877640247345,0.24124431610107422,40.510093688964844,-0.038855426013469696,1.6081196069717407
96.22269439697266,-0.043488387018442154,0.2402629852294922,40.580589294433594,-0.006671033333986998,1.7119239568710327
96.26272583007812,-0.044397808611392975,0.23953819274902344,40.64476013183594,-0.0245169959962368,1.5559741258621216
96.3027114868164,-0.04408038780093193,0.23931217193603516,40.71449661254883,0.020272115245461464,1.7326252460479736
96.34272003173828,-0.04240894690155983,0.24061107635498047,40.78060531616211,0.00785441230982542,1.5672662258148193
96.38275146484375,-0.039302725344896317,0.2400035858154297,40.84929656982422,0.008636404760181904,1.7392154932022095
96.42273712158203,-0.035951316356658936,0.2409820556640625,40.91665267944336,-0.003344458993524313,1.5521081686019897
96.4627456665039,-0.0327625535428524,0.2392559051513672,40.98419189453125,-0.042690109461545944,1.742353081703186
96.50275421142578,-0.03071848675608635,0.23966598510742188,41.05241775512695,0.041053406894207,1.5818467140197754
96.54280853271484,-0.030264711007475853,0.24031829833984375,41.1153450012207,-0.017929431051015854,1.5868154764175415
96.58277130126953,-0.031023647636175156,0.24009418487548828,41.18449401855469,0.031724654138088226,1.6788066625595093
96.62276458740234,-0.03251265734434128,0.2417755126953125,41.24885940551758,0.030894393101334572,1.5797841548919678
96.66281127929688,-0.03443247452378273,0.2416820526123047,41.320701599121094,-0.010994261130690575,1.7639192342758179
96.70278930664062,-0.036018598824739456,0.24151897430419922,41.3862419128418,-0.010961526073515415,1.5536576509475708
96.7427978515625,-0.037307050079107285,0.24010086059570312,41.455631256103516,-0.03421862795948982,1.740944743156433
96.78280639648438,-0.03823699429631233,0.23869037628173828,41.5221061706543,-0.04425736516714096,1.5460420846939087
96.82281494140625,-0.038606248795986176,0.23703670501708984,41.5909423828125,-0.03361530229449272,1.754530906677246
96.86284637451172,-0.03849879652261734,0.23630142211914062,41.65867233276367,-0.01419534906744957,1.5600895881652832
96.9028549194336,-0.037875961512327194,0.23538589477539062,41.72427749633789,-0.019094621762633324,1.6827011108398438
96.94284057617188,-0.03651386499404907,0.23625564575195312,41.793182373046875,0.03275033086538315,1.6167725324630737
96.98287200927734,-0.03499595448374748,0.23572540283203125,41.858089447021484,-0.02637224644422531,1.6520613431930542
97.0228500366211,-0.03380192443728447,0.23606300354003906,41.929725646972656,0.03320477530360222,1.7220176458358765
97.06285858154297,-0.03354659676551819,0.23631572723388672,41.99576187133789,-0.04673636704683304,1.6079070568084717
97.10286712646484,-0.03428735211491585,0.234344482421875,42.067222595214844,-0.015728019177913666,1.7429213523864746
97.14286804199219,-0.03563188016414642,0.23347187042236328,42.13210678100586,-0.05980387330055237,1.5433359146118164
97.18287658691406,-0.036667466163635254,0.23069381713867188,42.20332336425781,-0.046386439353227615,1.772647738456726
97.22288513183594,-0.03691868856549263,0.23066234588623047,42.269676208496094,0.009036466479301453,1.5789341926574707
97.26289367675781,-0.036627061665058136,0.23073196411132812,42.339229583740234,-0.0021008779294788837,1.72605299949646
97.30290222167969,-0.03570375591516495,0.2313833236694336,42.40589904785156,0.025506703183054924,1.5585601329803467
97.34291076660156,-0.03493716940283775,0.23180484771728516,42.47333908081055,-4.063492815475911e-05,1.730502963066101
97.38294219970703,-0.03418336436152458,0.23157596588134766,42.542198181152344,-9.22693288885057e-06,1.6094437837600708
97.42292785644531,-0.03384867310523987,0.23150634765625,42.60784149169922,-0.011817144230008125,1.6739283800125122
97.46293640136719,-0.03411556035280228,0.23132610321044922,42.67815399169922,-0.004005586728453636,1.6721810102462769
97.50293731689453,-0.03502541407942772,0.23006629943847656,42.742759704589844,-0.04493265971541405,1.610531210899353
97.54295349121094,-0.036140087991952896,0.2294025421142578,42.81421661376953,0.008519571274518967,1.7474805116653442
97.5829849243164,-0.037043824791908264,0.2287464141845703,42.88116455078125,-0.0446922741830349,1.6317082643508911
97.62299346923828,-0.0378723070025444,0.22753429412841797,42.95259094238281,0.0005379299982450902,1.7385715246200562
97.66302490234375,-0.038578249514102936,0.22750568389892578,43.01711654663086,-0.03140031173825264,1.5277260541915894
97.7029800415039,-0.03916487842798233,0.22552108764648438,43.08557891845703,-0.023574411869049072,1.72141432762146
97.74298858642578,-0.03978738933801651,0.227386474609375,43.152130126953125,0.05834584683179855,1.563115119934082
97.78303527832031,-0.04034294933080673,0.22861576080322266,43.2197265625,0.006383197382092476,1.7142422199249268
97.82303619384766,-0.04105298966169357,0.23036956787109375,43.2873420715332,0.05991094559431076,1.573739767074585
97.8630142211914,-0.041721194982528687,0.2312612533569336,43.35122299194336,-0.016208698973059654,1.6179261207580566
97.90302276611328,-0.04231717810034752,0.23045825958251953,43.421382904052734,0.012925389222800732,1.69838547706604
97.94303131103516,-0.04288916662335396,0.2315387725830078,43.48576354980469,0.021061979234218597,1.5838977098464966
97.98303985595703,-0.04343138635158539,0.23178672790527344,43.556732177734375,-0.002388103399425745,1.738998293876648
98.0230712890625,-0.04349735751748085,0.2307901382446289,43.62181091308594,-0.03551214560866356,1.5626342296600342
98.06304931640625,-0.04357048496603966,0.22917747497558594,43.69202423095703,-0.03743220120668411,1.7437589168548584
98.10305786132812,-0.0438455231487751,0.22708511352539062,43.75762176513672,-0.05545549839735031,1.5385535955429077
98.14306640625,-0.044406477361917496,0.22518539428710938,43.82590103149414,-0.01876785419881344,1.756038784980774
98.1830825805664,-0.04527604207396507,0.22522830963134766,43.89573669433594,-0.011902890168130398,1.6485185623168945
98.22311401367188,-0.045765701681375504,0.22326374053955078,43.967369079589844,-0.05764878913760185,1.8239103555679321
98.2630844116211,-0.045956749469041824,0.22146034240722656,44.03789520263672,-0.062071722000837326,1.6238518953323364
98.30309295654297,-0.0452396422624588,0.21743392944335938,44.108184814453125,-0.12022184580564499,1.7895855903625488
98.34312438964844,-0.04400835186243057,0.2150735855102539,44.17959976196289,-0.054670609533786774,1.655720829963684
98.38310241699219,-0.04189972206950188,0.21186161041259766,44.251426696777344,-0.08489501476287842,1.8454211950302124
98.4231185913086,-0.03954193741083145,0.21086502075195312,44.322696685791016,-0.018206818029284477,1.6185673475265503
98.46315002441406,-0.03735540062189102,0.20931529998779297,44.39045715332031,-0.0695343166589737,1.7477521896362305
98.50313568115234,-0.03696996718645096,0.20775794982910156,44.46221923828125,-0.011916092596948147,1.6843868494033813
98.54313659667969,-0.0388936772942543,0.20714473724365234,44.531517028808594,-0.032906778156757355,1.767295002937317
98.58317565917969,-0.04112236574292183,0.20603656768798828,44.60489273071289,-0.023699413985013962,1.7132285833358765
98.62315368652344,-0.04249033331871033,0.20475006103515625,44.67331314086914,-0.04916645213961601,1.7349494695663452
98.6631851196289,-0.042428694665431976,0.20275306701660156,44.74658203125,-0.05735150724649429,1.7282267808914185
98.70320129394531,-0.040487635880708694,0.20010852813720703,44.81486129760742,-0.06977267563343048,1.7326048612594604
98.74317932128906,-0.03844737634062767,0.19920063018798828,44.88859176635742,0.006610684096813202,1.758447527885437
98.7832260131836,-0.03776386007666588,0.19898700714111328,44.955257415771484,-0.014597981236875057,1.6496399641036987
98.8232192993164,-0.038467295467853546,0.20008087158203125,45.02564239501953,0.06820791959762573,1.7125792503356934
98.86319732666016,-0.0402970090508461,0.20263004302978516,45.08959197998047,0.03404660150408745,1.534321904182434
98.90320587158203,-0.04169046878814697,0.20385265350341797,45.15785217285156,0.06816969811916351,1.7078328132629395
98.9432144165039,-0.04215427115559578,0.20940399169921875,45.223777770996094,0.1334778219461441,1.5249319076538086
98.98324584960938,-0.04159792140126228,0.2145061492919922,45.28993225097656,0.07205017656087875,1.6529335975646973
99.02323150634766,-0.041166748851537704,0.2195301055908203,45.358009338378906,0.1386413723230362,1.6021077632904053
99.06324005126953,-0.041411008685827255,0.22478580474853516,45.420127868652344,0.08480989187955856,1.4998044967651367
99.10327911376953,-0.04200020805001259,0.22803497314453125,45.48713684082031,0.06598437577486038,1.6278213262557983
99.14328002929688,-0.04243769124150276,0.23253440856933594,45.54931640625,0.11415799707174301,1.4466540813446045
99.18326568603516,-0.04224802181124687,0.23737525939941406,45.610572814941406,0.11450309306383133,1.5575323104858398
99.22327423095703,-0.04154786467552185,0.2429065704345703,45.674835205078125,0.13411164283752441,1.5385843515396118
99.2632827758789,-0.03978893533349037,0.2494068145751953,45.734214782714844,0.11669003218412399,1.4108437299728394
99.30329132080078,-0.038105905055999756,0.2553377151489258,45.796451568603516,0.15588930249214172,1.5495191812515259
99.3432846069336,-0.0365438349545002,0.26155567169189453,45.85709762573242,0.11748537421226501,1.3993338346481323
99.38330078125,-0.035885997116565704,0.26603221893310547,45.91258239746094,0.10353710502386093,1.3678728342056274
99.42333221435547,-0.03652988374233246,0.2727928161621094,45.97299575805664,0.19739921391010284,1.4845978021621704
99.46331024169922,-0.03862537071108818,0.28125762939453125,46.03185272216797,0.17098940908908844,1.3669508695602417
99.50334167480469,-0.04139047861099243,0.2857046127319336,46.08814239501953,0.08154873549938202,1.3965320587158203
99.54332733154297,-0.044367652386426926,0.29131221771240234,46.15013122558594,0.1435675323009491,1.4927915334701538
99.58335876464844,-0.04635277017951012,0.2971782684326172,46.207496643066406,0.09871198236942291,1.329734444618225
99.62334442138672,-0.047421760857105255,0.2990131378173828,46.26446533203125,0.021309109404683113,1.4491796493530273
99.66337585449219,-0.047304365783929825,0.30265140533447266,46.325706481933594,0.12169773876667023,1.4831199645996094
99.70335388183594,-0.04611092805862427,0.3073539733886719,46.382240295410156,0.05619603395462036,1.33262300491333
99.74336242675781,-0.04446897283196449,0.3083076477050781,46.442359924316406,-0.00416921079158783,1.5184693336486816
99.78338623046875,-0.04293583706021309,0.3095226287841797,46.502716064453125,0.061636634171009064,1.421632170677185
99.82337951660156,-0.04193992540240288,0.31152915954589844,46.55998229980469,0.018641293048858643,1.4132697582244873
99.86341094970703,-0.04207756742835045,0.31090641021728516,46.622318267822266,-0.014508556574583054,1.528246283531189
99.9034652709961,-0.0433407723903656,0.3108940124511719,46.68027114868164,-0.009987196885049343,1.3624205589294434
99.94339752197266,-0.045292507857084274,0.31015872955322266,46.74080276489258,-0.019754942506551743,1.557490348815918
99.98340606689453,-0.047190338373184204,0.3098030090332031,46.80291748046875,0.0061276997439563274,1.4580379724502563
100.0234146118164,-0.048282746225595474,0.30982494354248047,46.859745025634766,-0.005575025454163551,1.418229341506958
100.06344604492188,-0.048147737979888916,0.3105936050415039,46.92195510864258,0.0341426245868206,1.523396611213684
100.10342407226562,-0.04742380976676941,0.31157588958740234,46.9801025390625,-0.0010483069345355034,1.374355435371399
100.14344024658203,-0.04587530717253685,0.31107425689697266,47.039520263671875,0.007510813884437084,1.5353567600250244
100.18344116210938,-0.04424521327018738,0.31246185302734375,47.101104736328125,0.042000990360975266,1.462559700012207
100.22344970703125,-0.042594630271196365,0.31162357330322266,47.1585693359375,-0.05817662551999092,1.418914794921875
100.26345825195312,-0.041285183280706406,0.3104381561279297,47.22186279296875,0.009081928990781307,1.5633574724197388
100.30349731445312,-0.040475208312273026,0.31114959716796875,47.281150817871094,-0.014313572086393833,1.406352162361145
100.3434829711914,-0.040545202791690826,0.30896854400634766,47.34342575073242,-0.05816015228629112,1.5716230869293213
100.38351440429688,-0.040992166846990585,0.30904388427734375,47.40425491333008,0.03827258199453354,1.420845627784729
100.42349243164062,-0.04151353985071182,0.3097991943359375,47.46049118041992,-0.02552972361445427,1.3858624696731567
100.46353149414062,-0.041303008794784546,0.3092622756958008,47.52281951904297,0.023858793079853058,1.5406479835510254
100.50350952148438,-0.040699440985918045,0.3111305236816406,47.5810546875,0.03631718084216118,1.3923537731170654
100.54351806640625,-0.039662640541791916,0.31097984313964844,47.64311218261719,-0.03700776398181915,1.5686287879943848
100.58352661132812,-0.0379406176507473,0.3098573684692383,47.705238342285156,-0.012389222159981728,1.4408764839172363
100.62354278564453,-0.03570075333118439,0.3091163635253906,47.76286697387695,-0.023842856287956238,1.4541759490966797
100.66357421875,-0.033490922302007675,0.30848026275634766,47.826717376708984,-0.01658516749739647,1.5550603866577148
100.70355224609375,-0.031568530946969986,0.3074798583984375,47.884735107421875,-0.03270525112748146,1.3976619243621826
100.74356842041016,-0.03112894296646118,0.30644702911376953,47.94762420654297,-0.006526194047182798,1.5909423828125
100.78357696533203,-0.03173553943634033,0.30574607849121094,48.00867462158203,-0.027127385139465332,1.4065569639205933
100.82357788085938,-0.03242415934801102,0.30362987518310547,48.067630767822266,-0.048813603818416595,1.5088146924972534
100.86358642578125,-0.033171672374010086,0.30315303802490234,48.130828857421875,0.010718882083892822,1.5211949348449707
100.90362548828125,-0.03334658965468407,0.30193138122558594,48.1888427734375,-0.07530035823583603,1.4038597345352173
100.943603515625,-0.033114638179540634,0.30032920837402344,48.25321960449219,-0.01464025303721428,1.587393879890442
100.98360443115234,-0.03247585520148277,0.30055713653564453,48.31449890136719,-0.003951436374336481,1.4527382850646973
101.02362060546875,-0.031207064166665077,0.29769420623779297,48.37729263305664,-0.07140862196683884,1.6103062629699707
101.0636215209961,-0.030029168352484703,0.29657840728759766,48.440181732177734,-0.016490880399942398,1.4537522792816162
101.10363006591797,-0.02912559174001217,0.2945442199707031,48.499473571777344,-0.08287902921438217,1.50399649143219
101.14366912841797,-0.02929157018661499,0.2925081253051758,48.56475067138672,-0.019274400547146797,1.5692418813705444
101.18365478515625,-0.030506432056427002,0.2930259704589844,48.62333297729492,0.008144792169332504,1.4182173013687134
101.22366333007812,-0.031596433371305466,0.29253673553466797,48.68589401245117,-0.011814160272479057,1.5395368337631226
101.263671875,-0.031898126006126404,0.2929801940917969,48.74504852294922,0.024026229977607727,1.3790284395217896
101.30368041992188,-0.031160736456513405,0.2939004898071289,48.802913665771484,0.016178365796804428,1.477504849433899
101.34368896484375,-0.029514938592910767,0.2948923110961914,48.86491775512695,0.029790420085191727,1.4987496137619019
101.38372039794922,-0.027575109153985977,0.2967720031738281,48.92070388793945,0.04686884582042694,1.3471214771270752
101.4237060546875,-0.026477545499801636,0.29921531677246094,48.97972106933594,0.0815834030508995,1.4863414764404297
101.46373748779297,-0.02725016139447689,0.3024930953979492,49.038700103759766,0.05996135622262955,1.3699156045913696
101.50372314453125,-0.02952834591269493,0.30352306365966797,49.092430114746094,0.02842056192457676,1.3285306692123413
101.54375457763672,-0.032019246369600296,0.3064842224121094,49.15122604370117,0.10227104276418686,1.448320746421814
101.58373260498047,-0.034380219876766205,0.3115663528442383,49.208438873291016,0.07151347398757935,1.3068873882293701
101.62376403808594,-0.03556875139474869,0.31332969665527344,49.26263427734375,0.05365661904215813,1.3672846555709839
101.66374969482422,-0.035737112164497375,0.3181934356689453,49.32032775878906,0.15539714694023132,1.3884526491165161
101.70375061035156,-0.034896161407232285,0.3242053985595703,49.373069763183594,0.10177751630544662,1.2062523365020752
101.74378204345703,-0.03311503306031227,0.3260946273803711,49.42396926879883,0.032750990241765976,1.283996820449829
101.78376770019531,-0.031073350459337234,0.3304862976074219,49.480167388916016,0.16322572529315948,1.3781979084014893
101.82379913330078,-0.029998544603586197,0.33855628967285156,49.533180236816406,0.18884679675102234,1.2455272674560547
101.86378479003906,-0.03038441762328148,0.3432044982910156,49.58409881591797,0.05513656139373779,1.2486013174057007
101.90379333496094,-0.03219696506857872,0.3457298278808594,49.63967514038086,0.07954277098178864,1.353580117225647
101.94380187988281,-0.03467690572142601,0.34985828399658203,49.69216537475586,0.09219683706760406,1.2158249616622925
101.98381042480469,-0.03667464852333069,0.352081298828125,49.74168014526367,0.035504866391420364,1.233142614364624
102.02381896972656,-0.03810177370905876,0.3531036376953125,49.79644012451172,0.04035883769392967,1.3455336093902588
102.06381225585938,-0.03869191184639931,0.35645198822021484,49.84953689575195,0.08812542259693146,1.2322266101837158
102.10382080078125,-0.03850710019469261,0.3592987060546875,49.900108337402344,0.04729798808693886,1.2524616718292236
102.14389038085938,-0.03745783492922783,0.3612709045410156,49.95515823364258,0.04241906479001045,1.3359307050704956
102.18384552001953,-0.035392243415117264,0.3624420166015625,50.00751876831055,0.00740986131131649,1.2058680057525635
102.223876953125,-0.033007338643074036,0.36285972595214844,50.05756378173828,0.027879750356078148,1.2675693035125732
102.2638931274414,-0.031054029241204262,0.3655738830566406,50.11193084716797,0.08331078290939331,1.3224296569824219
102.30387878417969,-0.029906293377280235,0.36813926696777344,50.162376403808594,0.037095364183187485,1.160687804222107
102.34388732910156,-0.029819604009389877,0.3688697814941406,50.209598541259766,0.018602175638079643,1.1783256530761719
102.3838882446289,-0.030914844945073128,0.3721799850463867,50.26179122924805,0.12324229627847672,1.3009064197540283
102.42391967773438,-0.03265831619501114,0.3769044876098633,50.313533782958984,0.07824861258268356,1.2196390628814697
102.46390533447266,-0.03461107984185219,0.3767986297607422,50.36327362060547,-0.04183025658130646,1.2250378131866455
102.50391387939453,-0.03564739227294922,0.37625885009765625,50.417381286621094,0.02485191822052002,1.3346278667449951
102.5439453125,-0.03603487089276314,0.3779792785644531,50.46866226196289,0.04648114740848541,1.200426459312439
102.58393096923828,-0.035895440727472305,0.3772573471069336,50.517757415771484,-0.05716197192668915,1.2048912048339844
102.62396240234375,-0.035182125866413116,0.3768501281738281,50.571266174316406,0.05810652673244476,1.346339464187622
102.6639404296875,-0.034213874489068985,0.38013267517089844,50.623130798339844,0.06292790919542313,1.2144479751586914
102.70394897460938,-0.033577464520931244,0.3805990219116211,50.67512130737305,-0.03793971240520477,1.3005127906799316
102.74398040771484,-0.03380003944039345,0.37830638885498047,50.731666564941406,-0.044053900986909866,1.3763264417648315
102.78396606445312,-0.036184102296829224,0.3776063919067383,50.78291702270508,-0.02076241932809353,1.2070856094360352
102.823974609375,-0.03922133520245552,0.37607288360595703,50.835269927978516,-0.04701792448759079,1.3431165218353271
102.86400604248047,-0.04135141894221306,0.3751411437988281,50.89179229736328,-0.00793873704969883,1.371923565864563
102.90398406982422,-0.04191647469997406,0.3746957778930664,50.94438552856445,-0.039263781160116196,1.2720458507537842
102.9439926147461,-0.040313899517059326,0.37204551696777344,51.00199890136719,-0.0870850533246994,1.4420807361602783
102.98400115966797,-0.038193199783563614,0.36869335174560547,51.05952835083008,-0.0906241238117218,1.322123408317566
103.02400207519531,-0.0371210053563118,0.36454010009765625,51.11457061767578,-0.10728945583105087,1.401510238647461
103.06401824951172,-0.03795554116368294,0.3608360290527344,51.174537658691406,-0.09067956358194351,1.446547031402588
103.10401916503906,-0.03946000710129738,0.35621070861816406,51.228797912597656,-0.13481098413467407,1.3101084232330322
103.14408111572266,-0.04080193117260933,0.35243797302246094,51.288978576660156,-0.05814832076430321,1.5070058107376099
103.18402862548828,-0.04100076109170914,0.35019874572753906,51.346923828125,-0.08205807209014893,1.3432443141937256
103.22406005859375,-0.03996245563030243,0.3455047607421875,51.404571533203125,-0.11340916901826859,1.4853079319000244
103.26404571533203,-0.038341622799634933,0.3430747985839844,51.465023040771484,-0.04758438095450401,1.4292930364608765
103.3040542602539,-0.037169937044382095,0.3395214080810547,51.52125549316406,-0.14511293172836304,1.373138666152954
103.34407043457031,-0.03756428509950638,0.3343534469604492,51.58449172973633,-0.07528986036777496,1.5800669193267822
103.38407897949219,-0.03874370455741882,0.3313112258911133,51.644161224365234,-0.11954467743635178,1.4059473276138306
103.42408752441406,-0.03912610933184624,0.32529258728027344,51.70826721191406,-0.1463984251022339,1.6174583435058594
103.46412658691406,-0.03813979774713516,0.3207874298095703,51.77056121826172,-0.11601141840219498,1.4359815120697021
103.5041275024414,-0.03702050819993019,0.31517505645751953,51.833309173583984,-0.16188588738441467,1.595693588256836
103.54411315917969,-0.03638594597578049,0.3101959228515625,51.8962287902832,-0.09039498120546341,1.4574247598648071
103.58414459228516,-0.03671955317258835,0.30674171447753906,51.95515441894531,-0.09445186704397202,1.5021607875823975
103.62415313720703,-0.037583716213703156,0.3031482696533203,52.01921081542969,-0.06130020320415497,1.5589241981506348
103.66413879394531,-0.038154054433107376,0.30072784423828125,52.07814025878906,-0.057215623557567596,1.4544732570648193
103.70417022705078,-0.038233447819948196,0.29868125915527344,52.14270782470703,-0.03756140545010567,1.5931135416030884
103.74414825439453,-0.037787169218063354,0.29657554626464844,52.202491760253906,-0.06963478028774261,1.399003505706787
103.7841567993164,-0.03690789267420769,0.294281005859375,52.26411819458008,-0.04227644205093384,1.5786612033843994
103.82416534423828,-0.036106642335653305,0.29377079010009766,52.32670974731445,-0.003989896737039089,1.4773459434509277
103.86417388916016,-0.03562670201063156,0.29174041748046875,52.387237548828125,-0.07056569308042526,1.527616262435913
103.90420532226562,-0.03579779714345932,0.2902565002441406,52.45225524902344,-0.0082319937646389,1.568442702293396
103.94422149658203,-0.03687724098563194,0.28888511657714844,52.51085662841797,-0.07971307635307312,1.4135713577270508
103.9842300415039,-0.037984758615493774,0.28650569915771484,52.574623107910156,-0.027258524671196938,1.5723145008087158
104.02423858642578,-0.03910395875573158,0.28716087341308594,52.634681701660156,0.024311739951372147,1.4194040298461914
104.06424713134766,-0.03959190100431442,0.28600502014160156,52.69602966308594,-0.05090567097067833,1.579127311706543
104.10427856445312,-0.039507053792476654,0.2850990295410156,52.759639739990234,0.01250306237488985,1.5063223838806152
104.1442642211914,-0.038936592638492584,0.28549766540527344,52.81874084472656,-0.01459523942321539,1.4658132791519165
104.18427276611328,-0.0379459410905838,0.28414154052734375,52.883323669433594,-0.030588310211896896,1.577544927597046
104.22430419921875,-0.03691551834344864,0.2837228775024414,52.9421272277832,-0.011235492303967476,1.407825231552124
104.2643051147461,-0.036118485033512115,0.2833576202392578,53.00453186035156,-0.002912939991801977,1.5952333211898804
104.3043212890625,-0.03568095713853836,0.28368663787841797,53.06659698486328,0.015613781288266182,1.4373139142990112
104.34430694580078,-0.035261496901512146,0.2843809127807617,53.124305725097656,0.025609875097870827,1.4566904306411743
104.38431549072266,-0.035272739827632904,0.2866029739379883,53.18711853027344,0.07128697633743286,1.5345039367675781
104.42430877685547,-0.03578336909413338,0.2884035110473633,53.24481964111328,0.013748507015407085,1.3727097511291504
104.46431732177734,-0.03712518885731697,0.2887125015258789,53.30537796020508,0.015285241417586803,1.5476253032684326
104.50434875488281,-0.03850270435214043,0.29056358337402344,53.36775207519531,0.0421152226626873,1.4645286798477173
104.5443344116211,-0.03889460116624832,0.2902097702026367,53.42673110961914,-0.02736879326403141,1.4834282398223877
104.58436584472656,-0.03845003619790077,0.29057788848876953,53.49089431762695,0.03818722814321518,1.5605762004852295
104.62437438964844,-0.03737163543701172,0.2919483184814453,53.55034637451172,-0.01318429782986641,1.4150785207748413
104.66439056396484,-0.03599259629845619,0.2899160385131836,53.613433837890625,-0.05118079483509064,1.5856645107269287
104.70437622070312,-0.034498181194067,0.2899808883666992,53.67396926879883,0.030953872948884964,1.4031120538711548
104.744384765625,-0.033119481056928635,0.29009437561035156,53.73162841796875,-0.03437958285212517,1.4533406496047974
104.78439331054688,-0.03234359994530678,0.2895784378051758,53.79490661621094,0.034451596438884735,1.5617270469665527
104.82442474365234,-0.032402634620666504,0.2913398742675781,53.85336685180664,0.02849622443318367,1.4203428030014038
104.86441040039062,-0.03314219415187836,0.2909383773803711,53.9172477722168,-0.031212497502565384,1.5968945026397705
104.9044189453125,-0.034108541905879974,0.29015064239501953,53.97858428955078,-0.0074416836723685265,1.4135093688964844
104.9444351196289,-0.03483276441693306,0.28934669494628906,54.03761291503906,-0.025476427748799324,1.5093960762023926
104.98443603515625,-0.03465531766414642,0.28853797912597656,54.10094451904297,-0.016262687742710114,1.507267713546753
105.02444458007812,-0.033804044127464294,0.28833675384521484,54.158382415771484,-0.003183182794600725,1.4026806354522705
105.0644760131836,-0.03244132921099663,0.28881263732910156,54.222084045410156,0.022241292521357536,1.5703105926513672
105.10446166992188,-0.030951276421546936,0.2896919250488281,54.282432556152344,0.0006364044966176152,1.3905925750732422
105.14447021484375,-0.030599668622016907,0.28907299041748047,54.341041564941406,-0.007425331510603428,1.501731038093567
105.18447875976562,-0.03222666308283806,0.29082584381103516,54.40287780761719,0.05650671198964119,1.4844129085540771
105.2244873046875,-0.035297222435474396,0.29077720642089844,54.45928192138672,-0.03113880194723606,1.377899408340454
105.26451873779297,-0.038762595504522324,0.2908506393432617,54.52196502685547,0.037460435181856155,1.5575309991836548
105.30450439453125,-0.04213451221585274,0.2929353713989258,54.582061767578125,0.03666996210813522,1.4042270183563232
105.34451293945312,-0.04440489783883095,0.2919893264770508,54.64194869995117,-0.038473643362522125,1.5271084308624268
105.38457489013672,-0.04530428722500801,0.29248619079589844,54.70410919189453,0.04923006519675255,1.4939712285995483
105.42452239990234,-0.044319722801446915,0.293609619140625,54.760467529296875,-0.01726769655942917,1.3664109706878662
105.46453094482422,-0.04163423180580139,0.2928323745727539,54.822914123535156,0.0005719682667404413,1.5524578094482422
105.50456237792969,-0.0385315902531147,0.29471302032470703,54.8829460144043,0.04750349745154381,1.4016852378845215
105.54454040527344,-0.036582425236701965,0.2954578399658203,54.942588806152344,-0.012172007001936436,1.5222368240356445
105.58457946777344,-0.03682335838675499,0.2947721481323242,55.004947662353516,-0.0016513514565303922,1.4936660528182983
105.62455749511719,-0.039066288620233536,0.29488277435302734,55.061798095703125,-0.012118960730731487,1.3936021327972412
105.66456604003906,-0.04228244721889496,0.2946300506591797,55.12476348876953,-0.004092891700565815,1.5642355680465698
105.70460510253906,-0.044295210391283035,0.2942991256713867,55.18486785888672,-0.01139135379344225,1.4033535718917847
105.74458312988281,-0.0452117994427681,0.29346370697021484,55.24458694458008,-0.016062702983617783,1.5321494340896606
105.78462219238281,-0.04509960487484932,0.29374027252197266,55.307518005371094,-0.0018309163860976696,1.485853672027588
105.8246078491211,-0.04369362071156502,0.2923126220703125,55.36505126953125,-0.05171104520559311,1.4240963459014893
105.86463928222656,-0.04153823107481003,0.29085540771484375,55.42892074584961,-0.020042741671204567,1.5819913148880005
105.90462493896484,-0.03980046138167381,0.2900705337524414,55.49024963378906,-0.05714946612715721,1.4519000053405762
105.94465637207031,-0.038826826959848404,0.2876119613647461,55.55404281616211,-0.04829883575439453,1.5949666500091553
105.9846420288086,-0.0390118844807148,0.28716087341308594,55.615142822265625,-0.0006956591969355941,1.4162249565124512
106.02467346191406,-0.03991567716002464,0.28448486328125,55.67332077026367,-0.08093562722206116,1.5018024444580078
106.06466674804688,-0.040853921324014664,0.2836952209472656,55.737178802490234,0.03236240893602371,1.5500433444976807
106.10467529296875,-0.041841406375169754,0.2855339050292969,55.795650482177734,0.022599877789616585,1.4155164957046509
106.14466857910156,-0.04230596870183945,0.2848234176635742,55.85865020751953,-0.020266909152269363,1.5561580657958984
106.18467712402344,-0.0425259955227375,0.28499412536621094,55.91875457763672,0.012608702294528484,1.4099122285842896
106.2247085571289,-0.04240734502673149,0.28409576416015625,55.978614807128906,-0.04937700182199478,1.5374271869659424
106.26469421386719,-0.0420064702630043,0.28226470947265625,56.04205322265625,-0.0017548312898725271,1.530799150466919
106.30470275878906,-0.04192756861448288,0.2826566696166992,56.10047912597656,-0.0016586337005719543,1.4278168678283691
106.34471130371094,-0.04147933050990105,0.2822122573852539,56.16440200805664,-0.015087844803929329,1.574284315109253
106.38471984863281,-0.04071544110774994,0.28125476837158203,56.224098205566406,-0.03456338867545128,1.4031869173049927
106.42475128173828,-0.039782993495464325,0.27993011474609375,56.284706115722656,-0.02491946518421173,1.5499716997146606
106.46475982666016,-0.03934288024902344,0.27978038787841797,56.34624099731445,-0.0018682036316022277,1.4354541301727295
106.50476837158203,-0.03933889791369438,0.279632568359375,56.40204620361328,-0.003800909500569105,1.385406255722046
106.5447769165039,-0.040170736610889435,0.2820711135864258,56.46417236328125,0.09891916811466217,1.544944405555725
106.58475494384766,-0.04134683683514595,0.28464317321777344,56.52345275878906,0.023601222783327103,1.4062098264694214
106.62476348876953,-0.042388562113046646,0.2841625213623047,56.58415985107422,-0.011401060968637466,1.5479393005371094
106.66480255126953,-0.043035492300987244,0.28493309020996094,56.64598083496094,0.03446505218744278,1.4633342027664185
106.70478057861328,-0.04321879893541336,0.2843332290649414,56.70256042480469,-0.06913140416145325,1.3752530813217163
106.74478912353516,-0.042908672243356705,0.28273963928222656,56.76416015625,0.006884083151817322,1.5289520025253296
106.78482055664062,-0.04251796752214432,0.28465938568115234,56.82317352294922,0.055867284536361694,1.409407138824463
106.82479858398438,-0.041719645261764526,0.2851591110229492,56.88429641723633,-0.013194301165640354,1.5552055835723877
106.86483764648438,-0.04052386060357094,0.2857189178466797,56.94615173339844,0.04803653806447983,1.4730180501937866
106.90482330322266,-0.0395425409078598,0.2868165969848633,57.00209045410156,-0.002974755596369505,1.363726258277893
106.94482421875,-0.039112117141485214,0.2860698699951172,57.063865661621094,-0.009976974688470364,1.526714563369751
106.98486328125,-0.03996836021542549,0.2868967056274414,57.122825622558594,0.03426017612218857,1.3982148170471191
107.02484893798828,-0.04132217541337013,0.28730106353759766,57.182498931884766,0.007683105301111937,1.5372412204742432
107.06485748291016,-0.04199839010834694,0.2869834899902344,57.24591064453125,-0.01964741200208664,1.5030626058578491
107.10486602783203,-0.042070116847753525,0.2855863571166992,57.3043327331543,-0.053825028240680695,1.442384123802185
107.14488983154297,-0.04111114889383316,0.28388309478759766,57.36865234375,-0.02627747133374214,1.5792163610458374
107.18487548828125,-0.039936307817697525,0.28197479248046875,57.428550720214844,-0.07003898173570633,1.4241013526916504
107.22488403320312,-0.03922384977340698,0.2800626754760742,57.491729736328125,-0.024892866611480713,1.5962591171264648
107.264892578125,-0.03987329080700874,0.28026771545410156,57.553672790527344,0.0045164055190980434,1.4333142042160034
107.30490112304688,-0.04154759272933006,0.27906322479248047,57.612396240234375,-0.03439876809716225,1.4802147150039673
107.34490966796875,-0.04349434748291969,0.2799072265625,57.6739501953125,0.06158662587404251,1.4991586208343506
107.38494110107422,-0.044777967035770416,0.28165531158447266,57.73005676269531,0.006332572549581528,1.349778413772583
107.4249267578125,-0.04509502276778221,0.2817401885986328,57.790367126464844,0.03725006803870201,1.5354565382003784
107.46495819091797,-0.04403043910861015,0.28537654876708984,57.85093688964844,0.09695559740066528,1.4181807041168213
107.50495147705078,-0.041737571358680725,0.2875394821166992,57.908119201660156,0.0019171638414263725,1.4129170179367065
107.54498291015625,-0.03963940218091011,0.2879524230957031,57.97115707397461,0.03301863744854927,1.5440653562545776
107.5849609375,-0.03899084031581879,0.2904205322265625,58.02935028076172,0.05006733164191246,1.3850600719451904
107.62499237060547,-0.03986559063196182,0.29131221771240234,58.08879852294922,0.009556872770190239,1.5211743116378784
107.66498565673828,-0.0413554422557354,0.29178333282470703,58.14866638183594,0.035691093653440475,1.4114160537719727
107.70501708984375,-0.04275408387184143,0.29382991790771484,58.20229721069336,0.053708918392658234,1.3093775510787964
107.74501037597656,-0.043658070266246796,0.2973651885986328,58.26078796386719,0.08641956746578217,1.4324334859848022
107.7850112915039,-0.04382798820734024,0.3009939193725586,58.31765365600586,0.08797211199998856,1.3257358074188232
107.82504272460938,-0.04336920753121376,0.3041086196899414,58.37138748168945,0.07670968770980835,1.335374355316162
107.86505889892578,-0.04231691360473633,0.3082866668701172,58.430084228515625,0.11368073523044586,1.4240987300872803
107.905029296875,-0.040620140731334686,0.3121070861816406,58.48504638671875,0.06213940680027008,1.2685513496398926
107.94503784179688,-0.038498405367136,0.31441688537597656,58.537330627441406,0.06879530102014542,1.3196130990982056
107.98506927490234,-0.03732090815901756,0.3192596435546875,58.59435272216797,0.15832842886447906,1.4046164751052856
108.02505493164062,-0.03834424912929535,0.32505226135253906,58.649261474609375,0.07008757442235947,1.2506763935089111
108.0650634765625,-0.040964167565107346,0.3263731002807617,58.702720642089844,0.03317508101463318,1.3585376739501953
108.10506439208984,-0.04453648254275322,0.32955169677734375,58.760414123535156,0.10462596267461777,1.4040939807891846
108.14507293701172,-0.048083044588565826,0.33330726623535156,58.81385040283203,0.0553201362490654,1.2601984739303589
108.18511199951172,-0.051239825785160065,0.33335113525390625,58.86786651611328,-0.0013756153639405966,1.381304383277893
108.22509765625,-0.054295044392347336,0.33570098876953125,58.92512893676758,0.0995134636759758,1.3879603147506714
108.26510620117188,-0.056610237807035446,0.3391704559326172,58.97789764404297,0.045319460332393646,1.2576165199279785
108.30511474609375,-0.05825824290513992,0.3386411666870117,59.0333251953125,-0.02059156820178032,1.4258615970611572
108.34514617919922,-0.05872838571667671,0.33969688415527344,59.091758728027344,0.04637819156050682,1.3937832117080688
108.38512420654297,-0.05820813775062561,0.3407249450683594,59.14565658569336,-0.025904403999447823,1.2960340976715088
108.42513275146484,-0.056884877383708954,0.3393745422363281,59.20542907714844,-0.03776877373456955,1.4697827100753784
108.46514129638672,-0.05477005988359451,0.33916664123535156,59.2625732421875,-0.0043081436306238174,1.3182010650634766
108.50515747070312,-0.05227300152182579,0.3383598327636719,59.31846237182617,-0.03351372852921486,1.4302737712860107
108.5451889038086,-0.049890387803316116,0.3372831344604492,59.37966537475586,-0.03310813009738922,1.4636003971099854
108.58517456054688,-0.04830067232251167,0.3361854553222656,59.434547424316406,-0.03311977908015251,1.3214186429977417
108.62518310546875,-0.04808403179049492,0.33494091033935547,59.492942810058594,0.00011550463386811316,1.4782055616378784
108.6651840209961,-0.05028301104903221,0.33454418182373047,59.55044174194336,-0.024536771699786186,1.329359769821167
108.7052001953125,-0.05351968854665756,0.3326568603515625,59.60548400878906,-0.02704053930938244,1.4128142595291138
108.74524688720703,-0.05627945810556412,0.3327064514160156,59.66619873046875,0.029597928747534752,1.4839692115783691
108.78520965576172,-0.057840220630168915,0.3326730728149414,59.72262191772461,-0.057844698429107666,1.3235869407653809
108.8252182006836,-0.05761907249689102,0.330078125,59.782020568847656,-0.04880484938621521,1.5079317092895508
108.86522674560547,-0.05611300840973854,0.3296546936035156,59.8412971496582,-0.0004410643596202135,1.3893367052078247
108.90523529052734,-0.05266939848661423,0.3272972106933594,59.898040771484375,-0.08784698694944382,1.4290134906768799
108.94527435302734,-0.04867921397089958,0.3259725570678711,59.96101760864258,0.005190066993236542,1.5258312225341797
108.9852523803711,-0.044654425233602524,0.3264617919921875,60.01664733886719,-0.03250560164451599,1.2954963445663452
109.02526092529297,-0.04194642975926399,0.32373046875,60.0754280090332,-0.06656907498836517,1.50985586643219
109.06526947021484,-0.04188350588083267,0.32268524169921875,60.13539505004883,4.36312984675169e-05,1.4095097780227661
109.10527801513672,-0.04462861642241478,0.3215351104736328,60.193359375,-0.04902030527591705,1.4705508947372437
109.14530944824219,-0.048382822424173355,0.31889820098876953,60.25735092163086,-0.05223808437585831,1.5497959852218628
109.18529510498047,-0.05201633647084236,0.3165245056152344,60.31410217285156,-0.07060367614030838,1.3686089515686035
109.22531127929688,-0.053744301199913025,0.3135356903076172,60.375885009765625,-0.06259973347187042,1.55270254611969
109.26533508300781,-0.05371607467532158,0.3108806610107422,60.435585021972656,-0.07480272650718689,1.3822436332702637
109.3053207397461,-0.05189383402466774,0.3080177307128906,60.495914459228516,-0.06130058690905571,1.5703372955322266
109.34535217285156,-0.049061164259910583,0.30663204193115234,60.559852600097656,-0.043044935911893845,1.4817336797714233
109.38533020019531,-0.04647546634078026,0.30397891998291016,60.61710739135742,-0.07380348443984985,1.4190173149108887
109.42533874511719,-0.04533746838569641,0.30234718322753906,60.680381774902344,-0.007684341166168451,1.5600733757019043
109.46534729003906,-0.045723482966423035,0.3011465072631836,60.739349365234375,-0.07818575203418732,1.3950178623199463
109.50534057617188,-0.04734925553202629,0.29733943939208984,60.801856994628906,-0.045981165021657944,1.625532865524292
109.54534912109375,-0.04882434010505676,0.29575443267822266,60.864585876464844,-0.05914792791008949,1.4492594003677368
109.58535766601562,-0.04862096533179283,0.291412353515625,60.92677307128906,-0.1262860894203186,1.600013017654419
109.62535858154297,-0.0475369468331337,0.28871631622314453,60.991615295410156,-0.038028642535209656,1.5191359519958496
109.66539764404297,-0.045947592705488205,0.28564453125,61.05067443847656,-0.11655695736408234,1.4789856672286987
109.70538330078125,-0.045049309730529785,0.281829833984375,61.11696243286133,-0.053979743272066116,1.620245099067688
109.74539184570312,-0.04543320834636688,0.2806968688964844,61.17683029174805,-0.03026999905705452,1.4523855447769165
109.78543090820312,-0.046894658356904984,0.2780113220214844,61.240901947021484,-0.055001746863126755,1.6032084226608276
109.8254165649414,-0.04744173213839531,0.2762870788574219,61.30171203613281,-0.035200174897909164,1.426697015762329
109.86544799804688,-0.0468912273645401,0.2747812271118164,61.36382293701172,-0.04182491451501846,1.5966254472732544
109.90543365478516,-0.04578724503517151,0.27347373962402344,61.42814636230469,-0.029891982674598694,1.4968483448028564
109.94544219970703,-0.04490043967962265,0.27236080169677734,61.487815856933594,-0.035979367792606354,1.4959683418273926
109.9854736328125,-0.04483687877655029,0.27129364013671875,61.553409576416016,-0.01618894189596176,1.605711817741394
110.02545928955078,-0.04564150050282478,0.2692832946777344,61.61341094970703,-0.06707460433244705,1.4463261365890503
110.06546020507812,-0.04697654768824577,0.26708316802978516,61.678436279296875,-0.016655081883072853,1.640877366065979
110.10546875,-0.04758757725358009,0.2661895751953125,61.74257278442383,-0.06809255480766296,1.4932807683944702
110.1454849243164,-0.047249067574739456,0.26287841796875,61.80827331542969,-0.05896083265542984,1.6754704713821411
110.1855239868164,-0.0464717335999012,0.26142024993896484,61.87234115600586,-0.03458569943904877,1.4791004657745361
110.22550964355469,-0.04575146734714508,0.25806331634521484,61.93349075317383,-0.09558660537004471,1.5767121315002441
110.26551818847656,-0.04522642493247986,0.25640010833740234,61.99989700317383,0.002429638057947159,1.586273431777954
110.30552673339844,-0.045538660138845444,0.25670433044433594,62.06086730957031,-0.015513621270656586,1.4968171119689941
110.34553527832031,-0.04661772400140762,0.2555723190307617,62.127471923828125,-0.004341908730566502,1.632895827293396
110.38555145263672,-0.047929201275110245,0.2559661865234375,62.18836212158203,-0.007455997634679079,1.440245509147644
110.4255599975586,-0.04900557920336723,0.253570556640625,62.252532958984375,-0.07007592171430588,1.6365348100662231
110.46559143066406,-0.04925766959786415,0.25215721130371094,62.31749725341797,-0.008454590104520321,1.5228867530822754
110.50556945800781,-0.04871097579598427,0.2515287399291992,62.381629943847656,-0.029109584167599678,1.6459356546401978
110.54560089111328,-0.047893788665533066,0.2502880096435547,62.44856262207031,-0.03546856716275215,1.5687055587768555
110.58558654785156,-0.04724730923771858,0.24852466583251953,62.510005950927734,-0.05956963822245598,1.531835675239563
110.62560272216797,-0.04732685163617134,0.24683475494384766,62.57695770263672,-0.03508985787630081,1.6152734756469727
110.66563415527344,-0.047927647829055786,0.24503421783447266,62.6361083984375,-0.038290493190288544,1.4230716228485107
110.70561218261719,-0.0488569401204586,0.24458599090576172,62.69990158081055,0.0329488180577755,1.6159008741378784
110.7456283569336,-0.04987482726573944,0.24647235870361328,62.76333236694336,0.029976705089211464,1.4883784055709839
110.78563690185547,-0.050461553037166595,0.24604415893554688,62.82685852050781,-0.012827455997467041,1.6269783973693848
110.82566833496094,-0.050935667008161545,0.24712276458740234,62.8920783996582,0.042980488389730453,1.5348381996154785
110.86570739746094,-0.051037486642599106,0.24709320068359375,62.95143508911133,-0.04394487664103508,1.4574360847473145
110.9056625366211,-0.050581179559230804,0.24618911743164062,63.015785217285156,0.016662297770380974,1.5806035995483398
110.94567108154297,-0.04987180605530739,0.24833297729492188,63.0762939453125,0.051998771727085114,1.4481966495513916
110.9857177734375,-0.04844352602958679,0.24910926818847656,63.13990020751953,0.008945642970502377,1.6114434003829956
111.02568054199219,-0.046965260058641434,0.25142860412597656,63.202781677246094,0.0826568454504013,1.461092472076416
111.0656967163086,-0.04568346217274666,0.25377750396728516,63.26051712036133,0.03538183867931366,1.4457752704620361
111.10570526123047,-0.04532897099852562,0.25470542907714844,63.325103759765625,0.02449270337820053,1.581978440284729
111.14573669433594,-0.047104787081480026,0.2564353942871094,63.38536834716797,0.04599723592400551,1.4418028593063354
111.18575286865234,-0.04994896426796913,0.25705718994140625,63.44891357421875,0.013988452032208443,1.6176276206970215
111.22573852539062,-0.05280989781022072,0.2568216323852539,63.512718200683594,-0.0060689449310302734,1.4896764755249023
111.26573944091797,-0.05424050614237785,0.25586509704589844,63.573760986328125,-0.02893476001918316,1.5544452667236328
111.30577087402344,-0.05445408076047897,0.25531005859375,63.6396484375,-0.010150542482733727,1.5795783996582031
111.34574890136719,-0.05326755717396736,0.25446510314941406,63.69972229003906,-0.035002872347831726,1.4602789878845215
111.38578033447266,-0.051472268998622894,0.25475311279296875,63.76511764526367,0.05073356255888939,1.6251254081726074
111.4257583618164,-0.05044334754347801,0.2568950653076172,63.82672882080078,0.03056923672556877,1.444065809249878
111.46576690673828,-0.05041365325450897,0.2567577362060547,63.888160705566406,-0.0018423540750518441,1.551113486289978
111.50580596923828,-0.051758941262960434,0.2590055465698242,63.95051956176758,0.06913572549819946,1.4707906246185303
111.54579162597656,-0.05251467227935791,0.25995731353759766,64.00810241699219,-0.015349266119301319,1.4103455543518066
111.58580017089844,-0.05237624794244766,0.26061344146728516,64.07195281982422,0.07692461460828781,1.5988855361938477
111.62580871582031,-0.051408566534519196,0.26463890075683594,64.13245391845703,0.08064078539609909,1.4222320318222046
111.66581726074219,-0.04966704174876213,0.26621341705322266,64.19442749023438,0.0004895138554275036,1.5802671909332275
111.70582580566406,-0.04787576571106911,0.2672443389892578,64.25823974609375,0.052001696079969406,1.5157535076141357
111.7458267211914,-0.04651138558983803,0.26851558685302734,64.31702423095703,0.0025781940203160048,1.443288803100586
111.78584289550781,-0.045603808015584946,0.26792240142822266,64.38142395019531,-0.015881158411502838,1.5674632787704468
111.82587432861328,-0.04453625530004501,0.2687397003173828,64.44000244140625,0.03740252926945686,1.3863412141799927
111.86585235595703,-0.04302351549267769,0.2702922821044922,64.49903869628906,0.04948849603533745,1.5155588388442993
111.90587615966797,-0.040924541652202606,0.2729482650756836,64.5606689453125,0.07145675271749496,1.4685463905334473
111.94586181640625,-0.03865938261151314,0.27558326721191406,64.61703491210938,0.05703375115990639,1.3822180032730103
111.98589324951172,-0.03760351613163948,0.2784461975097656,64.67822265625,0.0809108167886734,1.5083532333374023
112.0259017944336,-0.038823485374450684,0.28108978271484375,64.7364501953125,0.05002283677458763,1.352594017982483
112.0658950805664,-0.04206100478768349,0.28224849700927734,64.7916259765625,0.051974158734083176,1.4172842502593994
112.10590362548828,-0.046433113515377045,0.2862873077392578,64.85235595703125,0.1300482600927353,1.4926118850708008
112.14590454101562,-0.04990111291408539,0.2895021438598633,64.90882873535156,0.02994425781071186,1.3425023555755615
112.1859130859375,-0.05216313526034355,0.29022693634033203,64.96748352050781,0.04894759878516197,1.520474910736084
112.2259521484375,-0.05374670401215553,0.2935361862182617,65.0279541015625,0.10139530152082443,1.4448769092559814
112.26596069335938,-0.05421501025557518,0.2958345413208008,65.08364868164062,0.012466324493288994,1.3561619520187378
112.30596923828125,-0.05338187515735626,0.2955160140991211,65.14420318603516,0.01463326532393694,1.5073826313018799
112.34595489501953,-0.051558949053287506,0.29776477813720703,65.20319366455078,0.05078842490911484,1.3784337043762207
112.3859634399414,-0.04801102727651596,0.29764366149902344,65.2615966796875,-0.04696868360042572,1.4941455125808716
112.42596435546875,-0.04434455558657646,0.29752349853515625,65.32628631591797,0.02031208761036396,1.5586442947387695
112.46601104736328,-0.041160933673381805,0.2978172302246094,65.38516235351562,-0.03461983799934387,1.4214991331100464
112.5059814453125,-0.04000392556190491,0.2951021194458008,65.45011138916016,-0.0724664032459259,1.612708330154419
112.54601287841797,-0.04199811816215515,0.29216670989990234,65.51139068603516,-0.07348455488681793,1.4456943273544312
112.58599853515625,-0.04576841741800308,0.2881641387939453,65.57563018798828,-0.09361418336629868,1.6680669784545898
112.62600708007812,-0.0498851053416729,0.2844858169555664,65.6402359008789,-0.07470639050006866,1.493051290512085
112.666015625,-0.05311772972345352,0.28083324432373047,65.70259094238281,-0.08320271968841553,1.6209825277328491
112.70604705810547,-0.054984793066978455,0.27741432189941406,65.76863098144531,-0.08766431361436844,1.5524981021881104
112.74603271484375,-0.05510663241147995,0.27313899993896484,65.83106994628906,-0.10731261968612671,1.5961236953735352
112.78604125976562,-0.05390036106109619,0.2704744338989258,65.90091705322266,-0.0524921752512455,1.6744489669799805
112.8260726928711,-0.05199357867240906,0.26667213439941406,65.96467590332031,-0.13116078078746796,1.5739163160324097
112.86605834960938,-0.049271319061517715,0.26265907287597656,66.0355224609375,-0.08056752383708954,1.7243067026138306
112.90605926513672,-0.04626321420073509,0.25834178924560547,66.10069274902344,-0.15998844802379608,1.5873901844024658
112.94606018066406,-0.04325703904032707,0.252288818359375,66.17311096191406,-0.12072863429784775,1.7617578506469727
112.9861068725586,-0.04112742096185684,0.24694252014160156,66.23648071289062,-0.1600888967514038,1.526262879371643
113.02607727050781,-0.04046085104346275,0.2409954071044922,66.3079833984375,-0.1083761677145958,1.7897682189941406
113.06608581542969,-0.041161760687828064,0.23726558685302734,66.37480926513672,-0.10823055356740952,1.623240351676941
113.10613250732422,-0.042283471673727036,0.23158836364746094,66.44915008544922,-0.1352158933877945,1.831552505493164
113.14610290527344,-0.043309517204761505,0.2265920639038086,66.51628875732422,-0.13277149200439453,1.6205990314483643
113.18614196777344,-0.04389046132564545,0.2206563949584961,66.59052276611328,-0.15439197421073914,1.8108068704605103
113.22615051269531,-0.043898068368434906,0.2148885726928711,66.65845489501953,-0.13957028090953827,1.669584035873413
113.2661361694336,-0.043230049312114716,0.2090311050415039,66.73374938964844,-0.12334007769823074,1.8270567655563354
113.30616760253906,-0.04214787855744362,0.20392513275146484,66.80152130126953,-0.13659198582172394,1.6717063188552856
113.34614562988281,-0.04060496389865875,0.199920654296875,66.87633514404297,-0.08303079754114151,1.8030579090118408
113.38615417480469,-0.03859230875968933,0.19540786743164062,66.94503784179688,-0.13328947126865387,1.7155625820159912
113.42616271972656,-0.03641781210899353,0.19193744659423828,67.02204132080078,-0.06762941926717758,1.8380050659179688
113.46617126464844,-0.034507159143686295,0.18790817260742188,67.09297180175781,-0.13339349627494812,1.790502667427063
113.50617218017578,-0.03390378877520561,0.1840229034423828,67.16902923583984,-0.06860291957855225,1.7826389074325562
113.54618072509766,-0.034915439784526825,0.17971134185791016,67.23839569091797,-0.14609970152378082,1.7703418731689453
113.58621215820312,-0.03658902645111084,0.1742258071899414,67.31324005126953,-0.08383230865001678,1.7756844758987427
113.62619018554688,-0.03846530616283417,0.17036056518554688,67.38395690917969,-0.10938572138547897,1.816828727722168
113.66619873046875,-0.03989151865243912,0.16637420654296875,67.45819091796875,-0.07521025836467743,1.7339085340499878
113.70620727539062,-0.040865521878004074,0.16343116760253906,67.5294189453125,-0.07128089666366577,1.8542559146881104
113.7462387084961,-0.041484903544187546,0.1604328155517578,67.60527038574219,-0.06341777741909027,1.7643905878067017
113.78622436523438,-0.041846081614494324,0.15795326232910156,67.67786407470703,-0.05918222665786743,1.8742728233337402
113.82626342773438,-0.0421290323138237,0.15521240234375,67.75299835205078,-0.0796816498041153,1.742348551750183
113.86624145507812,-0.042162615805864334,0.15113449096679688,67.82614135742188,-0.07968944311141968,1.9104766845703125
113.90625,-0.04201270267367363,0.14807510375976562,67.90242004394531,-0.08752519637346268,1.778518557548523
113.9462661743164,-0.041559647768735886,0.1444072723388672,67.97863006591797,-0.06819278746843338,1.9300696849822998
113.98627471923828,-0.041086774319410324,0.14210891723632812,68.05117797851562,-0.0729355663061142,1.6664533615112305
114.02630615234375,-0.04063909873366356,0.13825702667236328,68.12528991699219,-0.08098150789737701,1.904940128326416
114.0662841796875,-0.04064428061246872,0.13706302642822266,68.19857788085938,0.003403138369321823,1.7228186130523682
114.1063003540039,-0.04099519923329353,0.1363525390625,68.2730941772461,-0.020743554458022118,1.8744759559631348
114.14632415771484,-0.04198296368122101,0.13675689697265625,68.34487915039062,0.020418619737029076,1.6755256652832031
114.18630981445312,-0.043021343648433685,0.13608932495117188,68.41781616210938,-0.0366140715777874,1.856073260307312
114.2263412475586,-0.04409211501479149,0.1355581283569336,68.49124908447266,0.006911576725542545,1.727789282798767
114.26632690429688,-0.045401688665151596,0.13571643829345703,68.56591796875,-0.005338669754564762,1.907357931137085
114.30633544921875,-0.04642419517040253,0.1350698471069336,68.64031219482422,-0.019142568111419678,1.724562168121338
114.34636688232422,-0.04727346450090408,0.1339263916015625,68.71476745605469,-0.03302699699997902,1.893258810043335
114.38636016845703,-0.04725160822272301,0.13216114044189453,68.78732299804688,-0.04799187183380127,1.6765239238739014
114.4263687133789,-0.046920061111450195,0.13089466094970703,68.85941314697266,-0.016895512118935585,1.8514665365219116
114.46636962890625,-0.04586942866444588,0.13089466094970703,68.93385314941406,-0.00991407036781311,1.7481645345687866
114.50638580322266,-0.044447869062423706,0.13051414489746094,69.00928497314453,0.004011835902929306,1.9164587259292603
114.54641723632812,-0.04246716946363449,0.13158321380615234,69.08348083496094,0.010229765437543392,1.713131070137024
114.5864028930664,-0.03983645513653755,0.12992191314697266,69.15728759765625,-0.04534582793712616,1.8853272199630737
114.62643432617188,-0.037358544766902924,0.12963008880615234,69.2316665649414,-0.01277732104063034,1.7362061738967896
114.66641235351562,-0.03514283522963524,0.1281261444091797,69.30745697021484,-0.05077498406171799,1.9311877489089966
114.70645141601562,-0.033818382769823074,0.127471923828125,69.38047790527344,-0.001697702333331108,1.6839407682418823
114.74642944335938,-0.03401116654276848,0.12666988372802734,69.45330047607422,-0.03877191245555878,1.8649365901947021
114.78646087646484,-0.03547463193535805,0.12572956085205078,69.52743530273438,0.0024104686453938484,1.75307035446167
114.82644653320312,-0.03827141597867012,0.12482738494873047,69.6029052734375,-0.030390821397304535,1.927781581878662
114.86646270751953,-0.04131527617573738,0.12315082550048828,69.67867279052734,-0.031116217374801636,1.776504397392273
114.90650177001953,-0.04321444407105446,0.12173175811767578,69.75579071044922,-0.026097362861037254,1.9709523916244507
114.94647979736328,-0.04339531809091568,0.11989879608154297,69.83165740966797,-0.07099256664514542,1.7603825330734253
114.98648834228516,-0.04163585603237152,0.11737537384033203,69.91069793701172,-0.0491035170853138,1.993065595626831
115.02649688720703,-0.038713496178388596,0.1147165298461914,69.98603820800781,-0.08439231663942337,1.782043695449829
115.0665283203125,-0.037386007606983185,0.11190414428710938,70.06494140625,-0.04980019852519035,1.9511017799377441
115.10651397705078,-0.038714129477739334,0.10954093933105469,70.1373519897461,-0.0807933360338211,1.7381694316864014
115.14654541015625,-0.04196525365114212,0.10735702514648438,70.21611022949219,-0.0035421596840023994,1.9504214525222778
115.18653106689453,-0.04451751336455345,0.10745906829833984,70.28836059570312,0.002730749547481537,1.7670154571533203
115.2265625,-0.044677913188934326,0.10717105865478516,70.36697387695312,0.010606151074171066,1.9146713018417358
115.26654052734375,-0.041537147015333176,0.1080942153930664,70.4391860961914,0.005847474560141563,1.7633198499679565
115.30654907226562,-0.03759517893195152,0.10799026489257812,70.51840209960938,0.002894878387451172,1.9214409589767456
115.34660339355469,-0.037382639944553375,0.1091766357421875,70.58929443359375,0.04039563238620758,1.7259626388549805
115.3865737915039,-0.04029824212193489,0.11028385162353516,70.6667251586914,0.03657146915793419,1.9252996444702148
115.42658233642578,-0.04365338757634163,0.11108016967773438,70.73860168457031,0.02594815380871296,1.753210186958313
115.46659088134766,-0.045202746987342834,0.11232280731201172,70.81623840332031,0.036793481558561325,1.8911383152008057
115.50662231445312,-0.044860173016786575,0.11361122131347656,70.88616943359375,0.03034842386841774,1.6808902025222778
115.5466079711914,-0.04281780496239662,0.11570072174072266,70.96146392822266,0.06603919714689255,1.8686307668685913
115.58661651611328,-0.04031898453831673,0.11777114868164062,71.03323364257812,0.01798352412879467,1.699092149734497
115.62664794921875,-0.03790133073925972,0.11951160430908203,71.10932159423828,0.06401344388723373,1.8920001983642578
115.66664123535156,-0.03809359669685364,0.12198829650878906,71.18063354492188,0.04743579402565956,1.6775758266448975
115.7066421508789,-0.04009844362735748,0.12303543090820312,71.25440979003906,0.04515412077307701,1.8583389520645142
115.74665069580078,-0.043675366789102554,0.12540245056152344,71.32518005371094,0.059455327689647675,1.6598130464553833
115.78666687011719,-0.046487342566251755,0.1260852813720703,71.3976821899414,0.014668382704257965,1.8560303449630737
115.82667541503906,-0.048036154359579086,0.12802505493164062,71.47035217285156,0.07907495647668839,1.7012968063354492
115.86670684814453,-0.04782712087035179,0.13107872009277344,71.54228973388672,0.051001012325286865,1.8387548923492432
115.90668487548828,-0.04546191170811653,0.13394927978515625,71.61560821533203,0.06954247504472733,1.69322669506073
115.94669342041016,-0.04307759180665016,0.13667011260986328,71.68496704101562,0.057006336748600006,1.7703582048416138
115.98670959472656,-0.04150903970003128,0.1392049789428711,71.75930786132812,0.05903249979019165,1.740283727645874
116.02671813964844,-0.04139944911003113,0.1428384780883789,71.82520294189453,0.10413926839828491,1.6270990371704102
116.06675720214844,-0.042482610791921616,0.14783668518066406,71.89559936523438,0.13524697721004486,1.7155953645706177
116.10674285888672,-0.04400426149368286,0.15209388732910156,71.95972442626953,0.10346692055463791,1.5350111722946167
116.1467514038086,-0.044705480337142944,0.15704917907714844,72.02688598632812,0.14160840213298798,1.6955273151397705
116.18675994873047,-0.04523952677845955,0.1650409698486328,72.09484100341797,0.17484088242053986,1.5656887292861938
116.22679138183594,-0.04471917822957039,0.1712493896484375,72.15787506103516,0.14962001144886017,1.578346610069275
116.26676940917969,-0.04400121048092842,0.17890167236328125,72.22579956054688,0.20629549026489258,1.6524989604949951
116.30680847167969,-0.04307977110147476,0.1860675811767578,72.28845977783203,0.1254536211490631,1.4847002029418945
116.34679412841797,-0.04217692092061043,0.18967914581298828,72.3541030883789,0.09460575878620148,1.678235650062561
116.3868179321289,-0.042063139379024506,0.19553565979003906,72.41991424560547,0.1640767604112625,1.5405863523483276
116.42679595947266,-0.04234129190444946,0.20087528228759766,72.47956085205078,0.09856614470481873,1.4706885814666748
116.46684265136719,-0.04262252151966095,0.2045459747314453,72.54598236083984,0.10725094377994537,1.639305591583252
116.50680541992188,-0.04360290244221687,0.21046161651611328,72.60979461669922,0.11995939910411835,1.5052073001861572
116.54681396484375,-0.04480666294693947,0.21356964111328125,72.67549896240234,0.059141259640455246,1.693276047706604
116.58684539794922,-0.04617913439869881,0.2160205841064453,72.74263763427734,0.07653748989105225,1.5728179216384888
116.6268310546875,-0.04734575003385544,0.21810436248779297,72.80493927001953,0.031351082026958466,1.5725367069244385
116.66683959960938,-0.048620522022247314,0.218597412109375,72.8737564086914,0.0046124630607664585,1.6636786460876465
116.70684814453125,-0.04970817267894745,0.2186107635498047,72.93659973144531,0.0023800451308488846,1.5312247276306152
116.74687957763672,-0.05017043277621269,0.2185354232788086,73.00602722167969,0.012059180997312069,1.7316886186599731
116.786865234375,-0.04956851154565811,0.21866893768310547,73.07170867919922,-0.022040558978915215,1.5228188037872314
116.826904296875,-0.048334330320358276,0.21763229370117188,73.13955688476562,-0.008672444149851799,1.7263652086257935
116.86688232421875,-0.048158299177885056,0.2174062728881836,73.20765686035156,-0.039097756147384644,1.5795929431915283
116.90692138671875,-0.049007218331098557,0.21422195434570312,73.27684020996094,-0.0701988935470581,1.7957735061645508
116.94690704345703,-0.05035873129963875,0.2123241424560547,73.34827423095703,-0.03424077481031418,1.6664491891860962
116.98690795898438,-0.051073409616947174,0.20846939086914062,73.41897583007812,-0.10900329053401947,1.8169971704483032
117.02694702148438,-0.05068871006369591,0.20540714263916016,73.48983001708984,-0.071806401014328,1.631308913230896
117.06692504882812,-0.0489196814596653,0.2000446319580078,73.55878448486328,-0.14400038123130798,1.7968734502792358
117.10693359375,-0.04757966846227646,0.19678688049316406,73.63082885742188,-0.059862542897462845,1.6585897207260132
117.14694213867188,-0.047589510679244995,0.193939208984375,73.70035552978516,-0.08659050613641739,1.7879420518875122
117.18695068359375,-0.04813433438539505,0.19146251678466797,73.77098083496094,-0.04312093183398247,1.6362398862838745
117.22698211669922,-0.04842575266957283,0.189910888671875,73.83932495117188,-0.03957555070519447,1.7743226289749146
117.2669677734375,-0.04750853031873703,0.188201904296875,73.91144561767578,-0.03524748980998993,1.6755363941192627
117.30697631835938,-0.04668033868074417,0.18722820281982422,73.97920989990234,-0.027188539505004883,1.7335294485092163
117.34698486328125,-0.04634770750999451,0.18631839752197266,74.0523452758789,-0.02404959127306938,1.72903573513031
117.38701629638672,-0.04662385210394859,0.1836862564086914,74.12016296386719,-0.06253524124622345,1.7344207763671875
117.4270248413086,-0.04686666652560234,0.1817607879638672,74.19485473632812,-0.03520592674612999,1.7859325408935547
117.46701049804688,-0.04697798937559128,0.17896461486816406,74.26485443115234,-0.08195292204618454,1.7676481008529663
117.50704193115234,-0.0475461371243,0.1771097183227539,74.33837890625,-0.018151745200157166,1.7396416664123535
117.54705047607422,-0.04843330383300781,0.17467308044433594,74.40432739257812,-0.09333281964063644,1.6500866413116455
117.58707427978516,-0.04906876012682915,0.17258548736572266,74.47765350341797,-0.0010827326914295554,1.7702642679214478
117.62705993652344,-0.04918001592159271,0.17374038696289062,74.54412841796875,0.02087143436074257,1.6299675703048706
117.66704559326172,-0.04885246232151985,0.174163818359375,74.6159439086914,0.03344913199543953,1.7606042623519897
117.7070541381836,-0.04918844625353813,0.1763324737548828,74.68128204345703,0.04319041967391968,1.5628330707550049
117.7470932006836,-0.05011001229286194,0.17662715911865234,74.75048065185547,0.0011043543927371502,1.738674283027649
117.78707885742188,-0.05135110765695572,0.17827606201171875,74.81826782226562,0.06076646223664284,1.5901819467544556
117.82711029052734,-0.051862746477127075,0.18042564392089844,74.88640594482422,0.049743082374334335,1.7421938180923462
117.8670883178711,-0.05112020671367645,0.18264198303222656,74.95482635498047,0.05785151943564415,1.5720371007919312
117.9071273803711,-0.048741474747657776,0.18675804138183594,75.01616668701172,0.1175137460231781,1.5089678764343262
117.94710540771484,-0.043979741632938385,0.19406700134277344,75.0806655883789,0.14664211869239807,1.5133074522018433
117.98712158203125,-0.040476419031620026,0.20007705688476562,75.13859558105469,0.13620570302009583,1.3642677068710327
118.02716064453125,-0.04535911604762077,0.20600032806396484,75.19587707519531,0.18800310790538788,1.4929282665252686
118.067138671875,-0.05381060764193535,0.2139720916748047,75.2587661743164,0.22162923216819763,1.564968228340149
118.10714721679688,-0.06292173266410828,0.22003459930419922,75.31788635253906,0.11585982143878937,1.4289528131484985
118.14714813232422,-0.06678341329097748,0.22383975982666016,75.3807601928711,0.11840702593326569,1.601240873336792
118.18716430664062,-0.06556619703769684,0.22922420501708984,75.44405364990234,0.12662385404109955,1.4801279306411743
118.22720336914062,-0.06181219220161438,0.23251819610595703,75.5029296875,0.027982836589217186,1.437377691268921
118.26718139648438,-0.060492876917123795,0.23561954498291016,75.5670394897461,0.11744284629821777,1.5754523277282715
118.30721282958984,-0.06229710206389427,0.24049854278564453,75.62706756591797,0.10088280588388443,1.4208595752716064
118.34722137451172,-0.06495120376348495,0.24235153198242188,75.68815612792969,0.033990468829870224,1.571252703666687
118.38720703125,-0.0670805349946022,0.24531173706054688,75.751220703125,0.10949161648750305,1.502729058265686
118.42720794677734,-0.06763505935668945,0.24950504302978516,75.80709838867188,0.08330298960208893,1.3486731052398682
118.46724700927734,-0.06597473472356796,0.2523765563964844,75.8680419921875,0.06318151950836182,1.5151630640029907
118.50725555419922,-0.06411322951316833,0.2566537857055664,75.92864227294922,0.1270272135734558,1.4280290603637695
118.5472412109375,-0.06357912719249725,0.26161766052246094,75.9872055053711,0.09097215533256531,1.453428864479065
118.58726501464844,-0.06502360105514526,0.2646045684814453,76.05030822753906,0.06448087841272354,1.538326621055603
118.62728118896484,-0.06730441749095917,0.26648998260498047,76.10797119140625,0.045107703655958176,1.3795298337936401
118.66726684570312,-0.06863760948181152,0.2684211730957031,76.16725158691406,0.06481711566448212,1.5183680057525635
118.70731353759766,-0.06782938539981842,0.2713651657104492,76.22822570800781,0.05565505102276802,1.4319148063659668
118.74727630615234,-0.06542443484067917,0.2733478546142578,76.28378295898438,0.03886440396308899,1.356701135635376
118.78731536865234,-0.06360798329114914,0.2771577835083008,76.34371185302734,0.13044394552707672,1.4819506406784058
118.8272933959961,-0.06436049193143845,0.28388023376464844,76.40158081054688,0.12763755023479462,1.3219225406646729
118.8673324584961,-0.06622355431318283,0.2874031066894531,76.45428466796875,0.08904454857110977,1.3057644367218018
118.9073486328125,-0.0674758106470108,0.2931489944458008,76.51026916503906,0.19615459442138672,1.374211072921753
118.94738006591797,-0.06711986660957336,0.3013792037963867,76.56390380859375,0.19126065075397491,1.263492226600647
118.98736572265625,-0.06554963439702988,0.3061046600341797,76.61421966552734,0.06427061557769775,1.2213547229766846
119.02737426757812,-0.06389730423688889,0.31000328063964844,76.66954803466797,0.1385270655155182,1.389951229095459
119.0673828125,-0.06324178725481033,0.3175077438354492,76.72466278076172,0.19491763412952423,1.309985637664795
119.107421875,-0.06425787508487701,0.3240175247192383,76.77668762207031,0.08346465975046158,1.243865728378296
119.14740753173828,-0.0655893012881279,0.3260936737060547,76.83281707763672,0.06296373158693314,1.4283807277679443
119.18743896484375,-0.06656517088413239,0.3297109603881836,76.88902282714844,0.10149762779474258,1.3359441757202148
119.2274169921875,-0.0668632835149765,0.3323497772216797,76.94178771972656,0.03437170758843422,1.3002411127090454
119.26742553710938,-0.06662977486848831,0.33233642578125,76.99966430664062,-0.008113950490951538,1.4213615655899048
119.30746459960938,-0.06652861088514328,0.3333158493041992,77.05458068847656,0.04210100695490837,1.280720591545105
119.34744262695312,-0.0661931186914444,0.3349170684814453,77.10650634765625,0.03197856619954109,1.304089903831482
119.387451171875,-0.06543910503387451,0.3365135192871094,77.16416931152344,0.04571591317653656,1.4185874462127686
119.42745208740234,-0.06374981254339218,0.3378591537475586,77.21907043457031,0.011536937206983566,1.2837551832199097
119.46746063232422,-0.061956312507390976,0.33797264099121094,77.27461242675781,0.001665749354287982,1.4184436798095703
119.50750732421875,-0.06075636297464371,0.3389930725097656,77.33345031738281,0.02540890872478485,1.4188246726989746
119.5474853515625,-0.06040433421730995,0.3388242721557617,77.38614654541016,-0.027766475453972816,1.26321280002594
119.58751678466797,-0.06087382882833481,0.3377561569213867,77.44181823730469,0.008386412635445595,1.4237732887268066
119.62750244140625,-0.06199989467859268,0.3393573760986328,77.4989242553711,0.040314700454473495,1.3520166873931885
119.66751098632812,-0.06265711784362793,0.33875179290771484,77.55316925048828,-0.05966959148645401,1.3333895206451416
119.70752716064453,-0.06253892183303833,0.33751869201660156,77.61284637451172,0.0038651260547339916,1.4711480140686035
119.74752807617188,-0.06183011457324028,0.33780574798583984,77.66915130615234,-0.013167884200811386,1.331811785697937
119.78755950927734,-0.06041983887553215,0.3347911834716797,77.7261734008789,-0.07043368369340897,1.4767082929611206
119.82756042480469,-0.05922570824623108,0.33420753479003906,77.78511047363281,0.0182044580578804,1.4036664962768555
119.8675537109375,-0.05813198164105415,0.3343324661254883,77.83934020996094,-0.03560836985707283,1.3236737251281738
119.9075698852539,-0.05707782506942749,0.3317127227783203,77.89913177490234,-0.05787741020321846,1.484021544456482
119.94757843017578,-0.05636666342616081,0.33127880096435547,77.95633697509766,0.00962278712540865,1.352961778640747
119.98760986328125,-0.05675208568572998,0.3303079605102539,78.01296997070312,-0.04538562521338463,1.4439754486083984
120.027587890625,-0.057260334491729736,0.3284187316894531,78.07362365722656,-0.025715641677379608,1.4560126066207886
120.06763458251953,-0.05725729092955589,0.32747459411621094,78.12852478027344,-0.03600778803229332,1.337791085243225
120.10760498046875,-0.057096533477306366,0.32627201080322266,78.1889419555664,-0.014789169654250145,1.5119868516921997
120.14761352539062,-0.05728447437286377,0.32560157775878906,78.24737548828125,-0.009450671263039112,1.3579994440078735
120.1876220703125,-0.058542657643556595,0.3246316909790039,78.30269622802734,-0.013608237728476524,1.411373257637024
120.22765350341797,-0.06105837970972061,0.32518672943115234,78.36225891113281,0.03596724569797516,1.4516751766204834
120.26763153076172,-0.06393434852361679,0.3249187469482422,78.41605377197266,-0.01937863416969776,1.292145013809204
120.30764770507812,-0.06594902276992798,0.3245658874511719,78.47242736816406,0.03409339487552643,1.4545807838439941
120.34764862060547,-0.06615553796291351,0.32739734649658203,78.5307846069336,0.06112464889883995,1.36772620677948
120.38765716552734,-0.0643213540315628,0.328155517578125,78.58450317382812,-0.014440741389989853,1.316129207611084
120.42766571044922,-0.061730220913887024,0.3292045593261719,78.64315795898438,0.05874355882406235,1.4394619464874268
120.46768188476562,-0.05937295779585838,0.33217906951904297,78.69914245605469,0.05726553499698639,1.300628900527954
120.50772094726562,-0.0571509413421154,0.3321371078491211,78.75372314453125,-0.04475804418325424,1.363067388534546
120.5477066040039,-0.05593055114150047,0.33195972442626953,78.81228637695312,0.03808781877160072,1.4177004098892212
120.58771514892578,-0.055751681327819824,0.3357830047607422,78.86544036865234,0.07118140906095505,1.233686923980713
120.62774658203125,-0.05528828874230385,0.33688926696777344,78.91848754882812,0.0020249653607606888,1.3571697473526
120.667724609375,-0.05466143786907196,0.3385581970214844,78.97640991210938,0.08004355430603027,1.4310508966445923
120.70773315429688,-0.05448717251420021,0.34116172790527344,79.03021240234375,0.04618978127837181,1.3166604042053223
120.74777221679688,-0.05454888939857483,0.34113311767578125,79.08912658691406,-0.027898969128727913,1.4857513904571533
120.78775024414062,-0.05517306178808212,0.3400459289550781,79.14778137207031,-0.016056733205914497,1.3603100776672363
120.82782745361328,-0.055910274386405945,0.3392524719238281,79.20100402832031,-0.034331247210502625,1.319458246231079
120.86776733398438,-0.05596882477402687,0.33759498596191406,79.2596206665039,-0.030800748616456985,1.4435443878173828
120.90779876708984,-0.05555343255400658,0.33673095703125,79.31511688232422,-0.02426537126302719,1.302559494972229
120.94779205322266,-0.05491051450371742,0.33596229553222656,79.37173461914062,-0.010494439862668514,1.4669179916381836
120.9878158569336,-0.054420020431280136,0.3365030288696289,79.43174743652344,0.009331291541457176,1.4275003671646118
121.02780151367188,-0.05413598194718361,0.3354988098144531,79.4854736328125,-0.05425290763378143,1.2912261486053467
121.06783294677734,-0.05426919832825661,0.33400726318359375,79.54345703125,-0.007537409663200378,1.4515420198440552
121.1078109741211,-0.054664213210344315,0.33431148529052734,79.60009002685547,-0.0007087623234838247,1.3259021043777466
121.1478500366211,-0.05471419915556908,0.33228588104248047,79.65476989746094,-0.06055044010281563,1.3834773302078247
121.18782043457031,-0.055073752999305725,0.3318290710449219,79.71409606933594,0.03645060583949089,1.4640357494354248
121.22785949707031,-0.056233517825603485,0.3328437805175781,79.76817321777344,-0.0015407250029966235,1.2912575006484985
121.26783752441406,-0.0578136071562767,0.3315725326538086,79.82368469238281,-0.009957552887499332,1.4056077003479004
121.30787658691406,-0.0600673146545887,0.3336315155029297,79.8785400390625,0.08323734998703003,1.306412935256958
121.34786224365234,-0.061610158532857895,0.3358011245727539,79.92862701416016,0.022983593866229057,1.2181603908538818
121.38787841796875,-0.061581291258335114,0.3360919952392578,79.98380279541016,0.008342493325471878,1.3791452646255493
121.42788696289062,-0.06096961349248886,0.3392629623413086,80.03911590576172,0.12366849184036255,1.3175969123840332
121.4678955078125,-0.05994055047631264,0.34431934356689453,80.09046173095703,0.08466117084026337,1.2317583560943604
121.50792694091797,-0.05883773788809776,0.3466367721557617,80.14478302001953,0.047288499772548676,1.3463642597198486
121.54790496826172,-0.057887520641088486,0.34937095642089844,80.19798278808594,0.07945560663938522,1.2600802183151245
121.5879135131836,-0.057047028094530106,0.35212135314941406,80.2466049194336,0.05535000190138817,1.190070629119873
121.6279525756836,-0.05624937266111374,0.3548307418823242,80.29933166503906,0.07416292279958725,1.3230191469192505
121.66796112060547,-0.05552560091018677,0.35773372650146484,80.35250854492188,0.07192958891391754,1.2681050300598145
121.70794677734375,-0.05517265573143959,0.36037635803222656,80.4008560180664,0.06096454709768295,1.1772809028625488
121.74795532226562,-0.05528094246983528,0.36342811584472656,80.45304107666016,0.09091206640005112,1.3252873420715332
121.7879867553711,-0.05627290531992912,0.3660564422607422,80.5062026977539,0.04446840286254883,1.2798779010772705
121.82796478271484,-0.05744248628616333,0.3658447265625,80.5556411743164,-0.037078604102134705,1.1924101114273071
121.86799621582031,-0.05878033861517906,0.3648557662963867,80.6090316772461,0.004532555118203163,1.3620671033859253
121.9079818725586,-0.06043238937854767,0.3660449981689453,80.66419219970703,0.030289100483059883,1.3187001943588257
121.9480209350586,-0.061497051268815994,0.36482906341552734,80.71663665771484,-0.0703003853559494,1.2824190855026245
121.98799896240234,-0.06180104613304138,0.3625802993774414,80.77333068847656,-0.019689084962010384,1.3926304578781128
122.02800750732422,-0.06167374178767204,0.36249732971191406,80.82718658447266,-0.0026492190081626177,1.273064374923706
122.06803131103516,-0.060594286769628525,0.3584270477294922,80.87999725341797,-0.11220226436853409,1.3644968271255493
122.10801696777344,-0.05973000451922417,0.3560905456542969,80.93986511230469,-0.021690968424081802,1.4609289169311523
122.14803314208984,-0.05912486091256142,0.3546867370605469,80.99519348144531,-0.09648575633764267,1.3222895860671997
122.18804168701172,-0.058689530938863754,0.34890079498291016,81.05611419677734,-0.1397024542093277,1.5320969820022583
122.2280502319336,-0.05914340168237686,0.34363746643066406,81.11512756347656,-0.14436492323875427,1.3648271560668945
122.26805877685547,-0.06021464616060257,0.33585643768310547,81.17578887939453,-0.21585343778133392,1.5755741596221924
122.30809020996094,-0.061704352498054504,0.3279151916503906,81.23957824707031,-0.1642788052558899,1.4955363273620605
122.34806823730469,-0.06287861615419388,0.3198051452636719,81.3017578125,-0.18759362399578094,1.6333309412002563
122.38810729980469,-0.06291192770004272,0.3117656707763672,81.36807250976562,-0.20030850172042847,1.532517671585083
122.42808532714844,-0.06179331988096237,0.30295753479003906,81.43126678466797,-0.22226014733314514,1.645067572593689
122.46809387207031,-0.06002308800816536,0.29485321044921875,81.4981689453125,-0.20288218557834625,1.5271263122558594
122.50810241699219,-0.057910844683647156,0.2871055603027344,81.56002807617188,-0.17462985217571259,1.6045283079147339
122.54811096191406,-0.056238848716020584,0.28155994415283203,81.62814331054688,-0.1213868036866188,1.6195359230041504
122.58815002441406,-0.05491608381271362,0.27500438690185547,81.69268035888672,-0.17271527647972107,1.6503850221633911
122.62813568115234,-0.05392150208353996,0.2689857482910156,81.76129150390625,-0.11053626239299774,1.6325979232788086
122.66816711425781,-0.05266028642654419,0.2623863220214844,81.82292175292969,-0.18358060717582703,1.5532760620117188
122.7081527709961,-0.05093957111239433,0.25730323791503906,81.89144897460938,-0.07769005745649338,1.659630298614502

"--- SEND COMMAND: Mode=balance, Value=0.0 ---"
122.74818420410156,-0.04920315742492676,0.2538175582885742,81.95413970947266,-0.11705528199672699,1.5283502340316772
122.78816223144531,-0.04771637171506882,0.24970531463623047,82.02378845214844,-0.07451477646827698,1.6917674541473389
122.82820129394531,-0.04766712710261345,0.24802589416503906,82.0853042602539,-0.010236921720206738,1.4714555740356445
122.86820983886719,-0.04987841099500656,0.25158214569091797,82.15068054199219,0.18041089177131653,1.6821484565734863
122.9081802368164,-0.0543099045753479,0.26450347900390625,82.21587371826172,0.4732198417186737,1.6075481176376343
122.94822692871094,-0.06159118935465813,0.29488086700439453,82.28234100341797,0.8752366900444031,1.6522139310836792
122.98823547363281,-0.06902028620243073,0.3387317657470703,82.34745788574219,1.3025575876235962,1.6927225589752197
123.02820587158203,-0.0761031061410904,0.4013690948486328,82.41219329833984,1.7759411334991455,1.670722484588623
123.06827545166016,-0.08170317113399506,0.4807720184326172,82.47579193115234,2.1651926040649414,1.670379638671875
123.10823059082031,-0.08547528088092804,0.577662467956543,82.54087829589844,2.644012689590454,1.7297875881195068
123.14826202392578,-0.08895304799079895,0.6962423324584961,82.60374450683594,3.2372028827667236,1.6252533197402954
123.18826293945312,-0.09389381110668182,0.8401470184326172,82.66546630859375,3.896636962890625,1.8066380023956299
123.228271484375,-0.09935534745454788,1.0375337600708008,82.74728393554688,4.809516429901123,1.5579748153686523
123.26824951171875,-0.10080040991306305,1.249678611755371,82.8080062866211,5.729554176330566,1.6243863105773926
123.30825805664062,-0.09581084549427032,1.5010986328125,82.87063598632812,6.74619197845459,1.8226728439331055
123.34825897216797,-0.08149353414773941,1.7932496070861816,82.93580627441406,7.764896392822266,1.8574581146240234
123.38825988769531,-0.058788273483514786,2.1251320838928223,83.00055694580078,8.748502731323242,2.0547780990600586
123.42829895019531,-0.024742383509874344,2.490116596221924,83.07010650634766,9.494519233703613,2.20693302154541
123.46826934814453,0.017836086452007294,2.876863956451416,83.13861846923828,9.876297950744629,1.9827594757080078
123.50830841064453,0.06574105471372604,-2.968146324157715,76.97694396972656,9.645641326904297,1.9141755104064941
123.54828643798828,0.09579632431268692,-2.5985937118530273,77.05052947998047,8.887838363647461,1.770029067993164
123.58829498291016,0.10865189135074615,-2.2675580978393555,77.12116241455078,7.725916385650635,1.7801713943481445
123.62830352783203,0.10950917750597,-1.986302375793457,77.18602752685547,6.405848503112793,1.4532246589660645
123.66834259033203,0.10455162078142166,-1.760148048400879,77.25162506103516,5.006100654602051,1.3260159492492676
123.70832824707031,0.09792870283126831,-1.5894899368286133,77.31759643554688,3.6399788856506348,1.3639748096466064
123.74835968017578,0.09226126223802567,-1.4738740921020508,77.37982940673828,2.2931346893310547,1.4425044059753418
123.7883529663086,0.08881821483373642,-1.4101800918579102,77.44400024414062,1.0619133710861206,1.4124876260757446
123.82837677001953,0.08741452544927597,-1.3915319442749023,77.50939178466797,-0.122113898396492,1.3853660821914673
123.86839294433594,0.08786948025226593,-1.4203462600708008,77.56896209716797,-1.1833338737487793,1.1854767799377441
123.90837860107422,0.09023094922304153,-1.4906530380249023,77.63213348388672,-2.2180328369140625,1.2219390869140625
123.94841003417969,0.09410107880830765,-1.6022634506225586,77.69087982177734,-3.2646892070770264,1.0984251499176025
123.98838806152344,0.09859064221382141,-1.7549371719360352,77.75782012939453,-4.271720886230469,1.4810638427734375
124.02842712402344,0.10218662768602371,-1.9469194412231445,77.81698608398438,-5.218455791473389,1.083463191986084
124.06841278076172,0.1028670221567154,-2.1753969192504883,77.87487030029297,-6.067554473876953,0.9666862487792969
124.10844421386719,0.096015065908432,-2.467923164367676,77.90026092529297,-6.800254821777344,1.0942459106445312
124.1484603881836,0.0810549408197403,-2.7485837936401367,77.95387268066406,-7.153786659240723,1.1829538345336914
124.1884994506836,0.05915351212024689,-3.0348291397094727,78.00761413574219,-7.145724296569824,1.3533029556274414
124.22844696044922,0.03364589810371399,2.9715523719787598,84.34048461914062,-6.747401237487793,1.1540908813476562
124.26846313476562,0.008511843159794807,2.718496799468994,84.39584350585938,-6.009808540344238,1.1941375732421875
124.3084716796875,-0.013056514784693718,2.5001683235168457,84.45000457763672,-5.030165672302246,1.3148036003112793
124.34848022460938,-0.029092442244291306,2.324039936065674,84.50222778320312,-3.9022164344787598,1.3703794479370117
124.38848876953125,-0.04039091616868973,2.1814122200012207,84.54481506347656,-2.557478427886963,1.7350502014160156
124.42849731445312,-0.04585455358028412,2.1058201789855957,84.60301971435547,-1.3283177614212036,1.6609259843826294
124.4685287475586,-0.04697173088788986,2.079245090484619,84.65814208984375,-0.13449668884277344,1.446279764175415
124.50853729248047,-0.04420970752835274,2.0997567176818848,84.71382904052734,1.0628397464752197,1.5955671072006226
124.54852294921875,-0.03796857222914696,2.166719913482666,84.76862335205078,2.1486220359802246,1.533182144165039
124.58853149414062,-0.029295340180397034,2.270735263824463,84.8261489868164,2.999523401260376,1.6442002058029175
124.62853240966797,-0.018130838871002197,2.405905246734619,84.87977600097656,3.7551591396331787,1.4616422653198242
124.66854095458984,-0.0030150199308991432,2.5903515815734863,84.95759582519531,4.429763317108154,1.607835054397583
124.70854949951172,0.011291133239865303,2.774803638458252,85.0139389038086,4.842747211456299,1.7620165348052979
124.74858856201172,0.025094805285334587,2.9699864387512207,85.07044219970703,5.016744613647461,1.746192455291748
124.78860473632812,0.038426708430051804,-3.1165361404418945,78.84336853027344,4.928738117218018,1.6876115798950195
124.82858276367188,0.05113060772418976,-2.9279356002807617,78.90229034423828,4.604262351989746,1.661207675933838
124.86861419677734,0.0632505789399147,-2.7572221755981445,78.96126556396484,4.071342945098877,1.3404018878936768
124.90859985351562,0.07382665574550629,-2.6122026443481445,79.02205657958984,3.3354403972625732,1.513588547706604
124.9486083984375,0.0818946436047554,-2.497939109802246,79.0792007446289,2.521921157836914,1.3751806020736694
124.98861694335938,0.08792407810688019,-2.410834312438965,79.14585876464844,1.4829014539718628,1.2715368270874023
125.02864837646484,0.09086892008781433,-2.370985984802246,79.2016830444336,0.6870403289794922,1.319850206375122
125.06863403320312,0.09244811534881592,-2.359917640686035,79.25997161865234,0.052043262869119644,1.4273401498794556
125.1086654663086,0.09199391305446625,-2.3787050247192383,79.31369018554688,-0.7850843071937561,1.1817553043365479
125.14865112304688,0.0896795392036438,-2.4265031814575195,79.37246704101562,-1.4639922380447388,1.240554928779602
125.18869018554688,0.08517763763666153,-2.4995946884155273,79.4246597290039,-2.0789482593536377,1.3243935108184814
125.22866821289062,0.07899144291877747,-2.595320701599121,79.47953033447266,-2.5991837978363037,1.3949158191680908
125.26870727539062,0.0719369575381279,-2.724209785461426,79.5176773071289,-3.0331063270568848,1.2344908714294434
125.30872344970703,0.06662148237228394,-2.851447105407715,79.56834411621094,-3.249859094619751,1.1017343997955322
125.34871673583984,0.06150783225893974,-2.9838132858276367,79.6170425415039,-3.3096370697021484,0.9901318550109863
125.38870239257812,0.054673418402671814,-3.114413261413574,79.67033386230469,-3.1890366077423096,1.3013384342193604
125.4287338256836,0.04571158066391945,3.0462841987609863,86.0050277709961,-2.9278249740600586,1.3425183296203613
125.46871185302734,0.035255592316389084,2.9382214546203613,86.0542984008789,-2.5135529041290283,1.3692290782928467
125.50875091552734,0.02456468716263771,2.8489327430725098,86.10546875,-1.9941996335983276,1.4079293012619019
125.54873657226562,0.014189987443387508,2.7750515937805176,86.14501190185547,-1.3261957168579102,1.315077543258667

"--- SEND COMMAND: Mode=balance, Value=0.0 ---"
125.5887680053711,0.00850599817931652,2.7357659339904785,86.19783782958984,-0.7110603451728821,1.2559576034545898
125.62875366210938,0.007852678187191486,2.7214016914367676,86.24939727783203,-0.0362531803548336,1.4518951177597046
125.66878509521484,0.011350000277161598,2.734957218170166,86.3033447265625,0.6513264179229736,1.4198861122131348
125.70877075195312,0.017413530498743057,2.774357318878174,86.355224609375,1.2822692394256592,1.3972607851028442
125.748779296875,0.02389252558350563,2.83512544631958,86.40697479248047,1.704087257385254,1.37002694606781
125.78878021240234,0.029991906136274338,2.908237934112549,86.45822143554688,1.9550154209136963,1.3541278839111328
125.82878875732422,0.03631442040205002,2.999542713165283,86.51945495605469,2.124028444290161,1.3354949951171875
125.8687973022461,0.04288569092750549,3.084557056427002,86.57127380371094,2.144665241241455,1.3599838018417358
125.90882873535156,0.05035586655139923,-3.1164045333862305,80.34076690673828,2.0162785053253174,1.326115608215332
125.94881439208984,0.057756371796131134,-3.0427064895629883,80.39224243164062,1.739115834236145,1.2660242319107056
125.98885345458984,0.06380167603492737,-2.981907844543457,80.44204711914062,1.3838231563568115,1.221144437789917
126.02883911132812,0.06795184314250946,-2.9358930587768555,80.4915542602539,1.0308316946029663,1.2118791341781616
126.06884765625,0.07037866115570068,-2.901364326477051,80.53981018066406,0.7750095129013062,1.1743767261505127
126.10885620117188,0.07150648534297943,-2.877163887023926,80.5866470336914,0.5088468194007874,1.1295654773712158
126.14888763427734,0.07162891328334808,-2.8616819381713867,80.63404846191406,0.2469189465045929,1.0991899967193604
126.18888092041016,0.0714564174413681,-2.856684684753418,80.68197631835938,0.05094609409570694,1.164872646331787
126.22891235351562,0.07137668132781982,-2.85922908782959,80.72893524169922,-0.16897346079349518,1.0641534328460693
126.2688980102539,0.07117042690515518,-2.872420310974121,80.76898956298828,-0.4287410378456116,0.9552586674690247
126.30891418457031,0.07016564905643463,-2.8941030502319336,80.8135757446289,-0.593888521194458,1.0809426307678223
126.34892272949219,0.0690418928861618,-2.922043800354004,80.85327911376953,-0.7615887522697449,0.8919489979743958
126.38896179199219,0.06782333552837372,-2.9567975997924805,80.89628601074219,-0.9071391224861145,1.0812437534332275
126.42901611328125,0.0668920949101448,-2.9995431900024414,80.93071746826172,-0.9636119604110718,0.8721858263015747
126.46897888183594,0.06622297316789627,-3.040053367614746,80.9728012084961,-1.012731671333313,1.0491970777511597
126.50898742675781,0.06568845361471176,-3.0804014205932617,81.00859832763672,-0.9825823307037354,0.8315653800964355
126.54896545410156,0.06474459171295166,-3.1187543869018555,81.05049133300781,-0.9242998361587524,1.0298066139221191
126.58899688720703,0.06361125409603119,3.129650592803955,87.36727905273438,-0.7842515707015991,0.8086159229278564
126.62902069091797,0.062220498919487,3.101564884185791,87.40486907958984,-0.6296274662017822,0.944942831993103
126.66900634765625,0.06063167750835419,3.0785470008850098,87.43885803222656,-0.5049563050270081,0.7834548354148865
126.70903778076172,0.058890774846076965,3.0613484382629395,87.4697494506836,-0.25719353556632996,0.8999618291854858
126.7490234375,0.0581090971827507,3.056042194366455,87.50648498535156,-0.04645311459898949,0.8955925703048706
126.78905487060547,0.057986337691545486,3.0591092109680176,87.54080963134766,0.16824352741241455,0.8511303663253784
126.82903289794922,0.05902574583888054,3.068512439727783,87.57179260253906,0.2995814383029938,0.7764180898666382
126.8690414428711,0.06116648018360138,3.082571506500244,87.60082244873047,0.41431841254234314,0.729546308517456
126.90904998779297,0.06402835994958878,3.100536823272705,87.62723541259766,0.5081081986427307,0.6703588962554932
126.94905090332031,0.06708148866891861,3.122009754180908,87.65074920654297,0.5998319387435913,0.6100684404373169
126.98908996582031,0.06965338438749313,-3.137904167175293,81.38919067382812,0.5770142078399658,0.5388144850730896
127.02906799316406,0.07148751616477966,-3.1152257919311523,81.41177368164062,0.47082266211509705,0.4821648895740509
127.06907653808594,0.07238604128360748,-3.096980094909668,81.4309310913086,0.4736182987689972,0.4952683746814728
127.1091079711914,0.07243050634860992,-3.07802677154541,81.4499740600586,0.4903101921081543,0.4904528558254242
127.14909362792969,0.0716974064707756,-3.0586233139038086,81.46952819824219,0.49175921082496643,0.4972519874572754
127.18912506103516,0.07018543034791946,-3.039109230041504,81.48971557617188,0.5021213889122009,0.5185640454292297
127.22911071777344,0.06840287894010544,-3.018918037414551,81.51119232177734,0.5094090104103088,0.5490354299545288
127.26911926269531,0.06821075081825256,-2.9989633560180664,81.53394317626953,0.4894412159919739,0.5719041228294373
127.30915069580078,0.07125888764858246,-2.979010581970215,81.5590591430664,0.41650664806365967,0.5647400617599487
127.34913635253906,0.07624678313732147,-2.965060234069824,81.58143615722656,0.3200085461139679,0.5538792610168457
127.38916778564453,0.08140259236097336,-2.955569267272949,81.60367584228516,0.20452606678009033,0.5542799830436707
127.42915344238281,0.08547211438417435,-2.9505510330200195,81.62596130371094,0.08664405345916748,0.5371581315994263
127.46916961669922,0.08848726004362106,-2.950436592102051,81.64768981933594,-0.0487215518951416,0.5107919573783875
127.50917053222656,0.0905568078160286,-2.956143379211426,81.66905975341797,-0.1980278342962265,0.49958956241607666
127.54922485351562,0.09142114967107773,-2.9683351516723633,81.68745422363281,-0.36148229241371155,0.4154593050479889
127.58917999267578,0.09073564410209656,-2.989956855773926,81.70237731933594,-0.5409235954284668,0.4073995351791382
127.62922668457031,0.08860000967979431,-3.0129079818725586,81.72325134277344,-0.5753297209739685,0.5177671313285828
127.66920471191406,0.08529447019100189,-3.0357542037963867,81.74317169189453,-0.5611180663108826,0.4542953372001648
127.7092514038086,0.08125519752502441,-3.058220863342285,81.75835418701172,-0.5663614273071289,0.3317064046859741
127.74922943115234,0.07698345929384232,-3.081467628479004,81.77384948730469,-0.5960697531700134,0.392200767993927
127.78926086425781,0.07345271110534668,-3.1043920516967773,81.79300689697266,-0.543748676776886,0.466350257396698
127.8292465209961,0.07215249538421631,-3.124232292175293,81.81111907958984,-0.4497637152671814,0.42155367136001587
127.86925506591797,0.07292857021093369,-3.14083194732666,81.82606506347656,-0.36544549465179443,0.37215501070022583
127.90926361083984,0.07488180696964264,3.1277832984924316,88.12316131591797,-0.26597872376441956,0.4130203425884247
127.94927215576172,0.07666272670030594,3.1187844276428223,88.14110565185547,-0.16909728944301605,0.46381962299346924
127.98930358886719,0.07797663658857346,3.1141724586486816,88.15863800048828,-0.05796794220805168,0.42971155047416687
128.02928161621094,0.07844798266887665,3.1155362129211426,88.17513275146484,0.12217812240123749,0.4325196146965027
128.06932067871094,0.07837080955505371,3.1237549781799316,88.19100189208984,0.2736535370349884,0.40530169010162354
128.1092987060547,0.07805446535348892,3.137789249420166,88.20626068115234,0.4151279330253601,0.4026443660259247
128.1493377685547,0.07782107591629028,-3.1283864974975586,81.93817138671875,0.42438775300979614,0.38005325198173523
128.18931579589844,0.07870063185691833,-3.1111326217651367,81.95511627197266,0.3563077747821808,0.3670436441898346
128.22935485839844,0.08066529780626297,-3.097519874572754,81.9697265625,0.35651254653930664,0.3749525547027588
128.2693328857422,0.08341347426176071,-3.083348274230957,81.98405456542969,0.36532872915267944,0.36083465814590454
128.30934143066406,0.08570617437362671,-3.0693349838256836,81.99807739257812,0.3409293591976166,0.3409293591976166
128.34938049316406,0.08702700585126877,-3.0559492111206055,82.0119400024414,0.3400619626045227,0.35375821590423584
128.3893585205078,0.08745981752872467,-3.0429372787475586,82.02557373046875,0.3270818293094635,0.34687721729278564
128.4293975830078,0.08769971877336502,-3.030484199523926,82.03883361816406,0.30837514996528625,0.33819305896759033
